{
"type": "FeatureCollection",
"name": "asentamientos_informales",
"crs": { "type": "name", "properties": { "name": "urn:ogc:def:crs:OGC:1.3:CRS84" } },
"features": [
{ "type": "Feature", "properties": { "id": 4, "nombre": "LOS ARENALES" }, "geometry": { "type": "MultiPolygon", "coordinates": [ [ [ [ -60.498198334998555, -31.709647905241411 ], [ -60.498154447726385, -31.709408305162878 ], [ -60.498106663083483, -31.709169091412832 ], [ -60.498055001829819, -31.708930367767021 ], [ -60.497999486406812, -31.70869223778849 ], [ -60.497900773719579, -31.70847749515039 ], [ -60.497796528052902, -31.70826464841446 ], [ -60.497686806550384, -31.708053814178811 ], [ -60.497571669354059, -31.707845107938461 ], [ -60.497566939354506, -31.707839292662463 ], [ -60.497560714262839, -31.707834608511583 ], [ -60.497553354831545, -31.707831326938571 ], [ -60.49754528754945, -31.707829638114912 ], [ -60.497536979926117, -31.707829639910212 ], [ -60.497528913399272, -31.707831332220287 ], [ -60.497015038978567, -31.708146267981753 ], [ -60.496688251960805, -31.708477350668076 ], [ -60.496581418783059, -31.708585587495868 ], [ -60.496560154153229, -31.70861186895101 ], [ -60.496554360978301, -31.708620536122339 ], [ -60.496551208796227, -31.708630147848037 ], [ -60.496550887078598, -31.708640126388321 ], [ -60.496553415164101, -31.708649871954723 ], [ -60.496604223395401, -31.708725301878776 ], [ -60.496659876434762, -31.708798213378614 ], [ -60.496720192969711, -31.708868368901037 ], [ -60.496784976492485, -31.708935539871568 ], [ -60.496854015939874, -31.708999507439369 ], [ -60.496927086381106, -31.709060063190279 ], [ -60.497003949750443, -31.709117009825931 ], [ -60.497084355622981, -31.709170161806572 ], [ -60.497117623680694, -31.709196598141222 ], [ -60.497146960100686, -31.709226238576743 ], [ -60.49717194480985, -31.709258658690704 ], [ -60.497192220046252, -31.709293394257788 ], [ -60.497207495482087, -31.709329947897174 ], [ -60.497217552381223, -31.709367796194311 ], [ -60.497219677221374, -31.709380070320904 ], [ -60.497225251390724, -31.709391526606336 ], [ -60.497233935851796, -31.709401468243108 ], [ -60.497245202388882, -31.709409290549171 ], [ -60.497441797051088, -31.709498874699527 ], [ -60.497639750026934, -31.709586394506253 ], [ -60.497838933748618, -31.709671793567193 ], [ -60.498039219854398, -31.709755016847073 ], [ -60.498068441479433, -31.709758174805636 ], [ -60.498097750057433, -31.70975567000573 ], [ -60.498125599890734, -31.709747634547494 ], [ -60.498150522214765, -31.709734492210909 ], [ -60.498171202659485, -31.709716936106162 ], [ -60.498186550567901, -31.709695892119413 ], [ -60.498195756515699, -31.709672470082452 ], [ -60.498198334998555, -31.709647905241411 ] ] ], [ [ [ -60.49594679001045, -31.709627112987601 ], [ -60.496212551745423, -31.709592226804624 ], [ -60.496779204908727, -31.709492947664231 ], [ -60.496979694692307, -31.709418733624137 ], [ -60.497034739447585, -31.70937489329264 ], [ -60.497036466445863, -31.709372057777191 ], [ -60.497037519202721, -31.709368479382878 ], [ -60.497037574182528, -31.709364789850053 ], [ -60.497036628397417, -31.709361189691172 ], [ -60.497034733247396, -31.709357874561359 ], [ -60.497031759842685, -31.709354783571332 ], [ -60.496739450195193, -31.70913674350512 ], [ -60.496428361870933, -31.708966421142563 ], [ -60.496342181236315, -31.708919041086595 ], [ -60.496331902870736, -31.708917236301922 ], [ -60.496321041783581, -31.708918039499942 ], [ -60.496310947042765, -31.708921449216241 ], [ -60.496302591000287, -31.708927082831416 ], [ -60.496107205034512, -31.709181743969797 ], [ -60.495842374904512, -31.709534153922405 ], [ -60.495796182695827, -31.709593655546669 ], [ -60.495795187828982, -31.709598416400425 ], [ -60.495795866695076, -31.709603802724025 ], [ -60.495798284441143, -31.709608810453215 ], [ -60.495800522678309, -31.709611198285245 ], [ -60.49594679001045, -31.709627112987601 ] ] ], [ [ [ -60.494737850110674, -31.710467476763107 ], [ -60.4947462834863, -31.710466198788406 ], [ -60.495660967964021, -31.710226412198146 ], [ -60.496140869683707, -31.710113428891241 ], [ -60.496617635635246, -31.709998760203671 ], [ -60.496632768638115, -31.709990401389899 ], [ -60.496646584741875, -31.709979594851667 ], [ -60.496658104280499, -31.709966970322348 ], [ -60.496667256100608, -31.709952483142498 ], [ -60.496834959731807, -31.709636268539498 ], [ -60.496833818223124, -31.709633913915038 ], [ -60.496831940510404, -31.709631971110909 ], [ -60.496829527863447, -31.709630619293243 ], [ -60.496826821289865, -31.709629962287156 ], [ -60.496821314039245, -31.709630103770927 ], [ -60.496665943589278, -31.709606005072221 ], [ -60.496086308112858, -31.709689265941073 ], [ -60.49565452216499, -31.70969480290459 ], [ -60.495636306628036, -31.709695115866285 ], [ -60.4956187330137, -31.709697117544025 ], [ -60.495601481076811, -31.709700791235605 ], [ -60.495585862322862, -31.709705747632814 ], [ -60.495367313144897, -31.709856604496448 ], [ -60.495148659504515, -31.71000991258316 ], [ -60.494931350778664, -31.710164669913006 ], [ -60.494715839824607, -31.710320550494469 ], [ -60.494707389041089, -31.710327808060338 ], [ -60.494701960416641, -31.710335979337902 ], [ -60.494699263879056, -31.710345048303378 ], [ -60.49469950430796, -31.710355249904943 ], [ -60.494709794935872, -31.710448503566628 ], [ -60.494712446701953, -31.710454858222313 ], [ -60.494716953685973, -31.710460216755031 ], [ -60.494723020920354, -31.710464298297349 ], [ -60.494730173146166, -31.710466783143644 ], [ -60.494737850110674, -31.710467476763107 ] ] ], [ [ [ -60.494921642369256, -31.705206372514152 ], [ -60.494939353585323, -31.705748017797728 ], [ -60.495701641570719, -31.706014267876839 ], [ -60.495985247626223, -31.706221360206666 ], [ -60.49619163467365, -31.706395879462015 ], [ -60.496294828513065, -31.706483138978165 ], [ -60.4968494401379, -31.706941199904652 ], [ -60.497069022035269, -31.707181412108973 ], [ -60.497198191805083, -31.707323357761773 ], [ -60.497417483079943, -31.707508782308352 ], [ -60.497546887840166, -31.707694557208445 ], [ -60.497714640798499, -31.70784730941433 ], [ -60.49776783884176, -31.707995486364929 ], [ -60.497936236734027, -31.70826876967633 ], [ -60.49806611216038, -31.708542203241819 ], [ -60.498157874709129, -31.70889248897393 ], [ -60.498236620992678, -31.709209952588601 ], [ -60.498277019681055, -31.709560438880978 ], [ -60.49829062264763, -31.709702834915927 ], [ -60.49831689127128, -31.70981230854423 ], [ -60.498394173767075, -31.709855837007606 ], [ -60.49867703522402, -31.709920476843035 ], [ -60.498998538575371, -31.710006880085992 ], [ -60.499179320713623, -31.710008855692244 ], [ -60.499068945507489, -31.709793814126876 ], [ -60.498878807313979, -31.708988548467801 ], [ -60.498804284590122, -31.708688575547388 ], [ -60.498755625901076, -31.708492710842119 ], [ -60.498713323697991, -31.708322432045019 ], [ -60.498655755199543, -31.708070903541046 ], [ -60.498626735618203, -31.707944222369875 ], [ -60.498447912453287, -31.707163585283766 ], [ -60.498608059253904, -31.707123140013923 ], [ -60.498455455989443, -31.706869900488304 ], [ -60.497412029580047, -31.706291909034018 ], [ -60.496446630290883, -31.705857365675016 ], [ -60.495700039804639, -31.705517317123785 ], [ -60.494921642369256, -31.705206372514152 ] ] ] ] } },
{ "type": "Feature", "properties": { "id": 6, "nombre": "COLINAS DEL SUR" }, "geometry": { "type": "MultiPolygon", "coordinates": [ [ [ [ -60.51071978562976, -31.773952702828183 ], [ -60.510488837220983, -31.774586732986535 ], [ -60.511049413909248, -31.774762141741061 ], [ -60.511252082468303, -31.77448676786921 ], [ -60.511239104770894, -31.77418964857015 ], [ -60.51071978562976, -31.773952702828183 ] ] ] ] } },
{ "type": "Feature", "properties": { "id": 7, "nombre": "ANTARTIDA ARGENTINA" }, "geometry": { "type": "MultiPolygon", "coordinates": [ [ [ [ -60.55449549351264, -31.728648759457041 ], [ -60.554500008637653, -31.728658153431443 ], [ -60.55451236131276, -31.72868385090441 ], [ -60.554520181382934, -31.728698192161968 ], [ -60.555135469502829, -31.729826096672767 ], [ -60.555176291988886, -31.729871822213209 ], [ -60.55525672423736, -31.729958605856499 ], [ -60.555306525973876, -31.730012338559781 ], [ -60.555309397775979, -31.730016131785945 ], [ -60.555330785815151, -31.730044401642004 ], [ -60.555398663677629, -31.730104195703404 ], [ -60.555427759849088, -31.730129825074908 ], [ -60.555467747491583, -31.730168132582701 ], [ -60.555534499378268, -31.730232070779664 ], [ -60.555562081084346, -31.730258491646499 ], [ -60.555583705772008, -31.730276858023906 ], [ -60.555609498525868, -31.730298768672096 ], [ -60.555650860369973, -31.730333895196495 ], [ -60.555711566553768, -31.730385459356452 ], [ -60.555722476006487, -31.730395963163431 ], [ -60.555765124600875, -31.730437005665109 ], [ -60.555870853438016, -31.73053877164887 ], [ -60.555880415571295, -31.730547974024329 ], [ -60.555921621318078, -31.730587015312199 ], [ -60.555945855944984, -31.730609509546127 ], [ -60.555970823112801, -31.730632695234366 ], [ -60.556041273118623, -31.73070613136786 ], [ -60.556076205778098, -31.730679982828907 ], [ -60.556105478856075, -31.730658072034593 ], [ -60.556168455388232, -31.730610928459075 ], [ -60.556195410609909, -31.730590752283987 ], [ -60.556311247172182, -31.730504041377802 ], [ -60.556317675613606, -31.730509707614569 ], [ -60.556352653650563, -31.730540542473175 ], [ -60.55638622287448, -31.73057013507534 ], [ -60.556403650135643, -31.730585399193206 ], [ -60.556411084433456, -31.730589857774174 ], [ -60.556554412989641, -31.730703405224681 ], [ -60.556650000804794, -31.730780834225978 ], [ -60.556722483356616, -31.730855235377486 ], [ -60.556743154324913, -31.730876464150153 ], [ -60.556766002632543, -31.730899929750798 ], [ -60.556793129058669, -31.730936606464748 ], [ -60.55685444421394, -31.731035116566478 ], [ -60.556897628435721, -31.731104955866748 ], [ -60.556934894462977, -31.731174974583045 ], [ -60.556957895183807, -31.731225728602986 ], [ -60.55695566600911, -31.731241096696692 ], [ -60.556978502937888, -31.731294502893245 ], [ -60.556978769536705, -31.731316136738602 ], [ -60.556976930912185, -31.731328103613688 ], [ -60.556951772251963, -31.731336393074837 ], [ -60.556739801167659, -31.731406210437672 ], [ -60.556824512646841, -31.731579255141988 ], [ -60.556851748922604, -31.731591834234397 ], [ -60.557057957281287, -31.731541142658511 ], [ -60.557142996113271, -31.731525430785304 ], [ -60.557304159682175, -31.731478533920651 ], [ -60.55749069474507, -31.731418696250284 ], [ -60.557579723207255, -31.731230488192182 ], [ -60.557631818528897, -31.730954647161376 ], [ -60.557495347895006, -31.730603072057029 ], [ -60.557257637384261, -31.73029957279018 ], [ -60.557036318653893, -31.730237593606049 ], [ -60.556713302634385, -31.730147134320855 ], [ -60.556323419599941, -31.72989432337674 ], [ -60.556056659630769, -31.729529367630239 ], [ -60.555694444062567, -31.729033815191418 ], [ -60.555504787818236, -31.728774340172681 ], [ -60.555208285395544, -31.728622511857608 ], [ -60.554768923542753, -31.728547865858722 ], [ -60.554500752162944, -31.728640904928398 ], [ -60.55449549351264, -31.728648759457041 ] ] ] ] } },
{ "type": "Feature", "properties": { "id": 8, "nombre": "25 DE MAYO" }, "geometry": { "type": "MultiPolygon", "coordinates": [ [ [ [ -60.499708392182917, -31.747098749259109 ], [ -60.49959464842874, -31.74708098616011 ], [ -60.499529536418599, -31.747385435598368 ], [ -60.49962553683006, -31.747542162188598 ], [ -60.499659128440534, -31.747597002419162 ], [ -60.499698533759826, -31.747661333767265 ], [ -60.499669555832618, -31.747802986633808 ], [ -60.499650885704796, -31.747894251635991 ], [ -60.499625075483983, -31.748020419193402 ], [ -60.49958799572012, -31.748201674829044 ], [ -60.499557932347003, -31.748348631990126 ], [ -60.499453046678113, -31.748489711363344 ], [ -60.499391512516389, -31.748572479353349 ], [ -60.499519938816462, -31.749041791654154 ], [ -60.499574951698072, -31.749242825433992 ], [ -60.499945728792554, -31.748967285398184 ], [ -60.500125818670426, -31.748833452068823 ], [ -60.500287563702344, -31.748713251120964 ], [ -60.500297877031713, -31.748407491074872 ], [ -60.500411034951696, -31.748316001271316 ], [ -60.499708392182917, -31.747098749259109 ] ] ] ] } },
{ "type": "Feature", "properties": { "id": 9, "nombre": "CANTERA YATAY" }, "geometry": { "type": "MultiPolygon", "coordinates": [ [ [ [ -60.506658842066528, -31.727247021170559 ], [ -60.506638730553213, -31.727163768586124 ], [ -60.506582609681594, -31.726919390179955 ], [ -60.506001771956562, -31.727147412360488 ], [ -60.505898634023083, -31.727187901308724 ], [ -60.505703033549885, -31.727255348876071 ], [ -60.50630549681334, -31.727014781257569 ], [ -60.50616050193603, -31.726422570435005 ], [ -60.505999696135291, -31.726446134304528 ], [ -60.505940833134012, -31.726190912907036 ], [ -60.505600152692054, -31.726254490845154 ], [ -60.505651138051014, -31.726470442877059 ], [ -60.505609882647583, -31.727287469322238 ], [ -60.505607082750522, -31.727288434785933 ], [ -60.505669299742166, -31.727522466278817 ], [ -60.505675008966314, -31.727565371375476 ], [ -60.505637780278931, -31.727621180830333 ], [ -60.505605926400136, -31.727691353356875 ], [ -60.505459973116288, -31.727795429313797 ], [ -60.505304285689988, -31.727914357269849 ], [ -60.505320411861995, -31.728033767826027 ], [ -60.505461876777765, -31.728299766044497 ], [ -60.505373264685645, -31.728424969537013 ], [ -60.505387948671057, -31.728522563447111 ], [ -60.505454753692867, -31.728637833125983 ], [ -60.505461762934679, -31.728765436934086 ], [ -60.505394371066252, -31.72888226623439 ], [ -60.505484205257268, -31.729004580251068 ], [ -60.505578377661962, -31.729100237507101 ], [ -60.505634165962022, -31.729123841305597 ], [ -60.505709987935987, -31.729162684669532 ], [ -60.505794911120802, -31.729189748493333 ], [ -60.50586608731534, -31.729216867039913 ], [ -60.506301481718893, -31.729413550884374 ], [ -60.506047764577303, -31.728423422953981 ], [ -60.506195892803042, -31.728396061542504 ], [ -60.506151660373668, -31.728197588153616 ], [ -60.506252957541577, -31.728182334096058 ], [ -60.506279790173551, -31.728128708735209 ], [ -60.506269847947486, -31.728091498042449 ], [ -60.506314836826796, -31.72800369112365 ], [ -60.506312545437268, -31.727986465462166 ], [ -60.506309128277636, -31.727960776741934 ], [ -60.506338560644743, -31.72795646985432 ], [ -60.506342526717276, -31.727891080683381 ], [ -60.506381320671352, -31.727886257070971 ], [ -60.506392796756806, -31.727838954892142 ], [ -60.50634481365497, -31.727824409384379 ], [ -60.506221866952743, -31.727781407614312 ], [ -60.506128961939361, -31.727748916571496 ], [ -60.506153581663767, -31.727710643786157 ], [ -60.506170469108064, -31.727684387198309 ], [ -60.506199797220937, -31.72763879979458 ], [ -60.506247279689397, -31.727549635362113 ], [ -60.506295561306437, -31.727564774939129 ], [ -60.506349677399925, -31.727581758137173 ], [ -60.506479984111287, -31.727622585943308 ], [ -60.506554358192723, -31.727547306161039 ], [ -60.506574927424381, -31.727507371962151 ], [ -60.50667042703158, -31.727365905928767 ], [ -60.506435400580941, -31.727397937560649 ], [ -60.506402197891312, -31.727402344207171 ], [ -60.506381335793442, -31.727411716071146 ], [ -60.506340989815854, -31.727398673354262 ], [ -60.506329946362392, -31.727289428315526 ], [ -60.506658842066528, -31.727247021170559 ] ] ] ] } },
{ "type": "Feature", "properties": { "id": 10, "nombre": "BARRANCA OESTE" }, "geometry": { "type": "MultiPolygon", "coordinates": [ [ [ [ -60.556791690341157, -31.733770718317697 ], [ -60.556783762684724, -31.733316379353255 ], [ -60.55733979818261, -31.73304982045476 ], [ -60.557580108518373, -31.732790381242637 ], [ -60.557538354492038, -31.732549401707455 ], [ -60.557678440525258, -31.732382273347397 ], [ -60.558114539325977, -31.732282750754351 ], [ -60.558328143202097, -31.732052138518501 ], [ -60.558212145551344, -31.731754065886431 ], [ -60.557909236594135, -31.731540564558316 ], [ -60.557286062820161, -31.731645949285184 ], [ -60.557253288387585, -31.731652955453285 ], [ -60.556992303458429, -31.731712328261441 ], [ -60.55656597949276, -31.731819624418755 ], [ -60.556531269480672, -31.733140618896613 ], [ -60.556508158438611, -31.733387462891759 ], [ -60.556501428968453, -31.733751564715075 ], [ -60.556501022651396, -31.73382128783825 ], [ -60.556642795789109, -31.733829055781367 ], [ -60.556791690341157, -31.733770718317697 ] ] ] ] } },
{ "type": "Feature", "properties": { "id": 82, "nombre": "ORLANDO SACHETI" }, "geometry": { "type": "MultiPolygon", "coordinates": [ [ [ [ -60.501179773884203, -31.730349108290213 ], [ -60.499613755298839, -31.730613703885204 ], [ -60.499871419914946, -31.73184379985506 ], [ -60.501850865212809, -31.731545634164576 ], [ -60.501842635685044, -31.731273356575148 ], [ -60.501179773884203, -31.730349108290213 ] ] ] ] } },
{ "type": "Feature", "properties": { "id": 13, "nombre": "LA SANTIAGUEÑA" }, "geometry": { "type": "MultiPolygon", "coordinates": [ [ [ [ -60.518921162583041, -31.72517907469663 ], [ -60.51792634439613, -31.725544879365771 ], [ -60.518221081486843, -31.726001438899086 ], [ -60.518307316124613, -31.726209729625918 ], [ -60.518965039187023, -31.727022387166567 ], [ -60.519097801022653, -31.726956306196335 ], [ -60.518739547827636, -31.726346439641034 ], [ -60.518570214792433, -31.725864742802319 ], [ -60.518580130547086, -31.725860860469009 ], [ -60.518700847101847, -31.725724290258736 ], [ -60.518748787605603, -31.725642018461109 ], [ -60.518824887232604, -31.725593451145297 ], [ -60.51886983996468, -31.7255222570735 ], [ -60.518921162583041, -31.72517907469663 ] ] ] ] } },
{ "type": "Feature", "properties": { "id": 83, "nombre": "---" }, "geometry": { "type": "MultiPolygon", "coordinates": [ [ [ [ -60.502882287328561, -31.727065813323222 ], [ -60.502965193878303, -31.727280912711901 ], [ -60.503135146175779, -31.727216196300247 ], [ -60.504082098699442, -31.727229922109125 ], [ -60.504164062495107, -31.727270354315927 ], [ -60.504313988046128, -31.727281405924579 ], [ -60.504106761919438, -31.726752392924102 ], [ -60.503058673776508, -31.726931203578221 ], [ -60.502882287328561, -31.727065813323222 ] ] ], [ [ [ -60.505673676493004, -31.725980254751182 ], [ -60.505602837368528, -31.725644062273055 ], [ -60.505458197358841, -31.725663891806274 ], [ -60.504523862445019, -31.725830603247122 ], [ -60.504720648790503, -31.726087190833354 ], [ -60.50523331931678, -31.726551949983076 ], [ -60.505656685338963, -31.726477250716027 ], [ -60.505540400507186, -31.726000743567155 ], [ -60.505673676493004, -31.725980254751182 ] ] ] ] } },
{ "type": "Feature", "properties": { "id": 15, "nombre": "CO.VE.FLO" }, "geometry": { "type": "MultiPolygon", "coordinates": [ [ [ [ -60.551035002089087, -31.726409501476425 ], [ -60.551384357219113, -31.726266942940814 ], [ -60.551394911130274, -31.726260250724074 ], [ -60.55140643703821, -31.726246646203098 ], [ -60.551410988220134, -31.72622051823123 ], [ -60.550956960998441, -31.725436216564731 ], [ -60.550927078575604, -31.725372544578935 ], [ -60.550883159204645, -31.725303432751186 ], [ -60.550773677359778, -31.725201803613821 ], [ -60.550580811342748, -31.725135294725462 ], [ -60.550675613576267, -31.725383668618875 ], [ -60.550783533177558, -31.725589101614993 ], [ -60.55069626583402, -31.725626923085297 ], [ -60.550669614624887, -31.725778808990039 ], [ -60.550659129317786, -31.725829222087306 ], [ -60.550695482434051, -31.725894123829168 ], [ -60.550975720422606, -31.726394525637978 ], [ -60.551035002089087, -31.726409501476425 ] ] ], [ [ [ -60.549991358964206, -31.727083228502281 ], [ -60.550013823473954, -31.727079328154641 ], [ -60.550020026055272, -31.727072318797198 ], [ -60.550077363157172, -31.72701741504693 ], [ -60.550339395830953, -31.726785066457381 ], [ -60.550412250185119, -31.726723552454839 ], [ -60.550490853921318, -31.726663962098037 ], [ -60.550517571862123, -31.726639271464379 ], [ -60.55065927852673, -31.726573555605821 ], [ -60.550893440051766, -31.726467488440218 ], [ -60.550847165511122, -31.726384277183236 ], [ -60.550807033860146, -31.726312095924094 ], [ -60.5507537313906, -31.726216244133671 ], [ -60.55070289522849, -31.726125269640189 ], [ -60.550624491312618, -31.72598657156059 ], [ -60.550613195664916, -31.725980244338675 ], [ -60.550511919314403, -31.725981186788243 ], [ -60.5504383124265, -31.726230926722362 ], [ -60.550420032091495, -31.726335330582533 ], [ -60.550342230969875, -31.726423568907954 ], [ -60.550344968333597, -31.726481473294324 ], [ -60.550250141003616, -31.726656082198065 ], [ -60.550092679353156, -31.726846617291482 ], [ -60.550063326092662, -31.726830664142668 ], [ -60.549899384435456, -31.727026430579524 ], [ -60.549960313374477, -31.727071618923301 ], [ -60.549974581452979, -31.727083102484325 ], [ -60.549991358964206, -31.727083228502281 ] ] ] ] } },
{ "type": "Feature", "properties": { "id": 16, "nombre": "JAURETCHE" }, "geometry": { "type": "MultiPolygon", "coordinates": [ [ [ [ -60.489613475923456, -31.75307774191953 ], [ -60.488908083885256, -31.753193340644373 ], [ -60.488830079689095, -31.753206388613176 ], [ -60.489201494014033, -31.754877800778711 ], [ -60.489209370937857, -31.754917025566971 ], [ -60.490773904033894, -31.75466062695693 ], [ -60.490745662744175, -31.75450772528254 ], [ -60.490442470734074, -31.752950965174865 ], [ -60.49017125562294, -31.752986330748378 ], [ -60.489613475923456, -31.75307774191953 ] ] ] ] } },
{ "type": "Feature", "properties": { "id": 26, "nombre": "VILLA MARIA" }, "geometry": { "type": "MultiPolygon", "coordinates": [ [ [ [ -60.546234018652406, -31.727970805780004 ], [ -60.546429485413739, -31.72787512116199 ], [ -60.546452642660938, -31.727863785210381 ], [ -60.546479314494668, -31.727850729474742 ], [ -60.546565427357578, -31.727824161529458 ], [ -60.546651723394909, -31.727764890394578 ], [ -60.546772506568509, -31.727688923570788 ], [ -60.546758863040225, -31.727674543180097 ], [ -60.546698890577446, -31.727611377965051 ], [ -60.546580817463798, -31.727487006426085 ], [ -60.546568299884846, -31.727473821078085 ], [ -60.546651994260493, -31.727380374182285 ], [ -60.546612733893909, -31.727341449531423 ], [ -60.546690183916546, -31.727237209605768 ], [ -60.54674636617834, -31.727161593768631 ], [ -60.546801870860499, -31.727086889743351 ], [ -60.547222873546396, -31.726800936007287 ], [ -60.547250891570549, -31.726778287742256 ], [ -60.547265394016542, -31.726798859597512 ], [ -60.547292473396304, -31.726778086543593 ], [ -60.5470050282754, -31.726408239446258 ], [ -60.547001465433453, -31.726409747875035 ], [ -60.546968438142073, -31.72640229609603 ], [ -60.546541041388885, -31.726408845922414 ], [ -60.546418324715532, -31.72645663749741 ], [ -60.546377163362344, -31.726461945407049 ], [ -60.54629595351539, -31.726478806174548 ], [ -60.546238729433369, -31.726501498222568 ], [ -60.54608518107819, -31.7266032164029 ], [ -60.545907524124047, -31.726755612885334 ], [ -60.545896949588943, -31.726791262849151 ], [ -60.545894000775149, -31.726801213763874 ], [ -60.545831430793271, -31.726859818009576 ], [ -60.546506040733085, -31.727604133452878 ], [ -60.545831687123567, -31.726860100828748 ], [ -60.545531350236587, -31.727141943885474 ], [ -60.545530804915003, -31.727142013245786 ], [ -60.545527227472377, -31.727137796900678 ], [ -60.545401861588864, -31.727240829686828 ], [ -60.545250180278288, -31.727365485009475 ], [ -60.545250180366125, -31.727365485108646 ], [ -60.545210074009105, -31.727398444962457 ], [ -60.545216759338949, -31.727426544783526 ], [ -60.545175879006379, -31.727458311115864 ], [ -60.545037747002027, -31.727565522015421 ], [ -60.544990970852837, -31.727601827147478 ], [ -60.544971301173682, -31.727630382357802 ], [ -60.544890761304956, -31.727666618311826 ], [ -60.54502100242162, -31.727539833816461 ], [ -60.544939922670864, -31.727463355202016 ], [ -60.544982477812091, -31.727430397427312 ], [ -60.545280631038764, -31.727199484986912 ], [ -60.545933328862482, -31.726590599176802 ], [ -60.546345989596411, -31.726359193788294 ], [ -60.546593293492379, -31.726312481015597 ], [ -60.546830089976226, -31.72629312070795 ], [ -60.547017730785349, -31.72627777901463 ], [ -60.54731334890559, -31.726083996614157 ], [ -60.547607641111384, -31.725947209010357 ], [ -60.547469425612725, -31.725661697096395 ], [ -60.547396589254362, -31.725259203304788 ], [ -60.54727034761887, -31.725075079797485 ], [ -60.547181819286799, -31.725437059122722 ], [ -60.54710439987366, -31.725753613415204 ], [ -60.546906998084872, -31.726097146081646 ], [ -60.546642299038361, -31.726150725158703 ], [ -60.546261534466055, -31.726227796577945 ], [ -60.545368493003323, -31.726408554170909 ], [ -60.545157129133749, -31.726416987378336 ], [ -60.544875538178289, -31.726467130463366 ], [ -60.544546115561026, -31.726622884604403 ], [ -60.544398128483621, -31.726924680514653 ], [ -60.544420986588683, -31.727067635694951 ], [ -60.544580930634183, -31.727304118961115 ], [ -60.544696897697264, -31.727552083581678 ], [ -60.544871698564691, -31.72768149802177 ], [ -60.544893706719627, -31.727731566933773 ], [ -60.544896700961452, -31.72773837205072 ], [ -60.544908953218652, -31.727767557353786 ], [ -60.54487953822067, -31.727780624510363 ], [ -60.544874958223275, -31.727803956672751 ], [ -60.544877861053898, -31.727820384822103 ], [ -60.545007758520427, -31.728042967906177 ], [ -60.545001002422225, -31.728068966833419 ], [ -60.544959182985011, -31.728229896749511 ], [ -60.544991351031676, -31.72826713149832 ], [ -60.545023444664444, -31.728304267354293 ], [ -60.54503293152294, -31.728327873053875 ], [ -60.54504621942155, -31.728360913790251 ], [ -60.545084595002663, -31.728456362843207 ], [ -60.545086072570854, -31.728460027016396 ], [ -60.545086800161194, -31.728521231832588 ], [ -60.545085410069518, -31.728546931218098 ], [ -60.545084901911927, -31.728559261553265 ], [ -60.545086494860136, -31.728562807993626 ], [ -60.545098928819002, -31.728590558569859 ], [ -60.545118483000877, -31.728634169127602 ], [ -60.545358475801812, -31.728467527214377 ], [ -60.545423850739724, -31.728531788515806 ], [ -60.545732465717727, -31.728344706758087 ], [ -60.545982998836344, -31.728192833004027 ], [ -60.54598299795407, -31.728192832007945 ], [ -60.546273158741684, -31.728016934445321 ], [ -60.546234018652406, -31.727970805780004 ] ] ] ] } },
{ "type": "Feature", "properties": { "id": 27, "nombre": "MOSCONI VIEJO" }, "geometry": { "type": "MultiPolygon", "coordinates": [ [ [ [ -60.553119518634929, -31.721961233735101 ], [ -60.553885102131815, -31.721670130940517 ], [ -60.553926984755712, -31.720813305116362 ], [ -60.553789626777316, -31.720097801062405 ], [ -60.553593176279861, -31.719978188713043 ], [ -60.553037171608452, -31.71996052429192 ], [ -60.552778977342996, -31.719952320561973 ], [ -60.552767795350903, -31.720209445574163 ], [ -60.552930833508213, -31.72102147988425 ], [ -60.552748059310311, -31.720976825659562 ], [ -60.552713111784563, -31.720943168840737 ], [ -60.552759637031677, -31.721209730239131 ], [ -60.552806957892962, -31.721173788465222 ], [ -60.552974238995645, -31.721216760350799 ], [ -60.553119518634929, -31.721961233735101 ] ] ] ] } },
{ "type": "Feature", "properties": { "id": 28, "nombre": "ITATI" }, "geometry": { "type": "MultiPolygon", "coordinates": [ [ [ [ -60.500823977921023, -31.745695547894915 ], [ -60.500746004525318, -31.745708606355173 ], [ -60.500679292188501, -31.745719780767097 ], [ -60.500622617797383, -31.74572927435845 ], [ -60.500517085162464, -31.745745552297567 ], [ -60.500455998950159, -31.745754972959457 ], [ -60.500412923310449, -31.745761617343021 ], [ -60.500309807416038, -31.745777903657196 ], [ -60.500204350625779, -31.745794568831869 ], [ -60.500199531763258, -31.745795336275542 ], [ -60.500099917812044, -31.745811293029604 ], [ -60.500078881541995, -31.74581466730535 ], [ -60.500011270118371, -31.745825493178579 ], [ -60.499995558784711, -31.745828007834103 ], [ -60.499926460576113, -31.745839073974835 ], [ -60.49990561410835, -31.745842420422179 ], [ -60.499878198413853, -31.745846820734837 ], [ -60.499772911673446, -31.745863737401649 ], [ -60.499718512605085, -31.74587247313988 ], [ -60.49970919127081, -31.745873970676225 ], [ -60.49969361645541, -31.74587642907797 ], [ -60.499667012701124, -31.745880638345483 ], [ -60.499639986780245, -31.745884910820916 ], [ -60.499559140982861, -31.745897691229843 ], [ -60.499541425983743, -31.745900493255103 ], [ -60.499492678058296, -31.745908196681658 ], [ -60.499454544014661, -31.745913369407713 ], [ -60.49906296484378, -31.745968752523535 ], [ -60.498873143684868, -31.746001466067071 ], [ -60.498954033332801, -31.746103119578311 ], [ -60.499028646257898, -31.746170016480541 ], [ -60.499107386845509, -31.746192104455265 ], [ -60.499217796087059, -31.746312874837741 ], [ -60.499241203471243, -31.746350137394288 ], [ -60.499272931385313, -31.746386222007871 ], [ -60.499384737275271, -31.746309623412223 ], [ -60.499501873614797, -31.746282370608153 ], [ -60.499577547127629, -31.7462693399596 ], [ -60.499620729713349, -31.746262902861279 ], [ -60.499707839492395, -31.746249912918739 ], [ -60.499717294546514, -31.746245939618994 ], [ -60.499735168998939, -31.746250105396037 ], [ -60.499747038705628, -31.746247816668983 ], [ -60.499774502423435, -31.746242521086785 ], [ -60.499832835674397, -31.74623127318803 ], [ -60.499873033933817, -31.746225280593954 ], [ -60.499911260250634, -31.746219584312488 ], [ -60.499972769446003, -31.746200431384867 ], [ -60.500003669463148, -31.746196314987333 ], [ -60.500103301176786, -31.746182943440761 ], [ -60.500162460912541, -31.746175003589276 ], [ -60.500183696708874, -31.746171430111197 ], [ -60.500218439439088, -31.746165576061674 ], [ -60.500276885316737, -31.746155742012863 ], [ -60.500300335281864, -31.746151781049441 ], [ -60.500369965739537, -31.74613956727714 ], [ -60.500460578040489, -31.746123663700775 ], [ -60.500621326825815, -31.746095462997417 ], [ -60.50068834485775, -31.746088093182969 ], [ -60.500730645085575, -31.746080495801262 ], [ -60.500791197675113, -31.746071897779458 ], [ -60.500835204263453, -31.746065646418799 ], [ -60.5009107209276, -31.74605491529157 ], [ -60.500897726881497, -31.745995625225824 ], [ -60.500889623114816, -31.745954713494235 ], [ -60.500877754715624, -31.74589475163841 ], [ -60.500869759219142, -31.74585434451016 ], [ -60.500867698062414, -31.745843945365227 ], [ -60.500865972943537, -31.745835195268675 ], [ -60.500851674755069, -31.745763004975323 ], [ -60.500845838082988, -31.745733492618847 ], [ -60.500823977921023, -31.745695547894915 ] ] ] ] } },
{ "type": "Feature", "properties": { "id": 25, "nombre": "CONSEJO - 1° DE JULIO" }, "geometry": { "type": "MultiPolygon", "coordinates": [ [ [ [ -60.507168887812618, -31.729527032673868 ], [ -60.507140957380649, -31.729530908997003 ], [ -60.507113026946278, -31.729534785314019 ], [ -60.507041360949835, -31.729544729151119 ], [ -60.507036439702347, -31.729495526134976 ], [ -60.507033214463114, -31.729463243965547 ], [ -60.507031841837879, -31.729449514356226 ], [ -60.506964673380708, -31.72943858964857 ], [ -60.506843066284858, -31.729458255455661 ], [ -60.506667154740541, -31.729490453652939 ], [ -60.506787230435428, -31.729557842530191 ], [ -60.506959922004, -31.729666207728819 ], [ -60.507042523429327, -31.729750452952903 ], [ -60.507116409590211, -31.729855575445676 ], [ -60.507129182223416, -31.729966920271899 ], [ -60.507189241620196, -31.730049966501845 ], [ -60.507303952188394, -31.730032907080687 ], [ -60.507232158521006, -31.729868399034775 ], [ -60.507197143362959, -31.729788175142065 ], [ -60.507203580771673, -31.729786390932929 ], [ -60.507289669372319, -31.729762555333966 ], [ -60.507278443629673, -31.729731811090929 ], [ -60.507221350157039, -31.729743816364966 ], [ -60.507187702870361, -31.729604759805969 ], [ -60.5071840543254, -31.729589695508533 ], [ -60.507171834540095, -31.729539168774576 ], [ -60.507168887812618, -31.729527032673868 ] ] ], [ [ [ -60.507765657305995, -31.730178195323195 ], [ -60.507754120151418, -31.730142627506474 ], [ -60.507735757231131, -31.730086001791175 ], [ -60.507729114032635, -31.730065529364168 ], [ -60.507715450513487, -31.730067658027963 ], [ -60.507616319525219, -31.730087586765151 ], [ -60.507555374673821, -31.730101564526162 ], [ -60.507465880639913, -31.730122086062501 ], [ -60.507406600827018, -31.730135678349605 ], [ -60.50720599827465, -31.730181681819833 ], [ -60.507205998274557, -31.730181681819801 ], [ -60.507093603191443, -31.730366886166788 ], [ -60.507213554817177, -31.730701732739334 ], [ -60.507520352178943, -31.730651142729911 ], [ -60.507551697939711, -31.730802128474792 ], [ -60.507678370080022, -31.730780140453952 ], [ -60.507918114974458, -31.730569395901487 ], [ -60.507953777924413, -31.730599254231741 ], [ -60.508132795945684, -31.730749134242114 ], [ -60.50821477706058, -31.730729731079233 ], [ -60.508353049499831, -31.730697010958021 ], [ -60.508336378871157, -31.730639514679666 ], [ -60.508409398331544, -31.730622679029832 ], [ -60.508363250643399, -31.730503290516058 ], [ -60.508332394904649, -31.730510628317006 ], [ -60.508310022380655, -31.730515948226451 ], [ -60.508273897569431, -31.730524542550324 ], [ -60.508247225442858, -31.730530880639353 ], [ -60.508146828293029, -31.730554755891944 ], [ -60.508126496574398, -31.730559155005459 ], [ -60.508100158074122, -31.730518507804771 ], [ -60.508051645752879, -31.730443640484658 ], [ -60.507964458261718, -31.730476950327592 ], [ -60.507947743217017, -31.730483334770639 ], [ -60.507895933709825, -31.730385960398785 ], [ -60.507839883937308, -31.730407018651661 ], [ -60.507801009326805, -31.730287177477763 ], [ -60.507765657305995, -31.730178195323195 ] ], [ [ -60.50774068592132, -31.730399141596415 ], [ -60.507740685921355, -31.730399141596415 ], [ -60.507740685921576, -31.730399141596646 ], [ -60.507740685921348, -31.730399141596415 ], [ -60.50774068592132, -31.730399141596415 ] ] ], [ [ [ -60.508730444841603, -31.730804664300329 ], [ -60.508728211833258, -31.730791876064288 ], [ -60.50871729528582, -31.730786932443575 ], [ -60.508709015930314, -31.730750945888037 ], [ -60.508701417742095, -31.730717959749484 ], [ -60.508650256016253, -31.730726469896286 ], [ -60.508596427129611, -31.730735432567997 ], [ -60.508550494367974, -31.73074307407817 ], [ -60.50850473027706, -31.730750687843663 ], [ -60.508433380042725, -31.730762561150456 ], [ -60.508385501917509, -31.73077201347726 ], [ -60.508165785170213, -31.730809606883703 ], [ -60.508585821566989, -31.731167971600311 ], [ -60.508699555546173, -31.731275179718288 ], [ -60.508734439770357, -31.731435874301472 ], [ -60.50896609395928, -31.731401960897593 ], [ -60.508960544913876, -31.731379031160238 ], [ -60.508954823100133, -31.731355380638288 ], [ -60.508921809054257, -31.731218899196328 ], [ -60.508908044518996, -31.731161995908504 ], [ -60.508920749000836, -31.731160060332403 ], [ -60.509004711009467, -31.73114276140652 ], [ -60.508982408774884, -31.731037425056847 ], [ -60.508948819437627, -31.731042735758621 ], [ -60.508925751795367, -31.731046381124429 ], [ -60.508893522434619, -31.731051469939288 ], [ -60.508888957403691, -31.731052191602412 ], [ -60.508803613492219, -31.731083068700691 ], [ -60.508757859941618, -31.730972910877171 ], [ -60.508751316135879, -31.730957163767172 ], [ -60.508749198966193, -31.730952058769439 ], [ -60.508740565865693, -31.730913133621687 ], [ -60.508731034959347, -31.730870180819441 ], [ -60.508729520426606, -31.730863359914824 ], [ -60.508727670416164, -31.730855007216476 ], [ -60.508721038810997, -31.730825119560961 ], [ -60.508733287713824, -31.730820922196738 ], [ -60.508730444841603, -31.730804664300329 ] ] ], [ [ [ -60.508980925869153, -31.731594430365604 ], [ -60.508775415721693, -31.731624629746189 ], [ -60.50898069998172, -31.731823135217727 ], [ -60.509153946266657, -31.731989744097071 ], [ -60.509215612425528, -31.73204978858266 ], [ -60.509325681073449, -31.73215696241677 ], [ -60.509353466742446, -31.732239109027422 ], [ -60.509364052781628, -31.732270396731199 ], [ -60.509375775872499, -31.732305070817571 ], [ -60.509436237632876, -31.732483688018124 ], [ -60.509495530002468, -31.732491913876373 ], [ -60.509527687965999, -31.732483335062525 ], [ -60.5095164459253, -31.732445953541333 ], [ -60.509505907672981, -31.732403586469292 ], [ -60.509482282804889, -31.732308606958235 ], [ -60.509470472162775, -31.732261124329863 ], [ -60.509453711987625, -31.732216126252055 ], [ -60.509482767945222, -31.732210398433278 ], [ -60.509465700543196, -31.732110233494051 ], [ -60.509450011825344, -31.732018159556318 ], [ -60.509436090128062, -31.731936508266919 ], [ -60.509377013473205, -31.731943030214865 ], [ -60.509370896746262, -31.731914727785288 ], [ -60.509370317789873, -31.731988275357587 ], [ -60.50937703466407, -31.731995120554757 ], [ -60.509343254761717, -31.732008986259505 ], [ -60.509285068374624, -31.732013247557468 ], [ -60.509274275087186, -31.731956612424963 ], [ -60.509206705097974, -31.73196397958214 ], [ -60.509200583371609, -31.731899452224738 ], [ -60.509168034581251, -31.731903061835883 ], [ -60.509149115479296, -31.731796391635775 ], [ -60.509139220286457, -31.731740600184583 ], [ -60.509112756865783, -31.731743777754339 ], [ -60.509050884107296, -31.73175120704397 ], [ -60.509038794215407, -31.731676630555306 ], [ -60.508995037107795, -31.731680832583443 ], [ -60.508980925869153, -31.731594430365604 ] ] ] ] } },
{ "type": "Feature", "properties": { "id": 30, "nombre": "GOGNIAT" }, "geometry": { "type": "MultiPolygon", "coordinates": [ [ [ [ -60.532662598617037, -31.744800623669949 ], [ -60.532579492300329, -31.744931909063681 ], [ -60.532528337825923, -31.745012729234716 ], [ -60.532476170923196, -31.744984872972548 ], [ -60.532448700703789, -31.744970197591933 ], [ -60.532420299024025, -31.744955039103893 ], [ -60.532347055845015, -31.74491592570778 ], [ -60.532317754338301, -31.744900274943944 ], [ -60.532301072281584, -31.744921086931146 ], [ -60.532265664867104, -31.744965271638613 ], [ -60.532239499645002, -31.744997928303029 ], [ -60.532218039882046, -31.745028627335685 ], [ -60.532236417889685, -31.745038496884483 ], [ -60.532303903502708, -31.745074721453136 ], [ -60.532441507387958, -31.745147989173642 ], [ -60.532455300616895, -31.745155335640632 ], [ -60.532504397262393, -31.74518147320877 ], [ -60.532548455109485, -31.745204926298012 ], [ -60.532569287886325, -31.745216022039259 ], [ -60.532551898507776, -31.74524048044464 ], [ -60.532541261825806, -31.74525545033487 ], [ -60.532520187260353, -31.745285091674951 ], [ -60.532486581067019, -31.745332371241123 ], [ -60.532475263820892, -31.745348290900733 ], [ -60.532464772989435, -31.745360669312774 ], [ -60.532431127077693, -31.745342088099157 ], [ -60.532308813297405, -31.745509486133361 ], [ -60.532490254646213, -31.745601654546928 ], [ -60.532269819676166, -31.745911423932963 ], [ -60.532390856148552, -31.74597348281312 ], [ -60.532489247355954, -31.746010398821173 ], [ -60.532782158068528, -31.746120290080746 ], [ -60.532822990990589, -31.746063339564952 ], [ -60.533097386755621, -31.745561498449668 ], [ -60.533400797583141, -31.745211752216498 ], [ -60.533055756340502, -31.744988474116884 ], [ -60.532985331143514, -31.745026835324239 ], [ -60.532873160251597, -31.744907178732497 ], [ -60.532662598617037, -31.744800623669949 ] ] ], [ [ [ -60.532169824863949, -31.745968453940204 ], [ -60.532067008810472, -31.746122953470735 ], [ -60.532036594276605, -31.746106504658059 ], [ -60.53198502991637, -31.746189662078333 ], [ -60.532018411834343, -31.746208271946227 ], [ -60.531793116231249, -31.746496835898824 ], [ -60.531826348606735, -31.74651327300769 ], [ -60.531876060874062, -31.746538082536059 ], [ -60.53196480643247, -31.746582380172821 ], [ -60.531936443976335, -31.746624001204697 ], [ -60.531925046590999, -31.746640714766894 ], [ -60.531904655570131, -31.746668170698364 ], [ -60.531867120050208, -31.746718695081832 ], [ -60.531844026935154, -31.74674978767462 ], [ -60.53181463939142, -31.746789338727716 ], [ -60.531796185794015, -31.746814180241202 ], [ -60.531887311506118, -31.746864952217674 ], [ -60.532018932994383, -31.746936234228201 ], [ -60.532022667742389, -31.746937859982165 ], [ -60.532062057406314, -31.746955046900986 ], [ -60.532164144656505, -31.746999577273126 ], [ -60.532230038214962, -31.747022912212302 ], [ -60.532288038880196, -31.747040791697639 ], [ -60.532292851403717, -31.747022487510208 ], [ -60.532302560484602, -31.746985534684658 ], [ -60.532306991436933, -31.746968651786769 ], [ -60.532351776731296, -31.746842414664222 ], [ -60.532382841789882, -31.746754851592179 ], [ -60.532387245542779, -31.74674244192601 ], [ -60.532442192584263, -31.746647347904968 ], [ -60.532473940060576, -31.746592383437189 ], [ -60.532612033030631, -31.746405892212845 ], [ -60.532703508586827, -31.746215438248061 ], [ -60.532652757093132, -31.746189767620198 ], [ -60.532635849836339, -31.746182325972534 ], [ -60.532569151853174, -31.746152961295611 ], [ -60.532488794760788, -31.746117575266517 ], [ -60.532406888679823, -31.746088129758991 ], [ -60.532351256285722, -31.746061034950767 ], [ -60.532194475308856, -31.745980895574135 ], [ -60.532169824863949, -31.745968453940204 ] ] ] ] } },
{ "type": "Feature", "properties": { "id": 119, "nombre": "MIGUEL DAVID" }, "geometry": { "type": "MultiPolygon", "coordinates": [ [ [ [ -60.4713140361199, -31.77263908899447 ], [ -60.472293892753363, -31.772462267364428 ], [ -60.472422543296425, -31.772695924849472 ], [ -60.472457629808147, -31.773068781316059 ], [ -60.47258449349988, -31.773179882319845 ], [ -60.472837367954959, -31.77327085182576 ], [ -60.47314365679555, -31.773287389029079 ], [ -60.473706544852412, -31.773313576190805 ], [ -60.474317767887605, -31.773452762734202 ], [ -60.474557556211238, -31.774512467303175 ], [ -60.472481020815962, -31.774858471435905 ], [ -60.47182498391799, -31.774952871852118 ], [ -60.4713140361199, -31.77263908899447 ] ] ] ] } },
{ "type": "Feature", "properties": { "id": 105, "nombre": "4 DE JUNIO" }, "geometry": { "type": "MultiPolygon", "coordinates": [ [ [ [ -60.478579518133245, -31.755924857214943 ], [ -60.478892969050918, -31.754871914220161 ], [ -60.47890028971738, -31.754848243303336 ], [ -60.478892073026579, -31.754107987159845 ], [ -60.478858027945769, -31.753897526038006 ], [ -60.478304279470663, -31.753984682058057 ], [ -60.477600523394003, -31.754095445550547 ], [ -60.477389655695795, -31.754128631973249 ], [ -60.476511623526356, -31.754266816293551 ], [ -60.47647010461187, -31.754271417471717 ], [ -60.476302129044939, -31.754290049878318 ], [ -60.476158776191667, -31.754305949584456 ], [ -60.47616514829123, -31.754335964399406 ], [ -60.476195090462895, -31.75447697711483 ], [ -60.476236015859193, -31.754689645385206 ], [ -60.476870210825567, -31.757647357425103 ], [ -60.478198783539625, -31.757569588744133 ], [ -60.478268883705951, -31.757168313960115 ], [ -60.478579518133245, -31.755924857214943 ] ] ] ] } },
{ "type": "Feature", "properties": { "id": 20, "nombre": "TOMA NUEVA" }, "geometry": { "type": "MultiPolygon", "coordinates": [ [ [ [ -60.494941109582285, -31.705801719364977 ], [ -60.494976106208462, -31.70687196379453 ], [ -60.494997359842628, -31.707521914174372 ], [ -60.495289569555716, -31.708001001391985 ], [ -60.495423747126743, -31.707921517085595 ], [ -60.49562461224874, -31.707726918118631 ], [ -60.495793756683916, -31.707512466735125 ], [ -60.495854387487682, -31.707435595099412 ], [ -60.496020175550619, -31.707257220704726 ], [ -60.496342527383881, -31.706683249027396 ], [ -60.495709152390333, -31.706223438319164 ], [ -60.495624687074148, -31.706159160486955 ], [ -60.494941109582285, -31.705801719364977 ] ] ], [ [ [ -60.497172162631117, -31.707937109920444 ], [ -60.497189681098504, -31.707935490666159 ], [ -60.497206176251339, -31.707929481362445 ], [ -60.497458598257481, -31.707789939574361 ], [ -60.49746735202686, -31.707778948945606 ], [ -60.497471427295743, -31.70776581042994 ], [ -60.497470172349438, -31.707752248046965 ], [ -60.497468095113604, -31.707748237646925 ], [ -60.496491939894383, -31.706778833764382 ], [ -60.496476563983116, -31.706776471415129 ], [ -60.496458703986228, -31.706777878616741 ], [ -60.496441928331699, -31.706783303446223 ], [ -60.496428061495479, -31.706791971439603 ], [ -60.496164494094273, -31.707176287565172 ], [ -60.496161489292767, -31.70718422796914 ], [ -60.49616075648013, -31.707192500949578 ], [ -60.496162312369925, -31.707200728848917 ], [ -60.49616607408332, -31.70720843795581 ], [ -60.496171826121383, -31.707215183318571 ], [ -60.49618021023641, -31.707221289371333 ], [ -60.497138979116627, -31.707927449883204 ], [ -60.497154763225467, -31.707934373877883 ], [ -60.497172162631117, -31.707937109920444 ] ] ], [ [ [ -60.493529759386384, -31.707093973777436 ], [ -60.493375964488948, -31.706930622991592 ], [ -60.493355933096211, -31.706921309263212 ], [ -60.493333071813439, -31.706916238395912 ], [ -60.493309454654842, -31.706916044697952 ], [ -60.493285200905554, -31.70692100187355 ], [ -60.493192808827999, -31.706939503197543 ], [ -60.493101965223246, -31.70696214372277 ], [ -60.493012640728786, -31.706988916180503 ], [ -60.492925100491107, -31.707019741143931 ], [ -60.492839604362224, -31.707054527139565 ], [ -60.492757314964351, -31.70709274878385 ], [ -60.492721648473449, -31.707120928227543 ], [ -60.492690762120674, -31.70715359999728 ], [ -60.49266571552289, -31.707189751781087 ], [ -60.492647040745297, -31.707228615801142 ], [ -60.492635134234348, -31.707269366569655 ], [ -60.492630248364094, -31.707311138571402 ], [ -60.492632107632531, -31.707345956803419 ], [ -60.492632486126524, -31.707353044797902 ], [ -60.492641968341474, -31.707394943658588 ], [ -60.492675860374362, -31.707565625928343 ], [ -60.49271064648493, -31.707736059911305 ], [ -60.492746323773048, -31.707906234704271 ], [ -60.492780634110041, -31.708065654668349 ], [ -60.492782864313774, -31.708076017093948 ], [ -60.492820239501924, -31.70824527416022 ], [ -60.492858399884213, -31.708413784226789 ], [ -60.492895092524954, -31.708556703727719 ], [ -60.492931609925826, -31.708700032203222 ], [ -60.492967910619925, -31.708843607812319 ], [ -60.493004010917936, -31.708987495901535 ], [ -60.493118643109888, -31.709512466921716 ], [ -60.493228347708765, -31.709971609588276 ], [ -60.493359380803568, -31.710561260949088 ], [ -60.493360727814029, -31.710564456926225 ], [ -60.493362669781369, -31.710566712021851 ], [ -60.493365282611002, -31.710568401049478 ], [ -60.493368349956803, -31.710569384121406 ], [ -60.493371617808386, -31.71056957980981 ], [ -60.493374815537081, -31.71056897190601 ], [ -60.493377678328244, -31.710567610766002 ], [ -60.493380208077404, -31.710565400339327 ], [ -60.493596603229889, -31.710263271921232 ], [ -60.493657043151998, -31.710049928325159 ], [ -60.494412064220491, -31.709090497776479 ], [ -60.494423460945015, -31.709070505691081 ], [ -60.49442802921839, -31.709049301419832 ], [ -60.494425749367799, -31.709027930804748 ], [ -60.494416812598757, -31.709007994225242 ], [ -60.493866407213474, -31.708383446293276 ], [ -60.493723535555716, -31.707835671843071 ], [ -60.493692857759541, -31.707612440804635 ], [ -60.493651135113282, -31.707308838625863 ], [ -60.493631383900926, -31.707201912204958 ], [ -60.493529759386384, -31.707093973777436 ] ] ], [ [ [ -60.494492294268539, -31.708925286936754 ], [ -60.494510970801826, -31.708925190827923 ], [ -60.494528911721986, -31.708920944128621 ], [ -60.494544890453568, -31.708912837174871 ], [ -60.495178876936173, -31.708116481060198 ], [ -60.495188707652126, -31.708081110191387 ], [ -60.495194463835716, -31.708045090139009 ], [ -60.495196090543232, -31.7080087647502 ], [ -60.495193572250976, -31.707972480786491 ], [ -60.495186933003275, -31.70793658461352 ], [ -60.495176236182864, -31.707901418894753 ], [ -60.494947020039476, -31.707494024708478 ], [ -60.494903219477081, -31.707454278970232 ], [ -60.494613903892073, -31.707201360263763 ], [ -60.494525128002294, -31.707170606049129 ], [ -60.494434657264314, -31.707143624407934 ], [ -60.494342719684418, -31.707120483339601 ], [ -60.494249546965243, -31.707101241164565 ], [ -60.494155373921565, -31.707085946376932 ], [ -60.494060437889011, -31.707074637523096 ], [ -60.493964978125653, -31.707067343103645 ], [ -60.493869235209345, -31.707064081502196 ], [ -60.493837671120467, -31.70706522653655 ], [ -60.493807436138134, -31.707073099185926 ], [ -60.493780467323568, -31.707087195074227 ], [ -60.493758492486947, -31.707106611121802 ], [ -60.493742919492036, -31.707130103402022 ], [ -60.49373474605855, -31.707156166835706 ], [ -60.493747192364921, -31.70749233621045 ], [ -60.493767014721378, -31.707628139197748 ], [ -60.493790298012073, -31.707763495516808 ], [ -60.493817029034119, -31.707898328326809 ], [ -60.493847192627406, -31.708032561083972 ], [ -60.493926564423695, -31.708354772123393 ], [ -60.494001604888901, -31.708453340798872 ], [ -60.494081336507719, -31.7085491765509 ], [ -60.494165623782592, -31.70864211649738 ], [ -60.494254323471679, -31.708732002677397 ], [ -60.494347284832692, -31.708818682319848 ], [ -60.494444349878769, -31.708902008103045 ], [ -60.494457804829267, -31.708913285313955 ], [ -60.49447415898991, -31.708921225884033 ], [ -60.494492294268539, -31.708925286936754 ] ] ], [ [ [ -60.496531834879882, -31.708541760012764 ], [ -60.496565053980753, -31.708507721613781 ], [ -60.496594526836006, -31.708493620239857 ], [ -60.496646677592068, -31.708445123241816 ], [ -60.496917465974761, -31.708193309806589 ], [ -60.49699694079527, -31.708119409381869 ], [ -60.497027952408196, -31.708016034521567 ], [ -60.497049463409276, -31.708002219434317 ], [ -60.496516686245428, -31.707595682149293 ], [ -60.49613344929076, -31.707308117448008 ], [ -60.496122343349704, -31.707303371916016 ], [ -60.496110150045695, -31.707301399116083 ], [ -60.496097766881924, -31.707302327758864 ], [ -60.496087884393035, -31.707305535896595 ], [ -60.495819507525169, -31.707634201442659 ], [ -60.495817157356861, -31.707641591787901 ], [ -60.495816596071705, -31.707649863999567 ], [ -60.495818040317019, -31.707658057431804 ], [ -60.495821373247132, -31.707665694812771 ], [ -60.496121814373133, -31.70804602677622 ], [ -60.496531834879882, -31.708541760012764 ] ] ], [ [ [ -60.497080431209689, -31.709264650904782 ], [ -60.497086099590327, -31.709264567294746 ], [ -60.497089023956057, -31.709262320785715 ], [ -60.497090040887095, -31.709259074129324 ], [ -60.49708882098831, -31.709255878979814 ], [ -60.497086405259807, -31.709253654740518 ], [ -60.497051824043417, -31.709221434041261 ], [ -60.496742084292521, -31.708983262931262 ], [ -60.49661282055002, -31.708806740745089 ], [ -60.496489934860996, -31.708634528550487 ], [ -60.496041733413946, -31.708109419567357 ], [ -60.49576353935511, -31.707760712599253 ], [ -60.495760644415178, -31.707759038786577 ], [ -60.495756688364501, -31.70775780639385 ], [ -60.495752500692447, -31.707757431902277 ], [ -60.495748331949805, -31.70775793771794 ], [ -60.495744431555003, -31.70775929357751 ], [ -60.495740551876075, -31.707761719066433 ], [ -60.495593167397459, -31.707882606653335 ], [ -60.49545632706235, -31.707949063423435 ], [ -60.495433236284661, -31.70798479097213 ], [ -60.495442651570194, -31.707992022072698 ], [ -60.495435601540706, -31.707998730766306 ], [ -60.495467433112232, -31.708027321885972 ], [ -60.496290807194576, -31.708702388461155 ], [ -60.496284179534683, -31.708708572052885 ], [ -60.496607198299145, -31.708950172328599 ], [ -60.496682652160828, -31.70900772333469 ], [ -60.496759931959097, -31.709063519909126 ], [ -60.496838834587642, -31.709117421333048 ], [ -60.496919003441626, -31.709169184169752 ], [ -60.497000076003602, -31.709218574722655 ], [ -60.497080431209689, -31.709264650904782 ] ] ], [ [ [ -60.495548567050641, -31.709654301455714 ], [ -60.495561144145242, -31.709654217322797 ], [ -60.495573423210892, -31.70965165564883 ], [ -60.495585365117478, -31.709646468536821 ], [ -60.495687338979913, -31.709591813497568 ], [ -60.495905243118678, -31.709392257299527 ], [ -60.496238685435713, -31.708938613008417 ], [ -60.496269975846943, -31.708848537255516 ], [ -60.496271200504495, -31.708841986145764 ], [ -60.496270550182039, -31.70883592212687 ], [ -60.496268165845805, -31.708830183951939 ], [ -60.496264100494422, -31.70882500695874 ], [ -60.495487442667674, -31.708191919400146 ], [ -60.495381020838913, -31.708174285863802 ], [ -60.495318385011373, -31.708169411321258 ], [ -60.495311139786075, -31.708169332655682 ], [ -60.495304842546197, -31.708170513268961 ], [ -60.495299022055406, -31.708172883066052 ], [ -60.495294077987296, -31.708176252740966 ], [ -60.494981147466753, -31.70853109517823 ], [ -60.494748774280772, -31.708830308285343 ], [ -60.494617289794753, -31.708996371100312 ], [ -60.494613111658623, -31.709003399712476 ], [ -60.494611537499395, -31.709010636462239 ], [ -60.494612364725675, -31.709018128985605 ], [ -60.494615240079291, -31.709024493244183 ], [ -60.494766650397423, -31.709150151399399 ], [ -60.494976714545636, -31.709276643601644 ], [ -60.495254438849365, -31.709391741423563 ], [ -60.495265199282308, -31.709393035788668 ], [ -60.495276722542954, -31.709392573526348 ], [ -60.49528794522756, -31.709390290951156 ], [ -60.495297418578716, -31.709386671863268 ], [ -60.495322866836453, -31.709449823686032 ], [ -60.495320301540055, -31.709455195666642 ], [ -60.495319408446811, -31.709461349950434 ], [ -60.495320425986428, -31.709467489830253 ], [ -60.495323010077939, -31.709472644019598 ], [ -60.495538081178985, -31.709652243000718 ], [ -60.495548567050641, -31.709654301455714 ] ] ], [ [ [ -60.494709450354939, -31.710201929956785 ], [ -60.494729475344293, -31.710200173368488 ], [ -60.494748474979161, -31.710195585958125 ], [ -60.494765542375639, -31.710188433349607 ], [ -60.495449215361894, -31.709735551851306 ], [ -60.495459353820003, -31.70972399850411 ], [ -60.495464854293594, -31.709710569004539 ], [ -60.495465322664685, -31.709696427833624 ], [ -60.495460859900476, -31.709683297419136 ], [ -60.495268528338727, -31.709478735057644 ], [ -60.494580180419504, -31.709140600505666 ], [ -60.494562020411756, -31.70913808511672 ], [ -60.494542664440097, -31.70913965644765 ], [ -60.494524052881651, -31.709145320142628 ], [ -60.494508209458687, -31.709154316425753 ], [ -60.493999429966287, -31.709791114972777 ], [ -60.493993183296794, -31.709805906338403 ], [ -60.493991235277193, -31.709821602284343 ], [ -60.493993721459049, -31.70983721766228 ], [ -60.494000488031098, -31.709851824324403 ], [ -60.494011125381967, -31.709864559180584 ], [ -60.494025239427465, -31.709874852129925 ], [ -60.494690830844711, -31.710200849702016 ], [ -60.494709450354939, -31.710201929956785 ] ] ], [ [ [ -60.49387297184203, -31.710675921509228 ], [ -60.493948587901286, -31.710673439417391 ], [ -60.494023605878219, -31.710664992919185 ], [ -60.494097382925958, -31.710650654430516 ], [ -60.494169800644094, -31.710630403175841 ], [ -60.494227468203128, -31.710614809865792 ], [ -60.49428192029152, -31.71059369194402 ], [ -60.494333030586247, -31.710567174953919 ], [ -60.494379833787029, -31.710535795535765 ], [ -60.49463145210013, -31.710295260928479 ], [ -60.494636712004187, -31.710283358226192 ], [ -60.494637352560417, -31.710270416061594 ], [ -60.494633214080721, -31.710257954796834 ], [ -60.494625268787161, -31.710247931124918 ], [ -60.494468559732141, -31.710178752203799 ], [ -60.494310881639358, -31.710106103085362 ], [ -60.494154764876647, -31.710031101973776 ], [ -60.493999333318278, -31.709953309148826 ], [ -60.493984879744801, -31.709941746849314 ], [ -60.493972853664879, -31.70992864816062 ], [ -60.493963276638183, -31.709914118707029 ], [ -60.493957066829587, -31.709900068827679 ], [ -60.493954016461572, -31.709896071124952 ], [ -60.493950087732365, -31.709893491018743 ], [ -60.493945349578127, -31.709892154556929 ], [ -60.493940331434914, -31.70989222399341 ], [ -60.493935606944085, -31.709893698999817 ], [ -60.493932018868037, -31.709896200618022 ], [ -60.493745264614255, -31.710202313203567 ], [ -60.493731157661784, -31.710225348051271 ], [ -60.493725905842453, -31.71023540283835 ], [ -60.493721552376378, -31.710245712792272 ], [ -60.493718096708463, -31.710256268302388 ], [ -60.493715621795943, -31.710266740332028 ], [ -60.493688124137115, -31.710630945002556 ], [ -60.493689396344983, -31.710638920595677 ], [ -60.493692748070004, -31.710646211053209 ], [ -60.493697997948424, -31.71065256274191 ], [ -60.49370482930982, -31.71065761360714 ], [ -60.493712841949637, -31.710661082198303 ], [ -60.493722453446608, -31.710662948002238 ], [ -60.493797405682031, -31.710672417891168 ], [ -60.49387297184203, -31.710675921509228 ] ] ] ] } },
{ "type": "Feature", "properties": { "id": 22, "nombre": "LA MILAGROSA" }, "geometry": { "type": "MultiPolygon", "coordinates": [ [ [ [ -60.493939941494318, -31.754598976276529 ], [ -60.493984888202903, -31.754820582584372 ], [ -60.494016261316347, -31.754946691524104 ], [ -60.494026058429966, -31.754986893648436 ], [ -60.494039586072525, -31.755047859705424 ], [ -60.494172216396734, -31.754984423959076 ], [ -60.494137010027387, -31.754796400555747 ], [ -60.494093875526431, -31.754576248256612 ], [ -60.493939941494318, -31.754598976276529 ] ] ], [ [ [ -60.494413063835395, -31.746605731132064 ], [ -60.49439723844884, -31.746511757249504 ], [ -60.494336844544208, -31.746519479176204 ], [ -60.494264258452716, -31.746709024898209 ], [ -60.494266082928284, -31.746722706308699 ], [ -60.494255855275981, -31.746730968254059 ], [ -60.494004222010489, -31.747388057414799 ], [ -60.49371519516405, -31.747428148112 ], [ -60.493511036259335, -31.747636652945676 ], [ -60.493415129105045, -31.747886281119523 ], [ -60.493176156801226, -31.747910752401687 ], [ -60.493151183602173, -31.748025778875331 ], [ -60.493218153390586, -31.748187649807768 ], [ -60.492963960707471, -31.748372693257995 ], [ -60.492720617603105, -31.748322859919487 ], [ -60.492559667783837, -31.748531196138309 ], [ -60.492491672406047, -31.748761895848666 ], [ -60.492166804498069, -31.748641937325406 ], [ -60.492099023163668, -31.7487238047615 ], [ -60.491965444858913, -31.748885142360301 ], [ -60.492056383530866, -31.748959896774139 ], [ -60.49199011013927, -31.749145152687756 ], [ -60.491972479168112, -31.749194436919147 ], [ -60.491829614044228, -31.749245868315175 ], [ -60.491732660310127, -31.749280079109976 ], [ -60.491698956189808, -31.749282612003103 ], [ -60.491704939366009, -31.749317033217718 ], [ -60.491770103100954, -31.749425835230792 ], [ -60.491770725704711, -31.749433378583969 ], [ -60.491769951917078, -31.749439346466897 ], [ -60.491768658434722, -31.749445392570131 ], [ -60.491766042747003, -31.74945256255311 ], [ -60.491766943038662, -31.74946140105482 ], [ -60.491754079826535, -31.749516528814578 ], [ -60.491751839241218, -31.749521373553588 ], [ -60.491751574752762, -31.749527264780518 ], [ -60.491749456137939, -31.749534350790181 ], [ -60.491749588876289, -31.749536851025379 ], [ -60.49174780882452, -31.749545443709398 ], [ -60.491694725077295, -31.749583592195169 ], [ -60.491694965702209, -31.749629123628225 ], [ -60.491733546306754, -31.749677009331229 ], [ -60.491714443223017, -31.749820012524321 ], [ -60.491716489969662, -31.749826874513371 ], [ -60.49172044058546, -31.749835226435849 ], [ -60.491725288689949, -31.749845228920208 ], [ -60.491726299478479, -31.749854499490947 ], [ -60.491748005881867, -31.749861973307155 ], [ -60.491651725028731, -31.749849363555615 ], [ -60.491598801456966, -31.749917866289422 ], [ -60.491723853840462, -31.750053980842807 ], [ -60.491688731845144, -31.750130003639722 ], [ -60.491476074476722, -31.750221888780185 ], [ -60.491485917369104, -31.750403980243316 ], [ -60.491424232814666, -31.750495282872333 ], [ -60.491238577399535, -31.750655362009027 ], [ -60.491221536974571, -31.75079202476914 ], [ -60.491267223409338, -31.751034687851106 ], [ -60.491223340022863, -31.751133510468591 ], [ -60.491188778137456, -31.751315773113831 ], [ -60.491109130621879, -31.751369201202504 ], [ -60.491082888533697, -31.751445189596602 ], [ -60.491163377466343, -31.751551121505926 ], [ -60.491075009054612, -31.751634938088873 ], [ -60.490978120005408, -31.751787085966324 ], [ -60.490966566189627, -31.751798044595709 ], [ -60.491502847542407, -31.751746857546998 ], [ -60.491543816069246, -31.751630419210876 ], [ -60.491575965390759, -31.751538740296972 ], [ -60.492090150325367, -31.750093570086129 ], [ -60.492162283258118, -31.750004613818103 ], [ -60.492179950884804, -31.750010696947218 ], [ -60.492404571388271, -31.749967132592396 ], [ -60.492865996901621, -31.749350518608928 ], [ -60.49285801299083, -31.749343901995022 ], [ -60.49303474842818, -31.749136383114028 ], [ -60.493144875202788, -31.748899712549534 ], [ -60.493207809401333, -31.748841088210593 ], [ -60.493258049023837, -31.748787883518116 ], [ -60.49327559756928, -31.748767479067862 ], [ -60.493443667253644, -31.74856548640372 ], [ -60.493518163802939, -31.74846493480452 ], [ -60.493456736622804, -31.748431554336083 ], [ -60.493417135411022, -31.748411082579572 ], [ -60.493375080516266, -31.748397591543579 ], [ -60.493288099463456, -31.748353971998366 ], [ -60.493341548568033, -31.74828182924669 ], [ -60.493384455594054, -31.748298686390896 ], [ -60.493486453100125, -31.748343383478375 ], [ -60.493524995205945, -31.748369126068287 ], [ -60.49357011499491, -31.748394524742778 ], [ -60.493596587892149, -31.748358398158043 ], [ -60.493609082364507, -31.748329782635967 ], [ -60.49355027966002, -31.748298991148403 ], [ -60.493376766487785, -31.748212263672119 ], [ -60.493428626103203, -31.748135494728821 ], [ -60.493521423498471, -31.748177264163559 ], [ -60.493587482800542, -31.748211593906596 ], [ -60.493618656084408, -31.748226975801497 ], [ -60.493658273439742, -31.748246518537211 ], [ -60.493695743162547, -31.748203418672006 ], [ -60.493745754465827, -31.748141115092501 ], [ -60.493766821875781, -31.748133521121193 ], [ -60.493792671902696, -31.748106365713632 ], [ -60.493919051331801, -31.747978572000811 ], [ -60.493945779940283, -31.747961865496517 ], [ -60.494090461070144, -31.747917880922063 ], [ -60.49424564914122, -31.747898872506656 ], [ -60.494583475869355, -31.7478370842536 ], [ -60.494617746071988, -31.747831495094569 ], [ -60.494647344279947, -31.747826658561202 ], [ -60.494643569586472, -31.747806476710217 ], [ -60.494639789339821, -31.747797725475884 ], [ -60.494588132433591, -31.747547305226892 ], [ -60.494567709729907, -31.747448300481366 ], [ -60.49455003173464, -31.747359488793261 ], [ -60.494529690299508, -31.747257296147176 ], [ -60.494508202811353, -31.747149345626198 ], [ -60.494490636515152, -31.747061094498736 ], [ -60.494484867918054, -31.747032113666801 ], [ -60.494459946077441, -31.746884124813317 ], [ -60.494443100884794, -31.746784095773247 ], [ -60.494427949848777, -31.746694126670643 ], [ -60.494413063835395, -31.746605731132064 ] ] ] ] } },
{ "type": "Feature", "properties": { "id": 21, "nombre": "SANTA RITA" }, "geometry": { "type": "MultiPolygon", "coordinates": [ [ [ [ -60.552226103620761, -31.743120317872556 ], [ -60.552231303898687, -31.743120053925928 ], [ -60.552507941398346, -31.7430618353307 ], [ -60.552741077991293, -31.743019948678384 ], [ -60.55271972206868, -31.742949945534466 ], [ -60.552853653186531, -31.742921777640188 ], [ -60.552855892027551, -31.742931236573071 ], [ -60.552949645438225, -31.742916714247148 ], [ -60.552938540218051, -31.742889543698702 ], [ -60.55310310461963, -31.742837067064013 ], [ -60.552859149090033, -31.742320541980181 ], [ -60.552200512554478, -31.742544469777723 ], [ -60.552130602321476, -31.742565179287116 ], [ -60.552131279717791, -31.742570374010459 ], [ -60.552226371020048, -31.743121868680536 ], [ -60.552226103620761, -31.743120317872556 ] ] ] ] } },
{ "type": "Feature", "properties": { "id": 106, "nombre": "4 DE JUNIO" }, "geometry": { "type": "MultiPolygon", "coordinates": [ [ [ [ -60.476236015859193, -31.754689645385206 ], [ -60.476195090462895, -31.75447697711483 ], [ -60.47616514829123, -31.754335964399406 ], [ -60.476158776191667, -31.754305949584456 ], [ -60.475913174083935, -31.754305070118448 ], [ -60.473436401043053, -31.754734047253706 ], [ -60.473433981350816, -31.754816550428856 ], [ -60.473486562820739, -31.755105084668916 ], [ -60.473546051633434, -31.755097442508582 ], [ -60.476236015859193, -31.754689645385206 ] ] ] ] } },
{ "type": "Feature", "properties": { "id": 32, "nombre": "PLAN RAIZ - IAPV" }, "geometry": { "type": "MultiPolygon", "coordinates": [ [ [ [ -60.550811493466888, -31.722545529233262 ], [ -60.550706383290546, -31.722570170724918 ], [ -60.550567945489398, -31.722597066379812 ], [ -60.550466707910047, -31.722618227879295 ], [ -60.550419865653936, -31.722633157204267 ], [ -60.550394193795327, -31.7226418355358 ], [ -60.550366883072087, -31.72266778217724 ], [ -60.55041251917207, -31.72286811935998 ], [ -60.550453936707115, -31.723085175190597 ], [ -60.550519629430219, -31.723326548844323 ], [ -60.550574468163568, -31.723491628478055 ], [ -60.550619435114605, -31.723614517515458 ], [ -60.55062968549413, -31.723642186828165 ], [ -60.550743115921293, -31.723969420998834 ], [ -60.550918699375352, -31.723904674949239 ], [ -60.550961362315782, -31.724026870476173 ], [ -60.550994221468457, -31.72412098568245 ], [ -60.551021696185508, -31.724199678627688 ], [ -60.55105009219217, -31.724281010175492 ], [ -60.551081302649749, -31.724370402668058 ], [ -60.551118333806748, -31.724476466475195 ], [ -60.551151375237076, -31.724571102777386 ], [ -60.550969830292374, -31.724618791421182 ], [ -60.551003258681419, -31.724714538913148 ], [ -60.551173474937592, -31.72463439998031 ], [ -60.551287724720716, -31.724578456756674 ], [ -60.551442711102936, -31.724487701543875 ], [ -60.551509489925607, -31.72444959294214 ], [ -60.551559888971425, -31.724415931112564 ], [ -60.551584092063514, -31.724390791287806 ], [ -60.551604205364313, -31.7243576212758 ], [ -60.551615633998665, -31.724320320237151 ], [ -60.551617531510409, -31.724298658827905 ], [ -60.551616136840366, -31.724276957553922 ], [ -60.551603659194754, -31.724234931652877 ], [ -60.551570004710271, -31.724088251863723 ], [ -60.551479274924773, -31.723713303939682 ], [ -60.551331145884838, -31.723734191001263 ], [ -60.551094362828124, -31.72378292223593 ], [ -60.551063245770166, -31.723673807740226 ], [ -60.551149838773895, -31.723647171776026 ], [ -60.551349501717148, -31.723585758777158 ], [ -60.551387250566258, -31.723579758334033 ], [ -60.551466866941801, -31.723567196256191 ], [ -60.551604544820641, -31.72352937259668 ], [ -60.551591428364233, -31.723420441872474 ], [ -60.551583326539152, -31.723363660947559 ], [ -60.551523730080781, -31.723118690289255 ], [ -60.551488918452151, -31.72298985949924 ], [ -60.551485855396905, -31.722818618680318 ], [ -60.551455339892065, -31.722830351839669 ], [ -60.551267193535708, -31.722908453368721 ], [ -60.551220741713216, -31.722925175962857 ], [ -60.551174698591048, -31.722941748563347 ], [ -60.551121164993532, -31.72296137351136 ], [ -60.550977541370045, -31.723017538954171 ], [ -60.55092258533189, -31.722874765273335 ], [ -60.550895489302015, -31.722804370651531 ], [ -60.550838882815718, -31.722657308432694 ], [ -60.550840984049792, -31.722641224524207 ], [ -60.550811493466888, -31.722545529233262 ] ] ], [ [ [ -60.550188330635294, -31.722573264374965 ], [ -60.549993995685654, -31.722637980362414 ], [ -60.549916904860069, -31.722645933494057 ], [ -60.549912130950389, -31.722841671658024 ], [ -60.549931606390317, -31.723005794880198 ], [ -60.549978939410288, -31.723154331337664 ], [ -60.549985109403551, -31.723271859705751 ], [ -60.550004621498871, -31.723361752207563 ], [ -60.550042469868444, -31.723488919849547 ], [ -60.550071456286027, -31.723553700274088 ], [ -60.550095980911735, -31.723609761110254 ], [ -60.55013660316996, -31.723717067209492 ], [ -60.550158093465228, -31.723773853586387 ], [ -60.550305707692473, -31.724140761727313 ], [ -60.550369606693629, -31.72431243085699 ], [ -60.550432972544684, -31.724493824095219 ], [ -60.550460758257366, -31.724600067108312 ], [ -60.550476595573137, -31.724660620582714 ], [ -60.550492316854665, -31.724899820087177 ], [ -60.550558934247015, -31.724890432812977 ], [ -60.550629336805585, -31.72487166804703 ], [ -60.55065029008049, -31.724866085326983 ], [ -60.5506678828406, -31.724861400924315 ], [ -60.550702878902918, -31.72484965595336 ], [ -60.550811389451795, -31.724813253912131 ], [ -60.550858731568255, -31.724782765526875 ], [ -60.550852784052516, -31.724763708275976 ], [ -60.55082889514366, -31.724674330856459 ], [ -60.550807997204359, -31.724607197939427 ], [ -60.550670632964923, -31.724248714434903 ], [ -60.550668230865725, -31.724215410808227 ], [ -60.550643398680883, -31.724112771338756 ], [ -60.550633595590931, -31.724114364849768 ], [ -60.550619859344344, -31.724071749069559 ], [ -60.550606101475807, -31.724029043196786 ], [ -60.55055663250635, -31.723879056255214 ], [ -60.550493036930746, -31.72371680010777 ], [ -60.550438023739268, -31.723552550880235 ], [ -60.550399841031059, -31.723438533650825 ], [ -60.550378726294284, -31.723388175825889 ], [ -60.55035257860618, -31.723316366889833 ], [ -60.550366318370401, -31.723313196220001 ], [ -60.550313172007527, -31.723161248996114 ], [ -60.550307748410944, -31.723136183190086 ], [ -60.550258805889911, -31.722913540498638 ], [ -60.55022684182952, -31.722773351989002 ], [ -60.550188330635294, -31.722573264374965 ] ] ] ] } },
{ "type": "Feature", "properties": { "id": 33, "nombre": "CALLE IZAGUIRRE" }, "geometry": { "type": "MultiPolygon", "coordinates": [ [ [ [ -60.448381485772458, -31.773592601428742 ], [ -60.4507421951118, -31.773204157527879 ], [ -60.451516792546322, -31.773076691545793 ], [ -60.453447528241099, -31.772761975098664 ], [ -60.453350558948564, -31.772309524303147 ], [ -60.45239182032347, -31.772476880433604 ], [ -60.451904211490415, -31.772183852052795 ], [ -60.451582416531373, -31.772124701488412 ], [ -60.451127898235789, -31.772186603971935 ], [ -60.450808117314935, -31.772542786810142 ], [ -60.450645003828342, -31.7728649187355 ], [ -60.450386262626843, -31.77287253276452 ], [ -60.449952900644128, -31.772445324210505 ], [ -60.449576829767665, -31.772513642873935 ], [ -60.449076133970436, -31.772756575511536 ], [ -60.448545266107637, -31.773247476523007 ], [ -60.448368061094172, -31.773411340477544 ], [ -60.448381485772458, -31.773592601428742 ] ] ] ] } },
{ "type": "Feature", "properties": { "id": 35, "nombre": "RONDEAU" }, "geometry": { "type": "MultiPolygon", "coordinates": [ [ [ [ -60.500281964125669, -31.737639502688467 ], [ -60.500157245798597, -31.737380019938421 ], [ -60.499950276584158, -31.737113833450138 ], [ -60.499598416278531, -31.737424369446703 ], [ -60.499353168504946, -31.73768530285496 ], [ -60.499395104992722, -31.737839716637342 ], [ -60.499929084097026, -31.737760334103246 ], [ -60.500281964125669, -31.737639502688467 ] ] ] ] } },
{ "type": "Feature", "properties": { "id": 37, "nombre": "SAN CAYETANO" }, "geometry": { "type": "MultiPolygon", "coordinates": [ [ [ [ -60.502179001623261, -31.731138646742188 ], [ -60.501906626865186, -31.731176218072694 ], [ -60.501944964983984, -31.731277029677631 ], [ -60.501948044577659, -31.731432292449828 ], [ -60.501955650403033, -31.731595205194516 ], [ -60.501898059046781, -31.731727703216162 ], [ -60.501830662710155, -31.731834573069872 ], [ -60.501631711645615, -31.731952291587376 ], [ -60.501403958739814, -31.732135300175056 ], [ -60.50123914962537, -31.73234681547935 ], [ -60.501209883129214, -31.73241621329144 ], [ -60.501199583610372, -31.732457898605752 ], [ -60.501195486393065, -31.73256743913301 ], [ -60.501164896240894, -31.732717083314984 ], [ -60.501180202103754, -31.732791596816817 ], [ -60.501205117405888, -31.73283750615732 ], [ -60.501122722421862, -31.732945180614021 ], [ -60.50099775042797, -31.733058773359247 ], [ -60.500906240570551, -31.733139645819012 ], [ -60.500902260853287, -31.73323359315906 ], [ -60.500918556762478, -31.733344713491309 ], [ -60.500939265481158, -31.733442397826845 ], [ -60.500944524052862, -31.733586150062131 ], [ -60.500967382576043, -31.733666573135224 ], [ -60.500963310202685, -31.733743268029357 ], [ -60.500908790207291, -31.733786028431023 ], [ -60.501128743000024, -31.73422168654583 ], [ -60.501053039070051, -31.734585973083313 ], [ -60.501090104281225, -31.734570782376291 ], [ -60.501236687583244, -31.734510706913934 ], [ -60.501309334294795, -31.734377282685202 ], [ -60.501308606051026, -31.734372415075619 ], [ -60.501308047839409, -31.73436869266083 ], [ -60.501306967220827, -31.734365937272486 ], [ -60.501304953601569, -31.734362364876961 ], [ -60.501300448058686, -31.734356538657345 ], [ -60.501297346300682, -31.734354693061071 ], [ -60.50129432083525, -31.734353298085964 ], [ -60.501291070862983, -31.734351362888219 ], [ -60.501288254448035, -31.734349597335253 ], [ -60.501285383476137, -31.734347498315017 ], [ -60.501283468517244, -31.734344610931533 ], [ -60.501281235942891, -31.734339569393139 ], [ -60.501284406009077, -31.73433646360473 ], [ -60.501288658615351, -31.734332550918534 ], [ -60.501292965181285, -31.734330820479332 ], [ -60.501298490041499, -31.734329978072552 ], [ -60.501306673195032, -31.734328971896641 ], [ -60.501314340171618, -31.734328130082179 ], [ -60.501321754092885, -31.734327325336306 ], [ -60.501327965710615, -31.734326642558663 ], [ -60.501332996177524, -31.734326090684686 ], [ -60.501336961517765, -31.734325660239641 ], [ -60.501341487039838, -31.734325398941159 ], [ -60.501347593816618, -31.734324842832937 ], [ -60.501352750859454, -31.734324281441847 ], [ -60.501358654767159, -31.734323284228157 ], [ -60.501361708841813, -31.734322153929611 ], [ -60.501365097862468, -31.734320517281553 ], [ -60.501369569422408, -31.734318073734958 ], [ -60.501375847472481, -31.734316010874359 ], [ -60.50137928550059, -31.734315636612898 ], [ -60.501384442494128, -31.734315066202285 ], [ -60.501389967401096, -31.73431423280978 ], [ -60.501393636214381, -31.734313605124107 ], [ -60.50139766234043, -31.734312705479859 ], [ -60.501401331104987, -31.734312068775729 ], [ -60.501405104127237, -31.734311197182222 ], [ -60.50141015357903, -31.734309878315653 ], [ -60.501424840783585, -31.73430604216275 ], [ -60.501440264140875, -31.734299184101051 ], [ -60.501498855658411, -31.734273131106438 ], [ -60.50151702627867, -31.734265051446016 ], [ -60.501536850469783, -31.734244808236429 ], [ -60.501552518405525, -31.734193476824355 ], [ -60.501569737168062, -31.734134248183377 ], [ -60.501595392609758, -31.734077989474049 ], [ -60.501615130811366, -31.734047673007357 ], [ -60.501654167587553, -31.733987709158303 ], [ -60.501674853531, -31.733958994231923 ], [ -60.501701352826153, -31.733935983120684 ], [ -60.501724483570946, -31.733920440960791 ], [ -60.501737143258367, -31.733911934577652 ], [ -60.50174135533954, -31.733908382579024 ], [ -60.501748860512144, -31.733901021052599 ], [ -60.501757217382789, -31.733893097030357 ], [ -60.501764844073406, -31.733884788089721 ], [ -60.501771867844418, -31.733874253970669 ], [ -60.501776869906124, -31.733864521432015 ], [ -60.501782158576347, -31.733853146411043 ], [ -60.501788463348561, -31.733842344568895 ], [ -60.501791406405331, -31.733832367619797 ], [ -60.501788199350081, -31.733820773529747 ], [ -60.501783175261508, -31.733808798800716 ], [ -60.501780172297266, -31.733795914271795 ], [ -60.501776681122799, -31.733782508595969 ], [ -60.501767473909268, -31.733777539615861 ], [ -60.501756097360023, -31.733773390833569 ], [ -60.501744864068179, -31.733768411790976 ], [ -60.501736124601443, -31.733762124276783 ], [ -60.501730593044535, -31.733753885172195 ], [ -60.501726945532312, -31.733744754844967 ], [ -60.501724507028506, -31.733734790063139 ], [ -60.501722624432681, -31.733722243822591 ], [ -60.50172191121267, -31.733709341260166 ], [ -60.501721493880439, -31.733698475697647 ], [ -60.501720680724603, -31.733688567646539 ], [ -60.501720423427571, -31.733676069118598 ], [ -60.501722537745557, -31.733665040277113 ], [ -60.501728094336819, -31.733656387768566 ], [ -60.501734320319159, -31.733648589375367 ], [ -60.501739762153989, -31.733638223816754 ], [ -60.501742221957322, -31.733628645581732 ], [ -60.501743088751674, -31.733619136746672 ], [ -60.50174373716721, -31.733608266988682 ], [ -60.501747552434118, -31.733599576241968 ], [ -60.501751406797531, -31.73359030816184 ], [ -60.501755117855566, -31.733581861322673 ], [ -60.501754250090521, -31.733571610786356 ], [ -60.501752706805021, -31.733561326835588 ], [ -60.501750949467059, -31.73355048458491 ], [ -60.501749110294725, -31.733538163634176 ], [ -60.501748055219956, -31.73352840083021 ], [ -60.501748522501288, -31.73351720712169 ], [ -60.501747610731435, -31.733506623076604 ], [ -60.501745968786352, -31.733495654113508 ], [ -60.501744178628158, -31.733484595549534 ], [ -60.501741773686241, -31.733473025355277 ], [ -60.501739494002429, -31.733463159150734 ], [ -60.501737170944793, -31.733453076674618 ], [ -60.50173526412847, -31.733443867347408 ], [ -60.50173274311193, -31.733434254608685 ], [ -60.50173069426085, -31.733424143997681 ], [ -60.501728020711852, -31.733411682036028 ], [ -60.50172461513111, -31.733402406460968 ], [ -60.501722148723431, -31.733393136207322 ], [ -60.501719852313876, -31.733384081726594 ], [ -60.501717534855203, -31.73337307934824 ], [ -60.501718127396558, -31.733363589629388 ], [ -60.501717126933833, -31.733354169310243 ], [ -60.501715018522596, -31.733342796353242 ], [ -60.501712980810744, -31.733332793919104 ], [ -60.501710706090783, -31.733323847573928 ], [ -60.501707575940692, -31.733312812320595 ], [ -60.501705521500348, -31.733303621610634 ], [ -60.501701445267145, -31.733295214443753 ], [ -60.501698776045153, -31.733285512103169 ], [ -60.501697210452157, -31.733275002778299 ], [ -60.50169677634684, -31.733264939921074 ], [ -60.501701541959235, -31.733256371692583 ], [ -60.50171043103925, -31.733249311347166 ], [ -60.501707677991128, -31.733220770066513 ], [ -60.501706527741376, -31.733197906822429 ], [ -60.501704562543289, -31.7331589607765 ], [ -60.501759756082286, -31.733154162147432 ], [ -60.501799557277153, -31.733148008201713 ], [ -60.501849743021246, -31.733140126909948 ], [ -60.501925411798979, -31.733128258306714 ], [ -60.501924486787473, -31.733117178300962 ], [ -60.501960791330148, -31.733112264580949 ], [ -60.501988822142422, -31.733109151048716 ], [ -60.502016549230497, -31.733098634576958 ], [ -60.50204771074673, -31.733094913484628 ], [ -60.502094068138689, -31.733089382949437 ], [ -60.502180128635075, -31.733079087557464 ], [ -60.502241857519472, -31.733071052410292 ], [ -60.502305674212103, -31.733062738452503 ], [ -60.502351164173426, -31.733056814431553 ], [ -60.502409416483886, -31.733047873025974 ], [ -60.502442019066905, -31.733006160537634 ], [ -60.502439698573639, -31.732996565059011 ], [ -60.502426668420462, -31.732932360121918 ], [ -60.502433428927169, -31.732931729237848 ], [ -60.502424967564728, -31.732888979167839 ], [ -60.502414662116216, -31.73283692032939 ], [ -60.502414080255832, -31.732833981010913 ], [ -60.502408658875446, -31.732811454659732 ], [ -60.502406645855814, -31.732803090368872 ], [ -60.502398424847968, -31.732768931270904 ], [ -60.502346915158903, -31.732554865446264 ], [ -60.502316681082604, -31.732485975584332 ], [ -60.502314622981942, -31.73235485573629 ], [ -60.502316619396247, -31.732290699781355 ], [ -60.502319073230225, -31.732211580448741 ], [ -60.502320242263657, -31.732174005064653 ], [ -60.502312294656008, -31.732097763085513 ], [ -60.502231408315659, -31.731321806859363 ], [ -60.50216553867898, -31.731272077223927 ], [ -60.502160932162546, -31.731247511129883 ], [ -60.502203888456904, -31.731196532048404 ], [ -60.502179001623261, -31.731138646742188 ] ] ] ] } },
{ "type": "Feature", "properties": { "id": 40, "nombre": "MALVINAS ARGENTINAS" }, "geometry": { "type": "MultiPolygon", "coordinates": [ [ [ [ -60.552379325123425, -31.725850449076479 ], [ -60.552424352298047, -31.725833479717512 ], [ -60.552392331086182, -31.725718182888833 ], [ -60.552387943057994, -31.725702392638375 ], [ -60.552267704681832, -31.725464629291874 ], [ -60.552287120050977, -31.725454137934396 ], [ -60.552219044592285, -31.725338351766428 ], [ -60.552146829966965, -31.725215532437858 ], [ -60.552117625204701, -31.725165868303389 ], [ -60.551950441986584, -31.724884694934353 ], [ -60.551902432860857, -31.72480435940205 ], [ -60.551873592585991, -31.72481437745531 ], [ -60.55181134191475, -31.724716231780437 ], [ -60.551700169357659, -31.724554413761751 ], [ -60.55166020805499, -31.724538670433081 ], [ -60.551617362245494, -31.724541613134942 ], [ -60.551584024600579, -31.724552203048535 ], [ -60.551532801314139, -31.724572220085399 ], [ -60.551472278184384, -31.724611116788523 ], [ -60.551478205821155, -31.724649256985153 ], [ -60.551230928248003, -31.724767457627749 ], [ -60.551110154553371, -31.724829007411046 ], [ -60.551078396325167, -31.724845188454299 ], [ -60.551010208945634, -31.724872754877104 ], [ -60.550932846634048, -31.724904671716629 ], [ -60.550911238184263, -31.724963592179073 ], [ -60.551197776132895, -31.725467997583497 ], [ -60.551613658243838, -31.726199169592228 ], [ -60.55192073860087, -31.726078986819168 ], [ -60.551972332541077, -31.726055513971414 ], [ -60.552031776569962, -31.726028471892629 ], [ -60.55204323064175, -31.726049047382915 ], [ -60.55207206156404, -31.726010693500587 ], [ -60.552102296263726, -31.725988692437909 ], [ -60.552157863844073, -31.725948257202546 ], [ -60.552170697842044, -31.725943833148385 ], [ -60.552184040856588, -31.725939233627425 ], [ -60.552227868894335, -31.725915289055372 ], [ -60.552257311182444, -31.725899203834693 ], [ -60.552291064052227, -31.725880763596574 ], [ -60.55230362207854, -31.725876450368713 ], [ -60.552379325123425, -31.725850449076479 ] ] ] ] } },
{ "type": "Feature", "properties": { "id": 41, "nombre": "EL TUNEL" }, "geometry": { "type": "MultiPolygon", "coordinates": [ [ [ [ -60.50577032282613, -31.719368620542578 ], [ -60.505871374290329, -31.719354646851059 ], [ -60.505874811208422, -31.719354173272588 ], [ -60.505969035856829, -31.719341144565739 ], [ -60.505980638472266, -31.719339540234444 ], [ -60.505958533409206, -31.719193565223989 ], [ -60.505952098805245, -31.719151059771892 ], [ -60.505944438682391, -31.719100478655491 ], [ -60.505940346060882, -31.719073466615811 ], [ -60.505863027728651, -31.719084406178659 ], [ -60.505811000707958, -31.719091764233969 ], [ -60.505720093156398, -31.719104633461484 ], [ -60.505611984110921, -31.719118698151306 ], [ -60.505606596955552, -31.719119468047317 ], [ -60.505569456191587, -31.719124782907869 ], [ -60.505532659546049, -31.719130050434476 ], [ -60.505470516070524, -31.719138946393961 ], [ -60.505466499428188, -31.719139521462861 ], [ -60.505369272276077, -31.719152442551866 ], [ -60.505267775145313, -31.719165921596691 ], [ -60.505264180562804, -31.719166504004939 ], [ -60.505165060858886, -31.719182588895183 ], [ -60.505156606775529, -31.71918396614214 ], [ -60.505084951963596, -31.719192601126124 ], [ -60.504966978731211, -31.719206812571102 ], [ -60.504948401791054, -31.71920923996532 ], [ -60.504854378420283, -31.719221525700274 ], [ -60.504745478702041, -31.719235755119815 ], [ -60.504659273957984, -31.719246224103436 ], [ -60.504532897822251, -31.719261550623372 ], [ -60.504516565689585, -31.719263527167122 ], [ -60.504409467534607, -31.719277298248446 ], [ -60.504291214594225, -31.719292502204951 ], [ -60.504285542313518, -31.719293228080879 ], [ -60.504199570593066, -31.719303885219833 ], [ -60.504101357846523, -31.719316060710579 ], [ -60.504149362632475, -31.719583060390583 ], [ -60.504248921610852, -31.719570049839856 ], [ -60.504325907721736, -31.719559996374919 ], [ -60.504359087016681, -31.719555662521394 ], [ -60.504470000926823, -31.719541172943167 ], [ -60.504579048654492, -31.71952692513436 ], [ -60.504712503705889, -31.719509487281424 ], [ -60.504745661862728, -31.719505153411166 ], [ -60.504809401242781, -31.71949795683685 ], [ -60.504919186958553, -31.719485572633698 ], [ -60.505026853046104, -31.719473386120161 ], [ -60.505131108619416, -31.719456821046062 ], [ -60.505212404777133, -31.71944390915916 ], [ -60.505256911003784, -31.719436833670006 ], [ -60.505315657476416, -31.719429196690012 ], [ -60.50537242386536, -31.719421820948138 ], [ -60.505418179152073, -31.719415875876074 ], [ -60.505521702396379, -31.719402424750154 ], [ -60.505592046290701, -31.719393280667649 ], [ -60.505622630563778, -31.719389046961673 ], [ -60.505718353286909, -31.719375808154169 ], [ -60.50577032282613, -31.719368620542578 ] ] ] ] } },
{ "type": "Feature", "properties": { "id": 42, "nombre": "LOMAS DEL MIRADOR II" }, "geometry": { "type": "MultiPolygon", "coordinates": [ [ [ [ -60.4887549555135, -31.751165453332987 ], [ -60.488761517397307, -31.751199066835518 ], [ -60.488946185568324, -31.752145328712061 ], [ -60.490151552378826, -31.751948465795316 ], [ -60.489960884834154, -31.750984286490361 ], [ -60.489204465142507, -31.751098389906858 ], [ -60.488778019461449, -31.751162010012397 ], [ -60.4887549555135, -31.751165453332987 ] ] ] ] } },
{ "type": "Feature", "properties": { "id": 55, "nombre": "4 DE JUNIO" }, "geometry": { "type": "MultiPolygon", "coordinates": [ [ [ [ -60.478892969050918, -31.754871914220161 ], [ -60.478579518133245, -31.755924857214943 ], [ -60.47876450571475, -31.755287290380025 ], [ -60.478892969050918, -31.754871914220161 ] ] ] ] } },
{ "type": "Feature", "properties": { "id": 44, "nombre": "AMEGHINO" }, "geometry": { "type": "MultiPolygon", "coordinates": [ [ [ [ -60.54568795189067, -31.729897898577018 ], [ -60.545597523703258, -31.729711037406084 ], [ -60.545581600432769, -31.729678133409418 ], [ -60.545345472862522, -31.729690552160207 ], [ -60.545310272923032, -31.729697863368649 ], [ -60.545260703203638, -31.72972022077014 ], [ -60.545195339826982, -31.729748153377429 ], [ -60.545159886225782, -31.729774757269169 ], [ -60.545131214334724, -31.729806714864214 ], [ -60.545278847646912, -31.729875858788713 ], [ -60.545343204809768, -31.729905037569033 ], [ -60.545403458910421, -31.729934477369948 ], [ -60.545470596295516, -31.729968117317501 ], [ -60.545521795218384, -31.729995440413457 ], [ -60.545634989770157, -31.730055857196405 ], [ -60.545664807367629, -31.730071773293858 ], [ -60.545695545810169, -31.730088172435639 ], [ -60.545740333353798, -31.730116172215631 ], [ -60.545743349305269, -31.730103253966252 ], [ -60.545747887722811, -31.730080048217484 ], [ -60.545763265422273, -31.730037487654702 ], [ -60.545705462380553, -31.729931182689679 ], [ -60.54568795189067, -31.729897898577018 ] ] ], [ [ [ -60.545197869147358, -31.728890590626815 ], [ -60.545150843291871, -31.72883396880556 ], [ -60.545181918990224, -31.728808936076717 ], [ -60.545181111903545, -31.728806252043547 ], [ -60.545176654372355, -31.728794628345906 ], [ -60.545175572158648, -31.72879181021333 ], [ -60.545063114145506, -31.728660424006396 ], [ -60.545001222504865, -31.728680953007061 ], [ -60.544970659659519, -31.728730513565864 ], [ -60.54493672678182, -31.728755946250054 ], [ -60.544877433518337, -31.728800389915278 ], [ -60.544874593601882, -31.728951595639966 ], [ -60.544888827323454, -31.729050692172343 ], [ -60.54492239391022, -31.729164586423973 ], [ -60.544934430746025, -31.729191184355184 ], [ -60.544902390273379, -31.729415609083201 ], [ -60.544826843283083, -31.729655983937938 ], [ -60.544862300797185, -31.729674653787768 ], [ -60.544915942259102, -31.72970290460394 ], [ -60.545076337523057, -31.729787361570146 ], [ -60.545093500972484, -31.729788442528733 ], [ -60.545152337866348, -31.729753926446168 ], [ -60.545228575700328, -31.729723232820213 ], [ -60.545261063435795, -31.729696703086262 ], [ -60.545301549191755, -31.729682082407187 ], [ -60.545451333936732, -31.729646576376961 ], [ -60.545667700330945, -31.729616547918113 ], [ -60.545674531254235, -31.729608221742687 ], [ -60.545682479059622, -31.729596021889751 ], [ -60.545684430595266, -31.729559921878433 ], [ -60.545663419503143, -31.729528862255343 ], [ -60.545615802671065, -31.72946095007492 ], [ -60.545591903880762, -31.729426872615932 ], [ -60.5455855407562, -31.729417791262666 ], [ -60.54557585784638, -31.72940398945568 ], [ -60.545538785995085, -31.729351119901501 ], [ -60.545442076354, -31.729166800752314 ], [ -60.545429967384017, -31.729150934094154 ], [ -60.545369036519077, -31.729071112348045 ], [ -60.545351423962572, -31.729052781136492 ], [ -60.545336295595504, -31.729037027576862 ], [ -60.545287407286516, -31.728986147455473 ], [ -60.545244627977901, -31.728947803822908 ], [ -60.54522817267825, -31.728927077765757 ], [ -60.545197869147358, -31.728890590626815 ] ] ] ] } },
{ "type": "Feature", "properties": { "id": 45, "nombre": "ESTACION PARERA" }, "geometry": { "type": "MultiPolygon", "coordinates": [ [ [ [ -60.455214290547794, -31.751624721901862 ], [ -60.455640864160976, -31.753869769085 ], [ -60.45647152729142, -31.753765337771693 ], [ -60.456962690724843, -31.753611390078774 ], [ -60.457104805949292, -31.753190554036635 ], [ -60.457271793367298, -31.75265367646978 ], [ -60.458449597856053, -31.752432033928493 ], [ -60.459815054901057, -31.752427113607549 ], [ -60.45969359801088, -31.751876779488107 ], [ -60.459184770841112, -31.751885861221634 ], [ -60.458616004587469, -31.7517792045867 ], [ -60.45763957968316, -31.751558058123987 ], [ -60.456969294137217, -31.751502487739863 ], [ -60.456095997941595, -31.751556345778351 ], [ -60.455214290547794, -31.751624721901862 ] ] ], [ [ [ -60.454851377779796, -31.75198836831041 ], [ -60.449485557486227, -31.752565429936155 ], [ -60.449615681414194, -31.753166472547022 ], [ -60.454946299698967, -31.752321391747842 ], [ -60.454851377779796, -31.75198836831041 ] ] ] ] } },
{ "type": "Feature", "properties": { "id": 47, "nombre": "LAS PIEDRAS-B° EL PEREJIL" }, "geometry": { "type": "MultiPolygon", "coordinates": [ [ [ [ -60.544833194629391, -31.763126549877548 ], [ -60.540251822745667, -31.763828926790989 ], [ -60.540694237859853, -31.765593547406798 ], [ -60.540856132469642, -31.766239263821074 ], [ -60.54087856411558, -31.766328731656731 ], [ -60.541400321297473, -31.768409690344122 ], [ -60.541529730928971, -31.768388622482057 ], [ -60.5415928173881, -31.768378351968014 ], [ -60.542366846068056, -31.768252336904425 ], [ -60.542677962289972, -31.768201684480719 ], [ -60.542687098171527, -31.768200197067522 ], [ -60.542894495836919, -31.768166430457995 ], [ -60.542708568031919, -31.767284123789416 ], [ -60.542497162892019, -31.767318752628416 ], [ -60.542492028424149, -31.767294141304802 ], [ -60.542660069458499, -31.767168338443707 ], [ -60.542758187644736, -31.76702264343886 ], [ -60.542826558662433, -31.766864952162084 ], [ -60.542924087361108, -31.766732722900915 ], [ -60.543015667003793, -31.766577035620543 ], [ -60.543167621853961, -31.766483110765705 ], [ -60.543185522939844, -31.766475592490846 ], [ -60.543413174888798, -31.766409970887821 ], [ -60.54356566527661, -31.76624136165815 ], [ -60.543582899250694, -31.766140325123633 ], [ -60.543649582294194, -31.766037894240039 ], [ -60.543677623687913, -31.765993557810081 ], [ -60.54369992908326, -31.765931190578023 ], [ -60.543795435914859, -31.765673814482255 ], [ -60.543876534309433, -31.765519776150555 ], [ -60.544023641875668, -31.765413304700843 ], [ -60.544193452777442, -31.765339539075676 ], [ -60.544200312642374, -31.765327786778165 ], [ -60.544284005928098, -31.765184403456058 ], [ -60.544338193221094, -31.765048251425526 ], [ -60.544382824811017, -31.764876844622677 ], [ -60.544383718566564, -31.764536888293534 ], [ -60.544339677019963, -31.764240509217249 ], [ -60.544301505763954, -31.764086002317526 ], [ -60.54429266415157, -31.764003874964871 ], [ -60.544290285719775, -31.763926964984705 ], [ -60.544288362719939, -31.763864781928469 ], [ -60.544292486361883, -31.763770239632702 ], [ -60.544314597084487, -31.763726378724627 ], [ -60.544318690600683, -31.763720799670324 ], [ -60.544372322876114, -31.763647704154149 ], [ -60.544435474048477, -31.76357809671158 ], [ -60.54448592774078, -31.763513571218468 ], [ -60.544562141736087, -31.763409355348045 ], [ -60.54466743969347, -31.763245468633698 ], [ -60.544833194629391, -31.763126549877548 ] ] ], [ [ [ -60.546660161623578, -31.766667325802921 ], [ -60.545612133473938, -31.766837006034219 ], [ -60.545793100747119, -31.767728263294675 ], [ -60.546855073051432, -31.767569088700839 ], [ -60.546660161623578, -31.766667325802921 ] ] ], [ [ [ -60.544575130315046, -31.767004892193043 ], [ -60.543536475754593, -31.767152879087288 ], [ -60.543572386669631, -31.767336847957687 ], [ -60.543583940320822, -31.767420822652291 ], [ -60.543712542002886, -31.76804138171811 ], [ -60.544059287115928, -31.767988933530781 ], [ -60.544133789199591, -31.767977658001985 ], [ -60.54434010432643, -31.767946456813213 ], [ -60.544442955981935, -31.767930902493031 ], [ -60.544647446273352, -31.767899970139414 ], [ -60.544757955420145, -31.767883407875473 ], [ -60.544575130315046, -31.767004892193043 ] ] ], [ [ [ -60.547367947779527, -31.767477135997101 ], [ -60.546785758469987, -31.764864642668787 ], [ -60.54637810478139, -31.764844166813365 ], [ -60.546398368091644, -31.764934027311764 ], [ -60.546546429355296, -31.76559062233142 ], [ -60.546570670106675, -31.765698127584415 ], [ -60.546585629063486, -31.765764463669722 ], [ -60.54659674926787, -31.765813782412785 ], [ -60.54663253059735, -31.765978411978999 ], [ -60.546641166866365, -31.766018146164562 ], [ -60.546921180619044, -31.767306485471615 ], [ -60.546931455531585, -31.767353771185487 ], [ -60.54696966792347, -31.767529609717258 ], [ -60.547367947779527, -31.767477135997101 ] ] ], [ [ [ -60.549160695456791, -31.767224337129878 ], [ -60.550377072909946, -31.767020087278315 ], [ -60.549975814866535, -31.765411728592451 ], [ -60.549083656314885, -31.764936167822945 ], [ -60.54854435046839, -31.765047036830133 ], [ -60.548548192575545, -31.765698293511971 ], [ -60.548922378135664, -31.766311772940938 ], [ -60.549160695456791, -31.767224337129878 ] ] ] ] } },
{ "type": "Feature", "properties": { "id": 72, "nombre": "ARROYO LOS BERROS" }, "geometry": { "type": "MultiPolygon", "coordinates": [ [ [ [ -60.530759685918412, -31.775256491189626 ], [ -60.528689390447092, -31.775571963138827 ], [ -60.528637759283924, -31.775801515909492 ], [ -60.530814060115794, -31.775508213852341 ], [ -60.530759685918412, -31.775256491189626 ] ] ] ] } },
{ "type": "Feature", "properties": { "id": 48, "nombre": "CROACIA SUR" }, "geometry": { "type": "MultiPolygon", "coordinates": [ [ [ [ -60.565514778717535, -31.711196113670773 ], [ -60.565494389643369, -31.711165808257849 ], [ -60.565363863771765, -31.710971805708031 ], [ -60.565361724046532, -31.710968631694232 ], [ -60.565157224176239, -31.710777941998192 ], [ -60.565146168762361, -31.710770928587451 ], [ -60.565092835096316, -31.710737094374959 ], [ -60.565088352948074, -31.710732109017201 ], [ -60.565080927946696, -31.710730680939758 ], [ -60.564901879889014, -31.710733903343943 ], [ -60.564814749356522, -31.710735467676972 ], [ -60.564656143475027, -31.71073832555728 ], [ -60.564638934213924, -31.710737842624678 ], [ -60.564588752721249, -31.710736445149248 ], [ -60.56455767832098, -31.710735578066487 ], [ -60.564523069913534, -31.710734613013063 ], [ -60.564514251973613, -31.710734859477064 ], [ -60.564316977110245, -31.710740404269401 ], [ -60.564304104368112, -31.710740028356852 ], [ -60.56418257326105, -31.710736506277708 ], [ -60.56365301919778, -31.710721146723401 ], [ -60.563466306027109, -31.710721778844778 ], [ -60.563418514938775, -31.710721940598546 ], [ -60.563339165319043, -31.710722209125827 ], [ -60.56330599576912, -31.710725412912982 ], [ -60.563459413033982, -31.710806518714158 ], [ -60.563565680666485, -31.710862698127176 ], [ -60.563593179707183, -31.710874355257953 ], [ -60.563886472251717, -31.710998684478099 ], [ -60.564283688547647, -31.711166428362155 ], [ -60.565828671661905, -31.712626255569791 ], [ -60.566022762490718, -31.712708967734613 ], [ -60.566215109857012, -31.712900539603762 ], [ -60.566252133694668, -31.712866574164295 ], [ -60.566304390079956, -31.712940004482586 ], [ -60.566331088650323, -31.712921837199893 ], [ -60.566413168947008, -31.713002442763159 ], [ -60.56687253198843, -31.713410560165052 ], [ -60.567315284303895, -31.713839504793761 ], [ -60.567653124608263, -31.713694024575847 ], [ -60.56787185177383, -31.713585530115161 ], [ -60.567990651100423, -31.713526602243892 ], [ -60.568182846502232, -31.713431267424685 ], [ -60.568841530551438, -31.713122058865125 ], [ -60.569327661959925, -31.712893848861199 ], [ -60.56933779681701, -31.712883286323233 ], [ -60.569362327077414, -31.712857720897127 ], [ -60.569394751212087, -31.712820103146672 ], [ -60.569424846907033, -31.712781097078548 ], [ -60.569452532986382, -31.712740807906155 ], [ -60.569474190252734, -31.712691433074909 ], [ -60.569496266773669, -31.712642193847937 ], [ -60.569518760320705, -31.712593095194183 ], [ -60.569555811130847, -31.712513920685407 ], [ -60.569609720148627, -31.712315536956684 ], [ -60.569613394201006, -31.712288375120828 ], [ -60.569608711329934, -31.712197111667212 ], [ -60.569577681981464, -31.712224296504559 ], [ -60.568372318063304, -31.712899689369234 ], [ -60.567623739069255, -31.713154680062516 ], [ -60.567226780045729, -31.713289895055002 ], [ -60.567198885718412, -31.713239552109378 ], [ -60.567456147362201, -31.713151501210646 ], [ -60.567537557523444, -31.713123637459326 ], [ -60.56756821859436, -31.713110458409542 ], [ -60.567608898553836, -31.713092972923356 ], [ -60.567673410506288, -31.713065385187544 ], [ -60.568227761953537, -31.712828321658858 ], [ -60.568314360221635, -31.712794639712239 ], [ -60.568785849055679, -31.712567852533041 ], [ -60.568954285608413, -31.712476123278975 ], [ -60.568958334792924, -31.712473736008157 ], [ -60.56901877572713, -31.712438101919847 ], [ -60.56918482197856, -31.71234020594591 ], [ -60.569275550262915, -31.712293671711173 ], [ -60.569282104957004, -31.712285579984389 ], [ -60.569371602280881, -31.712218895024726 ], [ -60.569404327942991, -31.712191341925124 ], [ -60.569405944496857, -31.712188088529917 ], [ -60.569414895389968, -31.712170074406639 ], [ -60.569423391234977, -31.712139545210345 ], [ -60.569430500006739, -31.712109915030982 ], [ -60.569408129540605, -31.712105631987036 ], [ -60.569277300855994, -31.712074272959764 ], [ -60.569272166178671, -31.712073042325564 ], [ -60.569262453548667, -31.712071913296125 ], [ -60.568738447246325, -31.71201105070266 ], [ -60.56863754621093, -31.712014962777559 ], [ -60.56859093042533, -31.712018476443774 ], [ -60.568536676311915, -31.71202256582724 ], [ -60.568436167378586, -31.712033834990574 ], [ -60.568336348060221, -31.712048733419159 ], [ -60.568237544751575, -31.712067212397688 ], [ -60.568140080525602, -31.712089211503372 ], [ -60.568009007091874, -31.712120023868991 ], [ -60.568112826576964, -31.71228425162661 ], [ -60.56799290104118, -31.712338342575244 ], [ -60.567933295150418, -31.712360865536169 ], [ -60.567898408526062, -31.712374695602865 ], [ -60.567627555328784, -31.712482069179231 ], [ -60.567552413185716, -31.71232475847172 ], [ -60.567511652392483, -31.712239425162032 ], [ -60.567011398792829, -31.712382238859107 ], [ -60.567133592340078, -31.712675576939031 ], [ -60.567015489671327, -31.712689245809216 ], [ -60.566900304149605, -31.712412706498082 ], [ -60.566868918985442, -31.712421218694022 ], [ -60.566664538328574, -31.712476670566545 ], [ -60.566575073394525, -31.712507406094847 ], [ -60.566572905069563, -31.712504746279379 ], [ -60.566546226341956, -31.712472046816284 ], [ -60.566535413785701, -31.712454851651749 ], [ -60.566518148139714, -31.712438208226775 ], [ -60.566513839668737, -31.71243405184407 ], [ -60.566471896769379, -31.712385944585222 ], [ -60.565895557965646, -31.711724865704259 ], [ -60.565870007979328, -31.711695552007189 ], [ -60.565785857963164, -31.711599031576974 ], [ -60.565635597661, -31.711375693093355 ], [ -60.565564321362267, -31.711269751556539 ], [ -60.565514778717535, -31.711196113670773 ] ] ], [ [ [ -60.563500504732126, -31.711678267057703 ], [ -60.563542038908203, -31.711664434298783 ], [ -60.563702888863681, -31.711610863823687 ], [ -60.563802927081625, -31.711577546336944 ], [ -60.563857729459642, -31.711674155826572 ], [ -60.563888418736845, -31.711780228202123 ], [ -60.564352485911613, -31.711591758625151 ], [ -60.564452318825602, -31.711500810705285 ], [ -60.564481233294138, -31.711473460777118 ], [ -60.56416334569554, -31.711244266770763 ], [ -60.563786240276194, -31.711056607229089 ], [ -60.563246757878332, -31.710777422294615 ], [ -60.563162031465453, -31.710797898594304 ], [ -60.56341223239513, -31.711577753159371 ], [ -60.563500504732126, -31.711678267057703 ] ] ], [ [ [ -60.564384612163543, -31.712678352916075 ], [ -60.564932028805146, -31.712432173784755 ], [ -60.56569228008761, -31.712955887659746 ], [ -60.566022356657001, -31.712901129130433 ], [ -60.565804772207237, -31.712644866394349 ], [ -60.56527551729566, -31.712178112099686 ], [ -60.565148483232818, -31.712100801122052 ], [ -60.565051482402957, -31.712008853916963 ], [ -60.565027287765723, -31.711985920800647 ], [ -60.564856617428184, -31.711824146798634 ], [ -60.56473434894783, -31.711708252076825 ], [ -60.564599996886614, -31.711580911488578 ], [ -60.564311722676614, -31.711719092678415 ], [ -60.564415423496456, -31.711872257212047 ], [ -60.564451152170477, -31.711915278902602 ], [ -60.564557103173485, -31.712035169683794 ], [ -60.564841573474958, -31.712357065120507 ], [ -60.564654841673317, -31.712454300753468 ], [ -60.564523533156901, -31.712260030133159 ], [ -60.564439985944439, -31.712136422107886 ], [ -60.564229888297746, -31.711825578115292 ], [ -60.564196569089333, -31.711771046997281 ], [ -60.564105089661041, -31.711813740998217 ], [ -60.564053707889457, -31.711837720920858 ], [ -60.563904751477558, -31.71190410403813 ], [ -60.56394921069267, -31.711971821852551 ], [ -60.563953312176196, -31.711978069375789 ], [ -60.563990978112791, -31.712035440317031 ], [ -60.563992279213217, -31.71203742385374 ], [ -60.564030392320284, -31.71209547480025 ], [ -60.564032692291939, -31.712098976436234 ], [ -60.564079460136924, -31.712170211762199 ], [ -60.564124015139321, -31.712238074403551 ], [ -60.564164922334101, -31.712300382160844 ], [ -60.564206736827835, -31.712364069146023 ], [ -60.56424705012676, -31.712425472377117 ], [ -60.56428727769589, -31.712486745519524 ], [ -60.564329622712727, -31.712551245866106 ], [ -60.56435373603221, -31.712587971858767 ], [ -60.564381227634897, -31.712666422239575 ], [ -60.564384612163543, -31.712678352916075 ] ] ], [ [ [ -60.565082270458447, -31.715183336280198 ], [ -60.566219618484311, -31.715019178441036 ], [ -60.566284248611808, -31.714986257454349 ], [ -60.566344448908382, -31.714947683276442 ], [ -60.566399540716915, -31.714903886620466 ], [ -60.566448908861823, -31.714855359567341 ], [ -60.566491999650438, -31.714802644565548 ], [ -60.566528331178702, -31.714746334935345 ], [ -60.566652510606595, -31.714469763771582 ], [ -60.565974726565535, -31.71448251380577 ], [ -60.565141309724666, -31.714766432654603 ], [ -60.565082270458447, -31.715183336280198 ] ] ] ] } },
{ "type": "Feature", "properties": { "id": 50, "nombre": "PUENTE BLANCO" }, "geometry": { "type": "MultiPolygon", "coordinates": [ [ [ [ -60.542769065232967, -31.734166127795142 ], [ -60.54290907088987, -31.734073668392025 ], [ -60.542852258018392, -31.734021181478933 ], [ -60.542810025633976, -31.733971904431982 ], [ -60.542733510571665, -31.733912005393016 ], [ -60.542702185461323, -31.733878364867088 ], [ -60.542515506620248, -31.733769372416514 ], [ -60.54239202949195, -31.733706030940191 ], [ -60.542248331651201, -31.733629539906786 ], [ -60.542157318917049, -31.733571514890897 ], [ -60.542098722817869, -31.733537097389952 ], [ -60.542013068825376, -31.733486622064891 ], [ -60.542000618926558, -31.73348008355515 ], [ -60.541537947758336, -31.734045878493891 ], [ -60.54135638034721, -31.734267912744865 ], [ -60.541304202165591, -31.734512414385872 ], [ -60.541388704848579, -31.734673917728216 ], [ -60.541402457166797, -31.73467800777566 ], [ -60.541433975355467, -31.734706777861746 ], [ -60.541464997954002, -31.734699323129881 ], [ -60.541533626712848, -31.73467153445036 ], [ -60.541619515901019, -31.734634148955287 ], [ -60.54167276598929, -31.734612945859293 ], [ -60.541713056284514, -31.734596911251394 ], [ -60.541823322903618, -31.734561649551388 ], [ -60.54193887415822, -31.734520611546593 ], [ -60.541966410917809, -31.73451074556537 ], [ -60.542093742636624, -31.734461378435039 ], [ -60.542195694781256, -31.734422670681393 ], [ -60.542254991671221, -31.73440090203535 ], [ -60.542257356993645, -31.734400033694463 ], [ -60.542393095871226, -31.734350206633007 ], [ -60.542536790127947, -31.734285744773508 ], [ -60.542556554560925, -31.734276499000256 ], [ -60.542697060408649, -31.73421077042628 ], [ -60.542769065232967, -31.734166127795142 ] ] ] ] } },
{ "type": "Feature", "properties": { "id": 52, "nombre": "GUIRALDES" }, "geometry": { "type": "MultiPolygon", "coordinates": [ [ [ [ -60.494336844544208, -31.746519479176204 ], [ -60.494240622395864, -31.746531782017936 ], [ -60.494264258452716, -31.746709024898209 ], [ -60.494336844544208, -31.746519479176204 ] ] ], [ [ [ -60.494255855275981, -31.746730968254059 ], [ -60.493984628855614, -31.7469500653925 ], [ -60.493896717967488, -31.747019956164866 ], [ -60.493647038118539, -31.747236833502154 ], [ -60.493244464246416, -31.747563154518666 ], [ -60.493225573105342, -31.747579109067676 ], [ -60.493036739172574, -31.747737409563371 ], [ -60.492970991218776, -31.747795607244672 ], [ -60.492616118166858, -31.748100413180506 ], [ -60.492553794674407, -31.748149687215644 ], [ -60.492546038359492, -31.748155813644242 ], [ -60.492100313256074, -31.748483236072936 ], [ -60.49207087494073, -31.748502640214134 ], [ -60.491944224538997, -31.748594728863075 ], [ -60.491892397099505, -31.748631191980238 ], [ -60.491437456332562, -31.748964496612938 ], [ -60.489685927972083, -31.748430505218913 ], [ -60.489726619895606, -31.748663991017587 ], [ -60.491504846878215, -31.749297199305762 ], [ -60.491698956189808, -31.749282612003103 ], [ -60.491732660310127, -31.749280079109976 ], [ -60.491829614044228, -31.749245868315175 ], [ -60.491972479168112, -31.749194436919147 ], [ -60.49199011013927, -31.749145152687756 ], [ -60.492056383530866, -31.748959896774139 ], [ -60.491965444858913, -31.748885142360301 ], [ -60.492099023163668, -31.7487238047615 ], [ -60.492166804498069, -31.748641937325406 ], [ -60.492491672406047, -31.748761895848666 ], [ -60.492559667783837, -31.748531196138309 ], [ -60.492720617603105, -31.748322859919487 ], [ -60.492963960707471, -31.748372693257995 ], [ -60.493218153390586, -31.748187649807768 ], [ -60.493151183602173, -31.748025778875331 ], [ -60.493176156801226, -31.747910752401687 ], [ -60.493415129105045, -31.747886281119523 ], [ -60.493511036259335, -31.747636652945676 ], [ -60.49371519516405, -31.747428148112 ], [ -60.494004222010489, -31.747388057414799 ], [ -60.494255855275981, -31.746730968254059 ] ] ] ] } },
{ "type": "Feature", "properties": { "id": 53, "nombre": "BARRIO U.O.C.R.A." }, "geometry": { "type": "MultiPolygon", "coordinates": [ [ [ [ -60.478091150766183, -31.76346661875802 ], [ -60.478091149982248, -31.763466617655684 ], [ -60.477922254051315, -31.763542409569659 ], [ -60.476694563247712, -31.763720570888488 ], [ -60.476584384676165, -31.763737270360064 ], [ -60.476479754064364, -31.763753137329463 ], [ -60.476452689285011, -31.763757233708759 ], [ -60.476449219180161, -31.763757760736084 ], [ -60.476377000666737, -31.763768681549184 ], [ -60.476244239684746, -31.763788765906874 ], [ -60.476210487768405, -31.763793870239926 ], [ -60.476130685559774, -31.763805937544543 ], [ -60.47556834243877, -31.763869588689555 ], [ -60.475497243247126, -31.763878565870058 ], [ -60.47541281882507, -31.764045739419913 ], [ -60.475436405400366, -31.764166497963792 ], [ -60.475431452068946, -31.764168031541569 ], [ -60.475428980521272, -31.76416979935377 ], [ -60.475427102478349, -31.764172033907734 ], [ -60.475425933358906, -31.764174599496734 ], [ -60.47542554622143, -31.764177333516983 ], [ -60.47542597185636, -31.764180064503886 ], [ -60.475427177721265, -31.764182621229285 ], [ -60.475429089097815, -31.76418484164083 ], [ -60.475431589137941, -31.764186581880171 ], [ -60.475434508400511, -31.764187734358792 ], [ -60.475437677674925, -31.764188236579443 ], [ -60.475446952137567, -31.764220487839509 ], [ -60.475454843161771, -31.764260869841021 ], [ -60.475465597623092, -31.764316256791052 ], [ -60.475566039631637, -31.764302687943339 ], [ -60.475569910917223, -31.76430216846067 ], [ -60.475586039437296, -31.764299988924527 ], [ -60.475668342182722, -31.764287596978118 ], [ -60.475764704862137, -31.764273096274128 ], [ -60.475828591508943, -31.764263478522359 ], [ -60.475876094598256, -31.764255707585356 ], [ -60.4758825492992, -31.764254655375364 ], [ -60.475944512143457, -31.764244521684983 ], [ -60.47599224831076, -31.764236921183603 ], [ -60.477695058387056, -31.763981612347823 ], [ -60.477796339803319, -31.763965143691017 ], [ -60.477863006445574, -31.763954306028591 ], [ -60.477904891342789, -31.763948151668124 ], [ -60.477928845262866, -31.763944652847499 ], [ -60.477943401269684, -31.763942551060161 ], [ -60.477962999121395, -31.763939717900943 ], [ -60.478012594108094, -31.763932380221743 ], [ -60.478184492732041, -31.763905644851537 ], [ -60.478283982701711, -31.76388979578352 ], [ -60.478383071854246, -31.763874011271945 ], [ -60.478384358548979, -31.763877292888122 ], [ -60.478385991860257, -31.763881458522768 ], [ -60.478451682001158, -31.763867548945782 ], [ -60.478482832019345, -31.763857349378295 ], [ -60.478576709060277, -31.763844091408274 ], [ -60.478603300534111, -31.763840339055527 ], [ -60.478682695689159, -31.763829227683555 ], [ -60.478833332298251, -31.76380814470285 ], [ -60.478881406461966, -31.763800677126547 ], [ -60.478937037829056, -31.763792410071119 ], [ -60.479179660483403, -31.76375635502232 ], [ -60.479127569097528, -31.763725579006849 ], [ -60.47903965254487, -31.763322666985545 ], [ -60.479033135426668, -31.763323673639675 ], [ -60.478885735369339, -31.763343815791295 ], [ -60.478883500877203, -31.763344128951054 ], [ -60.47878436929058, -31.7633580220105 ], [ -60.478742568792441, -31.763364104194306 ], [ -60.478717689569194, -31.763368264987562 ], [ -60.478658175642956, -31.763378228490222 ], [ -60.478616078489644, -31.763386151500889 ], [ -60.478612261012081, -31.763386860260184 ], [ -60.478590895840199, -31.763390836476699 ], [ -60.47857238848583, -31.763394278886398 ], [ -60.478553740521967, -31.763397063478507 ], [ -60.478511170745897, -31.763403400991635 ], [ -60.47848788188535, -31.763406879386359 ], [ -60.478479623183681, -31.763408109853394 ], [ -60.478449333566147, -31.763413174718796 ], [ -60.478408840914568, -31.763419062495046 ], [ -60.478306232850045, -31.76343399447067 ], [ -60.478210830722134, -31.763450297165789 ], [ -60.478202993393886, -31.763451363701957 ], [ -60.478091150766183, -31.76346661875802 ] ] ] ] } },
{ "type": "Feature", "properties": { "id": 51, "nombre": "CAPIBA" }, "geometry": { "type": "MultiPolygon", "coordinates": [ [ [ [ -60.501460126639799, -31.790647732035715 ], [ -60.501060317230973, -31.790710545724679 ], [ -60.501060753520662, -31.790712453776319 ], [ -60.501100432170389, -31.790885982427117 ], [ -60.501127018393774, -31.791002252922073 ], [ -60.501130792298746, -31.791018757452616 ], [ -60.501161152516481, -31.791151532467222 ], [ -60.50119151282356, -31.791284307470725 ], [ -60.50122187322004, -31.791417082463518 ], [ -60.501252233705912, -31.791549857445439 ], [ -60.501291107638082, -31.791719863546724 ], [ -60.501676851601253, -31.791659877109812 ], [ -60.502078767444502, -31.791597374485907 ], [ -60.502091435845394, -31.791595404379148 ], [ -60.50205159115626, -31.791424993281172 ], [ -60.502020570582467, -31.791292321439109 ], [ -60.501995044307215, -31.791183147852763 ], [ -60.501989550099815, -31.791159649585673 ], [ -60.501958529708389, -31.791026977721199 ], [ -60.501927509408148, -31.790894305845306 ], [ -60.501896489199062, -31.790761633958248 ], [ -60.5018945653663, -31.790753405808221 ], [ -60.501877653493146, -31.790681074387809 ], [ -60.5018574686218, -31.790594766467226 ], [ -60.501855334218128, -31.790585640021021 ], [ -60.501460126639799, -31.790647732035715 ] ] ], [ [ [ -60.504248602854936, -31.790390424560691 ], [ -60.504233221851038, -31.790317401075178 ], [ -60.504223217741227, -31.790269905087534 ], [ -60.504213830461573, -31.790261031479911 ], [ -60.504185785395279, -31.790234521025468 ], [ -60.503790436070588, -31.790296285096005 ], [ -60.503633814312813, -31.790320753215056 ], [ -60.503474335078664, -31.790345664494847 ], [ -60.503217903239197, -31.790385727621139 ], [ -60.503241962663672, -31.790493798201862 ], [ -60.503252891235526, -31.79054288728096 ], [ -60.503282477545262, -31.79067578311674 ], [ -60.503312063942261, -31.790808678942039 ], [ -60.503341551804745, -31.790941131770694 ], [ -60.503371138375968, -31.791074027574872 ], [ -60.503399311909497, -31.79120057597753 ], [ -60.50340072503446, -31.791206923368659 ], [ -60.503413452329113, -31.791264091036489 ], [ -60.503429020691108, -31.791334019931838 ], [ -60.503482340807345, -31.791370739230896 ], [ -60.503847895289347, -31.791316443203044 ], [ -60.504003938868273, -31.791293265617668 ], [ -60.504384080997283, -31.791236801205976 ], [ -60.504405312432191, -31.791191723761106 ], [ -60.504413652962825, -31.791174015580545 ], [ -60.504388093858765, -31.791052672228744 ], [ -60.504360050706062, -31.79091953532372 ], [ -60.504332007636378, -31.790786398408923 ], [ -60.504304058126159, -31.790653705273968 ], [ -60.504276015222224, -31.790520568339566 ], [ -60.504248602854936, -31.790390424560691 ] ] ], [ [ [ -60.503060795308208, -31.790565768257839 ], [ -60.503060380960555, -31.790563955168992 ], [ -60.503035606212471, -31.790455546508902 ], [ -60.503018228536178, -31.790440404725675 ], [ -60.502998740953643, -31.790423424497732 ], [ -60.502624067559047, -31.790478327446923 ], [ -60.50246520175088, -31.790501606573969 ], [ -60.502383880667232, -31.790513519257143 ], [ -60.502063615637624, -31.790560451367725 ], [ -60.502098997788998, -31.790718610834944 ], [ -60.502127756388752, -31.790847162372312 ], [ -60.502157482088244, -31.790980036469787 ], [ -60.50217226390113, -31.791046111133397 ], [ -60.502186521484226, -31.791109842396921 ], [ -60.502187108789308, -31.791112467643192 ], [ -60.502216834663756, -31.791245341719488 ], [ -60.502246560625892, -31.791378215785354 ], [ -60.502276946606258, -31.791514039695059 ], [ -60.502323029477864, -31.791561709246452 ], [ -60.502683373396813, -31.79150716882533 ], [ -60.502839325826756, -31.791483564064222 ], [ -60.503238352005056, -31.791423167047718 ], [ -60.503256124945459, -31.791420476886127 ], [ -60.503212000486201, -31.791227399881482 ], [ -60.503181656563861, -31.791094622381411 ], [ -60.503151312730857, -31.790961844870413 ], [ -60.503121070132863, -31.790829509940327 ], [ -60.503090726478227, -31.790696732407564 ], [ -60.503082337577013, -31.790660024246616 ], [ -60.50306819368064, -31.790598141798778 ], [ -60.503060795308208, -31.790565768257839 ] ] ], [ [ [ -60.500902811620477, -31.790911896059797 ], [ -60.500870077502412, -31.790764646742474 ], [ -60.500469777178367, -31.790820914621573 ], [ -60.500313475821393, -31.790842884631054 ], [ -60.500156765451777, -31.790864911929379 ], [ -60.500113475778171, -31.790870997547064 ], [ -60.499935284754933, -31.790896047294243 ], [ -60.499967208668913, -31.791058034050749 ], [ -60.499993500927182, -31.791191444487374 ], [ -60.500019793263618, -31.79132485491499 ], [ -60.50004599803669, -31.79145782063231 ], [ -60.500072741451028, -31.791593519055674 ], [ -60.50008801098933, -31.791670997840345 ], [ -60.500098631461448, -31.791724886833137 ], [ -60.500128117808664, -31.791874502203534 ], [ -60.500517340240243, -31.791822199979109 ], [ -60.500668284672749, -31.791801916306994 ], [ -60.501077904040343, -31.791746871364726 ], [ -60.501088115772767, -31.79174549908722 ], [ -60.501050429770039, -31.791575966168718 ], [ -60.501020886527677, -31.791443063525943 ], [ -60.500991343372455, -31.791310160872758 ], [ -60.500990191268038, -31.791304978014811 ], [ -60.500961898781128, -31.791177701217951 ], [ -60.500931286456968, -31.791039987968002 ], [ -60.500902811620477, -31.790911896059797 ] ] ], [ [ [ -60.49979186312148, -31.791077996333705 ], [ -60.499763925803698, -31.790931052834846 ], [ -60.499744732685997, -31.790912066318619 ], [ -60.499711985624664, -31.790879671733197 ], [ -60.499323021738974, -31.790934118438326 ], [ -60.499154407551728, -31.790957720464604 ], [ -60.498819136988352, -31.791004649771644 ], [ -60.498813095137173, -31.791011188380118 ], [ -60.498780673361061, -31.791046275834287 ], [ -60.498801591557111, -31.791140480285307 ], [ -60.49881881454229, -31.791218043316224 ], [ -60.498830933389527, -31.791272619981999 ], [ -60.498840799421117, -31.791317051147185 ], [ -60.498850501102112, -31.791360742123935 ], [ -60.498880113337492, -31.791494098897971 ], [ -60.498909527521633, -31.791626563360182 ], [ -60.49893904016789, -31.791759470836958 ], [ -60.498968552901204, -31.791892378303196 ], [ -60.498999442265045, -31.792031484848245 ], [ -60.499032291137333, -31.792062992471152 ], [ -60.499377033557366, -31.792011543988945 ], [ -60.49953305540749, -31.791988259359716 ], [ -60.499921632993669, -31.791930267338959 ], [ -60.499953010812582, -31.791925584401774 ], [ -60.499918488802528, -31.791744010458949 ], [ -60.499893097289302, -31.791610459320985 ], [ -60.499867705851749, -31.791476908174488 ], [ -60.499842399127566, -31.791343802189903 ], [ -60.499816020893469, -31.791205059943973 ], [ -60.49979186312148, -31.791077996333705 ] ] ], [ [ [ -60.5045362353992, -31.791537428290354 ], [ -60.504495831985551, -31.791350999684553 ], [ -60.50447571883705, -31.791353805221711 ], [ -60.50428403992224, -31.791380541908381 ], [ -60.504030211388844, -31.791415947182081 ], [ -60.503873873976488, -31.79143775364167 ], [ -60.503416761675112, -31.791501512019877 ], [ -60.503420306846479, -31.79151799894181 ], [ -60.503460617873159, -31.791705466100751 ], [ -60.503489227362735, -31.791838514563825 ], [ -60.503517836936865, -31.791971563016805 ], [ -60.5035463512299, -31.792104167965022 ], [ -60.503574960972919, -31.792237216397972 ], [ -60.503603570800458, -31.79237026482086 ], [ -60.503643354329341, -31.792555275253907 ], [ -60.503667396209636, -31.79255319611794 ], [ -60.504098875293607, -31.792488408892552 ], [ -60.504254868290452, -31.792464985930927 ], [ -60.504642242443254, -31.792406819302798 ], [ -60.504666722226659, -31.792392804276169 ], [ -60.504668351730849, -31.792391263778381 ], [ -60.504686483055465, -31.792374122814063 ], [ -60.504700338241278, -31.792351896789143 ], [ -60.504707455747585, -31.792327460933709 ], [ -60.504680277243324, -31.792202056779796 ], [ -60.504651449485905, -31.792069042426036 ], [ -60.504622621813638, -31.791936028061947 ], [ -60.504593890318404, -31.791803457069154 ], [ -60.504565062816212, -31.791670442684893 ], [ -60.5045362353992, -31.791537428290354 ] ] ], [ [ [ -60.503347840455575, -31.791717522426012 ], [ -60.503307230626852, -31.791537630614599 ], [ -60.5028884676248, -31.791600710358615 ], [ -60.502732491465537, -31.791624205222796 ], [ -60.502255208545385, -31.791696097626911 ], [ -60.502258338233673, -31.791709428974873 ], [ -60.502298713208262, -31.791881411501649 ], [ -60.502329855183078, -31.792014064388123 ], [ -60.502358332038114, -31.792135364533362 ], [ -60.502389088095626, -31.792266372803716 ], [ -60.502419916494105, -31.792397688825382 ], [ -60.502450416121242, -31.792527604031619 ], [ -60.502487252977438, -31.792684512577004 ], [ -60.502514561812383, -31.792700773095973 ], [ -60.502935768631374, -31.792642660074041 ], [ -60.503102254538156, -31.792619689958801 ], [ -60.503470578430672, -31.792568871377707 ], [ -60.50352268507784, -31.792561682001143 ], [ -60.503537926012612, -31.792559579140057 ], [ -60.503495570806905, -31.792371939622956 ], [ -60.503468898371892, -31.792253785459224 ], [ -60.503436582399395, -31.792110630997627 ], [ -60.503405408501138, -31.79197253095456 ], [ -60.50337752914546, -31.791849035742345 ], [ -60.503347840455575, -31.791717522426012 ] ] ], [ [ [ -60.501482723562219, -31.792849306096095 ], [ -60.502358425702056, -31.792735631869853 ], [ -60.502132440989172, -31.791705780544085 ], [ -60.501295277558263, -31.79186449238464 ], [ -60.501482723562219, -31.792849306096095 ] ] ], [ [ [ -60.501198839756277, -31.792057214516738 ], [ -60.501166793527958, -31.791883251297854 ], [ -60.500685233739361, -31.791949620410954 ], [ -60.500528841357045, -31.791971174173874 ], [ -60.500421345831725, -31.791985988928488 ], [ -60.500126719366591, -31.792026593095343 ], [ -60.500166560489546, -31.79221845319945 ], [ -60.500194219886751, -31.792351650127213 ], [ -60.500221879365853, -31.792484847045273 ], [ -60.500246272602986, -31.792602314721154 ], [ -60.500331411505869, -31.793012305773733 ], [ -60.500865893912831, -31.792929746908879 ], [ -60.501303039311146, -31.792862221438181 ], [ -60.501345913839941, -31.792855598560923 ], [ -60.501321878343973, -31.792725124109836 ], [ -60.501297254063424, -31.792591453093763 ], [ -60.501272629856366, -31.79245778206931 ], [ -60.501248087803205, -31.792324556606843 ], [ -60.501223463742981, -31.792190885565944 ], [ -60.501198839756277, -31.792057214516738 ] ] ], [ [ [ -60.500028017679391, -31.792195075374124 ], [ -60.500006395471139, -31.792085569712341 ], [ -60.499996242293051, -31.792034148853205 ], [ -60.499561215324398, -31.792092852559485 ], [ -60.499404729052785, -31.792113968855801 ], [ -60.498984256891546, -31.792170706474622 ], [ -60.49898765272382, -31.792191046483239 ], [ -60.499014747413234, -31.792353335141421 ], [ -60.499037122986259, -31.792487357325168 ], [ -60.499059498626558, -31.792621379501515 ], [ -60.499081799748232, -31.792754954929897 ], [ -60.499104175522746, -31.792888977091348 ], [ -60.499126551364519, -31.793022999245601 ], [ -60.499151551197727, -31.793172737551583 ], [ -60.499176970687934, -31.793171528641025 ], [ -60.499618406475875, -31.793111971067841 ], [ -60.499774895033966, -31.793090857580776 ], [ -60.500138742384465, -31.79304176639873 ], [ -60.500185523139322, -31.793035454544793 ], [ -60.500193735958305, -31.793034346435253 ], [ -60.500159634929993, -31.792861644974273 ], [ -60.500133293762744, -31.792728242136988 ], [ -60.500106952673796, -31.792594839290771 ], [ -60.500080699466366, -31.792461881111677 ], [ -60.500054358533767, -31.792328478247509 ], [ -60.500028017679391, -31.792195075374124 ] ] ], [ [ [ -60.504763011720861, -31.792668608600781 ], [ -60.504730199374805, -31.792510082412463 ], [ -60.504268190656944, -31.792586549806003 ], [ -60.504111497616186, -31.792612483774612 ], [ -60.503678496299848, -31.792684152667544 ], [ -60.503681383907619, -31.792698445791494 ], [ -60.503708134228752, -31.792830854708274 ], [ -60.503735566521485, -31.792966638835864 ], [ -60.503762499143242, -31.793099949289637 ], [ -60.503789431844936, -31.79323325973408 ], [ -60.503816364626587, -31.793366570169127 ], [ -60.503843297488217, -31.793499880595075 ], [ -60.503870230429747, -31.793633191011622 ], [ -60.503904051832833, -31.793800596784116 ], [ -60.504353181178033, -31.793735228409734 ], [ -60.50450932545364, -31.79371250205341 ], [ -60.504907710003543, -31.79365451739589 ], [ -60.504965345087768, -31.793646128531268 ], [ -60.504928447926204, -31.793467871317013 ], [ -60.504900875021015, -31.793334660888274 ], [ -60.504873302197524, -31.793201450449853 ], [ -60.504845729455788, -31.793068240001979 ], [ -60.504818156795771, -31.792935029544505 ], [ -60.504790584217439, -31.792801819077383 ], [ -60.504763011720861, -31.792668608600781 ] ] ], [ [ [ -60.503569275374666, -31.792829584466233 ], [ -60.503546875977506, -31.792712711293671 ], [ -60.503525538948665, -31.792715680601113 ], [ -60.503093231671315, -31.792775840614375 ], [ -60.502945323134654, -31.792796423257339 ], [ -60.502542772222583, -31.792852440486314 ], [ -60.502570001454515, -31.792985685956346 ], [ -60.502597770905581, -31.793121574556601 ], [ -60.502633007144347, -31.793294000951803 ], [ -60.502656663556017, -31.793409761786197 ], [ -60.502680148068642, -31.793524681143555 ], [ -60.502706167292686, -31.79365200353206 ], [ -60.502733400702517, -31.79378526701894 ], [ -60.502760065392494, -31.79391574714974 ], [ -60.503164715615931, -31.793861516051976 ], [ -60.503321234728524, -31.793840539047533 ], [ -60.503725277306174, -31.793786387521553 ], [ -60.5037519686434, -31.793782810186315 ], [ -60.503722816313783, -31.793630705531278 ], [ -60.503697225966654, -31.79349718537555 ], [ -60.503671635695774, -31.793363665211025 ], [ -60.503650708920851, -31.79325447706773 ], [ -60.503628754914907, -31.793139928921885 ], [ -60.503598169301284, -31.792980343638352 ], [ -60.503569275374666, -31.792829584466233 ] ] ], [ [ [ -60.505001084117609, -31.793894749862179 ], [ -60.504974094382284, -31.793763837294723 ], [ -60.504519443715566, -31.793828416198515 ], [ -60.504363185374004, -31.793850610849397 ], [ -60.503949053655923, -31.793909432388698 ], [ -60.503948765369607, -31.793914682204548 ], [ -60.503950729283552, -31.793925579492228 ], [ -60.503974088148304, -31.794055192025549 ], [ -60.503998193141548, -31.794188944238705 ], [ -60.504022298206927, -31.794322696443842 ], [ -60.50404640334439, -31.794456448640819 ], [ -60.50407050855393, -31.794590200829695 ], [ -60.504094613835598, -31.794723953010642 ], [ -60.504118719189343, -31.794857705183354 ], [ -60.504144839313881, -31.795002636153292 ], [ -60.504593500562628, -31.794926021592769 ], [ -60.504748833201234, -31.794899496190602 ], [ -60.505112680844626, -31.794837362891574 ], [ -60.50517944727396, -31.794759882973889 ], [ -60.505165887182528, -31.794694111670655 ], [ -60.505138419801455, -31.794560884726298 ], [ -60.505110952501809, -31.794427657772562 ], [ -60.505083485283599, -31.79429443080927 ], [ -60.505056018146824, -31.79416120383641 ], [ -60.505028551091499, -31.794027976854014 ], [ -60.505001084117609, -31.793894749862179 ] ] ], [ [ [ -60.503851921335638, -31.79409124844123 ], [ -60.503824099220402, -31.793947532971906 ], [ -60.503503849237681, -31.793991689740889 ], [ -60.503369299527904, -31.794010241497123 ], [ -60.503212905713703, -31.794031804937514 ], [ -60.502787493273004, -31.794090459406185 ], [ -60.502819689545241, -31.794252498595597 ], [ -60.50284619105669, -31.79438587642726 ], [ -60.502872692646946, -31.794519254250044 ], [ -60.50289919431593, -31.79465263206361 ], [ -60.50292569606367, -31.79478600986808 ], [ -60.502952197890188, -31.794919387663597 ], [ -60.502978699795435, -31.795052765449906 ], [ -60.503009824209137, -31.795209406704334 ], [ -60.503446456256974, -31.795135403431207 ], [ -60.50344914652878, -31.795134947461225 ], [ -60.503604520512532, -31.795108613263334 ], [ -60.504025918184752, -31.79503718991996 ], [ -60.504034759860311, -31.795035691314641 ], [ -60.504006967858757, -31.794892134489061 ], [ -60.503981126579241, -31.794758653503052 ], [ -60.503955285376676, -31.794625172508248 ], [ -60.503929444251042, -31.794491691504778 ], [ -60.503903603202311, -31.794358210492391 ], [ -60.503877762230502, -31.794224729471157 ], [ -60.503851921335638, -31.79409124844123 ] ] ] ] } },
{ "type": "Feature", "properties": { "id": 54, "nombre": "VOLCADERO" }, "geometry": { "type": "MultiPolygon", "coordinates": [ [ [ [ -60.554970413806224, -31.727249804732647 ], [ -60.555254542603087, -31.727366738739029 ], [ -60.555873179499059, -31.72746356958266 ], [ -60.556562651274668, -31.727422281387231 ], [ -60.556982996023279, -31.727313262330622 ], [ -60.55735023853061, -31.727311657123341 ], [ -60.557610453841413, -31.727387078396649 ], [ -60.558308743566641, -31.727322774399489 ], [ -60.559131159706425, -31.727247034854685 ], [ -60.559749507294974, -31.727094433843927 ], [ -60.559415058835405, -31.726590610639555 ], [ -60.559064078818601, -31.726316536936299 ], [ -60.558919295880756, -31.726072182035765 ], [ -60.558794593453428, -31.725861716485294 ], [ -60.558710762699604, -31.725863636282554 ], [ -60.558647442237444, -31.725871703619305 ], [ -60.558579275506254, -31.725880387736446 ], [ -60.558551232733357, -31.725883959119027 ], [ -60.558535933870111, -31.725889646691684 ], [ -60.55852251323212, -31.725894636882764 ], [ -60.558333032212111, -31.725915631755939 ], [ -60.558296229534456, -31.725924432646114 ], [ -60.558256614159802, -31.72595476913077 ], [ -60.558236973448231, -31.725969807834414 ], [ -60.558227539648186, -31.725977031282365 ], [ -60.558150860271354, -31.726013521573861 ], [ -60.557884992600322, -31.726102213018475 ], [ -60.557837353172857, -31.726118104077525 ], [ -60.557825938524616, -31.726121911329507 ], [ -60.557703553439303, -31.726165816517309 ], [ -60.557615838941835, -31.726197286320371 ], [ -60.557560616695511, -31.726215501926411 ], [ -60.557516744262081, -31.726233171372701 ], [ -60.557490450631356, -31.726243765636998 ], [ -60.557476267370475, -31.726250474223317 ], [ -60.55734508513757, -31.726312499480187 ], [ -60.557282618522905, -31.726342037256757 ], [ -60.5572781886695, -31.726344121872348 ], [ -60.557177622597543, -31.726382664011723 ], [ -60.557151631001219, -31.726392625532092 ], [ -60.557055275372022, -31.726429562255142 ], [ -60.557043263884552, -31.726434160274994 ], [ -60.556979849095967, -31.726458633599947 ], [ -60.556901436321361, -31.726503608036886 ], [ -60.556890721474538, -31.726509760323314 ], [ -60.556832045958409, -31.726543411816095 ], [ -60.556815975070641, -31.72652729414056 ], [ -60.556673158960216, -31.726597332736318 ], [ -60.556650493164412, -31.726554765495536 ], [ -60.556404405244017, -31.726673241494542 ], [ -60.556351788540631, -31.726702414916115 ], [ -60.556311386108469, -31.726724814143875 ], [ -60.556246341273344, -31.726760877669477 ], [ -60.556070644208177, -31.72682523321982 ], [ -60.556067507037874, -31.726826383012437 ], [ -60.555891408958011, -31.726894374068152 ], [ -60.55568312360063, -31.726977331840104 ], [ -60.55555832338419, -31.727025465725834 ], [ -60.55553236653958, -31.727036022341668 ], [ -60.555523771212293, -31.727026022535473 ], [ -60.555485379797688, -31.7270428285291 ], [ -60.555358227168732, -31.727087455712624 ], [ -60.5552379616678, -31.727135145690802 ], [ -60.555161711722974, -31.727166140586426 ], [ -60.555089158296902, -31.727197669228733 ], [ -60.55507963836947, -31.727201849990038 ], [ -60.554970413806224, -31.727249804732647 ] ] ] ] } },
{ "type": "Feature", "properties": { "id": 73, "nombre": "PUERTO SANCHEZ" }, "geometry": { "type": "MultiPolygon", "coordinates": [ [ [ [ -60.512535778608274, -31.717032104843156 ], [ -60.512541338617254, -31.717033002212041 ], [ -60.512511631314425, -31.717154584233199 ], [ -60.512412682420837, -31.717137236135475 ], [ -60.512323575261036, -31.717121613456694 ], [ -60.512247019162579, -31.717108191233873 ], [ -60.512152512406011, -31.717091621737136 ], [ -60.512134220603429, -31.717115486898347 ], [ -60.512023649207642, -31.717088353919255 ], [ -60.511938905489068, -31.71706755868626 ], [ -60.511820289408071, -31.717038451414808 ], [ -60.511813740047302, -31.717060752482411 ], [ -60.511677140038366, -31.717029346566118 ], [ -60.511561499987707, -31.717001677645289 ], [ -60.511469267568536, -31.717009603187766 ], [ -60.51145475053719, -31.717009994361526 ], [ -60.511426836423482, -31.717004596069557 ], [ -60.511371687771813, -31.716984153627205 ], [ -60.511376118542465, -31.716965421330677 ], [ -60.511318593406479, -31.71695047287195 ], [ -60.511259356975771, -31.716928012885969 ], [ -60.51121394184262, -31.716920215233753 ], [ -60.511117418791116, -31.716903642435696 ], [ -60.511107430758592, -31.716924009607432 ], [ -60.510996311350183, -31.716907438463451 ], [ -60.51096220666976, -31.71688552677961 ], [ -60.510907020869361, -31.716862928985734 ], [ -60.510819456999435, -31.716831044653219 ], [ -60.510789253372955, -31.71683822487687 ], [ -60.51070071385206, -31.716841482508517 ], [ -60.510637739262258, -31.716816511649743 ], [ -60.510646668990681, -31.716788768765703 ], [ -60.510575887572926, -31.716774772429144 ], [ -60.510555768721325, -31.71677911730713 ], [ -60.510549360391472, -31.71678050125275 ], [ -60.510492074611911, -31.716780129055593 ], [ -60.510435214927007, -31.716783170906968 ], [ -60.510385227500471, -31.716769185946653 ], [ -60.51038973380404, -31.716753272555106 ], [ -60.510315965681933, -31.71675289437195 ], [ -60.510284933864945, -31.716707007142418 ], [ -60.510277791022908, -31.716696444903405 ], [ -60.510217146788357, -31.716678808620273 ], [ -60.510176579128803, -31.716677463996824 ], [ -60.510182183856422, -31.716837645671511 ], [ -60.509932811636261, -31.716875159227826 ], [ -60.509894191836416, -31.716938692995409 ], [ -60.509878328255738, -31.716977293120696 ], [ -60.509871588862616, -31.717017346415016 ], [ -60.509867715911902, -31.717040136783016 ], [ -60.509870934722713, -31.717054540200387 ], [ -60.509874892068936, -31.717068792759292 ], [ -60.509879595544561, -31.717082872480148 ], [ -60.509885106715856, -31.717096931169738 ], [ -60.509890316225516, -31.717109055120883 ], [ -60.509896135029329, -31.717120675630262 ], [ -60.509902675445034, -31.717132021490766 ], [ -60.509909901485614, -31.717143055886911 ], [ -60.509917799863175, -31.717153748380152 ], [ -60.509926343502578, -31.717164068832808 ], [ -60.509935506650173, -31.717173985434371 ], [ -60.509945275359883, -31.717183471806425 ], [ -60.509955627163691, -31.717192517170727 ], [ -60.509966515461485, -31.717201081288732 ], [ -60.509977903528117, -31.717209134299392 ], [ -60.509989779005771, -31.71721665730087 ], [ -60.510002114661347, -31.717223640595179 ], [ -60.510014858636694, -31.717230059926287 ], [ -60.510027988315187, -31.717235893941019 ], [ -60.510042236523844, -31.717241438168671 ], [ -60.510083427748917, -31.717257989156657 ], [ -60.510124607120339, -31.717273737450135 ], [ -60.510166117465033, -31.717288806773666 ], [ -60.510207960332131, -31.717303215438015 ], [ -60.510250108799525, -31.717316943665939 ], [ -60.510292547634783, -31.717329984506119 ], [ -60.510335274253066, -31.717342346046696 ], [ -60.510376571836211, -31.717353550456814 ], [ -60.510445238681449, -31.717362657709192 ], [ -60.510515879424069, -31.717371300633349 ], [ -60.510586641312848, -31.717379242494793 ], [ -60.510657494277488, -31.717386465639727 ], [ -60.510728450402198, -31.717392988112 ], [ -60.510799494006186, -31.717398800515603 ], [ -60.510834786923859, -31.717401328499349 ], [ -60.510903862950563, -31.717452552893249 ], [ -60.51096083541843, -31.717492971744331 ], [ -60.510990033731183, -31.717537624106448 ], [ -60.510995700054707, -31.717572385536201 ], [ -60.511024243445256, -31.71761746255445 ], [ -60.511061681095036, -31.717648594144173 ], [ -60.512928566715814, -31.718038185011867 ], [ -60.512930933149853, -31.718037520038799 ], [ -60.512987992489883, -31.71804687785761 ], [ -60.512789130795198, -31.717152016173365 ], [ -60.512765663999829, -31.717059782357705 ], [ -60.512535778608274, -31.717032104843156 ] ] ] ] } },
{ "type": "Feature", "properties": { "id": 58, "nombre": "HIJOS DE MARIA" }, "geometry": { "type": "MultiPolygon", "coordinates": [ [ [ [ -60.489788469029556, -31.749018872195204 ], [ -60.4899121608616, -31.749576809202861 ], [ -60.48979412458845, -31.750093187543456 ], [ -60.489962163015022, -31.750978717714716 ], [ -60.490159001497517, -31.751936973118465 ], [ -60.49035570558123, -31.751863868506984 ], [ -60.490509588358677, -31.751839474421157 ], [ -60.490632704231238, -31.751829513041692 ], [ -60.490676707382811, -31.75182596169126 ], [ -60.490771041686649, -31.751817995859355 ], [ -60.490792607515729, -31.751814648128299 ], [ -60.490966566189627, -31.751798044595709 ], [ -60.490978120005408, -31.751787085966324 ], [ -60.491075009054612, -31.751634938088873 ], [ -60.491163377466343, -31.751551121505926 ], [ -60.491082888533697, -31.751445189596602 ], [ -60.491109130621879, -31.751369201202504 ], [ -60.491188778137456, -31.751315773113831 ], [ -60.491223340022863, -31.751133510468591 ], [ -60.491267223409338, -31.751034687851106 ], [ -60.491221536974571, -31.75079202476914 ], [ -60.491238577399535, -31.750655362009027 ], [ -60.491424232814666, -31.750495282872333 ], [ -60.491485917369104, -31.750403980243316 ], [ -60.491476074476722, -31.750221888780185 ], [ -60.491688731845144, -31.750130003639722 ], [ -60.491723853840462, -31.750053980842807 ], [ -60.491598801456966, -31.749917866289422 ], [ -60.491651725028731, -31.749849363555615 ], [ -60.491748005881867, -31.749861973307155 ], [ -60.491751248676422, -31.749862398009522 ], [ -60.491726299478479, -31.749854499490947 ], [ -60.491725288689949, -31.749845228920208 ], [ -60.49172044058546, -31.749835226435849 ], [ -60.491716489969662, -31.749826874513371 ], [ -60.491714443223017, -31.749820012524321 ], [ -60.491733546306754, -31.749677009331229 ], [ -60.491694965702209, -31.749629123628225 ], [ -60.491694725077295, -31.749583592195169 ], [ -60.49174780882452, -31.749545443709398 ], [ -60.491749588876289, -31.749536851025379 ], [ -60.491749456137939, -31.749534350790181 ], [ -60.491751574752762, -31.749527264780518 ], [ -60.491751839241218, -31.749521373553588 ], [ -60.491754079826535, -31.749516528814578 ], [ -60.491766943038662, -31.74946140105482 ], [ -60.491766042747003, -31.74945256255311 ], [ -60.491768658434722, -31.749445392570131 ], [ -60.491769951917078, -31.749439346466897 ], [ -60.491770725704711, -31.749433378583969 ], [ -60.491770103100954, -31.749425835230792 ], [ -60.491704939366009, -31.749317033217718 ], [ -60.491698956189808, -31.749282612003103 ], [ -60.491504846878215, -31.749297199305762 ], [ -60.489726619895606, -31.748663991017587 ], [ -60.489788469029556, -31.749018872195204 ] ] ] ] } },
{ "type": "Feature", "properties": { "id": 60, "nombre": "LAS ROSAS" }, "geometry": { "type": "MultiPolygon", "coordinates": [ [ [ [ -60.462662988521252, -31.759336020749249 ], [ -60.463792733397298, -31.759132023274237 ], [ -60.463273074109246, -31.758525916039446 ], [ -60.462909922494639, -31.758027511651289 ], [ -60.462614676490162, -31.757462229684275 ], [ -60.462220468951053, -31.756597471301667 ], [ -60.462103581853562, -31.756614552790733 ], [ -60.462662988521252, -31.759336020749249 ] ] ] ] } },
{ "type": "Feature", "properties": { "id": 61, "nombre": "SCAPELLATO" }, "geometry": { "type": "MultiPolygon", "coordinates": [ [ [ [ -60.50064871635756, -31.737040828955021 ], [ -60.500287391115727, -31.737119536864817 ], [ -60.500911178854615, -31.738452079268967 ], [ -60.501132970260507, -31.738416075971887 ], [ -60.50064871635756, -31.737040828955021 ] ] ] ] } },
{ "type": "Feature", "properties": { "id": 75, "nombre": "BARRIO LIBERTAD" }, "geometry": { "type": "MultiPolygon", "coordinates": [ [ [ [ -60.539776176496311, -31.736991478982471 ], [ -60.539202107559085, -31.737376222081338 ], [ -60.539117986964001, -31.737410373465053 ], [ -60.539030338881759, -31.737275478287593 ], [ -60.538664426783377, -31.737515295655726 ], [ -60.538728617854524, -31.737746168980973 ], [ -60.538607525726022, -31.737964868320326 ], [ -60.538455471660214, -31.73818655317034 ], [ -60.5384676770162, -31.738237562670591 ], [ -60.538339684640597, -31.738367757734245 ], [ -60.538570673860399, -31.738568763597318 ], [ -60.538900772852919, -31.737960249880295 ], [ -60.539217668079715, -31.737734805600965 ], [ -60.539415275998998, -31.737570519547862 ], [ -60.539566173996761, -31.737454560574523 ], [ -60.539725746565423, -31.737375334759118 ], [ -60.539802242014467, -31.737332131151089 ], [ -60.539829388754796, -31.737258244320142 ], [ -60.539879596104655, -31.7371860061501 ], [ -60.539871405525616, -31.737170600090991 ], [ -60.539776176496311, -31.736991478982471 ] ] ] ] } },
{ "type": "Feature", "properties": { "id": 79, "nombre": "KM. 3" }, "geometry": { "type": "MultiPolygon", "coordinates": [ [ [ [ -60.550493155803089, -31.724891146942344 ], [ -60.550469910357187, -31.724619937602647 ], [ -60.550439779151056, -31.724404253152766 ], [ -60.550264095267153, -31.723973382484086 ], [ -60.550169149365829, -31.723776476096713 ], [ -60.550023124360784, -31.72348113192578 ], [ -60.549941442036626, -31.723086851901304 ], [ -60.549910001984081, -31.722649192149373 ], [ -60.549936745420062, -31.722291441099991 ], [ -60.550014749305518, -31.722062957666349 ], [ -60.550014021067746, -31.721939638150506 ], [ -60.549840819164928, -31.721928053038773 ], [ -60.549733086598771, -31.722008677383855 ], [ -60.549634459695696, -31.722409901286625 ], [ -60.549637407104967, -31.722909345305908 ], [ -60.549696900632156, -31.723211229250346 ], [ -60.549814760452271, -31.723623851795665 ], [ -60.549909960300852, -31.723863920280781 ], [ -60.549998602218544, -31.724215007331583 ], [ -60.550035982658628, -31.724436826751369 ], [ -60.550152352189322, -31.724596643975975 ], [ -60.550298780189372, -31.724959813622192 ], [ -60.550493155803089, -31.724891146942344 ] ] ] ] } },
{ "type": "Feature", "properties": { "id": 59, "nombre": "JORGE NEWBERY ESTE" }, "geometry": { "type": "MultiPolygon", "coordinates": [ [ [ [ -60.477473342178712, -31.775200529766447 ], [ -60.476213892910671, -31.775399115199114 ], [ -60.47639476440537, -31.776531936815104 ], [ -60.47771216951616, -31.776338637093602 ], [ -60.477473342178712, -31.775200529766447 ] ] ], [ [ [ -60.472791160914447, -31.77741891778555 ], [ -60.472849058999387, -31.777758932629265 ], [ -60.47383893425075, -31.77761567222537 ], [ -60.474078799349954, -31.778591849592409 ], [ -60.475318793772189, -31.778430198695009 ], [ -60.475045893951524, -31.776987421497974 ], [ -60.474301052565892, -31.777116693198124 ], [ -60.474370014177289, -31.777622419090807 ], [ -60.474017937304957, -31.777671711083915 ], [ -60.473715387136529, -31.777419845411554 ], [ -60.47334219757952, -31.777333994531475 ], [ -60.472791160914447, -31.77741891778555 ] ] ] ] } },
{ "type": "Feature", "properties": { "id": 71, "nombre": "BARRIO PIROLA" }, "geometry": { "type": "MultiPolygon", "coordinates": [ [ [ [ -60.537417063459635, -31.739797486322047 ], [ -60.537522081630996, -31.739982695146804 ], [ -60.537817672141678, -31.739852921579704 ], [ -60.537871832774762, -31.739931257174206 ], [ -60.537889463660775, -31.739923623608373 ], [ -60.537973507626781, -31.740003597854681 ], [ -60.538005792246551, -31.740044332934975 ], [ -60.53806762108001, -31.740133669662132 ], [ -60.538108592157059, -31.740187435496832 ], [ -60.53818921833021, -31.74039030672688 ], [ -60.538213361817824, -31.740380897782146 ], [ -60.538270156360426, -31.740358761250402 ], [ -60.538361929149062, -31.740323039528128 ], [ -60.538388898944802, -31.740313311985375 ], [ -60.53854630511092, -31.740256534457366 ], [ -60.538558858560457, -31.740273013547309 ], [ -60.538564805436387, -31.740289134698731 ], [ -60.538602895551271, -31.740331646763028 ], [ -60.538607119251388, -31.740336360796935 ], [ -60.538673792206133, -31.74042387824807 ], [ -60.538737099659713, -31.740383744158702 ], [ -60.538773458649736, -31.740362577592581 ], [ -60.538839991559854, -31.740336476635651 ], [ -60.538869567597253, -31.74031394087023 ], [ -60.538956976431869, -31.740268286033817 ], [ -60.539053947447094, -31.740217636616837 ], [ -60.539068719263632, -31.74020992106399 ], [ -60.539035810406048, -31.740179804403372 ], [ -60.538871190140135, -31.740029151142672 ], [ -60.538784327784228, -31.739952338974923 ], [ -60.53873789628048, -31.739910617763734 ], [ -60.538697001231384, -31.739870054542276 ], [ -60.538606285266681, -31.739783883059786 ], [ -60.538509637083472, -31.739704475027537 ], [ -60.538470445684659, -31.739644614187927 ], [ -60.538435976222758, -31.739627534687678 ], [ -60.538374702732689, -31.739564881219657 ], [ -60.538347138803722, -31.739533884192969 ], [ -60.538261207952054, -31.739457410420741 ], [ -60.538130020324594, -31.739350627477382 ], [ -60.537993185250848, -31.739216239375647 ], [ -60.537417063459635, -31.739797486322047 ] ] ] ] } },
{ "type": "Feature", "properties": { "id": 108, "nombre": "4 DE JUNIO" }, "geometry": { "type": "MultiPolygon", "coordinates": [ [ [ [ -60.473426612308103, -31.754593494945023 ], [ -60.473493562660835, -31.754591921925694 ], [ -60.47358674340569, -31.754575652042043 ], [ -60.473612876071343, -31.754571089117963 ], [ -60.473640061379001, -31.754566342390017 ], [ -60.47370230877673, -31.754555473574044 ], [ -60.473735188711267, -31.754549732502152 ], [ -60.47377676868097, -31.75454247232873 ], [ -60.473864641784466, -31.754527128979923 ], [ -60.47397226743044, -31.754508336589403 ], [ -60.474072466672112, -31.754490840826445 ], [ -60.474159781852208, -31.754475594676521 ], [ -60.474268808782341, -31.754456557335558 ], [ -60.474353852119009, -31.754441707732472 ], [ -60.474356581468676, -31.754458027011786 ], [ -60.476249477620776, -31.754195406215615 ], [ -60.475823309077768, -31.752740309675303 ], [ -60.475496195493626, -31.752169056845613 ], [ -60.475313502889975, -31.751980487074757 ], [ -60.474626700548747, -31.752050983679407 ], [ -60.474599568466374, -31.752298567377427 ], [ -60.475032158746359, -31.752491059339278 ], [ -60.475346707609667, -31.752921767645212 ], [ -60.475519135575219, -31.753323890019534 ], [ -60.47548879356286, -31.753610460614485 ], [ -60.475230676930799, -31.753824389810934 ], [ -60.474400100589023, -31.753274682853853 ], [ -60.474139015151863, -31.753304770288306 ], [ -60.47425439923235, -31.753895049506401 ], [ -60.474043550208748, -31.753930095197632 ], [ -60.473951529347481, -31.753945390066622 ], [ -60.473859169702145, -31.753960743385576 ], [ -60.473831076714063, -31.753965413382812 ], [ -60.473784253771349, -31.753973196912188 ], [ -60.473635582050733, -31.753997910971176 ], [ -60.473493300578852, -31.754021562589209 ], [ -60.47344729030084, -31.75402921089594 ], [ -60.4733369521566, -31.754047552376342 ], [ -60.473310861823812, -31.754051889350464 ], [ -60.473286016649105, -31.754198393742612 ], [ -60.47335631355201, -31.754620308740744 ], [ -60.473426612308103, -31.754593494945023 ] ] ] ] } },
{ "type": "Feature", "properties": { "id": 102, "nombre": "CALLE HERNANDARIAS" }, "geometry": { "type": "MultiPolygon", "coordinates": [ [ [ [ -60.471563249293304, -31.766114327167106 ], [ -60.47180148765289, -31.7659414133403 ], [ -60.472273493744297, -31.76554184102493 ], [ -60.472703656195854, -31.765163926199765 ], [ -60.472990823586883, -31.764885846447498 ], [ -60.470730646720291, -31.765244254533432 ], [ -60.47088003417165, -31.76554428467966 ], [ -60.471563249293304, -31.766114327167106 ] ] ] ] } },
{ "type": "Feature", "properties": { "id": 62, "nombre": "EL RADAR" }, "geometry": { "type": "MultiPolygon", "coordinates": [ [ [ [ -60.492726629416005, -31.792077147743917 ], [ -60.49270850145821, -31.791988304228184 ], [ -60.492663583248707, -31.791994990236152 ], [ -60.49224249391461, -31.792057667934966 ], [ -60.491514355688274, -31.792166045325121 ], [ -60.491410335798456, -31.792181527470731 ], [ -60.491302155074798, -31.792197628812364 ], [ -60.491193974312544, -31.792213730062429 ], [ -60.491094115113079, -31.792228592673492 ], [ -60.490990095078544, -31.792244074477015 ], [ -60.490886075008099, -31.792259556195908 ], [ -60.490782054901835, -31.79227503783013 ], [ -60.490854559831355, -31.792630413021072 ], [ -60.49092693209866, -31.792985135115181 ], [ -60.491030997639754, -31.792969872283678 ], [ -60.491135063145613, -31.79295460936741 ], [ -60.491239128616009, -31.792939346366413 ], [ -60.491447259451029, -31.792908820110146 ], [ -60.491521591518641, -31.792897917843369 ], [ -60.491540107795458, -31.79289520205829 ], [ -60.491659371530858, -31.792876794763668 ], [ -60.491763392153416, -31.792861312408771 ], [ -60.491867412740255, -31.792845829969259 ], [ -60.491971433291177, -31.792830347445069 ], [ -60.492075453806379, -31.792814864836309 ], [ -60.492179474285656, -31.792799382142768 ], [ -60.4922834947292, -31.792783899364569 ], [ -60.492387515136926, -31.792768416501705 ], [ -60.492848745032902, -31.79269976389622 ], [ -60.492853526123554, -31.792699052236813 ], [ -60.492762885439063, -31.792254834762666 ], [ -60.492744757409632, -31.79216599125543 ], [ -60.492726629416005, -31.792077147743917 ] ] ], [ [ [ -60.490690878340537, -31.793019755739884 ], [ -60.49074791295979, -31.793011390848097 ], [ -60.490792436957307, -31.793004860788038 ], [ -60.490794943961795, -31.793004493100625 ], [ -60.490722628832323, -31.792650048596734 ], [ -60.490650005610895, -31.792294691004837 ], [ -60.490597010161807, -31.792302578388686 ], [ -60.49054610420287, -31.792310154768909 ], [ -60.490442083979538, -31.792325636126414 ], [ -60.490338063720429, -31.792341117399236 ], [ -60.490234043425566, -31.792356598587311 ], [ -60.490130023094792, -31.792372079690818 ], [ -60.489945955265121, -31.792399473856552 ], [ -60.489817961887852, -31.792418522493222 ], [ -60.489713941413846, -31.792434003258066 ], [ -60.48960992090403, -31.79244948393821 ], [ -60.489505900358473, -31.792464964533579 ], [ -60.489401879777049, -31.792480445044372 ], [ -60.489474379607827, -31.792835821061356 ], [ -60.489546154173418, -31.793187639178367 ], [ -60.489650220183549, -31.793172377471347 ], [ -60.489754286158231, -31.79315711567957 ], [ -60.489858352097684, -31.793141853803057 ], [ -60.489962418001667, -31.793126591841794 ], [ -60.490069371568261, -31.793110906291833 ], [ -60.490274615501811, -31.79308080544946 ], [ -60.490378681264566, -31.793065543149183 ], [ -60.490482746991866, -31.79305028076416 ], [ -60.490586812683809, -31.7930350182944 ], [ -60.490690878340537, -31.793019755739884 ] ] ], [ [ [ -60.489320039551963, -31.792885482050416 ], [ -60.489244260106759, -31.792495877993716 ], [ -60.489216991744243, -31.792499936065056 ], [ -60.489140239444218, -31.792511358291367 ], [ -60.489136527969379, -31.792511910629354 ], [ -60.48903621874598, -31.792526838504561 ], [ -60.489032507269854, -31.792527390839496 ], [ -60.48893219801181, -31.792542318632844 ], [ -60.488824465763273, -31.792558351005514 ], [ -60.488621086336778, -31.792593419020498 ], [ -60.488593962814598, -31.792598095809616 ], [ -60.488517549580799, -31.792611271997792 ], [ -60.488414012827626, -31.792629125105663 ], [ -60.488310476033661, -31.792646978129664 ], [ -60.488206939198669, -31.79266483106985 ], [ -60.488103402322885, -31.792682683926149 ], [ -60.48799986540606, -31.792700536698643 ], [ -60.487896328448443, -31.792718389387261 ], [ -60.487771914893415, -31.792739841669249 ], [ -60.487360682260054, -31.792821436234032 ], [ -60.487328911049438, -31.79281350444969 ], [ -60.487367107032242, -31.792966327301141 ], [ -60.487389166127159, -31.793054585915655 ], [ -60.487397354206038, -31.79308734643935 ], [ -60.487411122355994, -31.793142432785881 ], [ -60.487433284446084, -31.793231103128477 ], [ -60.487455343670071, -31.793319361726649 ], [ -60.487497508769842, -31.793488063114278 ], [ -60.487933126498675, -31.793424184799669 ], [ -60.488037193056464, -31.793408924406293 ], [ -60.488141259578867, -31.793393663928253 ], [ -60.488245326066014, -31.793378403365285 ], [ -60.488349392517804, -31.793363142717656 ], [ -60.488453458934288, -31.793347881985273 ], [ -60.488557525315308, -31.793332621168144 ], [ -60.488661591661035, -31.793317360266276 ], [ -60.488765657971491, -31.793302099279611 ], [ -60.488869724246548, -31.793286838208214 ], [ -60.489002220826777, -31.793267407770227 ], [ -60.489189919360541, -31.793239880202901 ], [ -60.489358343826993, -31.793215182008176 ], [ -60.489369632244021, -31.793213526637366 ], [ -60.489320039551963, -31.792885482050416 ] ] ], [ [ [ -60.491754158688209, -31.793378638132815 ], [ -60.49169761194495, -31.793064891693266 ], [ -60.491572199763134, -31.793081379247994 ], [ -60.49155714413844, -31.793083358652197 ], [ -60.491416676414929, -31.793101826238946 ], [ -60.491276208633607, -31.793120293671226 ], [ -60.491135740794299, -31.793138760949017 ], [ -60.490995272896953, -31.793157228072349 ], [ -60.491051817473554, -31.793470975624881 ], [ -60.491108362446489, -31.793784723133044 ], [ -60.491248831266908, -31.793766255877401 ], [ -60.491389300029304, -31.7937477884673 ], [ -60.491529768733727, -31.793729320902735 ], [ -60.491670237380305, -31.793710853183654 ], [ -60.491810705968817, -31.793692385310212 ], [ -60.491754158688209, -31.793378638132815 ] ] ], [ [ [ -60.490915051133172, -31.793488955959194 ], [ -60.490865251157921, -31.793174317195046 ], [ -60.490787493768998, -31.793184539884368 ], [ -60.490724980872763, -31.793192758358845 ], [ -60.490611228950243, -31.793207713215835 ], [ -60.490497476989731, -31.79322266797157 ], [ -60.490383724991197, -31.793237622625938 ], [ -60.490268929357882, -31.793252714376298 ], [ -60.490155177282887, -31.793267668827266 ], [ -60.490041425169885, -31.793282623176804 ], [ -60.489813920830137, -31.793312531572102 ], [ -60.489700168603392, -31.793327485617791 ], [ -60.489586416338419, -31.79334243956222 ], [ -60.489642956285827, -31.793656187778019 ], [ -60.489699496629321, -31.793969935949594 ], [ -60.489813249715361, -31.793954982306175 ], [ -60.489927002763402, -31.793940028561547 ], [ -60.49004075577345, -31.793925074715599 ], [ -60.490154508745348, -31.79391012076842 ], [ -60.490268261679326, -31.793895166719864 ], [ -60.49038201457541, -31.793880212569999 ], [ -60.490496811037467, -31.793865121123432 ], [ -60.490610563856976, -31.79385016677011 ], [ -60.490724316638691, -31.793835212315447 ], [ -60.490805830806437, -31.793824496029277 ], [ -60.490838069382349, -31.793820257759496 ], [ -60.490964850760385, -31.793803590262968 ], [ -60.490915051133172, -31.793488955959194 ] ] ], [ [ [ -60.489486415793969, -31.793676765947005 ], [ -60.489429876360916, -31.793363017657395 ], [ -60.489317167320429, -31.793377832589361 ], [ -60.489214938274124, -31.79339126989823 ], [ -60.489204458264759, -31.793392647545112 ], [ -60.489091749388407, -31.793407463603764 ], [ -60.488979040474845, -31.793422279562986 ], [ -60.488872162146045, -31.793436328976174 ], [ -60.488866331524008, -31.793437095422739 ], [ -60.488753622535931, -31.793451911183048 ], [ -60.488687354074365, -31.793460622220014 ], [ -60.488643131743061, -31.793466436713278 ], [ -60.488640913779598, -31.793466728337769 ], [ -60.488528204439426, -31.79348154236051 ], [ -60.488415495340291, -31.793496357827461 ], [ -60.488302786203796, -31.793511173194858 ], [ -60.488190077030076, -31.79352598846285 ], [ -60.488077367819081, -31.793540803631409 ], [ -60.487964658570569, -31.793555618700527 ], [ -60.48785194928498, -31.793570433670183 ], [ -60.487501297935552, -31.793616524050897 ], [ -60.487542392063645, -31.793825181748723 ], [ -60.487562939199265, -31.79392951058923 ], [ -60.487583521416219, -31.794034017308221 ], [ -60.487624615926293, -31.794242674962135 ], [ -60.487965018262884, -31.794197932165318 ], [ -60.488077728316803, -31.794183117242245 ], [ -60.488303148312745, -31.794153487097741 ], [ -60.488415858254697, -31.794138671876315 ], [ -60.488528568159403, -31.794123856555441 ], [ -60.488641278026748, -31.794109041135108 ], [ -60.488753987856974, -31.794094225615311 ], [ -60.48886669764974, -31.794079409996097 ], [ -60.488979407405253, -31.79406459427744 ], [ -60.489092117123505, -31.794049778459282 ], [ -60.489204826804318, -31.794034962541726 ], [ -60.489317536447935, -31.794020146524648 ], [ -60.489430246054276, -31.794005330408162 ], [ -60.489542955623314, -31.79399051419221 ], [ -60.489486415793969, -31.793676765947005 ] ] ], [ [ [ -60.491912423642972, -31.794139482438066 ], [ -60.491852200996718, -31.793826234561138 ], [ -60.491711955723744, -31.793845902617516 ], [ -60.491571710389195, -31.793865570520008 ], [ -60.491431464993262, -31.793885238268373 ], [ -60.491291219535874, -31.793904905862995 ], [ -60.491280353907307, -31.793906429618772 ], [ -60.49115097401689, -31.793924573303741 ], [ -60.491211194370905, -31.794237821530576 ], [ -60.491271415145462, -31.794551069709986 ], [ -60.491411661581338, -31.794531402129351 ], [ -60.491551907955618, -31.794511734394792 ], [ -60.491692154268414, -31.794492066506272 ], [ -60.491832400519918, -31.794472398463789 ], [ -60.491968453520137, -31.794453318324759 ], [ -60.491972646709755, -31.794452730267381 ], [ -60.491912423642972, -31.794139482438066 ] ] ], [ [ [ -60.491054902347393, -31.794259739080239 ], [ -60.490994682504237, -31.793946490775198 ], [ -60.490967769984337, -31.793950264820225 ], [ -60.490916176383273, -31.793957499970421 ], [ -60.490881110623917, -31.793962417351285 ], [ -60.490767538703288, -31.793978343826428 ], [ -60.490653966742194, -31.793994270200674 ], [ -60.490540394741032, -31.794010196473803 ], [ -60.490425780753853, -31.794026268757321 ], [ -60.490312208671504, -31.794042194827675 ], [ -60.490198636548932, -31.794058120797107 ], [ -60.490085064386037, -31.794074046665553 ], [ -60.489972534129876, -31.794089826325617 ], [ -60.489744347655396, -31.794121823665243 ], [ -60.489804563411504, -31.794435072594368 ], [ -60.489864779587961, -31.794748321475897 ], [ -60.490092967554197, -31.79471632390845 ], [ -60.490205498546146, -31.794700544136123 ], [ -60.49031907145141, -31.794684618154285 ], [ -60.49043264431662, -31.794668692071482 ], [ -60.490546217141393, -31.794652765887719 ], [ -60.490660831877861, -31.794636693489828 ], [ -60.490774404621639, -31.794620767103211 ], [ -60.490887977325116, -31.79460484061569 ], [ -60.49100154998812, -31.794588914027155 ], [ -60.491064439045957, -31.794580094885941 ], [ -60.491093860523648, -31.794575969003297 ], [ -60.49111512261117, -31.794572987337649 ], [ -60.491054902347393, -31.794259739080239 ] ] ], [ [ [ -60.48964827070089, -31.794456988423292 ], [ -60.489593888405572, -31.794174083419033 ], [ -60.489564356879086, -31.794178224393789 ], [ -60.489480315989873, -31.794190008750249 ], [ -60.489366743534021, -31.794205933980486 ], [ -60.489253171037753, -31.794221859109744 ], [ -60.489139598501353, -31.794237784138083 ], [ -60.489024983974119, -31.794253855165252 ], [ -60.488911411356554, -31.794269779990742 ], [ -60.488797838698773, -31.7942857047153 ], [ -60.48868426600081, -31.794301629338808 ], [ -60.488571735214272, -31.794317407765337 ], [ -60.488458884873197, -31.794333230892867 ], [ -60.488441464095267, -31.794335570348597 ], [ -60.488401125147213, -31.794340991808664 ], [ -60.488334343768742, -31.794349968704207 ], [ -60.488264671230986, -31.794359335422648 ], [ -60.488138837135104, -31.794376246386651 ], [ -60.487663503458116, -31.79444012575625 ], [ -60.487664167492184, -31.79444349737042 ], [ -60.487704095321284, -31.794646229317497 ], [ -60.487782947615251, -31.795040225667805 ], [ -60.488158416165106, -31.794984353782965 ], [ -60.488576479438002, -31.794928964781686 ], [ -60.488686326816293, -31.794913562699829 ], [ -60.488798858302779, -31.794897784166437 ], [ -60.488912431707391, -31.794881859435041 ], [ -60.489026005071835, -31.794865934602623 ], [ -60.48913957839585, -31.794850009669286 ], [ -60.489254193636171, -31.794833938533287 ], [ -60.489367766879219, -31.79481801339708 ], [ -60.48948134008193, -31.794802088159926 ], [ -60.489594913244247, -31.794786162821833 ], [ -60.489656998176187, -31.79477745716785 ], [ -60.489708486366474, -31.794770237382743 ], [ -60.48964827070089, -31.794456988423292 ] ] ] ] } },
{ "type": "Feature", "properties": { "id": 81, "nombre": "PUERTO VIEJO" }, "geometry": { "type": "MultiPolygon", "coordinates": [ [ [ [ -60.542370696041218, -31.718792958759494 ], [ -60.542241169602448, -31.718826122240213 ], [ -60.542157994740577, -31.718956926003255 ], [ -60.54213650812077, -31.719198349918329 ], [ -60.54212967487927, -31.71933535149649 ], [ -60.542336873264148, -31.719536667756472 ], [ -60.542413709288923, -31.719627655875875 ], [ -60.542635941869563, -31.719789772664264 ], [ -60.542728191323235, -31.719906784980171 ], [ -60.542843142361953, -31.719991088063544 ], [ -60.542912728945808, -31.720147331735333 ], [ -60.542860341931878, -31.720323662310669 ], [ -60.542929206463484, -31.720355981549343 ], [ -60.543058696738953, -31.720316295018936 ], [ -60.543058088313664, -31.720211937618647 ], [ -60.543033675875179, -31.719951141619468 ], [ -60.542956458790734, -31.719794930507344 ], [ -60.542801987401262, -31.719475985784054 ], [ -60.542586549879189, -31.71917034533756 ], [ -60.542370696041218, -31.718792958759494 ] ] ] ] } },
{ "type": "Feature", "properties": { "id": 93, "nombre": "BARRIO EL SOL" }, "geometry": { "type": "MultiPolygon", "coordinates": [ [ [ [ -60.539729841270272, -31.73804253457476 ], [ -60.539498030294233, -31.738203120905521 ], [ -60.539305240420276, -31.738430531600521 ], [ -60.538969173364535, -31.738820831919419 ], [ -60.538710922497472, -31.738655110626205 ], [ -60.538926199843594, -31.738409091178319 ], [ -60.539383664204102, -31.738042921487793 ], [ -60.539646033469687, -31.737751128979372 ], [ -60.539894947901161, -31.737476499896484 ], [ -60.540018714876581, -31.737372740695704 ], [ -60.540310928297558, -31.737564208666978 ], [ -60.540928182554751, -31.737968649380285 ], [ -60.54078682636495, -31.738083255131038 ], [ -60.541050620935586, -31.738387506267877 ], [ -60.540486895551759, -31.738661024113682 ], [ -60.540253816787292, -31.738568058869049 ], [ -60.539729841270272, -31.73804253457476 ] ] ] ] } },
{ "type": "Feature", "properties": { "id": 104, "nombre": "JUSTO JOSE DE URQUIZA" }, "geometry": { "type": "MultiPolygon", "coordinates": [ [ [ [ -60.480742034739826, -31.775138241769135 ], [ -60.480336239935276, -31.775144457699088 ], [ -60.48029727064241, -31.775032167090028 ], [ -60.479935687197809, -31.775103803595481 ], [ -60.479546247891825, -31.775091215780471 ], [ -60.479669701279832, -31.775634199153238 ], [ -60.480860398891117, -31.775756201519375 ], [ -60.480742034739826, -31.775138241769135 ] ] ], [ [ [ -60.478804892327233, -31.775137006539051 ], [ -60.478848072465723, -31.775140688356682 ], [ -60.478393266501094, -31.775101907910681 ], [ -60.478393266501094, -31.775101907910681 ], [ -60.478166040388267, -31.775131929169547 ], [ -60.477736551189082, -31.775132596981262 ], [ -60.477735294725484, -31.77513259893281 ], [ -60.477853748711411, -31.775678111160243 ], [ -60.478158073661355, -31.775623777926754 ], [ -60.47828995604015, -31.775641958959824 ], [ -60.478513029093591, -31.775663841264521 ], [ -60.478910223154273, -31.775648201426563 ], [ -60.478910223154273, -31.775648201426563 ], [ -60.478804892327233, -31.775137006539051 ] ] ], [ [ [ -60.480147500681532, -31.768841109701032 ], [ -60.479088906148561, -31.76899982790021 ], [ -60.47851610242796, -31.769077850062555 ], [ -60.478198733809755, -31.769102795013623 ], [ -60.477660396245703, -31.769113293359645 ], [ -60.477664821179289, -31.76927891836786 ], [ -60.48027617451622, -31.769458764204458 ], [ -60.480147500681532, -31.768841109701032 ] ] ] ] } },
{ "type": "Feature", "properties": { "id": 101, "nombre": "Calle Darwin 2045" }, "geometry": { "type": "MultiPolygon", "coordinates": [ [ [ [ -60.486979992531872, -31.722280286887401 ], [ -60.486909375710283, -31.72188891067788 ], [ -60.486748054285449, -31.721164644516069 ], [ -60.486012018241254, -31.721276350363379 ], [ -60.486243991174305, -31.722393100496294 ], [ -60.486979992531872, -31.722280286887401 ] ] ] ] } },
{ "type": "Feature", "properties": { "id": 107, "nombre": "EL MORRO" }, "geometry": { "type": "MultiPolygon", "coordinates": [ [ [ [ -60.512788972240209, -31.71715130268138 ], [ -60.51298460675978, -31.718031642495887 ], [ -60.512997544922001, -31.718089862577969 ], [ -60.513037025529918, -31.718267519808673 ], [ -60.513151751717842, -31.718783767584295 ], [ -60.513533324012215, -31.720609762034297 ], [ -60.514797976839908, -31.720402879820639 ], [ -60.514737781983186, -31.720104698734012 ], [ -60.51470220926015, -31.719924688847748 ], [ -60.514696526861769, -31.719895933941682 ], [ -60.516002656419992, -31.719744324743456 ], [ -60.516120624650227, -31.719582396544133 ], [ -60.516151534072264, -31.719536006817268 ], [ -60.516193382625382, -31.719456926043467 ], [ -60.516219529142077, -31.71941102474435 ], [ -60.516327667248625, -31.719210189506427 ], [ -60.516571483395893, -31.718818102379615 ], [ -60.516797929286291, -31.718192564192755 ], [ -60.51693022587213, -31.717987296519102 ], [ -60.516449664662566, -31.717832329469811 ], [ -60.516068595500904, -31.717731667258224 ], [ -60.515801108934191, -31.71766731557048 ], [ -60.515643438696692, -31.717629885837919 ], [ -60.515631454829027, -31.717627075348592 ], [ -60.515376346464969, -31.717567246330585 ], [ -60.515238956887892, -31.71753874563937 ], [ -60.51514198153896, -31.717522821636116 ], [ -60.514989316906941, -31.717504438047754 ], [ -60.514839676529974, -31.717494031648421 ], [ -60.514716449330479, -31.717493653373896 ], [ -60.514606133921447, -31.71750117147106 ], [ -60.514371590436653, -31.717425381415612 ], [ -60.514211682028453, -31.717368310160314 ], [ -60.514076412928056, -31.717326880166624 ], [ -60.513947195167219, -31.717269684821542 ], [ -60.513719681853459, -31.717197144641503 ], [ -60.513436810756012, -31.717103839248569 ], [ -60.513184717148285, -31.717026150155402 ], [ -60.512958181578675, -31.716984662221492 ], [ -60.512736177786792, -31.716944003813854 ], [ -60.512775188693446, -31.717097181301899 ], [ -60.512788972240209, -31.71715130268138 ] ] ] ] } },
{ "type": "Feature", "properties": { "id": 103, "nombre": "JUSTO JOSE DE URQUIZA" }, "geometry": { "type": "MultiPolygon", "coordinates": [ [ [ [ -60.483396854493058, -31.775366508849036 ], [ -60.483392100750919, -31.775364540129839 ], [ -60.482501696632028, -31.77537380888041 ], [ -60.482415848916737, -31.774957769536698 ], [ -60.481721589809304, -31.774731639397835 ], [ -60.481336107505619, -31.774423893458678 ], [ -60.48099503293399, -31.774219046408991 ], [ -60.480682324581814, -31.77419680245313 ], [ -60.481082065601228, -31.776200429720369 ], [ -60.481229990839097, -31.776171761497825 ], [ -60.481405530602842, -31.776180467910525 ], [ -60.481526787622649, -31.776297131963908 ], [ -60.481588909152457, -31.776643579483093 ], [ -60.481474329766861, -31.777034694656678 ], [ -60.481308076795727, -31.777060275606409 ], [ -60.481326266214801, -31.777144554357672 ], [ -60.481889077405647, -31.777067032338749 ], [ -60.482003927819896, -31.777599160908007 ], [ -60.481441113515217, -31.777676683458981 ], [ -60.481581875593889, -31.778461345925439 ], [ -60.482149538414731, -31.778368723414488 ], [ -60.482094415878379, -31.778099855660756 ], [ -60.482067064570202, -31.777831614937959 ], [ -60.482085790021962, -31.777637636077639 ], [ -60.482287873114423, -31.777118794072361 ], [ -60.48235510672869, -31.776336161677211 ], [ -60.482502569674722, -31.776218480682779 ], [ -60.482683399086795, -31.776189686116052 ], [ -60.482593658808128, -31.775805864602777 ], [ -60.483493169445879, -31.775825877580829 ], [ -60.483396854493058, -31.775366508849036 ] ] ] ] } },
{ "type": "Feature", "properties": { "id": 5, "nombre": "PRESIDENTE ILLIA" }, "geometry": { "type": "MultiPolygon", "coordinates": [ [ [ [ -60.47438952826775, -31.763827964324978 ], [ -60.474108321173077, -31.763676541933378 ], [ -60.472658904950478, -31.763576613082346 ], [ -60.472816470970045, -31.764347056493307 ], [ -60.471385303858796, -31.764579057784506 ], [ -60.471291009651694, -31.764181447352417 ], [ -60.470941974417208, -31.764235314721031 ], [ -60.471029536218495, -31.764649537856325 ], [ -60.470498709802598, -31.764752853443994 ], [ -60.470803376820797, -31.765062954031166 ], [ -60.47309134360686, -31.764717877812192 ], [ -60.473401775200259, -31.764644758340125 ], [ -60.47438952826775, -31.763827964324978 ] ] ] ] } },
{ "type": "Feature", "properties": { "id": 63, "nombre": "LA DELFINA" }, "geometry": { "type": "MultiPolygon", "coordinates": [ [ [ [ -60.526365877782119, -31.752784192504166 ], [ -60.52638468248545, -31.752779903231858 ], [ -60.526466520558976, -31.752701501966179 ], [ -60.52654373764836, -31.752632769416579 ], [ -60.526584787775739, -31.752596237639494 ], [ -60.526607480593881, -31.752574039789003 ], [ -60.526617084643739, -31.752564648029214 ], [ -60.526641887228145, -31.752540394279233 ], [ -60.526664800480482, -31.75251798808452 ], [ -60.526709104525445, -31.752474579826075 ], [ -60.526766224324142, -31.752418628105293 ], [ -60.52677996366495, -31.752405160963409 ], [ -60.526837306750267, -31.752349514912609 ], [ -60.526862582620467, -31.7523249886111 ], [ -60.52686531176191, -31.752322343957459 ], [ -60.526884988494352, -31.752306191828971 ], [ -60.52690200740512, -31.75229223313773 ], [ -60.526958395906355, -31.752237646131082 ], [ -60.527020788454251, -31.752177244461844 ], [ -60.527055318084066, -31.752148594517244 ], [ -60.527107348804982, -31.752105415691666 ], [ -60.527127609144628, -31.75208610467644 ], [ -60.527130737485102, -31.752083133703714 ], [ -60.527151501751135, -31.752063351643841 ], [ -60.527196053512775, -31.752020898139985 ], [ -60.527207321302036, -31.752010850127999 ], [ -60.527236907494576, -31.751985232729407 ], [ -60.527241843861745, -31.751980973661681 ], [ -60.5273103515771, -31.751917660662688 ], [ -60.527349570263304, -31.751882119222689 ], [ -60.527395173084699, -31.751840788597288 ], [ -60.527420258318202, -31.751818057632946 ], [ -60.527464322103675, -31.751784516220471 ], [ -60.527476368857549, -31.751772255455421 ], [ -60.527526339894294, -31.751721419357548 ], [ -60.527548744434206, -31.75170057529073 ], [ -60.527631256545561, -31.75162226066977 ], [ -60.527736959334163, -31.75151846318904 ], [ -60.527791426196167, -31.751465768615347 ], [ -60.52781228291866, -31.751445589255781 ], [ -60.527819514342028, -31.751436604042663 ], [ -60.527838578032863, -31.751412914935713 ], [ -60.527907852951657, -31.751326854067134 ], [ -60.527982174120218, -31.75123919403282 ], [ -60.527992794419418, -31.751226668578163 ], [ -60.528031178239189, -31.751179875441629 ], [ -60.528048763273638, -31.751161594444074 ], [ -60.528088497402045, -31.751120278873131 ], [ -60.528159549947212, -31.751061121364451 ], [ -60.528239527257185, -31.750988254943046 ], [ -60.528252232039847, -31.750976676773917 ], [ -60.528285936519481, -31.750945973724772 ], [ -60.528300363270411, -31.750932828230539 ], [ -60.528323599361649, -31.750911655917655 ], [ -60.528347013936596, -31.750890320529486 ], [ -60.528350048390948, -31.750887557338995 ], [ -60.528401263779408, -31.750840422294424 ], [ -60.528478986188048, -31.750747832843739 ], [ -60.528513986791054, -31.750722373059475 ], [ -60.528540272337402, -31.750699240086803 ], [ -60.528642998892671, -31.750608810429679 ], [ -60.528713128307153, -31.750548916934832 ], [ -60.528736506683714, -31.750526815062411 ], [ -60.528739394283313, -31.750524214802986 ], [ -60.52879963010372, -31.750470020928436 ], [ -60.528835241923268, -31.750437980030409 ], [ -60.528855108647164, -31.750420104297454 ], [ -60.528868349675925, -31.750408199179287 ], [ -60.528915742777187, -31.750362712120772 ], [ -60.528968292850493, -31.750314678487737 ], [ -60.529029681654968, -31.750239688250819 ], [ -60.529077276930671, -31.750198231511728 ], [ -60.52909191678684, -31.750185481852021 ], [ -60.529116613707046, -31.750165142038625 ], [ -60.529231084899109, -31.750070848359158 ], [ -60.529299963830624, -31.750017615305083 ], [ -60.529350077417334, -31.749968058509889 ], [ -60.529367681616819, -31.749953231292903 ], [ -60.529402666863788, -31.749888072388163 ], [ -60.529424219210583, -31.749865996012961 ], [ -60.52946041957459, -31.749828915301425 ], [ -60.52946689378637, -31.749822304976735 ], [ -60.529518330775211, -31.749769802621817 ], [ -60.529521845960709, -31.749766216732347 ], [ -60.529574744706267, -31.749710948653416 ], [ -60.529589726716267, -31.749695293593764 ], [ -60.529666432274013, -31.749626534222617 ], [ -60.529678903792345, -31.749614830623436 ], [ -60.529694015775249, -31.749634987027839 ], [ -60.529743119202024, -31.749611984409832 ], [ -60.529760580237273, -31.749605400539895 ], [ -60.529825316573465, -31.749580980136457 ], [ -60.529852146236585, -31.749570109637787 ], [ -60.529855371315634, -31.749569329664045 ], [ -60.529901776564962, -31.74955809818217 ], [ -60.529973752681109, -31.749542909479388 ], [ -60.530023750128329, -31.749532357428219 ], [ -60.530061801301848, -31.74952195425589 ], [ -60.530117703154467, -31.749506679026158 ], [ -60.530217230791486, -31.749483231955232 ], [ -60.5302239552313, -31.74948165281112 ], [ -60.530317875973722, -31.749455884212534 ], [ -60.530333242847902, -31.74945223093756 ], [ -60.530378942884155, -31.749441353934689 ], [ -60.530415799851973, -31.749432533845553 ], [ -60.530432940117528, -31.749427087535903 ], [ -60.53047056010503, -31.749415116837518 ], [ -60.530506413588192, -31.749404298817968 ], [ -60.530595285438842, -31.74939449554449 ], [ -60.530621269752331, -31.749370515669728 ], [ -60.530679282376411, -31.749353418708665 ], [ -60.530706157464842, -31.749346840594018 ], [ -60.530748386341578, -31.749341722628952 ], [ -60.53077302335155, -31.749338734122198 ], [ -60.530847753386858, -31.749314235498684 ], [ -60.530875419115112, -31.749303803203247 ], [ -60.5308976085906, -31.749295440892485 ], [ -60.530932168300296, -31.749283554955895 ], [ -60.530973431989722, -31.749260963303932 ], [ -60.530999192982755, -31.749245957578232 ], [ -60.531004704953766, -31.749242751117709 ], [ -60.531058676705904, -31.749214812685942 ], [ -60.531106222409484, -31.749187108438953 ], [ -60.531059859895464, -31.749096675900709 ], [ -60.530950724342922, -31.749098997507193 ], [ -60.530941649048764, -31.749099188634968 ], [ -60.53090017468093, -31.74911259141783 ], [ -60.530861365552695, -31.749123286585608 ], [ -60.530806961085467, -31.749138276332442 ], [ -60.530761974821885, -31.749152135601086 ], [ -60.530753266286673, -31.749199969328387 ], [ -60.5307249886311, -31.749206733662415 ], [ -60.530581542250971, -31.749199836770998 ], [ -60.530573392534137, -31.749199473896933 ], [ -60.530483122289901, -31.749206469239052 ], [ -60.530453962666179, -31.74920848449462 ], [ -60.530311982858962, -31.749218175027522 ], [ -60.530302846696287, -31.749218799245863 ], [ -60.530137439801273, -31.74921414864227 ], [ -60.530132267563708, -31.749214007830226 ], [ -60.530043188169969, -31.749222558087546 ], [ -60.53003816358104, -31.749222398620763 ], [ -60.529999550387615, -31.749221197458269 ], [ -60.529937903761706, -31.749224727531931 ], [ -60.529903044295736, -31.749222915515045 ], [ -60.529847797623404, -31.749219781396256 ], [ -60.529795260530157, -31.74922357112796 ], [ -60.529716569395532, -31.749217855966446 ], [ -60.52967976361046, -31.749217125167828 ], [ -60.529616751024641, -31.749210596243213 ], [ -60.529562157505154, -31.749210958420285 ], [ -60.52951857691523, -31.749210372969866 ], [ -60.529510977481408, -31.749210269274286 ], [ -60.529471573763296, -31.749211100374147 ], [ -60.529436852076699, -31.74922607989593 ], [ -60.529406394365672, -31.749244802360462 ], [ -60.529371865386317, -31.749276961093333 ], [ -60.529354635455469, -31.749309318503272 ], [ -60.529350827674563, -31.749328254900362 ], [ -60.529387157876826, -31.749358541027195 ], [ -60.529329167102254, -31.749396217272164 ], [ -60.529305176859772, -31.749434987777043 ], [ -60.529298707397828, -31.749444285553697 ], [ -60.529285674256066, -31.749463016773227 ], [ -60.529257681767852, -31.749503246835644 ], [ -60.529234600225728, -31.749501394733503 ], [ -60.529225184634143, -31.749590201831953 ], [ -60.529207997723418, -31.749635707851869 ], [ -60.529189565068556, -31.749677440338534 ], [ -60.529184788192829, -31.749689292301888 ], [ -60.529173621379208, -31.749717007091153 ], [ -60.529180992350071, -31.749738169690492 ], [ -60.529135568035542, -31.749793866506518 ], [ -60.529102599103972, -31.749838725595378 ], [ -60.529099899770891, -31.749842876243974 ], [ -60.529069883052593, -31.74988908484201 ], [ -60.529022803793687, -31.750011984493479 ], [ -60.529005310197292, -31.750038850751039 ], [ -60.528971256152602, -31.750089648409084 ], [ -60.52894568037285, -31.750083495821169 ], [ -60.528911632277243, -31.750122353093797 ], [ -60.528908981448687, -31.750127612798607 ], [ -60.528813817061206, -31.750194725811721 ], [ -60.528626990429842, -31.750293413668924 ], [ -60.528575924787837, -31.750320392088891 ], [ -60.528522911063192, -31.750348154150252 ], [ -60.528430594702954, -31.750396496819491 ], [ -60.528405837174475, -31.750411777436767 ], [ -60.528356101230543, -31.75044247484864 ], [ -60.528377343076528, -31.750480877241642 ], [ -60.528340856697788, -31.750501166595559 ], [ -60.528335480530295, -31.750504155937016 ], [ -60.528307341270093, -31.750518665957621 ], [ -60.528242202031372, -31.750552240926488 ], [ -60.528221164806752, -31.750540577180729 ], [ -60.528167700237006, -31.750587496018085 ], [ -60.528138366279045, -31.7506165215386 ], [ -60.528114491611859, -31.750647905279262 ], [ -60.528098445749436, -31.750678877796222 ], [ -60.528094055688101, -31.750691972652323 ], [ -60.528085317265365, -31.750718072007338 ], [ -60.528064212913691, -31.750817307618167 ], [ -60.528062744605734, -31.750865426796892 ], [ -60.528080320100798, -31.750899398367 ], [ -60.528043468112713, -31.750966882368651 ], [ -60.527961924700222, -31.751029753766627 ], [ -60.527888474305648, -31.751149948521942 ], [ -60.527834307780317, -31.751233214223912 ], [ -60.527743529525416, -31.751348259029108 ], [ -60.527737556594559, -31.75135583215733 ], [ -60.527657909103716, -31.751453479423752 ], [ -60.527569789409085, -31.751547933137317 ], [ -60.527512811967775, -31.751595308144548 ], [ -60.527492035764126, -31.751603645981007 ], [ -60.527481273838461, -31.751607965248891 ], [ -60.527459318242528, -31.751616776918603 ], [ -60.527382876904376, -31.751643354876311 ], [ -60.527349446943248, -31.751653693034914 ], [ -60.527341660995681, -31.751656097094617 ], [ -60.527311153964305, -31.751662608368633 ], [ -60.527240283617886, -31.751677736890272 ], [ -60.527217605635343, -31.751683864028575 ], [ -60.527188497179942, -31.751691334453714 ], [ -60.527191386638243, -31.751707672832602 ], [ -60.527084836925852, -31.751757137590214 ], [ -60.527077882479929, -31.751759141385172 ], [ -60.527005999635442, -31.751740878881208 ], [ -60.526953358596984, -31.751734044220839 ], [ -60.526943331099623, -31.751735736055693 ], [ -60.526891453935043, -31.751744509037284 ], [ -60.526860967237567, -31.751756485261833 ], [ -60.526837349888403, -31.75176634081047 ], [ -60.526801779639378, -31.751786409495885 ], [ -60.526767003400131, -31.751827415581758 ], [ -60.52676372695899, -31.751832190835231 ], [ -60.526733014418021, -31.751876985870535 ], [ -60.526668224419893, -31.752002347728229 ], [ -60.52665519667805, -31.752029646121596 ], [ -60.526614600990598, -31.752114712998001 ], [ -60.526585739529544, -31.752175174300913 ], [ -60.526584051010161, -31.752178932927819 ], [ -60.526552491561439, -31.752249415781449 ], [ -60.526539939336132, -31.752274962630498 ], [ -60.526507061257121, -31.752341843567169 ], [ -60.526505068399203, -31.752345910075686 ], [ -60.526451563494888, -31.75243266256863 ], [ -60.52639953109518, -31.752514800559958 ], [ -60.526397752720584, -31.752517603606705 ], [ -60.526335142171277, -31.752599280243679 ], [ -60.526310251456358, -31.752641553032483 ], [ -60.526296135264843, -31.752692898899248 ], [ -60.526292423719326, -31.752728978752977 ], [ -60.526290002632585, -31.752752499683876 ], [ -60.526304626643473, -31.752777853087427 ], [ -60.526365877782119, -31.752784192504166 ] ] ] ] } },
{ "type": "Feature", "properties": { "id": 64, "nombre": "BAJADA GRANDE" }, "geometry": { "type": "MultiPolygon", "coordinates": [ [ [ [ -60.562770219239383, -31.705663126235898 ], [ -60.562776999456609, -31.705661967676605 ], [ -60.562909968487233, -31.705634338642533 ], [ -60.562967254167283, -31.705622153580496 ], [ -60.562967285098551, -31.705622287670927 ], [ -60.562979687053129, -31.705619312992329 ], [ -60.562979684677266, -31.705619303258501 ], [ -60.563041688594311, -31.70561196976189 ], [ -60.563111421946488, -31.705603450739183 ], [ -60.563111436941774, -31.705603543205953 ], [ -60.563163412157124, -31.705597072616715 ], [ -60.56313064786513, -31.705397682903751 ], [ -60.563130599328005, -31.705397687946984 ], [ -60.563125634335428, -31.705367858709746 ], [ -60.563125491180607, -31.705367887423062 ], [ -60.563126931082756, -31.70536731411396 ], [ -60.563155138623721, -31.705355479999476 ], [ -60.563155381009324, -31.705355653015399 ], [ -60.563193688301091, -31.705339978780415 ], [ -60.563195755401338, -31.705357142811472 ], [ -60.563201546300959, -31.705408014403961 ], [ -60.563205783553983, -31.705474256787035 ], [ -60.563205080281129, -31.705474299054146 ], [ -60.563215863866347, -31.705644703912686 ], [ -60.563218690706925, -31.70567538377038 ], [ -60.563220715313143, -31.705697356920481 ], [ -60.56319127832549, -31.705697968514308 ], [ -60.56307792112468, -31.705704401400048 ], [ -60.563002125657533, -31.705708702645577 ], [ -60.562953838499993, -31.705711442824295 ], [ -60.562917772763768, -31.705713489455079 ], [ -60.562867396667123, -31.705716348142008 ], [ -60.562846863751865, -31.705717513315385 ], [ -60.562755975637238, -31.705722670867914 ], [ -60.562729102658267, -31.705735749943528 ], [ -60.562675309733777, -31.705761930925384 ], [ -60.562643294914267, -31.705777512499797 ], [ -60.562484293128961, -31.705854898283313 ], [ -60.562765390688604, -31.705880627473242 ], [ -60.56283618135177, -31.705887106925754 ], [ -60.562852477963126, -31.705888598544984 ], [ -60.562923805362736, -31.705895127074758 ], [ -60.562967344309335, -31.705899112133544 ], [ -60.562992069678664, -31.705901375205144 ], [ -60.563016130725025, -31.70590357746768 ], [ -60.563084516031132, -31.70590178178076 ], [ -60.563153308634718, -31.705899975361817 ], [ -60.563198497854003, -31.705898788721839 ], [ -60.563334435203302, -31.705895218997405 ], [ -60.563486689270896, -31.705891220622444 ], [ -60.563565205408239, -31.705889158623087 ], [ -60.564013901347685, -31.705877373992394 ], [ -60.564179618135483, -31.705873021177116 ], [ -60.564232074982925, -31.705875995739014 ], [ -60.564328156814945, -31.705881443996152 ], [ -60.564408884650966, -31.705886021558516 ], [ -60.564502222775431, -31.705891314105859 ], [ -60.564570719917093, -31.705895198052215 ], [ -60.564579709142912, -31.705892037264107 ], [ -60.564603907174671, -31.705883528757347 ], [ -60.564780704190156, -31.705821363242659 ], [ -60.565169145139606, -31.705719636908942 ], [ -60.565176730773793, -31.705719016410981 ], [ -60.565220975870808, -31.705715397193512 ], [ -60.565286995769561, -31.705745276979826 ], [ -60.565366970696871, -31.705745770155993 ], [ -60.565366837425664, -31.705762058022177 ], [ -60.565450683963768, -31.705762570053988 ], [ -60.565500972021837, -31.705758845800741 ], [ -60.56550414442458, -31.70579430292921 ], [ -60.565358225233425, -31.705792147201308 ], [ -60.565267924993108, -31.705770125250528 ], [ -60.565174675327022, -31.705757116970322 ], [ -60.565008855605157, -31.705816077731484 ], [ -60.564944647134666, -31.705838908353599 ], [ -60.564815066012862, -31.705848085954429 ], [ -60.564794040327193, -31.705849576938274 ], [ -60.564721323508593, -31.705873536284663 ], [ -60.564612906275983, -31.70590926939882 ], [ -60.564918462597383, -31.705930831923833 ], [ -60.564923115362291, -31.705930958329617 ], [ -60.564991621401738, -31.705932819474203 ], [ -60.565013112930785, -31.705933403339817 ], [ -60.56515170249159, -31.705937168349127 ], [ -60.565880163763239, -31.705956955693605 ], [ -60.56599061966665, -31.705959955665914 ], [ -60.566005021759857, -31.705960346818429 ], [ -60.566562405789647, -31.705950838103185 ], [ -60.566720888897486, -31.705948134009123 ], [ -60.566863602527206, -31.705945698810773 ], [ -60.567173830069564, -31.705940604388232 ], [ -60.567166254285603, -31.705996255388992 ], [ -60.566369055199075, -31.706011984266961 ], [ -60.565910863784374, -31.706012885247517 ], [ -60.5658148265818, -31.706013073884883 ], [ -60.565306496202432, -31.706014074865646 ], [ -60.56541774616872, -31.706069347246817 ], [ -60.565425943341907, -31.706073419846334 ], [ -60.56616913536643, -31.706442656052133 ], [ -60.566207843711048, -31.706461887115765 ], [ -60.566417152961158, -31.70656587570619 ], [ -60.566445050747966, -31.706579735783297 ], [ -60.566555358249744, -31.706634538254466 ], [ -60.56662225151068, -31.706667771781422 ], [ -60.566763527806778, -31.706737959667063 ], [ -60.566770175803072, -31.70674126247085 ], [ -60.566991065734236, -31.706850468888636 ], [ -60.567455853685175, -31.707080254655562 ], [ -60.567506160607095, -31.70711276676122 ], [ -60.567578283677072, -31.706983674506379 ], [ -60.56764827191693, -31.706858402982093 ], [ -60.567664638944159, -31.706829107686062 ], [ -60.567791702598399, -31.706601676117259 ], [ -60.567943601626759, -31.706294121963779 ], [ -60.568709415878082, -31.706659265381223 ], [ -60.568506311922185, -31.706846604562376 ], [ -60.568486237146999, -31.706865121090569 ], [ -60.568463629234373, -31.706908067241933 ], [ -60.568322784059426, -31.707024733554359 ], [ -60.567700978669222, -31.7072386723972 ], [ -60.56774492011818, -31.707267065154056 ], [ -60.568119978380302, -31.707154059998505 ], [ -60.568397230826321, -31.707070522878919 ], [ -60.568417701553571, -31.707064354948336 ], [ -60.568452281395835, -31.7070539378349 ], [ -60.568487476143787, -31.707118162905147 ], [ -60.568529677025296, -31.707195172972522 ], [ -60.568462871868263, -31.707226737674596 ], [ -60.568473767058457, -31.707295830548489 ], [ -60.568511921335883, -31.707537788626002 ], [ -60.568515950377552, -31.707537203655573 ], [ -60.568549912946018, -31.707708132689042 ], [ -60.568588129963331, -31.707708624136284 ], [ -60.568640582887305, -31.707704001223302 ], [ -60.568692035329221, -31.7076941506262 ], [ -60.56869639604826, -31.707692835896793 ], [ -60.569124232005898, -31.707563845146257 ], [ -60.569181508230201, -31.707546576468687 ], [ -60.569207356419149, -31.707594398274281 ], [ -60.569854288918108, -31.707438602301234 ], [ -60.569900417770839, -31.707427493285639 ], [ -60.570004527619965, -31.707337730878486 ], [ -60.570182922723511, -31.707183919916226 ], [ -60.570192195275936, -31.707175925168293 ], [ -60.570335493210536, -31.707052374152436 ], [ -60.57028834292548, -31.707009891330671 ], [ -60.570087969816612, -31.706874915797076 ], [ -60.569190193108398, -31.70639402392656 ], [ -60.568999975058993, -31.706262723320165 ], [ -60.568821733716391, -31.706139689198757 ], [ -60.568603213073203, -31.705955118765136 ], [ -60.568412991078297, -31.705883855525869 ], [ -60.568197294745659, -31.705856048052102 ], [ -60.56800334358973, -31.70581670799373 ], [ -60.567907309301823, -31.705735969918774 ], [ -60.567698465313462, -31.705721179608588 ], [ -60.567685421017295, -31.705720255801335 ], [ -60.567564701305166, -31.705744989597786 ], [ -60.567483634859968, -31.705731552201723 ], [ -60.567277379445095, -31.70574516786326 ], [ -60.56710098629884, -31.705768877282459 ], [ -60.567050708726029, -31.705775639226701 ], [ -60.567010899725275, -31.705805595080321 ], [ -60.56692083353856, -31.70580231535525 ], [ -60.566736997551224, -31.705795620841183 ], [ -60.566747065593241, -31.705770306470772 ], [ -60.565888342460127, -31.705600072768856 ], [ -60.565688177796858, -31.705554349605809 ], [ -60.56555729093516, -31.705486625830773 ], [ -60.565395226464013, -31.705443195680328 ], [ -60.565247363562875, -31.705408170672577 ], [ -60.565195900133595, -31.705418458241347 ], [ -60.565153007172512, -31.705423950894744 ], [ -60.565129791799599, -31.705419721378174 ], [ -60.565085861283613, -31.70542853010614 ], [ -60.565064145025673, -31.705427484765057 ], [ -60.565020866628174, -31.705427560203802 ], [ -60.564956671966748, -31.705425881182553 ], [ -60.564921940099119, -31.705423362712935 ], [ -60.564883090275664, -31.7054142819402 ], [ -60.564865601862586, -31.705406066811435 ], [ -60.564855308116904, -31.705397302861549 ], [ -60.564829901045073, -31.705393980020581 ], [ -60.564809057115248, -31.705392195244873 ], [ -60.564772577825607, -31.70536620353338 ], [ -60.564711429824399, -31.705348513232778 ], [ -60.564671998334646, -31.705336702518888 ], [ -60.564647387569089, -31.705333141280995 ], [ -60.56461342969974, -31.705313960482943 ], [ -60.564585797946592, -31.705290364119044 ], [ -60.564556972904185, -31.705274767075441 ], [ -60.564536712493201, -31.705260656618659 ], [ -60.564502315718642, -31.705262011652579 ], [ -60.56447213723775, -31.705275630530977 ], [ -60.564433012722077, -31.705266096928298 ], [ -60.564398948741697, -31.705256041977851 ], [ -60.564378060689023, -31.705251748451243 ], [ -60.564348820791707, -31.705258055593102 ], [ -60.564318874735285, -31.705254562933234 ], [ -60.564285755587896, -31.705252707882657 ], [ -60.56424265187129, -31.705259649585624 ], [ -60.564208557985502, -31.705263053665064 ], [ -60.564171064376744, -31.705270379399405 ], [ -60.564138873974166, -31.70527581199503 ], [ -60.564105297554754, -31.705278296936285 ], [ -60.564056814334663, -31.705282798527922 ], [ -60.564017222698538, -31.705292204225874 ], [ -60.563965437930243, -31.705291045412924 ], [ -60.563931466300559, -31.705286235760337 ], [ -60.563900033906037, -31.705274093807098 ], [ -60.563864014320572, -31.705259045370102 ], [ -60.563830229207731, -31.705249671021708 ], [ -60.563795623737199, -31.705239166647626 ], [ -60.563757169280549, -31.705237380078437 ], [ -60.563737627129981, -31.705233753477785 ], [ -60.563721093748683, -31.705249477826001 ], [ -60.563694401078642, -31.705248908654202 ], [ -60.563664010553893, -31.70526137810597 ], [ -60.563600110307014, -31.705258333325155 ], [ -60.563571114972866, -31.705248212972265 ], [ -60.563530963617502, -31.70524097343208 ], [ -60.563488188743328, -31.705236276863339 ], [ -60.563438148942708, -31.705212968389702 ], [ -60.563422479906855, -31.705201992306566 ], [ -60.563393073403795, -31.705183665114738 ], [ -60.563373585399134, -31.705167947747015 ], [ -60.563349638609999, -31.70515662186245 ], [ -60.563297532962729, -31.705137217824873 ], [ -60.563257911195002, -31.705129743276316 ], [ -60.563215900575877, -31.705122983768462 ], [ -60.563189464667374, -31.705106671358738 ], [ -60.563155499151776, -31.705087034043551 ], [ -60.563135105469165, -31.705059508591141 ], [ -60.563135105469165, -31.70505950859113 ], [ -60.563135022594764, -31.705059114245874 ], [ -60.563134757412612, -31.705057689646353 ], [ -60.563134102740442, -31.70505549904426 ], [ -60.563099187626911, -31.705055728204719 ], [ -60.563062316968349, -31.705056720655339 ], [ -60.563012528779502, -31.705059445379582 ], [ -60.562998771676696, -31.705058845755627 ], [ -60.562998038933131, -31.705058828979691 ], [ -60.56299803891838, -31.705058826539084 ], [ -60.56299802613642, -31.705058828686717 ], [ -60.562997949563545, -31.705058826933602 ], [ -60.562997953913595, -31.705058840821632 ], [ -60.562985898657907, -31.705060866351051 ], [ -60.56298438147136, -31.705061178620543 ], [ -60.562983443706969, -31.705061259153485 ], [ -60.562996767794949, -31.705102647958128 ], [ -60.563023421472202, -31.70518759225703 ], [ -60.563023291266056, -31.705187390663177 ], [ -60.562983444168445, -31.705061335544347 ], [ -60.562982506634739, -31.705061454272595 ], [ -60.562875556238943, -31.705077466136196 ], [ -60.562856495656298, -31.705070324359223 ], [ -60.562856177535544, -31.705070205163064 ], [ -60.562855865943384, -31.705070088413095 ], [ -60.562855752237695, -31.705070413835255 ], [ -60.562765743686725, -31.705114576442089 ], [ -60.562765412690965, -31.705114998123495 ], [ -60.562765287059271, -31.705114261765825 ], [ -60.562709603860057, -31.705127406697564 ], [ -60.562678171669653, -31.705133779277325 ], [ -60.562678102547089, -31.705133538519245 ], [ -60.562661617670599, -31.70514067625421 ], [ -60.562661777251037, -31.705140749687146 ], [ -60.562516427203782, -31.705204842237315 ], [ -60.562516516128149, -31.705205237566922 ], [ -60.562339480972433, -31.70527932706382 ], [ -60.562344613500606, -31.705299288000745 ], [ -60.562339457475844, -31.705279375051944 ], [ -60.562290917562386, -31.705328120242662 ], [ -60.562289358117127, -31.705353777482102 ], [ -60.562316849220423, -31.705562886522458 ], [ -60.562262709304605, -31.705568060078559 ], [ -60.562266948496557, -31.705802271736431 ], [ -60.562381794989705, -31.705785145839279 ], [ -60.562459523283508, -31.70575745768139 ], [ -60.562459771831463, -31.705757864033895 ], [ -60.562545320805924, -31.705731582408259 ], [ -60.562545237765342, -31.705731366158346 ], [ -60.562622401294476, -31.705706098443923 ], [ -60.562622183964677, -31.705704493706719 ], [ -60.562622400677469, -31.705705996235565 ], [ -60.562745288089239, -31.705670470380127 ], [ -60.562745285549752, -31.705670452912127 ], [ -60.562770220170229, -31.705663139099148 ], [ -60.562770219239383, -31.705663126235898 ] ], [ [ -60.562753392342572, -31.705430595860605 ], [ -60.562753508439471, -31.705431249997201 ], [ -60.562778921675196, -31.705427121341682 ], [ -60.562753442840354, -31.705431293689657 ], [ -60.562753392342572, -31.705430595860605 ] ], [ [ -60.562760422306667, -31.705527742878591 ], [ -60.562761441476269, -31.705540772270748 ], [ -60.562761366250271, -31.705540787210538 ], [ -60.562760422306667, -31.705527742878591 ] ], [ [ -60.562713408153002, -31.705256509911074 ], [ -60.562786742273623, -31.705240019596854 ], [ -60.562786742502766, -31.705240020925977 ], [ -60.562713408157798, -31.705256509927754 ], [ -60.562713408153002, -31.705256509911074 ] ], [ [ -60.562991540555466, -31.705263479625689 ], [ -60.562987861862325, -31.70526434617037 ], [ -60.562991532288208, -31.705263445211909 ], [ -60.562991540555466, -31.705263479625689 ] ], [ [ -60.563008149670324, -31.70521723341146 ], [ -60.563028810880212, -31.705212355530588 ], [ -60.563028823194699, -31.705212420779286 ], [ -60.563008149670324, -31.70521723341146 ] ], [ [ -60.563036294025252, -31.705245757508049 ], [ -60.563015980458395, -31.705249947056121 ], [ -60.563035226691852, -31.705245969006739 ], [ -60.56303522600107, -31.705245965366228 ], [ -60.563036294025252, -31.705245757508049 ] ], [ [ -60.562989755785473, -31.705257926025382 ], [ -60.562990827269552, -31.705261423356461 ], [ -60.562990541410116, -31.705260715799682 ], [ -60.562989755785473, -31.705257926025382 ] ], [ [ -60.563096273657436, -31.705360479291379 ], [ -60.563100000616522, -31.705373000199522 ], [ -60.563099969132629, -31.705373006514403 ], [ -60.563096273657436, -31.705360479291379 ] ], [ [ -60.563040088604808, -31.705194297803786 ], [ -60.563039985223519, -31.705193835500921 ], [ -60.563039489709809, -31.705191830398427 ], [ -60.563039958964644, -31.70519345154257 ], [ -60.563040200048107, -31.705194284418454 ], [ -60.563040088604808, -31.705194297803786 ] ], [ [ -60.563120886540226, -31.705184593227219 ], [ -60.563124598764823, -31.705184128310275 ], [ -60.563137618007268, -31.705182497909359 ], [ -60.563124255460608, -31.705184188587697 ], [ -60.563120886540226, -31.705184593227219 ] ], [ [ -60.562957368815049, -31.70557929947314 ], [ -60.562954318734732, -31.705566331691905 ], [ -60.562950219101147, -31.705548304637766 ], [ -60.562957368815049, -31.70557929947314 ] ], [ [ -60.562901447038797, -31.705415255618799 ], [ -60.562901312334787, -31.705415280011561 ], [ -60.562889557315017, -31.705392149075305 ], [ -60.562889527295809, -31.70539198780579 ], [ -60.562901447038797, -31.705415255618799 ] ], [ [ -60.562889321535692, -31.7053908824189 ], [ -60.562887174778126, -31.705379349581658 ], [ -60.562847942008148, -31.705385731161865 ], [ -60.56285472504333, -31.705412912239403 ], [ -60.562854846148319, -31.70541362838863 ], [ -60.562847844674216, -31.705385731591488 ], [ -60.56288712988092, -31.705379317126813 ], [ -60.562885453270461, -31.70537323479439 ], [ -60.562887261077968, -31.705379225318875 ], [ -60.562889321535692, -31.7053908824189 ] ], [ [ -60.562820946286408, -31.705303944676903 ], [ -60.562825923111326, -31.705302873826678 ], [ -60.562823657486518, -31.705303381422073 ], [ -60.562820946286408, -31.705303944676903 ] ], [ [ -60.562862678727306, -31.705294965211507 ], [ -60.562862918358313, -31.705294913650658 ], [ -60.562862918867445, -31.705294915935347 ], [ -60.562862678727306, -31.705294965211507 ] ], [ [ -60.562874765791058, -31.705077590412305 ], [ -60.562916695036144, -31.705211097886043 ], [ -60.56291657736076, -31.70521073099745 ], [ -60.562874765791058, -31.705077590412305 ] ], [ [ -60.562959911652086, -31.70521140056589 ], [ -60.563017086071099, -31.705197565623873 ], [ -60.562975421134773, -31.705207777453886 ], [ -60.562959911652086, -31.70521140056589 ] ], [ [ -60.569565705298096, -31.707131503225401 ], [ -60.569441909149049, -31.707175166913888 ], [ -60.569391678154595, -31.707198279971578 ], [ -60.569131126644734, -31.707290177477905 ], [ -60.569052398524917, -31.707307709415598 ], [ -60.569008302448573, -31.707226126541553 ], [ -60.568982194147843, -31.707177823070005 ], [ -60.5689620915497, -31.707140630826146 ], [ -60.568801188797295, -31.707144642389565 ], [ -60.569010472910072, -31.707041853926061 ], [ -60.569083407084513, -31.707006033379425 ], [ -60.569123605923764, -31.706986290281506 ], [ -60.569306488408991, -31.707019545499801 ], [ -60.569522761129654, -31.707077307687307 ], [ -60.569565705298096, -31.707131503225401 ] ], [ [ -60.563158430326126, -31.70517049623302 ], [ -60.563157584559363, -31.705166471790537 ], [ -60.563158414363954, -31.705170394039108 ], [ -60.563158430326126, -31.70517049623302 ] ], [ [ -60.562998041456375, -31.705059246688347 ], [ -60.562998040677968, -31.705059117827417 ], [ -60.562999580823735, -31.705064034929276 ], [ -60.56300889887499, -31.705093783924166 ], [ -60.562998041456375, -31.705059246688347 ] ], [ [ -60.562884748440077, -31.705311854890169 ], [ -60.56289749541866, -31.705353375535452 ], [ -60.562884688620905, -31.705311868566561 ], [ -60.562884748440077, -31.705311854890169 ] ], [ [ -60.562912290452019, -31.705398076320318 ], [ -60.562914162864381, -31.705401658545306 ], [ -60.562914099406512, -31.705401669909001 ], [ -60.562912290452019, -31.705398076320318 ] ], [ [ -60.562941261329527, -31.705456789409954 ], [ -60.562948269487215, -31.705489751608408 ], [ -60.562955869387004, -31.705488055162224 ], [ -60.562948219623856, -31.705489789750505 ], [ -60.562954643520932, -31.705516710240325 ], [ -60.562948167738128, -31.705490179074133 ], [ -60.562941261329527, -31.705456789409954 ] ], [ [ -60.563047950750097, -31.705467175618182 ], [ -60.563046790283138, -31.7054636123455 ], [ -60.563048047500949, -31.705467153679784 ], [ -60.563047950750097, -31.705467175618182 ] ], [ [ -60.562733130176433, -31.705592564105959 ], [ -60.562731193301516, -31.705581435183937 ], [ -60.562731396494442, -31.705581438265018 ], [ -60.562733130176433, -31.705592564105959 ] ], [ [ -60.562723503593965, -31.705530785827989 ], [ -60.562719789232162, -31.705508133200986 ], [ -60.562709340148693, -31.705439892222348 ], [ -60.562723503593965, -31.705530785827989 ] ], [ [ -60.562677118407443, -31.705233109185006 ], [ -60.562662690301863, -31.705141169838839 ], [ -60.562662799971932, -31.705141220304885 ], [ -60.562677118407443, -31.705233109185006 ] ], [ [ -60.562536990325036, -31.705295706586114 ], [ -60.56253707128046, -31.705296051571707 ], [ -60.562536850960612, -31.705295824273712 ], [ -60.562536420324385, -31.705295900040046 ], [ -60.562536453478643, -31.705295826027175 ], [ -60.562536990325036, -31.705295706586114 ] ], [ [ -60.56266646264784, -31.705398233589943 ], [ -60.56266445415028, -31.705398696222659 ], [ -60.56266216582668, -31.705399235806038 ], [ -60.562661292053086, -31.705399455848056 ], [ -60.562662704710235, -31.705399092240793 ], [ -60.56266646264784, -31.705398233589943 ] ], [ [ -60.562548833452148, -31.705346175175332 ], [ -60.562546439874751, -31.705336417090344 ], [ -60.562543843238345, -31.705326312359112 ], [ -60.56253965732806, -31.705307071822546 ], [ -60.562548833452148, -31.705346175175332 ] ], [ [ -60.562372590173538, -31.705386370622595 ], [ -60.562367431043995, -31.705387410931312 ], [ -60.562367425927285, -31.705387391170259 ], [ -60.562372590173538, -31.705386370622595 ] ], [ [ -60.562478592208784, -31.705642562920573 ], [ -60.562480245676369, -31.705652768399901 ], [ -60.562518874684109, -31.705648397130329 ], [ -60.562518878729122, -31.705648409880865 ], [ -60.562480399100934, -31.705652833138153 ], [ -60.562480213639624, -31.705652858795236 ], [ -60.562478592208784, -31.705642562920573 ] ], [ [ -60.562440367949733, -31.705658371117508 ], [ -60.562412202940351, -31.705662267506163 ], [ -60.56240111539293, -31.705663938195848 ], [ -60.562401021518887, -31.705663788659042 ], [ -60.562440367949733, -31.705658371117508 ] ], [ [ -60.5624103529181, -31.705678653123528 ], [ -60.562437064589474, -31.70572073981262 ], [ -60.562448115418448, -31.705738806890857 ], [ -60.5624103529181, -31.705678653123528 ] ], [ [ -60.562529935269353, -31.705683261768907 ], [ -60.56254499807963, -31.705730741981487 ], [ -60.562544106135142, -31.705728419226645 ], [ -60.562529935269353, -31.705683261768907 ] ], [ [ -60.562472069835543, -31.705532731931473 ], [ -60.562447809174515, -31.705469739645938 ], [ -60.562442370228894, -31.705454736696112 ], [ -60.562472069835543, -31.705532731931473 ] ] ], [ [ [ -60.567633611158293, -31.70780177787352 ], [ -60.567744542608935, -31.707880246432577 ], [ -60.567804697386173, -31.707922797466807 ], [ -60.568005403453114, -31.707786970758491 ], [ -60.568119583642982, -31.707709699637121 ], [ -60.568156489222154, -31.707684723841449 ], [ -60.568060822708404, -31.707616204241425 ], [ -60.567942153687724, -31.70753122018419 ], [ -60.567816591259763, -31.707641324707488 ], [ -60.567793012755843, -31.707662000435295 ], [ -60.567633611158293, -31.70780177787352 ] ] ], [ [ [ -60.56921708741497, -31.710957665314538 ], [ -60.569342605225252, -31.711161845151988 ], [ -60.569567505326013, -31.711527687572833 ], [ -60.56959064332024, -31.711571260390279 ], [ -60.56971289508688, -31.711878774189636 ], [ -60.56972855417343, -31.711925906595145 ], [ -60.569759296971633, -31.711924344313008 ], [ -60.569905137874073, -31.711791066175437 ], [ -60.56998601889515, -31.711717152026722 ], [ -60.570191076747129, -31.711488767250561 ], [ -60.570375220408145, -31.711283674588508 ], [ -60.570469536246009, -31.711178628511664 ], [ -60.570621957323382, -31.711103313706552 ], [ -60.570344006806522, -31.710935665848734 ], [ -60.570098514811455, -31.710787594565705 ], [ -60.569819837578471, -31.710619506074089 ], [ -60.569750305639197, -31.710603805430281 ], [ -60.569662241928583, -31.710583920161721 ], [ -60.569592491137676, -31.710586098580976 ], [ -60.569495178581491, -31.710589143971529 ], [ -60.569489776771043, -31.710494445373751 ], [ -60.569389149039765, -31.710499938951809 ], [ -60.569347877352307, -31.710502192077392 ], [ -60.569343283859489, -31.710593897358844 ], [ -60.569303384154942, -31.71059514594852 ], [ -60.569078510266877, -31.71060218273945 ], [ -60.569181718433072, -31.710866935939951 ], [ -60.56921708741497, -31.710957665314538 ] ] ], [ [ [ -60.566524964424794, -31.711248116848505 ], [ -60.566530761619894, -31.711286023713306 ], [ -60.566554981837562, -31.711444395206968 ], [ -60.566570635021279, -31.711546748154639 ], [ -60.566556583133412, -31.711617175412496 ], [ -60.566345542301924, -31.711665627879025 ], [ -60.566231154169699, -31.711438520110221 ], [ -60.566180824784425, -31.71132788923207 ], [ -60.566157813312124, -31.71127730676956 ], [ -60.565813029540706, -31.711304712218389 ], [ -60.565744499680399, -31.711363870494385 ], [ -60.56578862304314, -31.71143171665911 ], [ -60.565883821548248, -31.711578097976794 ], [ -60.566012103942718, -31.711726877356423 ], [ -60.566027947645466, -31.711745252526395 ], [ -60.566155197248598, -31.711887056636652 ], [ -60.566500640513624, -31.712270714849829 ], [ -60.566528474263762, -31.71229559022628 ], [ -60.566552224116123, -31.712316804229868 ], [ -60.566581829620453, -31.712353720323712 ], [ -60.567074485930227, -31.712248711217629 ], [ -60.56704451326943, -31.71218269444757 ], [ -60.567031638759815, -31.712154325660677 ], [ -60.566985669155166, -31.712053036848044 ], [ -60.56695463911516, -31.711984869354804 ], [ -60.566832594085625, -31.711716807498952 ], [ -60.566740967684737, -31.711549887116881 ], [ -60.566820495854763, -31.711524678845652 ], [ -60.566876570767292, -31.711640398830731 ], [ -60.566911233305667, -31.71171193063125 ], [ -60.566941017606446, -31.711774692508232 ], [ -60.566948636725776, -31.711790747603388 ], [ -60.566983293838028, -31.711863795971357 ], [ -60.566990252360235, -31.711880286474674 ], [ -60.567139605648428, -31.71223422659375 ], [ -60.567218155898225, -31.712218007512138 ], [ -60.567265559660321, -31.712208219541587 ], [ -60.567289569682373, -31.712203261923552 ], [ -60.567501891898083, -31.712159421159829 ], [ -60.567699566523665, -31.712118607640345 ], [ -60.567920992159955, -31.712071492376012 ], [ -60.568087240425307, -31.712036130077891 ], [ -60.568127351089942, -31.712027591289807 ], [ -60.56820794124117, -31.712010448903367 ], [ -60.568314397279494, -31.711987798166493 ], [ -60.568354950518767, -31.711984370775117 ], [ -60.568580196805939, -31.711965326903886 ], [ -60.56869305262007, -31.711955785144262 ], [ -60.568858259847154, -31.711941816981884 ], [ -60.568875117842438, -31.711858755918239 ], [ -60.568837980002172, -31.711829002892173 ], [ -60.56875006181312, -31.711758573287582 ], [ -60.568502728483608, -31.711560432955192 ], [ -60.568444198831529, -31.711513544275718 ], [ -60.568237937488362, -31.711741898975994 ], [ -60.567940303177181, -31.711647768263632 ], [ -60.567757381824158, -31.711786661941812 ], [ -60.567511738339896, -31.711408278649216 ], [ -60.567284916406358, -31.711412612725702 ], [ -60.567337602081054, -31.711613807698132 ], [ -60.567386262812505, -31.711815711888931 ], [ -60.567160828247154, -31.711860859799589 ], [ -60.567148185144767, -31.71182734970261 ], [ -60.567129253142404, -31.711723541313919 ], [ -60.567099410890911, -31.711559909097417 ], [ -60.566929013607755, -31.7111889728466 ], [ -60.566660378792101, -31.711232418280566 ], [ -60.566540348882583, -31.711246894134728 ], [ -60.566524964424794, -31.711248116848505 ] ] ], [ [ [ -60.568976550793785, -31.711781311806728 ], [ -60.569273858529023, -31.711954689325779 ], [ -60.569227429867446, -31.712006699663984 ], [ -60.569230726137164, -31.71200729371915 ], [ -60.569389955184725, -31.712054299176025 ], [ -60.569543794261598, -31.712099705194706 ], [ -60.569618420189862, -31.712052665465372 ], [ -60.569556802152938, -31.711842568202531 ], [ -60.569511454560178, -31.711655332054391 ], [ -60.569237862118008, -31.711815249287461 ], [ -60.569098822765739, -31.711690744384182 ], [ -60.568976550793785, -31.711781311806728 ] ] ], [ [ [ -60.564247488186965, -31.706158395000749 ], [ -60.564574447365736, -31.7061500422408 ], [ -60.564703085918914, -31.706124595465123 ], [ -60.56471043743106, -31.706180528956295 ], [ -60.564891109111699, -31.706163143185243 ], [ -60.564893419802054, -31.706267403105539 ], [ -60.564900134066114, -31.706462372526026 ], [ -60.56586258830427, -31.706461207895309 ], [ -60.565643113749758, -31.706333574897762 ], [ -60.565494329208384, -31.706256908016694 ], [ -60.56537346780361, -31.706201247033086 ], [ -60.565280068385334, -31.706157171852226 ], [ -60.5652004497693, -31.706127084873906 ], [ -60.565079645290048, -31.706080789479987 ], [ -60.564961679388702, -31.70605087227846 ], [ -60.564830032250327, -31.706023356932551 ], [ -60.564561242114628, -31.706001572032473 ], [ -60.564461867474435, -31.705998426859473 ], [ -60.564457299595986, -31.705998401987287 ], [ -60.56444567460904, -31.705998408353054 ], [ -60.564434050059006, -31.705998486863283 ], [ -60.564422415397111, -31.705998637564491 ], [ -60.564410791775458, -31.705998869381656 ], [ -60.564399168536013, -31.70599916432505 ], [ -60.564387556282107, -31.70599953136616 ], [ -60.564375933970872, -31.705999979616553 ], [ -60.564364322590521, -31.70600049094655 ], [ -60.564352711646904, -31.706001074420847 ], [ -60.56434111174336, -31.7060017390111 ], [ -60.564329512276437, -31.706002475745777 ], [ -60.564317923740326, -31.70600327555999 ], [ -60.56430634624418, -31.706004156490142 ], [ -60.564294769130036, -31.706005100546538 ], [ -60.564283203055794, -31.706006125718837 ], [ -60.564271647966855, -31.706007222988884 ], [ -60.564260093259804, -31.706008383385171 ], [ -60.564248560141344, -31.706009624850712 ], [ -60.564240906830996, -31.706010497429151 ], [ -60.56421978587634, -31.706013040047583 ], [ -60.564198708687066, -31.706015825862039 ], [ -60.564177679125137, -31.706018854362245 ], [ -60.564156701043785, -31.706022124993257 ], [ -60.563981018796937, -31.706028276333434 ], [ -60.563805286075826, -31.706033174798357 ], [ -60.563629516119065, -31.706036820018923 ], [ -60.563453722168227, -31.706039211720441 ], [ -60.563439766664537, -31.706039354550263 ], [ -60.563397572760145, -31.706039721348038 ], [ -60.563355378419097, -31.706040015986353 ], [ -60.563342511652657, -31.706040002575413 ], [ -60.563331035613885, -31.706574002399094 ], [ -60.563892490157322, -31.706536263733831 ], [ -60.563888357673655, -31.706495074750077 ], [ -60.564492759339558, -31.706391006439311 ], [ -60.564546440308241, -31.706384667450806 ], [ -60.564503618810605, -31.706200430487275 ], [ -60.564253373896676, -31.706205567790597 ], [ -60.564247488186965, -31.706158395000749 ] ] ], [ [ [ -60.570083321684194, -31.707403271671492 ], [ -60.569969656935825, -31.707448903988457 ], [ -60.569904540599985, -31.707475045794652 ], [ -60.569895807433085, -31.707463225604808 ], [ -60.569831371945241, -31.707492969281031 ], [ -60.569671437040284, -31.707558182079282 ], [ -60.56957175100618, -31.707589310955214 ], [ -60.569641372392731, -31.70774734135556 ], [ -60.569704514059488, -31.707728157760815 ], [ -60.569737794755113, -31.707796112281017 ], [ -60.569745942840562, -31.707812749513657 ], [ -60.569551364055883, -31.707882405738172 ], [ -60.569581612346717, -31.707951064832969 ], [ -60.569906854132192, -31.707834633024181 ], [ -60.569893508658168, -31.70778695143084 ], [ -60.569932863778597, -31.707733558444765 ], [ -60.569935712004003, -31.707731287046247 ], [ -60.570054042321985, -31.707636921009072 ], [ -60.570069084638277, -31.707624925044389 ], [ -60.570132745290003, -31.707574156816694 ], [ -60.570207953160917, -31.707514182071844 ], [ -60.570083321684194, -31.707403271671492 ] ] ], [ [ [ -60.568780723963044, -31.707779631459097 ], [ -60.56868047122682, -31.707804434344478 ], [ -60.568695707280163, -31.707835632318126 ], [ -60.568737981567168, -31.707922194776629 ], [ -60.56877958563306, -31.708007384689633 ], [ -60.568826668140659, -31.708101779791601 ], [ -60.568868513507638, -31.708083057890946 ], [ -60.568933816956729, -31.708053840643124 ], [ -60.568857617182331, -31.707919043881894 ], [ -60.568834704288015, -31.707879302721736 ], [ -60.568780723963044, -31.707779631459097 ] ] ], [ [ [ -60.568243944059425, -31.707945375407565 ], [ -60.568173591527724, -31.70798610859995 ], [ -60.568043797056426, -31.707822278842983 ], [ -60.567581683974758, -31.708121259026129 ], [ -60.56752742144397, -31.708156365828994 ], [ -60.567520236788503, -31.708184057211525 ], [ -60.567505466815128, -31.708240984173909 ], [ -60.56761714068886, -31.70838980508243 ], [ -60.567713127931988, -31.708346386952929 ], [ -60.567721569723865, -31.708342036556132 ], [ -60.567744058627824, -31.708330447109642 ], [ -60.567988170097671, -31.708204646105528 ], [ -60.568251446532308, -31.70805714139771 ], [ -60.568304732546977, -31.708022778563734 ], [ -60.56824868413117, -31.707952024813295 ], [ -60.568243944059425, -31.707945375407565 ] ] ], [ [ [ -60.56819366174075, -31.708129119333751 ], [ -60.568373693277643, -31.708549147793576 ], [ -60.568414994832366, -31.708502317988948 ], [ -60.568602974468817, -31.70844552059231 ], [ -60.568506395752472, -31.70825186582756 ], [ -60.568472305556206, -31.708183522918993 ], [ -60.568383653815189, -31.708011269492701 ], [ -60.568236813350637, -31.70810725766091 ], [ -60.56819366174075, -31.708129119333751 ] ] ], [ [ [ -60.568070893259879, -31.70866081703219 ], [ -60.567970778343863, -31.708323000145985 ], [ -60.567939913871541, -31.708257672913824 ], [ -60.567839394172772, -31.708308596685626 ], [ -60.567719271015434, -31.708369455774722 ], [ -60.567712135865619, -31.708372640453533 ], [ -60.567631328585364, -31.708408707660546 ], [ -60.567671926086028, -31.708462808184002 ], [ -60.567780798647149, -31.708607892166917 ], [ -60.567818090469679, -31.708657587261765 ], [ -60.567850655804023, -31.70870098378364 ], [ -60.567889049053626, -31.708752146514033 ], [ -60.567973008856825, -31.70870627302488 ], [ -60.568070893259879, -31.70866081703219 ] ] ], [ [ [ -60.56889944618046, -31.708546413490144 ], [ -60.56883681814827, -31.708529773816338 ], [ -60.568798299506106, -31.708525806191027 ], [ -60.568783837113081, -31.708529378868516 ], [ -60.568704624549952, -31.708602339472364 ], [ -60.568641358377633, -31.708650962341789 ], [ -60.568580650550764, -31.708697618931883 ], [ -60.568509501141804, -31.708752300233531 ], [ -60.568485945192279, -31.708770403944847 ], [ -60.569130969871949, -31.709313833183167 ], [ -60.569249806929363, -31.708985445285791 ], [ -60.568858252799544, -31.708862133537455 ], [ -60.568722889998611, -31.708819503508899 ], [ -60.568762322762154, -31.708710538293818 ], [ -60.569289239137099, -31.708876479928342 ], [ -60.569306548045503, -31.708828649112682 ], [ -60.569310818810173, -31.708814939334193 ], [ -60.569332928400783, -31.70874396425317 ], [ -60.569151957076571, -31.708664410406076 ], [ -60.568910563195942, -31.708558303751634 ], [ -60.568894537987184, -31.708551259717435 ], [ -60.56889944618046, -31.708546413490144 ] ] ], [ [ [ -60.569992973293743, -31.708740158467094 ], [ -60.569808912240831, -31.708922559540451 ], [ -60.569711402565275, -31.708849756680074 ], [ -60.569598975259446, -31.709035668595099 ], [ -60.569543625622778, -31.709284688872138 ], [ -60.569391812779827, -31.709337051429287 ], [ -60.569253862354032, -31.709361061011808 ], [ -60.569251161234952, -31.709394936194702 ], [ -60.56923699940738, -31.70957254166138 ], [ -60.569226176204374, -31.709708276553883 ], [ -60.569403484998183, -31.709814299008368 ], [ -60.569449038239433, -31.709797034132819 ], [ -60.569510829933286, -31.709773614777351 ], [ -60.569859756279989, -31.709641369197698 ], [ -60.569980618617564, -31.709595561198601 ], [ -60.570006728320557, -31.709585665346825 ], [ -60.570084441722443, -31.709559252487161 ], [ -60.570198664733809, -31.709520430803082 ], [ -60.57056358138383, -31.709396403415955 ], [ -60.57056504049347, -31.709362030135292 ], [ -60.570560481361554, -31.709327855760051 ], [ -60.570550006149979, -31.709294646027335 ], [ -60.570533849580258, -31.709263145058916 ], [ -60.57049072437534, -31.709234639471489 ], [ -60.570450858715489, -31.709202852126932 ], [ -60.57041459310804, -31.709168054535169 ], [ -60.570407291752105, -31.709159589954822 ], [ -60.57038223730968, -31.709130543918171 ], [ -60.570354067680661, -31.709090640670411 ], [ -60.570330324824354, -31.709048685622562 ], [ -60.570311211532399, -31.709005037130122 ], [ -60.570296891052521, -31.708960068012512 ], [ -60.570251338191198, -31.708927192189055 ], [ -60.570126827726547, -31.708898457145711 ], [ -60.570030138810822, -31.708806378503009 ], [ -60.569992973293743, -31.708740158467094 ] ] ], [ [ [ -60.56676412549605, -31.708384472553369 ], [ -60.566895893626196, -31.7085940342557 ], [ -60.567286243810834, -31.708451111710566 ], [ -60.567400303672997, -31.70840934960458 ], [ -60.567490119801732, -31.708376464049714 ], [ -60.567461068601929, -31.708307422059342 ], [ -60.56743370078852, -31.708242384944068 ], [ -60.567339254839169, -31.708289900210378 ], [ -60.567318957236736, -31.708293237150343 ], [ -60.56683610382948, -31.708372636829495 ], [ -60.56690051025447, -31.708255227763594 ], [ -60.567112066873243, -31.707869613536037 ], [ -60.567208779165618, -31.707693325962257 ], [ -60.56731322480865, -31.707502948905724 ], [ -60.567458377690855, -31.707238363406166 ], [ -60.567423588875705, -31.707221419290548 ], [ -60.567345345843805, -31.707183312890724 ], [ -60.567282853142636, -31.707275245139865 ], [ -60.567161411947787, -31.707453917207207 ], [ -60.567125925745735, -31.70750612936698 ], [ -60.567119550316036, -31.707512452580097 ], [ -60.567056026705885, -31.707575521073252 ], [ -60.566935009661549, -31.707695670764874 ], [ -60.566786317432438, -31.70783946313875 ], [ -60.566696659958787, -31.708077199410713 ], [ -60.566686468651589, -31.708260967966488 ], [ -60.566710456496835, -31.708299118011183 ], [ -60.566742557305588, -31.708350170780069 ], [ -60.56676412549605, -31.708384472553369 ] ] ], [ [ [ -60.567721158107915, -31.708687869722009 ], [ -60.567526048701289, -31.708433300555026 ], [ -60.566955561906958, -31.708653209369206 ], [ -60.566941488160261, -31.708692934954716 ], [ -60.567255785630842, -31.709143738700131 ], [ -60.567307007409418, -31.709214234650009 ], [ -60.567320710129337, -31.709233094173165 ], [ -60.567360596388497, -31.709287990946116 ], [ -60.568148096348914, -31.709374208726235 ], [ -60.568031348856088, -31.709092569622161 ], [ -60.568018142521204, -31.709075339584935 ], [ -60.567854105241857, -31.708861322817292 ], [ -60.567773684163811, -31.708756398301936 ], [ -60.567705704556111, -31.708796158616295 ], [ -60.567679324101974, -31.708811581259898 ], [ -60.56759720524169, -31.708859618191106 ], [ -60.567530595248741, -31.708803955390174 ], [ -60.567595317931875, -31.708764527363812 ], [ -60.567626909932933, -31.708745283197199 ], [ -60.567721158107915, -31.708687869722009 ] ] ], [ [ [ -60.566580328176805, -31.709316946460358 ], [ -60.566645287587576, -31.709316319005733 ], [ -60.566764267368612, -31.709315169672792 ], [ -60.566840397845212, -31.709314434201659 ], [ -60.567016077124968, -31.709312736849256 ], [ -60.567107173607049, -31.709304399955897 ], [ -60.567235245365815, -31.709292679076974 ], [ -60.567185398765972, -31.709209200427484 ], [ -60.567159882423482, -31.709166467860985 ], [ -60.56710671312306, -31.709077429539647 ], [ -60.567096595224641, -31.709060485314819 ], [ -60.567073793299549, -31.709027752073183 ], [ -60.567068755641287, -31.709020520272844 ], [ -60.567000720244046, -31.708922852060972 ], [ -60.566963492758219, -31.708869580100629 ], [ -60.566940494986554, -31.708836602793731 ], [ -60.566926138298065, -31.708814219780017 ], [ -60.566846921291727, -31.708690758080454 ], [ -60.566750714001536, -31.708729342666079 ], [ -60.566660063149456, -31.70876570199221 ], [ -60.566655382640754, -31.708767995434176 ], [ -60.566616802664676, -31.708786907153495 ], [ -60.566579811537963, -31.708874550196164 ], [ -60.566579867586469, -31.708922545963006 ], [ -60.566579934409319, -31.708979767544122 ], [ -60.566580080537101, -31.70910489746116 ], [ -60.566580184581859, -31.709193989871391 ], [ -60.566580328176805, -31.709316946460358 ] ] ], [ [ [ -60.567163909945059, -31.709560375419496 ], [ -60.567257481934938, -31.709682872541197 ], [ -60.567112741362237, -31.709782132679113 ], [ -60.566873907779474, -31.709945919069238 ], [ -60.566892524556096, -31.709980685240332 ], [ -60.56690211977174, -31.710004156603173 ], [ -60.56728551542993, -31.709863585848133 ], [ -60.567479605161736, -31.709792422888011 ], [ -60.567643670684845, -31.709969750095951 ], [ -60.567744754492807, -31.709927851509946 ], [ -60.567840274591362, -31.709888258937596 ], [ -60.567949687197292, -31.709842919730658 ], [ -60.568051163634742, -31.709800869049097 ], [ -60.568039736982435, -31.709776859820686 ], [ -60.568188144403436, -31.709781202808578 ], [ -60.56822736314853, -31.70985646772105 ], [ -60.568594184035454, -31.709704851740604 ], [ -60.568727251290106, -31.710061298113235 ], [ -60.568773907535942, -31.710052664054679 ], [ -60.568827189651159, -31.710037016312391 ], [ -60.568877953248162, -31.710016127229533 ], [ -60.568925495639483, -31.709990285960949 ], [ -60.568969158728351, -31.70995985021128 ], [ -60.569008338118451, -31.709925241283408 ], [ -60.569042491480303, -31.709886938246012 ], [ -60.569071146058185, -31.709845471302739 ], [ -60.56908204940256, -31.709789162117509 ], [ -60.569087722218107, -31.709732289255466 ], [ -60.569088128972005, -31.709675209047177 ], [ -60.569083267125485, -31.709618279121575 ], [ -60.569073167149327, -31.709561856165486 ], [ -60.569057892332921, -31.709506293688634 ], [ -60.569021792888066, -31.709535572115733 ], [ -60.568981397388342, -31.709560420952037 ], [ -60.568937447068024, -31.70958038423365 ], [ -60.568890748392292, -31.709595095644065 ], [ -60.56884215825869, -31.709604285235628 ], [ -60.568792568273224, -31.709607784383525 ], [ -60.568742888389316, -31.709605528880033 ], [ -60.568694030210011, -31.709597560112257 ], [ -60.568503418167445, -31.709541413709992 ], [ -60.568415300330237, -31.709507553956435 ], [ -60.56832562222403, -31.709476839818976 ], [ -60.568234537768781, -31.709449324014056 ], [ -60.568142203297853, -31.70942505376831 ], [ -60.568030473265715, -31.709407392157285 ], [ -60.567918243264749, -31.709392199017408 ], [ -60.567853171995715, -31.709384854932143 ], [ -60.567805588660732, -31.709379484551445 ], [ -60.567692627355946, -31.709369266127911 ], [ -60.567658009159473, -31.709365144193697 ], [ -60.567648071662745, -31.709363960949744 ], [ -60.56758722906482, -31.709356716488582 ], [ -60.567579799200651, -31.709356166171975 ], [ -60.567519219181143, -31.709351679102969 ], [ -60.567481207189488, -31.709348863598194 ], [ -60.567423572457614, -31.709347164839155 ], [ -60.567386631198666, -31.709346075997708 ], [ -60.567374848577494, -31.709345728703287 ], [ -60.567268440987412, -31.709347320285691 ], [ -60.567221472237208, -31.709350113485169 ], [ -60.567295620431771, -31.709525917037027 ], [ -60.567163909945059, -31.709560375419496 ] ] ], [ [ [ -60.566677482684341, -31.706866307419297 ], [ -60.566571035968224, -31.70681506044982 ], [ -60.566365009623077, -31.706715872137451 ], [ -60.56629844135054, -31.706683825585255 ], [ -60.566212953136116, -31.706642668492659 ], [ -60.565990306980289, -31.706535480939156 ], [ -60.565841430287513, -31.706534169236594 ], [ -60.565833064463362, -31.706534095522976 ], [ -60.565786809568237, -31.706578004044495 ], [ -60.56596933643285, -31.707150567330718 ], [ -60.566054081260965, -31.707377499538584 ], [ -60.566550911400256, -31.708144871974469 ], [ -60.566601919444992, -31.707973000915235 ], [ -60.566797521705411, -31.707676585743936 ], [ -60.566934114974572, -31.707576067895641 ], [ -60.566958089755957, -31.707558425016519 ], [ -60.567245867047468, -31.707139943968667 ], [ -60.56704702756339, -31.707044217407958 ], [ -60.566677482684341, -31.706866307419297 ] ] ], [ [ [ -60.565681322610537, -31.708137558873041 ], [ -60.566378967809726, -31.70803186844536 ], [ -60.566291051315517, -31.707896621865736 ], [ -60.566229022233181, -31.707801202857119 ], [ -60.566211068446471, -31.707773587008734 ], [ -60.566156309352763, -31.707689351161243 ], [ -60.566139008425885, -31.707662736882966 ], [ -60.56611115139124, -31.707619887781778 ], [ -60.566067363929925, -31.707552534195081 ], [ -60.566027149841176, -31.707475531930076 ], [ -60.5659562013428, -31.707339678817796 ], [ -60.565876398378748, -31.707068912155165 ], [ -60.565813757024792, -31.70685637277748 ], [ -60.565799956439903, -31.706809547838205 ], [ -60.565728620505709, -31.70656753029256 ], [ -60.56537965996867, -31.706536814405755 ], [ -60.565456755777994, -31.706918046737997 ], [ -60.565584136599867, -31.707609793566792 ], [ -60.565174329954978, -31.707675300748686 ], [ -60.565243556087069, -31.708037826499172 ], [ -60.565142225172103, -31.708571000662488 ], [ -60.564739845403885, -31.708637739549072 ], [ -60.564711935252411, -31.70849191473874 ], [ -60.564167927855344, -31.70857369396726 ], [ -60.564184215268405, -31.708700772629832 ], [ -60.5637841922916, -31.709001953542391 ], [ -60.563764985490565, -31.709143790009957 ], [ -60.56353198256479, -31.7092236578256 ], [ -60.563583146485811, -31.709496249147858 ], [ -60.564107540175222, -31.709542061586571 ], [ -60.564099610358618, -31.709687257161981 ], [ -60.564100016129956, -31.709716332252526 ], [ -60.564672732160339, -31.709713363796325 ], [ -60.56477829444173, -31.709712816373514 ], [ -60.565223149324602, -31.709710508493622 ], [ -60.565201341102039, -31.710050717626103 ], [ -60.565326616698158, -31.710045580900832 ], [ -60.56534814090589, -31.709922663620326 ], [ -60.56561510503483, -31.709475879578527 ], [ -60.565610795809341, -31.709440284955086 ], [ -60.565647050278741, -31.709436005512234 ], [ -60.565771135306022, -31.709421358553517 ], [ -60.565928227731462, -31.709402815232053 ], [ -60.566144075512838, -31.709377336052 ], [ -60.566116003653299, -31.709198543680959 ], [ -60.566278295006654, -31.709175797285106 ], [ -60.56628093277353, -31.709202405773571 ], [ -60.566296490530377, -31.709359344396571 ], [ -60.56649086094199, -31.709336399890862 ], [ -60.5664868289781, -31.709183437370264 ], [ -60.566484830511072, -31.709107620337662 ], [ -60.56648441645752, -31.709091912121501 ], [ -60.56649861836393, -31.708996776914429 ], [ -60.566516295962536, -31.708878358607741 ], [ -60.566456776145941, -31.708867882096904 ], [ -60.566355151315562, -31.708849998101424 ], [ -60.566313172526158, -31.708842610045981 ], [ -60.5660886010713, -31.708803094784695 ], [ -60.565906504002186, -31.708771049687765 ], [ -60.565758549457492, -31.708745012719113 ], [ -60.565681322610537, -31.708137558873041 ] ] ], [ [ [ -60.566544799480035, -31.708805345098078 ], [ -60.566548882751327, -31.7085208859903 ], [ -60.566499299583093, -31.708287519633547 ], [ -60.566493616070794, -31.708260769739425 ], [ -60.566400667395115, -31.708094314807937 ], [ -60.566380698466702, -31.708097193968012 ], [ -60.56627367030103, -31.708112625446521 ], [ -60.56609501708342, -31.70813838336343 ], [ -60.56602109979395, -31.708149037593191 ], [ -60.565768138824538, -31.708185512438366 ], [ -60.56579896510663, -31.708407175167089 ], [ -60.565815746948374, -31.708527847979823 ], [ -60.565832184181957, -31.708646042501684 ], [ -60.565878722717066, -31.708702534786454 ], [ -60.566544799480035, -31.708805345098078 ] ] ], [ [ [ -60.568182167890029, -31.70928911407653 ], [ -60.568240105745112, -31.709392827584374 ], [ -60.56825237747006, -31.709396740999061 ], [ -60.568525736766098, -31.709483884105353 ], [ -60.568550987442514, -31.709423610141588 ], [ -60.568567178926628, -31.70938496064176 ], [ -60.56824906989057, -31.709197976858363 ], [ -60.568182167890029, -31.70928911407653 ] ] ], [ [ [ -60.56698562352225, -31.710317789938095 ], [ -60.566984922101064, -31.710321369001633 ], [ -60.566983947690261, -31.710325936653717 ], [ -60.566982878281472, -31.710330495709783 ], [ -60.566981734973105, -31.710335046076015 ], [ -60.566980517710235, -31.710339578734249 ], [ -60.566979205394468, -31.710344093778318 ], [ -60.56697781912424, -31.710348591114379 ], [ -60.566976348295405, -31.710353061771151 ], [ -60.566974803566957, -31.710357523738114 ], [ -60.56697317427988, -31.710361959025825 ], [ -60.566971471038272, -31.710366376605556 ], [ -60.566969683238042, -31.710370767505889 ], [ -60.566967810879163, -31.710375131726984 ], [ -60.566965864565759, -31.710379478240093 ], [ -60.566963844242885, -31.710383798026982 ], [ -60.566961749855757, -31.710388082069482 ], [ -60.566959570964777, -31.710392348450888 ], [ -60.56695731800945, -31.710396579087899 ], [ -60.566954991044682, -31.710400782998686 ], [ -60.566952590015575, -31.710404951165106 ], [ -60.566950104427775, -31.710409092652174 ], [ -60.566947555324795, -31.710413198347958 ], [ -60.566944932157504, -31.710417268299445 ], [ -60.566942234980672, -31.710421311524513 ], [ -60.566939463684598, -31.710425309987095 ], [ -60.566936618324149, -31.710429272705259 ], [ -60.566933698899319, -31.710433199678985 ], [ -60.566930715959316, -31.710437090861404 ], [ -60.566927669449306, -31.710440937234285 ], [ -60.566924548874844, -31.710444747862741 ], [ -60.566921354181162, -31.710448513728597 ], [ -60.566918095917387, -31.710452234784913 ], [ -60.566914774138432, -31.710455920049892 ], [ -60.566911378185353, -31.710459551534047 ], [ -60.566907929266293, -31.710463147179958 ], [ -60.566904406173101, -31.710466689045059 ], [ -60.566900819509826, -31.71047018610059 ], [ -60.56689717982578, -31.710473638299693 ], [ -60.566893476571643, -31.71047704568921 ], [ -60.566889709692575, -31.710480399251018 ], [ -60.56688587918859, -31.710483698985058 ], [ -60.566881995663785, -31.710486953862624 ], [ -60.56687804856891, -31.710490163930601 ], [ -60.566874048343493, -31.710493311105775 ], [ -60.566869984493131, -31.710496404453178 ], [ -60.566865878171228, -31.710499452897185 ], [ -60.566861708169526, -31.710502438495229 ], [ -60.566857485092186, -31.710505370218598 ], [ -60.566853219488387, -31.710508248020396 ], [ -60.566848890259664, -31.710511071994397 ], [ -60.56684451850451, -31.710513842046787 ], [ -60.56684009361885, -31.710516549206329 ], [ -60.566835626151921, -31.710519193426084 ], [ -60.566831105609353, -31.710521783771132 ], [ -60.566826542485515, -31.710524311176389 ], [ -60.566821936835282, -31.710526784660065 ], [ -60.566817278054515, -31.710529195250842 ], [ -60.566812587186945, -31.710531533836644 ], [ -60.566807843298569, -31.710533827565961 ], [ -60.566803067323363, -31.7105360492904 ], [ -60.566798161945776, -31.710538331210905 ], [ -60.566788012987814, -31.710543394017169 ], [ -60.566794106191601, -31.710544083368458 ], [ -60.567207220098389, -31.710487527658611 ], [ -60.567651914009815, -31.710397402680389 ], [ -60.567660732296197, -31.710395791020243 ], [ -60.567599996284031, -31.710176871975726 ], [ -60.567590023961152, -31.710152032815387 ], [ -60.56698562352225, -31.710317789938095 ] ] ], [ [ [ -60.568009007091874, -31.712120023868991 ], [ -60.567561055287761, -31.712225325922056 ], [ -60.567511652392483, -31.712239425162032 ], [ -60.567552413185716, -31.71232475847172 ], [ -60.567627555328784, -31.712482069179231 ], [ -60.567898408526062, -31.712374695602865 ], [ -60.567933295150418, -31.712360865536169 ], [ -60.56799290104118, -31.712338342575244 ], [ -60.568112826576964, -31.71228425162661 ], [ -60.568009007091874, -31.712120023868991 ] ] ] ] } },
{ "type": "Feature", "properties": { "id": 66, "nombre": "GIACHINO" }, "geometry": { "type": "MultiPolygon", "coordinates": [ [ [ [ -60.541067439522564, -31.737888070571096 ], [ -60.541133973464738, -31.737849596708035 ], [ -60.541247774379798, -31.737780209272422 ], [ -60.541320877147328, -31.737735636505214 ], [ -60.541374515902092, -31.737702924403404 ], [ -60.541396040818768, -31.737689801384271 ], [ -60.541507103762676, -31.737622079357191 ], [ -60.54154592456851, -31.737587220635209 ], [ -60.541610260558421, -31.737450625161447 ], [ -60.541627352929495, -31.737455575770241 ], [ -60.541680043642508, -31.73735247898308 ], [ -60.541682752451479, -31.737348300970737 ], [ -60.541686359734285, -31.737342567975347 ], [ -60.541717299052962, -31.737293457558529 ], [ -60.541720718174112, -31.73728803198739 ], [ -60.541724222241449, -31.737280883541334 ], [ -60.541726181673837, -31.737276681658123 ], [ -60.541734978829084, -31.737256100356905 ], [ -60.541764056290823, -31.737188077245762 ], [ -60.541774316129924, -31.737167992456648 ], [ -60.541764671090043, -31.737161353122207 ], [ -60.541760253507576, -31.737158404848085 ], [ -60.541762099062417, -31.737156394918788 ], [ -60.541794314515784, -31.737123494135691 ], [ -60.541680789469616, -31.736962015295646 ], [ -60.541638462591983, -31.736909320322155 ], [ -60.541602322418385, -31.736864372901827 ], [ -60.54151579641065, -31.736772689786175 ], [ -60.541469306867683, -31.736720923298471 ], [ -60.54141115000278, -31.736657094648599 ], [ -60.541392145139987, -31.736635359876246 ], [ -60.541367244241258, -31.736606850273496 ], [ -60.541282814908925, -31.736520834320455 ], [ -60.54127305387096, -31.736510897765861 ], [ -60.541255726129577, -31.736490842290003 ], [ -60.541237580367984, -31.736469843353735 ], [ -60.541211305988334, -31.736441032926415 ], [ -60.541186561107558, -31.736413929494439 ], [ -60.541162283527534, -31.736387338121961 ], [ -60.541138144031557, -31.736360899471126 ], [ -60.541095640598577, -31.736321299772836 ], [ -60.541084126901907, -31.736317506816519 ], [ -60.541073537749007, -31.73631482821548 ], [ -60.541062751931079, -31.736312808791656 ], [ -60.541051822156511, -31.736311439302689 ], [ -60.541040811843274, -31.736310737516192 ], [ -60.541029763252389, -31.736310712271177 ], [ -60.541018750249115, -31.736311363253915 ], [ -60.541007814937331, -31.736312672249099 ], [ -60.540997010130241, -31.736314648050875 ], [ -60.540986399088517, -31.73631728137234 ], [ -60.540976044968083, -31.73632054489034 ], [ -60.540965979425401, -31.736324438470515 ], [ -60.540956265563992, -31.736328925771502 ], [ -60.540859841043932, -31.736387290699206 ], [ -60.540745536260623, -31.736465808463301 ], [ -60.540737680981643, -31.736470531358844 ], [ -60.540674628357053, -31.736508432637514 ], [ -60.540592815881929, -31.736599468697495 ], [ -60.54061034973703, -31.736671388199227 ], [ -60.540518035354907, -31.736829331161704 ], [ -60.540439005535383, -31.73686899554205 ], [ -60.540378906816322, -31.736937727070728 ], [ -60.540262472815499, -31.737114575470525 ], [ -60.540072867189892, -31.737313676608764 ], [ -60.540018714876581, -31.737372740695704 ], [ -60.540310928297572, -31.737564208666992 ], [ -60.540928182554751, -31.737968649380285 ], [ -60.541062007151666, -31.737891211886591 ], [ -60.541067439522564, -31.737888070571096 ] ] ], [ [ [ -60.540563388365243, -31.736505567690617 ], [ -60.540652811962602, -31.736444088728032 ], [ -60.540664278931445, -31.736436203095167 ], [ -60.540765332353473, -31.736371283799723 ], [ -60.540771724426044, -31.736367180361988 ], [ -60.54079357192451, -31.736355129264172 ], [ -60.540850215398372, -31.73632386561129 ], [ -60.540930378754013, -31.736279623837767 ], [ -60.540982183579466, -31.736251041090458 ], [ -60.540985010436749, -31.736249017988449 ], [ -60.541095099858339, -31.736170180761654 ], [ -60.54113614598797, -31.736136999152588 ], [ -60.541173516016826, -31.736106791174485 ], [ -60.54124269160571, -31.736058519544272 ], [ -60.541235096782295, -31.736048135546184 ], [ -60.541231914426028, -31.736041646794806 ], [ -60.541251009949356, -31.736033629511315 ], [ -60.541342803168313, -31.735995091828268 ], [ -60.541336427064799, -31.7359817028306 ], [ -60.541372341490451, -31.735970039507297 ], [ -60.541352021085835, -31.735927108057673 ], [ -60.541358331086357, -31.735925232483769 ], [ -60.54140389488056, -31.735908625453501 ], [ -60.541434295268509, -31.735897538956138 ], [ -60.541446974804785, -31.735913095939157 ], [ -60.541506143892711, -31.735884346418096 ], [ -60.541567112812686, -31.735851179224756 ], [ -60.541603570220303, -31.735836459589873 ], [ -60.541594076982022, -31.735795421123765 ], [ -60.541593064092055, -31.735791818068371 ], [ -60.54157024049109, -31.735710415780872 ], [ -60.541567163973866, -31.735685844697599 ], [ -60.541565726398275, -31.735661843827515 ], [ -60.54163240565412, -31.735625333567626 ], [ -60.541647963100111, -31.735616817211941 ], [ -60.541668980371384, -31.735581826685344 ], [ -60.541671749924561, -31.735577215531098 ], [ -60.5416747493679, -31.735572215608588 ], [ -60.541711986922358, -31.735463097041723 ], [ -60.541713377186028, -31.735459014816033 ], [ -60.541715379633764, -31.735453144345346 ], [ -60.541744342622621, -31.735369168161288 ], [ -60.54175727481276, -31.735351987250777 ], [ -60.541770728564956, -31.735335579704287 ], [ -60.541824365663039, -31.735270211793871 ], [ -60.541895060801515, -31.735184038034745 ], [ -60.541910473991237, -31.735165259321636 ], [ -60.541942116371402, -31.735095674082686 ], [ -60.541958168691714, -31.73505980277853 ], [ -60.54198058891339, -31.734986703494148 ], [ -60.541982717166874, -31.734973446414539 ], [ -60.541984183372506, -31.734964286503732 ], [ -60.541983120942731, -31.734917738041162 ], [ -60.542004530418431, -31.734895786395938 ], [ -60.542017480303066, -31.73488891341453 ], [ -60.542048482059236, -31.734872440229434 ], [ -60.542070566580605, -31.734852253308627 ], [ -60.542082332598085, -31.73482691567251 ], [ -60.542081190870277, -31.734792127541066 ], [ -60.542041830176949, -31.734753966742254 ], [ -60.542019349716647, -31.734756894124192 ], [ -60.541976423865336, -31.73476248770713 ], [ -60.541902606986049, -31.73477457059316 ], [ -60.541795991205362, -31.734811638559393 ], [ -60.54171504743185, -31.734846604259118 ], [ -60.541635948750866, -31.734894007458934 ], [ -60.541578741448063, -31.734976895178729 ], [ -60.541537855021829, -31.735017462322816 ], [ -60.541477199934974, -31.735062766935986 ], [ -60.54144940897303, -31.735083392843389 ], [ -60.541428277038271, -31.735095035185616 ], [ -60.541375315827672, -31.735124236277148 ], [ -60.541359811355612, -31.735132779429978 ], [ -60.541276024682496, -31.735176153057953 ], [ -60.541217954570641, -31.735235957175799 ], [ -60.541157081652024, -31.735298298319695 ], [ -60.541086840834765, -31.735397411148316 ], [ -60.541042328408551, -31.735480497245806 ], [ -60.541025359446856, -31.735529394895554 ], [ -60.5409937370788, -31.735593487617571 ], [ -60.540961401687333, -31.735647473731845 ], [ -60.540919598937791, -31.735701148301143 ], [ -60.540893055728468, -31.735753143803734 ], [ -60.540898117578941, -31.735799792538867 ], [ -60.540894768259392, -31.735831758942421 ], [ -60.540855350434896, -31.735858223875873 ], [ -60.540790067509505, -31.735891769771332 ], [ -60.540722872579586, -31.735926793744465 ], [ -60.540651874889811, -31.735964791848893 ], [ -60.54057349595729, -31.736018278757676 ], [ -60.540506418647411, -31.736068137385296 ], [ -60.540458598584976, -31.736112386039196 ], [ -60.540418885242985, -31.73615342582459 ], [ -60.540394375084972, -31.736206693214527 ], [ -60.540380994429185, -31.736241209251716 ], [ -60.540383618244817, -31.736251470083523 ], [ -60.54038534797283, -31.736264043416355 ], [ -60.540435418715838, -31.736329349777066 ], [ -60.540438957942975, -31.736357327879873 ], [ -60.540563388365243, -31.736505567690617 ] ] ] ] } },
{ "type": "Feature", "properties": { "id": 69, "nombre": "MACCARONE" }, "geometry": { "type": "MultiPolygon", "coordinates": [ [ [ [ -60.517139973464722, -31.722327878058493 ], [ -60.517153216540756, -31.722353825024086 ], [ -60.517166081551458, -31.72235824597713 ], [ -60.517204074989202, -31.722427046776865 ], [ -60.517228239567373, -31.722470805386902 ], [ -60.517228677518112, -31.722471565574672 ], [ -60.517244614189963, -31.722499228180972 ], [ -60.517255678947805, -31.722519317731152 ], [ -60.517441128261552, -31.722839859244083 ], [ -60.517355820185081, -31.722875170253495 ], [ -60.517280373229084, -31.722908014926066 ], [ -60.517227629832625, -31.722930982440612 ], [ -60.517192582707395, -31.722946241894071 ], [ -60.517118490564208, -31.722978501428027 ], [ -60.517092997688536, -31.722989598306498 ], [ -60.517074641142173, -31.722997590948573 ], [ -60.517035980806824, -31.723014422836751 ], [ -60.517000383417823, -31.723029925600155 ], [ -60.516990993671392, -31.7230338416066 ], [ -60.516959224328389, -31.723047092262547 ], [ -60.516883074734693, -31.723078857338304 ], [ -60.516819283359744, -31.723105467834383 ], [ -60.516797977406902, -31.723114347182062 ], [ -60.516715290635766, -31.723148835170861 ], [ -60.516693005742837, -31.723158133316836 ], [ -60.516640949453496, -31.723179483505156 ], [ -60.516594504096858, -31.723198538289648 ], [ -60.516587450985419, -31.723201434733038 ], [ -60.516507182134035, -31.723234361618662 ], [ -60.516503792435671, -31.723235755172901 ], [ -60.516437798229951, -31.723262825325605 ], [ -60.516434113757725, -31.723264337311818 ], [ -60.516358453500196, -31.723295383043975 ], [ -60.516402130501454, -31.723372211247167 ], [ -60.516435299668025, -31.723430555986397 ], [ -60.516511632006299, -31.723564824655771 ], [ -60.516515257251569, -31.723567263248615 ], [ -60.51652073617857, -31.723570183198849 ], [ -60.51652656036341, -31.723572566626423 ], [ -60.516532655341479, -31.723574392866933 ], [ -60.516538939587825, -31.72357563617274 ], [ -60.516545349248048, -31.723576282234259 ], [ -60.516551809243083, -31.723576317237715 ], [ -60.516556979833744, -31.723575865204399 ], [ -60.516841457938966, -31.723459112711499 ], [ -60.516942753443061, -31.723417539859515 ], [ -60.51694734514637, -31.723413329992415 ], [ -60.517315219093206, -31.723088907012137 ], [ -60.517361479504636, -31.723140046166517 ], [ -60.517093366912945, -31.723368526737758 ], [ -60.517084860691284, -31.723378439723017 ], [ -60.517080804537017, -31.723386347861542 ], [ -60.517079186130388, -31.723388495455765 ], [ -60.517077631883645, -31.723391423025944 ], [ -60.517076599036031, -31.723394494916842 ], [ -60.5170761084227, -31.723397678667169 ], [ -60.517076156162858, -31.723400888148277 ], [ -60.517076756132873, -31.72340405127688 ], [ -60.517077892132647, -31.723407127657335 ], [ -60.517175992091083, -31.723580718494009 ], [ -60.517178856618322, -31.723582077165208 ], [ -60.5171844129314, -31.723584045220349 ], [ -60.517190200813168, -31.723585458000926 ], [ -60.517196126088898, -31.723586304919056 ], [ -60.517202127010684, -31.723586558372535 ], [ -60.517208150632335, -31.723586232752794 ], [ -60.517214064791474, -31.723585330499894 ], [ -60.517218993038604, -31.723584062990565 ], [ -60.517278221262579, -31.723551802232524 ], [ -60.517343879501333, -31.723508618229683 ], [ -60.517405197934231, -31.723469299244975 ], [ -60.517467342283496, -31.723427641318356 ], [ -60.517526264988668, -31.723382783471926 ], [ -60.517585299536897, -31.723349566317381 ], [ -60.51762882661891, -31.72331731267138 ], [ -60.517679682520509, -31.723279132923242 ], [ -60.517736160929751, -31.723241387872502 ], [ -60.517797983021993, -31.723197915864084 ], [ -60.517861499975794, -31.723147275460544 ], [ -60.51792967324981, -31.723092184557125 ], [ -60.517981880881344, -31.723039859481169 ], [ -60.518030526640253, -31.722991927679274 ], [ -60.51807294984178, -31.722941525420673 ], [ -60.518115474071053, -31.722885183104484 ], [ -60.518167495313449, -31.722854260134266 ], [ -60.518226076567181, -31.722816850753368 ], [ -60.518276824450538, -31.722786835324698 ], [ -60.518321890429135, -31.722764954569286 ], [ -60.518421391753314, -31.72274122227946 ], [ -60.518459051401955, -31.722735373843982 ], [ -60.518501151028339, -31.722657307597945 ], [ -60.518512575977063, -31.722636192816054 ], [ -60.51852320020069, -31.722614923377705 ], [ -60.518533072500325, -31.722593397499519 ], [ -60.518542203449407, -31.72257162364836 ], [ -60.518550571387443, -31.722549639918444 ], [ -60.518558176720688, -31.722527445347172 ], [ -60.51856500953771, -31.722505065518657 ], [ -60.518571069135319, -31.722482530031726 ], [ -60.518576439257842, -31.722459398043597 ], [ -60.518667009578095, -31.7222010422831 ], [ -60.518722899135099, -31.722213626025049 ], [ -60.51870422646514, -31.72225005229997 ], [ -60.518657645808339, -31.722359456268972 ], [ -60.518648055566949, -31.722387403184335 ], [ -60.518639314551848, -31.722415542747243 ], [ -60.518631411994164, -31.722443866782577 ], [ -60.518624368383009, -31.722472349565017 ], [ -60.518618163164781, -31.722500980578683 ], [ -60.518612827798066, -31.72252974081891 ], [ -60.518608350988607, -31.722558607283805 ], [ -60.518604579411559, -31.722588789408416 ], [ -60.518593777010018, -31.722613779076951 ], [ -60.518584221667588, -31.722637823773294 ], [ -60.518575420586593, -31.722662078364412 ], [ -60.518567383926154, -31.722686525229513 ], [ -60.518560121585821, -31.722711147728376 ], [ -60.518553633122899, -31.722735929339891 ], [ -60.518547918914685, -31.722760850538574 ], [ -60.518542989335998, -31.722785893233866 ], [ -60.51853550087155, -31.722836238474535 ], [ -60.51845453655897, -31.723674423532774 ], [ -60.518414515822549, -31.723749369638131 ], [ -60.518386684212494, -31.723808936781282 ], [ -60.518393629501091, -31.723818196213195 ], [ -60.518345163495695, -31.723995423822583 ], [ -60.518336976864703, -31.724025831271099 ], [ -60.518328018448358, -31.72405624011861 ], [ -60.518318337824283, -31.724086478093739 ], [ -60.51830794480459, -31.724116547681412 ], [ -60.518296828547811, -31.724146421764623 ], [ -60.518285000385411, -31.724176098345961 ], [ -60.518272460259141, -31.724205568471564 ], [ -60.518259513536975, -31.724234176724146 ], [ -60.518257687594812, -31.72424054816512 ], [ -60.518240059300567, -31.724249035524142 ], [ -60.518100114185913, -31.724645107588689 ], [ -60.518099028209093, -31.724648873991772 ], [ -60.51809832903276, -31.7246538084419 ], [ -60.518096271095438, -31.724658885699814 ], [ -60.518099033284201, -31.724663725956717 ], [ -60.518100428599041, -31.724668561651736 ], [ -60.518102488738236, -31.724673214587948 ], [ -60.518105192554501, -31.724677621246048 ], [ -60.518108506056429, -31.724681715781607 ], [ -60.518112496989446, -31.724685574890291 ], [ -60.518631731217695, -31.72511054671763 ], [ -60.518637002233987, -31.725114496785483 ], [ -60.518639180586199, -31.725115815064804 ], [ -60.519062205826323, -31.724951882019695 ], [ -60.519078040535945, -31.72494597290661 ], [ -60.519034780544885, -31.724881761546918 ], [ -60.519022444316136, -31.724870157473504 ], [ -60.519018343643651, -31.724865261843068 ], [ -60.519012430814747, -31.724858907321117 ], [ -60.519007298042524, -31.724852520800319 ], [ -60.519002443617275, -31.724848096007559 ], [ -60.518995427010871, -31.724841701178075 ], [ -60.518982632631925, -31.724825959200651 ], [ -60.518973780371915, -31.724816445658746 ], [ -60.518968685895771, -31.724788044292335 ], [ -60.518981470371905, -31.72476631142781 ], [ -60.518989027781188, -31.724755641751845 ], [ -60.51899648543268, -31.724744340282907 ], [ -60.519002946011803, -31.724734269384008 ], [ -60.519007021824486, -31.724726554489788 ], [ -60.519009698947869, -31.724718641442045 ], [ -60.519012100085618, -31.724709986512181 ], [ -60.519016057515948, -31.724691850669743 ], [ -60.519024059355957, -31.724671650071123 ], [ -60.519034370277922, -31.72465468952139 ], [ -60.519040730604004, -31.72464590827602 ], [ -60.519048099937635, -31.724636051668629 ], [ -60.519055525833373, -31.724626732508735 ], [ -60.519062768435695, -31.724618547187834 ], [ -60.519071087992444, -31.724609479541801 ], [ -60.519085778995255, -31.724596114329533 ], [ -60.519100361542932, -31.724584575939538 ], [ -60.519115766503816, -31.724572412063647 ], [ -60.519134700784001, -31.724559509252057 ], [ -60.519144898628859, -31.724554293687905 ], [ -60.519162043553379, -31.724545266476884 ], [ -60.519175845866428, -31.724539727386198 ], [ -60.519189006558307, -31.724534585984937 ], [ -60.519200513702906, -31.724532180995723 ], [ -60.519209095113183, -31.724529033341291 ], [ -60.519219018670462, -31.724524194461843 ], [ -60.519227296653078, -31.724518455081036 ], [ -60.519239430358581, -31.724508729242849 ], [ -60.519248044667229, -31.724501800748474 ], [ -60.519257586925441, -31.724494951723468 ], [ -60.5192659149969, -31.724488544041993 ], [ -60.519280073819353, -31.72447861928794 ], [ -60.519294859409165, -31.724469803985077 ], [ -60.519307249407532, -31.724464573529048 ], [ -60.519319240086361, -31.724460662134536 ], [ -60.519329608916294, -31.724457283005552 ], [ -60.519338754805439, -31.724453644821978 ], [ -60.519346734018711, -31.72444943905262 ], [ -60.519355110445709, -31.724444650113156 ], [ -60.519371845690436, -31.724434298670356 ], [ -60.519381598278883, -31.724428582040858 ], [ -60.519390680457796, -31.724422868540188 ], [ -60.519398481948564, -31.724417803260831 ], [ -60.519409110066192, -31.724409580055767 ], [ -60.519420271849654, -31.724400059596302 ], [ -60.519431789969893, -31.724389445318639 ], [ -60.519443937004233, -31.724379302091211 ], [ -60.519456910419301, -31.72437038088632 ], [ -60.519468421912968, -31.724362628445064 ], [ -60.519479128749502, -31.724356073744165 ], [ -60.519487792461518, -31.724350740533374 ], [ -60.519498723134539, -31.724343062143124 ], [ -60.519508089360762, -31.724335881827688 ], [ -60.519520321812607, -31.724324004771454 ], [ -60.519531301962957, -31.72431298149305 ], [ -60.519539806361003, -31.724302320465057 ], [ -60.51954720194238, -31.724291961786193 ], [ -60.519552137591454, -31.724280416025223 ], [ -60.519557020731966, -31.724269175148716 ], [ -60.519562880480201, -31.724256456181845 ], [ -60.519565842433451, -31.724248970344526 ], [ -60.519568652342421, -31.724239485668161 ], [ -60.519572046386244, -31.724229816506256 ], [ -60.519574879089227, -31.724221654724964 ], [ -60.519578567526494, -31.724207430343423 ], [ -60.519579268152199, -31.724195338043309 ], [ -60.519580121838459, -31.724180393550757 ], [ -60.519583935087397, -31.724163904590331 ], [ -60.519589044650473, -31.724148758852351 ], [ -60.519593522644946, -31.724135687041304 ], [ -60.519597120162246, -31.724125205655881 ], [ -60.519602289026281, -31.724108966556148 ], [ -60.519607631634088, -31.724093713120073 ], [ -60.519612428944761, -31.724079120980445 ], [ -60.519615639583868, -31.724069879867358 ], [ -60.519622273111672, -31.724053131097229 ], [ -60.519627915438967, -31.724037853146804 ], [ -60.519632317009432, -31.724024273501641 ], [ -60.519637597161754, -31.724010219496837 ], [ -60.519642360854675, -31.723996533720552 ], [ -60.519644799108185, -31.723986220427129 ], [ -60.519648509125318, -31.72397463771361 ], [ -60.519656416382475, -31.723961067590075 ], [ -60.519664236165568, -31.723950275102773 ], [ -60.519672382437619, -31.723939999358272 ], [ -60.519681965100297, -31.723921722107253 ], [ -60.519689759952925, -31.723907421881592 ], [ -60.51969864470027, -31.723895501171363 ], [ -60.519706630207018, -31.723883871203828 ], [ -60.51971436390118, -31.723876085959276 ], [ -60.519727181214307, -31.72386042428754 ], [ -60.519735187822334, -31.723852615767061 ], [ -60.51974256570324, -31.723844285831927 ], [ -60.519750288647387, -31.723835572072304 ], [ -60.519761914431633, -31.723823037611346 ], [ -60.519773578542576, -31.723809543116754 ], [ -60.519786916551986, -31.723798575324089 ], [ -60.519796263382375, -31.723791767903169 ], [ -60.519803467627092, -31.723785418486898 ], [ -60.519812728921146, -31.723776147939901 ], [ -60.519825573277345, -31.723764850571513 ], [ -60.519834034303408, -31.723755804729887 ], [ -60.519839975927987, -31.723747483724704 ], [ -60.519848492129448, -31.723735858395255 ], [ -60.519852608003411, -31.723729359885283 ], [ -60.519855137328413, -31.723723169785981 ], [ -60.519855119499901, -31.723717843011027 ], [ -60.519853536748009, -31.723706325501283 ], [ -60.51985153006143, -31.723692058553826 ], [ -60.519850269420708, -31.723680615790801 ], [ -60.519847601816004, -31.723664116217215 ], [ -60.519845106009996, -31.723650342683946 ], [ -60.519841768000752, -31.723642029481251 ], [ -60.519836262197131, -31.723633279352029 ], [ -60.519827897475402, -31.723620650525579 ], [ -60.519821154393306, -31.723609660330325 ], [ -60.519817917691654, -31.723596939382514 ], [ -60.519816297595632, -31.723586974912074 ], [ -60.519814874925572, -31.723578145621225 ], [ -60.519813024863602, -31.7235683218213 ], [ -60.519809178282109, -31.723558518570329 ], [ -60.519803267457029, -31.723549780383912 ], [ -60.519794076702169, -31.723542694589401 ], [ -60.519782881111603, -31.723532250944206 ], [ -60.519771102343313, -31.723520243011411 ], [ -60.519759643729486, -31.723513331989576 ], [ -60.519743873550389, -31.72350701528023 ], [ -60.519726898693115, -31.723501559659212 ], [ -60.519710857081051, -31.723497698254487 ], [ -60.519694218528009, -31.72349397532621 ], [ -60.519679948918522, -31.723490266529033 ], [ -60.519657147022954, -31.723480502789439 ], [ -60.51964702890286, -31.723475394778848 ], [ -60.519634415099873, -31.723468925969474 ], [ -60.519619450373305, -31.723462737399313 ], [ -60.51960605123876, -31.72345491450659 ], [ -60.519592516955846, -31.723443550914098 ], [ -60.519581619630458, -31.723435752308049 ], [ -60.519573173606311, -31.723426437456293 ], [ -60.519563377140052, -31.723415083934423 ], [ -60.51955759373805, -31.723407261501197 ], [ -60.519552582755338, -31.723401338052863 ], [ -60.519545660998034, -31.723395234413662 ], [ -60.519534309521354, -31.723384298755921 ], [ -60.519527133571579, -31.723374634627909 ], [ -60.519521039752334, -31.723365868743116 ], [ -60.519512924988774, -31.723355539174165 ], [ -60.519506011542759, -31.723344694319575 ], [ -60.519498995809407, -31.723335365726911 ], [ -60.519492861739998, -31.723326541933652 ], [ -60.519486475186028, -31.723318382693407 ], [ -60.519479335679229, -31.723309488636374 ], [ -60.51947814039471, -31.723307426601334 ], [ -60.519471875983442, -31.723299801656246 ], [ -60.519464512229391, -31.723286889955759 ], [ -60.519458709976277, -31.723278925379901 ], [ -60.519452693790456, -31.723267862623722 ], [ -60.51944516906201, -31.723253719509728 ], [ -60.519439897025322, -31.723242740370996 ], [ -60.519434064467198, -31.723232090418225 ], [ -60.51942687855248, -31.723217602699957 ], [ -60.519421769128734, -31.723207786984499 ], [ -60.519416539893108, -31.723197091266176 ], [ -60.51940905508328, -31.723177202524095 ], [ -60.519406074401942, -31.723163782127358 ], [ -60.519404017806572, -31.723151671100119 ], [ -60.519402396158981, -31.723140088324733 ], [ -60.519401632023467, -31.723127413203564 ], [ -60.519401980203796, -31.723115418113881 ], [ -60.519402962938621, -31.723101761583852 ], [ -60.519404755477368, -31.723087336507771 ], [ -60.519407185419645, -31.723071392643735 ], [ -60.519410138921934, -31.723055350952492 ], [ -60.519413780426184, -31.723042869819732 ], [ -60.519416306825157, -31.723031728740622 ], [ -60.519418321992909, -31.723021645612643 ], [ -60.519422011975877, -31.72300502556309 ], [ -60.519424684942095, -31.722990516538875 ], [ -60.519426846222814, -31.722976541890219 ], [ -60.519428129226363, -31.722966265761432 ], [ -60.519427714437754, -31.722949745926226 ], [ -60.519427967981144, -31.722939641470301 ], [ -60.519428306375737, -31.722930272180484 ], [ -60.519429247974024, -31.722914257448096 ], [ -60.519429034981094, -31.72289744869455 ], [ -60.519428325023497, -31.722888102592208 ], [ -60.519427345852741, -31.722878649016085 ], [ -60.519425914197228, -31.722860453778932 ], [ -60.519426226613305, -31.722849800342516 ], [ -60.519427221875254, -31.72283847731736 ], [ -60.519431372047066, -31.722821376139102 ], [ -60.519436804386103, -31.7228062577509 ], [ -60.519438958777862, -31.722795980808762 ], [ -60.519438067053592, -31.722789442633893 ], [ -60.519436117939364, -31.722777968850419 ], [ -60.519435015524216, -31.722767488479562 ], [ -60.519433874590568, -31.722751857669437 ], [ -60.519431914126343, -31.722740300751145 ], [ -60.519431078952543, -31.722735366874723 ], [ -60.520085371091021, -31.722590042593076 ], [ -60.520172773043591, -31.722285033986029 ], [ -60.51946824109794, -31.722227803497113 ], [ -60.51946793623145, -31.722215996312269 ], [ -60.519467378429525, -31.722203460687265 ], [ -60.519467121241455, -31.722188619063722 ], [ -60.519467359584318, -31.722174853415268 ], [ -60.51946788680268, -31.722159570461521 ], [ -60.519468052406808, -31.722150831332762 ], [ -60.519466211756409, -31.722134905350636 ], [ -60.519463629433787, -31.722119640665635 ], [ -60.519461012202946, -31.72210422661588 ], [ -60.519459058725516, -31.72209273143951 ], [ -60.519457378414756, -31.722082799487367 ], [ -60.519455009313795, -31.722068853332715 ], [ -60.519457440290957, -31.722048352757572 ], [ -60.51947177116601, -31.722033021188405 ], [ -60.519485452044783, -31.722025091688042 ], [ -60.519504666728977, -31.722018032358278 ], [ -60.519522534580794, -31.722013105561981 ], [ -60.519539844682839, -31.722010100175954 ], [ -60.519559554493263, -31.72200683137034 ], [ -60.519571372832836, -31.722005370543691 ], [ -60.519582324688756, -31.722003738865638 ], [ -60.519598824742573, -31.722001697410764 ], [ -60.519611919517473, -31.722000070244775 ], [ -60.519627001253816, -31.721998534968648 ], [ -60.519641071619333, -31.722000014877064 ], [ -60.519653171705059, -31.722002357738106 ], [ -60.51966697816313, -31.722003244336292 ], [ -60.519679642500179, -31.722002338167801 ], [ -60.519702260030797, -31.721999286188012 ], [ -60.51971300621129, -31.72199772666383 ], [ -60.519721351503932, -31.721995103971384 ], [ -60.519728823929235, -31.721987546281213 ], [ -60.51973477775455, -31.721980214674971 ], [ -60.519739732251445, -31.721972268664274 ], [ -60.519745465478351, -31.721959655486906 ], [ -60.519751743064745, -31.721948362423777 ], [ -60.519758218542982, -31.721934675775024 ], [ -60.519766524426181, -31.721920129011536 ], [ -60.519772570564008, -31.721910997881235 ], [ -60.51977782732493, -31.72190214979959 ], [ -60.51978179275239, -31.721894058936595 ], [ -60.519785217027888, -31.72188249344887 ], [ -60.519788727634342, -31.721871376363261 ], [ -60.519792937339773, -31.721861344889501 ], [ -60.519797858045536, -31.72185094440551 ], [ -60.519800552252377, -31.721845249885149 ], [ -60.519810374505695, -31.721834009328401 ], [ -60.519820780111623, -31.721826378071242 ], [ -60.519827346232958, -31.721821931669499 ], [ -60.519836178642407, -31.721811081671991 ], [ -60.519801441251317, -31.721809036993466 ], [ -60.519787968365556, -31.721735402311506 ], [ -60.519771432827845, -31.721695835127843 ], [ -60.519698195044747, -31.721520516349894 ], [ -60.519656285934261, -31.721372784879776 ], [ -60.519557353424439, -31.721380772619579 ], [ -60.519413041284587, -31.721392435317661 ], [ -60.519415280658855, -31.721426957776476 ], [ -60.519425588442672, -31.721502571418274 ], [ -60.519433772923563, -31.721562582801333 ], [ -60.519435520709301, -31.721575407349395 ], [ -60.519437491259545, -31.721589866449026 ], [ -60.519447073219055, -31.72166018922395 ], [ -60.519457458381865, -31.72173642481669 ], [ -60.519467424985088, -31.721809496643061 ], [ -60.519471814592897, -31.721841737691467 ], [ -60.519051579845055, -31.721912828201773 ], [ -60.519059196130428, -31.721935289163923 ], [ -60.518929432850364, -31.721936368694564 ], [ -60.518934247285095, -31.721997584578698 ], [ -60.518856523250641, -31.72200702615179 ], [ -60.518739240389948, -31.722025733301393 ], [ -60.518603611304442, -31.722047366613705 ], [ -60.518482502723835, -31.722071000533145 ], [ -60.518398703157793, -31.722077780489048 ], [ -60.518307272520268, -31.722097334462692 ], [ -60.518201983044797, -31.722119695328896 ], [ -60.518100318326283, -31.722141211681127 ], [ -60.517997378485418, -31.722163012705192 ], [ -60.5178118679299, -31.72221339479777 ], [ -60.517751200126391, -31.722089998480254 ], [ -60.517723253221888, -31.722038382916562 ], [ -60.517581618626032, -31.722165416912542 ], [ -60.517371450056466, -31.72223941424836 ], [ -60.517139973464722, -31.722327878058493 ] ] ], [ [ [ -60.517526408564919, -31.72531612598204 ], [ -60.517587827419305, -31.725296110134572 ], [ -60.517673298100377, -31.72524586409763 ], [ -60.517697770982537, -31.725228617619308 ], [ -60.51771575759372, -31.725216638324824 ], [ -60.517797736739659, -31.725106039950322 ], [ -60.517858150078126, -31.72499304916872 ], [ -60.518069956592363, -31.724516654763011 ], [ -60.518085952429821, -31.724474978716959 ], [ -60.518227513184854, -31.7241329384794 ], [ -60.51823841901053, -31.724093644415376 ], [ -60.518254696490999, -31.724034996032728 ], [ -60.518274959222424, -31.723939128899545 ], [ -60.518281059873331, -31.72390727805368 ], [ -60.518291834946311, -31.723850832977934 ], [ -60.51828299334251, -31.723801574180971 ], [ -60.518241015695189, -31.723806281112005 ], [ -60.518145196654096, -31.7238244008485 ], [ -60.517909603189047, -31.723879712306321 ], [ -60.517850439956113, -31.723894300981769 ], [ -60.517782011944377, -31.723918216245526 ], [ -60.517759572852334, -31.723929622428908 ], [ -60.517007231243689, -31.724391069880234 ], [ -60.517526408564919, -31.72531612598204 ] ] ], [ [ [ -60.517445165585556, -31.723985108497263 ], [ -60.517450201784335, -31.72398477996931 ], [ -60.517455158877013, -31.723983861011618 ], [ -60.51745980901952, -31.723982414277796 ], [ -60.517569411023111, -31.723930339446127 ], [ -60.517590821538995, -31.723916962115247 ], [ -60.517613373808331, -31.723903764925932 ], [ -60.517636387575557, -31.723891159577462 ], [ -60.517659842429659, -31.723879163911239 ], [ -60.517683706925581, -31.723867786924387 ], [ -60.517707980342692, -31.723857038116474 ], [ -60.517732621175348, -31.723846926295842 ], [ -60.517757618330513, -31.723837470007581 ], [ -60.517782939328761, -31.72382866955806 ], [ -60.51780856210636, -31.723820543535652 ], [ -60.517834464799826, -31.723813082978001 ], [ -60.517860486312571, -31.723806339659244 ], [ -60.518343300703812, -31.723684760708899 ], [ -60.518348688981455, -31.723682067170188 ], [ -60.518354236761986, -31.72367850617033 ], [ -60.51835926753153, -31.723674427154325 ], [ -60.518363709648227, -31.723669885202515 ], [ -60.518367518170201, -31.723664924486833 ], [ -60.518370640705939, -31.723659630959279 ], [ -60.518372764359704, -31.723654673392151 ], [ -60.518454168705098, -31.722820851802084 ], [ -60.518453734645007, -31.722817742589502 ], [ -60.518452679195263, -31.722814551306598 ], [ -60.518451036865166, -31.722811546390638 ], [ -60.518448857767773, -31.72280879051613 ], [ -60.518446205262173, -31.72280636966115 ], [ -60.518443133534788, -31.722804344751744 ], [ -60.518439718018222, -31.722802751462794 ], [ -60.518436059477352, -31.722801645990476 ], [ -60.518432232114854, -31.722801044368094 ], [ -60.518428536722411, -31.722800975494454 ], [ -60.518412635785829, -31.722803321163852 ], [ -60.518396150781363, -31.722806477074709 ], [ -60.518379860328508, -31.722810315588138 ], [ -60.518356987501292, -31.722815694008251 ], [ -60.518348027481565, -31.722819993841167 ], [ -60.51833256909611, -31.722825823829517 ], [ -60.518317450023339, -31.722832283402244 ], [ -60.518302726582291, -31.722839370105426 ], [ -60.518289432646583, -31.722846517778265 ], [ -60.518264995101561, -31.722869563934083 ], [ -60.518246494622829, -31.722881490805811 ], [ -60.518198430059769, -31.722914747767675 ], [ -60.518184642096479, -31.722938518786254 ], [ -60.518156609910392, -31.722960409753185 ], [ -60.518134626891424, -31.722976785379952 ], [ -60.518127986843574, -31.722981724720483 ], [ -60.518099442361013, -31.723001995630224 ], [ -60.518075186347183, -31.723024652328562 ], [ -60.518051241766422, -31.723048210466047 ], [ -60.51802803411136, -31.723072292725806 ], [ -60.518005561397203, -31.72309689216522 ], [ -60.517983844776289, -31.723121981548569 ], [ -60.517962021236812, -31.723148608635675 ], [ -60.517919040472535, -31.72317945378574 ], [ -60.517876527528735, -31.723209031684643 ], [ -60.517833492660827, -31.723238051083282 ], [ -60.517789946998718, -31.723266502492251 ], [ -60.5177459006348, -31.723294386187632 ], [ -60.517701554833053, -31.723321569716781 ], [ -60.517662243124633, -31.723341294959383 ], [ -60.517644104066896, -31.723361772778105 ], [ -60.517641641958932, -31.723363622248286 ], [ -60.517634848085301, -31.723369084485856 ], [ -60.517622815777685, -31.723378750148228 ], [ -60.517604606902765, -31.723394426901741 ], [ -60.517587012315175, -31.723410610531875 ], [ -60.517570067282968, -31.723427297256993 ], [ -60.517553791626632, -31.723444452052853 ], [ -60.517536089797304, -31.723463922508927 ], [ -60.517260968269312, -31.72364367735377 ], [ -60.517256515746134, -31.723647353707449 ], [ -60.517252646103998, -31.723651442316395 ], [ -60.51724938239294, -31.723655899137469 ], [ -60.517246786052517, -31.723660661409856 ], [ -60.517244885303143, -31.723665666562361 ], [ -60.517243709765438, -31.723670825135301 ], [ -60.517243276995487, -31.72367607115374 ], [ -60.517243602566886, -31.723681316296908 ], [ -60.517244669852595, -31.723686503479509 ], [ -60.517246435711606, -31.723691437220992 ], [ -60.517247414809397, -31.723693218524215 ], [ -60.517411950534942, -31.723967953237075 ], [ -60.517414765690887, -31.72397186174306 ], [ -60.517417984312459, -31.723975201080563 ], [ -60.517421700738161, -31.723978131265209 ], [ -60.517425862200788, -31.723980606550299 ], [ -60.517430371059788, -31.723982573666717 ], [ -60.517435142774502, -31.723983991005362 ], [ -60.517440108705841, -31.723984841421778 ], [ -60.517445165585556, -31.723985108497263 ] ] ], [ [ [ -60.517588355847387, -31.72542495071497 ], [ -60.517686678249873, -31.725386533331914 ], [ -60.51772020060011, -31.725373428689011 ], [ -60.517748786598403, -31.725427044388994 ], [ -60.517759554097324, -31.725447245836104 ], [ -60.518546374595353, -31.725151779483642 ], [ -60.518083675241613, -31.724770735650477 ], [ -60.518080559703385, -31.724770669586228 ], [ -60.51807159018751, -31.724771209196653 ], [ -60.518062703388338, -31.724772471676268 ], [ -60.518054000596941, -31.724774440088733 ], [ -60.518049544514916, -31.724775842896086 ], [ -60.517922468529079, -31.725053513188385 ], [ -60.517776503025232, -31.725261636291496 ], [ -60.517664719041854, -31.725340610482547 ], [ -60.517581670648518, -31.725371078281352 ], [ -60.517563533922065, -31.725381345295574 ], [ -60.517586228420861, -31.725421213402889 ], [ -60.517588355847387, -31.72542495071497 ] ] ], [ [ [ -60.516962907512855, -31.724313767404741 ], [ -60.516969161976633, -31.724313140196589 ], [ -60.516975279749403, -31.724311881840606 ], [ -60.516981202176979, -31.724310011773802 ], [ -60.516986329896817, -31.724307777065651 ], [ -60.517336172300574, -31.724059530507098 ], [ -60.517340366178694, -31.724056607277376 ], [ -60.517343552560313, -31.72405371155007 ], [ -60.517346261154586, -31.724050477979077 ], [ -60.517348435163818, -31.724046968473491 ], [ -60.517350049933519, -31.724043238762846 ], [ -60.517351064844348, -31.724039358808479 ], [ -60.517351472138508, -31.724035396961231 ], [ -60.517351255850052, -31.724031427168406 ], [ -60.517350425236351, -31.724027517256985 ], [ -60.517348986297563, -31.7240237348657 ], [ -60.517346981978832, -31.724020149938724 ], [ -60.517343720807482, -31.724015901743137 ], [ -60.517036291363247, -31.72349641857873 ], [ -60.51703218026681, -31.723493077863829 ], [ -60.517026671600071, -31.723489386840896 ], [ -60.517020775092156, -31.723486160875762 ], [ -60.517014552143138, -31.723483426653008 ], [ -60.517008052132027, -31.72348121596978 ], [ -60.517001332494758, -31.723479546985633 ], [ -60.516994459776036, -31.723478423130732 ], [ -60.516987494973371, -31.723477868150162 ], [ -60.51698243274609, -31.723477877278118 ], [ -60.516608899863073, -31.723635014493656 ], [ -60.516603632904499, -31.723638448110837 ], [ -60.516598481049272, -31.723642611889005 ], [ -60.516593880033071, -31.723647215583071 ], [ -60.516589873667456, -31.72365221327523 ], [ -60.516586515083631, -31.723657543993866 ], [ -60.516583832989603, -31.723663150218574 ], [ -60.516581871962813, -31.723668961716143 ], [ -60.516580637388174, -31.723674938080414 ], [ -60.516580142754556, -31.723680979877571 ], [ -60.516580412633694, -31.723687017106368 ], [ -60.516580866475692, -31.723689674664215 ], [ -60.516914936388567, -31.724292912175894 ], [ -60.516918425683798, -31.72429705021149 ], [ -60.516922681355567, -31.724301012745439 ], [ -60.51692746574151, -31.724304524044864 ], [ -60.516932696613175, -31.724307529210744 ], [ -60.516938299788301, -31.724309981811171 ], [ -60.516944215625635, -31.724311856315371 ], [ -60.51695034349131, -31.724313126212138 ], [ -60.51695659595282, -31.724313762862202 ], [ -60.516962907512855, -31.724313767404741 ] ] ] ] } },
{ "type": "Feature", "properties": { "id": 70, "nombre": "COCERAMIC" }, "geometry": { "type": "MultiPolygon", "coordinates": [ [ [ [ -60.563616855343263, -31.717466144760859 ], [ -60.562788674943491, -31.718557136083938 ], [ -60.56291022594003, -31.71893716587358 ], [ -60.563910706684837, -31.718728869579941 ], [ -60.56423382058184, -31.71825852779363 ], [ -60.563896627116996, -31.717716353330893 ], [ -60.563896627116996, -31.717716353330893 ], [ -60.563616855343263, -31.717466144760859 ] ] ], [ [ [ -60.574147441114405, -31.713039245639131 ], [ -60.573758453286445, -31.711838134796565 ], [ -60.573488170327508, -31.711839350766429 ], [ -60.573375831886196, -31.711669960223901 ], [ -60.573286945061945, -31.711435903737353 ], [ -60.57318224340883, -31.711215509934547 ], [ -60.573057689585909, -31.71099860317511 ], [ -60.572949703736249, -31.710890355147633 ], [ -60.572790088748263, -31.710789134799143 ], [ -60.572591061168758, -31.710742457901372 ], [ -60.572170285065283, -31.710832692606882 ], [ -60.57154758981418, -31.711052952015713 ], [ -60.571052770036701, -31.711384766985706 ], [ -60.570353048613363, -31.712009717568463 ], [ -60.570088278174282, -31.712262347466229 ], [ -60.570036855617595, -31.712303352367893 ], [ -60.570288202090808, -31.712455134620566 ], [ -60.570539278897158, -31.712562744670272 ], [ -60.571048175967654, -31.712580853964166 ], [ -60.571612803550408, -31.712612303049909 ], [ -60.572225045419572, -31.712629944288278 ], [ -60.572857328522304, -31.712674675862978 ], [ -60.57309979043665, -31.71267358626692 ], [ -60.5734498433985, -31.712716185249381 ], [ -60.573628708807519, -31.712715380661489 ], [ -60.573963200090965, -31.713458018638313 ], [ -60.574296624042397, -31.713381763123433 ], [ -60.574296624042397, -31.713381763123433 ], [ -60.574147441114405, -31.713039245639131 ] ] ] ] } },
{ "type": "Feature", "properties": { "id": 84, "nombre": "VILLA 351" }, "geometry": { "type": "MultiPolygon", "coordinates": [ [ [ [ -60.524010838897603, -31.754946796255705 ], [ -60.52444363113797, -31.75522936852126 ], [ -60.524445777116092, -31.755222204992304 ], [ -60.52445076684581, -31.755208577110285 ], [ -60.524457001759487, -31.755194505118038 ], [ -60.524465641738267, -31.755179546345268 ], [ -60.524477789272083, -31.755165403903543 ], [ -60.524491271341887, -31.755153969769903 ], [ -60.524505122514128, -31.755145000905266 ], [ -60.524527379326678, -31.755131940411228 ], [ -60.524534985988836, -31.755126853332623 ], [ -60.524542421088924, -31.755121366504117 ], [ -60.524547610567971, -31.75511732458579 ], [ -60.524551074057797, -31.755113634643635 ], [ -60.524555407113326, -31.755107394266773 ], [ -60.524561000327886, -31.755097765888451 ], [ -60.524573766862829, -31.755075030934158 ], [ -60.524580329379724, -31.755062101513072 ], [ -60.524588761908554, -31.755046560173959 ], [ -60.52459854099309, -31.755030837535728 ], [ -60.524609616099568, -31.755015127259227 ], [ -60.52462099022911, -31.755001832597024 ], [ -60.524631623457459, -31.754989855895126 ], [ -60.524642032786808, -31.754979129656096 ], [ -60.524651940012852, -31.754968309980196 ], [ -60.52466566916668, -31.754955470043118 ], [ -60.524685256004339, -31.754942782548859 ], [ -60.524710868388205, -31.754934332976966 ], [ -60.524739124211145, -31.754932106069965 ], [ -60.524757663339237, -31.754936099494962 ], [ -60.524761781711597, -31.754934691630936 ], [ -60.524767131130233, -31.754931574775252 ], [ -60.524775424207768, -31.754924815787316 ], [ -60.524786093666059, -31.754912608509407 ], [ -60.524800282787389, -31.754894572503396 ], [ -60.52482735085615, -31.754861086206017 ], [ -60.524850757565133, -31.754808261175821 ], [ -60.524864642017072, -31.754796083272296 ], [ -60.524877118463749, -31.754783153623492 ], [ -60.524887054568126, -31.754770811615373 ], [ -60.524894291456654, -31.754758958700883 ], [ -60.52489961228855, -31.75474797042617 ], [ -60.524904324122886, -31.754737543799941 ], [ -60.524908140822511, -31.754727472578313 ], [ -60.524910525287233, -31.754717966396946 ], [ -60.524914817590997, -31.754698658391032 ], [ -60.524917432671991, -31.754688871689503 ], [ -60.524926773320168, -31.754668271292168 ], [ -60.524945222929809, -31.754630904262989 ], [ -60.524951125152342, -31.754620075921483 ], [ -60.524958048343386, -31.754608747361974 ], [ -60.524965905421467, -31.754596449987169 ], [ -60.524983514143685, -31.754567184925371 ], [ -60.524991697959258, -31.754552938231793 ], [ -60.524997955168523, -31.754539556222795 ], [ -60.525001482455657, -31.754528701591312 ], [ -60.52500446402707, -31.754512789895191 ], [ -60.525004567376378, -31.754497440180369 ], [ -60.525002236521473, -31.754475300634528 ], [ -60.524995617952101, -31.754439615107081 ], [ -60.524993107844097, -31.754421245983888 ], [ -60.524993811836787, -31.754409465073891 ], [ -60.524994085018605, -31.754399895443047 ], [ -60.52498593162013, -31.754367165250368 ], [ -60.524986359846515, -31.754353275174747 ], [ -60.524985709887787, -31.754340967758875 ], [ -60.524984320314729, -31.754328519096401 ], [ -60.524983555022743, -31.754316347431367 ], [ -60.524983155943474, -31.754301739293766 ], [ -60.524983544942799, -31.75428463883495 ], [ -60.524984020489093, -31.754275393031929 ], [ -60.524985112223284, -31.754264990336804 ], [ -60.52498726373021, -31.75425348303207 ], [ -60.524990323381459, -31.754240186345289 ], [ -60.524995318624498, -31.754223878561017 ], [ -60.525001880974479, -31.754204723528058 ], [ -60.525018508938778, -31.754164396944166 ], [ -60.525027272133698, -31.754144349039251 ], [ -60.525036840859336, -31.75412490204598 ], [ -60.525048055486124, -31.754105349067142 ], [ -60.52505905401712, -31.75408677998167 ], [ -60.525068541944002, -31.754069849448161 ], [ -60.525075744208849, -31.754055615811861 ], [ -60.525082847139565, -31.754031263957362 ], [ -60.525085418695454, -31.754021251971373 ], [ -60.525088332466375, -31.754006422757769 ], [ -60.52508623995859, -31.753990982889068 ], [ -60.525083643850856, -31.7539816866155 ], [ -60.525076766639252, -31.753967492965373 ], [ -60.525069148969045, -31.753956747389122 ], [ -60.5250666706579, -31.753945881430798 ], [ -60.525072488203598, -31.753933150552733 ], [ -60.525083791204629, -31.75391991007535 ], [ -60.525097360258826, -31.753906110136377 ], [ -60.525112513921123, -31.753892565198374 ], [ -60.525126026412515, -31.753879964934665 ], [ -60.525139795358321, -31.753867922752342 ], [ -60.52515169900115, -31.753856384267902 ], [ -60.525162823511565, -31.753845182673992 ], [ -60.525172641687412, -31.753834410327716 ], [ -60.525181279976486, -31.753824030634615 ], [ -60.525188128830521, -31.753814506045085 ], [ -60.525196756845951, -31.753800437874048 ], [ -60.52520184687237, -31.753789712070184 ], [ -60.525211539899878, -31.753767991917954 ], [ -60.525215776594777, -31.753759416006606 ], [ -60.525226113765669, -31.753739623132198 ], [ -60.525232146471609, -31.753729488654464 ], [ -60.525258412581096, -31.753691403956989 ], [ -60.525270135773425, -31.753675952226391 ], [ -60.525292881112385, -31.753648000663986 ], [ -60.525311526912034, -31.753628615428354 ], [ -60.525325812111674, -31.753612684173589 ], [ -60.525343645834816, -31.753593410502095 ], [ -60.525353755865062, -31.753581996633059 ], [ -60.525364364283142, -31.753570995553904 ], [ -60.525381936744083, -31.75355031608628 ], [ -60.525388517831843, -31.753540107192759 ], [ -60.525399415911899, -31.753526200996337 ], [ -60.525409582478822, -31.753513587444544 ], [ -60.525415782784535, -31.753505102631298 ], [ -60.525422951742151, -31.753494332171879 ], [ -60.525430447205707, -31.753485309932234 ], [ -60.525437831359831, -31.753477135879365 ], [ -60.52544468887293, -31.753469153384017 ], [ -60.525451968908953, -31.753461232274418 ], [ -60.525470416248197, -31.753442226606055 ], [ -60.525480501970577, -31.753432120492992 ], [ -60.525490559492361, -31.753422627745572 ], [ -60.525506973620118, -31.753406164623669 ], [ -60.525514117052907, -31.753398352294571 ], [ -60.525519300404206, -31.753392946939929 ], [ -60.525536411376486, -31.753370925614956 ], [ -60.525554313511861, -31.753345095265836 ], [ -60.525559580193374, -31.753333890744308 ], [ -60.525575651028511, -31.753297768950372 ], [ -60.5255874537037, -31.753270250263313 ], [ -60.525599773458438, -31.753233377376795 ], [ -60.525610760492896, -31.753205338985723 ], [ -60.525634049429193, -31.753148481195019 ], [ -60.525687074866397, -31.753129518048571 ], [ -60.525737510957228, -31.753079782915616 ], [ -60.525773456728089, -31.753030107558107 ], [ -60.525859768416232, -31.752918315540395 ], [ -60.525978875431861, -31.75284043792 ], [ -60.525866917659989, -31.752400843275986 ], [ -60.525825928658669, -31.752230017486866 ], [ -60.525773425530943, -31.752008442752896 ], [ -60.525760847551354, -31.751960934195345 ], [ -60.525673743975737, -31.751542070694235 ], [ -60.525575346566988, -31.751635402070811 ], [ -60.525437289427025, -31.75179658894022 ], [ -60.525361255578879, -31.751895455400028 ], [ -60.525245005824694, -31.752057174409902 ], [ -60.52492276287699, -31.752507996820281 ], [ -60.524612216080008, -31.752875485451728 ], [ -60.524595379105797, -31.752895584610748 ], [ -60.524583488278694, -31.752909386606738 ], [ -60.524569997362676, -31.752925801502876 ], [ -60.524557897372809, -31.752943689686553 ], [ -60.524545050577366, -31.752962031862815 ], [ -60.52452347542426, -31.752999114102867 ], [ -60.524511416485225, -31.753018670514425 ], [ -60.524499721241398, -31.753037215368444 ], [ -60.524476555181458, -31.753071057530406 ], [ -60.524423678235891, -31.753149789247271 ], [ -60.524411898403301, -31.753166440580202 ], [ -60.524400425094704, -31.753183171815888 ], [ -60.52436565074435, -31.753236027399179 ], [ -60.524354373290514, -31.753253803957385 ], [ -60.524333196812094, -31.753284869260465 ], [ -60.524311001564044, -31.753318698378315 ], [ -60.524296750439859, -31.753340698754268 ], [ -60.524280467622354, -31.753367388030867 ], [ -60.524267585968921, -31.753387056024835 ], [ -60.524256678721777, -31.753403108539263 ], [ -60.524250060519492, -31.753412370597548 ], [ -60.524243679522591, -31.753420648675434 ], [ -60.524232905627137, -31.753432272611786 ], [ -60.524218378332499, -31.753448349035743 ], [ -60.524208279390713, -31.753459880009117 ], [ -60.524198508693587, -31.753471599017349 ], [ -60.524181723750736, -31.753493474529044 ], [ -60.52417456118819, -31.753503532440806 ], [ -60.524153356284792, -31.753535193043948 ], [ -60.524145910495079, -31.753547434568564 ], [ -60.524138262293555, -31.753559343245104 ], [ -60.524104331715606, -31.753615892822886 ], [ -60.524090461021991, -31.753639866636895 ], [ -60.524076390160374, -31.753665780225568 ], [ -60.524061787922136, -31.753691046674518 ], [ -60.524048779299576, -31.753714421724613 ], [ -60.524035387670381, -31.753737257245504 ], [ -60.524021706600081, -31.75375930033745 ], [ -60.524008844079553, -31.753780510369999 ], [ -60.523995617844577, -31.753802731956174 ], [ -60.523980911724891, -31.75382455379966 ], [ -60.523968005699317, -31.753845538547303 ], [ -60.523956351253887, -31.753865742565534 ], [ -60.523945842176062, -31.753883173228409 ], [ -60.52393570988712, -31.75389816737701 ], [ -60.523925403495468, -31.753912233347005 ], [ -60.5239183714353, -31.753922985123236 ], [ -60.523907873842937, -31.753936835436733 ], [ -60.523897981181648, -31.75394940265133 ], [ -60.523878049878775, -31.753976729146022 ], [ -60.523871888875405, -31.753984726730554 ], [ -60.523856934608823, -31.75400372682531 ], [ -60.523832370937384, -31.754033119532238 ], [ -60.523806744883835, -31.754065032731535 ], [ -60.523799519411526, -31.754073305240283 ], [ -60.523790204608126, -31.754083534309093 ], [ -60.523705449683874, -31.754212493898855 ], [ -60.523504189338333, -31.75445017515726 ], [ -60.52343828468198, -31.754547571046356 ], [ -60.523426202479172, -31.754565079034354 ], [ -60.523763704281201, -31.754785439356461 ], [ -60.524010838897603, -31.754946796255705 ] ] ] ] } },
{ "type": "Feature", "properties": { "id": 87, "nombre": "CIRCUNVALACION Y BROWN" }, "geometry": { "type": "MultiPolygon", "coordinates": [ [ [ [ -60.480427279103573, -31.744545335759096 ], [ -60.480001771723742, -31.744607529130118 ], [ -60.480078230081055, -31.744966553682691 ], [ -60.48049376463166, -31.744904360552791 ], [ -60.480427279103573, -31.744545335759096 ] ] ] ] } },
{ "type": "Feature", "properties": { "id": 88, "nombre": "CIUDAD PERDIDA" }, "geometry": { "type": "MultiPolygon", "coordinates": [ [ [ [ -60.507775156275059, -31.720893385419789 ], [ -60.507560422136535, -31.720725949656249 ], [ -60.507488844090354, -31.720649842390969 ], [ -60.507196567068455, -31.720365708048664 ], [ -60.507041481301741, -31.720132311330211 ], [ -60.506910254883749, -31.719898914024075 ], [ -60.506480786606666, -31.720091720536562 ], [ -60.506749204279835, -31.720396151055567 ], [ -60.506904290046563, -31.720629547109709 ], [ -60.507053410976091, -31.720837573532208 ], [ -60.50722639125437, -31.720928902058027 ], [ -60.507363582509541, -31.720954271077016 ], [ -60.507524633113434, -31.720979640089038 ], [ -60.507775156275059, -31.720893385419789 ] ] ] ] } },
{ "type": "Feature", "properties": { "id": 89, "nombre": "PUERTO VIEJO" }, "geometry": { "type": "MultiPolygon", "coordinates": [ [ [ [ -60.542925941785946, -31.711146090851312 ], [ -60.542389106439607, -31.711333841237533 ], [ -60.541577888582921, -31.711704266560311 ], [ -60.541369119281555, -31.711846347113418 ], [ -60.541160349980203, -31.711881867217667 ], [ -60.540808424586494, -31.712059467534825 ], [ -60.540277554077335, -31.712328404510426 ], [ -60.540540006913325, -31.712754642647567 ], [ -60.541082807096849, -31.7124349642284 ], [ -60.541750868861179, -31.712100061845302 ], [ -60.542037181045892, -31.711968130271334 ], [ -60.542711207647407, -31.711668746388035 ], [ -60.543188394621936, -31.711460699391395 ], [ -60.542925941785946, -31.711146090851312 ] ] ] ] } },
{ "type": "Feature", "properties": { "id": 67, "nombre": "CARITAS" }, "geometry": { "type": "MultiPolygon", "coordinates": [ [ [ [ -60.559226479343096, -31.715501315880942 ], [ -60.563281454480027, -31.714482573403679 ], [ -60.562823374839532, -31.713061406993425 ], [ -60.562392403207738, -31.712144737965865 ], [ -60.561643515846285, -31.712499600403799 ], [ -60.560578567282263, -31.713004212009739 ], [ -60.5604809230447, -31.712867447822575 ], [ -60.560428075275169, -31.712892460958276 ], [ -60.560113804191751, -31.713041199283342 ], [ -60.559733909006688, -31.71322099402429 ], [ -60.559494031180591, -31.71333452059708 ], [ -60.559548697930097, -31.713600079086181 ], [ -60.559452720063533, -31.71361704154922 ], [ -60.559196401777513, -31.713662343790787 ], [ -60.558878109019595, -31.713718598489518 ], [ -60.558771383117517, -31.713737460336148 ], [ -60.558915063006609, -31.714506083321581 ], [ -60.559420094310859, -31.714385330499233 ], [ -60.559443660495113, -31.714425331639493 ], [ -60.558937540723932, -31.714547577718594 ], [ -60.559007432462124, -31.714843979083767 ], [ -60.559226479343096, -31.715501315880942 ] ] ] ] } },
{ "type": "Feature", "properties": { "id": 90, "nombre": "PABLO BALBI" }, "geometry": { "type": "MultiPolygon", "coordinates": [ [ [ [ -60.546910453023258, -31.724647926138545 ], [ -60.546582386978265, -31.724094901989293 ], [ -60.54574730977285, -31.723754968076499 ], [ -60.545365560193225, -31.723897030161844 ], [ -60.544578201685255, -31.724191300931672 ], [ -60.544703463266082, -31.724353656818508 ], [ -60.544965916102065, -31.724247110799851 ], [ -60.545180650240603, -31.724328288729946 ], [ -60.545973973585745, -31.724607337322375 ], [ -60.546105200003744, -31.724556601277136 ], [ -60.546313969305096, -31.724906679423789 ], [ -60.546910453023258, -31.724647926138545 ] ] ] ] } },
{ "type": "Feature", "properties": { "id": 95, "nombre": "7 DE MAYO" }, "geometry": { "type": "MultiPolygon", "coordinates": [ [ [ [ -60.518885224402709, -31.762144096693984 ], [ -60.518373940705651, -31.762252775178784 ], [ -60.517835747340342, -31.763076439546033 ], [ -60.518394122956856, -31.76324803536648 ], [ -60.51854212613231, -31.7629506024088 ], [ -60.518683401890712, -31.762698927621035 ], [ -60.518696856724844, -31.762601689451529 ], [ -60.518696856724844, -31.762493011376474 ], [ -60.518777585729651, -31.762384333173838 ], [ -60.518824677649114, -31.762281374758814 ], [ -60.518871769568577, -31.762212735751852 ], [ -60.518885224402709, -31.762144096693984 ] ] ] ] } },
{ "type": "Feature", "properties": { "id": 85, "nombre": "VILLA 351" }, "geometry": { "type": "MultiPolygon", "coordinates": [ [ [ [ -60.52249166460328, -31.756550792435256 ], [ -60.522407553301498, -31.756679688410514 ], [ -60.521975726198121, -31.757362723714728 ], [ -60.521654772365927, -31.757211179734416 ], [ -60.521647354621201, -31.757207384400129 ], [ -60.52132026251244, -31.757733973228042 ], [ -60.521385596520865, -31.758070549355491 ], [ -60.521439172341807, -31.758198916287157 ], [ -60.521696420143144, -31.757907215624996 ], [ -60.522064749170667, -31.758138093586709 ], [ -60.522287168967004, -31.757941405409763 ], [ -60.52263823650803, -31.757528641709378 ], [ -60.523366408301143, -31.756514492193958 ], [ -60.523317148764541, -31.756428367589255 ], [ -60.52249166460328, -31.756550792435256 ] ] ] ] } },
{ "type": "Feature", "properties": { "id": 86, "nombre": "JUSTO JOSE DE URQUIZA" }, "geometry": { "type": "MultiPolygon", "coordinates": [ [ [ [ -60.477862623198725, -31.769650656471448 ], [ -60.477627041004169, -31.76958607719822 ], [ -60.477389486298428, -31.769650759379783 ], [ -60.477498591590852, -31.769911110369492 ], [ -60.477568401395359, -31.77021633922476 ], [ -60.4779719239272, -31.770156205494452 ], [ -60.477862623198725, -31.769650656471448 ] ] ] ] } },
{ "type": "Feature", "properties": { "id": 94, "nombre": "BARRIO PIROLA" }, "geometry": { "type": "MultiPolygon", "coordinates": [ [ [ [ -60.538700831371855, -31.738775259421427 ], [ -60.538636920909738, -31.738775259421416 ], [ -60.537993185250848, -31.739216239375647 ], [ -60.538133832052857, -31.739353852931249 ], [ -60.538858925672926, -31.738901129420647 ], [ -60.538700831371855, -31.738775259421427 ] ] ] ] } },
{ "type": "Feature", "properties": { "id": 91, "nombre": "PUERTO VIEJO" }, "geometry": { "type": "MultiPolygon", "coordinates": [ [ [ [ -60.54164946662911, -31.717691758270899 ], [ -60.541616660024616, -31.717511631746458 ], [ -60.54162560728038, -31.717354337875495 ], [ -60.541497363280975, -31.717100637521259 ], [ -60.541297541235402, -31.716732770774435 ], [ -60.541184209328947, -31.716793659164356 ], [ -60.54113947305008, -31.717006768214219 ], [ -60.541121578538537, -31.717120933575128 ], [ -60.541208068677669, -31.717351800875395 ], [ -60.541309470909759, -31.717511631746444 ], [ -60.541416837979028, -31.717666388359028 ], [ -60.541536134722662, -31.717755183020124 ], [ -60.54164946662911, -31.717691758270899 ] ] ] ] } },
{ "type": "Feature", "properties": { "id": 92, "nombre": "ESPAÑA AL FINAL" }, "geometry": { "type": "MultiPolygon", "coordinates": [ [ [ [ -60.54356475391085, -31.728667912407467 ], [ -60.543732939337524, -31.728971177470939 ], [ -60.543389841067132, -31.729114226684683 ], [ -60.544446045546557, -31.729457543896672 ], [ -60.544661322892694, -31.729217221981827 ], [ -60.544674777726819, -31.728839571999242 ], [ -60.544681505143885, -31.728707966340647 ], [ -60.544782416399876, -31.728427588444731 ], [ -60.544600776139092, -31.728187263858771 ], [ -60.544573866470834, -31.727678002557365 ], [ -60.544560411636688, -31.727494896686306 ], [ -60.544345134290566, -31.727271735916776 ], [ -60.543921307015374, -31.727580727608405 ], [ -60.543961671517778, -31.727683724610007 ], [ -60.543652210332731, -31.727780999450822 ], [ -60.54373966675459, -31.727935494576375 ], [ -60.5434571152378, -31.728072823360652 ], [ -60.543692574835127, -31.728530584505076 ], [ -60.54356475391085, -31.728667912407467 ] ] ] ] } },
{ "type": "Feature", "properties": { "id": 97, "nombre": "Valentiz Denis al final" }, "geometry": { "type": "MultiPolygon", "coordinates": [ [ [ [ -60.567112551135779, -31.714233347017586 ], [ -60.566951560783423, -31.714385515071445 ], [ -60.566808458247984, -31.714517393849466 ], [ -60.566784607825419, -31.714578260914497 ], [ -60.566754794797205, -31.71466956143718 ], [ -60.566730944374626, -31.714745645137373 ], [ -60.566683243529489, -31.714821728775153 ], [ -60.566659393106924, -31.714887667877374 ], [ -60.56658187923356, -31.714978968095345 ], [ -60.566540140994043, -31.714999257020459 ], [ -60.566456664515037, -31.715075340450095 ], [ -60.566331449796543, -31.715181857146742 ], [ -60.565246255569491, -31.715323879218541 ], [ -60.565329732048504, -31.71567893344622 ], [ -60.56764918564366, -31.715714438794201 ], [ -60.568072530644322, -31.715034762628701 ], [ -60.567112551135779, -31.714233347017586 ] ] ] ] } },
{ "type": "Feature", "properties": { "id": 99, "nombre": "Ladrilleros-P.I." }, "geometry": { "type": "MultiPolygon", "coordinates": [ [ [ [ -60.442744614870001, -31.770901263232926 ], [ -60.442497082383291, -31.770510441048263 ], [ -60.442178826328934, -31.770360124383753 ], [ -60.441884144797143, -31.770229849743654 ], [ -60.441341930778634, -31.770841136850464 ], [ -60.441389079823722, -31.770991452733405 ], [ -60.441389079823722, -31.771191873530778 ], [ -60.441554101481529, -31.771442398916857 ], [ -60.44163661231044, -31.771733007514822 ], [ -60.442131677283854, -31.771933426705644 ], [ -60.442367422509314, -31.77194344765379 ], [ -60.442520656905835, -31.77214386638871 ], [ -60.442685678563642, -31.772394389196762 ], [ -60.443098232708174, -31.772604827831209 ], [ -60.443168956275798, -31.772725078264546 ], [ -60.443569723159065, -31.772684994804152 ], [ -60.444135511700111, -31.77240441009495 ], [ -60.443994064564841, -31.771843238123505 ], [ -60.442874274743993, -31.772003573319868 ], [ -60.442944998311646, -31.771803154280999 ], [ -60.442744614870001, -31.770901263232926 ] ] ] ] } },
{ "type": "Feature", "properties": { "id": 98, "nombre": "Villa Papa Francisco" }, "geometry": { "type": "MultiPolygon", "coordinates": [ [ [ [ -60.51430990111735, -31.767730894421234 ], [ -60.514297297135734, -31.766739680310408 ], [ -60.514845570336298, -31.76611279887792 ], [ -60.515534429450938, -31.766384594748477 ], [ -60.515367092809569, -31.766629958237431 ], [ -60.515477132809409, -31.766693244853975 ], [ -60.515436335833087, -31.767533616708587 ], [ -60.51430990111735, -31.767730894421234 ] ] ] ] } },
{ "type": "Feature", "properties": { "id": 111, "nombre": "MOSCONI VIEJO" }, "geometry": { "type": "MultiPolygon", "coordinates": [ [ [ [ -60.552986682879201, -31.724008404812871 ], [ -60.552725705814339, -31.724062554583313 ], [ -60.552588319096699, -31.724099914963922 ], [ -60.552382157538347, -31.724155977359466 ], [ -60.552314075390484, -31.724163775670295 ], [ -60.551986326159472, -31.724211730263647 ], [ -60.551776420267323, -31.724195305623173 ], [ -60.551780882346172, -31.724237871233484 ], [ -60.551791562168546, -31.724339733018748 ], [ -60.5517923228523, -31.724347025618261 ], [ -60.55188057831581, -31.724525477749602 ], [ -60.551953863337204, -31.724673659137952 ], [ -60.551988124084403, -31.724742933756023 ], [ -60.55207423102523, -31.724714056576648 ], [ -60.552108779981523, -31.724702470074511 ], [ -60.552195884743291, -31.724673258153739 ], [ -60.552327955134999, -31.724628966169689 ], [ -60.55254356205382, -31.724539083252083 ], [ -60.552584630977684, -31.724521959645031 ], [ -60.552729033339453, -31.724461762053771 ], [ -60.55315394589266, -31.724284625658981 ], [ -60.553126707359276, -31.724239643410403 ], [ -60.553052330867615, -31.724116816356229 ], [ -60.553126707558278, -31.724239642185978 ], [ -60.553153945596932, -31.724284624839747 ], [ -60.55320703189517, -31.724372291467706 ], [ -60.553210596004796, -31.724378178604837 ], [ -60.553207031876696, -31.724372292750303 ], [ -60.55251149772198, -31.724633437532244 ], [ -60.552425054774083, -31.724665890643067 ], [ -60.552397386578306, -31.724676279747406 ], [ -60.552351771430608, -31.724693407717297 ], [ -60.552326062372686, -31.724703006334781 ], [ -60.552188252845333, -31.724754458154148 ], [ -60.552025753075725, -31.72482707898963 ], [ -60.552062507764802, -31.724887101331959 ], [ -60.552107716105255, -31.724960940874084 ], [ -60.552143658839739, -31.725019646129606 ], [ -60.552194147520332, -31.725102109128816 ], [ -60.552242708612972, -31.725181423644891 ], [ -60.552295510268969, -31.725267664067573 ], [ -60.552355776545618, -31.725389872518605 ], [ -60.552392746257745, -31.725484000141247 ], [ -60.552423047956964, -31.725561149076334 ], [ -60.552507985601899, -31.725777401847925 ], [ -60.552542975720691, -31.725866487002513 ], [ -60.552548328685148, -31.72587731201957 ], [ -60.552555209731644, -31.725891227192125 ], [ -60.552556303701515, -31.725893439468468 ], [ -60.552580118752672, -31.725941593609175 ], [ -60.552636890757519, -31.726056404310686 ], [ -60.552638827475747, -31.726059164564731 ], [ -60.552727986897779, -31.726009537503479 ], [ -60.552842802810666, -31.725945625373029 ], [ -60.55296733284441, -31.725876307679908 ], [ -60.553001511554278, -31.725857283888764 ], [ -60.553151098469939, -31.725774026273562 ], [ -60.553139404716148, -31.725754300505056 ], [ -60.553059783671344, -31.725619990400752 ], [ -60.553053875777557, -31.725610024552616 ], [ -60.553001528896495, -31.725521724747988 ], [ -60.552919904735219, -31.725384036317703 ], [ -60.552913262520555, -31.725370627978599 ], [ -60.552824210183722, -31.725190861627624 ], [ -60.552784881945271, -31.725111471056628 ], [ -60.552833939393309, -31.72508731243687 ], [ -60.552850525870909, -31.725114894309055 ], [ -60.552883368813852, -31.725169493593015 ], [ -60.552935787372036, -31.725256654732213 ], [ -60.55300401692795, -31.725370105983313 ], [ -60.553036810780263, -31.725424635076692 ], [ -60.553065615172599, -31.725472524099729 ], [ -60.553085400210492, -31.72550542029731 ], [ -60.553109497731647, -31.725545486740852 ], [ -60.553220571282083, -31.72573016589028 ], [ -60.553499832955623, -31.725575929318946 ], [ -60.553567412388908, -31.725547059072976 ], [ -60.553703575990461, -31.725488889190899 ], [ -60.553874591387476, -31.72541583011121 ], [ -60.553787551174096, -31.72527986889634 ], [ -60.553671435182103, -31.725098489119983 ], [ -60.553387566773225, -31.724655067048708 ], [ -60.553390260927856, -31.724659275501065 ], [ -60.553606602098768, -31.72442258936232 ], [ -60.553929008935619, -31.724304905625029 ], [ -60.554564973365025, -31.724428642085165 ], [ -60.555111910558459, -31.724474183386203 ], [ -60.555389131805299, -31.724497266243748 ], [ -60.55534710665831, -31.724279279215519 ], [ -60.554525212158445, -31.724032354699027 ], [ -60.553665306420939, -31.723893349012137 ], [ -60.553542880731733, -31.723892997222237 ], [ -60.553454687463834, -31.72391129752198 ], [ -60.553405811893278, -31.723921439096305 ], [ -60.552986682622681, -31.724008404389242 ], [ -60.552986682879201, -31.724008404812871 ] ] ], [ [ [ -60.553614956155371, -31.726175417596881 ], [ -60.553998932659503, -31.726003113409739 ], [ -60.553970296190755, -31.725574258386651 ], [ -60.553922965864828, -31.725488550876015 ], [ -60.553627947493602, -31.725594013138814 ], [ -60.553568953891428, -31.725615101833156 ], [ -60.553531066408524, -31.725629650450543 ], [ -60.553450004847114, -31.725674679965199 ], [ -60.553308103037367, -31.725776985874571 ], [ -60.552899388732186, -31.726006522449968 ], [ -60.552695087748511, -31.726121713293104 ], [ -60.552902469443673, -31.726477781834589 ], [ -60.552979573270974, -31.726445222984179 ], [ -60.553614956155371, -31.726175417596881 ] ] ], [ [ [ -60.55552221002656, -31.726877203350782 ], [ -60.555902155506672, -31.726728930746823 ], [ -60.555672309477892, -31.725922192718759 ], [ -60.555254201070326, -31.726100150104372 ], [ -60.55552221002656, -31.726877203350782 ] ] ], [ [ [ -60.553795034444306, -31.726587955730757 ], [ -60.553990226405318, -31.726511853792609 ], [ -60.554100246692947, -31.726311718513411 ], [ -60.553998932659511, -31.726003113409739 ], [ -60.553614956539086, -31.726175419592654 ], [ -60.552979572504498, -31.726445223516656 ], [ -60.552902469882859, -31.72647778230111 ], [ -60.552929133516116, -31.726524310487829 ], [ -60.553028256595184, -31.726697259305869 ], [ -60.553029802519113, -31.726699949101715 ], [ -60.553057292182409, -31.726738155229448 ], [ -60.553104394084293, -31.726803634718589 ], [ -60.553134609473368, -31.726845628572505 ], [ -60.553148610934436, -31.726865090789303 ], [ -60.553795034444306, -31.726587955730757 ] ] ], [ [ [ -60.554927873654776, -31.727109138159992 ], [ -60.5550109902684, -31.727076702830534 ], [ -60.555369982337346, -31.726936609309014 ], [ -60.555118666414735, -31.726166177002892 ], [ -60.554588492978681, -31.726394564839943 ], [ -60.554840334865133, -31.726926694546162 ], [ -60.554882657297249, -31.727025956742967 ], [ -60.554927873654776, -31.727109138159992 ] ] ], [ [ [ -60.553148610934436, -31.726865090789303 ], [ -60.553186249639246, -31.726917409039956 ], [ -60.553225501440494, -31.726971969438182 ], [ -60.553236153304105, -31.726986775622297 ], [ -60.553271643152947, -31.727036106783142 ], [ -60.553300550132178, -31.72707629357507 ], [ -60.553339064352301, -31.727129821966383 ], [ -60.553361172269447, -31.727160551185847 ], [ -60.553409472727182, -31.727227687020797 ], [ -60.55345264978456, -31.727287710043047 ], [ -60.553479694974136, -31.72732529855681 ], [ -60.553499069210183, -31.727352224547847 ], [ -60.553501601403731, -31.727355748766424 ], [ -60.553515428553617, -31.727390274299601 ], [ -60.553517259599758, -31.727392998924611 ], [ -60.553666566629737, -31.72761548380754 ], [ -60.553966309830827, -31.727490773694051 ], [ -60.554059891222956, -31.727451831333568 ], [ -60.55421371992265, -31.727387826368705 ], [ -60.554289941836373, -31.727358085238169 ], [ -60.554299336058008, -31.727354419689775 ], [ -60.554382688782724, -31.727321888564134 ], [ -60.554573020309476, -31.727247614850217 ], [ -60.554597150209339, -31.727238198529289 ], [ -60.554850297984949, -31.727139411128874 ], [ -60.55470618622217, -31.726864446699285 ], [ -60.55455723766628, -31.726928730830991 ], [ -60.554199052580749, -31.726818344398811 ], [ -60.554048197017714, -31.7266218062787 ], [ -60.553990226405304, -31.726511853792633 ], [ -60.553148610934436, -31.726865090789303 ] ] ] ] } },
{ "type": "Feature", "properties": { "id": 2, "nombre": "MOSCONI VIEJO" }, "geometry": { "type": "MultiPolygon", "coordinates": [ [ [ [ -60.558485299358146, -31.724330053254345 ], [ -60.558485299358132, -31.724330053254356 ], [ -60.557211415056685, -31.724018711006213 ], [ -60.557182874160127, -31.7237031404578 ], [ -60.556499184717033, -31.723880728005401 ], [ -60.556500679211297, -31.723885599221894 ], [ -60.556478517661155, -31.7238133651426 ], [ -60.556318430668981, -31.723838416563439 ], [ -60.555425056189222, -31.723752496702105 ], [ -60.555733059013662, -31.725489249214128 ], [ -60.555869574476084, -31.726110853739083 ], [ -60.555869574476084, -31.726110853739083 ], [ -60.556020808710514, -31.726682630257873 ], [ -60.556388391548182, -31.726539182305853 ], [ -60.556407043534911, -31.726531903391557 ], [ -60.556636369381003, -31.726428200627936 ], [ -60.556524418075355, -31.726209206775177 ], [ -60.556606411979054, -31.726178234471497 ], [ -60.556707559897781, -31.726387351735635 ], [ -60.556915209196276, -31.726294015383626 ], [ -60.557014979950154, -31.72624919367248 ], [ -60.557121889641174, -31.726201164681282 ], [ -60.557190376912757, -31.726170505334327 ], [ -60.557200397619013, -31.7261662226209 ], [ -60.557200397366046, -31.726166221796422 ], [ -60.557534575906338, -31.726023397377666 ], [ -60.557574526627654, -31.726006324141732 ], [ -60.557739263903038, -31.725935916162097 ], [ -60.557757508043721, -31.725928973455563 ], [ -60.557872697687841, -31.725885117871609 ], [ -60.558068686820725, -31.72583926706362 ], [ -60.558052381936967, -31.72578239657237 ], [ -60.558025900022386, -31.725690068378075 ], [ -60.55801484801826, -31.725651532595698 ], [ -60.557897786987418, -31.725245567348871 ], [ -60.557646232176218, -31.725019476284423 ], [ -60.557675239173989, -31.725009194877586 ], [ -60.557737185483887, -31.724991554186992 ], [ -60.557761162260618, -31.724979986924563 ], [ -60.557993472645869, -31.725193914720929 ], [ -60.558177531464963, -31.725812483894629 ], [ -60.558460605892932, -31.725742839832918 ], [ -60.55862412066115, -31.72572734186523 ], [ -60.558672259864942, -31.725722784075217 ], [ -60.558768106640564, -31.725720836505108 ], [ -60.558991259486476, -31.725716298995778 ], [ -60.559056089325018, -31.725714987018986 ], [ -60.559071260053372, -31.725714676639477 ], [ -60.559327644084441, -31.725747178283939 ], [ -60.559343980306743, -31.725210848589185 ], [ -60.559339230941198, -31.725062682840736 ], [ -60.559103084077236, -31.725030886728529 ], [ -60.558767115744033, -31.724985651737533 ], [ -60.558575046847139, -31.724887848114108 ], [ -60.558555730603416, -31.724502747754673 ], [ -60.558485299358146, -31.724330053254345 ] ] ] ] } },
{ "type": "Feature", "properties": { "id": 65, "nombre": "SANTA LUCIA" }, "geometry": { "type": "MultiPolygon", "coordinates": [ [ [ [ -60.513744913281812, -31.770670916056897 ], [ -60.513686318778582, -31.770656259005801 ], [ -60.513619673149513, -31.770634788518979 ], [ -60.51352860655755, -31.770593364579806 ], [ -60.513324962171765, -31.770478461730349 ], [ -60.512947387665442, -31.77025392870026 ], [ -60.510877938933007, -31.773338167269486 ], [ -60.511301093516835, -31.773267109036286 ], [ -60.511356543897023, -31.773220878000046 ], [ -60.511590933273418, -31.773025458121293 ], [ -60.511772944292076, -31.773001797720845 ], [ -60.512052276503162, -31.772961783663934 ], [ -60.512272147507375, -31.772810118743891 ], [ -60.51236081195664, -31.772555184561543 ], [ -60.512396818461369, -31.772271146593958 ], [ -60.512436049754626, -31.772196038298631 ], [ -60.512454527058317, -31.772192218557674 ], [ -60.512532686612623, -31.77209673230189 ], [ -60.512661900320815, -31.772042249569893 ], [ -60.51267451632598, -31.772036549289052 ], [ -60.51267451632598, -31.772036549289052 ], [ -60.512740698338966, -31.772319506044848 ], [ -60.512794799531378, -31.772337671772156 ], [ -60.513440217318326, -31.771936831882986 ], [ -60.513305521313313, -31.771771883259209 ], [ -60.513490699203203, -31.771664843304389 ], [ -60.512973153114629, -31.771397206167268 ], [ -60.512997772416583, -31.771370694620298 ], [ -60.513059693661724, -31.771262907932194 ], [ -60.513805687406183, -31.771639423948017 ], [ -60.514344790305792, -31.770816712840549 ], [ -60.514200638593174, -31.770742968733476 ], [ -60.513887368273494, -31.770706550156103 ], [ -60.513744913281812, -31.770670916056897 ] ] ] ] } },
{ "type": "Feature", "properties": { "id": 126, "nombre": "Soldado Bordon y Tibiletti" }, "geometry": { "type": "MultiPolygon", "coordinates": [ [ [ [ -60.476155984567626, -31.768716715371365 ], [ -60.476252881253707, -31.769117437861055 ], [ -60.476098720689706, -31.769109911433301 ], [ -60.475830187332448, -31.769063087722241 ], [ -60.475663112817131, -31.769019851458562 ], [ -60.475485643189131, -31.768975609486088 ], [ -60.475135519085576, -31.768872486743586 ], [ -60.474738797463097, -31.768740296525099 ], [ -60.474361474540181, -31.768576704053093 ], [ -60.473930231703747, -31.768386159475227 ], [ -60.473684913099738, -31.768219985186306 ], [ -60.473410216856209, -31.768045565260742 ], [ -60.473071386621356, -31.767758599337881 ], [ -60.473259050613152, -31.767164744074531 ], [ -60.473527790954059, -31.767130327991293 ], [ -60.473710227570322, -31.768030351972698 ], [ -60.473847054233545, -31.768015222968106 ], [ -60.473957362203819, -31.768073292959425 ], [ -60.47412911715027, -31.7681958802827 ], [ -60.474389093849915, -31.768359910538852 ], [ -60.474714907101209, -31.768490277560936 ], [ -60.475106706241839, -31.768616220472328 ], [ -60.475741234623584, -31.768759530960448 ], [ -60.476155984567626, -31.768716715371365 ] ] ] ] } },
{ "type": "Feature", "properties": { "id": 122, "nombre": "VECINAL 9 DE JULIO" }, "geometry": { "type": "MultiPolygon", "coordinates": [ [ [ [ -60.477181791660087, -31.761077605408495 ], [ -60.476957540414297, -31.76111070113112 ], [ -60.476897369622257, -31.761238158205561 ], [ -60.476740168987718, -31.761258458549058 ], [ -60.476809553753561, -31.761700822219531 ], [ -60.476989908862656, -31.761696563070178 ], [ -60.47714602525464, -31.761464810799325 ], [ -60.477220711831158, -31.761305043286342 ], [ -60.477207235742526, -31.761131270023029 ], [ -60.477181791660087, -31.761077605408495 ] ] ] ] } },
{ "type": "Feature", "properties": { "id": 112, "nombre": "LAS FLORES" }, "geometry": { "type": "MultiPolygon", "coordinates": [ [ [ [ -60.542982791755257, -31.733920349845516 ], [ -60.543005349001817, -31.733909670805581 ], [ -60.543069381104139, -31.73386392255108 ], [ -60.543113285165191, -31.733832549844934 ], [ -60.543104281065233, -31.733812125461569 ], [ -60.543132118299781, -31.733777854156816 ], [ -60.543140068520827, -31.733735656969444 ], [ -60.543123459210008, -31.733666441657817 ], [ -60.543126553366598, -31.733652377804056 ], [ -60.543140214668369, -31.73359023691599 ], [ -60.543145436714923, -31.733566505286291 ], [ -60.543134214889086, -31.733562395214822 ], [ -60.543157883764067, -31.733502430613878 ], [ -60.543168747907124, -31.733478133834836 ], [ -60.543067766334374, -31.733429729495775 ], [ -60.543059476304279, -31.733423172366361 ], [ -60.54299746959758, -31.733359460006515 ], [ -60.542989594560055, -31.733333592706845 ], [ -60.542963225307098, -31.733299308858694 ], [ -60.54294592590437, -31.733289498384522 ], [ -60.542914142460525, -31.73326952273748 ], [ -60.542892465812699, -31.733258224828067 ], [ -60.542884241821675, -31.733253940042882 ], [ -60.542858477612974, -31.733247403217231 ], [ -60.542840811579488, -31.733241670607718 ], [ -60.542778426271859, -31.733230618198348 ], [ -60.542728266005575, -31.733198816470793 ], [ -60.542691748053613, -31.733152256641795 ], [ -60.542672716073881, -31.733118554741608 ], [ -60.542669564675812, -31.733102894176536 ], [ -60.542666769438028, -31.733083164795538 ], [ -60.542665464759217, -31.733065710723924 ], [ -60.542666216667229, -31.733051692925695 ], [ -60.542679479606242, -31.733038839343656 ], [ -60.54268719994753, -31.733027326046283 ], [ -60.542700058043472, -31.733010190444812 ], [ -60.542710285257257, -31.732992470829739 ], [ -60.542714385086896, -31.73297895282461 ], [ -60.542710595861884, -31.732951625163583 ], [ -60.542727759232491, -31.732920014728556 ], [ -60.542746077033144, -31.732874655330171 ], [ -60.542760392279853, -31.732843210331378 ], [ -60.542650643283082, -31.732784020902301 ], [ -60.542552080036195, -31.732743009954842 ], [ -60.542491255166745, -31.732709945856566 ], [ -60.542437024939396, -31.732684050348848 ], [ -60.542372187930951, -31.732659624860847 ], [ -60.542249869615532, -31.732842813052351 ], [ -60.542199073317107, -31.732910497772338 ], [ -60.542128511335335, -31.733323683984025 ], [ -60.542264951385867, -31.733448388710741 ], [ -60.542268782785449, -31.733452178175547 ], [ -60.542275278935179, -31.733456930290171 ], [ -60.54235659265585, -31.73351650256815 ], [ -60.542413207862673, -31.733551406355492 ], [ -60.542467938566695, -31.733585235929649 ], [ -60.542546714456769, -31.733638424838229 ], [ -60.542649714726252, -31.733701872705868 ], [ -60.542652595256278, -31.733703646085278 ], [ -60.542764042313287, -31.733786032611487 ], [ -60.542831815678866, -31.733836129789658 ], [ -60.54296893279372, -31.733919678396013 ], [ -60.542982791755257, -31.733920349845516 ] ] ], [ [ [ -60.543008884502214, -31.73291035809574 ], [ -60.54298122744833, -31.732903116904321 ], [ -60.542884797875502, -31.732920428152646 ], [ -60.542815454319971, -31.732957446425306 ], [ -60.542749482596726, -31.732997264043579 ], [ -60.542704803175049, -31.733036774526756 ], [ -60.542719013127929, -31.733059665854221 ], [ -60.542733849079461, -31.733084953409318 ], [ -60.542737270237708, -31.733090773747517 ], [ -60.542761964821203, -31.733132856675251 ], [ -60.542779508356588, -31.733144731349352 ], [ -60.542841370674438, -31.733181921314678 ], [ -60.542878144406792, -31.733205178298522 ], [ -60.542904388209237, -31.7332217757757 ], [ -60.542913125945326, -31.733227302910727 ], [ -60.542931505132707, -31.733241329401945 ], [ -60.542994783068259, -31.733289632950459 ], [ -60.543002572812426, -31.73328459455119 ], [ -60.54301830246262, -31.733303881027055 ], [ -60.543045444093273, -31.73334265426999 ], [ -60.543050831395846, -31.733350349534994 ], [ -60.543084839529911, -31.733380858179242 ], [ -60.543211727738033, -31.733449353314228 ], [ -60.543259779587068, -31.733398266691271 ], [ -60.543293106040679, -31.733360770421029 ], [ -60.543309187417613, -31.733342674087805 ], [ -60.543364476886801, -31.733273330384176 ], [ -60.543412287285747, -31.733218871850774 ], [ -60.543429563965773, -31.733194051697016 ], [ -60.543415168547263, -31.733153881984119 ], [ -60.543390109813593, -31.733129007847843 ], [ -60.54337538684009, -31.73311949307335 ], [ -60.543368500896968, -31.73311304721695 ], [ -60.543319387073879, -31.733067109425896 ], [ -60.543315941566895, -31.733064355463906 ], [ -60.543252568307473, -31.733013714230268 ], [ -60.543220252078051, -31.732987890469865 ], [ -60.54321245985512, -31.732981646872201 ], [ -60.543172141649954, -31.732949325396529 ], [ -60.543161787302147, -31.732946904965353 ], [ -60.543116193011294, -31.732936246837479 ], [ -60.543076402508547, -31.732981715815935 ], [ -60.543008884502214, -31.73291035809574 ] ] ] ] } },
{ "type": "Feature", "properties": { "id": 118, "nombre": "VILLA MABEL" }, "geometry": { "type": "MultiPolygon", "coordinates": [ [ [ [ -60.517269375194275, -31.756767244150865 ], [ -60.517089484117477, -31.756978923440293 ], [ -60.517253501695485, -31.757081435262776 ], [ -60.518212421392086, -31.756938298063094 ], [ -60.517815492811692, -31.756680189776475 ], [ -60.517784438848295, -31.756714008672851 ], [ -60.517728464958594, -31.756783858075938 ], [ -60.517695392010729, -31.75682247521436 ], [ -60.517592099425116, -31.756756768338903 ], [ -60.517714773157856, -31.756614692732793 ], [ -60.517616045178194, -31.756550495182143 ], [ -60.517546304344677, -31.756636795862732 ], [ -60.517376621034302, -31.756827592841105 ], [ -60.517269375194275, -31.756767244150865 ] ] ], [ [ [ -60.517063901258197, -31.756645130564021 ], [ -60.517163336596717, -31.756707512976661 ], [ -60.51719072037983, -31.75667607194605 ], [ -60.517229907069208, -31.75663182197794 ], [ -60.517411049471932, -31.756421372922286 ], [ -60.517154799356383, -31.756265484390099 ], [ -60.517009855966009, -31.756171460755407 ], [ -60.516756778075809, -31.756455676573022 ], [ -60.516806783260421, -31.756487859648427 ], [ -60.516882346062033, -31.756536501293816 ], [ -60.516885408196011, -31.756532926608298 ], [ -60.516962861888906, -31.756580878756626 ], [ -60.517063901258197, -31.756645130564021 ] ] ], [ [ [ -60.51738888931299, -31.755564149313162 ], [ -60.517283225272259, -31.755497839935398 ], [ -60.517037467414738, -31.755343614091441 ], [ -60.516811307414756, -31.755371135916889 ], [ -60.516512861441733, -31.755690016549892 ], [ -60.516650415374933, -31.755779626393139 ], [ -60.516991207879791, -31.755989063193088 ], [ -60.517093251564745, -31.7560517675931 ], [ -60.517416243312894, -31.756250257512995 ], [ -60.517512496483555, -31.756309404065792 ], [ -60.518128491668961, -31.756691419131936 ], [ -60.518312763017896, -31.75647914550991 ], [ -60.518501146168411, -31.756262133976705 ], [ -60.517818438466144, -31.755833710618976 ], [ -60.517644608620905, -31.755724624982783 ], [ -60.517518804454511, -31.75564567719606 ], [ -60.517490969910618, -31.755628209729498 ], [ -60.517397628871272, -31.755569633807198 ], [ -60.51738888931299, -31.755564149313162 ] ] ] ] } },
{ "type": "Feature", "properties": { "id": 131, "nombre": "CEMENTERIO" }, "geometry": { "type": "MultiPolygon", "coordinates": [ [ [ [ -60.542690023379521, -31.731891518321259 ], [ -60.542537859855727, -31.731775160157568 ], [ -60.541409769231116, -31.733031613418309 ], [ -60.541649902211837, -31.733092874616876 ], [ -60.541751274322372, -31.733142670758671 ], [ -60.542690023379521, -31.731891518321259 ] ] ] ] } },
{ "type": "Feature", "properties": { "id": 110, "nombre": "LAS FLORES" }, "geometry": { "type": "MultiPolygon", "coordinates": [ [ [ [ -60.545458025367168, -31.731727000728252 ], [ -60.545151856445194, -31.731533973830086 ], [ -60.544858990778643, -31.731872609585171 ], [ -60.545164735453625, -31.732065494303331 ], [ -60.545458025367168, -31.731727000728252 ] ] ], [ [ [ -60.54444121370679, -31.731602432983784 ], [ -60.544334543603242, -31.731565983564447 ], [ -60.544194904754391, -31.731484883861484 ], [ -60.544488008066786, -31.731131854490528 ], [ -60.544719234805449, -31.731256899424633 ], [ -60.544879330867012, -31.731343807751106 ], [ -60.544972722590174, -31.731231912654028 ], [ -60.545198717221865, -31.731233668469603 ], [ -60.545231511250343, -31.731135197613341 ], [ -60.545345873420331, -31.731004708973416 ], [ -60.545823844293274, -31.731301630439024 ], [ -60.545823844293302, -31.731301630439038 ], [ -60.545849789271728, -31.731272285960003 ], [ -60.545878195728562, -31.731240157454565 ], [ -60.545918062176632, -31.731195067327327 ], [ -60.545864679050275, -31.731157084984822 ], [ -60.545808742400659, -31.731117300855104 ], [ -60.545771433617993, -31.731090757120764 ], [ -60.545737286749308, -31.731066458945314 ], [ -60.545724821529618, -31.731057597626229 ], [ -60.545699836011082, -31.731039821105956 ], [ -60.545473339953297, -31.730868449809268 ], [ -60.545505353888487, -31.730807410629438 ], [ -60.545552281296061, -31.730717936608251 ], [ -60.545590693551532, -31.730644714107271 ], [ -60.54562244805053, -31.730584181932674 ], [ -60.545578035837352, -31.730555440999012 ], [ -60.545543686095044, -31.730533222380249 ], [ -60.545488868135706, -31.730484378837222 ], [ -60.545446978800328, -31.730444985343333 ], [ -60.545459313732266, -31.730434864161705 ], [ -60.545461181815917, -31.730432425056307 ], [ -60.545426393452331, -31.730411147414486 ], [ -60.54541511954411, -31.730420997442806 ], [ -60.545366067134815, -31.7303800653698 ], [ -60.545360516694657, -31.730385437031515 ], [ -60.545297870960276, -31.730338647017923 ], [ -60.545227393859328, -31.730286109674765 ], [ -60.545147544763594, -31.730233215565221 ], [ -60.545194594902398, -31.730164690896078 ], [ -60.545196635074568, -31.73016171511464 ], [ -60.54528566014735, -31.730060770070384 ], [ -60.545259447649386, -31.730046028891479 ], [ -60.545139394654996, -31.729979440891427 ], [ -60.54500020668673, -31.729902646562866 ], [ -60.544860285410195, -31.729901218226438 ], [ -60.544742978445129, -31.729900201932153 ], [ -60.544593097474312, -31.730057589414198 ], [ -60.544507815930821, -31.730145630687435 ], [ -60.544469760197252, -31.730226659005364 ], [ -60.544142658487353, -31.730502668537522 ], [ -60.543416083961986, -31.731104609033149 ], [ -60.543224539524338, -31.731361350386791 ], [ -60.543422952955574, -31.73154374510047 ], [ -60.543366162046375, -31.731582103307083 ], [ -60.543186760818848, -31.731403734279517 ], [ -60.5431487330614, -31.731461848597394 ], [ -60.543066073467024, -31.731572046548624 ], [ -60.542999119847103, -31.731661305791278 ], [ -60.542985416401514, -31.731694479748093 ], [ -60.542889662639382, -31.731864815985649 ], [ -60.542810600316798, -31.732005457439364 ], [ -60.542721099454937, -31.732141595881636 ], [ -60.542465586200478, -31.732529569810563 ], [ -60.542411015466811, -31.732639005894477 ], [ -60.542856747373932, -31.732827612990995 ], [ -60.542899937559064, -31.73284941589656 ], [ -60.5429705703732, -31.732865977838276 ], [ -60.54302483462061, -31.732876985387204 ], [ -60.54304210605671, -31.732880488907373 ], [ -60.543114393205279, -31.732892918390949 ], [ -60.543187278771448, -31.732903230963771 ], [ -60.543242273079777, -31.732862900766829 ], [ -60.543190460228061, -31.732804664307633 ], [ -60.543169811594289, -31.732781457772091 ], [ -60.543158138283147, -31.73276833163256 ], [ -60.543144500000423, -31.73275300435682 ], [ -60.543130914849556, -31.732737739982046 ], [ -60.543077044234444, -31.732663179916493 ], [ -60.543061023081776, -31.732640936651297 ], [ -60.543068201869026, -31.732636090237509 ], [ -60.543126945853203, -31.732596411474667 ], [ -60.543138652493568, -31.732584007340268 ], [ -60.54314662464823, -31.732569692881768 ], [ -60.543150615265532, -31.732554160795971 ], [ -60.543150405869234, -31.732538261433156 ], [ -60.543146007925507, -31.73252286525079 ], [ -60.543137662214626, -31.732508815157921 ], [ -60.54309685680586, -31.732454436717632 ], [ -60.543079894525697, -31.73243184574627 ], [ -60.543053254604672, -31.732396345579257 ], [ -60.542977316562649, -31.732353768557537 ], [ -60.543043277533364, -31.732292769418098 ], [ -60.543050941893085, -31.732285681592856 ], [ -60.543085257674456, -31.732330829409211 ], [ -60.543171686862507, -31.732281050546582 ], [ -60.543224523410807, -31.732334714666163 ], [ -60.543382765776059, -31.732209768902745 ], [ -60.543340678285254, -31.732171967489947 ], [ -60.543534328768104, -31.732045093424453 ], [ -60.543706594797065, -31.731879673645295 ], [ -60.543615178031416, -31.731802911130732 ], [ -60.54358765401274, -31.731776839074278 ], [ -60.543514821729524, -31.731707852249066 ], [ -60.54350042400884, -31.731694214693647 ], [ -60.54348540998167, -31.731679993562647 ], [ -60.543459210820814, -31.731658486781345 ], [ -60.543504810252514, -31.731619818941962 ], [ -60.543594811181499, -31.731704778377381 ], [ -60.543594811181514, -31.731704778377381 ], [ -60.543822502915958, -31.731491677403522 ], [ -60.544127963973168, -31.731738995832369 ], [ -60.544204639269324, -31.731775948034379 ], [ -60.544517016257096, -31.732018145740593 ], [ -60.544275813516073, -31.732239396238608 ], [ -60.544368623527973, -31.732303463854894 ], [ -60.544705041990525, -31.732561151893307 ], [ -60.544734875266251, -31.732561601572165 ], [ -60.544902647831414, -31.732367973856221 ], [ -60.544885094316271, -31.73238823256218 ], [ -60.544553442952534, -31.732165110219697 ], [ -60.544652957399727, -31.732050198129322 ], [ -60.544651507372308, -31.731913746095813 ], [ -60.544345550058239, -31.73172132611225 ], [ -60.54444121370679, -31.731602432983784 ] ] ] ] } },
{ "type": "Feature", "properties": { "id": 114, "nombre": "VILLA 351" }, "geometry": { "type": "MultiPolygon", "coordinates": [ [ [ [ -60.524277291553922, -31.755823216561762 ], [ -60.524240428256391, -31.755889119066705 ], [ -60.524238244838266, -31.755942152904201 ], [ -60.524189017965476, -31.756016590241554 ], [ -60.523660725864374, -31.756095118485174 ], [ -60.523625723420821, -31.756050721468 ], [ -60.523926038871764, -31.755601957076205 ], [ -60.524277291553922, -31.755823216561762 ] ] ] ] } },
{ "type": "Feature", "properties": { "id": 115, "nombre": "VILLA 351" }, "geometry": { "type": "MultiPolygon", "coordinates": [ [ [ [ -60.523032526645565, -31.755392274865265 ], [ -60.522925661694039, -31.755387640313558 ], [ -60.52287456347586, -31.755363988285666 ], [ -60.523426202479172, -31.754565079034354 ], [ -60.523763704281201, -31.754785439356461 ], [ -60.523405630884376, -31.755270913710081 ], [ -60.523684834085948, -31.755614712849745 ], [ -60.523700050011897, -31.755671917153041 ], [ -60.523506061469647, -31.755960010455961 ], [ -60.523162659855224, -31.755806257577408 ], [ -60.522955464588478, -31.756143684780941 ], [ -60.522634432654435, -31.755988079020739 ], [ -60.522976415320393, -31.755477774736406 ], [ -60.523297709479934, -31.755632902680922 ], [ -60.523352638873575, -31.755547248667053 ], [ -60.523032526645565, -31.755392274865265 ] ] ] ] } },
{ "type": "Feature", "properties": { "id": 117, "nombre": "VILLA MABEL" }, "geometry": { "type": "MultiPolygon", "coordinates": [ [ [ [ -60.51932783096192, -31.758084504202358 ], [ -60.519597236203957, -31.757778759047028 ], [ -60.518624437313782, -31.757147700121596 ], [ -60.517591648214236, -31.757303691909964 ], [ -60.517823673169289, -31.757438102028733 ], [ -60.518734519757743, -31.757965760404051 ], [ -60.518734558715366, -31.757965762498696 ], [ -60.519009552452665, -31.758130474305286 ], [ -60.51915938351128, -31.758108477717439 ], [ -60.51932783096192, -31.758084504202358 ] ] ] ] } },
{ "type": "Feature", "properties": { "id": 68, "nombre": "FRANCISCO RAMIREZ" }, "geometry": { "type": "MultiPolygon", "coordinates": [ [ [ [ -60.543424018881481, -31.72206886259778 ], [ -60.54365528207056, -31.722150151809068 ], [ -60.543791149954835, -31.722282367440755 ], [ -60.543832104799776, -31.72235532628012 ], [ -60.543843643476585, -31.722403391229939 ], [ -60.543460607645088, -31.722621134683553 ], [ -60.543540459469916, -31.722730417235567 ], [ -60.543740461591526, -31.723049042417397 ], [ -60.54380888502525, -31.723198866757535 ], [ -60.544172577944785, -31.723208381029821 ], [ -60.544203605109182, -31.723123567645597 ], [ -60.544143467739808, -31.72285053587796 ], [ -60.544069326757509, -31.722492882891089 ], [ -60.544090515639986, -31.722265693559926 ], [ -60.543994984035798, -31.722100588491621 ], [ -60.544196790676381, -31.721957309212772 ], [ -60.544394116122632, -31.721817897886034 ], [ -60.544483479980485, -31.721698193080936 ], [ -60.544594841275973, -31.721489864155959 ], [ -60.544557646658589, -31.721289868057681 ], [ -60.544471301329551, -31.721155517155733 ], [ -60.544178311557282, -31.721106729404283 ], [ -60.54388135845938, -31.721150337118218 ], [ -60.543764200836712, -31.721137364921173 ], [ -60.543603579248916, -31.72100717934736 ], [ -60.543334806934496, -31.720863982575146 ], [ -60.542967788024598, -31.720861697138865 ], [ -60.542698212077575, -31.720966771653792 ], [ -60.542847855167018, -31.721145119314588 ], [ -60.542983790550622, -31.721289364104603 ], [ -60.543165051479193, -31.721483935526184 ], [ -60.543320196025341, -31.721640126642438 ], [ -60.543233003675844, -31.72174634941906 ], [ -60.543287612989928, -31.721844269632051 ], [ -60.543324052943461, -31.721915323317486 ], [ -60.543424018881481, -31.72206886259778 ] ] ], [ [ [ -60.545977056240893, -31.721980379012475 ], [ -60.545977610333338, -31.721924675402708 ], [ -60.545811734750487, -31.721686532866741 ], [ -60.545662705487096, -31.721711692044288 ], [ -60.545569288557857, -31.721773753214908 ], [ -60.545331452896988, -31.721811767640354 ], [ -60.545172931769365, -31.72184327632618 ], [ -60.545050623431329, -31.721899294533486 ], [ -60.544972174512864, -31.722053783300225 ], [ -60.544972715686647, -31.72214627301371 ], [ -60.544879261786178, -31.722202167703657 ], [ -60.544785807773003, -31.722258062325867 ], [ -60.544779351410483, -31.722387578751899 ], [ -60.545106424271616, -31.722805477763487 ], [ -60.545299463638948, -31.722508677723461 ], [ -60.545500076658698, -31.722273506325539 ], [ -60.545701230566486, -31.722130824317141 ], [ -60.545924097302127, -31.722000381281397 ], [ -60.545977056240893, -31.721980379012475 ] ] ], [ [ [ -60.543812233741107, -31.723772373331649 ], [ -60.543890046312896, -31.723987592813568 ], [ -60.543930799684617, -31.724025910259464 ], [ -60.544325886891393, -31.723820219811572 ], [ -60.544487145765359, -31.723673264087008 ], [ -60.544531794777576, -31.723607638112352 ], [ -60.544477441876388, -31.723553982410628 ], [ -60.544279370612507, -31.723566375646659 ], [ -60.543812233741107, -31.723772373331649 ] ] ], [ [ [ -60.542730500867549, -31.724347344488429 ], [ -60.542625551117368, -31.724146946925718 ], [ -60.542473427753364, -31.72393011833859 ], [ -60.542407230704434, -31.72395759887733 ], [ -60.541996741250472, -31.724158765055325 ], [ -60.541910532626851, -31.724036219580803 ], [ -60.541729653126893, -31.72411564699733 ], [ -60.541488873037544, -31.724234712034526 ], [ -60.541387084591996, -31.724270685940326 ], [ -60.541362954283272, -31.72424165893672 ], [ -60.541306899559828, -31.724173248796916 ], [ -60.541259035829448, -31.724110846191483 ], [ -60.541268307109682, -31.724106676391536 ], [ -60.541218510218918, -31.724038347624333 ], [ -60.541067313781802, -31.72412561006772 ], [ -60.540352512128827, -31.7232307226698 ], [ -60.540363105153588, -31.723312792060106 ], [ -60.54038499114354, -31.723421688827315 ], [ -60.540398994310827, -31.723492485757404 ], [ -60.540416484988945, -31.723522893860302 ], [ -60.540438367629939, -31.723562311745837 ], [ -60.540450661913162, -31.723555990855036 ], [ -60.540492084077265, -31.72361760041084 ], [ -60.540576441600308, -31.723756090260107 ], [ -60.540682976420896, -31.723896172431804 ], [ -60.540731098583436, -31.723955922748466 ], [ -60.540723480027829, -31.723961257893254 ], [ -60.540739932601333, -31.723989109121359 ], [ -60.540755792296942, -31.724020245565658 ], [ -60.540803077550336, -31.724044872673058 ], [ -60.540840960523674, -31.724072912541232 ], [ -60.540854250158503, -31.724104799386435 ], [ -60.540917081372633, -31.724179617621846 ], [ -60.541145502872332, -31.724400656669168 ], [ -60.54131836130874, -31.724446229294237 ], [ -60.541684426955122, -31.724326595893508 ], [ -60.541754515629236, -31.72448152887252 ], [ -60.541854670255795, -31.724404864493771 ], [ -60.541920863241209, -31.724539319286968 ], [ -60.541987933453797, -31.724518150260046 ], [ -60.542013221295029, -31.724506715612982 ], [ -60.542088455771896, -31.724487610345268 ], [ -60.5421367134199, -31.724470739091931 ], [ -60.542188186709694, -31.724458886418788 ], [ -60.54239190361406, -31.724421901047389 ], [ -60.542494077915791, -31.724395618188396 ], [ -60.542730500867549, -31.724347344488429 ] ] ] ] } },
{ "type": "Feature", "properties": { "id": 120, "nombre": "INTRUSOS TRAZA CIRCUNVALACION" }, "geometry": { "type": "MultiPolygon", "coordinates": [ [ [ [ -60.487721443042396, -31.774911067897083 ], [ -60.486514451053424, -31.775096290900478 ], [ -60.486562973764613, -31.775317904893029 ], [ -60.486303207133382, -31.775357766674716 ], [ -60.486355090729219, -31.775594732204503 ], [ -60.487816254999323, -31.775368918388054 ], [ -60.487721443042396, -31.774911067897083 ] ] ] ] } },
{ "type": "Feature", "properties": { "id": 121, "nombre": "INTRUSOS TRAZA CIRCUNVALACION" }, "geometry": { "type": "MultiPolygon", "coordinates": [ [ [ [ -60.4891416466591, -31.774705831840997 ], [ -60.487996303791945, -31.774882857445242 ], [ -60.488091427552256, -31.775326389250512 ], [ -60.489235863772947, -31.775149504776063 ], [ -60.4891416466591, -31.774705831840997 ] ] ] ] } },
{ "type": "Feature", "properties": { "id": 123, "nombre": "INTRUSOS TRAZA CIRCUNVALACION" }, "geometry": { "type": "MultiPolygon", "coordinates": [ [ [ [ -60.490307485542964, -31.774523207108057 ], [ -60.489400001748599, -31.774669131299127 ], [ -60.489500732275808, -31.775164192304796 ], [ -60.489656497934654, -31.77513948816749 ], [ -60.490417043825673, -31.775017555977275 ], [ -60.490307485542964, -31.774523207108057 ] ] ] ] } },
{ "type": "Feature", "properties": { "id": 124, "nombre": "INTRUSOS TRAZA CIRCUNVALACION" }, "geometry": { "type": "MultiPolygon", "coordinates": [ [ [ [ -60.490820155888208, -31.774863373651634 ], [ -60.490820995700147, -31.774863258236856 ], [ -60.490838981629373, -31.774945650698609 ], [ -60.491106428508331, -31.774907137112677 ], [ -60.491007287247207, -31.774412748692189 ], [ -60.49083311235114, -31.774438843666754 ], [ -60.490731145634932, -31.774454355267125 ], [ -60.490468172710187, -31.774494355417616 ], [ -60.490540385960884, -31.774901821920135 ], [ -60.490692986597644, -31.774880850374242 ], [ -60.490819775007573, -31.774861559906174 ], [ -60.490820155888208, -31.774863373651634 ] ] ] ] } },
{ "type": "Feature", "properties": { "id": 125, "nombre": "Soldado Bordon y Hernandarias" }, "geometry": { "type": "MultiPolygon", "coordinates": [ [ [ [ -60.474719449823127, -31.764605892573055 ], [ -60.474947566253206, -31.765168181857785 ], [ -60.474224980573688, -31.76528026070142 ], [ -60.474114015695491, -31.764907948260436 ], [ -60.474352221534261, -31.764659928271424 ], [ -60.474719449823127, -31.764605892573055 ] ] ] ] } },
{ "type": "Feature", "properties": { "id": 109, "nombre": "Aº LOS BERROS" }, "geometry": { "type": "MultiPolygon", "coordinates": [ [ [ [ -60.5386246484506, -31.784343599573841 ], [ -60.53854527835545, -31.783986197604644 ], [ -60.533111314711391, -31.784825384815999 ], [ -60.533176044097601, -31.785155975539602 ], [ -60.5386246484506, -31.784343599573841 ] ] ] ] } },
{ "type": "Feature", "properties": { "id": 12, "nombre": "PUERTO VIEJO-NUEVO PARQUE" }, "geometry": { "type": "MultiPolygon", "coordinates": [ [ [ [ -60.542838960734819, -31.715189266574345 ], [ -60.542742095615438, -31.715033086716186 ], [ -60.542720213186136, -31.714872329341127 ], [ -60.542820253004095, -31.71474746383014 ], [ -60.542674975528662, -31.714544741520253 ], [ -60.542020046632487, -31.715051810706161 ], [ -60.541792275119001, -31.715250715246288 ], [ -60.541757893309864, -31.715227275421672 ], [ -60.541757757091105, -31.715227374271556 ], [ -60.541550581957019, -31.715087282663998 ], [ -60.541599375244765, -31.715022240544723 ], [ -60.541610838636593, -31.715006959670976 ], [ -60.541651987990726, -31.714943360463035 ], [ -60.541721307278792, -31.714836222424992 ], [ -60.541756102680566, -31.714800364065326 ], [ -60.541817317511295, -31.714737279105069 ], [ -60.541962128691324, -31.714617827798801 ], [ -60.54208362586224, -31.714540402128883 ], [ -60.542065911554232, -31.714522124941467 ], [ -60.542838725267394, -31.713872864941766 ], [ -60.542756070810285, -31.713810214077018 ], [ -60.542761554793493, -31.713805980639677 ], [ -60.542813373610791, -31.713765978350022 ], [ -60.543016003366077, -31.713609554833344 ], [ -60.543054326545679, -31.713579970502291 ], [ -60.543194933964202, -31.713722228692831 ], [ -60.54326068027531, -31.713682652484238 ], [ -60.543326805449212, -31.713647856358858 ], [ -60.543376297932816, -31.713621812582165 ], [ -60.54344429302634, -31.713586032366226 ], [ -60.543538073302024, -31.713536683428995 ], [ -60.543398913388096, -31.713350004083466 ], [ -60.543495556087549, -31.713289246093588 ], [ -60.543551050059321, -31.713254357697117 ], [ -60.54367253332385, -31.713177982446449 ], [ -60.543755507593538, -31.713125817257765 ], [ -60.543833086472311, -31.713077044002226 ], [ -60.543952615802425, -31.713001896622863 ], [ -60.543961521361908, -31.712996297741221 ], [ -60.544530882838153, -31.712638340291537 ], [ -60.544565547627037, -31.7126125360885 ], [ -60.544962988316776, -31.712316682597983 ], [ -60.54486333714749, -31.712193842400161 ], [ -60.544860050805312, -31.712189791312561 ], [ -60.544867475623171, -31.712184979781959 ], [ -60.54495162503207, -31.712130448082636 ], [ -60.545056814235451, -31.712062281708501 ], [ -60.544983150075318, -31.711943522013122 ], [ -60.54574714529911, -31.711489920376792 ], [ -60.545713829315076, -31.711445712671889 ], [ -60.545565931161271, -31.711534607535615 ], [ -60.544966067303491, -31.711915989613058 ], [ -60.544814535743093, -31.712026815348612 ], [ -60.544777127972793, -31.712054174598766 ], [ -60.544750527012837, -31.712073629960521 ], [ -60.544690260462104, -31.712117707550608 ], [ -60.544422842078752, -31.712313290454961 ], [ -60.544229529032073, -31.712461512953446 ], [ -60.544195033570915, -31.71248796262676 ], [ -60.544166834955398, -31.712509584124824 ], [ -60.54413889785458, -31.712531005088596 ], [ -60.544077427186473, -31.712578138089018 ], [ -60.543938559194643, -31.71268461566434 ], [ -60.543892325447175, -31.71272006548358 ], [ -60.543794422719927, -31.712795132453675 ], [ -60.543778876150782, -31.712807052776139 ], [ -60.543738470315795, -31.712838033902614 ], [ -60.543707026196664, -31.712862140287264 ], [ -60.543678380645908, -31.712884104676675 ], [ -60.543601254789976, -31.712943241956633 ], [ -60.543576197589232, -31.712962454873669 ], [ -60.543523855628735, -31.713002588674986 ], [ -60.543510370992571, -31.713012928166076 ], [ -60.543497368907381, -31.713022976010482 ], [ -60.543416519385694, -31.713085483278295 ], [ -60.543356613539558, -31.713131798255457 ], [ -60.543280258272013, -31.713190830658437 ], [ -60.543259136518643, -31.713207160458285 ], [ -60.543180032365342, -31.713268316840974 ], [ -60.543121748145111, -31.713313376997814 ], [ -60.54308275086801, -31.713343526172608 ], [ -60.543061345809683, -31.713360075143999 ], [ -60.543015753965179, -31.713395323702798 ], [ -60.542988824445175, -31.713416143782833 ], [ -60.54293416778183, -31.713458400565344 ], [ -60.542910958342667, -31.713476344492872 ], [ -60.542852408634424, -31.713521611014347 ], [ -60.54284808331181, -31.713525569009885 ], [ -60.542718274038307, -31.713644354035587 ], [ -60.54267815430395, -31.713681066453518 ], [ -60.542057326579524, -31.714249162817651 ], [ -60.542000796592916, -31.714300890813945 ], [ -60.541965567163253, -31.714333127606597 ], [ -60.541921671240466, -31.714373293723252 ], [ -60.541911166614859, -31.714382906924843 ], [ -60.541794614018038, -31.714489078747395 ], [ -60.541745846103971, -31.714533503036996 ], [ -60.541719391790792, -31.714557597195817 ], [ -60.541685499465778, -31.714588471266094 ], [ -60.541645162894909, -31.714625215656682 ], [ -60.541605617651086, -31.714661239151567 ], [ -60.541577354807124, -31.714686982765556 ], [ -60.541571514602097, -31.71469230239687 ], [ -60.541544005822281, -31.714717361931367 ], [ -60.541521179746184, -31.714738155672251 ], [ -60.541453746187152, -31.714799670965871 ], [ -60.541417338766024, -31.714839893863832 ], [ -60.541373873876275, -31.714887913790172 ], [ -60.541320718350647, -31.714946639825392 ], [ -60.541262747101499, -31.715010686145586 ], [ -60.541237444935291, -31.715038639805243 ], [ -60.541203899934715, -31.715086588877508 ], [ -60.541174006561498, -31.715129309817335 ], [ -60.541125568322343, -31.715198548418819 ], [ -60.541097875386548, -31.715238133208747 ], [ -60.541049096632264, -31.715307854704822 ], [ -60.541037826974666, -31.715323963958891 ], [ -60.540958577094038, -31.715437246405155 ], [ -60.540933837458049, -31.715472610007254 ], [ -60.540933837458063, -31.715472610007261 ], [ -60.540876421367557, -31.715554682224571 ], [ -60.540801742572967, -31.715661430125994 ], [ -60.540741662476108, -31.715747310043831 ], [ -60.540739851750679, -31.715749898334867 ], [ -60.540790244118213, -31.715853880647796 ], [ -60.540812885416443, -31.715900599832452 ], [ -60.540849316217908, -31.715975772856854 ], [ -60.541011047927704, -31.71592104378815 ], [ -60.541046299573928, -31.715870787814843 ], [ -60.541046299573928, -31.715870787814843 ], [ -60.541095816247491, -31.715809835281519 ], [ -60.541047445700855, -31.715742821253684 ], [ -60.541275196434384, -31.715591972952264 ], [ -60.541546697920417, -31.715412145634399 ], [ -60.541636735951187, -31.715352959605049 ], [ -60.541546697840111, -31.715412146127175 ], [ -60.541047445700855, -31.715742821253684 ], [ -60.541095816247491, -31.715809835281519 ], [ -60.541046299573928, -31.715870787814843 ], [ -60.541011047927704, -31.71592104378815 ], [ -60.540849316217908, -31.715975772856854 ], [ -60.541222518680847, -31.716430114743414 ], [ -60.54141214688039, -31.716248087362874 ], [ -60.542838960734819, -31.715189266574345 ] ] ], [ [ [ -60.542913375061303, -31.716114388027979 ], [ -60.542966170944453, -31.715796506276678 ], [ -60.542964568788555, -31.715521607110116 ], [ -60.54291629583647, -31.715313956923211 ], [ -60.542838961834455, -31.715189268335571 ], [ -60.541412147340914, -31.71624808712663 ], [ -60.541222518680847, -31.716430114743414 ], [ -60.541662585597848, -31.71706434323097 ], [ -60.541792401009317, -31.717556418408968 ], [ -60.541881154989113, -31.717726119907137 ], [ -60.541962017721829, -31.717852446053676 ], [ -60.542018456556235, -31.71793082316572 ], [ -60.542747937573523, -31.717540535621055 ], [ -60.542751616029477, -31.717551546761953 ], [ -60.542025088227788, -31.717929985286858 ], [ -60.542315049673057, -31.71839140405676 ], [ -60.542633760015732, -31.718069750493342 ], [ -60.542836144704317, -31.71779129780829 ], [ -60.542934881604133, -31.717588022308899 ], [ -60.542950684338706, -31.71744204172132 ], [ -60.542937302608237, -31.717289067695393 ], [ -60.542868533371838, -31.716919238997697 ], [ -60.54283775402935, -31.716753712168671 ], [ -60.542909369774613, -31.716117181306942 ], [ -60.542913375061303, -31.716114388027979 ] ], [ [ -60.542731106726031, -31.717490153894108 ], [ -60.542720073973285, -31.717473823514212 ], [ -60.542650306848358, -31.717290765180302 ], [ -60.542768181317292, -31.717223132430217 ], [ -60.5426659200185, -31.717295022413715 ], [ -60.542726053644664, -31.717475027908446 ], [ -60.542731106726031, -31.717490153894108 ] ], [ [ -60.542264091112543, -31.716568588751578 ], [ -60.542263284159091, -31.716567756301011 ], [ -60.542512532789928, -31.716393933180022 ], [ -60.542264091112543, -31.716568588751578 ] ] ] ] } },
{ "type": "Feature", "properties": { "id": 127, "nombre": "HERNANDARIAS Y BONELL" }, "geometry": { "type": "MultiPolygon", "coordinates": [ [ [ [ -60.464095744601529, -31.76630360804473 ], [ -60.466193454927549, -31.765982279698886 ], [ -60.466820206817232, -31.767922316271644 ], [ -60.466667773291704, -31.768439532985369 ], [ -60.466211034336006, -31.768560834239214 ], [ -60.465707964644729, -31.768355292065369 ], [ -60.465336325856931, -31.767501799632864 ], [ -60.464377080472765, -31.767644227896149 ], [ -60.464095744601529, -31.76630360804473 ] ] ] ] } },
{ "type": "Feature", "properties": { "id": 43, "nombre": "GAUCHO RIVERO" }, "geometry": { "type": "MultiPolygon", "coordinates": [ [ [ [ -60.551947942119888, -31.745729196325016 ], [ -60.551973481891068, -31.745855550413062 ], [ -60.5519572015344, -31.745857965710606 ], [ -60.551148303855229, -31.745973853909451 ], [ -60.551205994624226, -31.746307852517823 ], [ -60.551097275288853, -31.746324546781256 ], [ -60.551040769903196, -31.746333223357105 ], [ -60.551035605675722, -31.746313026485755 ], [ -60.550990594565391, -31.746311246094379 ], [ -60.550976031926041, -31.746311471392431 ], [ -60.550968492433142, -31.746312541105041 ], [ -60.55085935410245, -31.746327992473034 ], [ -60.550691249396067, -31.746351797093716 ], [ -60.550552005619487, -31.746371508716127 ], [ -60.550445366260227, -31.74638660623507 ], [ -60.550348765488827, -31.746400280497767 ], [ -60.550238372162582, -31.746415917122803 ], [ -60.550119654081186, -31.746432719123533 ], [ -60.549906674827561, -31.746462861481621 ], [ -60.54994701267514, -31.746718496947022 ], [ -60.549951672420733, -31.746748012024444 ], [ -60.549963650366493, -31.746824715743639 ], [ -60.549970727632676, -31.746827208815834 ], [ -60.550115166047938, -31.746802566493383 ], [ -60.55022444744386, -31.746783922115942 ], [ -60.550219375547776, -31.746758140569241 ], [ -60.550331489149535, -31.746742908523405 ], [ -60.550437499022436, -31.746728505650896 ], [ -60.550441979022708, -31.746746808994597 ], [ -60.550543239123449, -31.746729532845013 ], [ -60.550696747743373, -31.74670334232567 ], [ -60.550796170356811, -31.74668637945933 ], [ -60.550869660400451, -31.746673840992617 ], [ -60.550958882605499, -31.746658618329793 ], [ -60.551114122992011, -31.746632131802226 ], [ -60.551144180756438, -31.74679760134083 ], [ -60.551214810943002, -31.746784210167576 ], [ -60.551313714297201, -31.746765465975578 ], [ -60.551453561945891, -31.746738951049352 ], [ -60.551451353842509, -31.746726082362795 ], [ -60.551446730175641, -31.746699173498289 ], [ -60.551427022915966, -31.746584509107358 ], [ -60.551537835211988, -31.746569316139507 ], [ -60.551530037972903, -31.746527788449153 ], [ -60.551524393177509, -31.746497754629424 ], [ -60.551522035802343, -31.746485195896398 ], [ -60.551629918515189, -31.746465505807024 ], [ -60.551723262607602, -31.746448469137011 ], [ -60.551834304167258, -31.746428202321962 ], [ -60.551898397998542, -31.746416504150961 ], [ -60.551966477615004, -31.746404078470661 ], [ -60.552050873669515, -31.746387867583639 ], [ -60.552065101235307, -31.746384745331699 ], [ -60.55214457149534, -31.746367305479716 ], [ -60.552226362405015, -31.746349356299636 ], [ -60.552304716206194, -31.746332161344384 ], [ -60.552393861199562, -31.746312385425551 ], [ -60.55248022371628, -31.746293234757982 ], [ -60.55252280636217, -31.746285934628851 ], [ -60.552586105777742, -31.746275090611409 ], [ -60.552562930194334, -31.746164923414501 ], [ -60.552556631213214, -31.746134964624751 ], [ -60.552551679081816, -31.746111439115612 ], [ -60.552563335028694, -31.746108692078085 ], [ -60.552560067073756, -31.746091535258756 ], [ -60.552549239290215, -31.746034694286998 ], [ -60.552538008250252, -31.745975699670083 ], [ -60.55252113498684, -31.745887149238055 ], [ -60.552496832575045, -31.745759581438246 ], [ -60.552476407983256, -31.745652342278692 ], [ -60.552453020440517, -31.745529532202141 ], [ -60.552444033737373, -31.745482359953478 ], [ -60.552442806534295, -31.745474744744278 ], [ -60.552417133628587, -31.745471825865796 ], [ -60.552410161278445, -31.745438641404665 ], [ -60.552423769428962, -31.745085666211249 ], [ -60.552423549664773, -31.745077090685875 ], [ -60.552422496519839, -31.74506857288355 ], [ -60.55242062076173, -31.745060148831016 ], [ -60.552417922818861, -31.74505189067354 ], [ -60.552414424119156, -31.74504385242837 ], [ -60.552410146143799, -31.74503609713096 ], [ -60.552405131426951, -31.745028678707158 ], [ -60.552399411842437, -31.745021633092193 ], [ -60.552393019424585, -31.745015023275815 ], [ -60.552386007207026, -31.745008894119838 ], [ -60.552378417670212, -31.745003290531976 ], [ -60.55237030379412, -31.744998248355941 ], [ -60.552361718558672, -31.744993803435602 ], [ -60.552352746549921, -31.744989982459245 ], [ -60.55234341964124, -31.744986821362293 ], [ -60.552333811758395, -31.744984328842399 ], [ -60.55232400754069, -31.744982540606355 ], [ -60.552314059753819, -31.744981456425371 ], [ -60.55230403177017, -31.74498108504314 ], [ -60.552294008014897, -31.744981426093737 ], [ -60.551813772712727, -31.745050756616223 ], [ -60.551753627262869, -31.745059440216448 ], [ -60.550705382137579, -31.745210775820251 ], [ -60.550671305797721, -31.745214485340703 ], [ -60.55067552078637, -31.745234803572203 ], [ -60.550695944152352, -31.745333286201465 ], [ -60.550701712774092, -31.745361119045992 ], [ -60.550705492998532, -31.745379301798941 ], [ -60.550709925471814, -31.745400701294287 ], [ -60.550716356529563, -31.745431687707711 ], [ -60.550777833467706, -31.745728135695853 ], [ -60.550809794004913, -31.745882211827173 ], [ -60.550864197473395, -31.745876845199636 ], [ -60.550954631799385, -31.745864522912697 ], [ -60.551036260999382, -31.745853402008372 ], [ -60.551286146830876, -31.745819359017613 ], [ -60.551563660451912, -31.745781552532058 ], [ -60.551947942119888, -31.745729196325016 ] ] ], [ [ [ -60.551710541576611, -31.744880159389648 ], [ -60.552353453393835, -31.744774809891808 ], [ -60.552152205041182, -31.743406186903457 ], [ -60.552127915207116, -31.743403298552298 ], [ -60.551014947275888, -31.743623690510042 ], [ -60.549071508028526, -31.7442752495412 ], [ -60.549074882525531, -31.744280057879049 ], [ -60.549188914489719, -31.744442542249644 ], [ -60.549290599035317, -31.744587526377408 ], [ -60.549342982203392, -31.744662215272744 ], [ -60.549393728165036, -31.74473458545301 ], [ -60.549448273688107, -31.744812359276086 ], [ -60.549465249122335, -31.744836527489692 ], [ -60.549694871339682, -31.745163553723099 ], [ -60.549900374118458, -31.74512955330545 ], [ -60.549973033083056, -31.744853558777393 ], [ -60.55013634764169, -31.744823138392306 ], [ -60.550357266705447, -31.744780643428864 ], [ -60.550413247702657, -31.745042456363439 ], [ -60.551712204169299, -31.744883162524996 ], [ -60.551710541576611, -31.744880159389648 ] ] ], [ [ [ -60.551400768146856, -31.74156955514276 ], [ -60.550419853108835, -31.741889466116369 ], [ -60.550483676259688, -31.742154962223591 ], [ -60.550764281095582, -31.742040334602542 ], [ -60.550775365633278, -31.742065934980506 ], [ -60.550495660555534, -31.742181036713596 ], [ -60.551630951451656, -31.743114046535879 ], [ -60.551785697355285, -31.742985623947753 ], [ -60.551806006952518, -31.743002517620234 ], [ -60.551659222619584, -31.743136922322531 ], [ -60.551901139315177, -31.743305325033006 ], [ -60.552238902890778, -31.743194548414767 ], [ -60.552226103620761, -31.743120317872556 ], [ -60.552131279717791, -31.742570374010459 ], [ -60.551792868393115, -31.742111879867 ], [ -60.551400768146856, -31.74156955514276 ] ] ], [ [ [ -60.550973279703186, -31.74351703909177 ], [ -60.551697981137586, -31.743334024766796 ], [ -60.550996957245083, -31.742716050253183 ], [ -60.550598263939804, -31.742783138709985 ], [ -60.550609061334619, -31.742813709468848 ], [ -60.550973279703186, -31.74351703909177 ] ] ], [ [ [ -60.54969292904034, -31.743953962701205 ], [ -60.550815961397603, -31.743559753853631 ], [ -60.550644915481776, -31.743233675908957 ], [ -60.550603193345083, -31.743150760806863 ], [ -60.550602199753158, -31.743148708908588 ], [ -60.550565430769488, -31.743066403678345 ], [ -60.550564639232896, -31.743064612439902 ], [ -60.550461735419141, -31.74284172574394 ], [ -60.550415751283225, -31.742814319094727 ], [ -60.550331453270033, -31.74282341295919 ], [ -60.549266771871267, -31.742964707009545 ], [ -60.549239601285088, -31.743026176180862 ], [ -60.549327591738809, -31.743231370967049 ], [ -60.549328512018313, -31.743233522393627 ], [ -60.549497915779163, -31.743616488158647 ], [ -60.549498793108931, -31.743618513511681 ], [ -60.54950873527379, -31.743641909416866 ], [ -60.549536089910625, -31.743706327003348 ], [ -60.549633034492125, -31.743931783312433 ], [ -60.54969292904034, -31.743953962701205 ] ] ], [ [ [ -60.549133954690589, -31.744108494730288 ], [ -60.549468379962974, -31.744006615462546 ], [ -60.549476629016354, -31.744004208059334 ], [ -60.54904429284003, -31.7430154832889 ], [ -60.549016119273844, -31.743003565126937 ], [ -60.548433743275261, -31.743090205294489 ], [ -60.54912595356079, -31.744093901392546 ], [ -60.549133954690589, -31.744108494730288 ] ] ] ] } },
{ "type": "Feature", "properties": { "id": 129, "nombre": "ANACLETO MEDINA NORTE" }, "geometry": { "type": "MultiPolygon", "coordinates": [ [ [ [ -60.5535668814316, -31.741719681497568 ], [ -60.55342763542513, -31.741391892995257 ], [ -60.553159344043664, -31.741167499012231 ], [ -60.552949417349112, -31.740997088142358 ], [ -60.552239816273939, -31.740548019117323 ], [ -60.55282953135498, -31.741862800428894 ], [ -60.5535668814316, -31.741719681497568 ] ] ] ] } },
{ "type": "Feature", "properties": { "id": 128, "nombre": "ANACLETO MEDINA NORTE" }, "geometry": { "type": "MultiPolygon", "coordinates": [ [ [ [ -60.551472670644984, -31.741679618228847 ], [ -60.551474310595047, -31.741682128540923 ], [ -60.551529042561164, -31.741765908021222 ], [ -60.551789845451836, -31.742107822513962 ], [ -60.551792868393115, -31.742111879867 ], [ -60.552130602321476, -31.742565179287116 ], [ -60.552130105393381, -31.742553901118203 ], [ -60.552197313978048, -31.742545555885762 ], [ -60.552200512554478, -31.742544469777723 ], [ -60.552859258217012, -31.742320783975991 ], [ -60.552859149090033, -31.742320541980181 ], [ -60.552632937137815, -31.741818900005036 ], [ -60.552422363685785, -31.741351932224397 ], [ -60.552032795186356, -31.740488011340396 ], [ -60.551805175135385, -31.740553192838558 ], [ -60.551757610496864, -31.740428937963053 ], [ -60.551977833350918, -31.740366120374958 ], [ -60.551945214126093, -31.74029355810988 ], [ -60.551643643975922, -31.740375682868091 ], [ -60.551611603876736, -31.740289757325794 ], [ -60.551907110124027, -31.740209283931581 ], [ -60.551856361539478, -31.740096740032495 ], [ -60.551699790273808, -31.739748504132962 ], [ -60.550590384654726, -31.740128082876002 ], [ -60.550760022386498, -31.740481523350425 ], [ -60.550546080807635, -31.74055660918722 ], [ -60.550588331987385, -31.740644528991293 ], [ -60.550490160927978, -31.740678103238846 ], [ -60.550529701577851, -31.740746617783305 ], [ -60.550576845895222, -31.74082830752457 ], [ -60.550218081204406, -31.740953452728327 ], [ -60.55025640569287, -31.741135836698088 ], [ -60.550573641734296, -31.74103119930129 ], [ -60.550686764390406, -31.741281664307998 ], [ -60.550312957307256, -31.741404961094069 ], [ -60.55033214799986, -31.741496287617302 ], [ -60.550663469755534, -31.741387004339675 ], [ -60.550701787531864, -31.741471843389682 ], [ -60.550351303631601, -31.741587447099661 ], [ -60.55038808938324, -31.74176250579476 ], [ -60.550460661423315, -31.742060469233422 ], [ -60.550460937974279, -31.742060374062262 ], [ -60.550419853108835, -31.741889466116369 ], [ -60.551400768146856, -31.74156955514276 ], [ -60.551472670644984, -31.741679618228847 ] ], [ [ -60.550931747095682, -31.740421253777377 ], [ -60.550847108657486, -31.740224353816039 ], [ -60.551003334170446, -31.740169367114262 ], [ -60.551095224522612, -31.740363878435172 ], [ -60.550931747095682, -31.740421253777377 ] ] ] ] } },
{ "type": "Feature", "properties": { "id": 130, "nombre": "EL TRIANGULO" }, "geometry": { "type": "MultiPolygon", "coordinates": [ [ [ [ -60.493784757593168, -31.771557169310356 ], [ -60.494332677716898, -31.771471807701314 ], [ -60.494307113642058, -31.771345586884927 ], [ -60.494161198038121, -31.771308114957659 ], [ -60.493864028022585, -31.771170068827558 ], [ -60.493639776103485, -31.771084424798161 ], [ -60.493366868452647, -31.770964689977152 ], [ -60.493093398877605, -31.770846354588912 ], [ -60.492565254928969, -31.770614181670275 ], [ -60.492221001914281, -31.770473281874402 ], [ -60.491809451440304, -31.77033350109442 ], [ -60.491684758765309, -31.77069517439876 ], [ -60.492168606464169, -31.770862183757831 ], [ -60.493784757593168, -31.771557169310356 ] ] ], [ [ [ -60.495335765067956, -31.77156567614292 ], [ -60.494651441834662, -31.771661404356454 ], [ -60.494720507159485, -31.77195607203587 ], [ -60.494719391934474, -31.771965277103764 ], [ -60.494779210112959, -31.771991396334524 ], [ -60.494891399212882, -31.772047767247226 ], [ -60.495227239305784, -31.772179957981987 ], [ -60.496306974657713, -31.772623527220841 ], [ -60.496535482000894, -31.772551812472859 ], [ -60.496683819315002, -31.772365674624961 ], [ -60.496645833047367, -31.77218158782885 ], [ -60.495588058253553, -31.771746264954725 ], [ -60.495549971214963, -31.771699909007467 ], [ -60.495335765067956, -31.77156567614292 ] ] ] ] } },
{ "type": "Feature", "properties": { "id": 116, "nombre": "LONDERO AL FINAL" }, "geometry": { "type": "MultiPolygon", "coordinates": [ [ [ [ -60.450816758841491, -31.701686144353616 ], [ -60.450808374751652, -31.701686173991494 ], [ -60.450753895498309, -31.701689950597064 ], [ -60.45069524152359, -31.701697325967363 ], [ -60.450644936977461, -31.701697503738494 ], [ -60.450590457709993, -31.701701280274349 ], [ -60.450540170483727, -31.701705041977036 ], [ -60.450523177113233, -31.701658509568176 ], [ -60.450501974397, -31.701608407992353 ], [ -60.450472352985095, -31.70155116808208 ], [ -60.450442766247619, -31.701501096110185 ], [ -60.450409074095177, -31.701468958801794 ], [ -60.450396272867728, -31.701422411567638 ], [ -60.450383488969841, -31.701379448304895 ], [ -60.450412642695902, -31.701339920964024 ], [ -60.450387300035857, -31.701300586090525 ], [ -60.450357748055872, -31.701257682042218 ], [ -60.450324004079242, -31.701214792789269 ], [ -60.450281876089612, -31.701171933129654 ], [ -60.450256533530997, -31.701132598228192 ], [ -60.450210282829801, -31.701104089237621 ], [ -60.450172416192459, -31.701075550634847 ], [ -60.450130357561711, -31.70104702681682 ], [ -60.450092490971933, -31.701018488189639 ], [ -60.45004213487865, -31.701007913799078 ], [ -60.449995901605689, -31.700982988702556 ], [ -60.449949702956367, -31.700965231536117 ], [ -60.449903487026752, -31.700943890379115 ], [ -60.449848921687114, -31.700929746726587 ], [ -60.449798582961982, -31.70092275621267 ], [ -60.449748278827641, -31.700922933626256 ], [ -60.449697940113239, -31.700915943072513 ], [ -60.449647566830414, -31.700901784551277 ], [ -60.44959719356266, -31.700887626009973 ], [ -60.449546820309969, -31.700873467448606 ], [ -60.449500621798684, -31.700855710117899 ], [ -60.449450265857728, -31.700845135491903 ], [ -60.449387316627821, -31.70083102118781 ], [ -60.449332785981404, -31.700824045260763 ], [ -60.449286587534509, -31.700806287851762 ], [ -60.449240371832929, -31.70078494645178 ], [ -60.449198313615724, -31.700756422321199 ], [ -60.449156255424192, -31.700727898176378 ], [ -60.449114214525551, -31.700702957991471 ], [ -60.449067998914167, -31.700681616527817 ], [ -60.449017591323965, -31.700660289806748 ], [ -60.448971375755548, -31.700638948307539 ], [ -60.448925160208134, -31.700617606791326 ], [ -60.448874787200587, -31.700603447961598 ], [ -60.448820239467238, -31.700592887839207 ], [ -60.448769883742422, -31.700582312942103 ], [ -60.448719510776847, -31.700568154050572 ], [ -60.448669155076338, -31.700557579113401 ], [ -60.448618833883181, -31.700554172105196 ], [ -60.448564320698296, -31.700550779821747 ], [ -60.448509790273199, -31.700543803540402 ], [ -60.448459451850582, -31.700536812494622 ], [ -60.448409113435261, -31.700529821428887 ], [ -60.448358740551129, -31.700515662393965 ], [ -60.448308402154289, -31.700508671288283 ], [ -60.448258029296433, -31.70049451221329 ], [ -60.448203498925572, -31.700487535800388 ], [ -60.448153143324703, -31.700476960658399 ], [ -60.448102804963192, -31.700469969471186 ], [ -60.448052483835255, -31.70046656223883 ], [ -60.44799795349504, -31.700459585737725 ], [ -60.447943405940656, -31.700449025238353 ], [ -60.447893067608945, -31.700442033968041 ], [ -60.447842694848234, -31.700427874727925 ], [ -60.447788164545258, -31.700420898136706 ], [ -60.447733599822257, -31.700406753572132 ], [ -60.447687384668328, -31.70038541160288 ], [ -60.447637011968546, -31.700371252280814 ], [ -60.447586656492085, -31.700360676913775 ], [ -60.447532126246259, -31.700353700212467 ], [ -60.44748178799491, -31.700346708778952 ], [ -60.44743144975088, -31.70033971732547 ], [ -60.447376919528104, -31.700332740557563 ], [ -60.447326546902474, -31.700318581112043 ], [ -60.447276174291929, -31.700304421646472 ], [ -60.447209068146996, -31.700297488912199 ], [ -60.447150363171595, -31.700294110722169 ], [ -60.447095850184411, -31.700290717808961 ], [ -60.447032953232529, -31.700287354260926 ], [ -60.446982649421997, -31.700287530580464 ], [ -60.446928153626764, -31.70028772157093 ], [ -60.44687784981533, -31.700287897849133 ], [ -60.446814935693304, -31.700280950217955 ], [ -60.446756247916611, -31.700281155821802 ], [ -60.44670175212341, -31.700281346715474 ], [ -60.446647256329697, -31.700281537585862 ], [ -60.446584376567088, -31.700281757792002 ], [ -60.446529880772268, -31.700281948612243 ], [ -60.446475419307902, -31.700289307360563 ], [ -60.446420923507866, -31.700289498134293 ], [ -60.446370619691976, -31.700289674212438 ], [ -60.446316055253483, -31.70027552903834 ], [ -60.44627819013354, -31.700246989261434 ], [ -60.446240290723956, -31.700211281521277 ], [ -60.446223316930158, -31.700168332482061 ], [ -60.446218901928837, -31.700121755462987 ], [ -60.446235463963887, -31.700078689081895 ], [ -60.446252025983867, -31.700035622698511 ], [ -60.446285390190219, -31.699999665588084 ], [ -60.446335608050589, -31.699981569665429 ], [ -60.44638159959792, -31.699956320443956 ], [ -60.446431834579485, -31.699941808459556 ], [ -60.446486244347824, -31.699923697803687 ], [ -60.446540705598032, -31.699916339052304 ], [ -60.446599375976781, -31.699912549573934 ], [ -60.446662255490232, -31.699912329362693 ], [ -60.446720943035508, -31.699912123804225 ], [ -60.446775438612704, -31.699911932904332 ], [ -60.446829968547156, -31.699918909932574 ], [ -60.446880306521436, -31.69992590162645 ], [ -60.446930644503034, -31.699932893300357 ], [ -60.44698524319999, -31.699954206164485 ], [ -60.447035632764702, -31.699971949723494 ], [ -60.447098615449946, -31.699993233150042 ], [ -60.447153197028548, -31.700010961965862 ], [ -60.447203603848521, -31.700032289433256 ], [ -60.447254027886636, -31.700057200855834 ], [ -60.447300242779654, -31.700078542985654 ], [ -60.447354824445661, -31.700096271714116 ], [ -60.447421982060717, -31.700113956299102 ], [ -60.447476580973934, -31.700135268950234 ], [ -60.447547913410673, -31.700149354784347 ], [ -60.447598285977044, -31.700163514143338 ], [ -60.447648675769024, -31.700181257457405 ], [ -60.44769489081245, -31.700202599442395 ], [ -60.447749507053196, -31.700227495950418 ], [ -60.44779573935854, -31.700252421873319 ], [ -60.447846077580863, -31.7002594131833 ], [ -60.447900607793237, -31.700266389750727 ], [ -60.447955103568759, -31.700266198344863 ], [ -60.448009599343756, -31.700266006915697 ], [ -60.448064095118227, -31.700265815463254 ], [ -60.448118590892186, -31.70026562398753 ], [ -60.448168877452481, -31.700261863245167 ], [ -60.448227530740027, -31.700254489041718 ], [ -60.448281957566472, -31.700239961596953 ], [ -60.448332140684506, -31.700214696941543 ], [ -60.448382306536445, -31.700185848291738 ], [ -60.448432524079145, -31.700167751546719 ], [ -60.448482707117009, -31.700142486832515 ], [ -60.448524506176128, -31.700117251585144 ], [ -60.448562095992415, -31.700088447093801 ], [ -60.448591250099284, -31.700048920157908 ], [ -60.448628822619312, -31.700016531672251 ], [ -60.448683231992383, -31.699998420082789 ], [ -60.448737658596322, -31.699983892445008 ], [ -60.44878791046834, -31.699972963510593 ], [ -60.448833901336023, -31.699947713410872 ], [ -60.448884135918966, -31.699933200464052 ], [ -60.44893433596647, -31.699911519548191 ], [ -60.448988779741221, -31.699900575778535 ], [ -60.449043223502898, -31.699889631985737 ], [ -60.449097684517554, -31.699882272144421 ], [ -60.449156372024333, -31.69988206546542 ], [ -60.449210867565789, -31.69988187352503 ], [ -60.449277939000716, -31.699881637258724 ], [ -60.449340818470255, -31.699881415727038 ], [ -60.449395314009962, -31.69988122370783 ], [ -60.449445600305189, -31.699877462464212 ], [ -60.449495852033458, -31.699866533251949 ], [ -60.449550278429605, -31.699852005268937 ], [ -60.449600547416729, -31.699844659990028 ], [ -60.449655042932989, -31.699844467860039 ], [ -60.449713678542402, -31.699833509001749 ], [ -60.449763982089102, -31.699833331607252 ], [ -60.449818477597525, -31.699833139407485 ], [ -60.449872990401239, -31.699836531158695 ], [ -60.44992750320862, -31.699839922886564 ], [ -60.449977858656858, -31.699850497330321 ], [ -60.450032354173715, -31.699850305039067 ], [ -60.450095233615585, -31.699850083135626 ], [ -60.450153921094042, -31.699849875997767 ], [ -60.450212608571903, -31.699849668832897 ], [ -60.450271296049152, -31.699849461641037 ], [ -60.450325791563195, -31.699849269224412 ], [ -60.450376095114173, -31.699849091588398 ], [ -60.450434782589745, -31.699848884321305 ], [ -60.450485120778453, -31.699855874590209 ], [ -60.450523004330975, -31.699887997083184 ], [ -60.450552521300288, -31.699923733157995 ], [ -60.450816758841491, -31.701686144353616 ] ] ] ] } },
{ "type": "Feature", "properties": { "id": 132, "nombre": "CAMINO COSTERO" }, "geometry": { "type": "MultiPolygon", "coordinates": [ [ [ [ -60.492485764699509, -31.704750487916272 ], [ -60.49248161041703, -31.704757672005371 ], [ -60.492481875542879, -31.704807847298138 ], [ -60.492482121731769, -31.704854438641075 ], [ -60.49248236792122, -31.70490102998366 ], [ -60.492478421944831, -31.704947637515986 ], [ -60.492470264859008, -31.704990677288368 ], [ -60.492462107765938, -31.705033717059994 ], [ -60.492441355212613, -31.705073221448735 ], [ -60.492403777141909, -31.705102038737671 ], [ -60.492349354618085, -31.705116584962738 ], [ -60.492294856354476, -31.705116795367129 ], [ -60.492240339161775, -31.705113421798796 ], [ -60.492189900587157, -31.70508852832981 ], [ -60.492143673135907, -31.705067202611026 ], [ -60.492093291380215, -31.705053060951737 ], [ -60.492042852876956, -31.705028167423624 ], [ -60.492000779819676, -31.704999657577165 ], [ -60.491958725705672, -31.704974731666088 ], [ -60.491920844864801, -31.704946205619517 ], [ -60.491891272718178, -31.704903311421269 ], [ -60.491815719191074, -31.704885682722523 ], [ -60.491765356491932, -31.704875124881582 ], [ -60.491719129242242, -31.704853799006113 ], [ -60.491677075268605, -31.704828873000146 ], [ -60.491626655901094, -31.704807563254086 ], [ -60.491576255459151, -31.704789837437758 ], [ -60.491525817234582, -31.70476494370126 ], [ -60.491471167980379, -31.704736482151262 ], [ -60.491416575449009, -31.704718772427675 ], [ -60.491366193988746, -31.70470463047732 ], [ -60.491319985806285, -31.704686888404943 ], [ -60.491273739859182, -31.704661978415203 ], [ -60.491235840464057, -31.704629868210077 ], [ -60.491189575679783, -31.704601374238802 ], [ -60.491139137659054, -31.704576480346542 ], [ -60.491080334249631, -31.704555202672353 ], [ -60.491029915164191, -31.704533892686559 ], [ -60.490979477222005, -31.704508998730073 ], [ -60.490933231453127, -31.704484088614333 ], [ -60.490887004584842, -31.704462762431987 ], [ -60.490844932133491, -31.704434252195469 ], [ -60.49079866756469, -31.704405758079293 ], [ -60.490756614036862, -31.704380831763473 ], [ -60.490714560531416, -31.70435590543347 ], [ -60.490668314908547, -31.704330995219571 ], [ -60.49062626144898, -31.704306068859783 ], [ -60.490575823736535, -31.704281174740412 ], [ -60.490525386050848, -31.70425628060072 ], [ -60.490479178247703, -31.70423853821854 ], [ -60.490428759468742, -31.704217227990878 ], [ -60.490382532846546, -31.704195901622263 ], [ -60.49033207640344, -31.704167423453811 ], [ -60.490290023106674, -31.70414249698084 ], [ -60.490256316390294, -31.704110370358645 ], [ -60.490243494936941, -31.704063827343749 ], [ -60.490234865622689, -31.704017268211334 ], [ -60.490234639415725, -31.7039742607977 ], [ -60.490238586480686, -31.70392765331675 ], [ -60.490255109901568, -31.703880997486678 ], [ -60.490296899129731, -31.703855748657116 ], [ -60.490342918161907, -31.703837651597109 ], [ -60.490397359123435, -31.703826690181018 ], [ -60.49044762681369, -31.703819328815712 ], [ -60.490497932216897, -31.703819135332861 ], [ -60.490552429736468, -31.703818925704049 ], [ -60.490602754003262, -31.703822316130893 ], [ -60.490653097139969, -31.70382929048883 ], [ -60.490711881125492, -31.703846984417137 ], [ -60.490766510756067, -31.703871862353207 ], [ -60.490812718429716, -31.703889604633567 ], [ -60.492485764699509, -31.704750487916272 ] ] ] ] } },
{ "type": "Feature", "properties": { "id": 133, "nombre": "EL TREBOL" }, "geometry": { "type": "MultiPolygon", "coordinates": [ [ [ [ -60.461889, -31.756423 ], [ -60.462534, -31.75629 ], [ -60.461854, -31.754186 ], [ -60.461123, -31.753123 ], [ -60.460672, -31.753341 ], [ -60.461572, -31.754488 ], [ -60.461974, -31.755476 ], [ -60.461712, -31.755561 ], [ -60.461889, -31.756423 ] ] ] ] } },
{ "type": "Feature", "properties": { "id": 134, "nombre": "DIVISION LOS ANDES" }, "geometry": { "type": "MultiPolygon", "coordinates": [ [ [ [ -60.518007675427782, -31.764324110360974 ], [ -60.517742503177509, -31.764913172545718 ], [ -60.517536261548095, -31.765128770777427 ], [ -60.517271350861556, -31.76576578702889 ], [ -60.517115277563619, -31.76578727119659 ], [ -60.517034701800526, -31.765341397550827 ], [ -60.517335871377391, -31.764641682991176 ], [ -60.517672165642367, -31.764114884130723 ], [ -60.518007675427782, -31.764324110360974 ] ] ] ] } },
{ "type": "Feature", "properties": { "id": 135, "nombre": "DIVISION LOS ANDES" }, "geometry": { "type": "MultiPolygon", "coordinates": [ [ [ [ -60.516693841924848, -31.764608842865748 ], [ -60.516922574132415, -31.765804733721698 ], [ -60.51667724645241, -31.76601423401172 ], [ -60.516471835715073, -31.765062199077075 ], [ -60.516275340985679, -31.765275670715532 ], [ -60.516120356158453, -31.765493143974446 ], [ -60.515904983917686, -31.765823454331283 ], [ -60.515539595950727, -31.766387897141716 ], [ -60.514849846683724, -31.766113375105103 ], [ -60.516367539928531, -31.764299493421323 ], [ -60.516610643525858, -31.76412961867786 ], [ -60.516693841924848, -31.764608842865748 ] ] ] ] } },
{ "type": "Feature", "properties": { "id": 136, "nombre": "BARRIO PIROLA" }, "geometry": { "type": "MultiPolygon", "coordinates": [ [ [ [ -60.535935478981933, -31.741106836736503 ], [ -60.535685472979942, -31.741306928904837 ], [ -60.5357035802475, -31.741469204229535 ], [ -60.535746459513994, -31.741459851576757 ], [ -60.536221509302138, -31.741384474426255 ], [ -60.536213838993518, -31.741354335014005 ], [ -60.536195835655391, -31.741073408861769 ], [ -60.536133140601052, -31.740996624490261 ], [ -60.536092344781537, -31.740994961630239 ], [ -60.535935478981933, -31.741106836736503 ] ] ] ] } }
]
}
