{
"type": "FeatureCollection",
"name": "poblacion_por_manzana_2022",
"crs": { "type": "name", "properties": { "name": "urn:ogc:def:crs:OGC:1.3:CRS84" } },
"features": [
{ "type": "Feature", "properties": { "ogc_fid": 140386, "ncm": "0080690006", "pob2022": 9.0 }, "geometry": { "type": "Point", "coordinates": [ -60.49820827, -31.72979894 ] } },
{ "type": "Feature", "properties": { "ogc_fid": 140387, "ncm": "0080570006", "pob2022": 67.0 }, "geometry": { "type": "Point", "coordinates": [ -60.50546341, -31.73493213 ] } },
{ "type": "Feature", "properties": { "ogc_fid": 140388, "ncm": "0080680010", "pob2022": 63.0 }, "geometry": { "type": "Point", "coordinates": [ -60.49966677, -31.73490834 ] } },
{ "type": "Feature", "properties": { "ogc_fid": 140389, "ncm": "0080780001", "pob2022": 54.0 }, "geometry": { "type": "Point", "coordinates": [ -60.49837017, -31.73612092 ] } },
{ "type": "Feature", "properties": { "ogc_fid": 140390, "ncm": "0080690004", "pob2022": 10.0 }, "geometry": { "type": "Point", "coordinates": [ -60.4980773, -31.72921582 ] } },
{ "type": "Feature", "properties": { "ogc_fid": 140391, "ncm": "0080790008", "pob2022": 71.0 }, "geometry": { "type": "Point", "coordinates": [ -60.49500059, -31.7324534 ] } },
{ "type": "Feature", "properties": { "ogc_fid": 140392, "ncm": "0080790007", "pob2022": 74.0 }, "geometry": { "type": "Point", "coordinates": [ -60.49600652, -31.73229454 ] } },
{ "type": "Feature", "properties": { "ogc_fid": 140393, "ncm": "0080790024", "pob2022": 90.0 }, "geometry": { "type": "Point", "coordinates": [ -60.49831172, -31.73503406 ] } },
{ "type": "Feature", "properties": { "ogc_fid": 140394, "ncm": "0080790031", "pob2022": 56.0 }, "geometry": { "type": "Point", "coordinates": [ -60.49441619, -31.73473517 ] } },
{ "type": "Feature", "properties": { "ogc_fid": 140395, "ncm": "0080790009", "pob2022": 75.0 }, "geometry": { "type": "Point", "coordinates": [ -60.49395656, -31.73261753 ] } },
{ "type": "Feature", "properties": { "ogc_fid": 140396, "ncm": "0080400017", "pob2022": 148.0 }, "geometry": { "type": "Point", "coordinates": [ -60.51154958, -31.73660697 ] } },
{ "type": "Feature", "properties": { "ogc_fid": 140397, "ncm": "0080780021", "pob2022": 126.0 }, "geometry": { "type": "Point", "coordinates": [ -60.49546849, -31.74020119 ] } },
{ "type": "Feature", "properties": { "ogc_fid": 140399, "ncm": "0080790006", "pob2022": 80.0 }, "geometry": { "type": "Point", "coordinates": [ -60.49725535, -31.73210131 ] } },
{ "type": "Feature", "properties": { "ogc_fid": 140400, "ncm": "0080790005", "pob2022": 53.0 }, "geometry": { "type": "Point", "coordinates": [ -60.49264671, -31.73202839 ] } },
{ "type": "Feature", "properties": { "ogc_fid": 140401, "ncm": "0080790004", "pob2022": 90.0 }, "geometry": { "type": "Point", "coordinates": [ -60.49379011, -31.73184914 ] } },
{ "type": "Feature", "properties": { "ogc_fid": 140402, "ncm": "0080790032", "pob2022": 42.0 }, "geometry": { "type": "Point", "coordinates": [ -60.49326599, -31.7349134 ] } },
{ "type": "Feature", "properties": { "ogc_fid": 140403, "ncm": "0080790030", "pob2022": 98.0 }, "geometry": { "type": "Point", "coordinates": [ -60.4934619, -31.73580178 ] } },
{ "type": "Feature", "properties": { "ogc_fid": 140404, "ncm": "0080790003", "pob2022": 55.0 }, "geometry": { "type": "Point", "coordinates": [ -60.49483184, -31.73168522 ] } },
{ "type": "Feature", "properties": { "ogc_fid": 140405, "ncm": "0080790001", "pob2022": 72.0 }, "geometry": { "type": "Point", "coordinates": [ -60.49709161, -31.73133331 ] } },
{ "type": "Feature", "properties": { "ogc_fid": 140406, "ncm": "0080790029", "pob2022": 94.0 }, "geometry": { "type": "Point", "coordinates": [ -60.49460691, -31.73562378 ] } },
{ "type": "Feature", "properties": { "ogc_fid": 140407, "ncm": "0080790028", "pob2022": 144.0 }, "geometry": { "type": "Point", "coordinates": [ -60.49582958, -31.73543394 ] } },
{ "type": "Feature", "properties": { "ogc_fid": 140408, "ncm": "0080680011", "pob2022": 75.0 }, "geometry": { "type": "Point", "coordinates": [ -60.4989958, -31.73495193 ] } },
{ "type": "Feature", "properties": { "ogc_fid": 140409, "ncm": "0080790027", "pob2022": 72.0 }, "geometry": { "type": "Point", "coordinates": [ -60.49669342, -31.7352898 ] } },
{ "type": "Feature", "properties": { "ogc_fid": 140410, "ncm": "0080790026", "pob2022": 81.0 }, "geometry": { "type": "Point", "coordinates": [ -60.49723508, -31.73520593 ] } },
{ "type": "Feature", "properties": { "ogc_fid": 140411, "ncm": "0080790025", "pob2022": 100.0 }, "geometry": { "type": "Point", "coordinates": [ -60.4977741, -31.73512013 ] } },
{ "type": "Feature", "properties": { "ogc_fid": 139474, "ncm": "0050330012", "pob2022": 61.0 }, "geometry": { "type": "Point", "coordinates": [ -60.54481237, -31.74782741 ] } },
{ "type": "Feature", "properties": { "ogc_fid": 138640, "ncm": "0070590007", "pob2022": 14.0 }, "geometry": { "type": "Point", "coordinates": [ -60.51772663, -31.77008206 ] } },
{ "type": "Feature", "properties": { "ogc_fid": 138641, "ncm": "0070880004", "pob2022": 187.0 }, "geometry": { "type": "Point", "coordinates": [ -60.51428985, -31.77459478 ] } },
{ "type": "Feature", "properties": { "ogc_fid": 138642, "ncm": "0070540012", "pob2022": 24.0 }, "geometry": { "type": "Point", "coordinates": [ -60.51313831, -31.75012849 ] } },
{ "type": "Feature", "properties": { "ogc_fid": 140412, "ncm": "0080790023", "pob2022": 53.0 }, "geometry": { "type": "Point", "coordinates": [ -60.49616581, -31.73443496 ] } },
{ "type": "Feature", "properties": { "ogc_fid": 140413, "ncm": "0080790022", "pob2022": 0.0 }, "geometry": { "type": "Point", "coordinates": [ -60.49702139, -31.73431509 ] } },
{ "type": "Feature", "properties": { "ogc_fid": 140414, "ncm": "0080790021", "pob2022": 74.0 }, "geometry": { "type": "Point", "coordinates": [ -60.49783402, -31.73417051 ] } },
{ "type": "Feature", "properties": { "ogc_fid": 139484, "ncm": "0050320017", "pob2022": 37.0 }, "geometry": { "type": "Point", "coordinates": [ -60.54624245, -31.74612668 ] } },
{ "type": "Feature", "properties": { "ogc_fid": 139485, "ncm": "0050330023", "pob2022": 25.0 }, "geometry": { "type": "Point", "coordinates": [ -60.53762496, -31.74580152 ] } },
{ "type": "Feature", "properties": { "ogc_fid": 139473, "ncm": "0050320016", "pob2022": 11.0 }, "geometry": { "type": "Point", "coordinates": [ -60.54661037, -31.74790505 ] } },
{ "type": "Feature", "properties": { "ogc_fid": 139486, "ncm": "0050250023", "pob2022": 295.0 }, "geometry": { "type": "Point", "coordinates": [ -60.54518817, -31.73770621 ] } },
{ "type": "Feature", "properties": { "ogc_fid": 139489, "ncm": "0050280010", "pob2022": 105.0 }, "geometry": { "type": "Point", "coordinates": [ -60.54309269, -31.74189145 ] } },
{ "type": "Feature", "properties": { "ogc_fid": 139491, "ncm": "0050290015", "pob2022": 186.0 }, "geometry": { "type": "Point", "coordinates": [ -60.53663182, -31.74290774 ] } },
{ "type": "Feature", "properties": { "ogc_fid": 139492, "ncm": "0050330006", "pob2022": 44.0 }, "geometry": { "type": "Point", "coordinates": [ -60.54127758, -31.74663926 ] } },
{ "type": "Feature", "properties": { "ogc_fid": 139493, "ncm": "0050250004", "pob2022": 234.0 }, "geometry": { "type": "Point", "coordinates": [ -60.54332546, -31.73522424 ] } },
{ "type": "Feature", "properties": { "ogc_fid": 139495, "ncm": "0050330011", "pob2022": 129.0 }, "geometry": { "type": "Point", "coordinates": [ -60.54239586, -31.74755654 ] } },
{ "type": "Feature", "properties": { "ogc_fid": 139496, "ncm": "0050330010", "pob2022": 180.0 }, "geometry": { "type": "Point", "coordinates": [ -60.54355146, -31.74705872 ] } },
{ "type": "Feature", "properties": { "ogc_fid": 140415, "ncm": "0080790020", "pob2022": 61.0 }, "geometry": { "type": "Point", "coordinates": [ -60.49313678, -31.73431059 ] } },
{ "type": "Feature", "properties": { "ogc_fid": 140416, "ncm": "0080790002", "pob2022": 71.0 }, "geometry": { "type": "Point", "coordinates": [ -60.49583964, -31.73152653 ] } },
{ "type": "Feature", "properties": { "ogc_fid": 140417, "ncm": "0080790019", "pob2022": 58.0 }, "geometry": { "type": "Point", "coordinates": [ -60.49428438, -31.73413307 ] } },
{ "type": "Feature", "properties": { "ogc_fid": 140418, "ncm": "0080790018", "pob2022": 66.0 }, "geometry": { "type": "Point", "coordinates": [ -60.49521781, -31.73423704 ] } },
{ "type": "Feature", "properties": { "ogc_fid": 140419, "ncm": "0080790017", "pob2022": 69.0 }, "geometry": { "type": "Point", "coordinates": [ -60.49604808, -31.73389235 ] } },
{ "type": "Feature", "properties": { "ogc_fid": 140420, "ncm": "0080790016", "pob2022": 119.0 }, "geometry": { "type": "Point", "coordinates": [ -60.49745728, -31.73366889 ] } },
{ "type": "Feature", "properties": { "ogc_fid": 140421, "ncm": "0080790015", "pob2022": 52.0 }, "geometry": { "type": "Point", "coordinates": [ -60.49297647, -31.73356751 ] } },
{ "type": "Feature", "properties": { "ogc_fid": 138643, "ncm": "0070090008", "pob2022": 14.0 }, "geometry": { "type": "Point", "coordinates": [ -60.51336121, -31.75859044 ] } },
{ "type": "Feature", "properties": { "ogc_fid": 140422, "ncm": "0080790014", "pob2022": 67.0 }, "geometry": { "type": "Point", "coordinates": [ -60.49412322, -31.7333881 ] } },
{ "type": "Feature", "properties": { "ogc_fid": 140423, "ncm": "0080790013", "pob2022": 29.0 }, "geometry": { "type": "Point", "coordinates": [ -60.49516855, -31.73322238 ] } },
{ "type": "Feature", "properties": { "ogc_fid": 140424, "ncm": "0080790012", "pob2022": 85.0 }, "geometry": { "type": "Point", "coordinates": [ -60.49617378, -31.73309733 ] } },
{ "type": "Feature", "properties": { "ogc_fid": 140425, "ncm": "0080790011", "pob2022": 65.0 }, "geometry": { "type": "Point", "coordinates": [ -60.49741466, -31.73291473 ] } },
{ "type": "Feature", "properties": { "ogc_fid": 140426, "ncm": "0080690009", "pob2022": 116.0 }, "geometry": { "type": "Point", "coordinates": [ -60.50159861, -31.72742853 ] } },
{ "type": "Feature", "properties": { "ogc_fid": 140427, "ncm": "0080790010", "pob2022": 44.0 }, "geometry": { "type": "Point", "coordinates": [ -60.49281226, -31.73279857 ] } },
{ "type": "Feature", "properties": { "ogc_fid": 140428, "ncm": "0080780009", "pob2022": 56.0 }, "geometry": { "type": "Point", "coordinates": [ -60.49850839, -31.73676034 ] } },
{ "type": "Feature", "properties": { "ogc_fid": 140429, "ncm": "0080780008", "pob2022": 35.0 }, "geometry": { "type": "Point", "coordinates": [ -60.4943047, -31.73743008 ] } },
{ "type": "Feature", "properties": { "ogc_fid": 140430, "ncm": "0080780007", "pob2022": 93.0 }, "geometry": { "type": "Point", "coordinates": [ -60.49375754, -31.73706403 ] } },
{ "type": "Feature", "properties": { "ogc_fid": 140431, "ncm": "0080780006", "pob2022": 66.0 }, "geometry": { "type": "Point", "coordinates": [ -60.49491973, -31.73699864 ] } },
{ "type": "Feature", "properties": { "ogc_fid": 140432, "ncm": "0080780005", "pob2022": 74.0 }, "geometry": { "type": "Point", "coordinates": [ -60.49559716, -31.73689111 ] } },
{ "type": "Feature", "properties": { "ogc_fid": 140433, "ncm": "0080780004", "pob2022": 85.0 }, "geometry": { "type": "Point", "coordinates": [ -60.49630026, -31.73678341 ] } },
{ "type": "Feature", "properties": { "ogc_fid": 140434, "ncm": "0080780003", "pob2022": 88.0 }, "geometry": { "type": "Point", "coordinates": [ -60.49699092, -31.73667855 ] } },
{ "type": "Feature", "properties": { "ogc_fid": 140435, "ncm": "0080780020", "pob2022": 82.0 }, "geometry": { "type": "Point", "coordinates": [ -60.49897789, -31.74014413 ] } },
{ "type": "Feature", "properties": { "ogc_fid": 140436, "ncm": "0080780002", "pob2022": 98.0 }, "geometry": { "type": "Point", "coordinates": [ -60.49766447, -31.7365654 ] } },
{ "type": "Feature", "properties": { "ogc_fid": 138644, "ncm": "0070090007", "pob2022": 40.0 }, "geometry": { "type": "Point", "coordinates": [ -60.5139835, -31.75894945 ] } },
{ "type": "Feature", "properties": { "ogc_fid": 140437, "ncm": "0080780019", "pob2022": 125.0 }, "geometry": { "type": "Point", "coordinates": [ -60.49885125, -31.73920075 ] } },
{ "type": "Feature", "properties": { "ogc_fid": 140438, "ncm": "0080680003", "pob2022": 17.0 }, "geometry": { "type": "Point", "coordinates": [ -60.49880177, -31.73260014 ] } },
{ "type": "Feature", "properties": { "ogc_fid": 140439, "ncm": "0080680028", "pob2022": 4.0 }, "geometry": { "type": "Point", "coordinates": [ -60.50074611, -31.73509777 ] } },
{ "type": "Feature", "properties": { "ogc_fid": 140440, "ncm": "0080680026", "pob2022": 14.0 }, "geometry": { "type": "Point", "coordinates": [ -60.50227156, -31.73463275 ] } },
{ "type": "Feature", "properties": { "ogc_fid": 140441, "ncm": "0080680004", "pob2022": 22.0 }, "geometry": { "type": "Point", "coordinates": [ -60.5002954, -31.73348603 ] } },
{ "type": "Feature", "properties": { "ogc_fid": 140442, "ncm": "0080690012", "pob2022": 102.0 }, "geometry": { "type": "Point", "coordinates": [ -60.50214014, -31.7290301 ] } },
{ "type": "Feature", "properties": { "ogc_fid": 139497, "ncm": "0050250015", "pob2022": 244.0 }, "geometry": { "type": "Point", "coordinates": [ -60.54069234, -31.7371679 ] } },
{ "type": "Feature", "properties": { "ogc_fid": 140443, "ncm": "0080690011", "pob2022": 69.0 }, "geometry": { "type": "Point", "coordinates": [ -60.50237081, -31.72842639 ] } },
{ "type": "Feature", "properties": { "ogc_fid": 140444, "ncm": "0080690010", "pob2022": 71.0 }, "geometry": { "type": "Point", "coordinates": [ -60.50233743, -31.72788833 ] } },
{ "type": "Feature", "properties": { "ogc_fid": 140445, "ncm": "0080680009", "pob2022": 26.0 }, "geometry": { "type": "Point", "coordinates": [ -60.50015212, -31.73465297 ] } },
{ "type": "Feature", "properties": { "ogc_fid": 138645, "ncm": "0070090003", "pob2022": 143.0 }, "geometry": { "type": "Point", "coordinates": [ -60.5144815, -31.75838288 ] } },
{ "type": "Feature", "properties": { "ogc_fid": 140446, "ncm": "0080680008", "pob2022": 20.0 }, "geometry": { "type": "Point", "coordinates": [ -60.50051966, -31.73447546 ] } },
{ "type": "Feature", "properties": { "ogc_fid": 140447, "ncm": "0080680007", "pob2022": 66.0 }, "geometry": { "type": "Point", "coordinates": [ -60.49874308, -31.73379753 ] } },
{ "type": "Feature", "properties": { "ogc_fid": 140448, "ncm": "0080680006", "pob2022": 61.0 }, "geometry": { "type": "Point", "coordinates": [ -60.49940238, -31.73369481 ] } },
{ "type": "Feature", "properties": { "ogc_fid": 140449, "ncm": "0080680005", "pob2022": 34.0 }, "geometry": { "type": "Point", "coordinates": [ -60.49992018, -31.73363621 ] } },
{ "type": "Feature", "properties": { "ogc_fid": 139499, "ncm": "0050330008", "pob2022": null }, "geometry": { "type": "Point", "coordinates": [ -60.54172389, -31.74706206 ] } },
{ "type": "Feature", "properties": { "ogc_fid": 139500, "ncm": "0050330007", "pob2022": 140.0 }, "geometry": { "type": "Point", "coordinates": [ -60.54287437, -31.74645121 ] } },
{ "type": "Feature", "properties": { "ogc_fid": 139502, "ncm": "0050330005", "pob2022": 60.0 }, "geometry": { "type": "Point", "coordinates": [ -60.54242471, -31.74598351 ] } },
{ "type": "Feature", "properties": { "ogc_fid": 139503, "ncm": "0050330004", "pob2022": 63.0 }, "geometry": { "type": "Point", "coordinates": [ -60.54075784, -31.74615204 ] } },
{ "type": "Feature", "properties": { "ogc_fid": 139504, "ncm": "0050330003", "pob2022": 69.0 }, "geometry": { "type": "Point", "coordinates": [ -60.54195823, -31.74546445 ] } },
{ "type": "Feature", "properties": { "ogc_fid": 139505, "ncm": "0050330022", "pob2022": 97.0 }, "geometry": { "type": "Point", "coordinates": [ -60.53704301, -31.74511911 ] } },
{ "type": "Feature", "properties": { "ogc_fid": 139506, "ncm": "0050330021", "pob2022": 3.0 }, "geometry": { "type": "Point", "coordinates": [ -60.53846401, -31.74531685 ] } },
{ "type": "Feature", "properties": { "ogc_fid": 140450, "ncm": "0080680025", "pob2022": 29.0 }, "geometry": { "type": "Point", "coordinates": [ -60.50218398, -31.73370438 ] } },
{ "type": "Feature", "properties": { "ogc_fid": 139507, "ncm": "0050330002", "pob2022": 80.0 }, "geometry": { "type": "Point", "coordinates": [ -60.54014046, -31.74563427 ] } },
{ "type": "Feature", "properties": { "ogc_fid": 139509, "ncm": "0050330013", "pob2022": 114.0 }, "geometry": { "type": "Point", "coordinates": [ -60.54373573, -31.7481743 ] } },
{ "type": "Feature", "properties": { "ogc_fid": 139510, "ncm": "0050330001", "pob2022": 209.0 }, "geometry": { "type": "Point", "coordinates": [ -60.54149362, -31.74497889 ] } },
{ "type": "Feature", "properties": { "ogc_fid": 139511, "ncm": "0050320009", "pob2022": 39.0 }, "geometry": { "type": "Point", "coordinates": [ -60.5447974, -31.74554315 ] } },
{ "type": "Feature", "properties": { "ogc_fid": 139512, "ncm": "0050320008", "pob2022": 56.0 }, "geometry": { "type": "Point", "coordinates": [ -60.54592501, -31.74534453 ] } },
{ "type": "Feature", "properties": { "ogc_fid": 139513, "ncm": "0050320007", "pob2022": 41.0 }, "geometry": { "type": "Point", "coordinates": [ -60.54736847, -31.74511967 ] } },
{ "type": "Feature", "properties": { "ogc_fid": 139514, "ncm": "0050320005", "pob2022": 188.0 }, "geometry": { "type": "Point", "coordinates": [ -60.54317539, -31.74492616 ] } },
{ "type": "Feature", "properties": { "ogc_fid": 138646, "ncm": "0070880005", "pob2022": 88.0 }, "geometry": { "type": "Point", "coordinates": [ -60.51438721, -31.77325983 ] } },
{ "type": "Feature", "properties": { "ogc_fid": 139515, "ncm": "0050320021", "pob2022": 51.0 }, "geometry": { "type": "Point", "coordinates": [ -60.54520673, -31.74659997 ] } },
{ "type": "Feature", "properties": { "ogc_fid": 139516, "ncm": "0050320019", "pob2022": 13.0 }, "geometry": { "type": "Point", "coordinates": [ -60.54544444, -31.74764957 ] } },
{ "type": "Feature", "properties": { "ogc_fid": 139517, "ncm": "0050320018", "pob2022": 47.0 }, "geometry": { "type": "Point", "coordinates": [ -60.5445028, -31.74658634 ] } },
{ "type": "Feature", "properties": { "ogc_fid": 139518, "ncm": "0050320015", "pob2022": 18.0 }, "geometry": { "type": "Point", "coordinates": [ -60.54796474, -31.74767974 ] } },
{ "type": "Feature", "properties": { "ogc_fid": 139519, "ncm": "0050320014", "pob2022": 21.0 }, "geometry": { "type": "Point", "coordinates": [ -60.54649032, -31.74730703 ] } },
{ "type": "Feature", "properties": { "ogc_fid": 139520, "ncm": "0050320013", "pob2022": 30.0 }, "geometry": { "type": "Point", "coordinates": [ -60.5478333, -31.74708956 ] } },
{ "type": "Feature", "properties": { "ogc_fid": 139521, "ncm": "0050320012", "pob2022": 42.0 }, "geometry": { "type": "Point", "coordinates": [ -60.5463683, -31.74671791 ] } },
{ "type": "Feature", "properties": { "ogc_fid": 139522, "ncm": "0050320011", "pob2022": 38.0 }, "geometry": { "type": "Point", "coordinates": [ -60.54770033, -31.74649787 ] } },
{ "type": "Feature", "properties": { "ogc_fid": 139523, "ncm": "0050320010", "pob2022": 68.0 }, "geometry": { "type": "Point", "coordinates": [ -60.5475772, -31.74591243 ] } },
{ "type": "Feature", "properties": { "ogc_fid": 139524, "ncm": "0050320001", "pob2022": 431.0 }, "geometry": { "type": "Point", "coordinates": [ -60.54562878, -31.74418014 ] } },
{ "type": "Feature", "properties": { "ogc_fid": 140451, "ncm": "0080680002", "pob2022": 25.0 }, "geometry": { "type": "Point", "coordinates": [ -60.49854774, -31.73140692 ] } },
{ "type": "Feature", "properties": { "ogc_fid": 138647, "ncm": "0070090006", "pob2022": 156.0 }, "geometry": { "type": "Point", "coordinates": [ -60.51026144, -31.75921608 ] } },
{ "type": "Feature", "properties": { "ogc_fid": 138648, "ncm": "0070880017", "pob2022": 3.0 }, "geometry": { "type": "Point", "coordinates": [ -60.51520548, -31.77604493 ] } },
{ "type": "Feature", "properties": { "ogc_fid": 139538, "ncm": "0050270013", "pob2022": 149.0 }, "geometry": { "type": "Point", "coordinates": [ -60.54810281, -31.7414328 ] } },
{ "type": "Feature", "properties": { "ogc_fid": 140452, "ncm": "0080780018", "pob2022": 164.0 }, "geometry": { "type": "Point", "coordinates": [ -60.49802032, -31.73916893 ] } },
{ "type": "Feature", "properties": { "ogc_fid": 140453, "ncm": "0080780017", "pob2022": 68.0 }, "geometry": { "type": "Point", "coordinates": [ -60.49381453, -31.7386141 ] } },
{ "type": "Feature", "properties": { "ogc_fid": 140454, "ncm": "0080780016", "pob2022": 110.0 }, "geometry": { "type": "Point", "coordinates": [ -60.49452421, -31.73847605 ] } },
{ "type": "Feature", "properties": { "ogc_fid": 140455, "ncm": "0080780015", "pob2022": 73.0 }, "geometry": { "type": "Point", "coordinates": [ -60.49519939, -31.73833218 ] } },
{ "type": "Feature", "properties": { "ogc_fid": 140456, "ncm": "0080780014", "pob2022": 49.0 }, "geometry": { "type": "Point", "coordinates": [ -60.495857, -31.7381205 ] } },
{ "type": "Feature", "properties": { "ogc_fid": 140457, "ncm": "0080780013", "pob2022": 58.0 }, "geometry": { "type": "Point", "coordinates": [ -60.49656015, -31.73803681 ] } },
{ "type": "Feature", "properties": { "ogc_fid": 140458, "ncm": "0080780012", "pob2022": 71.0 }, "geometry": { "type": "Point", "coordinates": [ -60.49723489, -31.73782218 ] } },
{ "type": "Feature", "properties": { "ogc_fid": 140459, "ncm": "0080780011", "pob2022": 63.0 }, "geometry": { "type": "Point", "coordinates": [ -60.49789679, -31.73767424 ] } },
{ "type": "Feature", "properties": { "ogc_fid": 140460, "ncm": "0080780010", "pob2022": 44.0 }, "geometry": { "type": "Point", "coordinates": [ -60.49859958, -31.73738179 ] } },
{ "type": "Feature", "properties": { "ogc_fid": 140461, "ncm": "0080690008", "pob2022": 67.0 }, "geometry": { "type": "Point", "coordinates": [ -60.50119655, -31.72687048 ] } },
{ "type": "Feature", "properties": { "ogc_fid": 140462, "ncm": "0080690007", "pob2022": 12.0 }, "geometry": { "type": "Point", "coordinates": [ -60.49831175, -31.73034802 ] } },
{ "type": "Feature", "properties": { "ogc_fid": 140463, "ncm": "0080690014", "pob2022": 111.0 }, "geometry": { "type": "Point", "coordinates": [ -60.50227184, -31.72962645 ] } },
{ "type": "Feature", "properties": { "ogc_fid": 138143, "ncm": "0090760012", "pob2022": 114.0 }, "geometry": { "type": "Point", "coordinates": [ -60.5002212, -31.74918288 ] } },
{ "type": "Feature", "properties": { "ogc_fid": 138144, "ncm": "0090420005", "pob2022": 35.0 }, "geometry": { "type": "Point", "coordinates": [ -60.48333822, -31.74361683 ] } },
{ "type": "Feature", "properties": { "ogc_fid": 138211, "ncm": "0090140005", "pob2022": 106.0 }, "geometry": { "type": "Point", "coordinates": [ -60.4930172, -31.75234841 ] } },
{ "type": "Feature", "properties": { "ogc_fid": 138212, "ncm": "0090140004", "pob2022": 79.0 }, "geometry": { "type": "Point", "coordinates": [ -60.49413493, -31.75251696 ] } },
{ "type": "Feature", "properties": { "ogc_fid": 138213, "ncm": "0090140003", "pob2022": 80.0 }, "geometry": { "type": "Point", "coordinates": [ -60.49400554, -31.7518954 ] } },
{ "type": "Feature", "properties": { "ogc_fid": 138214, "ncm": "0090140020", "pob2022": 88.0 }, "geometry": { "type": "Point", "coordinates": [ -60.49187337, -31.75627383 ] } },
{ "type": "Feature", "properties": { "ogc_fid": 140464, "ncm": "0080690013", "pob2022": null }, "geometry": { "type": "Point", "coordinates": [ -60.50137041, -31.72931425 ] } },
{ "type": "Feature", "properties": { "ogc_fid": 140465, "ncm": "0080680017", "pob2022": 84.0 }, "geometry": { "type": "Point", "coordinates": [ -60.50265473, -31.73081077 ] } },
{ "type": "Feature", "properties": { "ogc_fid": 140466, "ncm": "0080680016", "pob2022": 106.0 }, "geometry": { "type": "Point", "coordinates": [ -60.50246355, -31.73021874 ] } },
{ "type": "Feature", "properties": { "ogc_fid": 138215, "ncm": "0090140002", "pob2022": 111.0 }, "geometry": { "type": "Point", "coordinates": [ -60.49506099, -31.7520583 ] } },
{ "type": "Feature", "properties": { "ogc_fid": 138216, "ncm": "0090140018", "pob2022": 271.0 }, "geometry": { "type": "Point", "coordinates": [ -60.4941402, -31.75581663 ] } },
{ "type": "Feature", "properties": { "ogc_fid": 138649, "ncm": "0070880014", "pob2022": 26.0 }, "geometry": { "type": "Point", "coordinates": [ -60.51459155, -31.77538228 ] } },
{ "type": "Feature", "properties": { "ogc_fid": 140467, "ncm": "0080680014", "pob2022": 10.0 }, "geometry": { "type": "Point", "coordinates": [ -60.49975236, -31.73245821 ] } },
{ "type": "Feature", "properties": { "ogc_fid": 140468, "ncm": "0080680013", "pob2022": 7.0 }, "geometry": { "type": "Point", "coordinates": [ -60.50038696, -31.73220994 ] } },
{ "type": "Feature", "properties": { "ogc_fid": 140470, "ncm": "0080670022", "pob2022": 21.0 }, "geometry": { "type": "Point", "coordinates": [ -60.50258781, -31.73757883 ] } },
{ "type": "Feature", "properties": { "ogc_fid": 140471, "ncm": "0080670009", "pob2022": 18.0 }, "geometry": { "type": "Point", "coordinates": [ -60.49957967, -31.73695023 ] } },
{ "type": "Feature", "properties": { "ogc_fid": 140472, "ncm": "0080670008", "pob2022": 9.0 }, "geometry": { "type": "Point", "coordinates": [ -60.50142109, -31.73627796 ] } },
{ "type": "Feature", "properties": { "ogc_fid": 140473, "ncm": "0080670007", "pob2022": 10.0 }, "geometry": { "type": "Point", "coordinates": [ -60.50258595, -31.73608951 ] } },
{ "type": "Feature", "properties": { "ogc_fid": 140474, "ncm": "0080670006", "pob2022": 53.0 }, "geometry": { "type": "Point", "coordinates": [ -60.49948585, -31.73609543 ] } },
{ "type": "Feature", "properties": { "ogc_fid": 140475, "ncm": "0080670004", "pob2022": 9.0 }, "geometry": { "type": "Point", "coordinates": [ -60.50139132, -31.73564961 ] } },
{ "type": "Feature", "properties": { "ogc_fid": 140476, "ncm": "0080670003", "pob2022": 10.0 }, "geometry": { "type": "Point", "coordinates": [ -60.50245799, -31.73546921 ] } },
{ "type": "Feature", "properties": { "ogc_fid": 140477, "ncm": "0080670028", "pob2022": 52.0 }, "geometry": { "type": "Point", "coordinates": [ -60.50414141, -31.73684099 ] } },
{ "type": "Feature", "properties": { "ogc_fid": 140478, "ncm": "0080670027", "pob2022": 29.0 }, "geometry": { "type": "Point", "coordinates": [ -60.50288969, -31.73929021 ] } },
{ "type": "Feature", "properties": { "ogc_fid": 140479, "ncm": "0080670026", "pob2022": 30.0 }, "geometry": { "type": "Point", "coordinates": [ -60.5035924, -31.73919027 ] } },
{ "type": "Feature", "properties": { "ogc_fid": 140480, "ncm": "0080670025", "pob2022": 30.0 }, "geometry": { "type": "Point", "coordinates": [ -60.50270537, -31.73842263 ] } },
{ "type": "Feature", "properties": { "ogc_fid": 140481, "ncm": "0080670024", "pob2022": 30.0 }, "geometry": { "type": "Point", "coordinates": [ -60.50341656, -31.73837579 ] } },
{ "type": "Feature", "properties": { "ogc_fid": 140482, "ncm": "0080670021", "pob2022": 80.0 }, "geometry": { "type": "Point", "coordinates": [ -60.49993758, -31.73934725 ] } },
{ "type": "Feature", "properties": { "ogc_fid": 140483, "ncm": "0080670020", "pob2022": 22.0 }, "geometry": { "type": "Point", "coordinates": [ -60.50326754, -31.737613 ] } },
{ "type": "Feature", "properties": { "ogc_fid": 140484, "ncm": "0080670002", "pob2022": 8.0 }, "geometry": { "type": "Point", "coordinates": [ -60.50353008, -31.73522545 ] } },
{ "type": "Feature", "properties": { "ogc_fid": 140485, "ncm": "0080580005", "pob2022": 346.0 }, "geometry": { "type": "Point", "coordinates": [ -60.5080455, -31.73014873 ] } },
{ "type": "Feature", "properties": { "ogc_fid": 140486, "ncm": "0080670019", "pob2022": 36.0 }, "geometry": { "type": "Point", "coordinates": [ -60.50178677, -31.73930947 ] } },
{ "type": "Feature", "properties": { "ogc_fid": 140487, "ncm": "0080670018", "pob2022": 42.0 }, "geometry": { "type": "Point", "coordinates": [ -60.50429235, -31.73750442 ] } },
{ "type": "Feature", "properties": { "ogc_fid": 140488, "ncm": "0080670017", "pob2022": 68.0 }, "geometry": { "type": "Point", "coordinates": [ -60.50462278, -31.73903307 ] } },
{ "type": "Feature", "properties": { "ogc_fid": 138217, "ncm": "0090140017", "pob2022": 104.0 }, "geometry": { "type": "Point", "coordinates": [ -60.49612224, -31.75496646 ] } },
{ "type": "Feature", "properties": { "ogc_fid": 138218, "ncm": "0090140016", "pob2022": 60.0 }, "geometry": { "type": "Point", "coordinates": [ -60.49161513, -31.755124 ] } },
{ "type": "Feature", "properties": { "ogc_fid": 138219, "ncm": "0090140015", "pob2022": 65.0 }, "geometry": { "type": "Point", "coordinates": [ -60.4926535, -31.75496463 ] } },
{ "type": "Feature", "properties": { "ogc_fid": 138650, "ncm": "0070880015", "pob2022": 51.0 }, "geometry": { "type": "Point", "coordinates": [ -60.51426898, -31.77559057 ] } },
{ "type": "Feature", "properties": { "ogc_fid": 139567, "ncm": "0050280011", "pob2022": 120.0 }, "geometry": { "type": "Point", "coordinates": [ -60.5419485, -31.74174582 ] } },
{ "type": "Feature", "properties": { "ogc_fid": 139568, "ncm": "0050290007", "pob2022": 116.0 }, "geometry": { "type": "Point", "coordinates": [ -60.53701823, -31.74133788 ] } },
{ "type": "Feature", "properties": { "ogc_fid": 139570, "ncm": "0050290006", "pob2022": 154.0 }, "geometry": { "type": "Point", "coordinates": [ -60.53771579, -31.74156551 ] } },
{ "type": "Feature", "properties": { "ogc_fid": 139571, "ncm": "0050290005", "pob2022": 132.0 }, "geometry": { "type": "Point", "coordinates": [ -60.53851189, -31.74112889 ] } },
{ "type": "Feature", "properties": { "ogc_fid": 138651, "ncm": "0070520026", "pob2022": 37.0 }, "geometry": { "type": "Point", "coordinates": [ -60.51631492, -31.75693679 ] } },
{ "type": "Feature", "properties": { "ogc_fid": 138652, "ncm": "0070880011", "pob2022": 39.0 }, "geometry": { "type": "Point", "coordinates": [ -60.51366048, -31.77470321 ] } },
{ "type": "Feature", "properties": { "ogc_fid": 139572, "ncm": "0050290013", "pob2022": 48.0 }, "geometry": { "type": "Point", "coordinates": [ -60.53916921, -31.74308684 ] } },
{ "type": "Feature", "properties": { "ogc_fid": 139566, "ncm": "0050290008", "pob2022": 90.0 }, "geometry": { "type": "Point", "coordinates": [ -60.53681293, -31.74070893 ] } },
{ "type": "Feature", "properties": { "ogc_fid": 139565, "ncm": "0050290009", "pob2022": 82.0 }, "geometry": { "type": "Point", "coordinates": [ -60.53593465, -31.74163694 ] } },
{ "type": "Feature", "properties": { "ogc_fid": 139573, "ncm": "0050290004", "pob2022": 261.0 }, "geometry": { "type": "Point", "coordinates": [ -60.53864035, -31.74046205 ] } },
{ "type": "Feature", "properties": { "ogc_fid": 139574, "ncm": "0050290003", "pob2022": 115.0 }, "geometry": { "type": "Point", "coordinates": [ -60.53951668, -31.74024707 ] } },
{ "type": "Feature", "properties": { "ogc_fid": 139575, "ncm": "0050290002", "pob2022": 98.0 }, "geometry": { "type": "Point", "coordinates": [ -60.54035034, -31.7409957 ] } },
{ "type": "Feature", "properties": { "ogc_fid": 139576, "ncm": "0050290019", "pob2022": 127.0 }, "geometry": { "type": "Point", "coordinates": [ -60.53685017, -31.74413272 ] } },
{ "type": "Feature", "properties": { "ogc_fid": 139577, "ncm": "0050290018", "pob2022": 80.0 }, "geometry": { "type": "Point", "coordinates": [ -60.53824644, -31.74404783 ] } },
{ "type": "Feature", "properties": { "ogc_fid": 138653, "ncm": "0070880024", "pob2022": 26.0 }, "geometry": { "type": "Point", "coordinates": [ -60.51765247, -31.77686635 ] } },
{ "type": "Feature", "properties": { "ogc_fid": 138654, "ncm": "0070650015", "pob2022": 30.0 }, "geometry": { "type": "Point", "coordinates": [ -60.50681735, -31.74730428 ] } },
{ "type": "Feature", "properties": { "ogc_fid": 138220, "ncm": "0090130018", "pob2022": 59.0 }, "geometry": { "type": "Point", "coordinates": [ -60.49471737, -31.76082444 ] } },
{ "type": "Feature", "properties": { "ogc_fid": 138221, "ncm": "0090130006", "pob2022": 21.0 }, "geometry": { "type": "Point", "coordinates": [ -60.49533654, -31.7582246 ] } },
{ "type": "Feature", "properties": { "ogc_fid": 138655, "ncm": "0070390017", "pob2022": 36.0 }, "geometry": { "type": "Point", "coordinates": [ -60.51527868, -31.74138226 ] } },
{ "type": "Feature", "properties": { "ogc_fid": 138656, "ncm": "0070600032", "pob2022": 65.0 }, "geometry": { "type": "Point", "coordinates": [ -60.50956845, -31.77096612 ] } },
{ "type": "Feature", "properties": { "ogc_fid": 139579, "ncm": "0050290017", "pob2022": 166.0 }, "geometry": { "type": "Point", "coordinates": [ -60.53995758, -31.74365066 ] } },
{ "type": "Feature", "properties": { "ogc_fid": 139580, "ncm": "0050290016", "pob2022": 79.0 }, "geometry": { "type": "Point", "coordinates": [ -60.53810863, -31.74325476 ] } },
{ "type": "Feature", "properties": { "ogc_fid": 139581, "ncm": "0050290014", "pob2022": 98.0 }, "geometry": { "type": "Point", "coordinates": [ -60.53795956, -31.74243153 ] } },
{ "type": "Feature", "properties": { "ogc_fid": 139582, "ncm": "0050290011", "pob2022": 65.0 }, "geometry": { "type": "Point", "coordinates": [ -60.5412298, -31.74338651 ] } },
{ "type": "Feature", "properties": { "ogc_fid": 139583, "ncm": "0050290010", "pob2022": 87.0 }, "geometry": { "type": "Point", "coordinates": [ -60.54093108, -31.74219192 ] } },
{ "type": "Feature", "properties": { "ogc_fid": 139584, "ncm": "0050280017", "pob2022": 0.0 }, "geometry": { "type": "Point", "coordinates": [ -60.54668863, -31.74223068 ] } },
{ "type": "Feature", "properties": { "ogc_fid": 140489, "ncm": "0080670016", "pob2022": 89.0 }, "geometry": { "type": "Point", "coordinates": [ -60.50040786, -31.73873479 ] } },
{ "type": "Feature", "properties": { "ogc_fid": 140490, "ncm": "0080670015", "pob2022": 44.0 }, "geometry": { "type": "Point", "coordinates": [ -60.5015704, -31.73760295 ] } },
{ "type": "Feature", "properties": { "ogc_fid": 140491, "ncm": "0080670013", "pob2022": 58.0 }, "geometry": { "type": "Point", "coordinates": [ -60.50445388, -31.73823646 ] } },
{ "type": "Feature", "properties": { "ogc_fid": 138354, "ncm": "0090150008", "pob2022": 178.0 }, "geometry": { "type": "Point", "coordinates": [ -60.49391416, -31.75033073 ] } },
{ "type": "Feature", "properties": { "ogc_fid": 138355, "ncm": "0090150007", "pob2022": 277.0 }, "geometry": { "type": "Point", "coordinates": [ -60.49509183, -31.75016192 ] } },
{ "type": "Feature", "properties": { "ogc_fid": 138356, "ncm": "0090150005", "pob2022": 145.0 }, "geometry": { "type": "Point", "coordinates": [ -60.49370546, -31.74942374 ] } },
{ "type": "Feature", "properties": { "ogc_fid": 140492, "ncm": "0080670001", "pob2022": 7.0 }, "geometry": { "type": "Point", "coordinates": [ -60.50408592, -31.73548969 ] } },
{ "type": "Feature", "properties": { "ogc_fid": 138657, "ncm": "0070090019", "pob2022": 106.0 }, "geometry": { "type": "Point", "coordinates": [ -60.51095416, -31.76252392 ] } },
{ "type": "Feature", "properties": { "ogc_fid": 138658, "ncm": "0070880003", "pob2022": 95.0 }, "geometry": { "type": "Point", "coordinates": [ -60.51706077, -31.77287667 ] } },
{ "type": "Feature", "properties": { "ogc_fid": 138659, "ncm": "0070530014", "pob2022": 5.0 }, "geometry": { "type": "Point", "coordinates": [ -60.51148563, -31.75598646 ] } },
{ "type": "Feature", "properties": { "ogc_fid": 138660, "ncm": "0070880016", "pob2022": 20.0 }, "geometry": { "type": "Point", "coordinates": [ -60.51539015, -31.7757669 ] } },
{ "type": "Feature", "properties": { "ogc_fid": 138661, "ncm": "0070880009", "pob2022": 18.0 }, "geometry": { "type": "Point", "coordinates": [ -60.51338365, -31.77428887 ] } },
{ "type": "Feature", "properties": { "ogc_fid": 138662, "ncm": "0070890003", "pob2022": 60.0 }, "geometry": { "type": "Point", "coordinates": [ -60.51189625, -31.77383028 ] } },
{ "type": "Feature", "properties": { "ogc_fid": 140493, "ncm": "0080600004", "pob2022": 0.0 }, "geometry": { "type": "Point", "coordinates": [ -60.50492481, -31.72332474 ] } },
{ "type": "Feature", "properties": { "ogc_fid": 140494, "ncm": "0080600003", "pob2022": 0.0 }, "geometry": { "type": "Point", "coordinates": [ -60.50666458, -31.72266008 ] } },
{ "type": "Feature", "properties": { "ogc_fid": 140495, "ncm": "0080600002", "pob2022": 27.0 }, "geometry": { "type": "Point", "coordinates": [ -60.50294173, -31.72109096 ] } },
{ "type": "Feature", "properties": { "ogc_fid": 140497, "ncm": "0080590009", "pob2022": 93.0 }, "geometry": { "type": "Point", "coordinates": [ -60.50708411, -31.72633147 ] } },
{ "type": "Feature", "properties": { "ogc_fid": 140498, "ncm": "0080590008", "pob2022": 93.0 }, "geometry": { "type": "Point", "coordinates": [ -60.50804496, -31.72620339 ] } },
{ "type": "Feature", "properties": { "ogc_fid": 140499, "ncm": "0080590006", "pob2022": 46.0 }, "geometry": { "type": "Point", "coordinates": [ -60.50599573, -31.72574485 ] } },
{ "type": "Feature", "properties": { "ogc_fid": 140500, "ncm": "0080590010", "pob2022": 38.0 }, "geometry": { "type": "Point", "coordinates": [ -60.50613447, -31.72651012 ] } },
{ "type": "Feature", "properties": { "ogc_fid": 140501, "ncm": "0080590005", "pob2022": 88.0 }, "geometry": { "type": "Point", "coordinates": [ -60.50690355, -31.72555429 ] } },
{ "type": "Feature", "properties": { "ogc_fid": 140502, "ncm": "0080590004", "pob2022": 61.0 }, "geometry": { "type": "Point", "coordinates": [ -60.50785779, -31.72544823 ] } },
{ "type": "Feature", "properties": { "ogc_fid": 140503, "ncm": "0080590027", "pob2022": 67.0 }, "geometry": { "type": "Point", "coordinates": [ -60.5033474, -31.72945752 ] } },
{ "type": "Feature", "properties": { "ogc_fid": 140504, "ncm": "0080590026", "pob2022": 62.0 }, "geometry": { "type": "Point", "coordinates": [ -60.50321356, -31.72885576 ] } },
{ "type": "Feature", "properties": { "ogc_fid": 140505, "ncm": "0080590025", "pob2022": 62.0 }, "geometry": { "type": "Point", "coordinates": [ -60.50391425, -31.72853137 ] } },
{ "type": "Feature", "properties": { "ogc_fid": 140506, "ncm": "0080590023", "pob2022": 58.0 }, "geometry": { "type": "Point", "coordinates": [ -60.50386124, -31.72796572 ] } },
{ "type": "Feature", "properties": { "ogc_fid": 138663, "ncm": "0070340021", "pob2022": 42.0 }, "geometry": { "type": "Point", "coordinates": [ -60.50804501, -31.76814738 ] } },
{ "type": "Feature", "properties": { "ogc_fid": 140507, "ncm": "0080590022", "pob2022": 63.0 }, "geometry": { "type": "Point", "coordinates": [ -60.50312834, -31.72795981 ] } },
{ "type": "Feature", "properties": { "ogc_fid": 140508, "ncm": "0080590021", "pob2022": 31.0 }, "geometry": { "type": "Point", "coordinates": [ -60.5037635, -31.7275258 ] } },
{ "type": "Feature", "properties": { "ogc_fid": 140509, "ncm": "0080590020", "pob2022": 64.0 }, "geometry": { "type": "Point", "coordinates": [ -60.50667058, -31.72886768 ] } },
{ "type": "Feature", "properties": { "ogc_fid": 140510, "ncm": "0080580005", "pob2022": 346.0 }, "geometry": { "type": "Point", "coordinates": [ -60.50790713, -31.73036155 ] } },
{ "type": "Feature", "properties": { "ogc_fid": 140511, "ncm": "0080580019", "pob2022": 55.0 }, "geometry": { "type": "Point", "coordinates": [ -60.50625192, -31.7311106 ] } },
{ "type": "Feature", "properties": { "ogc_fid": 140512, "ncm": "0080590002", "pob2022": 14.0 }, "geometry": { "type": "Point", "coordinates": [ -60.5049041, -31.72573244 ] } },
{ "type": "Feature", "properties": { "ogc_fid": 138222, "ncm": "0090140014", "pob2022": 85.0 }, "geometry": { "type": "Point", "coordinates": [ -60.49404676, -31.7546471 ] } },
{ "type": "Feature", "properties": { "ogc_fid": 138223, "ncm": "0090140013", "pob2022": 58.0 }, "geometry": { "type": "Point", "coordinates": [ -60.49345735, -31.75406379 ] } },
{ "type": "Feature", "properties": { "ogc_fid": 138224, "ncm": "0090420008", "pob2022": 54.0 }, "geometry": { "type": "Point", "coordinates": [ -60.48536346, -31.74355269 ] } },
{ "type": "Feature", "properties": { "ogc_fid": 138225, "ncm": "0090140012", "pob2022": 118.0 }, "geometry": { "type": "Point", "coordinates": [ -60.49558284, -31.75389022 ] } },
{ "type": "Feature", "properties": { "ogc_fid": 138226, "ncm": "0090140011", "pob2022": 85.0 }, "geometry": { "type": "Point", "coordinates": [ -60.49134629, -31.75388547 ] } },
{ "type": "Feature", "properties": { "ogc_fid": 138227, "ncm": "0090140010", "pob2022": 102.0 }, "geometry": { "type": "Point", "coordinates": [ -60.49237776, -31.75371602 ] } },
{ "type": "Feature", "properties": { "ogc_fid": 138228, "ncm": "0090140001", "pob2022": 102.0 }, "geometry": { "type": "Point", "coordinates": [ -60.49577147, -31.75194582 ] } },
{ "type": "Feature", "properties": { "ogc_fid": 138229, "ncm": "0090130009", "pob2022": 64.0 }, "geometry": { "type": "Point", "coordinates": [ -60.49223833, -31.75871333 ] } },
{ "type": "Feature", "properties": { "ogc_fid": 138230, "ncm": "0090130008", "pob2022": 53.0 }, "geometry": { "type": "Point", "coordinates": [ -60.49322688, -31.75857067 ] } },
{ "type": "Feature", "properties": { "ogc_fid": 138231, "ncm": "0090130007", "pob2022": 60.0 }, "geometry": { "type": "Point", "coordinates": [ -60.49420228, -31.75842287 ] } },
{ "type": "Feature", "properties": { "ogc_fid": 138232, "ncm": "0090130005", "pob2022": 51.0 }, "geometry": { "type": "Point", "coordinates": [ -60.49197883, -31.75751424 ] } },
{ "type": "Feature", "properties": { "ogc_fid": 138233, "ncm": "0090130004", "pob2022": 97.0 }, "geometry": { "type": "Point", "coordinates": [ -60.49296729, -31.75737118 ] } },
{ "type": "Feature", "properties": { "ogc_fid": 138665, "ncm": "0070090021", "pob2022": 180.0 }, "geometry": { "type": "Point", "coordinates": [ -60.51289641, -31.75915298 ] } },
{ "type": "Feature", "properties": { "ogc_fid": 138667, "ncm": "0070890012", "pob2022": 37.0 }, "geometry": { "type": "Point", "coordinates": [ -60.50854641, -31.77552037 ] } },
{ "type": "Feature", "properties": { "ogc_fid": 138668, "ncm": "0070890014", "pob2022": 30.0 }, "geometry": { "type": "Point", "coordinates": [ -60.51273305, -31.77485574 ] } },
{ "type": "Feature", "properties": { "ogc_fid": 139585, "ncm": "0050290001", "pob2022": 159.0 }, "geometry": { "type": "Point", "coordinates": [ -60.5399007, -31.74011881 ] } },
{ "type": "Feature", "properties": { "ogc_fid": 140513, "ncm": "0080590002", "pob2022": 12.0 }, "geometry": { "type": "Point", "coordinates": [ -60.50499105, -31.72936366 ] } },
{ "type": "Feature", "properties": { "ogc_fid": 140514, "ncm": "0080590018", "pob2022": 105.0 }, "geometry": { "type": "Point", "coordinates": [ -60.50856382, -31.72857043 ] } },
{ "type": "Feature", "properties": { "ogc_fid": 140515, "ncm": "0080590015", "pob2022": 20.0 }, "geometry": { "type": "Point", "coordinates": [ -60.50770365, -31.72788694 ] } },
{ "type": "Feature", "properties": { "ogc_fid": 138669, "ncm": "0070090016", "pob2022": 56.0 }, "geometry": { "type": "Point", "coordinates": [ -60.51369525, -31.76208554 ] } },
{ "type": "Feature", "properties": { "ogc_fid": 138670, "ncm": "0070090015", "pob2022": 170.0 }, "geometry": { "type": "Point", "coordinates": [ -60.51511879, -31.76189105 ] } },
{ "type": "Feature", "properties": { "ogc_fid": 138671, "ncm": "0070880008", "pob2022": 54.0 }, "geometry": { "type": "Point", "coordinates": [ -60.51526684, -31.77387554 ] } },
{ "type": "Feature", "properties": { "ogc_fid": 140516, "ncm": "0080590014", "pob2022": 72.0 }, "geometry": { "type": "Point", "coordinates": [ -60.50839239, -31.72778268 ] } },
{ "type": "Feature", "properties": { "ogc_fid": 140517, "ncm": "0080590013", "pob2022": 53.0 }, "geometry": { "type": "Point", "coordinates": [ -60.50605634, -31.72806662 ] } },
{ "type": "Feature", "properties": { "ogc_fid": 140518, "ncm": "0080590012", "pob2022": 239.0 }, "geometry": { "type": "Point", "coordinates": [ -60.50739582, -31.72798292 ] } },
{ "type": "Feature", "properties": { "ogc_fid": 140519, "ncm": "0080590011", "pob2022": 116.0 }, "geometry": { "type": "Point", "coordinates": [ -60.50822771, -31.72704656 ] } },
{ "type": "Feature", "properties": { "ogc_fid": 140520, "ncm": "0080570022", "pob2022": 81.0 }, "geometry": { "type": "Point", "coordinates": [ -60.50755776, -31.73722578 ] } },
{ "type": "Feature", "properties": { "ogc_fid": 138146, "ncm": "0090670004", "pob2022": 369.0 }, "geometry": { "type": "Point", "coordinates": [ -60.48221608, -31.76102774 ] } },
{ "type": "Feature", "properties": { "ogc_fid": 138147, "ncm": "0090930009", "pob2022": 72.0 }, "geometry": { "type": "Point", "coordinates": [ -60.48651944, -31.78139754 ] } },
{ "type": "Feature", "properties": { "ogc_fid": 138149, "ncm": "0090930004", "pob2022": 71.0 }, "geometry": { "type": "Point", "coordinates": [ -60.48509568, -31.77927453 ] } },
{ "type": "Feature", "properties": { "ogc_fid": 138150, "ncm": "0090930003", "pob2022": 66.0 }, "geometry": { "type": "Point", "coordinates": [ -60.48640273, -31.77861396 ] } },
{ "type": "Feature", "properties": { "ogc_fid": 138151, "ncm": "0090930002", "pob2022": 67.0 }, "geometry": { "type": "Point", "coordinates": [ -60.48778508, -31.77840608 ] } },
{ "type": "Feature", "properties": { "ogc_fid": 138152, "ncm": "0090930001", "pob2022": 87.0 }, "geometry": { "type": "Point", "coordinates": [ -60.48922208, -31.78026773 ] } },
{ "type": "Feature", "properties": { "ogc_fid": 138153, "ncm": "0090920005", "pob2022": 58.0 }, "geometry": { "type": "Point", "coordinates": [ -60.49052538, -31.77785155 ] } },
{ "type": "Feature", "properties": { "ogc_fid": 138672, "ncm": "0070880007", "pob2022": 94.0 }, "geometry": { "type": "Point", "coordinates": [ -60.51585943, -31.77349772 ] } },
{ "type": "Feature", "properties": { "ogc_fid": 138673, "ncm": "0070880006", "pob2022": 79.0 }, "geometry": { "type": "Point", "coordinates": [ -60.51369928, -31.77378144 ] } },
{ "type": "Feature", "properties": { "ogc_fid": 138154, "ncm": "0090920020", "pob2022": 29.0 }, "geometry": { "type": "Point", "coordinates": [ -60.4913033, -31.781442 ] } },
{ "type": "Feature", "properties": { "ogc_fid": 138155, "ncm": "0090920015", "pob2022": 44.0 }, "geometry": { "type": "Point", "coordinates": [ -60.49103835, -31.78023382 ] } },
{ "type": "Feature", "properties": { "ogc_fid": 138156, "ncm": "0090920010", "pob2022": 59.0 }, "geometry": { "type": "Point", "coordinates": [ -60.49077554, -31.7790477 ] } },
{ "type": "Feature", "properties": { "ogc_fid": 138157, "ncm": "0090900009", "pob2022": 10.0 }, "geometry": { "type": "Point", "coordinates": [ -60.5025759, -31.77647459 ] } },
{ "type": "Feature", "properties": { "ogc_fid": 138158, "ncm": "0090900008", "pob2022": 78.0 }, "geometry": { "type": "Point", "coordinates": [ -60.50373414, -31.77628009 ] } },
{ "type": "Feature", "properties": { "ogc_fid": 138159, "ncm": "0090900007", "pob2022": 0.0 }, "geometry": { "type": "Point", "coordinates": [ -60.50309229, -31.77565838 ] } },
{ "type": "Feature", "properties": { "ogc_fid": 138160, "ncm": "0090900006", "pob2022": 30.0 }, "geometry": { "type": "Point", "coordinates": [ -60.50380598, -31.7755561 ] } },
{ "type": "Feature", "properties": { "ogc_fid": 138162, "ncm": "0090770011", "pob2022": 31.0 }, "geometry": { "type": "Point", "coordinates": [ -60.49997282, -31.74332197 ] } },
{ "type": "Feature", "properties": { "ogc_fid": 138163, "ncm": "0090910002", "pob2022": 15.0 }, "geometry": { "type": "Point", "coordinates": [ -60.49890343, -31.77638988 ] } },
{ "type": "Feature", "properties": { "ogc_fid": 140521, "ncm": "0080590001", "pob2022": 213.0 }, "geometry": { "type": "Point", "coordinates": [ -60.50681152, -31.72495369 ] } },
{ "type": "Feature", "properties": { "ogc_fid": 140522, "ncm": "0080580009", "pob2022": 214.0 }, "geometry": { "type": "Point", "coordinates": [ -60.50901498, -31.73100491 ] } },
{ "type": "Feature", "properties": { "ogc_fid": 138164, "ncm": "0090900004", "pob2022": 89.0 }, "geometry": { "type": "Point", "coordinates": [ -60.50203105, -31.77564808 ] } },
{ "type": "Feature", "properties": { "ogc_fid": 138165, "ncm": "0090900003", "pob2022": 55.0 }, "geometry": { "type": "Point", "coordinates": [ -60.50342384, -31.77500195 ] } },
{ "type": "Feature", "properties": { "ogc_fid": 138166, "ncm": "0090900002", "pob2022": 78.0 }, "geometry": { "type": "Point", "coordinates": [ -60.50502026, -31.77504233 ] } },
{ "type": "Feature", "properties": { "ogc_fid": 140523, "ncm": "0080580005", "pob2022": 346.0 }, "geometry": { "type": "Point", "coordinates": [ -60.50879907, -31.73019617 ] } },
{ "type": "Feature", "properties": { "ogc_fid": 140524, "ncm": "0080580025", "pob2022": 38.0 }, "geometry": { "type": "Point", "coordinates": [ -60.50480636, -31.73321774 ] } },
{ "type": "Feature", "properties": { "ogc_fid": 140525, "ncm": "0080580024", "pob2022": 176.0 }, "geometry": { "type": "Point", "coordinates": [ -60.5028585, -31.73170639 ] } },
{ "type": "Feature", "properties": { "ogc_fid": 140526, "ncm": "0080580023", "pob2022": 78.0 }, "geometry": { "type": "Point", "coordinates": [ -60.50377473, -31.73150253 ] } },
{ "type": "Feature", "properties": { "ogc_fid": 140527, "ncm": "0080580022", "pob2022": 65.0 }, "geometry": { "type": "Point", "coordinates": [ -60.50448282, -31.73139263 ] } },
{ "type": "Feature", "properties": { "ogc_fid": 140528, "ncm": "0080580021", "pob2022": 73.0 }, "geometry": { "type": "Point", "coordinates": [ -60.50507179, -31.73129632 ] } },
{ "type": "Feature", "properties": { "ogc_fid": 140529, "ncm": "0080580020", "pob2022": 75.0 }, "geometry": { "type": "Point", "coordinates": [ -60.50566027, -31.73120382 ] } },
{ "type": "Feature", "properties": { "ogc_fid": 140530, "ncm": "0080580018", "pob2022": 339.0 }, "geometry": { "type": "Point", "coordinates": [ -60.50802132, -31.73234334 ] } },
{ "type": "Feature", "properties": { "ogc_fid": 140531, "ncm": "0080580011", "pob2022": 128.0 }, "geometry": { "type": "Point", "coordinates": [ -60.50960595, -31.73266803 ] } },
{ "type": "Feature", "properties": { "ogc_fid": 140532, "ncm": "0080580001", "pob2022": 124.0 }, "geometry": { "type": "Point", "coordinates": [ -60.50835365, -31.72970363 ] } },
{ "type": "Feature", "properties": { "ogc_fid": 140533, "ncm": "0080580001", "pob2022": 124.0 }, "geometry": { "type": "Point", "coordinates": [ -60.50870718, -31.72941685 ] } },
{ "type": "Feature", "properties": { "ogc_fid": 140534, "ncm": "0080570009", "pob2022": 37.0 }, "geometry": { "type": "Point", "coordinates": [ -60.5079401, -31.73518508 ] } },
{ "type": "Feature", "properties": { "ogc_fid": 140535, "ncm": "0080570008", "pob2022": 41.0 }, "geometry": { "type": "Point", "coordinates": [ -60.50878483, -31.7350529 ] } },
{ "type": "Feature", "properties": { "ogc_fid": 140536, "ncm": "0080570007", "pob2022": 33.0 }, "geometry": { "type": "Point", "coordinates": [ -60.51015032, -31.73492755 ] } },
{ "type": "Feature", "properties": { "ogc_fid": 140537, "ncm": "0080570005", "pob2022": 46.0 }, "geometry": { "type": "Point", "coordinates": [ -60.50633007, -31.73480229 ] } },
{ "type": "Feature", "properties": { "ogc_fid": 140538, "ncm": "0080570019", "pob2022": 99.0 }, "geometry": { "type": "Point", "coordinates": [ -60.50560885, -31.73660486 ] } },
{ "type": "Feature", "properties": { "ogc_fid": 140539, "ncm": "0080570032", "pob2022": 195.0 }, "geometry": { "type": "Point", "coordinates": [ -60.50609896, -31.73869828 ] } },
{ "type": "Feature", "properties": { "ogc_fid": 140540, "ncm": "0080570031", "pob2022": 144.0 }, "geometry": { "type": "Point", "coordinates": [ -60.50748372, -31.7384614 ] } },
{ "type": "Feature", "properties": { "ogc_fid": 138170, "ncm": "0090770009", "pob2022": 86.0 }, "geometry": { "type": "Point", "coordinates": [ -60.49616501, -31.74467463 ] } },
{ "type": "Feature", "properties": { "ogc_fid": 140541, "ncm": "0080570003", "pob2022": 130.0 }, "geometry": { "type": "Point", "coordinates": [ -60.50825879, -31.7345152 ] } },
{ "type": "Feature", "properties": { "ogc_fid": 140542, "ncm": "0080570028", "pob2022": 50.0 }, "geometry": { "type": "Point", "coordinates": [ -60.51021456, -31.73718679 ] } },
{ "type": "Feature", "properties": { "ogc_fid": 140543, "ncm": "0080570027", "pob2022": 81.0 }, "geometry": { "type": "Point", "coordinates": [ -60.50875919, -31.73738453 ] } },
{ "type": "Feature", "properties": { "ogc_fid": 140544, "ncm": "0080570026", "pob2022": 41.0 }, "geometry": { "type": "Point", "coordinates": [ -60.51012602, -31.73670018 ] } },
{ "type": "Feature", "properties": { "ogc_fid": 140545, "ncm": "0080570025", "pob2022": 92.0 }, "geometry": { "type": "Point", "coordinates": [ -60.50545853, -31.73756065 ] } },
{ "type": "Feature", "properties": { "ogc_fid": 140546, "ncm": "0080570024", "pob2022": 107.0 }, "geometry": { "type": "Point", "coordinates": [ -60.50614942, -31.73744954 ] } },
{ "type": "Feature", "properties": { "ogc_fid": 140547, "ncm": "0080570023", "pob2022": 78.0 }, "geometry": { "type": "Point", "coordinates": [ -60.50688339, -31.73733475 ] } },
{ "type": "Feature", "properties": { "ogc_fid": 138171, "ncm": "0090770008", "pob2022": 131.0 }, "geometry": { "type": "Point", "coordinates": [ -60.49692017, -31.7441509 ] } },
{ "type": "Feature", "properties": { "ogc_fid": 138172, "ncm": "0090760017", "pob2022": 158.0 }, "geometry": { "type": "Point", "coordinates": [ -60.50099648, -31.74993696 ] } },
{ "type": "Feature", "properties": { "ogc_fid": 138234, "ncm": "0090130003", "pob2022": 41.0 }, "geometry": { "type": "Point", "coordinates": [ -60.49394878, -31.75722145 ] } },
{ "type": "Feature", "properties": { "ogc_fid": 138168, "ncm": "0090900010", "pob2022": 21.0 }, "geometry": { "type": "Point", "coordinates": [ -60.50624612, -31.7775715 ] } },
{ "type": "Feature", "properties": { "ogc_fid": 138167, "ncm": "0090900011", "pob2022": 15.0 }, "geometry": { "type": "Point", "coordinates": [ -60.50300761, -31.77740137 ] } },
{ "type": "Feature", "properties": { "ogc_fid": 140548, "ncm": "0080570010", "pob2022": 213.0 }, "geometry": { "type": "Point", "coordinates": [ -60.507116, -31.73513079 ] } },
{ "type": "Feature", "properties": { "ogc_fid": 138674, "ncm": "0070660003", "pob2022": 207.0 }, "geometry": { "type": "Point", "coordinates": [ -60.50169188, -31.7430975 ] } },
{ "type": "Feature", "properties": { "ogc_fid": 138676, "ncm": "0070090005", "pob2022": 156.0 }, "geometry": { "type": "Point", "coordinates": [ -60.51117673, -31.75906994 ] } },
{ "type": "Feature", "properties": { "ogc_fid": 140549, "ncm": "0080570021", "pob2022": 128.0 }, "geometry": { "type": "Point", "coordinates": [ -60.5087536, -31.73664461 ] } },
{ "type": "Feature", "properties": { "ogc_fid": 140550, "ncm": "0080570020", "pob2022": 50.0 }, "geometry": { "type": "Point", "coordinates": [ -60.51014984, -31.73620455 ] } },
{ "type": "Feature", "properties": { "ogc_fid": 140553, "ncm": "0080570002", "pob2022": 143.0 }, "geometry": { "type": "Point", "coordinates": [ -60.5088813, -31.73555099 ] } },
{ "type": "Feature", "properties": { "ogc_fid": 140554, "ncm": "0080570018", "pob2022": 99.0 }, "geometry": { "type": "Point", "coordinates": [ -60.50702214, -31.73637807 ] } },
{ "type": "Feature", "properties": { "ogc_fid": 140555, "ncm": "0080570017", "pob2022": 51.0 }, "geometry": { "type": "Point", "coordinates": [ -60.50559904, -31.73607147 ] } },
{ "type": "Feature", "properties": { "ogc_fid": 140556, "ncm": "0080570016", "pob2022": 49.0 }, "geometry": { "type": "Point", "coordinates": [ -60.50676738, -31.73588351 ] } },
{ "type": "Feature", "properties": { "ogc_fid": 140557, "ncm": "0080570014", "pob2022": 43.0 }, "geometry": { "type": "Point", "coordinates": [ -60.51023035, -31.73560294 ] } },
{ "type": "Feature", "properties": { "ogc_fid": 140558, "ncm": "0080570013", "pob2022": 65.0 }, "geometry": { "type": "Point", "coordinates": [ -60.50496697, -31.735525 ] } },
{ "type": "Feature", "properties": { "ogc_fid": 140559, "ncm": "0080570012", "pob2022": 36.0 }, "geometry": { "type": "Point", "coordinates": [ -60.50550799, -31.73549579 ] } },
{ "type": "Feature", "properties": { "ogc_fid": 140560, "ncm": "0080570011", "pob2022": 26.0 }, "geometry": { "type": "Point", "coordinates": [ -60.50651853, -31.73536612 ] } },
{ "type": "Feature", "properties": { "ogc_fid": 140561, "ncm": "0080570001", "pob2022": 43.0 }, "geometry": { "type": "Point", "coordinates": [ -60.50995273, -31.73425788 ] } },
{ "type": "Feature", "properties": { "ogc_fid": 138235, "ncm": "0090130020", "pob2022": 76.0 }, "geometry": { "type": "Point", "coordinates": [ -60.49274707, -31.76111326 ] } },
{ "type": "Feature", "properties": { "ogc_fid": 140568, "ncm": "0080430019", "pob2022": 62.0 }, "geometry": { "type": "Point", "coordinates": [ -60.51037898, -31.72288517 ] } },
{ "type": "Feature", "properties": { "ogc_fid": 140569, "ncm": "0080430017", "pob2022": 179.0 }, "geometry": { "type": "Point", "coordinates": [ -60.51200255, -31.72282083 ] } },
{ "type": "Feature", "properties": { "ogc_fid": 140570, "ncm": "0080430016", "pob2022": 119.0 }, "geometry": { "type": "Point", "coordinates": [ -60.51330401, -31.72259714 ] } },
{ "type": "Feature", "properties": { "ogc_fid": 140571, "ncm": "0080430015", "pob2022": 31.0 }, "geometry": { "type": "Point", "coordinates": [ -60.50883247, -31.72252069 ] } },
{ "type": "Feature", "properties": { "ogc_fid": 140572, "ncm": "0080430014", "pob2022": 91.0 }, "geometry": { "type": "Point", "coordinates": [ -60.51016848, -31.72184289 ] } },
{ "type": "Feature", "properties": { "ogc_fid": 140573, "ncm": "0080430013", "pob2022": 101.0 }, "geometry": { "type": "Point", "coordinates": [ -60.51129251, -31.72166827 ] } },
{ "type": "Feature", "properties": { "ogc_fid": 140574, "ncm": "0080410001", "pob2022": 130.0 }, "geometry": { "type": "Point", "coordinates": [ -60.51427683, -31.72861306 ] } },
{ "type": "Feature", "properties": { "ogc_fid": 140575, "ncm": "0080430012", "pob2022": 95.0 }, "geometry": { "type": "Point", "coordinates": [ -60.51214669, -31.72152615 ] } },
{ "type": "Feature", "properties": { "ogc_fid": 140576, "ncm": "0080430011", "pob2022": 122.0 }, "geometry": { "type": "Point", "coordinates": [ -60.51300589, -31.7213871 ] } },
{ "type": "Feature", "properties": { "ogc_fid": 140578, "ncm": "0080420009", "pob2022": 55.0 }, "geometry": { "type": "Point", "coordinates": [ -60.51042798, -31.72574869 ] } },
{ "type": "Feature", "properties": { "ogc_fid": 140579, "ncm": "0080420008", "pob2022": 52.0 }, "geometry": { "type": "Point", "coordinates": [ -60.51109357, -31.72549074 ] } },
{ "type": "Feature", "properties": { "ogc_fid": 138173, "ncm": "0090770006", "pob2022": 124.0 }, "geometry": { "type": "Point", "coordinates": [ -60.49874445, -31.74314284 ] } },
{ "type": "Feature", "properties": { "ogc_fid": 138174, "ncm": "0090760005", "pob2022": 67.0 }, "geometry": { "type": "Point", "coordinates": [ -60.49793556, -31.74693588 ] } },
{ "type": "Feature", "properties": { "ogc_fid": 138176, "ncm": "0090770001", "pob2022": 98.0 }, "geometry": { "type": "Point", "coordinates": [ -60.49902201, -31.74120027 ] } },
{ "type": "Feature", "properties": { "ogc_fid": 138177, "ncm": "0090760009", "pob2022": 69.0 }, "geometry": { "type": "Point", "coordinates": [ -60.50073019, -31.74776918 ] } },
{ "type": "Feature", "properties": { "ogc_fid": 138178, "ncm": "0090760008", "pob2022": 135.0 }, "geometry": { "type": "Point", "coordinates": [ -60.49643174, -31.74807265 ] } },
{ "type": "Feature", "properties": { "ogc_fid": 138179, "ncm": "0090760007", "pob2022": 141.0 }, "geometry": { "type": "Point", "coordinates": [ -60.49817193, -31.74778761 ] } },
{ "type": "Feature", "properties": { "ogc_fid": 138180, "ncm": "0090760006", "pob2022": 72.0 }, "geometry": { "type": "Point", "coordinates": [ -60.50055659, -31.74727756 ] } },
{ "type": "Feature", "properties": { "ogc_fid": 138181, "ncm": "0090760004", "pob2022": 87.0 }, "geometry": { "type": "Point", "coordinates": [ -60.50039907, -31.74680409 ] } },
{ "type": "Feature", "properties": { "ogc_fid": 138182, "ncm": "0090760003", "pob2022": 93.0 }, "geometry": { "type": "Point", "coordinates": [ -60.49634239, -31.74665919 ] } },
{ "type": "Feature", "properties": { "ogc_fid": 138183, "ncm": "0090110017", "pob2022": 67.0 }, "geometry": { "type": "Point", "coordinates": [ -60.50124984, -31.76454981 ] } },
{ "type": "Feature", "properties": { "ogc_fid": 138184, "ncm": "0090420036", "pob2022": 25.0 }, "geometry": { "type": "Point", "coordinates": [ -60.4848772, -31.74606178 ] } },
{ "type": "Feature", "properties": { "ogc_fid": 138236, "ncm": "0090130002", "pob2022": 34.0 }, "geometry": { "type": "Point", "coordinates": [ -60.49503925, -31.75713209 ] } },
{ "type": "Feature", "properties": { "ogc_fid": 138237, "ncm": "0090130017", "pob2022": 106.0 }, "geometry": { "type": "Point", "coordinates": [ -60.49582944, -31.76067421 ] } },
{ "type": "Feature", "properties": { "ogc_fid": 140580, "ncm": "0080420007", "pob2022": 228.0 }, "geometry": { "type": "Point", "coordinates": [ -60.51289467, -31.72535699 ] } },
{ "type": "Feature", "properties": { "ogc_fid": 140581, "ncm": "0080420006", "pob2022": 84.0 }, "geometry": { "type": "Point", "coordinates": [ -60.50918561, -31.72495954 ] } },
{ "type": "Feature", "properties": { "ogc_fid": 140582, "ncm": "0080420005", "pob2022": 97.0 }, "geometry": { "type": "Point", "coordinates": [ -60.51069541, -31.72472314 ] } },
{ "type": "Feature", "properties": { "ogc_fid": 140583, "ncm": "0080420004", "pob2022": 292.0 }, "geometry": { "type": "Point", "coordinates": [ -60.51279626, -31.72458434 ] } },
{ "type": "Feature", "properties": { "ogc_fid": 140584, "ncm": "0080420003", "pob2022": 42.0 }, "geometry": { "type": "Point", "coordinates": [ -60.50901624, -31.72452019 ] } },
{ "type": "Feature", "properties": { "ogc_fid": 137313, "ncm": "0121520011", "pob2022": 25.0 }, "geometry": { "type": "Point", "coordinates": [ -60.51877763, -31.78266532 ] } },
{ "type": "Feature", "properties": { "ogc_fid": 137314, "ncm": "0121520010", "pob2022": 35.0 }, "geometry": { "type": "Point", "coordinates": [ -60.51997035, -31.78244108 ] } },
{ "type": "Feature", "properties": { "ogc_fid": 137316, "ncm": "0121910003", "pob2022": 5.0 }, "geometry": { "type": "Point", "coordinates": [ -60.50158009, -31.79112922 ] } },
{ "type": "Feature", "properties": { "ogc_fid": 137317, "ncm": "0121910002", "pob2022": 38.0 }, "geometry": { "type": "Point", "coordinates": [ -60.50267007, -31.79095979 ] } },
{ "type": "Feature", "properties": { "ogc_fid": 139587, "ncm": "0050280009", "pob2022": 161.0 }, "geometry": { "type": "Point", "coordinates": [ -60.54433079, -31.74170919 ] } },
{ "type": "Feature", "properties": { "ogc_fid": 139588, "ncm": "0050280008", "pob2022": 79.0 }, "geometry": { "type": "Point", "coordinates": [ -60.545387, -31.7415422 ] } },
{ "type": "Feature", "properties": { "ogc_fid": 139589, "ncm": "0050280007", "pob2022": 248.0 }, "geometry": { "type": "Point", "coordinates": [ -60.54656201, -31.74157749 ] } },
{ "type": "Feature", "properties": { "ogc_fid": 139591, "ncm": "0050280006", "pob2022": 238.0 }, "geometry": { "type": "Point", "coordinates": [ -60.54285183, -31.74087061 ] } },
{ "type": "Feature", "properties": { "ogc_fid": 139592, "ncm": "0050280005", "pob2022": 129.0 }, "geometry": { "type": "Point", "coordinates": [ -60.54409724, -31.74046705 ] } },
{ "type": "Feature", "properties": { "ogc_fid": 138238, "ncm": "0090130016", "pob2022": 86.0 }, "geometry": { "type": "Point", "coordinates": [ -60.49696011, -31.76054381 ] } },
{ "type": "Feature", "properties": { "ogc_fid": 139593, "ncm": "0050280004", "pob2022": 67.0 }, "geometry": { "type": "Point", "coordinates": [ -60.54514484, -31.74032215 ] } },
{ "type": "Feature", "properties": { "ogc_fid": 139595, "ncm": "0050280003", "pob2022": 71.0 }, "geometry": { "type": "Point", "coordinates": [ -60.54443804, -31.73948015 ] } },
{ "type": "Feature", "properties": { "ogc_fid": 137327, "ncm": "0120490001", "pob2022": 35.0 }, "geometry": { "type": "Point", "coordinates": [ -60.53540356, -31.75201145 ] } },
{ "type": "Feature", "properties": { "ogc_fid": 137328, "ncm": "0120480001", "pob2022": 15.0 }, "geometry": { "type": "Point", "coordinates": [ -60.5407223, -31.75143676 ] } },
{ "type": "Feature", "properties": { "ogc_fid": 137329, "ncm": "0120470001", "pob2022": 0.0 }, "geometry": { "type": "Point", "coordinates": [ -60.54641898, -31.75051758 ] } },
{ "type": "Feature", "properties": { "ogc_fid": 139596, "ncm": "0050250019", "pob2022": 107.0 }, "geometry": { "type": "Point", "coordinates": [ -60.54171195, -31.73779869 ] } },
{ "type": "Feature", "properties": { "ogc_fid": 137332, "ncm": "0120040001", "pob2022": 0.0 }, "geometry": { "type": "Point", "coordinates": [ -60.54157475, -31.75601265 ] } },
{ "type": "Feature", "properties": { "ogc_fid": 137333, "ncm": "0120030001", "pob2022": 0.0 }, "geometry": { "type": "Point", "coordinates": [ -60.54735737, -31.75512565 ] } },
{ "type": "Feature", "properties": { "ogc_fid": 137335, "ncm": "0120280001", "pob2022": 0.0 }, "geometry": { "type": "Point", "coordinates": [ -60.54251016, -31.76086268 ] } },
{ "type": "Feature", "properties": { "ogc_fid": 137336, "ncm": "0120270001", "pob2022": 0.0 }, "geometry": { "type": "Point", "coordinates": [ -60.54832766, -31.75996523 ] } },
{ "type": "Feature", "properties": { "ogc_fid": 137338, "ncm": "0120830001", "pob2022": 2.0 }, "geometry": { "type": "Point", "coordinates": [ -60.54462436, -31.77055919 ] } },
{ "type": "Feature", "properties": { "ogc_fid": 138239, "ncm": "0090130015", "pob2022": 31.0 }, "geometry": { "type": "Point", "coordinates": [ -60.49249323, -31.75992401 ] } },
{ "type": "Feature", "properties": { "ogc_fid": 139597, "ncm": "0050280002", "pob2022": 246.0 }, "geometry": { "type": "Point", "coordinates": [ -60.54577599, -31.73975465 ] } },
{ "type": "Feature", "properties": { "ogc_fid": 139598, "ncm": "0050280016", "pob2022": 98.0 }, "geometry": { "type": "Point", "coordinates": [ -60.54682524, -31.74282 ] } },
{ "type": "Feature", "properties": { "ogc_fid": 137341, "ncm": "0120540001", "pob2022": 16.0 }, "geometry": { "type": "Point", "coordinates": [ -60.54358877, -31.76567998 ] } },
{ "type": "Feature", "properties": { "ogc_fid": 137345, "ncm": "0121910005", "pob2022": 5.0 }, "geometry": { "type": "Point", "coordinates": [ -60.49936481, -31.79146677 ] } },
{ "type": "Feature", "properties": { "ogc_fid": 137350, "ncm": "0121910004", "pob2022": 4.0 }, "geometry": { "type": "Point", "coordinates": [ -60.50050266, -31.79130278 ] } },
{ "type": "Feature", "properties": { "ogc_fid": 138677, "ncm": "0070090023", "pob2022": 131.0 }, "geometry": { "type": "Point", "coordinates": [ -60.51341406, -31.7608007 ] } },
{ "type": "Feature", "properties": { "ogc_fid": 138678, "ncm": "0070090022", "pob2022": 58.0 }, "geometry": { "type": "Point", "coordinates": [ -60.51429958, -31.76038095 ] } },
{ "type": "Feature", "properties": { "ogc_fid": 138679, "ncm": "0070090020", "pob2022": 196.0 }, "geometry": { "type": "Point", "coordinates": [ -60.51449044, -31.75884996 ] } },
{ "type": "Feature", "properties": { "ogc_fid": 138680, "ncm": "0070090002", "pob2022": 25.0 }, "geometry": { "type": "Point", "coordinates": [ -60.51393813, -31.75801064 ] } },
{ "type": "Feature", "properties": { "ogc_fid": 138681, "ncm": "0070090017", "pob2022": 109.0 }, "geometry": { "type": "Point", "coordinates": [ -60.51278394, -31.76225275 ] } },
{ "type": "Feature", "properties": { "ogc_fid": 138682, "ncm": "0070090014", "pob2022": 61.0 }, "geometry": { "type": "Point", "coordinates": [ -60.51523104, -31.75994825 ] } },
{ "type": "Feature", "properties": { "ogc_fid": 138683, "ncm": "0070090013", "pob2022": 194.0 }, "geometry": { "type": "Point", "coordinates": [ -60.5106202, -31.76091034 ] } },
{ "type": "Feature", "properties": { "ogc_fid": 138684, "ncm": "0070090012", "pob2022": 0.0 }, "geometry": { "type": "Point", "coordinates": [ -60.51159805, -31.76105882 ] } },
{ "type": "Feature", "properties": { "ogc_fid": 138685, "ncm": "0070090011", "pob2022": 37.0 }, "geometry": { "type": "Point", "coordinates": [ -60.51141473, -31.7601742 ] } },
{ "type": "Feature", "properties": { "ogc_fid": 138686, "ncm": "0070880025", "pob2022": 33.0 }, "geometry": { "type": "Point", "coordinates": [ -60.51727862, -31.77704939 ] } },
{ "type": "Feature", "properties": { "ogc_fid": 138687, "ncm": "0070090010", "pob2022": 104.0 }, "geometry": { "type": "Point", "coordinates": [ -60.51241219, -31.76063361 ] } },
{ "type": "Feature", "properties": { "ogc_fid": 139599, "ncm": "0050280015", "pob2022": 105.0 }, "geometry": { "type": "Point", "coordinates": [ -60.54225633, -31.74323668 ] } },
{ "type": "Feature", "properties": { "ogc_fid": 139601, "ncm": "0050280014", "pob2022": 164.0 }, "geometry": { "type": "Point", "coordinates": [ -60.54369803, -31.74303169 ] } },
{ "type": "Feature", "properties": { "ogc_fid": 139602, "ncm": "0050280012", "pob2022": 242.0 }, "geometry": { "type": "Point", "coordinates": [ -60.54529878, -31.74279247 ] } },
{ "type": "Feature", "properties": { "ogc_fid": 139603, "ncm": "0050280011", "pob2022": 120.0 }, "geometry": { "type": "Point", "coordinates": [ -60.54205738, -31.74228651 ] } },
{ "type": "Feature", "properties": { "ogc_fid": 139604, "ncm": "0050280001", "pob2022": 259.0 }, "geometry": { "type": "Point", "coordinates": [ -60.54622571, -31.73880178 ] } },
{ "type": "Feature", "properties": { "ogc_fid": 139605, "ncm": "0050270009", "pob2022": 371.0 }, "geometry": { "type": "Point", "coordinates": [ -60.54856087, -31.73975384 ] } },
{ "type": "Feature", "properties": { "ogc_fid": 139608, "ncm": "0050250018", "pob2022": 54.0 }, "geometry": { "type": "Point", "coordinates": [ -60.54240458, -31.73731069 ] } },
{ "type": "Feature", "properties": { "ogc_fid": 139609, "ncm": "0050270005", "pob2022": 144.0 }, "geometry": { "type": "Point", "coordinates": [ -60.54733643, -31.7389871 ] } },
{ "type": "Feature", "properties": { "ogc_fid": 139610, "ncm": "0050270004", "pob2022": 140.0 }, "geometry": { "type": "Point", "coordinates": [ -60.54832492, -31.73855736 ] } },
{ "type": "Feature", "properties": { "ogc_fid": 140585, "ncm": "0080420022", "pob2022": 88.0 }, "geometry": { "type": "Point", "coordinates": [ -60.51128322, -31.72820478 ] } },
{ "type": "Feature", "properties": { "ogc_fid": 139614, "ncm": "0050270011", "pob2022": 162.0 }, "geometry": { "type": "Point", "coordinates": [ -60.54819045, -31.74078483 ] } },
{ "type": "Feature", "properties": { "ogc_fid": 138689, "ncm": "0070890009", "pob2022": 44.0 }, "geometry": { "type": "Point", "coordinates": [ -60.51179658, -31.7744185 ] } },
{ "type": "Feature", "properties": { "ogc_fid": 138690, "ncm": "0070890008", "pob2022": 58.0 }, "geometry": { "type": "Point", "coordinates": [ -60.51262814, -31.77418252 ] } },
{ "type": "Feature", "properties": { "ogc_fid": 137352, "ncm": "0121230012", "pob2022": 11.0 }, "geometry": { "type": "Point", "coordinates": [ -60.49142551, -31.78334846 ] } },
{ "type": "Feature", "properties": { "ogc_fid": 138240, "ncm": "0090130014", "pob2022": 80.0 }, "geometry": { "type": "Point", "coordinates": [ -60.49348148, -31.7597721 ] } },
{ "type": "Feature", "properties": { "ogc_fid": 138241, "ncm": "0090120002", "pob2022": 93.0 }, "geometry": { "type": "Point", "coordinates": [ -60.49612158, -31.76193428 ] } },
{ "type": "Feature", "properties": { "ogc_fid": 138242, "ncm": "0090130013", "pob2022": 63.0 }, "geometry": { "type": "Point", "coordinates": [ -60.4944673, -31.75962272 ] } },
{ "type": "Feature", "properties": { "ogc_fid": 138243, "ncm": "0090130012", "pob2022": 44.0 }, "geometry": { "type": "Point", "coordinates": [ -60.49566238, -31.75976335 ] } },
{ "type": "Feature", "properties": { "ogc_fid": 138244, "ncm": "0090130011", "pob2022": 50.0 }, "geometry": { "type": "Point", "coordinates": [ -60.49544752, -31.75919044 ] } },
{ "type": "Feature", "properties": { "ogc_fid": 138245, "ncm": "0090130010", "pob2022": 49.0 }, "geometry": { "type": "Point", "coordinates": [ -60.49647131, -31.75932085 ] } },
{ "type": "Feature", "properties": { "ogc_fid": 138246, "ncm": "0090120009", "pob2022": 81.0 }, "geometry": { "type": "Point", "coordinates": [ -60.49427019, -31.763522 ] } },
{ "type": "Feature", "properties": { "ogc_fid": 138247, "ncm": "0090120008", "pob2022": 73.0 }, "geometry": { "type": "Point", "coordinates": [ -60.49517678, -31.7633099 ] } },
{ "type": "Feature", "properties": { "ogc_fid": 138248, "ncm": "0090120007", "pob2022": 124.0 }, "geometry": { "type": "Point", "coordinates": [ -60.49637501, -31.76312213 ] } },
{ "type": "Feature", "properties": { "ogc_fid": 138249, "ncm": "0090120006", "pob2022": 88.0 }, "geometry": { "type": "Point", "coordinates": [ -60.49776435, -31.76290695 ] } },
{ "type": "Feature", "properties": { "ogc_fid": 138250, "ncm": "0090120005", "pob2022": 84.0 }, "geometry": { "type": "Point", "coordinates": [ -60.49308852, -31.76244813 ] } },
{ "type": "Feature", "properties": { "ogc_fid": 138692, "ncm": "0070880004", "pob2022": 187.0 }, "geometry": { "type": "Point", "coordinates": [ -60.5165123, -31.77322385 ] } },
{ "type": "Feature", "properties": { "ogc_fid": 138693, "ncm": "0070880023", "pob2022": 53.0 }, "geometry": { "type": "Point", "coordinates": [ -60.5161696, -31.77656645 ] } },
{ "type": "Feature", "properties": { "ogc_fid": 138694, "ncm": "0070880022", "pob2022": 46.0 }, "geometry": { "type": "Point", "coordinates": [ -60.51639964, -31.77625893 ] } },
{ "type": "Feature", "properties": { "ogc_fid": 138695, "ncm": "0070880002", "pob2022": 77.0 }, "geometry": { "type": "Point", "coordinates": [ -60.51783834, -31.77301813 ] } },
{ "type": "Feature", "properties": { "ogc_fid": 138696, "ncm": "0070880010", "pob2022": 36.0 }, "geometry": { "type": "Point", "coordinates": [ -60.51469598, -31.77427209 ] } },
{ "type": "Feature", "properties": { "ogc_fid": 138697, "ncm": "0070880001", "pob2022": 78.0 }, "geometry": { "type": "Point", "coordinates": [ -60.51829412, -31.77293703 ] } },
{ "type": "Feature", "properties": { "ogc_fid": 138698, "ncm": "0070870007", "pob2022": 18.0 }, "geometry": { "type": "Point", "coordinates": [ -60.51896087, -31.77317217 ] } },
{ "type": "Feature", "properties": { "ogc_fid": 138699, "ncm": "0070870006", "pob2022": 15.0 }, "geometry": { "type": "Point", "coordinates": [ -60.5194152, -31.77309608 ] } },
{ "type": "Feature", "properties": { "ogc_fid": 138700, "ncm": "0070870005", "pob2022": 14.0 }, "geometry": { "type": "Point", "coordinates": [ -60.51987297, -31.77302802 ] } },
{ "type": "Feature", "properties": { "ogc_fid": 138701, "ncm": "0070870004", "pob2022": 47.0 }, "geometry": { "type": "Point", "coordinates": [ -60.52048039, -31.7729244 ] } },
{ "type": "Feature", "properties": { "ogc_fid": 138702, "ncm": "0070080025", "pob2022": 16.0 }, "geometry": { "type": "Point", "coordinates": [ -60.51803664, -31.76079762 ] } },
{ "type": "Feature", "properties": { "ogc_fid": 138703, "ncm": "0070870002", "pob2022": 153.0 }, "geometry": { "type": "Point", "coordinates": [ -60.52029235, -31.77242476 ] } },
{ "type": "Feature", "properties": { "ogc_fid": 138705, "ncm": "0070080008", "pob2022": 75.0 }, "geometry": { "type": "Point", "coordinates": [ -60.51995105, -31.7584279 ] } },
{ "type": "Feature", "properties": { "ogc_fid": 138706, "ncm": "0070080007", "pob2022": 94.0 }, "geometry": { "type": "Point", "coordinates": [ -60.5158507, -31.75806329 ] } },
{ "type": "Feature", "properties": { "ogc_fid": 138707, "ncm": "0070080006", "pob2022": 91.0 }, "geometry": { "type": "Point", "coordinates": [ -60.51664972, -31.75795444 ] } },
{ "type": "Feature", "properties": { "ogc_fid": 138708, "ncm": "0070080005", "pob2022": 105.0 }, "geometry": { "type": "Point", "coordinates": [ -60.51742052, -31.75786314 ] } },
{ "type": "Feature", "properties": { "ogc_fid": 138709, "ncm": "0070080004", "pob2022": 39.0 }, "geometry": { "type": "Point", "coordinates": [ -60.51819473, -31.7579254 ] } },
{ "type": "Feature", "properties": { "ogc_fid": 138710, "ncm": "0070080003", "pob2022": 16.0 }, "geometry": { "type": "Point", "coordinates": [ -60.51871844, -31.75763147 ] } },
{ "type": "Feature", "properties": { "ogc_fid": 138711, "ncm": "0070080027", "pob2022": 38.0 }, "geometry": { "type": "Point", "coordinates": [ -60.51657353, -31.76152373 ] } },
{ "type": "Feature", "properties": { "ogc_fid": 138712, "ncm": "0070080026", "pob2022": 30.0 }, "geometry": { "type": "Point", "coordinates": [ -60.5172882, -31.76128817 ] } },
{ "type": "Feature", "properties": { "ogc_fid": 138713, "ncm": "0070080021", "pob2022": 25.0 }, "geometry": { "type": "Point", "coordinates": [ -60.51629603, -31.76019835 ] } },
{ "type": "Feature", "properties": { "ogc_fid": 138714, "ncm": "0070080020", "pob2022": 16.0 }, "geometry": { "type": "Point", "coordinates": [ -60.51707136, -31.76009313 ] } },
{ "type": "Feature", "properties": { "ogc_fid": 138715, "ncm": "0070600004", "pob2022": 113.0 }, "geometry": { "type": "Point", "coordinates": [ -60.50672086, -31.76959218 ] } },
{ "type": "Feature", "properties": { "ogc_fid": 138716, "ncm": "0070080002", "pob2022": 58.0 }, "geometry": { "type": "Point", "coordinates": [ -60.51960228, -31.75722648 ] } },
{ "type": "Feature", "properties": { "ogc_fid": 138717, "ncm": "0070080019", "pob2022": 17.0 }, "geometry": { "type": "Point", "coordinates": [ -60.51785092, -31.75998476 ] } },
{ "type": "Feature", "properties": { "ogc_fid": 138718, "ncm": "0070080018", "pob2022": 17.0 }, "geometry": { "type": "Point", "coordinates": [ -60.51861766, -31.75985486 ] } },
{ "type": "Feature", "properties": { "ogc_fid": 138719, "ncm": "0070080017", "pob2022": 4.0 }, "geometry": { "type": "Point", "coordinates": [ -60.51920903, -31.75952232 ] } },
{ "type": "Feature", "properties": { "ogc_fid": 138720, "ncm": "0070080014", "pob2022": 106.0 }, "geometry": { "type": "Point", "coordinates": [ -60.51609457, -31.75919175 ] } },
{ "type": "Feature", "properties": { "ogc_fid": 138721, "ncm": "0070080013", "pob2022": 97.0 }, "geometry": { "type": "Point", "coordinates": [ -60.51687502, -31.75907853 ] } },
{ "type": "Feature", "properties": { "ogc_fid": 138722, "ncm": "0070080012", "pob2022": 89.0 }, "geometry": { "type": "Point", "coordinates": [ -60.51765547, -31.75896531 ] } },
{ "type": "Feature", "properties": { "ogc_fid": 138723, "ncm": "0070080011", "pob2022": 90.0 }, "geometry": { "type": "Point", "coordinates": [ -60.51843592, -31.75885208 ] } },
{ "type": "Feature", "properties": { "ogc_fid": 138724, "ncm": "0070080010", "pob2022": 67.0 }, "geometry": { "type": "Point", "coordinates": [ -60.51921245, -31.75874384 ] } },
{ "type": "Feature", "properties": { "ogc_fid": 138725, "ncm": "0070080001", "pob2022": 133.0 }, "geometry": { "type": "Point", "coordinates": [ -60.52039373, -31.75749881 ] } },
{ "type": "Feature", "properties": { "ogc_fid": 138726, "ncm": "0070660005", "pob2022": 103.0 }, "geometry": { "type": "Point", "coordinates": [ -60.50354438, -31.74177273 ] } },
{ "type": "Feature", "properties": { "ogc_fid": 138727, "ncm": "0070660004", "pob2022": 109.0 }, "geometry": { "type": "Point", "coordinates": [ -60.50237093, -31.74180722 ] } },
{ "type": "Feature", "properties": { "ogc_fid": 138728, "ncm": "0070590009", "pob2022": 102.0 }, "geometry": { "type": "Point", "coordinates": [ -60.5162332, -31.76910679 ] } },
{ "type": "Feature", "properties": { "ogc_fid": 138729, "ncm": "0070660002", "pob2022": 26.0 }, "geometry": { "type": "Point", "coordinates": [ -60.50205626, -31.7404551 ] } },
{ "type": "Feature", "properties": { "ogc_fid": 138730, "ncm": "0070660012", "pob2022": 78.0 }, "geometry": { "type": "Point", "coordinates": [ -60.50114407, -31.74436009 ] } },
{ "type": "Feature", "properties": { "ogc_fid": 138731, "ncm": "0070600024", "pob2022": 50.0 }, "geometry": { "type": "Point", "coordinates": [ -60.50962379, -31.76909145 ] } },
{ "type": "Feature", "properties": { "ogc_fid": 138733, "ncm": "0070650010", "pob2022": 162.0 }, "geometry": { "type": "Point", "coordinates": [ -60.50346195, -31.74911862 ] } },
{ "type": "Feature", "properties": { "ogc_fid": 138734, "ncm": "0070650001", "pob2022": 89.0 }, "geometry": { "type": "Point", "coordinates": [ -60.5061148, -31.74512847 ] } },
{ "type": "Feature", "properties": { "ogc_fid": 138735, "ncm": "0070640009", "pob2022": 37.0 }, "geometry": { "type": "Point", "coordinates": [ -60.50359319, -31.7523731 ] } },
{ "type": "Feature", "properties": { "ogc_fid": 138736, "ncm": "0070600033", "pob2022": 59.0 }, "geometry": { "type": "Point", "coordinates": [ -60.50906296, -31.77083887 ] } },
{ "type": "Feature", "properties": { "ogc_fid": 138737, "ncm": "0070650017", "pob2022": 53.0 }, "geometry": { "type": "Point", "coordinates": [ -60.5049823, -31.74777758 ] } },
{ "type": "Feature", "properties": { "ogc_fid": 138738, "ncm": "0070640008", "pob2022": 59.0 }, "geometry": { "type": "Point", "coordinates": [ -60.50453511, -31.75190494 ] } },
{ "type": "Feature", "properties": { "ogc_fid": 138739, "ncm": "0070600008", "pob2022": 119.0 }, "geometry": { "type": "Point", "coordinates": [ -60.50689649, -31.7704181 ] } },
{ "type": "Feature", "properties": { "ogc_fid": 138741, "ncm": "0070650008", "pob2022": 123.0 }, "geometry": { "type": "Point", "coordinates": [ -60.50547259, -31.74651258 ] } },
{ "type": "Feature", "properties": { "ogc_fid": 138742, "ncm": "0070650007", "pob2022": 120.0 }, "geometry": { "type": "Point", "coordinates": [ -60.50641086, -31.74625941 ] } },
{ "type": "Feature", "properties": { "ogc_fid": 138743, "ncm": "0070630016", "pob2022": 71.0 }, "geometry": { "type": "Point", "coordinates": [ -60.50726607, -31.75820412 ] } },
{ "type": "Feature", "properties": { "ogc_fid": 138744, "ncm": "0070650006", "pob2022": 72.0 }, "geometry": { "type": "Point", "coordinates": [ -60.50240687, -31.74669541 ] } },
{ "type": "Feature", "properties": { "ogc_fid": 138745, "ncm": "0070650016", "pob2022": 59.0 }, "geometry": { "type": "Point", "coordinates": [ -60.50598664, -31.74749256 ] } },
{ "type": "Feature", "properties": { "ogc_fid": 138746, "ncm": "0070650005", "pob2022": 98.0 }, "geometry": { "type": "Point", "coordinates": [ -60.50264651, -31.74565376 ] } },
{ "type": "Feature", "properties": { "ogc_fid": 138747, "ncm": "0070630013", "pob2022": 66.0 }, "geometry": { "type": "Point", "coordinates": [ -60.50514113, -31.75800514 ] } },
{ "type": "Feature", "properties": { "ogc_fid": 138748, "ncm": "0070650004", "pob2022": 99.0 }, "geometry": { "type": "Point", "coordinates": [ -60.50387698, -31.74555777 ] } },
{ "type": "Feature", "properties": { "ogc_fid": 138749, "ncm": "0070650003", "pob2022": 75.0 }, "geometry": { "type": "Point", "coordinates": [ -60.50460477, -31.74550147 ] } },
{ "type": "Feature", "properties": { "ogc_fid": 138750, "ncm": "0070650029", "pob2022": 86.0 }, "geometry": { "type": "Point", "coordinates": [ -60.50256852, -31.75074578 ] } },
{ "type": "Feature", "properties": { "ogc_fid": 138751, "ncm": "0070650027", "pob2022": 29.0 }, "geometry": { "type": "Point", "coordinates": [ -60.50237561, -31.74971357 ] } },
{ "type": "Feature", "properties": { "ogc_fid": 138752, "ncm": "0070650026", "pob2022": 47.0 }, "geometry": { "type": "Point", "coordinates": [ -60.50216895, -31.74889325 ] } },
{ "type": "Feature", "properties": { "ogc_fid": 138753, "ncm": "0070650024", "pob2022": 66.0 }, "geometry": { "type": "Point", "coordinates": [ -60.50552329, -31.74882169 ] } },
{ "type": "Feature", "properties": { "ogc_fid": 138754, "ncm": "0070650023", "pob2022": 74.0 }, "geometry": { "type": "Point", "coordinates": [ -60.50644831, -31.74840621 ] } },
{ "type": "Feature", "properties": { "ogc_fid": 138755, "ncm": "0070650022", "pob2022": 13.0 }, "geometry": { "type": "Point", "coordinates": [ -60.50709049, -31.74799476 ] } },
{ "type": "Feature", "properties": { "ogc_fid": 138756, "ncm": "0070650021", "pob2022": 27.0 }, "geometry": { "type": "Point", "coordinates": [ -60.50192861, -31.74806105 ] } },
{ "type": "Feature", "properties": { "ogc_fid": 138757, "ncm": "0070650002", "pob2022": 106.0 }, "geometry": { "type": "Point", "coordinates": [ -60.50523892, -31.74524291 ] } },
{ "type": "Feature", "properties": { "ogc_fid": 138758, "ncm": "0070650018", "pob2022": 11.0 }, "geometry": { "type": "Point", "coordinates": [ -60.50449768, -31.74855116 ] } },
{ "type": "Feature", "properties": { "ogc_fid": 138759, "ncm": "0070640007", "pob2022": 93.0 }, "geometry": { "type": "Point", "coordinates": [ -60.50567387, -31.75149029 ] } },
{ "type": "Feature", "properties": { "ogc_fid": 138760, "ncm": "0070640006", "pob2022": 82.0 }, "geometry": { "type": "Point", "coordinates": [ -60.50673865, -31.75135826 ] } },
{ "type": "Feature", "properties": { "ogc_fid": 138761, "ncm": "0070640004", "pob2022": 111.0 }, "geometry": { "type": "Point", "coordinates": [ -60.50317718, -31.75164738 ] } },
{ "type": "Feature", "properties": { "ogc_fid": 138762, "ncm": "0070640003", "pob2022": 117.0 }, "geometry": { "type": "Point", "coordinates": [ -60.50459139, -31.75079382 ] } },
{ "type": "Feature", "properties": { "ogc_fid": 138763, "ncm": "0070630014", "pob2022": 293.0 }, "geometry": { "type": "Point", "coordinates": [ -60.50409041, -31.75798763 ] } },
{ "type": "Feature", "properties": { "ogc_fid": 138764, "ncm": "0070640002", "pob2022": 81.0 }, "geometry": { "type": "Point", "coordinates": [ -60.50607197, -31.75027698 ] } },
{ "type": "Feature", "properties": { "ogc_fid": 138765, "ncm": "0070640019", "pob2022": 137.0 }, "geometry": { "type": "Point", "coordinates": [ -60.50334948, -31.75449273 ] } },
{ "type": "Feature", "properties": { "ogc_fid": 138766, "ncm": "0070640018", "pob2022": 112.0 }, "geometry": { "type": "Point", "coordinates": [ -60.5042414, -31.75438518 ] } },
{ "type": "Feature", "properties": { "ogc_fid": 138767, "ncm": "0070640017", "pob2022": 106.0 }, "geometry": { "type": "Point", "coordinates": [ -60.5046883, -31.75370594 ] } },
{ "type": "Feature", "properties": { "ogc_fid": 138768, "ncm": "0070600011", "pob2022": 50.0 }, "geometry": { "type": "Point", "coordinates": [ -60.50822246, -31.77091132 ] } },
{ "type": "Feature", "properties": { "ogc_fid": 138769, "ncm": "0070640016", "pob2022": 145.0 }, "geometry": { "type": "Point", "coordinates": [ -60.505845, -31.75353931 ] } },
{ "type": "Feature", "properties": { "ogc_fid": 138770, "ncm": "0070600023", "pob2022": 49.0 }, "geometry": { "type": "Point", "coordinates": [ -60.51008321, -31.76902016 ] } },
{ "type": "Feature", "properties": { "ogc_fid": 138771, "ncm": "0070640015", "pob2022": 44.0 }, "geometry": { "type": "Point", "coordinates": [ -60.50725039, -31.7541245 ] } },
{ "type": "Feature", "properties": { "ogc_fid": 138772, "ncm": "0070640014", "pob2022": 110.0 }, "geometry": { "type": "Point", "coordinates": [ -60.50314983, -31.75318314 ] } },
{ "type": "Feature", "properties": { "ogc_fid": 138773, "ncm": "0070640013", "pob2022": 114.0 }, "geometry": { "type": "Point", "coordinates": [ -60.50443377, -31.75283553 ] } },
{ "type": "Feature", "properties": { "ogc_fid": 138774, "ncm": "0070640012", "pob2022": 115.0 }, "geometry": { "type": "Point", "coordinates": [ -60.50578614, -31.75257105 ] } },
{ "type": "Feature", "properties": { "ogc_fid": 138775, "ncm": "0070640011", "pob2022": 84.0 }, "geometry": { "type": "Point", "coordinates": [ -60.50696413, -31.75245051 ] } },
{ "type": "Feature", "properties": { "ogc_fid": 138776, "ncm": "0070630015", "pob2022": 117.0 }, "geometry": { "type": "Point", "coordinates": [ -60.50848281, -31.75806808 ] } },
{ "type": "Feature", "properties": { "ogc_fid": 138777, "ncm": "0070590017", "pob2022": 80.0 }, "geometry": { "type": "Point", "coordinates": [ -60.51607124, -31.77110129 ] } },
{ "type": "Feature", "properties": { "ogc_fid": 138778, "ncm": "0070600007", "pob2022": 130.0 }, "geometry": { "type": "Point", "coordinates": [ -60.50806905, -31.77022268 ] } },
{ "type": "Feature", "properties": { "ogc_fid": 138779, "ncm": "0070640010", "pob2022": 379.0 }, "geometry": { "type": "Point", "coordinates": [ -60.50734794, -31.75343392 ] } },
{ "type": "Feature", "properties": { "ogc_fid": 138780, "ncm": "0070640001", "pob2022": 214.0 }, "geometry": { "type": "Point", "coordinates": [ -60.50717435, -31.7502281 ] } },
{ "type": "Feature", "properties": { "ogc_fid": 138781, "ncm": "0070630009", "pob2022": 73.0 }, "geometry": { "type": "Point", "coordinates": [ -60.50798298, -31.75707653 ] } },
{ "type": "Feature", "properties": { "ogc_fid": 138782, "ncm": "0070630008", "pob2022": 64.0 }, "geometry": { "type": "Point", "coordinates": [ -60.50882161, -31.75713827 ] } },
{ "type": "Feature", "properties": { "ogc_fid": 138783, "ncm": "0070630007", "pob2022": 148.0 }, "geometry": { "type": "Point", "coordinates": [ -60.50531643, -31.75643573 ] } },
{ "type": "Feature", "properties": { "ogc_fid": 138784, "ncm": "0070630006", "pob2022": 288.0 }, "geometry": { "type": "Point", "coordinates": [ -60.50765194, -31.75609398 ] } },
{ "type": "Feature", "properties": { "ogc_fid": 138785, "ncm": "0070630005", "pob2022": 88.0 }, "geometry": { "type": "Point", "coordinates": [ -60.50373447, -31.75537496 ] } },
{ "type": "Feature", "properties": { "ogc_fid": 138787, "ncm": "0070630002", "pob2022": 93.0 }, "geometry": { "type": "Point", "coordinates": [ -60.50755832, -31.75501931 ] } },
{ "type": "Feature", "properties": { "ogc_fid": 138788, "ncm": "0070630018", "pob2022": 100.0 }, "geometry": { "type": "Point", "coordinates": [ -60.50528352, -31.75866547 ] } },
{ "type": "Feature", "properties": { "ogc_fid": 138789, "ncm": "0070630017", "pob2022": 80.0 }, "geometry": { "type": "Point", "coordinates": [ -60.5062971, -31.75835029 ] } },
{ "type": "Feature", "properties": { "ogc_fid": 138790, "ncm": "0070630012", "pob2022": 65.0 }, "geometry": { "type": "Point", "coordinates": [ -60.50499561, -31.75734757 ] } },
{ "type": "Feature", "properties": { "ogc_fid": 138791, "ncm": "0070630011", "pob2022": 132.0 }, "geometry": { "type": "Point", "coordinates": [ -60.50606793, -31.75735794 ] } },
{ "type": "Feature", "properties": { "ogc_fid": 138792, "ncm": "0070630010", "pob2022": 90.0 }, "geometry": { "type": "Point", "coordinates": [ -60.50705308, -31.75721403 ] } },
{ "type": "Feature", "properties": { "ogc_fid": 138793, "ncm": "0070600022", "pob2022": 53.0 }, "geometry": { "type": "Point", "coordinates": [ -60.51053396, -31.76894824 ] } },
{ "type": "Feature", "properties": { "ogc_fid": 138794, "ncm": "0070630001", "pob2022": 62.0 }, "geometry": { "type": "Point", "coordinates": [ -60.5083609, -31.7548811 ] } },
{ "type": "Feature", "properties": { "ogc_fid": 138795, "ncm": "0070600031", "pob2022": 31.0 }, "geometry": { "type": "Point", "coordinates": [ -60.51017569, -31.77062253 ] } },
{ "type": "Feature", "properties": { "ogc_fid": 138796, "ncm": "0070600030", "pob2022": 43.0 }, "geometry": { "type": "Point", "coordinates": [ -60.50980435, -31.76988599 ] } },
{ "type": "Feature", "properties": { "ogc_fid": 138797, "ncm": "0070600003", "pob2022": 128.0 }, "geometry": { "type": "Point", "coordinates": [ -60.50789368, -31.76939855 ] } },
{ "type": "Feature", "properties": { "ogc_fid": 138798, "ncm": "0070600029", "pob2022": 50.0 }, "geometry": { "type": "Point", "coordinates": [ -60.51026363, -31.76981366 ] } },
{ "type": "Feature", "properties": { "ogc_fid": 138799, "ncm": "0070600028", "pob2022": 48.0 }, "geometry": { "type": "Point", "coordinates": [ -60.51071422, -31.76974068 ] } },
{ "type": "Feature", "properties": { "ogc_fid": 138800, "ncm": "0070600027", "pob2022": 17.0 }, "geometry": { "type": "Point", "coordinates": [ -60.51112751, -31.76955187 ] } },
{ "type": "Feature", "properties": { "ogc_fid": 138801, "ncm": "0070600026", "pob2022": 135.0 }, "geometry": { "type": "Point", "coordinates": [ -60.50879036, -31.76961326 ] } },
{ "type": "Feature", "properties": { "ogc_fid": 138802, "ncm": "0070600025", "pob2022": 115.0 }, "geometry": { "type": "Point", "coordinates": [ -60.50924974, -31.76954081 ] } },
{ "type": "Feature", "properties": { "ogc_fid": 138803, "ncm": "0070600021", "pob2022": 59.0 }, "geometry": { "type": "Point", "coordinates": [ -60.51099316, -31.76887561 ] } },
{ "type": "Feature", "properties": { "ogc_fid": 138805, "ncm": "0070600018", "pob2022": 73.0 }, "geometry": { "type": "Point", "coordinates": [ -60.5070265, -31.77218736 ] } },
{ "type": "Feature", "properties": { "ogc_fid": 138806, "ncm": "0070600017", "pob2022": 12.0 }, "geometry": { "type": "Point", "coordinates": [ -60.50784819, -31.77197172 ] } },
{ "type": "Feature", "properties": { "ogc_fid": 138807, "ncm": "0070600016", "pob2022": 26.0 }, "geometry": { "type": "Point", "coordinates": [ -60.50865594, -31.77169721 ] } },
{ "type": "Feature", "properties": { "ogc_fid": 138808, "ncm": "0070600015", "pob2022": 0.0 }, "geometry": { "type": "Point", "coordinates": [ -60.50924783, -31.77149082 ] } },
{ "type": "Feature", "properties": { "ogc_fid": 138809, "ncm": "0070600012", "pob2022": 43.0 }, "geometry": { "type": "Point", "coordinates": [ -60.50704907, -31.77110339 ] } },
{ "type": "Feature", "properties": { "ogc_fid": 138810, "ncm": "0070590008", "pob2022": 93.0 }, "geometry": { "type": "Point", "coordinates": [ -60.51714089, -31.76957066 ] } },
{ "type": "Feature", "properties": { "ogc_fid": 138811, "ncm": "0070590006", "pob2022": 127.0 }, "geometry": { "type": "Point", "coordinates": [ -60.51704204, -31.76861325 ] } },
{ "type": "Feature", "properties": { "ogc_fid": 138812, "ncm": "0070590005", "pob2022": 12.0 }, "geometry": { "type": "Point", "coordinates": [ -60.5121331, -31.76850716 ] } },
{ "type": "Feature", "properties": { "ogc_fid": 138813, "ncm": "0070590004", "pob2022": 56.0 }, "geometry": { "type": "Point", "coordinates": [ -60.51296, -31.76900814 ] } },
{ "type": "Feature", "properties": { "ogc_fid": 138814, "ncm": "0070590003", "pob2022": 16.0 }, "geometry": { "type": "Point", "coordinates": [ -60.51423172, -31.76923725 ] } },
{ "type": "Feature", "properties": { "ogc_fid": 138815, "ncm": "0070590022", "pob2022": 0.0 }, "geometry": { "type": "Point", "coordinates": [ -60.51394459, -31.77117746 ] } },
{ "type": "Feature", "properties": { "ogc_fid": 138816, "ncm": "0070590021", "pob2022": 54.0 }, "geometry": { "type": "Point", "coordinates": [ -60.51454317, -31.77149215 ] } },
{ "type": "Feature", "properties": { "ogc_fid": 138817, "ncm": "0070590020", "pob2022": 113.0 }, "geometry": { "type": "Point", "coordinates": [ -60.51544556, -31.7719737 ] } },
{ "type": "Feature", "properties": { "ogc_fid": 138818, "ncm": "0070590002", "pob2022": 21.0 }, "geometry": { "type": "Point", "coordinates": [ -60.51572478, -31.76799051 ] } },
{ "type": "Feature", "properties": { "ogc_fid": 138819, "ncm": "0070590019", "pob2022": 48.0 }, "geometry": { "type": "Point", "coordinates": [ -60.51638333, -31.77220833 ] } },
{ "type": "Feature", "properties": { "ogc_fid": 138820, "ncm": "0070590018", "pob2022": 89.0 }, "geometry": { "type": "Point", "coordinates": [ -60.51516883, -31.7706279 ] } },
{ "type": "Feature", "properties": { "ogc_fid": 138821, "ncm": "0070590016", "pob2022": 146.0 }, "geometry": { "type": "Point", "coordinates": [ -60.51729977, -31.77171982 ] } },
{ "type": "Feature", "properties": { "ogc_fid": 138822, "ncm": "0070590015", "pob2022": 0.0 }, "geometry": { "type": "Point", "coordinates": [ -60.51448134, -31.77024745 ] } },
{ "type": "Feature", "properties": { "ogc_fid": 138823, "ncm": "0070590014", "pob2022": 33.0 }, "geometry": { "type": "Point", "coordinates": [ -60.51504347, -31.76948686 ] } },
{ "type": "Feature", "properties": { "ogc_fid": 138824, "ncm": "0070590012", "pob2022": 97.0 }, "geometry": { "type": "Point", "coordinates": [ -60.51662025, -31.77032691 ] } },
{ "type": "Feature", "properties": { "ogc_fid": 138825, "ncm": "0070590011", "pob2022": 117.0 }, "geometry": { "type": "Point", "coordinates": [ -60.51760612, -31.77088951 ] } },
{ "type": "Feature", "properties": { "ogc_fid": 138826, "ncm": "0070590010", "pob2022": 27.0 }, "geometry": { "type": "Point", "coordinates": [ -60.51549812, -31.76873984 ] } },
{ "type": "Feature", "properties": { "ogc_fid": 138827, "ncm": "0070590001", "pob2022": 112.0 }, "geometry": { "type": "Point", "coordinates": [ -60.51672829, -31.76785943 ] } },
{ "type": "Feature", "properties": { "ogc_fid": 138828, "ncm": "0070580009", "pob2022": 63.0 }, "geometry": { "type": "Point", "coordinates": [ -60.52285858, -31.7685408 ] } },
{ "type": "Feature", "properties": { "ogc_fid": 138829, "ncm": "0070580008", "pob2022": 77.0 }, "geometry": { "type": "Point", "coordinates": [ -60.51850311, -31.76839768 ] } },
{ "type": "Feature", "properties": { "ogc_fid": 138830, "ncm": "0070580007", "pob2022": 72.0 }, "geometry": { "type": "Point", "coordinates": [ -60.51994477, -31.76818566 ] } },
{ "type": "Feature", "properties": { "ogc_fid": 138831, "ncm": "0070580006", "pob2022": 77.0 }, "geometry": { "type": "Point", "coordinates": [ -60.52141383, -31.76797261 ] } },
{ "type": "Feature", "properties": { "ogc_fid": 138832, "ncm": "0070580005", "pob2022": 91.0 }, "geometry": { "type": "Point", "coordinates": [ -60.52269135, -31.76776991 ] } },
{ "type": "Feature", "properties": { "ogc_fid": 138833, "ncm": "0070580004", "pob2022": 88.0 }, "geometry": { "type": "Point", "coordinates": [ -60.51828235, -31.76760815 ] } },
{ "type": "Feature", "properties": { "ogc_fid": 138834, "ncm": "0070530023", "pob2022": 53.0 }, "geometry": { "type": "Point", "coordinates": [ -60.5140417, -31.75721585 ] } },
{ "type": "Feature", "properties": { "ogc_fid": 138835, "ncm": "0070580014", "pob2022": 80.0 }, "geometry": { "type": "Point", "coordinates": [ -60.52179617, -31.76947721 ] } },
{ "type": "Feature", "properties": { "ogc_fid": 138836, "ncm": "0070580003", "pob2022": 93.0 }, "geometry": { "type": "Point", "coordinates": [ -60.51979317, -31.76741278 ] } },
{ "type": "Feature", "properties": { "ogc_fid": 138837, "ncm": "0070580025", "pob2022": 154.0 }, "geometry": { "type": "Point", "coordinates": [ -60.52063506, -31.77145437 ] } },
{ "type": "Feature", "properties": { "ogc_fid": 138838, "ncm": "0070580024", "pob2022": 50.0 }, "geometry": { "type": "Point", "coordinates": [ -60.51879885, -31.77172221 ] } },
{ "type": "Feature", "properties": { "ogc_fid": 138839, "ncm": "0070580023", "pob2022": 61.0 }, "geometry": { "type": "Point", "coordinates": [ -60.51953469, -31.77160144 ] } },
{ "type": "Feature", "properties": { "ogc_fid": 138840, "ncm": "0070580022", "pob2022": 50.0 }, "geometry": { "type": "Point", "coordinates": [ -60.52007963, -31.77086849 ] } },
{ "type": "Feature", "properties": { "ogc_fid": 138841, "ncm": "0070580021", "pob2022": 52.0 }, "geometry": { "type": "Point", "coordinates": [ -60.51865869, -31.7710522 ] } },
{ "type": "Feature", "properties": { "ogc_fid": 138842, "ncm": "0070580020", "pob2022": 88.0 }, "geometry": { "type": "Point", "coordinates": [ -60.51934106, -31.77073476 ] } },
{ "type": "Feature", "properties": { "ogc_fid": 138843, "ncm": "0070580002", "pob2022": 105.0 }, "geometry": { "type": "Point", "coordinates": [ -60.52123689, -31.76717672 ] } },
{ "type": "Feature", "properties": { "ogc_fid": 138844, "ncm": "0070580019", "pob2022": 82.0 }, "geometry": { "type": "Point", "coordinates": [ -60.51846753, -31.77021785 ] } },
{ "type": "Feature", "properties": { "ogc_fid": 138845, "ncm": "0070580018", "pob2022": 153.0 }, "geometry": { "type": "Point", "coordinates": [ -60.51988769, -31.76973367 ] } },
{ "type": "Feature", "properties": { "ogc_fid": 138846, "ncm": "0070580017", "pob2022": 124.0 }, "geometry": { "type": "Point", "coordinates": [ -60.52092961, -31.77029016 ] } },
{ "type": "Feature", "properties": { "ogc_fid": 138847, "ncm": "0070580016", "pob2022": 168.0 }, "geometry": { "type": "Point", "coordinates": [ -60.5220678, -31.77059247 ] } },
{ "type": "Feature", "properties": { "ogc_fid": 138848, "ncm": "0070580015", "pob2022": 137.0 }, "geometry": { "type": "Point", "coordinates": [ -60.52339422, -31.77088869 ] } },
{ "type": "Feature", "properties": { "ogc_fid": 138849, "ncm": "0070580013", "pob2022": 91.0 }, "geometry": { "type": "Point", "coordinates": [ -60.52306689, -31.76940032 ] } },
{ "type": "Feature", "properties": { "ogc_fid": 138850, "ncm": "0070580012", "pob2022": 106.0 }, "geometry": { "type": "Point", "coordinates": [ -60.51861109, -31.76930016 ] } },
{ "type": "Feature", "properties": { "ogc_fid": 138851, "ncm": "0070580011", "pob2022": 82.0 }, "geometry": { "type": "Point", "coordinates": [ -60.52036734, -31.76894109 ] } },
{ "type": "Feature", "properties": { "ogc_fid": 138852, "ncm": "0070580010", "pob2022": 91.0 }, "geometry": { "type": "Point", "coordinates": [ -60.52158187, -31.76874377 ] } },
{ "type": "Feature", "properties": { "ogc_fid": 138853, "ncm": "0070580001", "pob2022": 86.0 }, "geometry": { "type": "Point", "coordinates": [ -60.52251695, -31.76697237 ] } },
{ "type": "Feature", "properties": { "ogc_fid": 138854, "ncm": "0070560008", "pob2022": 168.0 }, "geometry": { "type": "Point", "coordinates": [ -60.5080774, -31.7409934 ] } },
{ "type": "Feature", "properties": { "ogc_fid": 138855, "ncm": "0070560006", "pob2022": 281.0 }, "geometry": { "type": "Point", "coordinates": [ -60.51015399, -31.74059136 ] } },
{ "type": "Feature", "properties": { "ogc_fid": 138856, "ncm": "0070530026", "pob2022": 43.0 }, "geometry": { "type": "Point", "coordinates": [ -60.51087727, -31.75770483 ] } },
{ "type": "Feature", "properties": { "ogc_fid": 138857, "ncm": "0070560005", "pob2022": 202.0 }, "geometry": { "type": "Point", "coordinates": [ -60.50616895, -31.7406473 ] } },
{ "type": "Feature", "properties": { "ogc_fid": 138858, "ncm": "0070560004", "pob2022": 204.0 }, "geometry": { "type": "Point", "coordinates": [ -60.50694381, -31.74059722 ] } },
{ "type": "Feature", "properties": { "ogc_fid": 138859, "ncm": "0070560003", "pob2022": 145.0 }, "geometry": { "type": "Point", "coordinates": [ -60.50774764, -31.73972633 ] } },
{ "type": "Feature", "properties": { "ogc_fid": 138860, "ncm": "0070560002", "pob2022": 139.0 }, "geometry": { "type": "Point", "coordinates": [ -60.50897024, -31.73953195 ] } },
{ "type": "Feature", "properties": { "ogc_fid": 138861, "ncm": "0070560018", "pob2022": 98.0 }, "geometry": { "type": "Point", "coordinates": [ -60.50975557, -31.74325251 ] } },
{ "type": "Feature", "properties": { "ogc_fid": 138862, "ncm": "0070520021", "pob2022": 68.0 }, "geometry": { "type": "Point", "coordinates": [ -60.51607854, -31.75553323 ] } },
{ "type": "Feature", "properties": { "ogc_fid": 138863, "ncm": "0070560017", "pob2022": 87.0 }, "geometry": { "type": "Point", "coordinates": [ -60.51114054, -31.74328343 ] } },
{ "type": "Feature", "properties": { "ogc_fid": 138864, "ncm": "0070560016", "pob2022": 195.0 }, "geometry": { "type": "Point", "coordinates": [ -60.50782592, -31.74331044 ] } },
{ "type": "Feature", "properties": { "ogc_fid": 138865, "ncm": "0070560015", "pob2022": 50.0 }, "geometry": { "type": "Point", "coordinates": [ -60.50954581, -31.74230821 ] } },
{ "type": "Feature", "properties": { "ogc_fid": 138866, "ncm": "0070560014", "pob2022": 64.0 }, "geometry": { "type": "Point", "coordinates": [ -60.5111076, -31.74263362 ] } },
{ "type": "Feature", "properties": { "ogc_fid": 138867, "ncm": "0070530027", "pob2022": 38.0 }, "geometry": { "type": "Point", "coordinates": [ -60.50995223, -31.75773459 ] } },
{ "type": "Feature", "properties": { "ogc_fid": 138868, "ncm": "0070560013", "pob2022": 216.0 }, "geometry": { "type": "Point", "coordinates": [ -60.50735808, -31.74218228 ] } },
{ "type": "Feature", "properties": { "ogc_fid": 138869, "ncm": "0070560012", "pob2022": 64.0 }, "geometry": { "type": "Point", "coordinates": [ -60.50941026, -31.74166381 ] } },
{ "type": "Feature", "properties": { "ogc_fid": 138870, "ncm": "0070560011", "pob2022": 64.0 }, "geometry": { "type": "Point", "coordinates": [ -60.51033527, -31.74183585 ] } },
{ "type": "Feature", "properties": { "ogc_fid": 138871, "ncm": "0070560010", "pob2022": 50.0 }, "geometry": { "type": "Point", "coordinates": [ -60.51128315, -31.74166029 ] } },
{ "type": "Feature", "properties": { "ogc_fid": 138872, "ncm": "0070560001", "pob2022": 221.0 }, "geometry": { "type": "Point", "coordinates": [ -60.51039798, -31.73932515 ] } },
{ "type": "Feature", "properties": { "ogc_fid": 138873, "ncm": "0070550008", "pob2022": 50.0 }, "geometry": { "type": "Point", "coordinates": [ -60.5075814, -31.74573221 ] } },
{ "type": "Feature", "properties": { "ogc_fid": 138874, "ncm": "0070550007", "pob2022": 119.0 }, "geometry": { "type": "Point", "coordinates": [ -60.50899685, -31.74650361 ] } },
{ "type": "Feature", "properties": { "ogc_fid": 138875, "ncm": "0070530022", "pob2022": 38.0 }, "geometry": { "type": "Point", "coordinates": [ -60.51479613, -31.75709915 ] } },
{ "type": "Feature", "properties": { "ogc_fid": 138876, "ncm": "0070520003", "pob2022": 137.0 }, "geometry": { "type": "Point", "coordinates": [ -60.51677808, -31.75335235 ] } },
{ "type": "Feature", "properties": { "ogc_fid": 138877, "ncm": "0070520027", "pob2022": 145.0 }, "geometry": { "type": "Point", "coordinates": [ -60.51550707, -31.75673605 ] } },
{ "type": "Feature", "properties": { "ogc_fid": 138878, "ncm": "0070550004", "pob2022": 660.0 }, "geometry": { "type": "Point", "coordinates": [ -60.50908965, -31.74545427 ] } },
{ "type": "Feature", "properties": { "ogc_fid": 138879, "ncm": "0070520022", "pob2022": 69.0 }, "geometry": { "type": "Point", "coordinates": [ -60.52029017, -31.75634378 ] } },
{ "type": "Feature", "properties": { "ogc_fid": 138880, "ncm": "0070550003", "pob2022": 192.0 }, "geometry": { "type": "Point", "coordinates": [ -60.51036961, -31.7448447 ] } },
{ "type": "Feature", "properties": { "ogc_fid": 138881, "ncm": "0070550002", "pob2022": 85.0 }, "geometry": { "type": "Point", "coordinates": [ -60.51109066, -31.74477532 ] } },
{ "type": "Feature", "properties": { "ogc_fid": 138882, "ncm": "0070550017", "pob2022": 36.0 }, "geometry": { "type": "Point", "coordinates": [ -60.50775423, -31.74794107 ] } },
{ "type": "Feature", "properties": { "ogc_fid": 138883, "ncm": "0070550016", "pob2022": 60.0 }, "geometry": { "type": "Point", "coordinates": [ -60.50859648, -31.74754087 ] } },
{ "type": "Feature", "properties": { "ogc_fid": 138884, "ncm": "0070550014", "pob2022": 77.0 }, "geometry": { "type": "Point", "coordinates": [ -60.50792358, -31.74697769 ] } },
{ "type": "Feature", "properties": { "ogc_fid": 138885, "ncm": "0070540013", "pob2022": 26.0 }, "geometry": { "type": "Point", "coordinates": [ -60.5129422, -31.7502513 ] } },
{ "type": "Feature", "properties": { "ogc_fid": 138886, "ncm": "0070550010", "pob2022": 146.0 }, "geometry": { "type": "Point", "coordinates": [ -60.51183077, -31.74598046 ] } },
{ "type": "Feature", "properties": { "ogc_fid": 138887, "ncm": "0070550001", "pob2022": 135.0 }, "geometry": { "type": "Point", "coordinates": [ -60.51189665, -31.74444267 ] } },
{ "type": "Feature", "properties": { "ogc_fid": 137366, "ncm": "0122240001", "pob2022": 2.0 }, "geometry": { "type": "Point", "coordinates": [ -60.53278414, -31.79063086 ] } },
{ "type": "Feature", "properties": { "ogc_fid": 137367, "ncm": "0122230001", "pob2022": 2.0 }, "geometry": { "type": "Point", "coordinates": [ -60.53746908, -31.79181901 ] } },
{ "type": "Feature", "properties": { "ogc_fid": 137368, "ncm": "0121860001", "pob2022": 3.0 }, "geometry": { "type": "Point", "coordinates": [ -60.53066496, -31.78785779 ] } },
{ "type": "Feature", "properties": { "ogc_fid": 137369, "ncm": "0122220001", "pob2022": 2.0 }, "geometry": { "type": "Point", "coordinates": [ -60.54304613, -31.79092029 ] } },
{ "type": "Feature", "properties": { "ogc_fid": 137371, "ncm": "0121910006", "pob2022": 17.0 }, "geometry": { "type": "Point", "coordinates": [ -60.50407061, -31.79194057 ] } },
{ "type": "Feature", "properties": { "ogc_fid": 138888, "ncm": "0070530013", "pob2022": 35.0 }, "geometry": { "type": "Point", "coordinates": [ -60.51266452, -31.75582512 ] } },
{ "type": "Feature", "properties": { "ogc_fid": 138889, "ncm": "0070540009", "pob2022": 118.0 }, "geometry": { "type": "Point", "coordinates": [ -60.51305807, -31.75320421 ] } },
{ "type": "Feature", "properties": { "ogc_fid": 138890, "ncm": "0070540008", "pob2022": 64.0 }, "geometry": { "type": "Point", "coordinates": [ -60.51178305, -31.75336317 ] } },
{ "type": "Feature", "properties": { "ogc_fid": 138891, "ncm": "0070540007", "pob2022": 111.0 }, "geometry": { "type": "Point", "coordinates": [ -60.51279151, -31.75264349 ] } },
{ "type": "Feature", "properties": { "ogc_fid": 139631, "ncm": "0050250009", "pob2022": 105.0 }, "geometry": { "type": "Point", "coordinates": [ -60.54171158, -31.73646676 ] } },
{ "type": "Feature", "properties": { "ogc_fid": 138892, "ncm": "0070540006", "pob2022": 152.0 }, "geometry": { "type": "Point", "coordinates": [ -60.51382358, -31.75251512 ] } },
{ "type": "Feature", "properties": { "ogc_fid": 138893, "ncm": "0070540005", "pob2022": 227.0 }, "geometry": { "type": "Point", "coordinates": [ -60.50913971, -31.75318741 ] } },
{ "type": "Feature", "properties": { "ogc_fid": 138894, "ncm": "0070520008", "pob2022": 76.0 }, "geometry": { "type": "Point", "coordinates": [ -60.51582615, -31.75420088 ] } },
{ "type": "Feature", "properties": { "ogc_fid": 138895, "ncm": "0070540004", "pob2022": 271.0 }, "geometry": { "type": "Point", "coordinates": [ -60.51011781, -31.75279755 ] } },
{ "type": "Feature", "properties": { "ogc_fid": 138896, "ncm": "0070540003", "pob2022": 196.0 }, "geometry": { "type": "Point", "coordinates": [ -60.51092475, -31.75221893 ] } },
{ "type": "Feature", "properties": { "ogc_fid": 138897, "ncm": "0070520004", "pob2022": 91.0 }, "geometry": { "type": "Point", "coordinates": [ -60.51568723, -31.75352432 ] } },
{ "type": "Feature", "properties": { "ogc_fid": 138898, "ncm": "0070540002", "pob2022": 346.0 }, "geometry": { "type": "Point", "coordinates": [ -60.51191513, -31.75152698 ] } },
{ "type": "Feature", "properties": { "ogc_fid": 138899, "ncm": "0070100018", "pob2022": 9.0 }, "geometry": { "type": "Point", "coordinates": [ -60.5062096, -31.76204014 ] } },
{ "type": "Feature", "properties": { "ogc_fid": 138900, "ncm": "0070540001", "pob2022": 264.0 }, "geometry": { "type": "Point", "coordinates": [ -60.51298402, -31.75085735 ] } },
{ "type": "Feature", "properties": { "ogc_fid": 138901, "ncm": "0070100019", "pob2022": 22.0 }, "geometry": { "type": "Point", "coordinates": [ -60.50528264, -31.7621872 ] } },
{ "type": "Feature", "properties": { "ogc_fid": 138902, "ncm": "0070530007", "pob2022": 36.0 }, "geometry": { "type": "Point", "coordinates": [ -60.51130836, -31.75515727 ] } },
{ "type": "Feature", "properties": { "ogc_fid": 138903, "ncm": "0070530006", "pob2022": 95.0 }, "geometry": { "type": "Point", "coordinates": [ -60.51254184, -31.75501825 ] } },
{ "type": "Feature", "properties": { "ogc_fid": 138904, "ncm": "0070520017", "pob2022": 95.0 }, "geometry": { "type": "Point", "coordinates": [ -60.51917143, -31.75559092 ] } },
{ "type": "Feature", "properties": { "ogc_fid": 138905, "ncm": "0070530005", "pob2022": 908.0 }, "geometry": { "type": "Point", "coordinates": [ -60.50990098, -31.75529079 ] } },
{ "type": "Feature", "properties": { "ogc_fid": 139632, "ncm": "0050250008", "pob2022": 201.0 }, "geometry": { "type": "Point", "coordinates": [ -60.54237935, -31.73625213 ] } },
{ "type": "Feature", "properties": { "ogc_fid": 139633, "ncm": "0050250007", "pob2022": 89.0 }, "geometry": { "type": "Point", "coordinates": [ -60.54301448, -31.73603734 ] } },
{ "type": "Feature", "properties": { "ogc_fid": 139634, "ncm": "0050250006", "pob2022": 27.0 }, "geometry": { "type": "Point", "coordinates": [ -60.54218967, -31.73555932 ] } },
{ "type": "Feature", "properties": { "ogc_fid": 139635, "ncm": "0050250011", "pob2022": 100.0 }, "geometry": { "type": "Point", "coordinates": [ -60.54579212, -31.7358577 ] } },
{ "type": "Feature", "properties": { "ogc_fid": 139636, "ncm": "0050250005", "pob2022": 33.0 }, "geometry": { "type": "Point", "coordinates": [ -60.5420657, -31.73524809 ] } },
{ "type": "Feature", "properties": { "ogc_fid": 139637, "ncm": "0050250003", "pob2022": 265.0 }, "geometry": { "type": "Point", "coordinates": [ -60.54424048, -31.73482519 ] } },
{ "type": "Feature", "properties": { "ogc_fid": 139638, "ncm": "0050250025", "pob2022": 154.0 }, "geometry": { "type": "Point", "coordinates": [ -60.54214922, -31.74050471 ] } },
{ "type": "Feature", "properties": { "ogc_fid": 139639, "ncm": "0050240004", "pob2022": 238.0 }, "geometry": { "type": "Point", "coordinates": [ -60.5470084, -31.73321608 ] } },
{ "type": "Feature", "properties": { "ogc_fid": 139641, "ncm": "0050250024", "pob2022": 843.0 }, "geometry": { "type": "Point", "coordinates": [ -60.54326583, -31.73847778 ] } },
{ "type": "Feature", "properties": { "ogc_fid": 139642, "ncm": "0050250022", "pob2022": 65.0 }, "geometry": { "type": "Point", "coordinates": [ -60.54602386, -31.73709287 ] } },
{ "type": "Feature", "properties": { "ogc_fid": 139643, "ncm": "0050250021", "pob2022": 230.0 }, "geometry": { "type": "Point", "coordinates": [ -60.5420382, -31.73967008 ] } },
{ "type": "Feature", "properties": { "ogc_fid": 139644, "ncm": "0050250021", "pob2022": 230.0 }, "geometry": { "type": "Point", "coordinates": [ -60.54138362, -31.74025833 ] } },
{ "type": "Feature", "properties": { "ogc_fid": 140586, "ncm": "0080420002", "pob2022": 63.0 }, "geometry": { "type": "Point", "coordinates": [ -60.51059439, -31.72425681 ] } },
{ "type": "Feature", "properties": { "ogc_fid": 139645, "ncm": "0050250002", "pob2022": 226.0 }, "geometry": { "type": "Point", "coordinates": [ -60.5448282, -31.73449221 ] } },
{ "type": "Feature", "properties": { "ogc_fid": 139646, "ncm": "0050250017", "pob2022": 232.0 }, "geometry": { "type": "Point", "coordinates": [ -60.54480382, -31.73691014 ] } },
{ "type": "Feature", "properties": { "ogc_fid": 139647, "ncm": "0050250016", "pob2022": 489.0 }, "geometry": { "type": "Point", "coordinates": [ -60.54088548, -31.73935946 ] } },
{ "type": "Feature", "properties": { "ogc_fid": 139648, "ncm": "0050250014", "pob2022": 71.0 }, "geometry": { "type": "Point", "coordinates": [ -60.54325753, -31.736875 ] } },
{ "type": "Feature", "properties": { "ogc_fid": 139649, "ncm": "0050250013", "pob2022": 280.0 }, "geometry": { "type": "Point", "coordinates": [ -60.54436001, -31.73631415 ] } },
{ "type": "Feature", "properties": { "ogc_fid": 139650, "ncm": "0050250012", "pob2022": 99.0 }, "geometry": { "type": "Point", "coordinates": [ -60.54523411, -31.73612866 ] } },
{ "type": "Feature", "properties": { "ogc_fid": 139651, "ncm": "0050250001", "pob2022": 371.0 }, "geometry": { "type": "Point", "coordinates": [ -60.54522331, -31.73370699 ] } },
{ "type": "Feature", "properties": { "ogc_fid": 139652, "ncm": "0050240009", "pob2022": 173.0 }, "geometry": { "type": "Point", "coordinates": [ -60.5470547, -31.73512236 ] } },
{ "type": "Feature", "properties": { "ogc_fid": 139653, "ncm": "0050240008", "pob2022": 163.0 }, "geometry": { "type": "Point", "coordinates": [ -60.54809314, -31.7343559 ] } },
{ "type": "Feature", "properties": { "ogc_fid": 139656, "ncm": "0050240005", "pob2022": 182.0 }, "geometry": { "type": "Point", "coordinates": [ -60.54627919, -31.73408596 ] } },
{ "type": "Feature", "properties": { "ogc_fid": 138906, "ncm": "0070530004", "pob2022": 91.0 }, "geometry": { "type": "Point", "coordinates": [ -60.51128538, -31.75434359 ] } },
{ "type": "Feature", "properties": { "ogc_fid": 137387, "ncm": "0121910001", "pob2022": 51.0 }, "geometry": { "type": "Point", "coordinates": [ -60.50381612, -31.79079336 ] } },
{ "type": "Feature", "properties": { "ogc_fid": 138907, "ncm": "0070530003", "pob2022": 139.0 }, "geometry": { "type": "Point", "coordinates": [ -60.51288705, -31.75438828 ] } },
{ "type": "Feature", "properties": { "ogc_fid": 138908, "ncm": "0070530025", "pob2022": 81.0 }, "geometry": { "type": "Point", "coordinates": [ -60.51183995, -31.75756756 ] } },
{ "type": "Feature", "properties": { "ogc_fid": 138909, "ncm": "0070530024", "pob2022": 82.0 }, "geometry": { "type": "Point", "coordinates": [ -60.51300112, -31.75738172 ] } },
{ "type": "Feature", "properties": { "ogc_fid": 138910, "ncm": "0070330032", "pob2022": 68.0 }, "geometry": { "type": "Point", "coordinates": [ -60.51179314, -31.76659848 ] } },
{ "type": "Feature", "properties": { "ogc_fid": 138911, "ncm": "0070530020", "pob2022": 358.0 }, "geometry": { "type": "Point", "coordinates": [ -60.51019909, -31.75694062 ] } },
{ "type": "Feature", "properties": { "ogc_fid": 138912, "ncm": "0070530002", "pob2022": 0.0 }, "geometry": { "type": "Point", "coordinates": [ -60.51333444, -31.75391206 ] } },
{ "type": "Feature", "properties": { "ogc_fid": 138913, "ncm": "0070530019", "pob2022": 38.0 }, "geometry": { "type": "Point", "coordinates": [ -60.51165539, -31.75676896 ] } },
{ "type": "Feature", "properties": { "ogc_fid": 138914, "ncm": "0070530018", "pob2022": 79.0 }, "geometry": { "type": "Point", "coordinates": [ -60.51283038, -31.75657771 ] } },
{ "type": "Feature", "properties": { "ogc_fid": 138915, "ncm": "0070530017", "pob2022": 55.0 }, "geometry": { "type": "Point", "coordinates": [ -60.51387538, -31.75641651 ] } },
{ "type": "Feature", "properties": { "ogc_fid": 138916, "ncm": "0070530012", "pob2022": 46.0 }, "geometry": { "type": "Point", "coordinates": [ -60.51371245, -31.75566304 ] } },
{ "type": "Feature", "properties": { "ogc_fid": 138917, "ncm": "0070530011", "pob2022": 62.0 }, "geometry": { "type": "Point", "coordinates": [ -60.51456832, -31.75612098 ] } },
{ "type": "Feature", "properties": { "ogc_fid": 138918, "ncm": "0070530001", "pob2022": 137.0 }, "geometry": { "type": "Point", "coordinates": [ -60.51424557, -31.75448753 ] } },
{ "type": "Feature", "properties": { "ogc_fid": 138919, "ncm": "0070520009", "pob2022": 76.0 }, "geometry": { "type": "Point", "coordinates": [ -60.5200391, -31.75453226 ] } },
{ "type": "Feature", "properties": { "ogc_fid": 138920, "ncm": "0070520007", "pob2022": 182.0 }, "geometry": { "type": "Point", "coordinates": [ -60.51692019, -31.75403223 ] } },
{ "type": "Feature", "properties": { "ogc_fid": 138921, "ncm": "0070520005", "pob2022": 127.0 }, "geometry": { "type": "Point", "coordinates": [ -60.51491672, -31.75389363 ] } },
{ "type": "Feature", "properties": { "ogc_fid": 138922, "ncm": "0070520024", "pob2022": 117.0 }, "geometry": { "type": "Point", "coordinates": [ -60.51687941, -31.75646632 ] } },
{ "type": "Feature", "properties": { "ogc_fid": 138924, "ncm": "0070520002", "pob2022": 233.0 }, "geometry": { "type": "Point", "coordinates": [ -60.51810239, -31.75313651 ] } },
{ "type": "Feature", "properties": { "ogc_fid": 138925, "ncm": "0070520019", "pob2022": 20.0 }, "geometry": { "type": "Point", "coordinates": [ -60.51815686, -31.75532889 ] } },
{ "type": "Feature", "properties": { "ogc_fid": 138251, "ncm": "0090120004", "pob2022": 74.0 }, "geometry": { "type": "Point", "coordinates": [ -60.49399492, -31.76230708 ] } },
{ "type": "Feature", "properties": { "ogc_fid": 139658, "ncm": "0050240003", "pob2022": 0.0 }, "geometry": { "type": "Point", "coordinates": [ -60.5480518, -31.73280687 ] } },
{ "type": "Feature", "properties": { "ogc_fid": 139659, "ncm": "0050240023", "pob2022": 174.0 }, "geometry": { "type": "Point", "coordinates": [ -60.54748504, -31.73757256 ] } },
{ "type": "Feature", "properties": { "ogc_fid": 139665, "ncm": "0050240018", "pob2022": 100.0 }, "geometry": { "type": "Point", "coordinates": [ -60.54859221, -31.73671579 ] } },
{ "type": "Feature", "properties": { "ogc_fid": 139669, "ncm": "0050240014", "pob2022": 201.0 }, "geometry": { "type": "Point", "coordinates": [ -60.5468193, -31.73632804 ] } },
{ "type": "Feature", "properties": { "ogc_fid": 137389, "ncm": "0121220001", "pob2022": 4.0 }, "geometry": { "type": "Point", "coordinates": [ -60.50158299, -31.78097401 ] } },
{ "type": "Feature", "properties": { "ogc_fid": 139670, "ncm": "0050240013", "pob2022": 66.0 }, "geometry": { "type": "Point", "coordinates": [ -60.54787207, -31.73589698 ] } },
{ "type": "Feature", "properties": { "ogc_fid": 139673, "ncm": "0050210004", "pob2022": 69.0 }, "geometry": { "type": "Point", "coordinates": [ -60.54473985, -31.73153514 ] } },
{ "type": "Feature", "properties": { "ogc_fid": 139683, "ncm": "0050210003", "pob2022": 22.0 }, "geometry": { "type": "Point", "coordinates": [ -60.54441128, -31.73134892 ] } },
{ "type": "Feature", "properties": { "ogc_fid": 139692, "ncm": "0050220008", "pob2022": 13.0 }, "geometry": { "type": "Point", "coordinates": [ -60.53708144, -31.73890627 ] } },
{ "type": "Feature", "properties": { "ogc_fid": 139693, "ncm": "0050220007", "pob2022": 84.0 }, "geometry": { "type": "Point", "coordinates": [ -60.53760846, -31.7381907 ] } },
{ "type": "Feature", "properties": { "ogc_fid": 139694, "ncm": "0050220006", "pob2022": 51.0 }, "geometry": { "type": "Point", "coordinates": [ -60.53875705, -31.73790388 ] } },
{ "type": "Feature", "properties": { "ogc_fid": 139695, "ncm": "0050220005", "pob2022": 56.0 }, "geometry": { "type": "Point", "coordinates": [ -60.53801367, -31.73750781 ] } },
{ "type": "Feature", "properties": { "ogc_fid": 139696, "ncm": "0050220004", "pob2022": 26.0 }, "geometry": { "type": "Point", "coordinates": [ -60.5386073, -31.73694766 ] } },
{ "type": "Feature", "properties": { "ogc_fid": 139697, "ncm": "0050220003", "pob2022": 80.0 }, "geometry": { "type": "Point", "coordinates": [ -60.5392348, -31.73672875 ] } },
{ "type": "Feature", "properties": { "ogc_fid": 137390, "ncm": "0121890003", "pob2022": 38.0 }, "geometry": { "type": "Point", "coordinates": [ -60.51623426, -31.79170687 ] } },
{ "type": "Feature", "properties": { "ogc_fid": 137391, "ncm": "0121890002", "pob2022": 0.0 }, "geometry": { "type": "Point", "coordinates": [ -60.51199145, -31.78922857 ] } },
{ "type": "Feature", "properties": { "ogc_fid": 138926, "ncm": "0070520018", "pob2022": 39.0 }, "geometry": { "type": "Point", "coordinates": [ -60.51849681, -31.75576076 ] } },
{ "type": "Feature", "properties": { "ogc_fid": 139698, "ncm": "0050200008", "pob2022": 42.0 }, "geometry": { "type": "Point", "coordinates": [ -60.54859961, -31.7310893 ] } },
{ "type": "Feature", "properties": { "ogc_fid": 139699, "ncm": "0050220002", "pob2022": 46.0 }, "geometry": { "type": "Point", "coordinates": [ -60.53983019, -31.73638685 ] } },
{ "type": "Feature", "properties": { "ogc_fid": 139701, "ncm": "0050220001", "pob2022": 10.0 }, "geometry": { "type": "Point", "coordinates": [ -60.54054857, -31.73580906 ] } },
{ "type": "Feature", "properties": { "ogc_fid": 137392, "ncm": "0121890001", "pob2022": 122.0 }, "geometry": { "type": "Point", "coordinates": [ -60.51480359, -31.79030084 ] } },
{ "type": "Feature", "properties": { "ogc_fid": 137393, "ncm": "0121880004", "pob2022": 16.0 }, "geometry": { "type": "Point", "coordinates": [ -60.5162272, -31.78807112 ] } },
{ "type": "Feature", "properties": { "ogc_fid": 137395, "ncm": "0121850001", "pob2022": 2.0 }, "geometry": { "type": "Point", "coordinates": [ -60.53637273, -31.7869246 ] } },
{ "type": "Feature", "properties": { "ogc_fid": 137396, "ncm": "0121840001", "pob2022": 1.0 }, "geometry": { "type": "Point", "coordinates": [ -60.54202504, -31.78602618 ] } },
{ "type": "Feature", "properties": { "ogc_fid": 137397, "ncm": "0121830001", "pob2022": 4.0 }, "geometry": { "type": "Point", "coordinates": [ -60.54776789, -31.78513573 ] } },
{ "type": "Feature", "properties": { "ogc_fid": 137398, "ncm": "0121570001", "pob2022": 90.0 }, "geometry": { "type": "Point", "coordinates": [ -60.48951773, -31.78985708 ] } },
{ "type": "Feature", "properties": { "ogc_fid": 137400, "ncm": "0121550001", "pob2022": 25.0 }, "geometry": { "type": "Point", "coordinates": [ -60.50265032, -31.78599906 ] } },
{ "type": "Feature", "properties": { "ogc_fid": 138927, "ncm": "0070520016", "pob2022": 46.0 }, "geometry": { "type": "Point", "coordinates": [ -60.51995689, -31.75574975 ] } },
{ "type": "Feature", "properties": { "ogc_fid": 139702, "ncm": "0050210009", "pob2022": 56.0 }, "geometry": { "type": "Point", "coordinates": [ -60.54390147, -31.73241081 ] } },
{ "type": "Feature", "properties": { "ogc_fid": 139703, "ncm": "0050210010", "pob2022": 94.0 }, "geometry": { "type": "Point", "coordinates": [ -60.54340179, -31.73261064 ] } },
{ "type": "Feature", "properties": { "ogc_fid": 139704, "ncm": "0050210008", "pob2022": 51.0 }, "geometry": { "type": "Point", "coordinates": [ -60.54352238, -31.73218443 ] } },
{ "type": "Feature", "properties": { "ogc_fid": 139705, "ncm": "0050210007", "pob2022": 18.0 }, "geometry": { "type": "Point", "coordinates": [ -60.54476952, -31.73221912 ] } },
{ "type": "Feature", "properties": { "ogc_fid": 137399, "ncm": "0121550002", "pob2022": 15.0 }, "geometry": { "type": "Point", "coordinates": [ -60.49922809, -31.78688176 ] } },
{ "type": "Feature", "properties": { "ogc_fid": 139706, "ncm": "0050210006", "pob2022": 79.0 }, "geometry": { "type": "Point", "coordinates": [ -60.54405566, -31.73186845 ] } },
{ "type": "Feature", "properties": { "ogc_fid": 139707, "ncm": "0050210005", "pob2022": 43.0 }, "geometry": { "type": "Point", "coordinates": [ -60.54540533, -31.73151449 ] } },
{ "type": "Feature", "properties": { "ogc_fid": 139708, "ncm": "0050210002", "pob2022": 25.0 }, "geometry": { "type": "Point", "coordinates": [ -60.54552748, -31.73121805 ] } },
{ "type": "Feature", "properties": { "ogc_fid": 139709, "ncm": "0050210013", "pob2022": 21.0 }, "geometry": { "type": "Point", "coordinates": [ -60.54304374, -31.73371188 ] } },
{ "type": "Feature", "properties": { "ogc_fid": 139710, "ncm": "0050210012", "pob2022": 281.0 }, "geometry": { "type": "Point", "coordinates": [ -60.54393811, -31.73309297 ] } },
{ "type": "Feature", "properties": { "ogc_fid": 139711, "ncm": "0050200017", "pob2022": 48.0 }, "geometry": { "type": "Point", "coordinates": [ -60.54787647, -31.730515 ] } },
{ "type": "Feature", "properties": { "ogc_fid": 139712, "ncm": "0050210011", "pob2022": 41.0 }, "geometry": { "type": "Point", "coordinates": [ -60.54308492, -31.73314655 ] } },
{ "type": "Feature", "properties": { "ogc_fid": 137402, "ncm": "0121520003", "pob2022": 99.0 }, "geometry": { "type": "Point", "coordinates": [ -60.51626949, -31.78624344 ] } },
{ "type": "Feature", "properties": { "ogc_fid": 137403, "ncm": "0121520002", "pob2022": 157.0 }, "geometry": { "type": "Point", "coordinates": [ -60.5163249, -31.78383213 ] } },
{ "type": "Feature", "properties": { "ogc_fid": 137404, "ncm": "0121520001", "pob2022": 42.0 }, "geometry": { "type": "Point", "coordinates": [ -60.51934869, -31.78520967 ] } },
{ "type": "Feature", "properties": { "ogc_fid": 139713, "ncm": "0050210010", "pob2022": 94.0 }, "geometry": { "type": "Point", "coordinates": [ -60.54354716, -31.73286336 ] } },
{ "type": "Feature", "properties": { "ogc_fid": 139714, "ncm": "0050210001", "pob2022": 363.0 }, "geometry": { "type": "Point", "coordinates": [ -60.54551241, -31.73049776 ] } },
{ "type": "Feature", "properties": { "ogc_fid": 139715, "ncm": "0050200009", "pob2022": 100.0 }, "geometry": { "type": "Point", "coordinates": [ -60.5479949, -31.73144626 ] } },
{ "type": "Feature", "properties": { "ogc_fid": 139717, "ncm": "0050200005", "pob2022": 76.0 }, "geometry": { "type": "Point", "coordinates": [ -60.54674568, -31.73115333 ] } },
{ "type": "Feature", "properties": { "ogc_fid": 139718, "ncm": "0050200003", "pob2022": 80.0 }, "geometry": { "type": "Point", "coordinates": [ -60.54868111, -31.73016162 ] } },
{ "type": "Feature", "properties": { "ogc_fid": 139719, "ncm": "0050200002", "pob2022": 118.0 }, "geometry": { "type": "Point", "coordinates": [ -60.54807978, -31.72961364 ] } },
{ "type": "Feature", "properties": { "ogc_fid": 137407, "ncm": "0121490001", "pob2022": 3.0 }, "geometry": { "type": "Point", "coordinates": [ -60.53532225, -31.78208639 ] } },
{ "type": "Feature", "properties": { "ogc_fid": 137408, "ncm": "0121480001", "pob2022": 5.0 }, "geometry": { "type": "Point", "coordinates": [ -60.54099412, -31.78117437 ] } },
{ "type": "Feature", "properties": { "ogc_fid": 139725, "ncm": "0050200011", "pob2022": 193.0 }, "geometry": { "type": "Point", "coordinates": [ -60.54622951, -31.73218619 ] } },
{ "type": "Feature", "properties": { "ogc_fid": 139726, "ncm": "0050200010", "pob2022": 114.0 }, "geometry": { "type": "Point", "coordinates": [ -60.54727001, -31.73175753 ] } },
{ "type": "Feature", "properties": { "ogc_fid": 137405, "ncm": "0121510001", "pob2022": 8.0 }, "geometry": { "type": "Point", "coordinates": [ -60.52415933, -31.78410927 ] } },
{ "type": "Feature", "properties": { "ogc_fid": 139733, "ncm": "0050170007", "pob2022": 16.0 }, "geometry": { "type": "Point", "coordinates": [ -60.54519258, -31.72929542 ] } },
{ "type": "Feature", "properties": { "ogc_fid": 137411, "ncm": "0121220007", "pob2022": 35.0 }, "geometry": { "type": "Point", "coordinates": [ -60.50029332, -31.78195013 ] } },
{ "type": "Feature", "properties": { "ogc_fid": 137412, "ncm": "0121220006", "pob2022": 50.0 }, "geometry": { "type": "Point", "coordinates": [ -60.5017148, -31.78174632 ] } },
{ "type": "Feature", "properties": { "ogc_fid": 137413, "ncm": "0121220002", "pob2022": 38.0 }, "geometry": { "type": "Point", "coordinates": [ -60.50014764, -31.78118547 ] } },
{ "type": "Feature", "properties": { "ogc_fid": 137414, "ncm": "0121210001", "pob2022": 1.0 }, "geometry": { "type": "Point", "coordinates": [ -60.50498483, -31.78010942 ] } },
{ "type": "Feature", "properties": { "ogc_fid": 137415, "ncm": "0121200009", "pob2022": 0.0 }, "geometry": { "type": "Point", "coordinates": [ -60.51368024, -31.77982806 ] } },
{ "type": "Feature", "properties": { "ogc_fid": 137417, "ncm": "0121190005", "pob2022": 9.0 }, "geometry": { "type": "Point", "coordinates": [ -60.51437779, -31.77825757 ] } },
{ "type": "Feature", "properties": { "ogc_fid": 139738, "ncm": "0050220012", "pob2022": 126.0 }, "geometry": { "type": "Point", "coordinates": [ -60.53439034, -31.74102563 ] } },
{ "type": "Feature", "properties": { "ogc_fid": 139742, "ncm": "0050170008", "pob2022": 189.0 }, "geometry": { "type": "Point", "coordinates": [ -60.54633215, -31.72991873 ] } },
{ "type": "Feature", "properties": { "ogc_fid": 137418, "ncm": "0121190004", "pob2022": 0.0 }, "geometry": { "type": "Point", "coordinates": [ -60.51811025, -31.77822784 ] } },
{ "type": "Feature", "properties": { "ogc_fid": 139744, "ncm": "0050170022", "pob2022": 383.0 }, "geometry": { "type": "Point", "coordinates": [ -60.54722018, -31.72839006 ] } },
{ "type": "Feature", "properties": { "ogc_fid": 139745, "ncm": "0050170021", "pob2022": 250.0 }, "geometry": { "type": "Point", "coordinates": [ -60.54773132, -31.72798662 ] } },
{ "type": "Feature", "properties": { "ogc_fid": 139747, "ncm": "0050170002", "pob2022": 68.0 }, "geometry": { "type": "Point", "coordinates": [ -60.54842667, -31.72189513 ] } },
{ "type": "Feature", "properties": { "ogc_fid": 140587, "ncm": "0080420019", "pob2022": 239.0 }, "geometry": { "type": "Point", "coordinates": [ -60.50974341, -31.72802981 ] } },
{ "type": "Feature", "properties": { "ogc_fid": 140588, "ncm": "0080420018", "pob2022": 117.0 }, "geometry": { "type": "Point", "coordinates": [ -60.51111756, -31.72742434 ] } },
{ "type": "Feature", "properties": { "ogc_fid": 140589, "ncm": "0080420016", "pob2022": 195.0 }, "geometry": { "type": "Point", "coordinates": [ -60.51335905, -31.72758158 ] } },
{ "type": "Feature", "properties": { "ogc_fid": 140590, "ncm": "0080420015", "pob2022": 113.0 }, "geometry": { "type": "Point", "coordinates": [ -60.50950504, -31.72685904 ] } },
{ "type": "Feature", "properties": { "ogc_fid": 138252, "ncm": "0090120020", "pob2022": 84.0 }, "geometry": { "type": "Point", "coordinates": [ -60.4938514, -31.76598493 ] } },
{ "type": "Feature", "properties": { "ogc_fid": 139756, "ncm": "0050330024", "pob2022": 87.0 }, "geometry": { "type": "Point", "coordinates": [ -60.53704128, -31.74634747 ] } },
{ "type": "Feature", "properties": { "ogc_fid": 138253, "ncm": "0090120019", "pob2022": 82.0 }, "geometry": { "type": "Point", "coordinates": [ -60.49476068, -31.76584137 ] } },
{ "type": "Feature", "properties": { "ogc_fid": 139757, "ncm": "0050170003", "pob2022": 69.0 }, "geometry": { "type": "Point", "coordinates": [ -60.54723123, -31.7219794 ] } },
{ "type": "Feature", "properties": { "ogc_fid": 139758, "ncm": "0050170004", "pob2022": 132.0 }, "geometry": { "type": "Point", "coordinates": [ -60.54608825, -31.72263381 ] } },
{ "type": "Feature", "properties": { "ogc_fid": 140591, "ncm": "0080420014", "pob2022": 78.0 }, "geometry": { "type": "Point", "coordinates": [ -60.51094757, -31.72663277 ] } },
{ "type": "Feature", "properties": { "ogc_fid": 140592, "ncm": "0080420013", "pob2022": 79.0 }, "geometry": { "type": "Point", "coordinates": [ -60.51213875, -31.72646596 ] } },
{ "type": "Feature", "properties": { "ogc_fid": 140593, "ncm": "0080420012", "pob2022": 284.0 }, "geometry": { "type": "Point", "coordinates": [ -60.51302176, -31.72633118 ] } },
{ "type": "Feature", "properties": { "ogc_fid": 140594, "ncm": "0080420011", "pob2022": 77.0 }, "geometry": { "type": "Point", "coordinates": [ -60.51398232, -31.72618461 ] } },
{ "type": "Feature", "properties": { "ogc_fid": 139759, "ncm": "0050170018", "pob2022": 220.0 }, "geometry": { "type": "Point", "coordinates": [ -60.54609698, -31.72785558 ] } },
{ "type": "Feature", "properties": { "ogc_fid": 137419, "ncm": "0121180001", "pob2022": 251.0 }, "geometry": { "type": "Point", "coordinates": [ -60.52243745, -31.77936227 ] } },
{ "type": "Feature", "properties": { "ogc_fid": 139761, "ncm": "0050290012", "pob2022": 157.0 }, "geometry": { "type": "Point", "coordinates": [ -60.53964414, -31.74231799 ] } },
{ "type": "Feature", "properties": { "ogc_fid": 139763, "ncm": "0050330001", "pob2022": 209.0 }, "geometry": { "type": "Point", "coordinates": [ -60.54032326, -31.74471088 ] } },
{ "type": "Feature", "properties": { "ogc_fid": 139764, "ncm": "0050200013", "pob2022": 74.0 }, "geometry": { "type": "Point", "coordinates": [ -60.54869735, -31.73171166 ] } },
{ "type": "Feature", "properties": { "ogc_fid": 140595, "ncm": "0080420010", "pob2022": 142.0 }, "geometry": { "type": "Point", "coordinates": [ -60.50929226, -31.7258549 ] } },
{ "type": "Feature", "properties": { "ogc_fid": 140596, "ncm": "0080420001", "pob2022": 179.0 }, "geometry": { "type": "Point", "coordinates": [ -60.51265271, -31.72389337 ] } },
{ "type": "Feature", "properties": { "ogc_fid": 139768, "ncm": "0050200004", "pob2022": 40.0 }, "geometry": { "type": "Point", "coordinates": [ -60.54731236, -31.73072259 ] } },
{ "type": "Feature", "properties": { "ogc_fid": 140597, "ncm": "0080410009", "pob2022": 166.0 }, "geometry": { "type": "Point", "coordinates": [ -60.51458636, -31.7301659 ] } },
{ "type": "Feature", "properties": { "ogc_fid": 140598, "ncm": "0080410008", "pob2022": 69.0 }, "geometry": { "type": "Point", "coordinates": [ -60.51025419, -31.72999447 ] } },
{ "type": "Feature", "properties": { "ogc_fid": 140599, "ncm": "0080410007", "pob2022": 118.0 }, "geometry": { "type": "Point", "coordinates": [ -60.51162125, -31.7297791 ] } },
{ "type": "Feature", "properties": { "ogc_fid": 138254, "ncm": "0090120018", "pob2022": 150.0 }, "geometry": { "type": "Point", "coordinates": [ -60.49567725, -31.76569825 ] } },
{ "type": "Feature", "properties": { "ogc_fid": 139776, "ncm": "0050210008", "pob2022": 51.0 }, "geometry": { "type": "Point", "coordinates": [ -60.54311495, -31.73279992 ] } },
{ "type": "Feature", "properties": { "ogc_fid": 139781, "ncm": "0050170010", "pob2022": 21.0 }, "geometry": { "type": "Point", "coordinates": [ -60.54701718, -31.72379491 ] } },
{ "type": "Feature", "properties": { "ogc_fid": 139782, "ncm": "0050170014", "pob2022": 41.0 }, "geometry": { "type": "Point", "coordinates": [ -60.54751806, -31.72518777 ] } },
{ "type": "Feature", "properties": { "ogc_fid": 139783, "ncm": "0050170017", "pob2022": 102.0 }, "geometry": { "type": "Point", "coordinates": [ -60.54751303, -31.7265571 ] } },
{ "type": "Feature", "properties": { "ogc_fid": 139784, "ncm": "0050170003", "pob2022": 69.0 }, "geometry": { "type": "Point", "coordinates": [ -60.54752014, -31.72253333 ] } },
{ "type": "Feature", "properties": { "ogc_fid": 139786, "ncm": "0050210005", "pob2022": 43.0 }, "geometry": { "type": "Point", "coordinates": [ -60.54496166, -31.73202705 ] } },
{ "type": "Feature", "properties": { "ogc_fid": 139789, "ncm": "0050290001", "pob2022": 159.0 }, "geometry": { "type": "Point", "coordinates": [ -60.53869678, -31.73928987 ] } },
{ "type": "Feature", "properties": { "ogc_fid": 139792, "ncm": "0050210014", "pob2022": 0.0 }, "geometry": { "type": "Point", "coordinates": [ -60.54492035, -31.73257566 ] } },
{ "type": "Feature", "properties": { "ogc_fid": 139793, "ncm": "0050170004", "pob2022": 132.0 }, "geometry": { "type": "Point", "coordinates": [ -60.54645626, -31.72319925 ] } },
{ "type": "Feature", "properties": { "ogc_fid": 139794, "ncm": "0050170004", "pob2022": 132.0 }, "geometry": { "type": "Point", "coordinates": [ -60.54669256, -31.72343889 ] } },
{ "type": "Feature", "properties": { "ogc_fid": 139795, "ncm": "0050170004", "pob2022": 132.0 }, "geometry": { "type": "Point", "coordinates": [ -60.54581367, -31.72328228 ] } },
{ "type": "Feature", "properties": { "ogc_fid": 139785, "ncm": "0050170014", "pob2022": 41.0 }, "geometry": { "type": "Point", "coordinates": [ -60.54767702, -31.72570068 ] } },
{ "type": "Feature", "properties": { "ogc_fid": 139796, "ncm": "0050170016", "pob2022": 85.0 }, "geometry": { "type": "Point", "coordinates": [ -60.54857224, -31.72580981 ] } },
{ "type": "Feature", "properties": { "ogc_fid": 139797, "ncm": "0050170016", "pob2022": 85.0 }, "geometry": { "type": "Point", "coordinates": [ -60.5478981, -31.72607236 ] } },
{ "type": "Feature", "properties": { "ogc_fid": 139798, "ncm": "0050170016", "pob2022": 85.0 }, "geometry": { "type": "Point", "coordinates": [ -60.54791858, -31.72632534 ] } },
{ "type": "Feature", "properties": { "ogc_fid": 139799, "ncm": "0050170016", "pob2022": 85.0 }, "geometry": { "type": "Point", "coordinates": [ -60.54806077, -31.72651917 ] } },
{ "type": "Feature", "properties": { "ogc_fid": 139810, "ncm": "0050320001", "pob2022": 431.0 }, "geometry": { "type": "Point", "coordinates": [ -60.54732215, -31.74460386 ] } },
{ "type": "Feature", "properties": { "ogc_fid": 140600, "ncm": "0080410005", "pob2022": 169.0 }, "geometry": { "type": "Point", "coordinates": [ -60.51441963, -31.72933152 ] } },
{ "type": "Feature", "properties": { "ogc_fid": 140601, "ncm": "0080410004", "pob2022": 98.0 }, "geometry": { "type": "Point", "coordinates": [ -60.51009715, -31.72926692 ] } },
{ "type": "Feature", "properties": { "ogc_fid": 140602, "ncm": "0080410003", "pob2022": 151.0 }, "geometry": { "type": "Point", "coordinates": [ -60.51146513, -31.72905893 ] } },
{ "type": "Feature", "properties": { "ogc_fid": 140603, "ncm": "0080410020", "pob2022": 224.0 }, "geometry": { "type": "Point", "coordinates": [ -60.51073893, -31.73246813 ] } },
{ "type": "Feature", "properties": { "ogc_fid": 140604, "ncm": "0080410002", "pob2022": 146.0 }, "geometry": { "type": "Point", "coordinates": [ -60.51290998, -31.7288268 ] } },
{ "type": "Feature", "properties": { "ogc_fid": 140605, "ncm": "0080410019", "pob2022": 244.0 }, "geometry": { "type": "Point", "coordinates": [ -60.51269669, -31.73290669 ] } },
{ "type": "Feature", "properties": { "ogc_fid": 139811, "ncm": "0040000100", "pob2022": 138.0 }, "geometry": { "type": "Point", "coordinates": [ -60.53911311, -31.72838227 ] } },
{ "type": "Feature", "properties": { "ogc_fid": 139812, "ncm": "0040000070", "pob2022": 159.0 }, "geometry": { "type": "Point", "coordinates": [ -60.53049241, -31.72727407 ] } },
{ "type": "Feature", "properties": { "ogc_fid": 139813, "ncm": "0040000094", "pob2022": 216.0 }, "geometry": { "type": "Point", "coordinates": [ -60.53151784, -31.73010287 ] } },
{ "type": "Feature", "properties": { "ogc_fid": 139814, "ncm": "0040000090", "pob2022": 252.0 }, "geometry": { "type": "Point", "coordinates": [ -60.53716472, -31.72797788 ] } },
{ "type": "Feature", "properties": { "ogc_fid": 139815, "ncm": "0040000082", "pob2022": 119.0 }, "geometry": { "type": "Point", "coordinates": [ -60.53099555, -31.72879488 ] } },
{ "type": "Feature", "properties": { "ogc_fid": 139816, "ncm": "0040000079", "pob2022": 235.0 }, "geometry": { "type": "Point", "coordinates": [ -60.53501533, -31.72741591 ] } },
{ "type": "Feature", "properties": { "ogc_fid": 139817, "ncm": "0040000088", "pob2022": 183.0 }, "geometry": { "type": "Point", "coordinates": [ -60.54028262, -31.72685049 ] } },
{ "type": "Feature", "properties": { "ogc_fid": 139818, "ncm": "0040000087", "pob2022": 77.0 }, "geometry": { "type": "Point", "coordinates": [ -60.54175081, -31.72626398 ] } },
{ "type": "Feature", "properties": { "ogc_fid": 139819, "ncm": "0040000086", "pob2022": 144.0 }, "geometry": { "type": "Point", "coordinates": [ -60.5427174, -31.72583427 ] } },
{ "type": "Feature", "properties": { "ogc_fid": 139820, "ncm": "0040000081", "pob2022": 158.0 }, "geometry": { "type": "Point", "coordinates": [ -60.53228035, -31.72837051 ] } },
{ "type": "Feature", "properties": { "ogc_fid": 139821, "ncm": "0040000080", "pob2022": 167.0 }, "geometry": { "type": "Point", "coordinates": [ -60.53357602, -31.72791834 ] } },
{ "type": "Feature", "properties": { "ogc_fid": 139822, "ncm": "0040000078", "pob2022": 503.0 }, "geometry": { "type": "Point", "coordinates": [ -60.53666139, -31.72687324 ] } },
{ "type": "Feature", "properties": { "ogc_fid": 139823, "ncm": "0040000076", "pob2022": 156.0 }, "geometry": { "type": "Point", "coordinates": [ -60.53972449, -31.72585882 ] } },
{ "type": "Feature", "properties": { "ogc_fid": 139824, "ncm": "0040000075", "pob2022": 244.0 }, "geometry": { "type": "Point", "coordinates": [ -60.54126537, -31.7253299 ] } },
{ "type": "Feature", "properties": { "ogc_fid": 139825, "ncm": "0040000074", "pob2022": 119.0 }, "geometry": { "type": "Point", "coordinates": [ -60.54222807, -31.72498704 ] } },
{ "type": "Feature", "properties": { "ogc_fid": 139828, "ncm": "0040000066", "pob2022": 194.0 }, "geometry": { "type": "Point", "coordinates": [ -60.53442946, -31.72608272 ] } },
{ "type": "Feature", "properties": { "ogc_fid": 139830, "ncm": "0040000063", "pob2022": 317.0 }, "geometry": { "type": "Point", "coordinates": [ -60.53754947, -31.72513079 ] } },
{ "type": "Feature", "properties": { "ogc_fid": 139831, "ncm": "0040000062", "pob2022": 370.0 }, "geometry": { "type": "Point", "coordinates": [ -60.5390504, -31.72465924 ] } },
{ "type": "Feature", "properties": { "ogc_fid": 139832, "ncm": "0040000052", "pob2022": 163.0 }, "geometry": { "type": "Point", "coordinates": [ -60.53554967, -31.72416602 ] } },
{ "type": "Feature", "properties": { "ogc_fid": 140606, "ncm": "0080410019", "pob2022": 244.0 }, "geometry": { "type": "Point", "coordinates": [ -60.51202638, -31.73217208 ] } },
{ "type": "Feature", "properties": { "ogc_fid": 139833, "ncm": "0040000051", "pob2022": 321.0 }, "geometry": { "type": "Point", "coordinates": [ -60.53721125, -31.72326388 ] } },
{ "type": "Feature", "properties": { "ogc_fid": 139826, "ncm": "0040000072", "pob2022": 54.0 }, "geometry": { "type": "Point", "coordinates": [ -60.54506042, -31.72374387 ] } },
{ "type": "Feature", "properties": { "ogc_fid": 139829, "ncm": "0040000065", "pob2022": 151.0 }, "geometry": { "type": "Point", "coordinates": [ -60.53645455, -31.7258826 ] } },
{ "type": "Feature", "properties": { "ogc_fid": 139834, "ncm": "0040000102", "pob2022": 153.0 }, "geometry": { "type": "Point", "coordinates": [ -60.53612366, -31.72950139 ] } },
{ "type": "Feature", "properties": { "ogc_fid": 139835, "ncm": "0040000101", "pob2022": 248.0 }, "geometry": { "type": "Point", "coordinates": [ -60.53761712, -31.72894213 ] } },
{ "type": "Feature", "properties": { "ogc_fid": 139836, "ncm": "0040000106", "pob2022": 67.0 }, "geometry": { "type": "Point", "coordinates": [ -60.53052594, -31.73162107 ] } },
{ "type": "Feature", "properties": { "ogc_fid": 139837, "ncm": "0040000103", "pob2022": 164.0 }, "geometry": { "type": "Point", "coordinates": [ -60.53470718, -31.73004053 ] } },
{ "type": "Feature", "properties": { "ogc_fid": 139840, "ncm": "0040000040", "pob2022": 347.0 }, "geometry": { "type": "Point", "coordinates": [ -60.52970731, -31.72549606 ] } },
{ "type": "Feature", "properties": { "ogc_fid": 139841, "ncm": "0040000099", "pob2022": 318.0 }, "geometry": { "type": "Point", "coordinates": [ -60.54075945, -31.72774497 ] } },
{ "type": "Feature", "properties": { "ogc_fid": 139843, "ncm": "0040000077", "pob2022": 87.0 }, "geometry": { "type": "Point", "coordinates": [ -60.53815512, -31.72638091 ] } },
{ "type": "Feature", "properties": { "ogc_fid": 139844, "ncm": "0040000038", "pob2022": 103.0 }, "geometry": { "type": "Point", "coordinates": [ -60.53079053, -31.72478612 ] } },
{ "type": "Feature", "properties": { "ogc_fid": 139845, "ncm": "0040000097", "pob2022": 190.0 }, "geometry": { "type": "Point", "coordinates": [ -60.54454391, -31.72613162 ] } },
{ "type": "Feature", "properties": { "ogc_fid": 139846, "ncm": "0040000095", "pob2022": 65.0 }, "geometry": { "type": "Point", "coordinates": [ -60.5301223, -31.73062257 ] } },
{ "type": "Feature", "properties": { "ogc_fid": 139847, "ncm": "0040000093", "pob2022": 129.0 }, "geometry": { "type": "Point", "coordinates": [ -60.53284476, -31.72959558 ] } },
{ "type": "Feature", "properties": { "ogc_fid": 139848, "ncm": "0040000092", "pob2022": 180.0 }, "geometry": { "type": "Point", "coordinates": [ -60.53419018, -31.72908079 ] } },
{ "type": "Feature", "properties": { "ogc_fid": 139849, "ncm": "0040000091", "pob2022": 139.0 }, "geometry": { "type": "Point", "coordinates": [ -60.53561856, -31.72855315 ] } },
{ "type": "Feature", "properties": { "ogc_fid": 139850, "ncm": "0040000009", "pob2022": 59.0 }, "geometry": { "type": "Point", "coordinates": [ -60.52791587, -31.72093791 ] } },
{ "type": "Feature", "properties": { "ogc_fid": 139851, "ncm": "0040000089", "pob2022": 91.0 }, "geometry": { "type": "Point", "coordinates": [ -60.53867168, -31.72745545 ] } },
{ "type": "Feature", "properties": { "ogc_fid": 139852, "ncm": "0040000034", "pob2022": 183.0 }, "geometry": { "type": "Point", "coordinates": [ -60.53861709, -31.72172305 ] } },
{ "type": "Feature", "properties": { "ogc_fid": 139854, "ncm": "0040000083", "pob2022": 100.0 }, "geometry": { "type": "Point", "coordinates": [ -60.52962106, -31.72924618 ] } },
{ "type": "Feature", "properties": { "ogc_fid": 139855, "ncm": "0040000105", "pob2022": 116.0 }, "geometry": { "type": "Point", "coordinates": [ -60.53190768, -31.73109894 ] } },
{ "type": "Feature", "properties": { "ogc_fid": 139856, "ncm": "0040000073", "pob2022": 148.0 }, "geometry": { "type": "Point", "coordinates": [ -60.54337588, -31.72458401 ] } },
{ "type": "Feature", "properties": { "ogc_fid": 139857, "ncm": "0040000071", "pob2022": 0.0 }, "geometry": { "type": "Point", "coordinates": [ -60.52912722, -31.7278291 ] } },
{ "type": "Feature", "properties": { "ogc_fid": 139859, "ncm": "0040000068", "pob2022": 3.0 }, "geometry": { "type": "Point", "coordinates": [ -60.53163765, -31.726733 ] } },
{ "type": "Feature", "properties": { "ogc_fid": 139862, "ncm": "0040000018", "pob2022": 322.0 }, "geometry": { "type": "Point", "coordinates": [ -60.53094496, -31.72169355 ] } },
{ "type": "Feature", "properties": { "ogc_fid": 139863, "ncm": "0040000055", "pob2022": 0.0 }, "geometry": { "type": "Point", "coordinates": [ -60.53136865, -31.72585315 ] } },
{ "type": "Feature", "properties": { "ogc_fid": 139860, "ncm": "0040000067", "pob2022": 97.0 }, "geometry": { "type": "Point", "coordinates": [ -60.53299592, -31.7265987 ] } },
{ "type": "Feature", "properties": { "ogc_fid": 139861, "ncm": "0040000064", "pob2022": 152.0 }, "geometry": { "type": "Point", "coordinates": [ -60.53580873, -31.72528579 ] } },
{ "type": "Feature", "properties": { "ogc_fid": 139864, "ncm": "0040000054", "pob2022": 261.0 }, "geometry": { "type": "Point", "coordinates": [ -60.53243069, -31.72517083 ] } },
{ "type": "Feature", "properties": { "ogc_fid": 139865, "ncm": "0040000053", "pob2022": 89.0 }, "geometry": { "type": "Point", "coordinates": [ -60.53394901, -31.72486376 ] } },
{ "type": "Feature", "properties": { "ogc_fid": 139866, "ncm": "0040000037", "pob2022": 254.0 }, "geometry": { "type": "Point", "coordinates": [ -60.53354975, -31.72378053 ] } },
{ "type": "Feature", "properties": { "ogc_fid": 139867, "ncm": "0040000036", "pob2022": 294.0 }, "geometry": { "type": "Point", "coordinates": [ -60.53492507, -31.72267593 ] } },
{ "type": "Feature", "properties": { "ogc_fid": 139868, "ncm": "0040000050", "pob2022": 150.0 }, "geometry": { "type": "Point", "coordinates": [ -60.53853608, -31.72346994 ] } },
{ "type": "Feature", "properties": { "ogc_fid": 139870, "ncm": "0040000049", "pob2022": 38.0 }, "geometry": { "type": "Point", "coordinates": [ -60.53986689, -31.72319627 ] } },
{ "type": "Feature", "properties": { "ogc_fid": 139871, "ncm": "0040000047", "pob2022": 55.0 }, "geometry": { "type": "Point", "coordinates": [ -60.53956543, -31.72260374 ] } },
{ "type": "Feature", "properties": { "ogc_fid": 139873, "ncm": "0040000042", "pob2022": 87.0 }, "geometry": { "type": "Point", "coordinates": [ -60.52867413, -31.72665413 ] } },
{ "type": "Feature", "properties": { "ogc_fid": 139874, "ncm": "0040000041", "pob2022": 203.0 }, "geometry": { "type": "Point", "coordinates": [ -60.52820663, -31.72547031 ] } },
{ "type": "Feature", "properties": { "ogc_fid": 139876, "ncm": "0040000035", "pob2022": 174.0 }, "geometry": { "type": "Point", "coordinates": [ -60.53665033, -31.72228604 ] } },
{ "type": "Feature", "properties": { "ogc_fid": 139877, "ncm": "0040000033", "pob2022": 84.0 }, "geometry": { "type": "Point", "coordinates": [ -60.53970471, -31.72170124 ] } },
{ "type": "Feature", "properties": { "ogc_fid": 139879, "ncm": "0040000028", "pob2022": 85.0 }, "geometry": { "type": "Point", "coordinates": [ -60.52770066, -31.72419293 ] } },
{ "type": "Feature", "properties": { "ogc_fid": 139880, "ncm": "0040000027", "pob2022": 195.0 }, "geometry": { "type": "Point", "coordinates": [ -60.52908197, -31.72380125 ] } },
{ "type": "Feature", "properties": { "ogc_fid": 139881, "ncm": "0040000026", "pob2022": 195.0 }, "geometry": { "type": "Point", "coordinates": [ -60.53030648, -31.72344358 ] } },
{ "type": "Feature", "properties": { "ogc_fid": 139882, "ncm": "0040000023", "pob2022": 0.0 }, "geometry": { "type": "Point", "coordinates": [ -60.53291317, -31.72260411 ] } },
{ "type": "Feature", "properties": { "ogc_fid": 139883, "ncm": "0040000012", "pob2022": 68.0 }, "geometry": { "type": "Point", "coordinates": [ -60.52667119, -31.72153494 ] } },
{ "type": "Feature", "properties": { "ogc_fid": 140607, "ncm": "0080410015", "pob2022": 88.0 }, "geometry": { "type": "Point", "coordinates": [ -60.51330812, -31.73256274 ] } },
{ "type": "Feature", "properties": { "ogc_fid": 139884, "ncm": "0040000021", "pob2022": 357.0 }, "geometry": { "type": "Point", "coordinates": [ -60.52719083, -31.72285992 ] } },
{ "type": "Feature", "properties": { "ogc_fid": 139885, "ncm": "0040000019", "pob2022": 190.0 }, "geometry": { "type": "Point", "coordinates": [ -60.52974901, -31.72203868 ] } },
{ "type": "Feature", "properties": { "ogc_fid": 139886, "ncm": "0040000017", "pob2022": 113.0 }, "geometry": { "type": "Point", "coordinates": [ -60.53240342, -31.72124917 ] } },
{ "type": "Feature", "properties": { "ogc_fid": 139889, "ncm": "0040000110", "pob2022": 53.0 }, "geometry": { "type": "Point", "coordinates": [ -60.54007119, -31.72397982 ] } },
{ "type": "Feature", "properties": { "ogc_fid": 139891, "ncm": "0040000104", "pob2022": 116.0 }, "geometry": { "type": "Point", "coordinates": [ -60.53328605, -31.73057642 ] } },
{ "type": "Feature", "properties": { "ogc_fid": 139895, "ncm": "0040000025", "pob2022": 15.0 }, "geometry": { "type": "Point", "coordinates": [ -60.53167037, -31.72454309 ] } },
{ "type": "Feature", "properties": { "ogc_fid": 139896, "ncm": "0040000109", "pob2022": 76.0 }, "geometry": { "type": "Point", "coordinates": [ -60.54078607, -31.72363124 ] } },
{ "type": "Feature", "properties": { "ogc_fid": 139897, "ncm": "0040000115", "pob2022": 0.0 }, "geometry": { "type": "Point", "coordinates": [ -60.53747887, -31.72414516 ] } },
{ "type": "Feature", "properties": { "ogc_fid": 139899, "ncm": "0040000020", "pob2022": 93.0 }, "geometry": { "type": "Point", "coordinates": [ -60.52853479, -31.72244276 ] } },
{ "type": "Feature", "properties": { "ogc_fid": 139898, "ncm": "0040000098", "pob2022": 72.0 }, "geometry": { "type": "Point", "coordinates": [ -60.54227655, -31.72714415 ] } },
{ "type": "Feature", "properties": { "ogc_fid": 139900, "ncm": "0040000024", "pob2022": 283.0 }, "geometry": { "type": "Point", "coordinates": [ -60.53163319, -31.7233874 ] } },
{ "type": "Feature", "properties": { "ogc_fid": 139902, "ncm": "0040000022", "pob2022": 280.0 }, "geometry": { "type": "Point", "coordinates": [ -60.53633108, -31.72096222 ] } },
{ "type": "Feature", "properties": { "ogc_fid": 139904, "ncm": "0040000044", "pob2022": 23.0 }, "geometry": { "type": "Point", "coordinates": [ -60.54111012, -31.72247456 ] } },
{ "type": "Feature", "properties": { "ogc_fid": 139905, "ncm": "0040000048", "pob2022": 11.0 }, "geometry": { "type": "Point", "coordinates": [ -60.54087858, -31.72310059 ] } },
{ "type": "Feature", "properties": { "ogc_fid": 138928, "ncm": "0070520015", "pob2022": 99.0 }, "geometry": { "type": "Point", "coordinates": [ -60.52023338, -31.75524866 ] } },
{ "type": "Feature", "properties": { "ogc_fid": 139906, "ncm": "0040000060", "pob2022": 38.0 }, "geometry": { "type": "Point", "coordinates": [ -60.54152484, -31.72386911 ] } },
{ "type": "Feature", "properties": { "ogc_fid": 139907, "ncm": "0030000009", "pob2022": 84.0 }, "geometry": { "type": "Point", "coordinates": [ -60.53371971, -31.73152688 ] } },
{ "type": "Feature", "properties": { "ogc_fid": 139908, "ncm": "0030000023", "pob2022": 168.0 }, "geometry": { "type": "Point", "coordinates": [ -60.53620457, -31.73289624 ] } },
{ "type": "Feature", "properties": { "ogc_fid": 138255, "ncm": "0090120017", "pob2022": 109.0 }, "geometry": { "type": "Point", "coordinates": [ -60.4968827, -31.76552275 ] } },
{ "type": "Feature", "properties": { "ogc_fid": 137425, "ncm": "0121870001", "pob2022": 9.0 }, "geometry": { "type": "Point", "coordinates": [ -60.52496806, -31.78876395 ] } },
{ "type": "Feature", "properties": { "ogc_fid": 138929, "ncm": "0070520014", "pob2022": 189.0 }, "geometry": { "type": "Point", "coordinates": [ -60.51521301, -31.75524384 ] } },
{ "type": "Feature", "properties": { "ogc_fid": 139909, "ncm": "0030000022", "pob2022": 456.0 }, "geometry": { "type": "Point", "coordinates": [ -60.53760844, -31.73232113 ] } },
{ "type": "Feature", "properties": { "ogc_fid": 139910, "ncm": "0030000014", "pob2022": 129.0 }, "geometry": { "type": "Point", "coordinates": [ -60.53846441, -31.73082131 ] } },
{ "type": "Feature", "properties": { "ogc_fid": 139911, "ncm": "0030000008", "pob2022": 115.0 }, "geometry": { "type": "Point", "coordinates": [ -60.53520153, -31.73095971 ] } },
{ "type": "Feature", "properties": { "ogc_fid": 139912, "ncm": "0030000007", "pob2022": 97.0 }, "geometry": { "type": "Point", "coordinates": [ -60.53661664, -31.73042543 ] } },
{ "type": "Feature", "properties": { "ogc_fid": 139913, "ncm": "0030000006", "pob2022": 352.0 }, "geometry": { "type": "Point", "coordinates": [ -60.53808333, -31.72991293 ] } },
{ "type": "Feature", "properties": { "ogc_fid": 139914, "ncm": "0030000056", "pob2022": null }, "geometry": { "type": "Point", "coordinates": [ -60.54083159, -31.72987089 ] } },
{ "type": "Feature", "properties": { "ogc_fid": 139915, "ncm": "0030000055", "pob2022": 65.0 }, "geometry": { "type": "Point", "coordinates": [ -60.53438127, -31.73906694 ] } },
{ "type": "Feature", "properties": { "ogc_fid": 139916, "ncm": "0030000054", "pob2022": 88.0 }, "geometry": { "type": "Point", "coordinates": [ -60.53522048, -31.7384615 ] } },
{ "type": "Feature", "properties": { "ogc_fid": 139917, "ncm": "0030000053", "pob2022": 53.0 }, "geometry": { "type": "Point", "coordinates": [ -60.53641141, -31.73758837 ] } },
{ "type": "Feature", "properties": { "ogc_fid": 139918, "ncm": "0030000052", "pob2022": 780.0 }, "geometry": { "type": "Point", "coordinates": [ -60.53783297, -31.73656681 ] } },
{ "type": "Feature", "properties": { "ogc_fid": 139919, "ncm": "0030000051", "pob2022": 21.0 }, "geometry": { "type": "Point", "coordinates": [ -60.53911127, -31.73564955 ] } },
{ "type": "Feature", "properties": { "ogc_fid": 138930, "ncm": "0070520013", "pob2022": 74.0 }, "geometry": { "type": "Point", "coordinates": [ -60.51597237, -31.75488005 ] } },
{ "type": "Feature", "properties": { "ogc_fid": 139921, "ncm": "0030000005", "pob2022": 296.0 }, "geometry": { "type": "Point", "coordinates": [ -60.53956331, -31.72938773 ] } },
{ "type": "Feature", "properties": { "ogc_fid": 139922, "ncm": "0030000049", "pob2022": 119.0 }, "geometry": { "type": "Point", "coordinates": [ -60.5338199, -31.73811062 ] } },
{ "type": "Feature", "properties": { "ogc_fid": 139923, "ncm": "0030000047", "pob2022": 63.0 }, "geometry": { "type": "Point", "coordinates": [ -60.53601102, -31.73681955 ] } },
{ "type": "Feature", "properties": { "ogc_fid": 139924, "ncm": "0030000046", "pob2022": 60.0 }, "geometry": { "type": "Point", "coordinates": [ -60.53755592, -31.73592997 ] } },
{ "type": "Feature", "properties": { "ogc_fid": 139925, "ncm": "0030000045", "pob2022": 35.0 }, "geometry": { "type": "Point", "coordinates": [ -60.53887206, -31.73516747 ] } },
{ "type": "Feature", "properties": { "ogc_fid": 139926, "ncm": "0030000044", "pob2022": 15.0 }, "geometry": { "type": "Point", "coordinates": [ -60.53979625, -31.7345986 ] } },
{ "type": "Feature", "properties": { "ogc_fid": 139927, "ncm": "0030000043", "pob2022": null }, "geometry": { "type": "Point", "coordinates": [ -60.54045764, -31.73416491 ] } },
{ "type": "Feature", "properties": { "ogc_fid": 139928, "ncm": "0030000042", "pob2022": 164.0 }, "geometry": { "type": "Point", "coordinates": [ -60.53321489, -31.73698497 ] } },
{ "type": "Feature", "properties": { "ogc_fid": 139929, "ncm": "0030000041", "pob2022": 165.0 }, "geometry": { "type": "Point", "coordinates": [ -60.53418776, -31.73649847 ] } },
{ "type": "Feature", "properties": { "ogc_fid": 139930, "ncm": "0030000040", "pob2022": 80.0 }, "geometry": { "type": "Point", "coordinates": [ -60.53557186, -31.73582033 ] } },
{ "type": "Feature", "properties": { "ogc_fid": 139931, "ncm": "0030000004", "pob2022": 379.0 }, "geometry": { "type": "Point", "coordinates": [ -60.54130717, -31.72875228 ] } },
{ "type": "Feature", "properties": { "ogc_fid": 139932, "ncm": "0030000039", "pob2022": 69.0 }, "geometry": { "type": "Point", "coordinates": [ -60.53717256, -31.73502293 ] } },
{ "type": "Feature", "properties": { "ogc_fid": 139933, "ncm": "0030000038", "pob2022": 188.0 }, "geometry": { "type": "Point", "coordinates": [ -60.53852755, -31.73435613 ] } },
{ "type": "Feature", "properties": { "ogc_fid": 139934, "ncm": "0030000037", "pob2022": 166.0 }, "geometry": { "type": "Point", "coordinates": [ -60.53964303, -31.73380738 ] } },
{ "type": "Feature", "properties": { "ogc_fid": 139935, "ncm": "0030000021", "pob2022": 180.0 }, "geometry": { "type": "Point", "coordinates": [ -60.53887967, -31.73179923 ] } },
{ "type": "Feature", "properties": { "ogc_fid": 138931, "ncm": "0070520012", "pob2022": 114.0 }, "geometry": { "type": "Point", "coordinates": [ -60.51709203, -31.75478422 ] } },
{ "type": "Feature", "properties": { "ogc_fid": 138932, "ncm": "0070520011", "pob2022": 111.0 }, "geometry": { "type": "Point", "coordinates": [ -60.51841056, -31.75462716 ] } },
{ "type": "Feature", "properties": { "ogc_fid": 138933, "ncm": "0070520010", "pob2022": 145.0 }, "geometry": { "type": "Point", "coordinates": [ -60.51900435, -31.75407876 ] } },
{ "type": "Feature", "properties": { "ogc_fid": 139937, "ncm": "0030000035", "pob2022": 167.0 }, "geometry": { "type": "Point", "coordinates": [ -60.53259065, -31.73581699 ] } },
{ "type": "Feature", "properties": { "ogc_fid": 139938, "ncm": "0030000034", "pob2022": 228.0 }, "geometry": { "type": "Point", "coordinates": [ -60.53368218, -31.73533932 ] } },
{ "type": "Feature", "properties": { "ogc_fid": 139939, "ncm": "0030000033", "pob2022": 628.0 }, "geometry": { "type": "Point", "coordinates": [ -60.53508631, -31.7347015 ] } },
{ "type": "Feature", "properties": { "ogc_fid": 139940, "ncm": "0030000032", "pob2022": 56.0 }, "geometry": { "type": "Point", "coordinates": [ -60.53668077, -31.73397566 ] } },
{ "type": "Feature", "properties": { "ogc_fid": 139941, "ncm": "0030000031", "pob2022": 117.0 }, "geometry": { "type": "Point", "coordinates": [ -60.53810989, -31.73338525 ] } },
{ "type": "Feature", "properties": { "ogc_fid": 139942, "ncm": "0030000030", "pob2022": 154.0 }, "geometry": { "type": "Point", "coordinates": [ -60.53933325, -31.73286857 ] } },
{ "type": "Feature", "properties": { "ogc_fid": 139943, "ncm": "0030000013", "pob2022": 129.0 }, "geometry": { "type": "Point", "coordinates": [ -60.53991682, -31.73028367 ] } },
{ "type": "Feature", "properties": { "ogc_fid": 139944, "ncm": "0030000029", "pob2022": 5.0 }, "geometry": { "type": "Point", "coordinates": [ -60.53187208, -31.73511403 ] } },
{ "type": "Feature", "properties": { "ogc_fid": 139945, "ncm": "0030000028", "pob2022": 0.0 }, "geometry": { "type": "Point", "coordinates": [ -60.5324097, -31.73488505 ] } },
{ "type": "Feature", "properties": { "ogc_fid": 139946, "ncm": "0030000027", "pob2022": 25.0 }, "geometry": { "type": "Point", "coordinates": [ -60.53157355, -31.73453235 ] } },
{ "type": "Feature", "properties": { "ogc_fid": 139947, "ncm": "0030000025", "pob2022": 132.0 }, "geometry": { "type": "Point", "coordinates": [ -60.5331875, -31.73416406 ] } },
{ "type": "Feature", "properties": { "ogc_fid": 139948, "ncm": "0030000024", "pob2022": 91.0 }, "geometry": { "type": "Point", "coordinates": [ -60.53461422, -31.73355352 ] } },
{ "type": "Feature", "properties": { "ogc_fid": 139950, "ncm": "0030000019", "pob2022": 151.0 }, "geometry": { "type": "Point", "coordinates": [ -60.53143927, -31.7336011 ] } },
{ "type": "Feature", "properties": { "ogc_fid": 139951, "ncm": "0030000018", "pob2022": 118.0 }, "geometry": { "type": "Point", "coordinates": [ -60.5326981, -31.73307921 ] } },
{ "type": "Feature", "properties": { "ogc_fid": 139936, "ncm": "0030000036", "pob2022": 21.0 }, "geometry": { "type": "Point", "coordinates": [ -60.54093617, -31.73364452 ] } },
{ "type": "Feature", "properties": { "ogc_fid": 139952, "ncm": "0030000017", "pob2022": 97.0 }, "geometry": { "type": "Point", "coordinates": [ -60.53414143, -31.73249823 ] } },
{ "type": "Feature", "properties": { "ogc_fid": 139953, "ncm": "0030000016", "pob2022": 140.0 }, "geometry": { "type": "Point", "coordinates": [ -60.53569405, -31.73190067 ] } },
{ "type": "Feature", "properties": { "ogc_fid": 139954, "ncm": "0030000015", "pob2022": 72.0 }, "geometry": { "type": "Point", "coordinates": [ -60.5370882, -31.73135753 ] } },
{ "type": "Feature", "properties": { "ogc_fid": 139956, "ncm": "0030000011", "pob2022": 104.0 }, "geometry": { "type": "Point", "coordinates": [ -60.53094328, -31.73256431 ] } },
{ "type": "Feature", "properties": { "ogc_fid": 139957, "ncm": "0030000010", "pob2022": 92.0 }, "geometry": { "type": "Point", "coordinates": [ -60.53228907, -31.73205993 ] } },
{ "type": "Feature", "properties": { "ogc_fid": 139958, "ncm": "0030000001", "pob2022": 29.0 }, "geometry": { "type": "Point", "coordinates": [ -60.54348952, -31.72761781 ] } },
{ "type": "Feature", "properties": { "ogc_fid": 139959, "ncm": "0030000003", "pob2022": 181.0 }, "geometry": { "type": "Point", "coordinates": [ -60.54284851, -31.72814068 ] } },
{ "type": "Feature", "properties": { "ogc_fid": 139960, "ncm": "0030000002", "pob2022": 27.0 }, "geometry": { "type": "Point", "coordinates": [ -60.54339596, -31.72889761 ] } },
{ "type": "Feature", "properties": { "ogc_fid": 138934, "ncm": "0070520001", "pob2022": 241.0 }, "geometry": { "type": "Point", "coordinates": [ -60.51963064, -31.753219 ] } },
{ "type": "Feature", "properties": { "ogc_fid": 138935, "ncm": "0070390009", "pob2022": 155.0 }, "geometry": { "type": "Point", "coordinates": [ -60.51378565, -31.74008939 ] } },
{ "type": "Feature", "properties": { "ogc_fid": 138936, "ncm": "0070390008", "pob2022": 76.0 }, "geometry": { "type": "Point", "coordinates": [ -60.51492399, -31.73993361 ] } },
{ "type": "Feature", "properties": { "ogc_fid": 138937, "ncm": "0070390007", "pob2022": 67.0 }, "geometry": { "type": "Point", "coordinates": [ -60.51588276, -31.73972736 ] } },
{ "type": "Feature", "properties": { "ogc_fid": 138938, "ncm": "0070390006", "pob2022": 14.0 }, "geometry": { "type": "Point", "coordinates": [ -60.51676485, -31.73913984 ] } },
{ "type": "Feature", "properties": { "ogc_fid": 138939, "ncm": "0070390005", "pob2022": 135.0 }, "geometry": { "type": "Point", "coordinates": [ -60.51211467, -31.73908777 ] } },
{ "type": "Feature", "properties": { "ogc_fid": 138940, "ncm": "0070390004", "pob2022": 161.0 }, "geometry": { "type": "Point", "coordinates": [ -60.51351691, -31.73888856 ] } },
{ "type": "Feature", "properties": { "ogc_fid": 138941, "ncm": "0070390003", "pob2022": 0.0 }, "geometry": { "type": "Point", "coordinates": [ -60.51463158, -31.73874218 ] } },
{ "type": "Feature", "properties": { "ogc_fid": 138942, "ncm": "0070390023", "pob2022": 135.0 }, "geometry": { "type": "Point", "coordinates": [ -60.51289154, -31.74269104 ] } },
{ "type": "Feature", "properties": { "ogc_fid": 138943, "ncm": "0070390022", "pob2022": 237.0 }, "geometry": { "type": "Point", "coordinates": [ -60.51428554, -31.7424813 ] } },
{ "type": "Feature", "properties": { "ogc_fid": 138944, "ncm": "0070390021", "pob2022": 88.0 }, "geometry": { "type": "Point", "coordinates": [ -60.51556172, -31.74230631 ] } },
{ "type": "Feature", "properties": { "ogc_fid": 138945, "ncm": "0070390002", "pob2022": 76.0 }, "geometry": { "type": "Point", "coordinates": [ -60.51553141, -31.73857454 ] } },
{ "type": "Feature", "properties": { "ogc_fid": 138946, "ncm": "0070390019", "pob2022": 197.0 }, "geometry": { "type": "Point", "coordinates": [ -60.51690676, -31.74195744 ] } },
{ "type": "Feature", "properties": { "ogc_fid": 138947, "ncm": "0070390018", "pob2022": 55.0 }, "geometry": { "type": "Point", "coordinates": [ -60.51408234, -31.74156088 ] } },
{ "type": "Feature", "properties": { "ogc_fid": 139961, "ncm": "0030000002", "pob2022": 27.0 }, "geometry": { "type": "Point", "coordinates": [ -60.54384837, -31.72910344 ] } },
{ "type": "Feature", "properties": { "ogc_fid": 139962, "ncm": "0030000026", "pob2022": 30.0 }, "geometry": { "type": "Point", "coordinates": [ -60.53213255, -31.73428853 ] } },
{ "type": "Feature", "properties": { "ogc_fid": 138948, "ncm": "0070390016", "pob2022": 100.0 }, "geometry": { "type": "Point", "coordinates": [ -60.51261143, -31.74146516 ] } },
{ "type": "Feature", "properties": { "ogc_fid": 138949, "ncm": "0070390015", "pob2022": 59.0 }, "geometry": { "type": "Point", "coordinates": [ -60.5139764, -31.74099591 ] } },
{ "type": "Feature", "properties": { "ogc_fid": 138950, "ncm": "0070390014", "pob2022": 40.0 }, "geometry": { "type": "Point", "coordinates": [ -60.51515585, -31.74080994 ] } },
{ "type": "Feature", "properties": { "ogc_fid": 138951, "ncm": "0070390013", "pob2022": 48.0 }, "geometry": { "type": "Point", "coordinates": [ -60.51655642, -31.74074169 ] } },
{ "type": "Feature", "properties": { "ogc_fid": 138952, "ncm": "0070390012", "pob2022": 30.0 }, "geometry": { "type": "Point", "coordinates": [ -60.51288659, -31.74038956 ] } },
{ "type": "Feature", "properties": { "ogc_fid": 138953, "ncm": "0070390011", "pob2022": 54.0 }, "geometry": { "type": "Point", "coordinates": [ -60.51691696, -31.73985747 ] } },
{ "type": "Feature", "properties": { "ogc_fid": 138954, "ncm": "0070390010", "pob2022": 116.0 }, "geometry": { "type": "Point", "coordinates": [ -60.5122308, -31.7402659 ] } },
{ "type": "Feature", "properties": { "ogc_fid": 138955, "ncm": "0070890006", "pob2022": 39.0 }, "geometry": { "type": "Point", "coordinates": [ -60.50757753, -31.77455376 ] } },
{ "type": "Feature", "properties": { "ogc_fid": 138956, "ncm": "0070390001", "pob2022": 101.0 }, "geometry": { "type": "Point", "coordinates": [ -60.51649474, -31.73827797 ] } },
{ "type": "Feature", "properties": { "ogc_fid": 138957, "ncm": "0070340006", "pob2022": 116.0 }, "geometry": { "type": "Point", "coordinates": [ -60.50815099, -31.7644407 ] } },
{ "type": "Feature", "properties": { "ogc_fid": 138958, "ncm": "0070340005", "pob2022": 167.0 }, "geometry": { "type": "Point", "coordinates": [ -60.50558779, -31.7648544 ] } },
{ "type": "Feature", "properties": { "ogc_fid": 138959, "ncm": "0070330027", "pob2022": 80.0 }, "geometry": { "type": "Point", "coordinates": [ -60.51370121, -31.76587411 ] } },
{ "type": "Feature", "properties": { "ogc_fid": 138960, "ncm": "0070340009", "pob2022": 99.0 }, "geometry": { "type": "Point", "coordinates": [ -60.5067461, -31.76588145 ] } },
{ "type": "Feature", "properties": { "ogc_fid": 138961, "ncm": "0070340008", "pob2022": 132.0 }, "geometry": { "type": "Point", "coordinates": [ -60.50762823, -31.76573829 ] } },
{ "type": "Feature", "properties": { "ogc_fid": 138962, "ncm": "0070340007", "pob2022": 0.0 }, "geometry": { "type": "Point", "coordinates": [ -60.50903227, -31.76469815 ] } },
{ "type": "Feature", "properties": { "ogc_fid": 138963, "ncm": "0070340004", "pob2022": 154.0 }, "geometry": { "type": "Point", "coordinates": [ -60.50650151, -31.76471275 ] } },
{ "type": "Feature", "properties": { "ogc_fid": 138964, "ncm": "0070340003", "pob2022": 91.0 }, "geometry": { "type": "Point", "coordinates": [ -60.50738563, -31.76454543 ] } },
{ "type": "Feature", "properties": { "ogc_fid": 138965, "ncm": "0070340002", "pob2022": 140.0 }, "geometry": { "type": "Point", "coordinates": [ -60.50903485, -31.76409756 ] } },
{ "type": "Feature", "properties": { "ogc_fid": 138968, "ncm": "0070340010", "pob2022": 142.0 }, "geometry": { "type": "Point", "coordinates": [ -60.50583403, -31.76605848 ] } },
{ "type": "Feature", "properties": { "ogc_fid": 138969, "ncm": "0070340014", "pob2022": 89.0 }, "geometry": { "type": "Point", "coordinates": [ -60.50840298, -31.76560384 ] } },
{ "type": "Feature", "properties": { "ogc_fid": 138971, "ncm": "0070340001", "pob2022": 135.0 }, "geometry": { "type": "Point", "coordinates": [ -60.5100938, -31.76392118 ] } },
{ "type": "Feature", "properties": { "ogc_fid": 138972, "ncm": "0070330009", "pob2022": 152.0 }, "geometry": { "type": "Point", "coordinates": [ -60.51327725, -31.76423513 ] } },
{ "type": "Feature", "properties": { "ogc_fid": 138973, "ncm": "0070330008", "pob2022": 78.0 }, "geometry": { "type": "Point", "coordinates": [ -60.51418316, -31.76416807 ] } },
{ "type": "Feature", "properties": { "ogc_fid": 138974, "ncm": "0070100010", "pob2022": 21.0 }, "geometry": { "type": "Point", "coordinates": [ -60.50596344, -31.76083565 ] } },
{ "type": "Feature", "properties": { "ogc_fid": 138975, "ncm": "0070330007", "pob2022": 138.0 }, "geometry": { "type": "Point", "coordinates": [ -60.51507119, -31.7641857 ] } },
{ "type": "Feature", "properties": { "ogc_fid": 138976, "ncm": "0070330006", "pob2022": 125.0 }, "geometry": { "type": "Point", "coordinates": [ -60.51120333, -31.76373966 ] } },
{ "type": "Feature", "properties": { "ogc_fid": 138977, "ncm": "0070330005", "pob2022": 126.0 }, "geometry": { "type": "Point", "coordinates": [ -60.51212777, -31.76358562 ] } },
{ "type": "Feature", "properties": { "ogc_fid": 138978, "ncm": "0070330004", "pob2022": 161.0 }, "geometry": { "type": "Point", "coordinates": [ -60.51309039, -31.76343229 ] } },
{ "type": "Feature", "properties": { "ogc_fid": 138979, "ncm": "0070330037", "pob2022": 62.0 }, "geometry": { "type": "Point", "coordinates": [ -60.5120873, -31.76789894 ] } },
{ "type": "Feature", "properties": { "ogc_fid": 138980, "ncm": "0070330036", "pob2022": 73.0 }, "geometry": { "type": "Point", "coordinates": [ -60.51199603, -31.76747404 ] } },
{ "type": "Feature", "properties": { "ogc_fid": 138982, "ncm": "0070330034", "pob2022": 76.0 }, "geometry": { "type": "Point", "coordinates": [ -60.51189693, -31.76702186 ] } },
{ "type": "Feature", "properties": { "ogc_fid": 138983, "ncm": "0070330033", "pob2022": 54.0 }, "geometry": { "type": "Point", "coordinates": [ -60.51286808, -31.76686694 ] } },
{ "type": "Feature", "properties": { "ogc_fid": 138984, "ncm": "0070330031", "pob2022": 87.0 }, "geometry": { "type": "Point", "coordinates": [ -60.51276659, -31.76644579 ] } },
{ "type": "Feature", "properties": { "ogc_fid": 138985, "ncm": "0070320005", "pob2022": 52.0 }, "geometry": { "type": "Point", "coordinates": [ -60.5215956, -31.76283505 ] } },
{ "type": "Feature", "properties": { "ogc_fid": 138981, "ncm": "0070330035", "pob2022": 0.0 }, "geometry": { "type": "Point", "coordinates": [ -60.51277445, -31.76740087 ] } },
{ "type": "Feature", "properties": { "ogc_fid": 138970, "ncm": "0070340013", "pob2022": 56.0 }, "geometry": { "type": "Point", "coordinates": [ -60.50907567, -31.76549494 ] } },
{ "type": "Feature", "properties": { "ogc_fid": 138987, "ncm": "0070330003", "pob2022": 120.0 }, "geometry": { "type": "Point", "coordinates": [ -60.51399754, -31.76332534 ] } },
{ "type": "Feature", "properties": { "ogc_fid": 138988, "ncm": "0070330029", "pob2022": 46.0 }, "geometry": { "type": "Point", "coordinates": [ -60.51170876, -31.76617168 ] } },
{ "type": "Feature", "properties": { "ogc_fid": 138989, "ncm": "0070330028", "pob2022": 52.0 }, "geometry": { "type": "Point", "coordinates": [ -60.51270592, -31.76602187 ] } },
{ "type": "Feature", "properties": { "ogc_fid": 138990, "ncm": "0070330026", "pob2022": 31.0 }, "geometry": { "type": "Point", "coordinates": [ -60.51162889, -31.76580956 ] } },
{ "type": "Feature", "properties": { "ogc_fid": 138991, "ncm": "0070330025", "pob2022": 48.0 }, "geometry": { "type": "Point", "coordinates": [ -60.5126249, -31.76565692 ] } },
{ "type": "Feature", "properties": { "ogc_fid": 138992, "ncm": "0070330024", "pob2022": 40.0 }, "geometry": { "type": "Point", "coordinates": [ -60.51360859, -31.7654968 ] } },
{ "type": "Feature", "properties": { "ogc_fid": 138993, "ncm": "0070330023", "pob2022": 234.0 }, "geometry": { "type": "Point", "coordinates": [ -60.51660681, -31.76688381 ] } },
{ "type": "Feature", "properties": { "ogc_fid": 138994, "ncm": "0070330022", "pob2022": 184.0 }, "geometry": { "type": "Point", "coordinates": [ -60.51598059, -31.76633553 ] } },
{ "type": "Feature", "properties": { "ogc_fid": 138995, "ncm": "0070330021", "pob2022": 2.0 }, "geometry": { "type": "Point", "coordinates": [ -60.51405329, -31.76744665 ] } },
{ "type": "Feature", "properties": { "ogc_fid": 138996, "ncm": "0070330002", "pob2022": 103.0 }, "geometry": { "type": "Point", "coordinates": [ -60.51488999, -31.76317982 ] } },
{ "type": "Feature", "properties": { "ogc_fid": 138997, "ncm": "0070330016", "pob2022": 54.0 }, "geometry": { "type": "Point", "coordinates": [ -60.51300343, -31.76520355 ] } },
{ "type": "Feature", "properties": { "ogc_fid": 138998, "ncm": "0070330015", "pob2022": 122.0 }, "geometry": { "type": "Point", "coordinates": [ -60.51161691, -31.76534617 ] } },
{ "type": "Feature", "properties": { "ogc_fid": 138999, "ncm": "0070330014", "pob2022": 35.0 }, "geometry": { "type": "Point", "coordinates": [ -60.51240576, -31.76490767 ] } },
{ "type": "Feature", "properties": { "ogc_fid": 139000, "ncm": "0070330013", "pob2022": 23.0 }, "geometry": { "type": "Point", "coordinates": [ -60.5132655, -31.76478343 ] } },
{ "type": "Feature", "properties": { "ogc_fid": 139001, "ncm": "0070330012", "pob2022": 62.0 }, "geometry": { "type": "Point", "coordinates": [ -60.51436493, -31.76511216 ] } },
{ "type": "Feature", "properties": { "ogc_fid": 138256, "ncm": "0090120016", "pob2022": 143.0 }, "geometry": { "type": "Point", "coordinates": [ -60.49827245, -31.76530942 ] } },
{ "type": "Feature", "properties": { "ogc_fid": 139002, "ncm": "0070330011", "pob2022": 132.0 }, "geometry": { "type": "Point", "coordinates": [ -60.51137216, -31.76451282 ] } },
{ "type": "Feature", "properties": { "ogc_fid": 139003, "ncm": "0070330010", "pob2022": 56.0 }, "geometry": { "type": "Point", "coordinates": [ -60.51229279, -31.76437791 ] } },
{ "type": "Feature", "properties": { "ogc_fid": 139963, "ncm": "0030000048", "pob2022": 124.0 }, "geometry": { "type": "Point", "coordinates": [ -60.53471354, -31.73757748 ] } },
{ "type": "Feature", "properties": { "ogc_fid": 139964, "ncm": "0020000061", "pob2022": 167.0 }, "geometry": { "type": "Point", "coordinates": [ -60.52172485, -31.74297041 ] } },
{ "type": "Feature", "properties": { "ogc_fid": 139965, "ncm": "0020000022", "pob2022": 314.0 }, "geometry": { "type": "Point", "coordinates": [ -60.52117705, -31.73922495 ] } },
{ "type": "Feature", "properties": { "ogc_fid": 139966, "ncm": "0020000020", "pob2022": 76.0 }, "geometry": { "type": "Point", "coordinates": [ -60.51976848, -31.73799452 ] } },
{ "type": "Feature", "properties": { "ogc_fid": 139967, "ncm": "0020000043", "pob2022": 161.0 }, "geometry": { "type": "Point", "coordinates": [ -60.53159534, -31.73632078 ] } },
{ "type": "Feature", "properties": { "ogc_fid": 139004, "ncm": "0070330001", "pob2022": 169.0 }, "geometry": { "type": "Point", "coordinates": [ -60.51588146, -31.76317782 ] } },
{ "type": "Feature", "properties": { "ogc_fid": 139005, "ncm": "0070320009", "pob2022": 64.0 }, "geometry": { "type": "Point", "coordinates": [ -60.5217343, -31.76347096 ] } },
{ "type": "Feature", "properties": { "ogc_fid": 139006, "ncm": "0070320008", "pob2022": 36.0 }, "geometry": { "type": "Point", "coordinates": [ -60.51996731, -31.76309878 ] } },
{ "type": "Feature", "properties": { "ogc_fid": 139007, "ncm": "0070320007", "pob2022": 31.0 }, "geometry": { "type": "Point", "coordinates": [ -60.51925354, -31.76301723 ] } },
{ "type": "Feature", "properties": { "ogc_fid": 139968, "ncm": "0020000024", "pob2022": 49.0 }, "geometry": { "type": "Point", "coordinates": [ -60.51831646, -31.73853797 ] } },
{ "type": "Feature", "properties": { "ogc_fid": 139969, "ncm": "0020000080", "pob2022": 173.0 }, "geometry": { "type": "Point", "coordinates": [ -60.53235235, -31.74036121 ] } },
{ "type": "Feature", "properties": { "ogc_fid": 139970, "ncm": "0020000062", "pob2022": 320.0 }, "geometry": { "type": "Point", "coordinates": [ -60.520111, -31.74382764 ] } },
{ "type": "Feature", "properties": { "ogc_fid": 139971, "ncm": "0020000064", "pob2022": 54.0 }, "geometry": { "type": "Point", "coordinates": [ -60.51893763, -31.74478221 ] } },
{ "type": "Feature", "properties": { "ogc_fid": 139972, "ncm": "0020000070", "pob2022": 89.0 }, "geometry": { "type": "Point", "coordinates": [ -60.52675001, -31.74190694 ] } },
{ "type": "Feature", "properties": { "ogc_fid": 139973, "ncm": "0020000063", "pob2022": 0.0 }, "geometry": { "type": "Point", "coordinates": [ -60.5186995, -31.74409998 ] } },
{ "type": "Feature", "properties": { "ogc_fid": 139974, "ncm": "0020000060", "pob2022": 167.0 }, "geometry": { "type": "Point", "coordinates": [ -60.52314225, -31.74228916 ] } },
{ "type": "Feature", "properties": { "ogc_fid": 139975, "ncm": "0020000052", "pob2022": 77.0 }, "geometry": { "type": "Point", "coordinates": [ -60.51914194, -31.74279882 ] } },
{ "type": "Feature", "properties": { "ogc_fid": 139008, "ncm": "0070320006", "pob2022": 64.0 }, "geometry": { "type": "Point", "coordinates": [ -60.52065879, -31.76299131 ] } },
{ "type": "Feature", "properties": { "ogc_fid": 139009, "ncm": "0070380018", "pob2022": 67.0 }, "geometry": { "type": "Point", "coordinates": [ -60.51690191, -31.74747059 ] } },
{ "type": "Feature", "properties": { "ogc_fid": 139010, "ncm": "0070320025", "pob2022": 97.0 }, "geometry": { "type": "Point", "coordinates": [ -60.51806422, -31.76659813 ] } },
{ "type": "Feature", "properties": { "ogc_fid": 139011, "ncm": "0070320024", "pob2022": 66.0 }, "geometry": { "type": "Point", "coordinates": [ -60.51919668, -31.7664208 ] } },
{ "type": "Feature", "properties": { "ogc_fid": 137427, "ncm": "0121470001", "pob2022": 4.0 }, "geometry": { "type": "Point", "coordinates": [ -60.54673729, -31.78029658 ] } },
{ "type": "Feature", "properties": { "ogc_fid": 137428, "ncm": "0120050001", "pob2022": 1.0 }, "geometry": { "type": "Point", "coordinates": [ -60.53577364, -31.75689557 ] } },
{ "type": "Feature", "properties": { "ogc_fid": 139012, "ncm": "0070320023", "pob2022": 63.0 }, "geometry": { "type": "Point", "coordinates": [ -60.51994385, -31.76630315 ] } },
{ "type": "Feature", "properties": { "ogc_fid": 139013, "ncm": "0070320022", "pob2022": 112.0 }, "geometry": { "type": "Point", "coordinates": [ -60.52100539, -31.76613208 ] } },
{ "type": "Feature", "properties": { "ogc_fid": 139014, "ncm": "0070320021", "pob2022": 86.0 }, "geometry": { "type": "Point", "coordinates": [ -60.52227981, -31.76592951 ] } },
{ "type": "Feature", "properties": { "ogc_fid": 139015, "ncm": "0070320020", "pob2022": 30.0 }, "geometry": { "type": "Point", "coordinates": [ -60.5175478, -31.76567613 ] } },
{ "type": "Feature", "properties": { "ogc_fid": 139016, "ncm": "0070320002", "pob2022": 64.0 }, "geometry": { "type": "Point", "coordinates": [ -60.5201533, -31.76231015 ] } },
{ "type": "Feature", "properties": { "ogc_fid": 138257, "ncm": "0090120015", "pob2022": 85.0 }, "geometry": { "type": "Point", "coordinates": [ -60.4935945, -31.76477146 ] } },
{ "type": "Feature", "properties": { "ogc_fid": 139017, "ncm": "0070320019", "pob2022": 48.0 }, "geometry": { "type": "Point", "coordinates": [ -60.51822465, -31.76546557 ] } },
{ "type": "Feature", "properties": { "ogc_fid": 139018, "ncm": "0070320017", "pob2022": 38.0 }, "geometry": { "type": "Point", "coordinates": [ -60.5197705, -31.76528422 ] } },
{ "type": "Feature", "properties": { "ogc_fid": 137431, "ncm": "0121190009", "pob2022": 5.0 }, "geometry": { "type": "Point", "coordinates": [ -60.51434992, -31.77918931 ] } },
{ "type": "Feature", "properties": { "ogc_fid": 137432, "ncm": "0121230011", "pob2022": 0.0 }, "geometry": { "type": "Point", "coordinates": [ -60.49198629, -31.78325814 ] } },
{ "type": "Feature", "properties": { "ogc_fid": 137433, "ncm": "0121230017", "pob2022": 20.0 }, "geometry": { "type": "Point", "coordinates": [ -60.49212823, -31.78397382 ] } },
{ "type": "Feature", "properties": { "ogc_fid": 137434, "ncm": "0121230018", "pob2022": 20.0 }, "geometry": { "type": "Point", "coordinates": [ -60.49157562, -31.78405456 ] } },
{ "type": "Feature", "properties": { "ogc_fid": 137435, "ncm": "0121230006", "pob2022": 23.0 }, "geometry": { "type": "Point", "coordinates": [ -60.49126304, -31.78259921 ] } },
{ "type": "Feature", "properties": { "ogc_fid": 137437, "ncm": "0121240004", "pob2022": 26.0 }, "geometry": { "type": "Point", "coordinates": [ -60.4875282, -31.78305448 ] } },
{ "type": "Feature", "properties": { "ogc_fid": 137438, "ncm": "0121200012", "pob2022": 0.0 }, "geometry": { "type": "Point", "coordinates": [ -60.5112704, -31.7803308 ] } },
{ "type": "Feature", "properties": { "ogc_fid": 137440, "ncm": "0121200005", "pob2022": 0.0 }, "geometry": { "type": "Point", "coordinates": [ -60.51352561, -31.77912832 ] } },
{ "type": "Feature", "properties": { "ogc_fid": 139976, "ncm": "0020000082", "pob2022": 138.0 }, "geometry": { "type": "Point", "coordinates": [ -60.53000234, -31.74202956 ] } },
{ "type": "Feature", "properties": { "ogc_fid": 139977, "ncm": "0020000044", "pob2022": 107.0 }, "geometry": { "type": "Point", "coordinates": [ -60.53043496, -31.73688147 ] } },
{ "type": "Feature", "properties": { "ogc_fid": 139978, "ncm": "0020000085", "pob2022": 139.0 }, "geometry": { "type": "Point", "coordinates": [ -60.52739297, -31.74277123 ] } },
{ "type": "Feature", "properties": { "ogc_fid": 139979, "ncm": "0020000084", "pob2022": 111.0 }, "geometry": { "type": "Point", "coordinates": [ -60.52925947, -31.7430422 ] } },
{ "type": "Feature", "properties": { "ogc_fid": 139019, "ncm": "0070320016", "pob2022": 49.0 }, "geometry": { "type": "Point", "coordinates": [ -60.52073805, -31.76514703 ] } },
{ "type": "Feature", "properties": { "ogc_fid": 137441, "ncm": "0121240010", "pob2022": 34.0 }, "geometry": { "type": "Point", "coordinates": [ -60.48624398, -31.78396058 ] } },
{ "type": "Feature", "properties": { "ogc_fid": 137442, "ncm": "0121240015", "pob2022": 20.0 }, "geometry": { "type": "Point", "coordinates": [ -60.48682233, -31.78460506 ] } },
{ "type": "Feature", "properties": { "ogc_fid": 137443, "ncm": "0121240005", "pob2022": 37.0 }, "geometry": { "type": "Point", "coordinates": [ -60.48609867, -31.78327728 ] } },
{ "type": "Feature", "properties": { "ogc_fid": 137445, "ncm": "0121540001", "pob2022": 1.0 }, "geometry": { "type": "Point", "coordinates": [ -60.50668067, -31.78666106 ] } },
{ "type": "Feature", "properties": { "ogc_fid": 139020, "ncm": "0070320015", "pob2022": 80.0 }, "geometry": { "type": "Point", "coordinates": [ -60.5220851, -31.76495056 ] } },
{ "type": "Feature", "properties": { "ogc_fid": 139980, "ncm": "0020000083", "pob2022": 139.0 }, "geometry": { "type": "Point", "coordinates": [ -60.52870025, -31.74209212 ] } },
{ "type": "Feature", "properties": { "ogc_fid": 137446, "ncm": "0121240016", "pob2022": 18.0 }, "geometry": { "type": "Point", "coordinates": [ -60.48599543, -31.7847335 ] } },
{ "type": "Feature", "properties": { "ogc_fid": 137447, "ncm": "0121240014", "pob2022": 9.0 }, "geometry": { "type": "Point", "coordinates": [ -60.48781728, -31.78444905 ] } },
{ "type": "Feature", "properties": { "ogc_fid": 137448, "ncm": "0121240009", "pob2022": 30.0 }, "geometry": { "type": "Point", "coordinates": [ -60.48767423, -31.78373758 ] } },
{ "type": "Feature", "properties": { "ogc_fid": 137449, "ncm": "0121240001", "pob2022": 85.0 }, "geometry": { "type": "Point", "coordinates": [ -60.48893, -31.78531779 ] } },
{ "type": "Feature", "properties": { "ogc_fid": 137450, "ncm": "0121190018", "pob2022": 41.0 }, "geometry": { "type": "Point", "coordinates": [ -60.51633586, -31.78068501 ] } },
{ "type": "Feature", "properties": { "ogc_fid": 137451, "ncm": "0121190014", "pob2022": 38.0 }, "geometry": { "type": "Point", "coordinates": [ -60.51619719, -31.78004585 ] } },
{ "type": "Feature", "properties": { "ogc_fid": 137452, "ncm": "0121190022", "pob2022": 39.0 }, "geometry": { "type": "Point", "coordinates": [ -60.51634691, -31.78132797 ] } },
{ "type": "Feature", "properties": { "ogc_fid": 137453, "ncm": "0121190023", "pob2022": 53.0 }, "geometry": { "type": "Point", "coordinates": [ -60.51518415, -31.78146856 ] } },
{ "type": "Feature", "properties": { "ogc_fid": 137454, "ncm": "0121190019", "pob2022": 52.0 }, "geometry": { "type": "Point", "coordinates": [ -60.51507251, -31.78079715 ] } },
{ "type": "Feature", "properties": { "ogc_fid": 137455, "ncm": "0121190015", "pob2022": 50.0 }, "geometry": { "type": "Point", "coordinates": [ -60.51507479, -31.78008196 ] } },
{ "type": "Feature", "properties": { "ogc_fid": 137456, "ncm": "0121190008", "pob2022": 35.0 }, "geometry": { "type": "Point", "coordinates": [ -60.51512694, -31.77935393 ] } },
{ "type": "Feature", "properties": { "ogc_fid": 139981, "ncm": "0020000095", "pob2022": 126.0 }, "geometry": { "type": "Point", "coordinates": [ -60.52576247, -31.74597141 ] } },
{ "type": "Feature", "properties": { "ogc_fid": 139982, "ncm": "0020000094", "pob2022": 221.0 }, "geometry": { "type": "Point", "coordinates": [ -60.52737754, -31.74544972 ] } },
{ "type": "Feature", "properties": { "ogc_fid": 139983, "ncm": "0020000092", "pob2022": 77.0 }, "geometry": { "type": "Point", "coordinates": [ -60.52973864, -31.7438492 ] } },
{ "type": "Feature", "properties": { "ogc_fid": 139984, "ncm": "0020000081", "pob2022": 191.0 }, "geometry": { "type": "Point", "coordinates": [ -60.53104703, -31.74146751 ] } },
{ "type": "Feature", "properties": { "ogc_fid": 139985, "ncm": "0020000031", "pob2022": 62.0 }, "geometry": { "type": "Point", "coordinates": [ -60.51810376, -31.74073003 ] } },
{ "type": "Feature", "properties": { "ogc_fid": 139986, "ncm": "0020000091", "pob2022": 180.0 }, "geometry": { "type": "Point", "coordinates": [ -60.52304472, -31.74634853 ] } },
{ "type": "Feature", "properties": { "ogc_fid": 139987, "ncm": "0020000090", "pob2022": 111.0 }, "geometry": { "type": "Point", "coordinates": [ -60.52420749, -31.74575082 ] } },
{ "type": "Feature", "properties": { "ogc_fid": 139988, "ncm": "0020000009", "pob2022": 186.0 }, "geometry": { "type": "Point", "coordinates": [ -60.51776601, -31.73731026 ] } },
{ "type": "Feature", "properties": { "ogc_fid": 137457, "ncm": "0121200017", "pob2022": 0.0 }, "geometry": { "type": "Point", "coordinates": [ -60.51155849, -31.78108482 ] } },
{ "type": "Feature", "properties": { "ogc_fid": 137458, "ncm": "0121200008", "pob2022": 0.0 }, "geometry": { "type": "Point", "coordinates": [ -60.51102745, -31.77963824 ] } },
{ "type": "Feature", "properties": { "ogc_fid": 137459, "ncm": "0121200004", "pob2022": 0.0 }, "geometry": { "type": "Point", "coordinates": [ -60.51082565, -31.77889316 ] } },
{ "type": "Feature", "properties": { "ogc_fid": 139989, "ncm": "0020000071", "pob2022": 178.0 }, "geometry": { "type": "Point", "coordinates": [ -60.52540694, -31.74275006 ] } },
{ "type": "Feature", "properties": { "ogc_fid": 139990, "ncm": "0020000089", "pob2022": 188.0 }, "geometry": { "type": "Point", "coordinates": [ -60.52506908, -31.74494487 ] } },
{ "type": "Feature", "properties": { "ogc_fid": 139991, "ncm": "0020000088", "pob2022": 159.0 }, "geometry": { "type": "Point", "coordinates": [ -60.52660469, -31.74442486 ] } },
{ "type": "Feature", "properties": { "ogc_fid": 139992, "ncm": "0020000087", "pob2022": 103.0 }, "geometry": { "type": "Point", "coordinates": [ -60.52610848, -31.74359162 ] } },
{ "type": "Feature", "properties": { "ogc_fid": 139993, "ncm": "0020000025", "pob2022": 53.0 }, "geometry": { "type": "Point", "coordinates": [ -60.51766469, -31.73872443 ] } },
{ "type": "Feature", "properties": { "ogc_fid": 139994, "ncm": "0020000086", "pob2022": 138.0 }, "geometry": { "type": "Point", "coordinates": [ -60.52800535, -31.74370073 ] } },
{ "type": "Feature", "properties": { "ogc_fid": 139995, "ncm": "0020000008", "pob2022": 419.0 }, "geometry": { "type": "Point", "coordinates": [ -60.51931474, -31.73670075 ] } },
{ "type": "Feature", "properties": { "ogc_fid": 139996, "ncm": "0020000079", "pob2022": 102.0 }, "geometry": { "type": "Point", "coordinates": [ -60.53348272, -31.73973341 ] } },
{ "type": "Feature", "properties": { "ogc_fid": 139997, "ncm": "0020000078", "pob2022": 192.0 }, "geometry": { "type": "Point", "coordinates": [ -60.51949544, -31.74618464 ] } },
{ "type": "Feature", "properties": { "ogc_fid": 139998, "ncm": "0020000077", "pob2022": 301.0 }, "geometry": { "type": "Point", "coordinates": [ -60.52073697, -31.74600735 ] } },
{ "type": "Feature", "properties": { "ogc_fid": 139021, "ncm": "0070320013", "pob2022": 14.0 }, "geometry": { "type": "Point", "coordinates": [ -60.51807753, -31.76466719 ] } },
{ "type": "Feature", "properties": { "ogc_fid": 139022, "ncm": "0070320012", "pob2022": 2.0 }, "geometry": { "type": "Point", "coordinates": [ -60.51860466, -31.76473666 ] } },
{ "type": "Feature", "properties": { "ogc_fid": 139999, "ncm": "0020000076", "pob2022": 77.0 }, "geometry": { "type": "Point", "coordinates": [ -60.52188109, -31.74584221 ] } },
{ "type": "Feature", "properties": { "ogc_fid": 140000, "ncm": "0020000075", "pob2022": 130.0 }, "geometry": { "type": "Point", "coordinates": [ -60.52252863, -31.74532241 ] } },
{ "type": "Feature", "properties": { "ogc_fid": 140001, "ncm": "0020000074", "pob2022": 139.0 }, "geometry": { "type": "Point", "coordinates": [ -60.52143466, -31.74466984 ] } },
{ "type": "Feature", "properties": { "ogc_fid": 140002, "ncm": "0020000073", "pob2022": 170.0 }, "geometry": { "type": "Point", "coordinates": [ -60.52289067, -31.74433347 ] } },
{ "type": "Feature", "properties": { "ogc_fid": 140003, "ncm": "0020000072", "pob2022": 197.0 }, "geometry": { "type": "Point", "coordinates": [ -60.5240407, -31.74364993 ] } },
{ "type": "Feature", "properties": { "ogc_fid": 140004, "ncm": "0020000050", "pob2022": 242.0 }, "geometry": { "type": "Point", "coordinates": [ -60.52231202, -31.74105771 ] } },
{ "type": "Feature", "properties": { "ogc_fid": 140005, "ncm": "0020000007", "pob2022": 266.0 }, "geometry": { "type": "Point", "coordinates": [ -60.52089771, -31.73613979 ] } },
{ "type": "Feature", "properties": { "ogc_fid": 140006, "ncm": "0020000069", "pob2022": 152.0 }, "geometry": { "type": "Point", "coordinates": [ -60.52818707, -31.74118997 ] } },
{ "type": "Feature", "properties": { "ogc_fid": 140007, "ncm": "0020000068", "pob2022": 102.0 }, "geometry": { "type": "Point", "coordinates": [ -60.52938567, -31.740601 ] } },
{ "type": "Feature", "properties": { "ogc_fid": 140008, "ncm": "0020000067", "pob2022": 156.0 }, "geometry": { "type": "Point", "coordinates": [ -60.53049648, -31.74002836 ] } },
{ "type": "Feature", "properties": { "ogc_fid": 140009, "ncm": "0020000066", "pob2022": 141.0 }, "geometry": { "type": "Point", "coordinates": [ -60.53174376, -31.73931891 ] } },
{ "type": "Feature", "properties": { "ogc_fid": 140010, "ncm": "0020000023", "pob2022": 65.0 }, "geometry": { "type": "Point", "coordinates": [ -60.51900545, -31.73843968 ] } },
{ "type": "Feature", "properties": { "ogc_fid": 140011, "ncm": "0020000065", "pob2022": 179.0 }, "geometry": { "type": "Point", "coordinates": [ -60.53287951, -31.73865873 ] } },
{ "type": "Feature", "properties": { "ogc_fid": 140012, "ncm": "0020000005", "pob2022": 95.0 }, "geometry": { "type": "Point", "coordinates": [ -60.52427846, -31.73487014 ] } },
{ "type": "Feature", "properties": { "ogc_fid": 139023, "ncm": "0070320011", "pob2022": 21.0 }, "geometry": { "type": "Point", "coordinates": [ -60.51891505, -31.76416539 ] } },
{ "type": "Feature", "properties": { "ogc_fid": 139024, "ncm": "0070320010", "pob2022": 61.0 }, "geometry": { "type": "Point", "coordinates": [ -60.52092658, -31.76413981 ] } },
{ "type": "Feature", "properties": { "ogc_fid": 139025, "ncm": "0070320001", "pob2022": 60.0 }, "geometry": { "type": "Point", "coordinates": [ -60.52143477, -31.76210716 ] } },
{ "type": "Feature", "properties": { "ogc_fid": 139026, "ncm": "0070100008", "pob2022": 3.0 }, "geometry": { "type": "Point", "coordinates": [ -60.5057174, -31.7604085 ] } },
{ "type": "Feature", "properties": { "ogc_fid": 139027, "ncm": "0070100005", "pob2022": 106.0 }, "geometry": { "type": "Point", "coordinates": [ -60.5046399, -31.75983609 ] } },
{ "type": "Feature", "properties": { "ogc_fid": 139028, "ncm": "0070100004", "pob2022": 111.0 }, "geometry": { "type": "Point", "coordinates": [ -60.50572242, -31.75963958 ] } },
{ "type": "Feature", "properties": { "ogc_fid": 139029, "ncm": "0070100003", "pob2022": 187.0 }, "geometry": { "type": "Point", "coordinates": [ -60.50659742, -31.76040782 ] } },
{ "type": "Feature", "properties": { "ogc_fid": 139030, "ncm": "0070100025", "pob2022": 117.0 }, "geometry": { "type": "Point", "coordinates": [ -60.50590442, -31.76371422 ] } },
{ "type": "Feature", "properties": { "ogc_fid": 139032, "ncm": "0070100023", "pob2022": 197.0 }, "geometry": { "type": "Point", "coordinates": [ -60.50560326, -31.76232356 ] } },
{ "type": "Feature", "properties": { "ogc_fid": 139033, "ncm": "0070100002", "pob2022": 72.0 }, "geometry": { "type": "Point", "coordinates": [ -60.50731344, -31.75927921 ] } },
{ "type": "Feature", "properties": { "ogc_fid": 139034, "ncm": "0070100017", "pob2022": 43.0 }, "geometry": { "type": "Point", "coordinates": [ -60.50517769, -31.76181881 ] } },
{ "type": "Feature", "properties": { "ogc_fid": 139035, "ncm": "0070100016", "pob2022": 20.0 }, "geometry": { "type": "Point", "coordinates": [ -60.50613808, -31.76166741 ] } },
{ "type": "Feature", "properties": { "ogc_fid": 139036, "ncm": "0070100015", "pob2022": 54.0 }, "geometry": { "type": "Point", "coordinates": [ -60.50508942, -31.76140719 ] } },
{ "type": "Feature", "properties": { "ogc_fid": 139038, "ncm": "0070100013", "pob2022": 189.0 }, "geometry": { "type": "Point", "coordinates": [ -60.50927965, -31.76278978 ] } },
{ "type": "Feature", "properties": { "ogc_fid": 139039, "ncm": "0070100011", "pob2022": 50.0 }, "geometry": { "type": "Point", "coordinates": [ -60.50500155, -31.76099032 ] } },
{ "type": "Feature", "properties": { "ogc_fid": 139041, "ncm": "0070100012", "pob2022": 335.0 }, "geometry": { "type": "Point", "coordinates": [ -60.50850272, -31.76096995 ] } },
{ "type": "Feature", "properties": { "ogc_fid": 139042, "ncm": "0070090018", "pob2022": 118.0 }, "geometry": { "type": "Point", "coordinates": [ -60.51187279, -31.76237558 ] } },
{ "type": "Feature", "properties": { "ogc_fid": 139043, "ncm": "0070320003", "pob2022": 12.0 }, "geometry": { "type": "Point", "coordinates": [ -60.5168261, -31.76275488 ] } },
{ "type": "Feature", "properties": { "ogc_fid": 139037, "ncm": "0070100014", "pob2022": 20.0 }, "geometry": { "type": "Point", "coordinates": [ -60.50605246, -31.76125177 ] } },
{ "type": "Feature", "properties": { "ogc_fid": 139045, "ncm": "0070870015", "pob2022": 39.0 }, "geometry": { "type": "Point", "coordinates": [ -60.52276747, -31.77607243 ] } },
{ "type": "Feature", "properties": { "ogc_fid": 139047, "ncm": "0070890007", "pob2022": 42.0 }, "geometry": { "type": "Point", "coordinates": [ -60.50863515, -31.77466227 ] } },
{ "type": "Feature", "properties": { "ogc_fid": 139048, "ncm": "0070890013", "pob2022": 39.0 }, "geometry": { "type": "Point", "coordinates": [ -60.50780937, -31.77563541 ] } },
{ "type": "Feature", "properties": { "ogc_fid": 139049, "ncm": "0070890005", "pob2022": 26.0 }, "geometry": { "type": "Point", "coordinates": [ -60.50832617, -31.77412058 ] } },
{ "type": "Feature", "properties": { "ogc_fid": 139050, "ncm": "0070890001", "pob2022": 33.0 }, "geometry": { "type": "Point", "coordinates": [ -60.51244361, -31.77351757 ] } },
{ "type": "Feature", "properties": { "ogc_fid": 139051, "ncm": "0070320018", "pob2022": 50.0 }, "geometry": { "type": "Point", "coordinates": [ -60.51895685, -31.76536204 ] } },
{ "type": "Feature", "properties": { "ogc_fid": 139052, "ncm": "0070550009", "pob2022": 65.0 }, "geometry": { "type": "Point", "coordinates": [ -60.50770381, -31.74635579 ] } },
{ "type": "Feature", "properties": { "ogc_fid": 139053, "ncm": "0070590013", "pob2022": 90.0 }, "geometry": { "type": "Point", "coordinates": [ -60.51571982, -31.76985543 ] } },
{ "type": "Feature", "properties": { "ogc_fid": 139054, "ncm": "0070100020", "pob2022": 35.0 }, "geometry": { "type": "Point", "coordinates": [ -60.50724374, -31.76196008 ] } },
{ "type": "Feature", "properties": { "ogc_fid": 139055, "ncm": "0070100021", "pob2022": 20.0 }, "geometry": { "type": "Point", "coordinates": [ -60.50737008, -31.76265352 ] } },
{ "type": "Feature", "properties": { "ogc_fid": 139056, "ncm": "0070100022", "pob2022": 50.0 }, "geometry": { "type": "Point", "coordinates": [ -60.50753673, -31.76339778 ] } },
{ "type": "Feature", "properties": { "ogc_fid": 139057, "ncm": "0070100009", "pob2022": 49.0 }, "geometry": { "type": "Point", "coordinates": [ -60.50477971, -31.76055168 ] } },
{ "type": "Feature", "properties": { "ogc_fid": 139058, "ncm": "0070630004", "pob2022": 180.0 }, "geometry": { "type": "Point", "coordinates": [ -60.50473296, -31.75569221 ] } },
{ "type": "Feature", "properties": { "ogc_fid": 139059, "ncm": "0070370009", "pob2022": 238.0 }, "geometry": { "type": "Point", "coordinates": [ -60.51745905, -31.74975009 ] } },
{ "type": "Feature", "properties": { "ogc_fid": 139060, "ncm": "0070370002", "pob2022": 99.0 }, "geometry": { "type": "Point", "coordinates": [ -60.51762704, -31.74824489 ] } },
{ "type": "Feature", "properties": { "ogc_fid": 139061, "ncm": "0070380008", "pob2022": 52.0 }, "geometry": { "type": "Point", "coordinates": [ -60.51620292, -31.74534646 ] } },
{ "type": "Feature", "properties": { "ogc_fid": 139063, "ncm": "0070380006", "pob2022": 2.0 }, "geometry": { "type": "Point", "coordinates": [ -60.51523089, -31.74518972 ] } },
{ "type": "Feature", "properties": { "ogc_fid": 139064, "ncm": "0070380005", "pob2022": 85.0 }, "geometry": { "type": "Point", "coordinates": [ -60.51485424, -31.74438537 ] } },
{ "type": "Feature", "properties": { "ogc_fid": 139065, "ncm": "0070380004", "pob2022": 152.0 }, "geometry": { "type": "Point", "coordinates": [ -60.51704401, -31.74396359 ] } },
{ "type": "Feature", "properties": { "ogc_fid": 139066, "ncm": "0070380003", "pob2022": 234.0 }, "geometry": { "type": "Point", "coordinates": [ -60.51344338, -31.74460883 ] } },
{ "type": "Feature", "properties": { "ogc_fid": 139067, "ncm": "0070380002", "pob2022": 81.0 }, "geometry": { "type": "Point", "coordinates": [ -60.51450164, -31.74361356 ] } },
{ "type": "Feature", "properties": { "ogc_fid": 139068, "ncm": "0070380016", "pob2022": 63.0 }, "geometry": { "type": "Point", "coordinates": [ -60.51672242, -31.74694992 ] } },
{ "type": "Feature", "properties": { "ogc_fid": 139069, "ncm": "0070380014", "pob2022": 54.0 }, "geometry": { "type": "Point", "coordinates": [ -60.51653845, -31.7464274 ] } },
{ "type": "Feature", "properties": { "ogc_fid": 139070, "ncm": "0070380011", "pob2022": 48.0 }, "geometry": { "type": "Point", "coordinates": [ -60.51635985, -31.74590374 ] } },
{ "type": "Feature", "properties": { "ogc_fid": 139071, "ncm": "0070380001", "pob2022": 119.0 }, "geometry": { "type": "Point", "coordinates": [ -60.51610948, -31.74351147 ] } },
{ "type": "Feature", "properties": { "ogc_fid": 139072, "ncm": "0070370008", "pob2022": 79.0 }, "geometry": { "type": "Point", "coordinates": [ -60.5181688, -31.74907598 ] } },
{ "type": "Feature", "properties": { "ogc_fid": 139073, "ncm": "0070370006", "pob2022": 63.0 }, "geometry": { "type": "Point", "coordinates": [ -60.513929, -31.74884188 ] } },
{ "type": "Feature", "properties": { "ogc_fid": 139074, "ncm": "0070370005", "pob2022": 76.0 }, "geometry": { "type": "Point", "coordinates": [ -60.51474804, -31.74869777 ] } },
{ "type": "Feature", "properties": { "ogc_fid": 139075, "ncm": "0070370004", "pob2022": 87.0 }, "geometry": { "type": "Point", "coordinates": [ -60.5156625, -31.74847409 ] } },
{ "type": "Feature", "properties": { "ogc_fid": 139076, "ncm": "0070370003", "pob2022": 114.0 }, "geometry": { "type": "Point", "coordinates": [ -60.51672529, -31.74859059 ] } },
{ "type": "Feature", "properties": { "ogc_fid": 139077, "ncm": "0070370016", "pob2022": 31.0 }, "geometry": { "type": "Point", "coordinates": [ -60.51538316, -31.75025859 ] } },
{ "type": "Feature", "properties": { "ogc_fid": 139078, "ncm": "0070370015", "pob2022": 39.0 }, "geometry": { "type": "Point", "coordinates": [ -60.5161069, -31.75003709 ] } },
{ "type": "Feature", "properties": { "ogc_fid": 139079, "ncm": "0070370012", "pob2022": 123.0 }, "geometry": { "type": "Point", "coordinates": [ -60.51429046, -31.75014828 ] } },
{ "type": "Feature", "properties": { "ogc_fid": 139080, "ncm": "0070370011", "pob2022": 58.0 }, "geometry": { "type": "Point", "coordinates": [ -60.5150249, -31.74952011 ] } },
{ "type": "Feature", "properties": { "ogc_fid": 139081, "ncm": "0070370010", "pob2022": 51.0 }, "geometry": { "type": "Point", "coordinates": [ -60.51586638, -31.74922174 ] } },
{ "type": "Feature", "properties": { "ogc_fid": 139082, "ncm": "0070370001", "pob2022": 231.0 }, "geometry": { "type": "Point", "coordinates": [ -60.51883427, -31.74874013 ] } },
{ "type": "Feature", "properties": { "ogc_fid": 139083, "ncm": "0070380015", "pob2022": 0.0 }, "geometry": { "type": "Point", "coordinates": [ -60.51371327, -31.74686473 ] } },
{ "type": "Feature", "properties": { "ogc_fid": 139086, "ncm": "0070380019", "pob2022": 3.0 }, "geometry": { "type": "Point", "coordinates": [ -60.51531578, -31.74738423 ] } },
{ "type": "Feature", "properties": { "ogc_fid": 139087, "ncm": "0070380013", "pob2022": 0.0 }, "geometry": { "type": "Point", "coordinates": [ -60.51334035, -31.74621872 ] } },
{ "type": "Feature", "properties": { "ogc_fid": 140013, "ncm": "0020000006", "pob2022": 352.0 }, "geometry": { "type": "Point", "coordinates": [ -60.52276557, -31.73546143 ] } },
{ "type": "Feature", "properties": { "ogc_fid": 140014, "ncm": "0020000059", "pob2022": 151.0 }, "geometry": { "type": "Point", "coordinates": [ -60.5246231, -31.7415541 ] } },
{ "type": "Feature", "properties": { "ogc_fid": 139088, "ncm": "0070370017", "pob2022": 778.0 }, "geometry": { "type": "Point", "coordinates": [ -60.51695996, -31.75164079 ] } },
{ "type": "Feature", "properties": { "ogc_fid": 139089, "ncm": "0070660008", "pob2022": 135.0 }, "geometry": { "type": "Point", "coordinates": [ -60.50285936, -31.74387069 ] } },
{ "type": "Feature", "properties": { "ogc_fid": 139090, "ncm": "0070540010", "pob2022": 48.0 }, "geometry": { "type": "Point", "coordinates": [ -60.51312473, -31.74978623 ] } },
{ "type": "Feature", "properties": { "ogc_fid": 139092, "ncm": "0070320009", "pob2022": 64.0 }, "geometry": { "type": "Point", "coordinates": [ -60.52219741, -31.76397898 ] } },
{ "type": "Feature", "properties": { "ogc_fid": 139093, "ncm": "0070100023", "pob2022": 197.0 }, "geometry": { "type": "Point", "coordinates": [ -60.50587163, -31.76276528 ] } },
{ "type": "Feature", "properties": { "ogc_fid": 139085, "ncm": "0070380020", "pob2022": 5.0 }, "geometry": { "type": "Point", "coordinates": [ -60.5139523, -31.74779264 ] } },
{ "type": "Feature", "properties": { "ogc_fid": 139094, "ncm": "0070650009", "pob2022": 87.0 }, "geometry": { "type": "Point", "coordinates": [ -60.50444911, -31.74667242 ] } },
{ "type": "Feature", "properties": { "ogc_fid": 139095, "ncm": "0070590023", "pob2022": 17.0 }, "geometry": { "type": "Point", "coordinates": [ -60.51475597, -31.77253909 ] } },
{ "type": "Feature", "properties": { "ogc_fid": 139096, "ncm": "0070590024", "pob2022": 29.0 }, "geometry": { "type": "Point", "coordinates": [ -60.51399535, -31.77219999 ] } },
{ "type": "Feature", "properties": { "ogc_fid": 139098, "ncm": "0070590026", "pob2022": 39.0 }, "geometry": { "type": "Point", "coordinates": [ -60.51335764, -31.77264285 ] } },
{ "type": "Feature", "properties": { "ogc_fid": 139099, "ncm": "0070600005", "pob2022": 29.0 }, "geometry": { "type": "Point", "coordinates": [ -60.51231108, -31.7719478 ] } },
{ "type": "Feature", "properties": { "ogc_fid": 139102, "ncm": "0070870001", "pob2022": 149.0 }, "geometry": { "type": "Point", "coordinates": [ -60.52310656, -31.77222946 ] } },
{ "type": "Feature", "properties": { "ogc_fid": 139103, "ncm": "0070550018", "pob2022": 5.0 }, "geometry": { "type": "Point", "coordinates": [ -60.5121302, -31.74680939 ] } },
{ "type": "Feature", "properties": { "ogc_fid": 139104, "ncm": "0070550019", "pob2022": 0.0 }, "geometry": { "type": "Point", "coordinates": [ -60.51076834, -31.74744251 ] } },
{ "type": "Feature", "properties": { "ogc_fid": 139105, "ncm": "0070550020", "pob2022": 5.0 }, "geometry": { "type": "Point", "coordinates": [ -60.50988147, -31.7478523 ] } },
{ "type": "Feature", "properties": { "ogc_fid": 139106, "ncm": "0070550021", "pob2022": 16.0 }, "geometry": { "type": "Point", "coordinates": [ -60.50905038, -31.7482365 ] } },
{ "type": "Feature", "properties": { "ogc_fid": 139107, "ncm": "0070550023", "pob2022": 0.0 }, "geometry": { "type": "Point", "coordinates": [ -60.51180737, -31.74844849 ] } },
{ "type": "Feature", "properties": { "ogc_fid": 139110, "ncm": "0070550022", "pob2022": 16.0 }, "geometry": { "type": "Point", "coordinates": [ -60.50850772, -31.7501369 ] } },
{ "type": "Feature", "properties": { "ogc_fid": 139100, "ncm": "0070890020", "pob2022": 5.0 }, "geometry": { "type": "Point", "coordinates": [ -60.51176315, -31.77719728 ] } },
{ "type": "Feature", "properties": { "ogc_fid": 139101, "ncm": "0070890021", "pob2022": 13.0 }, "geometry": { "type": "Point", "coordinates": [ -60.50877618, -31.77763661 ] } },
{ "type": "Feature", "properties": { "ogc_fid": 139108, "ncm": "0070550024", "pob2022": 0.0 }, "geometry": { "type": "Point", "coordinates": [ -60.50979436, -31.74936688 ] } },
{ "type": "Feature", "properties": { "ogc_fid": 139109, "ncm": "0070550025", "pob2022": 12.0 }, "geometry": { "type": "Point", "coordinates": [ -60.51039478, -31.75056442 ] } },
{ "type": "Feature", "properties": { "ogc_fid": 139111, "ncm": "0070880013", "pob2022": 43.0 }, "geometry": { "type": "Point", "coordinates": [ -60.51737557, -31.77542525 ] } },
{ "type": "Feature", "properties": { "ogc_fid": 139113, "ncm": "0070660003", "pob2022": 207.0 }, "geometry": { "type": "Point", "coordinates": [ -60.50091236, -31.74306418 ] } },
{ "type": "Feature", "properties": { "ogc_fid": 139114, "ncm": "0070660003", "pob2022": 207.0 }, "geometry": { "type": "Point", "coordinates": [ -60.50063581, -31.74138494 ] } },
{ "type": "Feature", "properties": { "ogc_fid": 139115, "ncm": "0070520006", "pob2022": 0.0 }, "geometry": { "type": "Point", "coordinates": [ -60.51790594, -31.75381661 ] } },
{ "type": "Feature", "properties": { "ogc_fid": 139117, "ncm": "0070080022", "pob2022": 75.0 }, "geometry": { "type": "Point", "coordinates": [ -60.5204212, -31.76106979 ] } },
{ "type": "Feature", "properties": { "ogc_fid": 139118, "ncm": "0070320003", "pob2022": 12.0 }, "geometry": { "type": "Point", "coordinates": [ -60.51786687, -31.76357381 ] } },
{ "type": "Feature", "properties": { "ogc_fid": 139119, "ncm": "0070590027", "pob2022": 7.0 }, "geometry": { "type": "Point", "coordinates": [ -60.51230739, -31.77009588 ] } },
{ "type": "Feature", "properties": { "ogc_fid": 139112, "ncm": "0070880028", "pob2022": 39.0 }, "geometry": { "type": "Point", "coordinates": [ -60.5150121, -31.77683705 ] } },
{ "type": "Feature", "properties": { "ogc_fid": 139127, "ncm": "0070080015", "pob2022": 17.0 }, "geometry": { "type": "Point", "coordinates": [ -60.52095117, -31.75927555 ] } },
{ "type": "Feature", "properties": { "ogc_fid": 139128, "ncm": "0070080016", "pob2022": 31.0 }, "geometry": { "type": "Point", "coordinates": [ -60.52072946, -31.75969653 ] } },
{ "type": "Feature", "properties": { "ogc_fid": 139129, "ncm": "0070080023", "pob2022": 20.0 }, "geometry": { "type": "Point", "coordinates": [ -60.52044077, -31.76008568 ] } },
{ "type": "Feature", "properties": { "ogc_fid": 139130, "ncm": "0070080024", "pob2022": 11.0 }, "geometry": { "type": "Point", "coordinates": [ -60.52014692, -31.76043895 ] } },
{ "type": "Feature", "properties": { "ogc_fid": 139131, "ncm": "0070080009", "pob2022": 73.0 }, "geometry": { "type": "Point", "coordinates": [ -60.52052984, -31.75970264 ] } },
{ "type": "Feature", "properties": { "ogc_fid": 140015, "ncm": "0020000058", "pob2022": 137.0 }, "geometry": { "type": "Point", "coordinates": [ -60.52604483, -31.74084834 ] } },
{ "type": "Feature", "properties": { "ogc_fid": 139133, "ncm": "0060070006", "pob2022": 24.0 }, "geometry": { "type": "Point", "coordinates": [ -60.52136381, -31.75689958 ] } },
{ "type": "Feature", "properties": { "ogc_fid": 137460, "ncm": "0121200001", "pob2022": 1.0 }, "geometry": { "type": "Point", "coordinates": [ -60.51275849, -31.78078624 ] } },
{ "type": "Feature", "properties": { "ogc_fid": 137461, "ncm": "0121200014", "pob2022": 0.0 }, "geometry": { "type": "Point", "coordinates": [ -60.51384177, -31.78057142 ] } },
{ "type": "Feature", "properties": { "ogc_fid": 137463, "ncm": "0120330001", "pob2022": 8.0 }, "geometry": { "type": "Point", "coordinates": [ -60.53934383, -31.74799769 ] } },
{ "type": "Feature", "properties": { "ogc_fid": 137464, "ncm": "0121590017", "pob2022": null }, "geometry": { "type": "Point", "coordinates": [ -60.51474385, -31.78744212 ] } },
{ "type": "Feature", "properties": { "ogc_fid": 137465, "ncm": "0121190006", "pob2022": 4.0 }, "geometry": { "type": "Point", "coordinates": [ -60.51629975, -31.77867398 ] } },
{ "type": "Feature", "properties": { "ogc_fid": 137472, "ncm": "0121880005", "pob2022": 2.0 }, "geometry": { "type": "Point", "coordinates": [ -60.51914918, -31.78752751 ] } },
{ "type": "Feature", "properties": { "ogc_fid": 137473, "ncm": "0121880006", "pob2022": 4.0 }, "geometry": { "type": "Point", "coordinates": [ -60.51837313, -31.78765485 ] } },
{ "type": "Feature", "properties": { "ogc_fid": 137466, "ncm": "0121170002", "pob2022": 13.0 }, "geometry": { "type": "Point", "coordinates": [ -60.52836042, -31.77621757 ] } },
{ "type": "Feature", "properties": { "ogc_fid": 137467, "ncm": "0121170003", "pob2022": 25.0 }, "geometry": { "type": "Point", "coordinates": [ -60.52747616, -31.77616304 ] } },
{ "type": "Feature", "properties": { "ogc_fid": 137468, "ncm": "0121170004", "pob2022": 50.0 }, "geometry": { "type": "Point", "coordinates": [ -60.52608844, -31.77638237 ] } },
{ "type": "Feature", "properties": { "ogc_fid": 137469, "ncm": "0121170007", "pob2022": 5.0 }, "geometry": { "type": "Point", "coordinates": [ -60.52762814, -31.77692822 ] } },
{ "type": "Feature", "properties": { "ogc_fid": 137470, "ncm": "0121170008", "pob2022": 12.0 }, "geometry": { "type": "Point", "coordinates": [ -60.52664433, -31.77709025 ] } },
{ "type": "Feature", "properties": { "ogc_fid": 137471, "ncm": "0121170009", "pob2022": 15.0 }, "geometry": { "type": "Point", "coordinates": [ -60.52586676, -31.77721805 ] } },
{ "type": "Feature", "properties": { "ogc_fid": 138422, "ncm": "0090410012", "pob2022": 100.0 }, "geometry": { "type": "Point", "coordinates": [ -60.48474132, -31.74964988 ] } },
{ "type": "Feature", "properties": { "ogc_fid": 139134, "ncm": "0060070006", "pob2022": 42.0 }, "geometry": { "type": "Point", "coordinates": [ -60.52181974, -31.75727805 ] } },
{ "type": "Feature", "properties": { "ogc_fid": 139135, "ncm": "0060070027", "pob2022": 66.0 }, "geometry": { "type": "Point", "coordinates": [ -60.52390141, -31.76089216 ] } },
{ "type": "Feature", "properties": { "ogc_fid": 139136, "ncm": "0060070019", "pob2022": 24.0 }, "geometry": { "type": "Point", "coordinates": [ -60.524009, -31.75971642 ] } },
{ "type": "Feature", "properties": { "ogc_fid": 139137, "ncm": "0060060022", "pob2022": 150.0 }, "geometry": { "type": "Point", "coordinates": [ -60.52977155, -31.75941513 ] } },
{ "type": "Feature", "properties": { "ogc_fid": 139138, "ncm": "0060070018", "pob2022": 20.0 }, "geometry": { "type": "Point", "coordinates": [ -60.52483338, -31.75958563 ] } },
{ "type": "Feature", "properties": { "ogc_fid": 140016, "ncm": "0020000057", "pob2022": 0.0 }, "geometry": { "type": "Point", "coordinates": [ -60.527448, -31.7401498 ] } },
{ "type": "Feature", "properties": { "ogc_fid": 140017, "ncm": "0020000056", "pob2022": 120.0 }, "geometry": { "type": "Point", "coordinates": [ -60.52865449, -31.73948865 ] } },
{ "type": "Feature", "properties": { "ogc_fid": 137477, "ncm": "0121560011", "pob2022": 4.0 }, "geometry": { "type": "Point", "coordinates": [ -60.49800354, -31.79023503 ] } },
{ "type": "Feature", "properties": { "ogc_fid": 137479, "ncm": "0121560007", "pob2022": 36.0 }, "geometry": { "type": "Point", "coordinates": [ -60.49688597, -31.78870922 ] } },
{ "type": "Feature", "properties": { "ogc_fid": 137480, "ncm": "0121560006", "pob2022": 24.0 }, "geometry": { "type": "Point", "coordinates": [ -60.49764947, -31.78859152 ] } },
{ "type": "Feature", "properties": { "ogc_fid": 137482, "ncm": "0121880011", "pob2022": 1.0 }, "geometry": { "type": "Point", "coordinates": [ -60.51934298, -31.78835896 ] } },
{ "type": "Feature", "properties": { "ogc_fid": 137484, "ncm": "0121890008", "pob2022": 0.0 }, "geometry": { "type": "Point", "coordinates": [ -60.51100385, -31.79040118 ] } },
{ "type": "Feature", "properties": { "ogc_fid": 137485, "ncm": "0121890007", "pob2022": 0.0 }, "geometry": { "type": "Point", "coordinates": [ -60.51248068, -31.79013396 ] } },
{ "type": "Feature", "properties": { "ogc_fid": 137486, "ncm": "0121890011", "pob2022": 0.0 }, "geometry": { "type": "Point", "coordinates": [ -60.51118135, -31.79128814 ] } },
{ "type": "Feature", "properties": { "ogc_fid": 137487, "ncm": "0121890010", "pob2022": 0.0 }, "geometry": { "type": "Point", "coordinates": [ -60.51196104, -31.79116985 ] } },
{ "type": "Feature", "properties": { "ogc_fid": 137488, "ncm": "0121890009", "pob2022": 0.0 }, "geometry": { "type": "Point", "coordinates": [ -60.51291976, -31.79099889 ] } },
{ "type": "Feature", "properties": { "ogc_fid": 137492, "ncm": "0121190007", "pob2022": 13.0 }, "geometry": { "type": "Point", "coordinates": [ -60.51526759, -31.77852209 ] } },
{ "type": "Feature", "properties": { "ogc_fid": 137493, "ncm": "0121190002", "pob2022": 37.0 }, "geometry": { "type": "Point", "coordinates": [ -60.51617545, -31.77810147 ] } },
{ "type": "Feature", "properties": { "ogc_fid": 137495, "ncm": "0121190024", "pob2022": 48.0 }, "geometry": { "type": "Point", "coordinates": [ -60.51665754, -31.78206053 ] } },
{ "type": "Feature", "properties": { "ogc_fid": 137483, "ncm": "0121880012", "pob2022": 3.0 }, "geometry": { "type": "Point", "coordinates": [ -60.51854932, -31.78840825 ] } },
{ "type": "Feature", "properties": { "ogc_fid": 138258, "ncm": "0090120014", "pob2022": 92.0 }, "geometry": { "type": "Point", "coordinates": [ -60.49450962, -31.76462973 ] } },
{ "type": "Feature", "properties": { "ogc_fid": 138259, "ncm": "0090120013", "pob2022": 97.0 }, "geometry": { "type": "Point", "coordinates": [ -60.49541903, -31.7644861 ] } },
{ "type": "Feature", "properties": { "ogc_fid": 138260, "ncm": "0090120012", "pob2022": 127.0 }, "geometry": { "type": "Point", "coordinates": [ -60.49662418, -31.76431521 ] } },
{ "type": "Feature", "properties": { "ogc_fid": 137508, "ncm": "0121560003", "pob2022": 11.0 }, "geometry": { "type": "Point", "coordinates": [ -60.49512958, -31.78899626 ] } },
{ "type": "Feature", "properties": { "ogc_fid": 137509, "ncm": "0121560002", "pob2022": 23.0 }, "geometry": { "type": "Point", "coordinates": [ -60.49653324, -31.78706915 ] } },
{ "type": "Feature", "properties": { "ogc_fid": 137510, "ncm": "0121560012", "pob2022": 0.0 }, "geometry": { "type": "Point", "coordinates": [ -60.49723947, -31.79035627 ] } },
{ "type": "Feature", "properties": { "ogc_fid": 137511, "ncm": "0121560008", "pob2022": 16.0 }, "geometry": { "type": "Point", "coordinates": [ -60.49258038, -31.78728256 ] } },
{ "type": "Feature", "properties": { "ogc_fid": 137512, "ncm": "0121560014", "pob2022": 14.0 }, "geometry": { "type": "Point", "coordinates": [ -60.49273666, -31.78801147 ] } },
{ "type": "Feature", "properties": { "ogc_fid": 137513, "ncm": "0121560018", "pob2022": 21.0 }, "geometry": { "type": "Point", "coordinates": [ -60.4928991, -31.78877277 ] } },
{ "type": "Feature", "properties": { "ogc_fid": 137514, "ncm": "0121560022", "pob2022": 14.0 }, "geometry": { "type": "Point", "coordinates": [ -60.49306236, -31.78953761 ] } },
{ "type": "Feature", "properties": { "ogc_fid": 137515, "ncm": "0121560026", "pob2022": 12.0 }, "geometry": { "type": "Point", "coordinates": [ -60.49324365, -31.7903801 ] } },
{ "type": "Feature", "properties": { "ogc_fid": 137516, "ncm": "0121560030", "pob2022": 7.0 }, "geometry": { "type": "Point", "coordinates": [ -60.49343088, -31.79126827 ] } },
{ "type": "Feature", "properties": { "ogc_fid": 137517, "ncm": "0121220003", "pob2022": 125.0 }, "geometry": { "type": "Point", "coordinates": [ -60.49956209, -31.78359762 ] } },
{ "type": "Feature", "properties": { "ogc_fid": 137518, "ncm": "0121220016", "pob2022": 23.0 }, "geometry": { "type": "Point", "coordinates": [ -60.50211561, -31.78363428 ] } },
{ "type": "Feature", "properties": { "ogc_fid": 137519, "ncm": "0121220017", "pob2022": 16.0 }, "geometry": { "type": "Point", "coordinates": [ -60.50069628, -31.78384774 ] } },
{ "type": "Feature", "properties": { "ogc_fid": 137520, "ncm": "0121220021", "pob2022": 14.0 }, "geometry": { "type": "Point", "coordinates": [ -60.50219035, -31.78399393 ] } },
{ "type": "Feature", "properties": { "ogc_fid": 137521, "ncm": "0121220022", "pob2022": 20.0 }, "geometry": { "type": "Point", "coordinates": [ -60.50077172, -31.78421081 ] } },
{ "type": "Feature", "properties": { "ogc_fid": 137523, "ncm": "0121210002", "pob2022": 0.0 }, "geometry": { "type": "Point", "coordinates": [ -60.50541746, -31.78065864 ] } },
{ "type": "Feature", "properties": { "ogc_fid": 137524, "ncm": "0121210006", "pob2022": 0.0 }, "geometry": { "type": "Point", "coordinates": [ -60.50339893, -31.7812738 ] } },
{ "type": "Feature", "properties": { "ogc_fid": 137525, "ncm": "0121210004", "pob2022": 0.0 }, "geometry": { "type": "Point", "coordinates": [ -60.50747549, -31.78048775 ] } },
{ "type": "Feature", "properties": { "ogc_fid": 137526, "ncm": "0121210005", "pob2022": 0.0 }, "geometry": { "type": "Point", "coordinates": [ -60.50622443, -31.78068813 ] } },
{ "type": "Feature", "properties": { "ogc_fid": 137529, "ncm": "0121210009", "pob2022": 0.0 }, "geometry": { "type": "Point", "coordinates": [ -60.50478749, -31.7816198 ] } },
{ "type": "Feature", "properties": { "ogc_fid": 137530, "ncm": "0121210010", "pob2022": 1.0 }, "geometry": { "type": "Point", "coordinates": [ -60.50351694, -31.7818232 ] } },
{ "type": "Feature", "properties": { "ogc_fid": 137531, "ncm": "0121190025", "pob2022": 36.0 }, "geometry": { "type": "Point", "coordinates": [ -60.51565714, -31.78196448 ] } },
{ "type": "Feature", "properties": { "ogc_fid": 137532, "ncm": "0121530002", "pob2022": 0.0 }, "geometry": { "type": "Point", "coordinates": [ -60.51135088, -31.78588328 ] } },
{ "type": "Feature", "properties": { "ogc_fid": 137528, "ncm": "0121210008", "pob2022": 0.0 }, "geometry": { "type": "Point", "coordinates": [ -60.50587391, -31.78134351 ] } },
{ "type": "Feature", "properties": { "ogc_fid": 137527, "ncm": "0121210007", "pob2022": 2.0 }, "geometry": { "type": "Point", "coordinates": [ -60.50662649, -31.78278412 ] } },
{ "type": "Feature", "properties": { "ogc_fid": 138261, "ncm": "0090120011", "pob2022": 137.0 }, "geometry": { "type": "Point", "coordinates": [ -60.49801615, -31.7641041 ] } },
{ "type": "Feature", "properties": { "ogc_fid": 138423, "ncm": "0090410011", "pob2022": 94.0 }, "geometry": { "type": "Point", "coordinates": [ -60.48613853, -31.74942635 ] } },
{ "type": "Feature", "properties": { "ogc_fid": 139139, "ncm": "0060340005", "pob2022": 82.0 }, "geometry": { "type": "Point", "coordinates": [ -60.53269277, -31.74731924 ] } },
{ "type": "Feature", "properties": { "ogc_fid": 139140, "ncm": "0060300027", "pob2022": 35.0 }, "geometry": { "type": "Point", "coordinates": [ -60.53155236, -31.76329872 ] } },
{ "type": "Feature", "properties": { "ogc_fid": 139141, "ncm": "0060300007", "pob2022": 151.0 }, "geometry": { "type": "Point", "coordinates": [ -60.53198632, -31.76230113 ] } },
{ "type": "Feature", "properties": { "ogc_fid": 139142, "ncm": "0060060006", "pob2022": 105.0 }, "geometry": { "type": "Point", "coordinates": [ -60.53184121, -31.75605603 ] } },
{ "type": "Feature", "properties": { "ogc_fid": 139143, "ncm": "0060070012", "pob2022": 60.0 }, "geometry": { "type": "Point", "coordinates": [ -60.52520235, -31.75874144 ] } },
{ "type": "Feature", "properties": { "ogc_fid": 139144, "ncm": "0060060008", "pob2022": 171.0 }, "geometry": { "type": "Point", "coordinates": [ -60.52969029, -31.75681369 ] } },
{ "type": "Feature", "properties": { "ogc_fid": 139145, "ncm": "0060070023", "pob2022": 44.0 }, "geometry": { "type": "Point", "coordinates": [ -60.52379409, -31.76032572 ] } },
{ "type": "Feature", "properties": { "ogc_fid": 139146, "ncm": "0060070008", "pob2022": 190.0 }, "geometry": { "type": "Point", "coordinates": [ -60.52496874, -31.75767224 ] } },
{ "type": "Feature", "properties": { "ogc_fid": 139149, "ncm": "0060070005", "pob2022": 8.0 }, "geometry": { "type": "Point", "coordinates": [ -60.52232959, -31.75751391 ] } },
{ "type": "Feature", "properties": { "ogc_fid": 139150, "ncm": "0060070028", "pob2022": 60.0 }, "geometry": { "type": "Point", "coordinates": [ -60.52252228, -31.76096907 ] } },
{ "type": "Feature", "properties": { "ogc_fid": 139151, "ncm": "0060070026", "pob2022": 53.0 }, "geometry": { "type": "Point", "coordinates": [ -60.52537212, -31.76067007 ] } },
{ "type": "Feature", "properties": { "ogc_fid": 139152, "ncm": "0060070025", "pob2022": 97.0 }, "geometry": { "type": "Point", "coordinates": [ -60.5268341, -31.76034558 ] } },
{ "type": "Feature", "properties": { "ogc_fid": 139153, "ncm": "0060070024", "pob2022": 31.0 }, "geometry": { "type": "Point", "coordinates": [ -60.52239152, -31.76024921 ] } },
{ "type": "Feature", "properties": { "ogc_fid": 139154, "ncm": "0060070022", "pob2022": 26.0 }, "geometry": { "type": "Point", "coordinates": [ -60.52530011, -31.76010497 ] } },
{ "type": "Feature", "properties": { "ogc_fid": 139155, "ncm": "0060070021", "pob2022": 24.0 }, "geometry": { "type": "Point", "coordinates": [ -60.52226625, -31.75968456 ] } },
{ "type": "Feature", "properties": { "ogc_fid": 139156, "ncm": "0060070020", "pob2022": 8.0 }, "geometry": { "type": "Point", "coordinates": [ -60.5232615, -31.75981301 ] } },
{ "type": "Feature", "properties": { "ogc_fid": 139157, "ncm": "0060300019", "pob2022": 64.0 }, "geometry": { "type": "Point", "coordinates": [ -60.53377209, -31.76404324 ] } },
{ "type": "Feature", "properties": { "ogc_fid": 139158, "ncm": "0060070002", "pob2022": 155.0 }, "geometry": { "type": "Point", "coordinates": [ -60.5247662, -31.75664963 ] } },
{ "type": "Feature", "properties": { "ogc_fid": 139147, "ncm": "0060060020", "pob2022": 46.0 }, "geometry": { "type": "Point", "coordinates": [ -60.53233998, -31.75830383 ] } },
{ "type": "Feature", "properties": { "ogc_fid": 137542, "ncm": "0121190001", "pob2022": 213.0 }, "geometry": { "type": "Point", "coordinates": [ -60.51784827, -31.77876165 ] } },
{ "type": "Feature", "properties": { "ogc_fid": 138262, "ncm": "0090120010", "pob2022": 64.0 }, "geometry": { "type": "Point", "coordinates": [ -60.49335216, -31.7636368 ] } },
{ "type": "Feature", "properties": { "ogc_fid": 137540, "ncm": "0121140002", "pob2022": 7.0 }, "geometry": { "type": "Point", "coordinates": [ -60.5460196, -31.77320517 ] } },
{ "type": "Feature", "properties": { "ogc_fid": 137551, "ncm": "0121200013", "pob2022": 1.0 }, "geometry": { "type": "Point", "coordinates": [ -60.50932483, -31.78038545 ] } },
{ "type": "Feature", "properties": { "ogc_fid": 137552, "ncm": "0121200018", "pob2022": 0.0 }, "geometry": { "type": "Point", "coordinates": [ -60.5094904, -31.78085066 ] } },
{ "type": "Feature", "properties": { "ogc_fid": 137554, "ncm": "0121510005", "pob2022": 3.0 }, "geometry": { "type": "Point", "coordinates": [ -60.52146641, -31.78241731 ] } },
{ "type": "Feature", "properties": { "ogc_fid": 137555, "ncm": "0121230005", "pob2022": 21.0 }, "geometry": { "type": "Point", "coordinates": [ -60.49182885, -31.78251444 ] } },
{ "type": "Feature", "properties": { "ogc_fid": 137557, "ncm": "0121140008", "pob2022": 5.0 }, "geometry": { "type": "Point", "coordinates": [ -60.54325284, -31.77431402 ] } },
{ "type": "Feature", "properties": { "ogc_fid": 137558, "ncm": "0121140007", "pob2022": 4.0 }, "geometry": { "type": "Point", "coordinates": [ -60.54476038, -31.77408375 ] } },
{ "type": "Feature", "properties": { "ogc_fid": 137553, "ncm": "0121510004", "pob2022": 1.0 }, "geometry": { "type": "Point", "coordinates": [ -60.52279788, -31.78220312 ] } },
{ "type": "Feature", "properties": { "ogc_fid": 137559, "ncm": "0121140011", "pob2022": 5.0 }, "geometry": { "type": "Point", "coordinates": [ -60.54499588, -31.77471795 ] } },
{ "type": "Feature", "properties": { "ogc_fid": 139159, "ncm": "0060070017", "pob2022": 24.0 }, "geometry": { "type": "Point", "coordinates": [ -60.52557526, -31.75946816 ] } },
{ "type": "Feature", "properties": { "ogc_fid": 139160, "ncm": "0060070016", "pob2022": 63.0 }, "geometry": { "type": "Point", "coordinates": [ -60.52670628, -31.75950072 ] } },
{ "type": "Feature", "properties": { "ogc_fid": 137563, "ncm": "0121140003", "pob2022": 2.0 }, "geometry": { "type": "Point", "coordinates": [ -60.54462118, -31.77341932 ] } },
{ "type": "Feature", "properties": { "ogc_fid": 137564, "ncm": "0121140004", "pob2022": 0.0 }, "geometry": { "type": "Point", "coordinates": [ -60.54311094, -31.77364897 ] } },
{ "type": "Feature", "properties": { "ogc_fid": 137567, "ncm": "0121180002", "pob2022": 28.0 }, "geometry": { "type": "Point", "coordinates": [ -60.52410877, -31.77703496 ] } },
{ "type": "Feature", "properties": { "ogc_fid": 137568, "ncm": "0143140001", "pob2022": 0.0 }, "geometry": { "type": "Point", "coordinates": [ -60.42868126, -31.72389351 ] } },
{ "type": "Feature", "properties": { "ogc_fid": 137569, "ncm": "0140700007", "pob2022": 15.0 }, "geometry": { "type": "Point", "coordinates": [ -60.48029887, -31.74428601 ] } },
{ "type": "Feature", "properties": { "ogc_fid": 137570, "ncm": "0143130001", "pob2022": 0.0 }, "geometry": { "type": "Point", "coordinates": [ -60.42969034, -31.72874063 ] } },
{ "type": "Feature", "properties": { "ogc_fid": 137571, "ncm": "0143110001", "pob2022": 10.0 }, "geometry": { "type": "Point", "coordinates": [ -60.43080107, -31.73870877 ] } },
{ "type": "Feature", "properties": { "ogc_fid": 137572, "ncm": "0143100001", "pob2022": 22.0 }, "geometry": { "type": "Point", "coordinates": [ -60.43227182, -31.74358258 ] } },
{ "type": "Feature", "properties": { "ogc_fid": 137573, "ncm": "0143090001", "pob2022": 3.0 }, "geometry": { "type": "Point", "coordinates": [ -60.43414699, -31.74783784 ] } },
{ "type": "Feature", "properties": { "ogc_fid": 137574, "ncm": "0140710002", "pob2022": 24.0 }, "geometry": { "type": "Point", "coordinates": [ -60.48031226, -31.73915083 ] } },
{ "type": "Feature", "properties": { "ogc_fid": 137575, "ncm": "0141320023", "pob2022": 37.0 }, "geometry": { "type": "Point", "coordinates": [ -60.46969796, -31.75874401 ] } },
{ "type": "Feature", "properties": { "ogc_fid": 137561, "ncm": "0121140014", "pob2022": 3.0 }, "geometry": { "type": "Point", "coordinates": [ -60.5459506, -31.77524918 ] } },
{ "type": "Feature", "properties": { "ogc_fid": 137565, "ncm": "0121140006", "pob2022": 0.0 }, "geometry": { "type": "Point", "coordinates": [ -60.54672061, -31.7737643 ] } },
{ "type": "Feature", "properties": { "ogc_fid": 137576, "ncm": "0141320003", "pob2022": 42.0 }, "geometry": { "type": "Point", "coordinates": [ -60.47079954, -31.75564293 ] } },
{ "type": "Feature", "properties": { "ogc_fid": 137577, "ncm": "0141320021", "pob2022": 20.0 }, "geometry": { "type": "Point", "coordinates": [ -60.47105194, -31.75854243 ] } },
{ "type": "Feature", "properties": { "ogc_fid": 137578, "ncm": "0142730001", "pob2022": 14.0 }, "geometry": { "type": "Point", "coordinates": [ -60.44417623, -31.74178316 ] } },
{ "type": "Feature", "properties": { "ogc_fid": 137579, "ncm": "0142500004", "pob2022": 34.0 }, "geometry": { "type": "Point", "coordinates": [ -60.45464124, -31.76020701 ] } },
{ "type": "Feature", "properties": { "ogc_fid": 137580, "ncm": "0141320002", "pob2022": 34.0 }, "geometry": { "type": "Point", "coordinates": [ -60.47183754, -31.75548195 ] } },
{ "type": "Feature", "properties": { "ogc_fid": 137581, "ncm": "0141320018", "pob2022": 47.0 }, "geometry": { "type": "Point", "coordinates": [ -60.46865938, -31.75793039 ] } },
{ "type": "Feature", "properties": { "ogc_fid": 137582, "ncm": "0142500003", "pob2022": 43.0 }, "geometry": { "type": "Point", "coordinates": [ -60.45601853, -31.75999258 ] } },
{ "type": "Feature", "properties": { "ogc_fid": 137584, "ncm": "0141320022", "pob2022": 43.0 }, "geometry": { "type": "Point", "coordinates": [ -60.47047362, -31.75862876 ] } },
{ "type": "Feature", "properties": { "ogc_fid": 137585, "ncm": "0141320024", "pob2022": 30.0 }, "geometry": { "type": "Point", "coordinates": [ -60.46884837, -31.75888099 ] } },
{ "type": "Feature", "properties": { "ogc_fid": 137587, "ncm": "0141320010", "pob2022": 17.0 }, "geometry": { "type": "Point", "coordinates": [ -60.46993781, -31.75675458 ] } },
{ "type": "Feature", "properties": { "ogc_fid": 137588, "ncm": "0142500002", "pob2022": 110.0 }, "geometry": { "type": "Point", "coordinates": [ -60.45249485, -31.76038326 ] } },
{ "type": "Feature", "properties": { "ogc_fid": 137589, "ncm": "0141320017", "pob2022": 37.0 }, "geometry": { "type": "Point", "coordinates": [ -60.46950272, -31.75780093 ] } },
{ "type": "Feature", "properties": { "ogc_fid": 137590, "ncm": "0141320029", "pob2022": 37.0 }, "geometry": { "type": "Point", "coordinates": [ -60.46990505, -31.759698 ] } },
{ "type": "Feature", "properties": { "ogc_fid": 137591, "ncm": "0142500001", "pob2022": 21.0 }, "geometry": { "type": "Point", "coordinates": [ -60.4550183, -31.75862311 ] } },
{ "type": "Feature", "properties": { "ogc_fid": 137592, "ncm": "0141320016", "pob2022": 25.0 }, "geometry": { "type": "Point", "coordinates": [ -60.4704197, -31.75777158 ] } },
{ "type": "Feature", "properties": { "ogc_fid": 137594, "ncm": "0143080002", "pob2022": null }, "geometry": { "type": "Point", "coordinates": [ -60.43580677, -31.75515807 ] } },
{ "type": "Feature", "properties": { "ogc_fid": 138263, "ncm": "0090120001", "pob2022": 126.0 }, "geometry": { "type": "Point", "coordinates": [ -60.49751136, -31.76172282 ] } },
{ "type": "Feature", "properties": { "ogc_fid": 138264, "ncm": "0090420007", "pob2022": 105.0 }, "geometry": { "type": "Point", "coordinates": [ -60.48680972, -31.74332521 ] } },
{ "type": "Feature", "properties": { "ogc_fid": 138265, "ncm": "0090110008", "pob2022": 217.0 }, "geometry": { "type": "Point", "coordinates": [ -60.49931358, -31.76226097 ] } },
{ "type": "Feature", "properties": { "ogc_fid": 137595, "ncm": "0142050001", "pob2022": 15.0 }, "geometry": { "type": "Point", "coordinates": [ -60.45959825, -31.75930132 ] } },
{ "type": "Feature", "properties": { "ogc_fid": 137596, "ncm": "0143080001", "pob2022": 1.0 }, "geometry": { "type": "Point", "coordinates": [ -60.43506987, -31.75266809 ] } },
{ "type": "Feature", "properties": { "ogc_fid": 137597, "ncm": "0143070001", "pob2022": 0.0 }, "geometry": { "type": "Point", "coordinates": [ -60.436122, -31.7576604 ] } },
{ "type": "Feature", "properties": { "ogc_fid": 137598, "ncm": "0141320012", "pob2022": 42.0 }, "geometry": { "type": "Point", "coordinates": [ -60.4684626, -31.75698397 ] } },
{ "type": "Feature", "properties": { "ogc_fid": 137599, "ncm": "0142950001", "pob2022": 2.0 }, "geometry": { "type": "Point", "coordinates": [ -60.44148109, -31.75705672 ] } },
{ "type": "Feature", "properties": { "ogc_fid": 137600, "ncm": "0142720001", "pob2022": 0.0 }, "geometry": { "type": "Point", "coordinates": [ -60.44514112, -31.74645468 ] } },
{ "type": "Feature", "properties": { "ogc_fid": 137601, "ncm": "0141320011", "pob2022": 38.0 }, "geometry": { "type": "Point", "coordinates": [ -60.46929883, -31.75685409 ] } },
{ "type": "Feature", "properties": { "ogc_fid": 137603, "ncm": "0140720001", "pob2022": 14.0 }, "geometry": { "type": "Point", "coordinates": [ -60.47823438, -31.73627872 ] } },
{ "type": "Feature", "properties": { "ogc_fid": 137604, "ncm": "0140700006", "pob2022": 29.0 }, "geometry": { "type": "Point", "coordinates": [ -60.48117568, -31.7441478 ] } },
{ "type": "Feature", "properties": { "ogc_fid": 137605, "ncm": "0140700003", "pob2022": 37.0 }, "geometry": { "type": "Point", "coordinates": [ -60.48020337, -31.74384532 ] } },
{ "type": "Feature", "properties": { "ogc_fid": 137606, "ncm": "0140700002", "pob2022": 46.0 }, "geometry": { "type": "Point", "coordinates": [ -60.48108391, -31.74371254 ] } },
{ "type": "Feature", "properties": { "ogc_fid": 137607, "ncm": "0140700011", "pob2022": 15.0 }, "geometry": { "type": "Point", "coordinates": [ -60.48039748, -31.74473999 ] } },
{ "type": "Feature", "properties": { "ogc_fid": 137608, "ncm": "0140700010", "pob2022": 35.0 }, "geometry": { "type": "Point", "coordinates": [ -60.48125157, -31.74461402 ] } },
{ "type": "Feature", "properties": { "ogc_fid": 137609, "ncm": "0141320028", "pob2022": 53.0 }, "geometry": { "type": "Point", "coordinates": [ -60.4706746, -31.75958131 ] } },
{ "type": "Feature", "properties": { "ogc_fid": 137610, "ncm": "0141320027", "pob2022": 21.0 }, "geometry": { "type": "Point", "coordinates": [ -60.47125095, -31.75949862 ] } },
{ "type": "Feature", "properties": { "ogc_fid": 137611, "ncm": "0140700001", "pob2022": 230.0 }, "geometry": { "type": "Point", "coordinates": [ -60.47943371, -31.74626249 ] } },
{ "type": "Feature", "properties": { "ogc_fid": 137612, "ncm": "0140440001", "pob2022": 8.0 }, "geometry": { "type": "Point", "coordinates": [ -60.48578671, -31.73332295 ] } },
{ "type": "Feature", "properties": { "ogc_fid": 137613, "ncm": "0142500007", "pob2022": 94.0 }, "geometry": { "type": "Point", "coordinates": [ -60.45569198, -31.76184429 ] } },
{ "type": "Feature", "properties": { "ogc_fid": 137614, "ncm": "0141670001", "pob2022": 184.0 }, "geometry": { "type": "Point", "coordinates": [ -60.46586519, -31.75807214 ] } },
{ "type": "Feature", "properties": { "ogc_fid": 137615, "ncm": "0141320007", "pob2022": 110.0 }, "geometry": { "type": "Point", "coordinates": [ -60.47225579, -31.7577767 ] } },
{ "type": "Feature", "properties": { "ogc_fid": 137616, "ncm": "0141320006", "pob2022": 44.0 }, "geometry": { "type": "Point", "coordinates": [ -60.46825461, -31.75602381 ] } },
{ "type": "Feature", "properties": { "ogc_fid": 137617, "ncm": "0141320005", "pob2022": 35.0 }, "geometry": { "type": "Point", "coordinates": [ -60.46911741, -31.75590808 ] } },
{ "type": "Feature", "properties": { "ogc_fid": 137618, "ncm": "0141320004", "pob2022": 30.0 }, "geometry": { "type": "Point", "coordinates": [ -60.46989636, -31.75577779 ] } },
{ "type": "Feature", "properties": { "ogc_fid": 137619, "ncm": "0141320030", "pob2022": 26.0 }, "geometry": { "type": "Point", "coordinates": [ -60.46905017, -31.7598268 ] } },
{ "type": "Feature", "properties": { "ogc_fid": 137620, "ncm": "0141320001", "pob2022": 24.0 }, "geometry": { "type": "Point", "coordinates": [ -60.47284954, -31.75531704 ] } },
{ "type": "Feature", "properties": { "ogc_fid": 137621, "ncm": "0141030001", "pob2022": 4.0 }, "geometry": { "type": "Point", "coordinates": [ -60.47251309, -31.73718463 ] } },
{ "type": "Feature", "properties": { "ogc_fid": 137622, "ncm": "0141020001", "pob2022": 35.0 }, "geometry": { "type": "Point", "coordinates": [ -60.47351376, -31.74202375 ] } },
{ "type": "Feature", "properties": { "ogc_fid": 137623, "ncm": "0141010001", "pob2022": 140.0 }, "geometry": { "type": "Point", "coordinates": [ -60.47458783, -31.74691861 ] } },
{ "type": "Feature", "properties": { "ogc_fid": 137624, "ncm": "0142510005", "pob2022": 47.0 }, "geometry": { "type": "Point", "coordinates": [ -60.45276023, -31.75438489 ] } },
{ "type": "Feature", "properties": { "ogc_fid": 137626, "ncm": "0142500006", "pob2022": 40.0 }, "geometry": { "type": "Point", "coordinates": [ -60.4548089, -31.76102752 ] } },
{ "type": "Feature", "properties": { "ogc_fid": 138266, "ncm": "0090110007", "pob2022": 165.0 }, "geometry": { "type": "Point", "coordinates": [ -60.50072813, -31.76203703 ] } },
{ "type": "Feature", "properties": { "ogc_fid": 137633, "ncm": "0142500005", "pob2022": 33.0 }, "geometry": { "type": "Point", "coordinates": [ -60.45618681, -31.76081586 ] } },
{ "type": "Feature", "properties": { "ogc_fid": 137636, "ncm": "0143020001", "pob2022": 0.0 }, "geometry": { "type": "Point", "coordinates": [ -60.43438443, -31.72301784 ] } },
{ "type": "Feature", "properties": { "ogc_fid": 137637, "ncm": "0143010001", "pob2022": 3.0 }, "geometry": { "type": "Point", "coordinates": [ -60.43537987, -31.72787144 ] } },
{ "type": "Feature", "properties": { "ogc_fid": 137638, "ncm": "0142990001", "pob2022": 7.0 }, "geometry": { "type": "Point", "coordinates": [ -60.43734933, -31.7376463 ] } },
{ "type": "Feature", "properties": { "ogc_fid": 137639, "ncm": "0142980001", "pob2022": 9.0 }, "geometry": { "type": "Point", "coordinates": [ -60.43845457, -31.74262693 ] } },
{ "type": "Feature", "properties": { "ogc_fid": 137640, "ncm": "0142970001", "pob2022": 0.0 }, "geometry": { "type": "Point", "coordinates": [ -60.43942999, -31.74731711 ] } },
{ "type": "Feature", "properties": { "ogc_fid": 137641, "ncm": "0142960002", "pob2022": 3.0 }, "geometry": { "type": "Point", "coordinates": [ -60.44105431, -31.75409056 ] } },
{ "type": "Feature", "properties": { "ogc_fid": 137642, "ncm": "0142960001", "pob2022": 0.0 }, "geometry": { "type": "Point", "coordinates": [ -60.4402943, -31.75161687 ] } },
{ "type": "Feature", "properties": { "ogc_fid": 137643, "ncm": "0142940001", "pob2022": 2.0 }, "geometry": { "type": "Point", "coordinates": [ -60.44237083, -31.76155367 ] } },
{ "type": "Feature", "properties": { "ogc_fid": 137644, "ncm": "0142510006", "pob2022": 66.0 }, "geometry": { "type": "Point", "coordinates": [ -60.45107182, -31.7554006 ] } },
{ "type": "Feature", "properties": { "ogc_fid": 137647, "ncm": "0142770001", "pob2022": 0.0 }, "geometry": { "type": "Point", "coordinates": [ -60.44008563, -31.72214593 ] } },
{ "type": "Feature", "properties": { "ogc_fid": 137648, "ncm": "0142760001", "pob2022": 2.0 }, "geometry": { "type": "Point", "coordinates": [ -60.44110905, -31.72697164 ] } },
{ "type": "Feature", "properties": { "ogc_fid": 137649, "ncm": "0142710002", "pob2022": 1.0 }, "geometry": { "type": "Point", "coordinates": [ -60.44640325, -31.75276707 ] } },
{ "type": "Feature", "properties": { "ogc_fid": 137650, "ncm": "0142710001", "pob2022": 3.0 }, "geometry": { "type": "Point", "coordinates": [ -60.44600597, -31.75033457 ] } },
{ "type": "Feature", "properties": { "ogc_fid": 137651, "ncm": "0142700001", "pob2022": 28.0 }, "geometry": { "type": "Point", "coordinates": [ -60.44715455, -31.75619095 ] } },
{ "type": "Feature", "properties": { "ogc_fid": 137652, "ncm": "0142690001", "pob2022": 60.0 }, "geometry": { "type": "Point", "coordinates": [ -60.44818628, -31.76105159 ] } },
{ "type": "Feature", "properties": { "ogc_fid": 137656, "ncm": "0142580001", "pob2022": 2.0 }, "geometry": { "type": "Point", "coordinates": [ -60.44581234, -31.72121732 ] } },
{ "type": "Feature", "properties": { "ogc_fid": 137657, "ncm": "0142570001", "pob2022": 0.0 }, "geometry": { "type": "Point", "coordinates": [ -60.44688139, -31.72607359 ] } },
{ "type": "Feature", "properties": { "ogc_fid": 137658, "ncm": "0142560001", "pob2022": 3.0 }, "geometry": { "type": "Point", "coordinates": [ -60.44780422, -31.73093407 ] } },
{ "type": "Feature", "properties": { "ogc_fid": 137659, "ncm": "0142550001", "pob2022": 12.0 }, "geometry": { "type": "Point", "coordinates": [ -60.44873588, -31.73572479 ] } },
{ "type": "Feature", "properties": { "ogc_fid": 137660, "ncm": "0142540001", "pob2022": 10.0 }, "geometry": { "type": "Point", "coordinates": [ -60.44988908, -31.7408472 ] } },
{ "type": "Feature", "properties": { "ogc_fid": 137662, "ncm": "0142520002", "pob2022": 9.0 }, "geometry": { "type": "Point", "coordinates": [ -60.45204942, -31.75200198 ] } },
{ "type": "Feature", "properties": { "ogc_fid": 137663, "ncm": "0142520001", "pob2022": 12.0 }, "geometry": { "type": "Point", "coordinates": [ -60.45164038, -31.74958474 ] } },
{ "type": "Feature", "properties": { "ogc_fid": 137664, "ncm": "0141680014", "pob2022": 109.0 }, "geometry": { "type": "Point", "coordinates": [ -60.46516387, -31.75431625 ] } },
{ "type": "Feature", "properties": { "ogc_fid": 137665, "ncm": "0142510004", "pob2022": 98.0 }, "geometry": { "type": "Point", "coordinates": [ -60.45473532, -31.75553681 ] } },
{ "type": "Feature", "properties": { "ogc_fid": 137666, "ncm": "0142510016", "pob2022": 23.0 }, "geometry": { "type": "Point", "coordinates": [ -60.45080684, -31.75717129 ] } },
{ "type": "Feature", "properties": { "ogc_fid": 137667, "ncm": "0142510015", "pob2022": 46.0 }, "geometry": { "type": "Point", "coordinates": [ -60.45180379, -31.75747664 ] } },
{ "type": "Feature", "properties": { "ogc_fid": 137668, "ncm": "0142510014", "pob2022": 43.0 }, "geometry": { "type": "Point", "coordinates": [ -60.45331848, -31.75721568 ] } },
{ "type": "Feature", "properties": { "ogc_fid": 137669, "ncm": "0142510012", "pob2022": 2.0 }, "geometry": { "type": "Point", "coordinates": [ -60.45212738, -31.75656554 ] } },
{ "type": "Feature", "properties": { "ogc_fid": 137670, "ncm": "0142510011", "pob2022": 44.0 }, "geometry": { "type": "Point", "coordinates": [ -60.45312827, -31.75626262 ] } },
{ "type": "Feature", "properties": { "ogc_fid": 137671, "ncm": "0142510001", "pob2022": 59.0 }, "geometry": { "type": "Point", "coordinates": [ -60.45241556, -31.75341798 ] } },
{ "type": "Feature", "properties": { "ogc_fid": 137674, "ncm": "0142070001", "pob2022": 0.0 }, "geometry": { "type": "Point", "coordinates": [ -60.45761996, -31.74937753 ] } },
{ "type": "Feature", "properties": { "ogc_fid": 137677, "ncm": "0142120001", "pob2022": 1.0 }, "geometry": { "type": "Point", "coordinates": [ -60.4525313, -31.7252013 ] } },
{ "type": "Feature", "properties": { "ogc_fid": 137678, "ncm": "0142110001", "pob2022": 9.0 }, "geometry": { "type": "Point", "coordinates": [ -60.45354285, -31.73005352 ] } },
{ "type": "Feature", "properties": { "ogc_fid": 137682, "ncm": "0141740001", "pob2022": 9.0 }, "geometry": { "type": "Point", "coordinates": [ -60.45815722, -31.72436692 ] } },
{ "type": "Feature", "properties": { "ogc_fid": 137683, "ncm": "0142060001", "pob2022": 20.0 }, "geometry": { "type": "Point", "coordinates": [ -60.45858262, -31.75446516 ] } },
{ "type": "Feature", "properties": { "ogc_fid": 138267, "ncm": "0090110006", "pob2022": 196.0 }, "geometry": { "type": "Point", "coordinates": [ -60.50191721, -31.76185106 ] } },
{ "type": "Feature", "properties": { "ogc_fid": 138268, "ncm": "0090110005", "pob2022": 110.0 }, "geometry": { "type": "Point", "coordinates": [ -60.50322615, -31.76098178 ] } },
{ "type": "Feature", "properties": { "ogc_fid": 138269, "ncm": "0090110003", "pob2022": 127.0 }, "geometry": { "type": "Point", "coordinates": [ -60.49963381, -31.76061014 ] } },
{ "type": "Feature", "properties": { "ogc_fid": 138424, "ncm": "0090410010", "pob2022": 201.0 }, "geometry": { "type": "Point", "coordinates": [ -60.48753552, -31.7492158 ] } },
{ "type": "Feature", "properties": { "ogc_fid": 137679, "ncm": "0142100015", "pob2022": 0.0 }, "geometry": { "type": "Point", "coordinates": [ -60.45282799, -31.73733568 ] } },
{ "type": "Feature", "properties": { "ogc_fid": 137681, "ncm": "0142100001", "pob2022": 42.0 }, "geometry": { "type": "Point", "coordinates": [ -60.45377627, -31.73400099 ] } },
{ "type": "Feature", "properties": { "ogc_fid": 137692, "ncm": "0141730001", "pob2022": 0.0 }, "geometry": { "type": "Point", "coordinates": [ -60.45922486, -31.72921244 ] } },
{ "type": "Feature", "properties": { "ogc_fid": 137693, "ncm": "0141710001", "pob2022": 26.0 }, "geometry": { "type": "Point", "coordinates": [ -60.46121955, -31.73892252 ] } },
{ "type": "Feature", "properties": { "ogc_fid": 137694, "ncm": "0141700001", "pob2022": 35.0 }, "geometry": { "type": "Point", "coordinates": [ -60.46225853, -31.74379752 ] } },
{ "type": "Feature", "properties": { "ogc_fid": 137695, "ncm": "0141690001", "pob2022": 0.0 }, "geometry": { "type": "Point", "coordinates": [ -60.46326709, -31.74868258 ] } },
{ "type": "Feature", "properties": { "ogc_fid": 137696, "ncm": "0141680007", "pob2022": 73.0 }, "geometry": { "type": "Point", "coordinates": [ -60.46336565, -31.75276373 ] } },
{ "type": "Feature", "properties": { "ogc_fid": 137697, "ncm": "0141680006", "pob2022": 105.0 }, "geometry": { "type": "Point", "coordinates": [ -60.46478516, -31.75254716 ] } },
{ "type": "Feature", "properties": { "ogc_fid": 137698, "ncm": "0141680018", "pob2022": 69.0 }, "geometry": { "type": "Point", "coordinates": [ -60.46536344, -31.75531175 ] } },
{ "type": "Feature", "properties": { "ogc_fid": 137699, "ncm": "0141680015", "pob2022": 15.0 }, "geometry": { "type": "Point", "coordinates": [ -60.46373545, -31.75453341 ] } },
{ "type": "Feature", "properties": { "ogc_fid": 137700, "ncm": "0141680011", "pob2022": 22.0 }, "geometry": { "type": "Point", "coordinates": [ -60.46355113, -31.75364437 ] } },
{ "type": "Feature", "properties": { "ogc_fid": 137701, "ncm": "0141680010", "pob2022": 54.0 }, "geometry": { "type": "Point", "coordinates": [ -60.46498442, -31.75343856 ] } },
{ "type": "Feature", "properties": { "ogc_fid": 137706, "ncm": "0141390001", "pob2022": 3.0 }, "geometry": { "type": "Point", "coordinates": [ -60.46386852, -31.72349755 ] } },
{ "type": "Feature", "properties": { "ogc_fid": 137707, "ncm": "0141380001", "pob2022": 8.0 }, "geometry": { "type": "Point", "coordinates": [ -60.4648978, -31.72833986 ] } },
{ "type": "Feature", "properties": { "ogc_fid": 137708, "ncm": "0141370001", "pob2022": 26.0 }, "geometry": { "type": "Point", "coordinates": [ -60.46589309, -31.73335642 ] } },
{ "type": "Feature", "properties": { "ogc_fid": 137709, "ncm": "0141360001", "pob2022": 26.0 }, "geometry": { "type": "Point", "coordinates": [ -60.46689423, -31.73806047 ] } },
{ "type": "Feature", "properties": { "ogc_fid": 137710, "ncm": "0141350001", "pob2022": 41.0 }, "geometry": { "type": "Point", "coordinates": [ -60.46790335, -31.74291776 ] } },
{ "type": "Feature", "properties": { "ogc_fid": 137711, "ncm": "0141340001", "pob2022": 55.0 }, "geometry": { "type": "Point", "coordinates": [ -60.46890713, -31.74779817 ] } },
{ "type": "Feature", "properties": { "ogc_fid": 137714, "ncm": "0142510008", "pob2022": 52.0 }, "geometry": { "type": "Point", "coordinates": [ -60.45294094, -31.7553262 ] } },
{ "type": "Feature", "properties": { "ogc_fid": 138445, "ncm": "0090740005", "pob2022": 29.0 }, "geometry": { "type": "Point", "coordinates": [ -60.4986401, -31.75681162 ] } },
{ "type": "Feature", "properties": { "ogc_fid": 137717, "ncm": "0142090001", "pob2022": 10.0 }, "geometry": { "type": "Point", "coordinates": [ -60.45654636, -31.73971281 ] } },
{ "type": "Feature", "properties": { "ogc_fid": 137718, "ncm": "0141720001", "pob2022": 22.0 }, "geometry": { "type": "Point", "coordinates": [ -60.46044537, -31.73432047 ] } },
{ "type": "Feature", "properties": { "ogc_fid": 137719, "ncm": "0142750001", "pob2022": 1.0 }, "geometry": { "type": "Point", "coordinates": [ -60.44213426, -31.73180203 ] } },
{ "type": "Feature", "properties": { "ogc_fid": 137720, "ncm": "0140710018", "pob2022": 26.0 }, "geometry": { "type": "Point", "coordinates": [ -60.47986757, -31.74115407 ] } },
{ "type": "Feature", "properties": { "ogc_fid": 137721, "ncm": "0140710019", "pob2022": 16.0 }, "geometry": { "type": "Point", "coordinates": [ -60.47877692, -31.7413213 ] } },
{ "type": "Feature", "properties": { "ogc_fid": 137722, "ncm": "0142740001", "pob2022": 5.0 }, "geometry": { "type": "Point", "coordinates": [ -60.44315054, -31.7366493 ] } },
{ "type": "Feature", "properties": { "ogc_fid": 137723, "ncm": "0140710012", "pob2022": 9.0 }, "geometry": { "type": "Point", "coordinates": [ -60.48052193, -31.74014944 ] } },
{ "type": "Feature", "properties": { "ogc_fid": 137724, "ncm": "0140710003", "pob2022": 28.0 }, "geometry": { "type": "Point", "coordinates": [ -60.47940407, -31.7389465 ] } },
{ "type": "Feature", "properties": { "ogc_fid": 137725, "ncm": "0140710017", "pob2022": 11.0 }, "geometry": { "type": "Point", "coordinates": [ -60.48070558, -31.74102405 ] } },
{ "type": "Feature", "properties": { "ogc_fid": 137726, "ncm": "0140710005", "pob2022": 36.0 }, "geometry": { "type": "Point", "coordinates": [ -60.47782828, -31.74050471 ] } },
{ "type": "Feature", "properties": { "ogc_fid": 137727, "ncm": "0140710001", "pob2022": 100.0 }, "geometry": { "type": "Point", "coordinates": [ -60.47903996, -31.74154087 ] } },
{ "type": "Feature", "properties": { "ogc_fid": 137728, "ncm": "0140710004", "pob2022": 21.0 }, "geometry": { "type": "Point", "coordinates": [ -60.47831345, -31.73911374 ] } },
{ "type": "Feature", "properties": { "ogc_fid": 137729, "ncm": "0140710008", "pob2022": 26.0 }, "geometry": { "type": "Point", "coordinates": [ -60.47954384, -31.73961223 ] } },
{ "type": "Feature", "properties": { "ogc_fid": 137730, "ncm": "0140710009", "pob2022": 23.0 }, "geometry": { "type": "Point", "coordinates": [ -60.47845322, -31.73977947 ] } },
{ "type": "Feature", "properties": { "ogc_fid": 137731, "ncm": "0140710013", "pob2022": 28.0 }, "geometry": { "type": "Point", "coordinates": [ -60.47968363, -31.74027799 ] } },
{ "type": "Feature", "properties": { "ogc_fid": 137732, "ncm": "0140710014", "pob2022": 21.0 }, "geometry": { "type": "Point", "coordinates": [ -60.47860168, -31.74046121 ] } },
{ "type": "Feature", "properties": { "ogc_fid": 137734, "ncm": "0140440002", "pob2022": 5.0 }, "geometry": { "type": "Point", "coordinates": [ -60.4849954, -31.73343623 ] } },
{ "type": "Feature", "properties": { "ogc_fid": 137736, "ncm": "0141680002", "pob2022": 14.0 }, "geometry": { "type": "Point", "coordinates": [ -60.46386134, -31.75553387 ] } },
{ "type": "Feature", "properties": { "ogc_fid": 137737, "ncm": "0140690003", "pob2022": 29.0 }, "geometry": { "type": "Point", "coordinates": [ -60.47839519, -31.74932724 ] } },
{ "type": "Feature", "properties": { "ogc_fid": 137738, "ncm": "0142090002", "pob2022": 3.0 }, "geometry": { "type": "Point", "coordinates": [ -60.45362017, -31.73997478 ] } },
{ "type": "Feature", "properties": { "ogc_fid": 138467, "ncm": "0090620017", "pob2022": 31.0 }, "geometry": { "type": "Point", "coordinates": [ -60.49596503, -31.77501382 ] } },
{ "type": "Feature", "properties": { "ogc_fid": 137733, "ncm": "0140690001", "pob2022": 113.0 }, "geometry": { "type": "Point", "coordinates": [ -60.47943852, -31.75018706 ] } },
{ "type": "Feature", "properties": { "ogc_fid": 137716, "ncm": "0142080001", "pob2022": 43.0 }, "geometry": { "type": "Point", "coordinates": [ -60.45675637, -31.74472016 ] } },
{ "type": "Feature", "properties": { "ogc_fid": 137742, "ncm": "0140440003", "pob2022": 7.0 }, "geometry": { "type": "Point", "coordinates": [ -60.48421474, -31.73354734 ] } },
{ "type": "Feature", "properties": { "ogc_fid": 137744, "ncm": "0140430001", "pob2022": 31.0 }, "geometry": { "type": "Point", "coordinates": [ -60.48230984, -31.73893653 ] } },
{ "type": "Feature", "properties": { "ogc_fid": 137745, "ncm": "0140690005", "pob2022": null }, "geometry": { "type": "Point", "coordinates": [ -60.47923346, -31.74961672 ] } },
{ "type": "Feature", "properties": { "ogc_fid": 137748, "ncm": "0141670002", "pob2022": 284.0 }, "geometry": { "type": "Point", "coordinates": [ -60.46352304, -31.75964484 ] } },
{ "type": "Feature", "properties": { "ogc_fid": 137749, "ncm": "0141720002", "pob2022": 0.0 }, "geometry": { "type": "Point", "coordinates": [ -60.45750809, -31.73230938 ] } },
{ "type": "Feature", "properties": { "ogc_fid": 137750, "ncm": "0142070002", "pob2022": 0.0 }, "geometry": { "type": "Point", "coordinates": [ -60.45611096, -31.75205564 ] } },
{ "type": "Feature", "properties": { "ogc_fid": 137751, "ncm": "0142080002", "pob2022": 34.0 }, "geometry": { "type": "Point", "coordinates": [ -60.45369396, -31.74330424 ] } },
{ "type": "Feature", "properties": { "ogc_fid": 137752, "ncm": "0143000001", "pob2022": 0.0 }, "geometry": { "type": "Point", "coordinates": [ -60.4361031, -31.7315252 ] } },
{ "type": "Feature", "properties": { "ogc_fid": 137754, "ncm": "0141330024", "pob2022": 44.0 }, "geometry": { "type": "Point", "coordinates": [ -60.4677286, -31.75377608 ] } },
{ "type": "Feature", "properties": { "ogc_fid": 137755, "ncm": "0141330018", "pob2022": 0.0 }, "geometry": { "type": "Point", "coordinates": [ -60.4675531, -31.75292009 ] } },
{ "type": "Feature", "properties": { "ogc_fid": 137756, "ncm": "0143120001", "pob2022": 1.0 }, "geometry": { "type": "Point", "coordinates": [ -60.43112442, -31.73369617 ] } },
{ "type": "Feature", "properties": { "ogc_fid": 137757, "ncm": "0143180001", "pob2022": 0.0 }, "geometry": { "type": "Point", "coordinates": [ -60.42405788, -31.72961048 ] } },
{ "type": "Feature", "properties": { "ogc_fid": 137758, "ncm": "0143190001", "pob2022": 1.0 }, "geometry": { "type": "Point", "coordinates": [ -60.42305586, -31.72477064 ] } },
{ "type": "Feature", "properties": { "ogc_fid": 138468, "ncm": "0090620011", "pob2022": 58.0 }, "geometry": { "type": "Point", "coordinates": [ -60.49859219, -31.7737643 ] } },
{ "type": "Feature", "properties": { "ogc_fid": 137746, "ncm": "0141680005", "pob2022": 41.0 }, "geometry": { "type": "Point", "coordinates": [ -60.46657173, -31.75374921 ] } },
{ "type": "Feature", "properties": { "ogc_fid": 137762, "ncm": "0143240001", "pob2022": 0.0 }, "geometry": { "type": "Point", "coordinates": [ -60.41837254, -31.72966803 ] } },
{ "type": "Feature", "properties": { "ogc_fid": 137763, "ncm": "0141330012", "pob2022": 0.0 }, "geometry": { "type": "Point", "coordinates": [ -60.46739819, -31.75216505 ] } },
{ "type": "Feature", "properties": { "ogc_fid": 137765, "ncm": "0143250001", "pob2022": 0.0 }, "geometry": { "type": "Point", "coordinates": [ -60.41711017, -31.72575424 ] } },
{ "type": "Feature", "properties": { "ogc_fid": 138357, "ncm": "0090150004", "pob2022": 215.0 }, "geometry": { "type": "Point", "coordinates": [ -60.49489554, -31.74924969 ] } },
{ "type": "Feature", "properties": { "ogc_fid": 137771, "ncm": "0141320007", "pob2022": 110.0 }, "geometry": { "type": "Point", "coordinates": [ -60.47294188, -31.75582354 ] } },
{ "type": "Feature", "properties": { "ogc_fid": 137775, "ncm": "0141330030", "pob2022": 67.0 }, "geometry": { "type": "Point", "coordinates": [ -60.46795655, -31.75491536 ] } },
{ "type": "Feature", "properties": { "ogc_fid": 138270, "ncm": "0090110002", "pob2022": 138.0 }, "geometry": { "type": "Point", "coordinates": [ -60.50205133, -31.76022828 ] } },
{ "type": "Feature", "properties": { "ogc_fid": 138271, "ncm": "0090110018", "pob2022": 87.0 }, "geometry": { "type": "Point", "coordinates": [ -60.49983756, -31.76478548 ] } },
{ "type": "Feature", "properties": { "ogc_fid": 138272, "ncm": "0090110014", "pob2022": 111.0 }, "geometry": { "type": "Point", "coordinates": [ -60.49965114, -31.76384947 ] } },
{ "type": "Feature", "properties": { "ogc_fid": 138273, "ncm": "0090110013", "pob2022": 129.0 }, "geometry": { "type": "Point", "coordinates": [ -60.50106255, -31.76362959 ] } },
{ "type": "Feature", "properties": { "ogc_fid": 138274, "ncm": "0090110011", "pob2022": 170.0 }, "geometry": { "type": "Point", "coordinates": [ -60.50321428, -31.76360957 ] } },
{ "type": "Feature", "properties": { "ogc_fid": 138358, "ncm": "0090150003", "pob2022": 12.0 }, "geometry": { "type": "Point", "coordinates": [ -60.49373849, -31.74865343 ] } },
{ "type": "Feature", "properties": { "ogc_fid": 137774, "ncm": "0140990007", "pob2022": 17.0 }, "geometry": { "type": "Point", "coordinates": [ -60.47561413, -31.75552755 ] } },
{ "type": "Feature", "properties": { "ogc_fid": 137773, "ncm": "0140990003", "pob2022": 53.0 }, "geometry": { "type": "Point", "coordinates": [ -60.47546654, -31.75479264 ] } },
{ "type": "Feature", "properties": { "ogc_fid": 137776, "ncm": "0132660002", "pob2022": 0.0 }, "geometry": { "type": "Point", "coordinates": [ -60.44751128, -31.77758157 ] } },
{ "type": "Feature", "properties": { "ogc_fid": 137777, "ncm": "0132660002", "pob2022": 0.0 }, "geometry": { "type": "Point", "coordinates": [ -60.4477991, -31.77481672 ] } },
{ "type": "Feature", "properties": { "ogc_fid": 137778, "ncm": "0132630001", "pob2022": 13.0 }, "geometry": { "type": "Point", "coordinates": [ -60.454852, -31.78882133 ] } },
{ "type": "Feature", "properties": { "ogc_fid": 137782, "ncm": "0132010015", "pob2022": 28.0 }, "geometry": { "type": "Point", "coordinates": [ -60.46619535, -31.77898583 ] } },
{ "type": "Feature", "properties": { "ogc_fid": 137783, "ncm": "0132010016", "pob2022": 21.0 }, "geometry": { "type": "Point", "coordinates": [ -60.46541834, -31.7791042 ] } },
{ "type": "Feature", "properties": { "ogc_fid": 137784, "ncm": "0132010017", "pob2022": 27.0 }, "geometry": { "type": "Point", "coordinates": [ -60.46464155, -31.77922254 ] } },
{ "type": "Feature", "properties": { "ogc_fid": 137785, "ncm": "0132010022", "pob2022": 11.0 }, "geometry": { "type": "Point", "coordinates": [ -60.46575079, -31.78026532 ] } },
{ "type": "Feature", "properties": { "ogc_fid": 137787, "ncm": "0132020002", "pob2022": 1.0 }, "geometry": { "type": "Point", "coordinates": [ -60.46459492, -31.77491499 ] } },
{ "type": "Feature", "properties": { "ogc_fid": 137788, "ncm": "0132460001", "pob2022": 71.0 }, "geometry": { "type": "Point", "coordinates": [ -60.45765972, -31.7795295 ] } },
{ "type": "Feature", "properties": { "ogc_fid": 139161, "ncm": "0060070014", "pob2022": 77.0 }, "geometry": { "type": "Point", "coordinates": [ -60.52256964, -31.75904838 ] } },
{ "type": "Feature", "properties": { "ogc_fid": 139162, "ncm": "0060070013", "pob2022": 61.0 }, "geometry": { "type": "Point", "coordinates": [ -60.52400825, -31.75892877 ] } },
{ "type": "Feature", "properties": { "ogc_fid": 139164, "ncm": "0060070001", "pob2022": 182.0 }, "geometry": { "type": "Point", "coordinates": [ -60.52605433, -31.75643899 ] } },
{ "type": "Feature", "properties": { "ogc_fid": 139165, "ncm": "0060060009", "pob2022": 93.0 }, "geometry": { "type": "Point", "coordinates": [ -60.52885703, -31.75655606 ] } },
{ "type": "Feature", "properties": { "ogc_fid": 139166, "ncm": "0060060005", "pob2022": 139.0 }, "geometry": { "type": "Point", "coordinates": [ -60.52790086, -31.75604885 ] } },
{ "type": "Feature", "properties": { "ogc_fid": 139167, "ncm": "0060060004", "pob2022": 80.0 }, "geometry": { "type": "Point", "coordinates": [ -60.52904524, -31.75579729 ] } },
{ "type": "Feature", "properties": { "ogc_fid": 139168, "ncm": "0060060003", "pob2022": 20.0 }, "geometry": { "type": "Point", "coordinates": [ -60.52980678, -31.75562603 ] } },
{ "type": "Feature", "properties": { "ogc_fid": 139169, "ncm": "0060060026", "pob2022": 74.0 }, "geometry": { "type": "Point", "coordinates": [ -60.53261484, -31.75955517 ] } },
{ "type": "Feature", "properties": { "ogc_fid": 139170, "ncm": "0060060025", "pob2022": 40.0 }, "geometry": { "type": "Point", "coordinates": [ -60.53247585, -31.75898099 ] } },
{ "type": "Feature", "properties": { "ogc_fid": 139171, "ncm": "0060060024", "pob2022": 142.0 }, "geometry": { "type": "Point", "coordinates": [ -60.52800917, -31.75965644 ] } },
{ "type": "Feature", "properties": { "ogc_fid": 139172, "ncm": "0060060023", "pob2022": 112.0 }, "geometry": { "type": "Point", "coordinates": [ -60.52895394, -31.75971076 ] } },
{ "type": "Feature", "properties": { "ogc_fid": 139173, "ncm": "0060500009", "pob2022": 77.0 }, "geometry": { "type": "Point", "coordinates": [ -60.52951997, -31.75137306 ] } },
{ "type": "Feature", "properties": { "ogc_fid": 139174, "ncm": "0060060021", "pob2022": 78.0 }, "geometry": { "type": "Point", "coordinates": [ -60.53096374, -31.75916429 ] } },
{ "type": "Feature", "properties": { "ogc_fid": 139175, "ncm": "0060060002", "pob2022": 119.0 }, "geometry": { "type": "Point", "coordinates": [ -60.53054935, -31.75593229 ] } },
{ "type": "Feature", "properties": { "ogc_fid": 139176, "ncm": "0060060019", "pob2022": 80.0 }, "geometry": { "type": "Point", "coordinates": [ -60.52837498, -31.75860461 ] } },
{ "type": "Feature", "properties": { "ogc_fid": 139177, "ncm": "0060060018", "pob2022": 118.0 }, "geometry": { "type": "Point", "coordinates": [ -60.52906701, -31.75801897 ] } },
{ "type": "Feature", "properties": { "ogc_fid": 139178, "ncm": "0060060017", "pob2022": 90.0 }, "geometry": { "type": "Point", "coordinates": [ -60.53009603, -31.75775379 ] } },
{ "type": "Feature", "properties": { "ogc_fid": 139179, "ncm": "0060060016", "pob2022": 46.0 }, "geometry": { "type": "Point", "coordinates": [ -60.53100556, -31.75776798 ] } },
{ "type": "Feature", "properties": { "ogc_fid": 139180, "ncm": "0060060015", "pob2022": 100.0 }, "geometry": { "type": "Point", "coordinates": [ -60.53221006, -31.75755439 ] } },
{ "type": "Feature", "properties": { "ogc_fid": 139181, "ncm": "0060350009", "pob2022": 71.0 }, "geometry": { "type": "Point", "coordinates": [ -60.52899964, -31.74847957 ] } },
{ "type": "Feature", "properties": { "ogc_fid": 139182, "ncm": "0060060014", "pob2022": 101.0 }, "geometry": { "type": "Point", "coordinates": [ -60.52760583, -31.75789265 ] } },
{ "type": "Feature", "properties": { "ogc_fid": 139183, "ncm": "0060060013", "pob2022": 51.0 }, "geometry": { "type": "Point", "coordinates": [ -60.5282302, -31.75724967 ] } },
{ "type": "Feature", "properties": { "ogc_fid": 139184, "ncm": "0060060012", "pob2022": 73.0 }, "geometry": { "type": "Point", "coordinates": [ -60.53082079, -31.75701517 ] } },
{ "type": "Feature", "properties": { "ogc_fid": 139185, "ncm": "0060060011", "pob2022": 101.0 }, "geometry": { "type": "Point", "coordinates": [ -60.5320224, -31.75680725 ] } },
{ "type": "Feature", "properties": { "ogc_fid": 139186, "ncm": "0060060010", "pob2022": 90.0 }, "geometry": { "type": "Point", "coordinates": [ -60.52738751, -31.75670728 ] } },
{ "type": "Feature", "properties": { "ogc_fid": 137789, "ncm": "0132030001", "pob2022": 9.0 }, "geometry": { "type": "Point", "coordinates": [ -60.46130004, -31.76742074 ] } },
{ "type": "Feature", "properties": { "ogc_fid": 137790, "ncm": "0132030002", "pob2022": 11.0 }, "geometry": { "type": "Point", "coordinates": [ -60.46180025, -31.7698164 ] } },
{ "type": "Feature", "properties": { "ogc_fid": 137792, "ncm": "0132010001", "pob2022": 131.0 }, "geometry": { "type": "Point", "coordinates": [ -60.46344025, -31.77856455 ] } },
{ "type": "Feature", "properties": { "ogc_fid": 137793, "ncm": "0132010018", "pob2022": 24.0 }, "geometry": { "type": "Point", "coordinates": [ -60.46386475, -31.77934087 ] } },
{ "type": "Feature", "properties": { "ogc_fid": 139187, "ncm": "0060500026", "pob2022": 88.0 }, "geometry": { "type": "Point", "coordinates": [ -60.53055692, -31.75350604 ] } },
{ "type": "Feature", "properties": { "ogc_fid": 137798, "ncm": "0132470001", "pob2022": 12.0 }, "geometry": { "type": "Point", "coordinates": [ -60.45666023, -31.77366267 ] } },
{ "type": "Feature", "properties": { "ogc_fid": 137799, "ncm": "0132470002", "pob2022": 17.0 }, "geometry": { "type": "Point", "coordinates": [ -60.45721742, -31.77600573 ] } },
{ "type": "Feature", "properties": { "ogc_fid": 139188, "ncm": "0060060001", "pob2022": 88.0 }, "geometry": { "type": "Point", "coordinates": [ -60.53167194, -31.75536262 ] } },
{ "type": "Feature", "properties": { "ogc_fid": 137800, "ncm": "0132480002", "pob2022": 23.0 }, "geometry": { "type": "Point", "coordinates": [ -60.4561825, -31.77120011 ] } },
{ "type": "Feature", "properties": { "ogc_fid": 137801, "ncm": "0132490001", "pob2022": 7.0 }, "geometry": { "type": "Point", "coordinates": [ -60.45476644, -31.76496942 ] } },
{ "type": "Feature", "properties": { "ogc_fid": 137802, "ncm": "0132480001", "pob2022": 16.0 }, "geometry": { "type": "Point", "coordinates": [ -60.45568522, -31.76874068 ] } },
{ "type": "Feature", "properties": { "ogc_fid": 137803, "ncm": "0132630002", "pob2022": 8.0 }, "geometry": { "type": "Point", "coordinates": [ -60.45653935, -31.79046153 ] } },
{ "type": "Feature", "properties": { "ogc_fid": 137804, "ncm": "0132640001", "pob2022": 13.0 }, "geometry": { "type": "Point", "coordinates": [ -60.4539884, -31.78495985 ] } },
{ "type": "Feature", "properties": { "ogc_fid": 137806, "ncm": "0132650001", "pob2022": 46.0 }, "geometry": { "type": "Point", "coordinates": [ -60.45217382, -31.78015945 ] } },
{ "type": "Feature", "properties": { "ogc_fid": 137807, "ncm": "0132650016", "pob2022": 146.0 }, "geometry": { "type": "Point", "coordinates": [ -60.4545031, -31.78220136 ] } },
{ "type": "Feature", "properties": { "ogc_fid": 137808, "ncm": "0132650017", "pob2022": 0.0 }, "geometry": { "type": "Point", "coordinates": [ -60.45266956, -31.78247385 ] } },
{ "type": "Feature", "properties": { "ogc_fid": 137809, "ncm": "0132650018", "pob2022": 16.0 }, "geometry": { "type": "Point", "coordinates": [ -60.45144611, -31.782877 ] } },
{ "type": "Feature", "properties": { "ogc_fid": 137810, "ncm": "0132650019", "pob2022": 2.0 }, "geometry": { "type": "Point", "coordinates": [ -60.45046872, -31.78302658 ] } },
{ "type": "Feature", "properties": { "ogc_fid": 137811, "ncm": "0132660001", "pob2022": 0.0 }, "geometry": { "type": "Point", "coordinates": [ -60.45126024, -31.77569945 ] } },
{ "type": "Feature", "properties": { "ogc_fid": 137812, "ncm": "0132670001", "pob2022": 24.0 }, "geometry": { "type": "Point", "coordinates": [ -60.44997841, -31.76960613 ] } },
{ "type": "Feature", "properties": { "ogc_fid": 137813, "ncm": "0132670002", "pob2022": 16.0 }, "geometry": { "type": "Point", "coordinates": [ -60.45048388, -31.77204806 ] } },
{ "type": "Feature", "properties": { "ogc_fid": 137814, "ncm": "0132680001", "pob2022": 0.0 }, "geometry": { "type": "Point", "coordinates": [ -60.45090929, -31.76382253 ] } },
{ "type": "Feature", "properties": { "ogc_fid": 137815, "ncm": "0132680002", "pob2022": 1.0 }, "geometry": { "type": "Point", "coordinates": [ -60.44951564, -31.76402638 ] } },
{ "type": "Feature", "properties": { "ogc_fid": 137816, "ncm": "0132680003", "pob2022": 0.0 }, "geometry": { "type": "Point", "coordinates": [ -60.44812853, -31.7642329 ] } },
{ "type": "Feature", "properties": { "ogc_fid": 137817, "ncm": "0132680004", "pob2022": 1.0 }, "geometry": { "type": "Point", "coordinates": [ -60.44672904, -31.76445428 ] } },
{ "type": "Feature", "properties": { "ogc_fid": 137818, "ncm": "0132680005", "pob2022": 13.0 }, "geometry": { "type": "Point", "coordinates": [ -60.44927044, -31.76632297 ] } },
{ "type": "Feature", "properties": { "ogc_fid": 139189, "ncm": "0060500014", "pob2022": 0.0 }, "geometry": { "type": "Point", "coordinates": [ -60.53005009, -31.75179158 ] } },
{ "type": "Feature", "properties": { "ogc_fid": 139190, "ncm": "0060500020", "pob2022": 47.0 }, "geometry": { "type": "Point", "coordinates": [ -60.52902268, -31.75393745 ] } },
{ "type": "Feature", "properties": { "ogc_fid": 137819, "ncm": "0132920001", "pob2022": 8.0 }, "geometry": { "type": "Point", "coordinates": [ -60.44518701, -31.7704177 ] } },
{ "type": "Feature", "properties": { "ogc_fid": 137820, "ncm": "0132930001", "pob2022": 0.0 }, "geometry": { "type": "Point", "coordinates": [ -60.44412414, -31.76658794 ] } },
{ "type": "Feature", "properties": { "ogc_fid": 138359, "ncm": "0090150022", "pob2022": 0.0 }, "geometry": { "type": "Point", "coordinates": [ -60.49051321, -31.74985224 ] } },
{ "type": "Feature", "properties": { "ogc_fid": 138360, "ncm": "0090150021", "pob2022": 75.0 }, "geometry": { "type": "Point", "coordinates": [ -60.49022468, -31.74840867 ] } },
{ "type": "Feature", "properties": { "ogc_fid": 138361, "ncm": "0090150020", "pob2022": 58.0 }, "geometry": { "type": "Point", "coordinates": [ -60.49139687, -31.74857146 ] } },
{ "type": "Feature", "properties": { "ogc_fid": 138362, "ncm": "0090150002", "pob2022": 46.0 }, "geometry": { "type": "Point", "coordinates": [ -60.4947092, -31.74834785 ] } },
{ "type": "Feature", "properties": { "ogc_fid": 138363, "ncm": "0090150019", "pob2022": 16.0 }, "geometry": { "type": "Point", "coordinates": [ -60.49131859, -31.748001 ] } },
{ "type": "Feature", "properties": { "ogc_fid": 138364, "ncm": "0090150018", "pob2022": 53.0 }, "geometry": { "type": "Point", "coordinates": [ -60.49007435, -31.74761732 ] } },
{ "type": "Feature", "properties": { "ogc_fid": 138365, "ncm": "0090150017", "pob2022": 42.0 }, "geometry": { "type": "Point", "coordinates": [ -60.49120855, -31.74729279 ] } },
{ "type": "Feature", "properties": { "ogc_fid": 138366, "ncm": "0090150016", "pob2022": 59.0 }, "geometry": { "type": "Point", "coordinates": [ -60.49235775, -31.7474059 ] } },
{ "type": "Feature", "properties": { "ogc_fid": 138367, "ncm": "0090150016", "pob2022": 59.0 }, "geometry": { "type": "Point", "coordinates": [ -60.49255288, -31.74694076 ] } },
{ "type": "Feature", "properties": { "ogc_fid": 138368, "ncm": "0090150015", "pob2022": 46.0 }, "geometry": { "type": "Point", "coordinates": [ -60.49303602, -31.7474558 ] } },
{ "type": "Feature", "properties": { "ogc_fid": 138369, "ncm": "0090150014", "pob2022": 38.0 }, "geometry": { "type": "Point", "coordinates": [ -60.49201047, -31.75144604 ] } },
{ "type": "Feature", "properties": { "ogc_fid": 138469, "ncm": "0090620009", "pob2022": 30.0 }, "geometry": { "type": "Point", "coordinates": [ -60.49563279, -31.77331888 ] } },
{ "type": "Feature", "properties": { "ogc_fid": 138470, "ncm": "0090620006", "pob2022": 56.0 }, "geometry": { "type": "Point", "coordinates": [ -60.49872234, -31.77253494 ] } },
{ "type": "Feature", "properties": { "ogc_fid": 138471, "ncm": "0090620005", "pob2022": 95.0 }, "geometry": { "type": "Point", "coordinates": [ -60.49992036, -31.77247747 ] } },
{ "type": "Feature", "properties": { "ogc_fid": 138472, "ncm": "0090620004", "pob2022": 49.0 }, "geometry": { "type": "Point", "coordinates": [ -60.49616557, -31.77174397 ] } },
{ "type": "Feature", "properties": { "ogc_fid": 138473, "ncm": "0090620003", "pob2022": 76.0 }, "geometry": { "type": "Point", "coordinates": [ -60.49729316, -31.77181335 ] } },
{ "type": "Feature", "properties": { "ogc_fid": 138475, "ncm": "0090620021", "pob2022": 60.0 }, "geometry": { "type": "Point", "coordinates": [ -60.49616697, -31.77585116 ] } },
{ "type": "Feature", "properties": { "ogc_fid": 138476, "ncm": "0090620020", "pob2022": 65.0 }, "geometry": { "type": "Point", "coordinates": [ -60.49751664, -31.77567936 ] } },
{ "type": "Feature", "properties": { "ogc_fid": 138477, "ncm": "0090620002", "pob2022": 82.0 }, "geometry": { "type": "Point", "coordinates": [ -60.49847938, -31.77163684 ] } },
{ "type": "Feature", "properties": { "ogc_fid": 138478, "ncm": "0090620019", "pob2022": 48.0 }, "geometry": { "type": "Point", "coordinates": [ -60.49919537, -31.77531156 ] } },
{ "type": "Feature", "properties": { "ogc_fid": 138479, "ncm": "0090620018", "pob2022": 84.0 }, "geometry": { "type": "Point", "coordinates": [ -60.50036413, -31.77520996 ] } },
{ "type": "Feature", "properties": { "ogc_fid": 138480, "ncm": "0090620001", "pob2022": 109.0 }, "geometry": { "type": "Point", "coordinates": [ -60.49967263, -31.77144817 ] } },
{ "type": "Feature", "properties": { "ogc_fid": 138481, "ncm": "0090610009", "pob2022": 60.0 }, "geometry": { "type": "Point", "coordinates": [ -60.50596694, -31.77127015 ] } },
{ "type": "Feature", "properties": { "ogc_fid": 138482, "ncm": "0090610008", "pob2022": 97.0 }, "geometry": { "type": "Point", "coordinates": [ -60.50111222, -31.77127345 ] } },
{ "type": "Feature", "properties": { "ogc_fid": 138483, "ncm": "0090610007", "pob2022": 81.0 }, "geometry": { "type": "Point", "coordinates": [ -60.50255521, -31.7710253 ] } },
{ "type": "Feature", "properties": { "ogc_fid": 138484, "ncm": "0090610006", "pob2022": 92.0 }, "geometry": { "type": "Point", "coordinates": [ -60.50408665, -31.77076697 ] } },
{ "type": "Feature", "properties": { "ogc_fid": 138485, "ncm": "0090610005", "pob2022": 88.0 }, "geometry": { "type": "Point", "coordinates": [ -60.50093782, -31.77046384 ] } },
{ "type": "Feature", "properties": { "ogc_fid": 138486, "ncm": "0090610004", "pob2022": 90.0 }, "geometry": { "type": "Point", "coordinates": [ -60.50238853, -31.77024079 ] } },
{ "type": "Feature", "properties": { "ogc_fid": 138487, "ncm": "0090610003", "pob2022": 101.0 }, "geometry": { "type": "Point", "coordinates": [ -60.50391547, -31.76997749 ] } },
{ "type": "Feature", "properties": { "ogc_fid": 138488, "ncm": "0090610022", "pob2022": 62.0 }, "geometry": { "type": "Point", "coordinates": [ -60.50180832, -31.77444681 ] } },
{ "type": "Feature", "properties": { "ogc_fid": 138489, "ncm": "0090610021", "pob2022": 44.0 }, "geometry": { "type": "Point", "coordinates": [ -60.50158751, -31.77371714 ] } },
{ "type": "Feature", "properties": { "ogc_fid": 138490, "ncm": "0090610020", "pob2022": 74.0 }, "geometry": { "type": "Point", "coordinates": [ -60.50318049, -31.77412296 ] } },
{ "type": "Feature", "properties": { "ogc_fid": 138491, "ncm": "0090610002", "pob2022": 105.0 }, "geometry": { "type": "Point", "coordinates": [ -60.50508443, -31.77018752 ] } },
{ "type": "Feature", "properties": { "ogc_fid": 138492, "ncm": "0090610019", "pob2022": 79.0 }, "geometry": { "type": "Point", "coordinates": [ -60.50533326, -31.77390319 ] } },
{ "type": "Feature", "properties": { "ogc_fid": 138493, "ncm": "0090610018", "pob2022": 35.0 }, "geometry": { "type": "Point", "coordinates": [ -60.50152182, -31.77283468 ] } },
{ "type": "Feature", "properties": { "ogc_fid": 138494, "ncm": "0090610017", "pob2022": 54.0 }, "geometry": { "type": "Point", "coordinates": [ -60.5029628, -31.7726827 ] } },
{ "type": "Feature", "properties": { "ogc_fid": 138495, "ncm": "0090610016", "pob2022": 86.0 }, "geometry": { "type": "Point", "coordinates": [ -60.50437313, -31.77261074 ] } },
{ "type": "Feature", "properties": { "ogc_fid": 139191, "ncm": "0060500002", "pob2022": 66.0 }, "geometry": { "type": "Point", "coordinates": [ -60.53092211, -31.74963416 ] } },
{ "type": "Feature", "properties": { "ogc_fid": 139192, "ncm": "0060500008", "pob2022": 56.0 }, "geometry": { "type": "Point", "coordinates": [ -60.53042266, -31.75059751 ] } },
{ "type": "Feature", "properties": { "ogc_fid": 139193, "ncm": "0060500007", "pob2022": 86.0 }, "geometry": { "type": "Point", "coordinates": [ -60.5315952, -31.7503101 ] } },
{ "type": "Feature", "properties": { "ogc_fid": 139194, "ncm": "0060500031", "pob2022": 94.0 }, "geometry": { "type": "Point", "coordinates": [ -60.53113929, -31.75391644 ] } },
{ "type": "Feature", "properties": { "ogc_fid": 139195, "ncm": "0060500030", "pob2022": 95.0 }, "geometry": { "type": "Point", "coordinates": [ -60.53180475, -31.75307267 ] } },
{ "type": "Feature", "properties": { "ogc_fid": 139196, "ncm": "0060500019", "pob2022": 86.0 }, "geometry": { "type": "Point", "coordinates": [ -60.52991565, -31.75309843 ] } },
{ "type": "Feature", "properties": { "ogc_fid": 139197, "ncm": "0060500006", "pob2022": 151.0 }, "geometry": { "type": "Point", "coordinates": [ -60.52702723, -31.75275304 ] } },
{ "type": "Feature", "properties": { "ogc_fid": 139198, "ncm": "0060500005", "pob2022": 75.0 }, "geometry": { "type": "Point", "coordinates": [ -60.52801734, -31.75180337 ] } },
{ "type": "Feature", "properties": { "ogc_fid": 139200, "ncm": "0060500012", "pob2022": 55.0 }, "geometry": { "type": "Point", "coordinates": [ -60.52671253, -31.75373143 ] } },
{ "type": "Feature", "properties": { "ogc_fid": 139201, "ncm": "0060500010", "pob2022": 123.0 }, "geometry": { "type": "Point", "coordinates": [ -60.52864979, -31.75223777 ] } },
{ "type": "Feature", "properties": { "ogc_fid": 139202, "ncm": "0060500034", "pob2022": 248.0 }, "geometry": { "type": "Point", "coordinates": [ -60.52797705, -31.75506479 ] } },
{ "type": "Feature", "properties": { "ogc_fid": 139203, "ncm": "0060500033", "pob2022": 87.0 }, "geometry": { "type": "Point", "coordinates": [ -60.53029596, -31.75471993 ] } },
{ "type": "Feature", "properties": { "ogc_fid": 139204, "ncm": "0060500032", "pob2022": 109.0 }, "geometry": { "type": "Point", "coordinates": [ -60.53169955, -31.75440904 ] } },
{ "type": "Feature", "properties": { "ogc_fid": 139205, "ncm": "0060500003", "pob2022": 104.0 }, "geometry": { "type": "Point", "coordinates": [ -60.52985495, -31.75012311 ] } },
{ "type": "Feature", "properties": { "ogc_fid": 139206, "ncm": "0060500029", "pob2022": 59.0 }, "geometry": { "type": "Point", "coordinates": [ -60.53246161, -31.75224348 ] } },
{ "type": "Feature", "properties": { "ogc_fid": 139207, "ncm": "0060500028", "pob2022": 51.0 }, "geometry": { "type": "Point", "coordinates": [ -60.53305036, -31.75150655 ] } },
{ "type": "Feature", "properties": { "ogc_fid": 139208, "ncm": "0060500027", "pob2022": 43.0 }, "geometry": { "type": "Point", "coordinates": [ -60.52961705, -31.75434001 ] } },
{ "type": "Feature", "properties": { "ogc_fid": 139209, "ncm": "0060500025", "pob2022": 77.0 }, "geometry": { "type": "Point", "coordinates": [ -60.53121956, -31.75262594 ] } },
{ "type": "Feature", "properties": { "ogc_fid": 139210, "ncm": "0060300012", "pob2022": 180.0 }, "geometry": { "type": "Point", "coordinates": [ -60.52889572, -31.76286623 ] } },
{ "type": "Feature", "properties": { "ogc_fid": 139211, "ncm": "0060500024", "pob2022": 92.0 }, "geometry": { "type": "Point", "coordinates": [ -60.53188351, -31.75174474 ] } },
{ "type": "Feature", "properties": { "ogc_fid": 138496, "ncm": "0090610015", "pob2022": 0.0 }, "geometry": { "type": "Point", "coordinates": [ -60.50532155, -31.77250651 ] } },
{ "type": "Feature", "properties": { "ogc_fid": 138497, "ncm": "0090610014", "pob2022": 123.0 }, "geometry": { "type": "Point", "coordinates": [ -60.50613356, -31.7724103 ] } },
{ "type": "Feature", "properties": { "ogc_fid": 138498, "ncm": "0090610013", "pob2022": 93.0 }, "geometry": { "type": "Point", "coordinates": [ -60.50130184, -31.77206231 ] } },
{ "type": "Feature", "properties": { "ogc_fid": 138499, "ncm": "0090610012", "pob2022": 95.0 }, "geometry": { "type": "Point", "coordinates": [ -60.50272441, -31.77182295 ] } },
{ "type": "Feature", "properties": { "ogc_fid": 138500, "ncm": "0090610011", "pob2022": 111.0 }, "geometry": { "type": "Point", "coordinates": [ -60.50419426, -31.77155892 ] } },
{ "type": "Feature", "properties": { "ogc_fid": 138501, "ncm": "0090610010", "pob2022": 50.0 }, "geometry": { "type": "Point", "coordinates": [ -60.50523419, -31.77138012 ] } },
{ "type": "Feature", "properties": { "ogc_fid": 138502, "ncm": "0090610001", "pob2022": 112.0 }, "geometry": { "type": "Point", "coordinates": [ -60.50575952, -31.77007453 ] } },
{ "type": "Feature", "properties": { "ogc_fid": 138503, "ncm": "0090900016", "pob2022": 4.0 }, "geometry": { "type": "Point", "coordinates": [ -60.50393759, -31.77753804 ] } },
{ "type": "Feature", "properties": { "ogc_fid": 138504, "ncm": "0090900017", "pob2022": 43.0 }, "geometry": { "type": "Point", "coordinates": [ -60.50253104, -31.77777138 ] } },
{ "type": "Feature", "properties": { "ogc_fid": 138505, "ncm": "0090900021", "pob2022": 8.0 }, "geometry": { "type": "Point", "coordinates": [ -60.50400345, -31.77785166 ] } },
{ "type": "Feature", "properties": { "ogc_fid": 138507, "ncm": "0090900026", "pob2022": 40.0 }, "geometry": { "type": "Point", "coordinates": [ -60.50407421, -31.77816197 ] } },
{ "type": "Feature", "properties": { "ogc_fid": 138508, "ncm": "0090900027", "pob2022": 71.0 }, "geometry": { "type": "Point", "coordinates": [ -60.50314626, -31.77885921 ] } },
{ "type": "Feature", "properties": { "ogc_fid": 138509, "ncm": "0090620013", "pob2022": 30.0 }, "geometry": { "type": "Point", "coordinates": [ -60.49535499, -31.77452718 ] } },
{ "type": "Feature", "properties": { "ogc_fid": 138510, "ncm": "0090620016", "pob2022": 33.0 }, "geometry": { "type": "Point", "coordinates": [ -60.49703296, -31.77507428 ] } },
{ "type": "Feature", "properties": { "ogc_fid": 138512, "ncm": "0090640014", "pob2022": 38.0 }, "geometry": { "type": "Point", "coordinates": [ -60.48892916, -31.77611491 ] } },
{ "type": "Feature", "properties": { "ogc_fid": 138513, "ncm": "0090660020", "pob2022": 63.0 }, "geometry": { "type": "Point", "coordinates": [ -60.48438381, -31.76740641 ] } },
{ "type": "Feature", "properties": { "ogc_fid": 138514, "ncm": "0090910019", "pob2022": 76.0 }, "geometry": { "type": "Point", "coordinates": [ -60.49966506, -31.7787478 ] } },
{ "type": "Feature", "properties": { "ogc_fid": 138515, "ncm": "0090670006", "pob2022": 40.0 }, "geometry": { "type": "Point", "coordinates": [ -60.48430565, -31.76004529 ] } },
{ "type": "Feature", "properties": { "ogc_fid": 138516, "ncm": "0090980011", "pob2022": 20.0 }, "geometry": { "type": "Point", "coordinates": [ -60.47929363, -31.76253185 ] } },
{ "type": "Feature", "properties": { "ogc_fid": 139212, "ncm": "0060500023", "pob2022": 71.0 }, "geometry": { "type": "Point", "coordinates": [ -60.53245886, -31.75100691 ] } },
{ "type": "Feature", "properties": { "ogc_fid": 139213, "ncm": "0060500022", "pob2022": 90.0 }, "geometry": { "type": "Point", "coordinates": [ -60.52701476, -31.75438089 ] } },
{ "type": "Feature", "properties": { "ogc_fid": 139214, "ncm": "0060500021", "pob2022": 35.0 }, "geometry": { "type": "Point", "coordinates": [ -60.52788896, -31.75434879 ] } },
{ "type": "Feature", "properties": { "ogc_fid": 139215, "ncm": "0060500018", "pob2022": 78.0 }, "geometry": { "type": "Point", "coordinates": [ -60.53059347, -31.75218729 ] } },
{ "type": "Feature", "properties": { "ogc_fid": 139216, "ncm": "0060500017", "pob2022": 79.0 }, "geometry": { "type": "Point", "coordinates": [ -60.53127183, -31.75128412 ] } },
{ "type": "Feature", "properties": { "ogc_fid": 139217, "ncm": "0060500016", "pob2022": 113.0 }, "geometry": { "type": "Point", "coordinates": [ -60.52839546, -31.75354754 ] } },
{ "type": "Feature", "properties": { "ogc_fid": 139218, "ncm": "0060500015", "pob2022": 34.0 }, "geometry": { "type": "Point", "coordinates": [ -60.52927441, -31.75266394 ] } },
{ "type": "Feature", "properties": { "ogc_fid": 139219, "ncm": "0060500013", "pob2022": 21.0 }, "geometry": { "type": "Point", "coordinates": [ -60.53072625, -31.75105348 ] } },
{ "type": "Feature", "properties": { "ogc_fid": 139220, "ncm": "0060500011", "pob2022": 149.0 }, "geometry": { "type": "Point", "coordinates": [ -60.527698, -31.75317129 ] } },
{ "type": "Feature", "properties": { "ogc_fid": 139221, "ncm": "0060500001", "pob2022": 3.0 }, "geometry": { "type": "Point", "coordinates": [ -60.5285556, -31.75060055 ] } },
{ "type": "Feature", "properties": { "ogc_fid": 139222, "ncm": "0060360009", "pob2022": 140.0 }, "geometry": { "type": "Point", "coordinates": [ -60.52009207, -31.74878403 ] } },
{ "type": "Feature", "properties": { "ogc_fid": 139223, "ncm": "0060360006", "pob2022": 59.0 }, "geometry": { "type": "Point", "coordinates": [ -60.51975134, -31.74772445 ] } },
{ "type": "Feature", "properties": { "ogc_fid": 139224, "ncm": "0060360005", "pob2022": 306.0 }, "geometry": { "type": "Point", "coordinates": [ -60.52114093, -31.74864462 ] } },
{ "type": "Feature", "properties": { "ogc_fid": 137822, "ncm": "0131630001", "pob2022": 107.0 }, "geometry": { "type": "Point", "coordinates": [ -60.46939218, -31.77794014 ] } },
{ "type": "Feature", "properties": { "ogc_fid": 139225, "ncm": "0060360004", "pob2022": 71.0 }, "geometry": { "type": "Point", "coordinates": [ -60.52123412, -31.74787837 ] } },
{ "type": "Feature", "properties": { "ogc_fid": 139226, "ncm": "0060360003", "pob2022": 49.0 }, "geometry": { "type": "Point", "coordinates": [ -60.5216921, -31.74763234 ] } },
{ "type": "Feature", "properties": { "ogc_fid": 139227, "ncm": "0060350022", "pob2022": 25.0 }, "geometry": { "type": "Point", "coordinates": [ -60.52743571, -31.75055955 ] } },
{ "type": "Feature", "properties": { "ogc_fid": 139228, "ncm": "0060360014", "pob2022": 76.0 }, "geometry": { "type": "Point", "coordinates": [ -60.52024501, -31.75038447 ] } },
{ "type": "Feature", "properties": { "ogc_fid": 139229, "ncm": "0060360013", "pob2022": 180.0 }, "geometry": { "type": "Point", "coordinates": [ -60.52112489, -31.75056091 ] } },
{ "type": "Feature", "properties": { "ogc_fid": 139230, "ncm": "0060360012", "pob2022": 116.0 }, "geometry": { "type": "Point", "coordinates": [ -60.52326149, -31.75007847 ] } },
{ "type": "Feature", "properties": { "ogc_fid": 139231, "ncm": "0060360011", "pob2022": 135.0 }, "geometry": { "type": "Point", "coordinates": [ -60.5246631, -31.7498671 ] } },
{ "type": "Feature", "properties": { "ogc_fid": 139232, "ncm": "0060360010", "pob2022": 92.0 }, "geometry": { "type": "Point", "coordinates": [ -60.52048066, -31.74955205 ] } },
{ "type": "Feature", "properties": { "ogc_fid": 139233, "ncm": "0060360001", "pob2022": 146.0 }, "geometry": { "type": "Point", "coordinates": [ -60.52420827, -31.74743057 ] } },
{ "type": "Feature", "properties": { "ogc_fid": 139234, "ncm": "0060350008", "pob2022": 74.0 }, "geometry": { "type": "Point", "coordinates": [ -60.52951443, -31.74780085 ] } },
{ "type": "Feature", "properties": { "ogc_fid": 139235, "ncm": "0060350007", "pob2022": 110.0 }, "geometry": { "type": "Point", "coordinates": [ -60.53030814, -31.74710521 ] } },
{ "type": "Feature", "properties": { "ogc_fid": 139236, "ncm": "0060350006", "pob2022": 154.0 }, "geometry": { "type": "Point", "coordinates": [ -60.5267437, -31.75039606 ] } },
{ "type": "Feature", "properties": { "ogc_fid": 139237, "ncm": "0060350011", "pob2022": 49.0 }, "geometry": { "type": "Point", "coordinates": [ -60.52666151, -31.74807695 ] } },
{ "type": "Feature", "properties": { "ogc_fid": 139238, "ncm": "0060350005", "pob2022": 395.0 }, "geometry": { "type": "Point", "coordinates": [ -60.52631108, -31.74968826 ] } },
{ "type": "Feature", "properties": { "ogc_fid": 140018, "ncm": "0020000055", "pob2022": 180.0 }, "geometry": { "type": "Point", "coordinates": [ -60.52982701, -31.73883303 ] } },
{ "type": "Feature", "properties": { "ogc_fid": 140019, "ncm": "0020000030", "pob2022": 50.0 }, "geometry": { "type": "Point", "coordinates": [ -60.51894766, -31.74041688 ] } },
{ "type": "Feature", "properties": { "ogc_fid": 140020, "ncm": "0020000054", "pob2022": 105.0 }, "geometry": { "type": "Point", "coordinates": [ -60.53111912, -31.738129 ] } },
{ "type": "Feature", "properties": { "ogc_fid": 137823, "ncm": "0131640001", "pob2022": 0.0 }, "geometry": { "type": "Point", "coordinates": [ -60.46545348, -31.7713155 ] } },
{ "type": "Feature", "properties": { "ogc_fid": 137824, "ncm": "0131640002", "pob2022": 2.0 }, "geometry": { "type": "Point", "coordinates": [ -60.46800545, -31.77346979 ] } },
{ "type": "Feature", "properties": { "ogc_fid": 137825, "ncm": "0131650001", "pob2022": 0.0 }, "geometry": { "type": "Point", "coordinates": [ -60.46681374, -31.7677969 ] } },
{ "type": "Feature", "properties": { "ogc_fid": 137826, "ncm": "0132040013", "pob2022": 0.0 }, "geometry": { "type": "Point", "coordinates": [ -60.46305027, -31.76553059 ] } },
{ "type": "Feature", "properties": { "ogc_fid": 137827, "ncm": "0132040014", "pob2022": 0.0 }, "geometry": { "type": "Point", "coordinates": [ -60.46168765, -31.76560986 ] } },
{ "type": "Feature", "properties": { "ogc_fid": 137828, "ncm": "0132040002", "pob2022": 2.0 }, "geometry": { "type": "Point", "coordinates": [ -60.46086232, -31.76230842 ] } },
{ "type": "Feature", "properties": { "ogc_fid": 137829, "ncm": "0132040003", "pob2022": 2.0 }, "geometry": { "type": "Point", "coordinates": [ -60.45942012, -31.76251294 ] } },
{ "type": "Feature", "properties": { "ogc_fid": 137830, "ncm": "0132040004", "pob2022": 2.0 }, "geometry": { "type": "Point", "coordinates": [ -60.45803588, -31.76272663 ] } },
{ "type": "Feature", "properties": { "ogc_fid": 137833, "ncm": "0132040007", "pob2022": 1.0 }, "geometry": { "type": "Point", "coordinates": [ -60.4596747, -31.76375475 ] } },
{ "type": "Feature", "properties": { "ogc_fid": 137834, "ncm": "0130980007", "pob2022": 3.0 }, "geometry": { "type": "Point", "coordinates": [ -60.47683861, -31.76109267 ] } },
{ "type": "Feature", "properties": { "ogc_fid": 137835, "ncm": "0130980008", "pob2022": 18.0 }, "geometry": { "type": "Point", "coordinates": [ -60.47623532, -31.76140731 ] } },
{ "type": "Feature", "properties": { "ogc_fid": 137836, "ncm": "0130980009", "pob2022": 25.0 }, "geometry": { "type": "Point", "coordinates": [ -60.47531169, -31.76155175 ] } },
{ "type": "Feature", "properties": { "ogc_fid": 137837, "ncm": "0131660001", "pob2022": 21.0 }, "geometry": { "type": "Point", "coordinates": [ -60.46796514, -31.76180093 ] } },
{ "type": "Feature", "properties": { "ogc_fid": 137838, "ncm": "0131660003", "pob2022": 1.0 }, "geometry": { "type": "Point", "coordinates": [ -60.46576315, -31.76161266 ] } },
{ "type": "Feature", "properties": { "ogc_fid": 137839, "ncm": "0131660004", "pob2022": 3.0 }, "geometry": { "type": "Point", "coordinates": [ -60.46487274, -31.76165027 ] } },
{ "type": "Feature", "properties": { "ogc_fid": 137840, "ncm": "0131660005", "pob2022": 4.0 }, "geometry": { "type": "Point", "coordinates": [ -60.46578703, -31.763981 ] } },
{ "type": "Feature", "properties": { "ogc_fid": 137841, "ncm": "0132040011", "pob2022": 1.0 }, "geometry": { "type": "Point", "coordinates": [ -60.45996656, -31.76499291 ] } },
{ "type": "Feature", "properties": { "ogc_fid": 137842, "ncm": "0132040001", "pob2022": 3.0 }, "geometry": { "type": "Point", "coordinates": [ -60.46235017, -31.76208608 ] } },
{ "type": "Feature", "properties": { "ogc_fid": 137843, "ncm": "0132040008", "pob2022": 1.0 }, "geometry": { "type": "Point", "coordinates": [ -60.45826955, -31.76397337 ] } },
{ "type": "Feature", "properties": { "ogc_fid": 137844, "ncm": "0132040010", "pob2022": 1.0 }, "geometry": { "type": "Point", "coordinates": [ -60.46140652, -31.76477636 ] } },
{ "type": "Feature", "properties": { "ogc_fid": 137845, "ncm": "0132040012", "pob2022": 1.0 }, "geometry": { "type": "Point", "coordinates": [ -60.45852081, -31.76521047 ] } },
{ "type": "Feature", "properties": { "ogc_fid": 137846, "ncm": "0132040009", "pob2022": 1.0 }, "geometry": { "type": "Point", "coordinates": [ -60.46284623, -31.76454521 ] } },
{ "type": "Feature", "properties": { "ogc_fid": 137847, "ncm": "0132450001", "pob2022": 34.0 }, "geometry": { "type": "Point", "coordinates": [ -60.46074642, -31.78235085 ] } },
{ "type": "Feature", "properties": { "ogc_fid": 137849, "ncm": "0132440001", "pob2022": 3.0 }, "geometry": { "type": "Point", "coordinates": [ -60.45999843, -31.78936845 ] } },
{ "type": "Feature", "properties": { "ogc_fid": 137850, "ncm": "0132450002", "pob2022": 0.0 }, "geometry": { "type": "Point", "coordinates": [ -60.45971287, -31.78275258 ] } },
{ "type": "Feature", "properties": { "ogc_fid": 137831, "ncm": "0132040005", "pob2022": 0.0 }, "geometry": { "type": "Point", "coordinates": [ -60.46259521, -31.76331469 ] } },
{ "type": "Feature", "properties": { "ogc_fid": 137832, "ncm": "0132040006", "pob2022": 2.0 }, "geometry": { "type": "Point", "coordinates": [ -60.46114562, -31.76353281 ] } },
{ "type": "Feature", "properties": { "ogc_fid": 137848, "ncm": "0131650001", "pob2022": 0.0 }, "geometry": { "type": "Point", "coordinates": [ -60.46946496, -31.76972386 ] } },
{ "type": "Feature", "properties": { "ogc_fid": 140021, "ncm": "0020000053", "pob2022": 177.0 }, "geometry": { "type": "Point", "coordinates": [ -60.53225522, -31.73751064 ] } },
{ "type": "Feature", "properties": { "ogc_fid": 140022, "ncm": "0020000049", "pob2022": 155.0 }, "geometry": { "type": "Point", "coordinates": [ -60.52377765, -31.74032232 ] } },
{ "type": "Feature", "properties": { "ogc_fid": 140023, "ncm": "0020000048", "pob2022": 196.0 }, "geometry": { "type": "Point", "coordinates": [ -60.52518555, -31.73960526 ] } },
{ "type": "Feature", "properties": { "ogc_fid": 140024, "ncm": "0020000046", "pob2022": 131.0 }, "geometry": { "type": "Point", "coordinates": [ -60.52783858, -31.73827104 ] } },
{ "type": "Feature", "properties": { "ogc_fid": 140025, "ncm": "0020000045", "pob2022": 103.0 }, "geometry": { "type": "Point", "coordinates": [ -60.52908574, -31.7376076 ] } },
{ "type": "Feature", "properties": { "ogc_fid": 140026, "ncm": "0020000042", "pob2022": 7.0 }, "geometry": { "type": "Point", "coordinates": [ -60.5182087, -31.74158923 ] } },
{ "type": "Feature", "properties": { "ogc_fid": 140027, "ncm": "0020000041", "pob2022": 204.0 }, "geometry": { "type": "Point", "coordinates": [ -60.51878125, -31.74187133 ] } },
{ "type": "Feature", "properties": { "ogc_fid": 139239, "ncm": "0060350005", "pob2022": 408.0 }, "geometry": { "type": "Point", "coordinates": [ -60.53083743, -31.74455242 ] } },
{ "type": "Feature", "properties": { "ogc_fid": 139240, "ncm": "0060350004", "pob2022": 39.0 }, "geometry": { "type": "Point", "coordinates": [ -60.5257395, -31.7494124 ] } },
{ "type": "Feature", "properties": { "ogc_fid": 139241, "ncm": "0060350003", "pob2022": 118.0 }, "geometry": { "type": "Point", "coordinates": [ -60.52580815, -31.74849787 ] } },
{ "type": "Feature", "properties": { "ogc_fid": 139242, "ncm": "0060350019", "pob2022": 22.0 }, "geometry": { "type": "Point", "coordinates": [ -60.52820606, -31.74976582 ] } },
{ "type": "Feature", "properties": { "ogc_fid": 139243, "ncm": "0060350014", "pob2022": 69.0 }, "geometry": { "type": "Point", "coordinates": [ -60.52992843, -31.74801998 ] } },
{ "type": "Feature", "properties": { "ogc_fid": 139244, "ncm": "0060350013", "pob2022": 85.0 }, "geometry": { "type": "Point", "coordinates": [ -60.53063045, -31.7473805 ] } },
{ "type": "Feature", "properties": { "ogc_fid": 139245, "ncm": "0060350024", "pob2022": 69.0 }, "geometry": { "type": "Point", "coordinates": [ -60.52743952, -31.75090943 ] } },
{ "type": "Feature", "properties": { "ogc_fid": 139246, "ncm": "0060350015", "pob2022": 44.0 }, "geometry": { "type": "Point", "coordinates": [ -60.53087386, -31.74775638 ] } },
{ "type": "Feature", "properties": { "ogc_fid": 139247, "ncm": "0060340001", "pob2022": 58.0 }, "geometry": { "type": "Point", "coordinates": [ -60.53403505, -31.74234763 ] } },
{ "type": "Feature", "properties": { "ogc_fid": 139248, "ncm": "0060340008", "pob2022": 106.0 }, "geometry": { "type": "Point", "coordinates": [ -60.53378604, -31.74659609 ] } },
{ "type": "Feature", "properties": { "ogc_fid": 139249, "ncm": "0060350024", "pob2022": 69.0 }, "geometry": { "type": "Point", "coordinates": [ -60.5269173, -31.7516299 ] } },
{ "type": "Feature", "properties": { "ogc_fid": 139250, "ncm": "0060350023", "pob2022": 25.0 }, "geometry": { "type": "Point", "coordinates": [ -60.52699953, -31.75122548 ] } },
{ "type": "Feature", "properties": { "ogc_fid": 139251, "ncm": "0060350021", "pob2022": 78.0 }, "geometry": { "type": "Point", "coordinates": [ -60.52902904, -31.74960579 ] } },
{ "type": "Feature", "properties": { "ogc_fid": 139252, "ncm": "0060350021", "pob2022": 47.0 }, "geometry": { "type": "Point", "coordinates": [ -60.52833374, -31.75015852 ] } },
{ "type": "Feature", "properties": { "ogc_fid": 139253, "ncm": "0060350020", "pob2022": 22.0 }, "geometry": { "type": "Point", "coordinates": [ -60.5278518, -31.75008426 ] } },
{ "type": "Feature", "properties": { "ogc_fid": 139254, "ncm": "0060350002", "pob2022": 29.0 }, "geometry": { "type": "Point", "coordinates": [ -60.52525623, -31.74754702 ] } },
{ "type": "Feature", "properties": { "ogc_fid": 139255, "ncm": "0060340021", "pob2022": 40.0 }, "geometry": { "type": "Point", "coordinates": [ -60.53293666, -31.7444628 ] } },
{ "type": "Feature", "properties": { "ogc_fid": 139256, "ncm": "0060350018", "pob2022": 93.0 }, "geometry": { "type": "Point", "coordinates": [ -60.5285924, -31.7492187 ] } },
{ "type": "Feature", "properties": { "ogc_fid": 139257, "ncm": "0060350016", "pob2022": null }, "geometry": { "type": "Point", "coordinates": [ -60.53038265, -31.74805162 ] } },
{ "type": "Feature", "properties": { "ogc_fid": 139258, "ncm": "0060340001", "pob2022": 58.0 }, "geometry": { "type": "Point", "coordinates": [ -60.5347145, -31.74270994 ] } },
{ "type": "Feature", "properties": { "ogc_fid": 139259, "ncm": "0060350010", "pob2022": 40.0 }, "geometry": { "type": "Point", "coordinates": [ -60.52719731, -31.74770975 ] } },
{ "type": "Feature", "properties": { "ogc_fid": 137851, "ncm": "0132450003", "pob2022": 13.0 }, "geometry": { "type": "Point", "coordinates": [ -60.45777953, -31.78277636 ] } },
{ "type": "Feature", "properties": { "ogc_fid": 137852, "ncm": "0132450004", "pob2022": 23.0 }, "geometry": { "type": "Point", "coordinates": [ -60.45650529, -31.78296959 ] } },
{ "type": "Feature", "properties": { "ogc_fid": 137853, "ncm": "0130980001", "pob2022": 20.0 }, "geometry": { "type": "Point", "coordinates": [ -60.47689539, -31.75965014 ] } },
{ "type": "Feature", "properties": { "ogc_fid": 137854, "ncm": "0131660007", "pob2022": 1.0 }, "geometry": { "type": "Point", "coordinates": [ -60.46697242, -31.76272636 ] } },
{ "type": "Feature", "properties": { "ogc_fid": 137855, "ncm": "0130980010", "pob2022": 0.0 }, "geometry": { "type": "Point", "coordinates": [ -60.47553461, -31.76222467 ] } },
{ "type": "Feature", "properties": { "ogc_fid": 137856, "ncm": "0130980004", "pob2022": 22.0 }, "geometry": { "type": "Point", "coordinates": [ -60.47685659, -31.76043758 ] } },
{ "type": "Feature", "properties": { "ogc_fid": 137857, "ncm": "0130980005", "pob2022": 24.0 }, "geometry": { "type": "Point", "coordinates": [ -60.4760676, -31.76060424 ] } },
{ "type": "Feature", "properties": { "ogc_fid": 137859, "ncm": "0131660009", "pob2022": 2.0 }, "geometry": { "type": "Point", "coordinates": [ -60.46510439, -31.76281356 ] } },
{ "type": "Feature", "properties": { "ogc_fid": 137860, "ncm": "0132460002", "pob2022": 3.0 }, "geometry": { "type": "Point", "coordinates": [ -60.46068997, -31.78110528 ] } },
{ "type": "Feature", "properties": { "ogc_fid": 137861, "ncm": "0132450006", "pob2022": 1.0 }, "geometry": { "type": "Point", "coordinates": [ -60.45698787, -31.7845514 ] } },
{ "type": "Feature", "properties": { "ogc_fid": 137862, "ncm": "0131660008", "pob2022": 2.0 }, "geometry": { "type": "Point", "coordinates": [ -60.46609658, -31.76266624 ] } },
{ "type": "Feature", "properties": { "ogc_fid": 137863, "ncm": "0130980006", "pob2022": 22.0 }, "geometry": { "type": "Point", "coordinates": [ -60.47513345, -31.76073496 ] } },
{ "type": "Feature", "properties": { "ogc_fid": 138595, "ncm": "0090440003", "pob2022": 0.0 }, "geometry": { "type": "Point", "coordinates": [ -60.48560271, -31.73662468 ] } },
{ "type": "Feature", "properties": { "ogc_fid": 138597, "ncm": "0090950007", "pob2022": 68.0 }, "geometry": { "type": "Point", "coordinates": [ -60.47978993, -31.77529374 ] } },
{ "type": "Feature", "properties": { "ogc_fid": 138598, "ncm": "0090950007", "pob2022": 68.0 }, "geometry": { "type": "Point", "coordinates": [ -60.48055808, -31.77517417 ] } },
{ "type": "Feature", "properties": { "ogc_fid": 138599, "ncm": "0090770003", "pob2022": 148.0 }, "geometry": { "type": "Point", "coordinates": [ -60.49728547, -31.74136609 ] } },
{ "type": "Feature", "properties": { "ogc_fid": 138600, "ncm": "0090950014", "pob2022": 44.0 }, "geometry": { "type": "Point", "coordinates": [ -60.48168424, -31.77746055 ] } },
{ "type": "Feature", "properties": { "ogc_fid": 138601, "ncm": "0090950004", "pob2022": 58.0 }, "geometry": { "type": "Point", "coordinates": [ -60.47820095, -31.7758212 ] } },
{ "type": "Feature", "properties": { "ogc_fid": 138602, "ncm": "0090740003", "pob2022": 252.0 }, "geometry": { "type": "Point", "coordinates": [ -60.49821968, -31.75748291 ] } },
{ "type": "Feature", "properties": { "ogc_fid": 138603, "ncm": "0090970001", "pob2022": 128.0 }, "geometry": { "type": "Point", "coordinates": [ -60.47791257, -31.76581798 ] } },
{ "type": "Feature", "properties": { "ogc_fid": 138604, "ncm": "0090970010", "pob2022": 47.0 }, "geometry": { "type": "Point", "coordinates": [ -60.4805922, -31.76550315 ] } },
{ "type": "Feature", "properties": { "ogc_fid": 138605, "ncm": "0090970011", "pob2022": 25.0 }, "geometry": { "type": "Point", "coordinates": [ -60.47966689, -31.76597591 ] } },
{ "type": "Feature", "properties": { "ogc_fid": 138606, "ncm": "0090970014", "pob2022": 40.0 }, "geometry": { "type": "Point", "coordinates": [ -60.48117807, -31.76636039 ] } },
{ "type": "Feature", "properties": { "ogc_fid": 138607, "ncm": "0090970015", "pob2022": 271.0 }, "geometry": { "type": "Point", "coordinates": [ -60.48040092, -31.76648867 ] } },
{ "type": "Feature", "properties": { "ogc_fid": 138608, "ncm": "0090970016", "pob2022": 17.0 }, "geometry": { "type": "Point", "coordinates": [ -60.4792725, -31.7669782 ] } },
{ "type": "Feature", "properties": { "ogc_fid": 138611, "ncm": "0090970021", "pob2022": 36.0 }, "geometry": { "type": "Point", "coordinates": [ -60.47815997, -31.76766582 ] } },
{ "type": "Feature", "properties": { "ogc_fid": 138612, "ncm": "0090970025", "pob2022": 36.0 }, "geometry": { "type": "Point", "coordinates": [ -60.47827454, -31.76821472 ] } },
{ "type": "Feature", "properties": { "ogc_fid": 138610, "ncm": "0090970024", "pob2022": 28.0 }, "geometry": { "type": "Point", "coordinates": [ -60.47941828, -31.76760859 ] } },
{ "type": "Feature", "properties": { "ogc_fid": 138596, "ncm": "0090440004", "pob2022": 34.0 }, "geometry": { "type": "Point", "coordinates": [ -60.48552776, -31.73724547 ] } },
{ "type": "Feature", "properties": { "ogc_fid": 139260, "ncm": "0060310007", "pob2022": 73.0 }, "geometry": { "type": "Point", "coordinates": [ -60.52747346, -31.76249484 ] } },
{ "type": "Feature", "properties": { "ogc_fid": 138613, "ncm": "0090970029", "pob2022": 33.0 }, "geometry": { "type": "Point", "coordinates": [ -60.47839283, -31.76869741 ] } },
{ "type": "Feature", "properties": { "ogc_fid": 138614, "ncm": "0090670014", "pob2022": 2.0 }, "geometry": { "type": "Point", "coordinates": [ -60.48493475, -31.76262995 ] } },
{ "type": "Feature", "properties": { "ogc_fid": 138615, "ncm": "0091280016", "pob2022": 10.0 }, "geometry": { "type": "Point", "coordinates": [ -60.47418212, -31.77774849 ] } },
{ "type": "Feature", "properties": { "ogc_fid": 138617, "ncm": "0090380022", "pob2022": 63.0 }, "geometry": { "type": "Point", "coordinates": [ -60.48965197, -31.76690881 ] } },
{ "type": "Feature", "properties": { "ogc_fid": 138618, "ncm": "0090420018", "pob2022": 63.0 }, "geometry": { "type": "Point", "coordinates": [ -60.48677436, -31.74442062 ] } },
{ "type": "Feature", "properties": { "ogc_fid": 138619, "ncm": "0090420019", "pob2022": 65.0 }, "geometry": { "type": "Point", "coordinates": [ -60.48692169, -31.74512698 ] } },
{ "type": "Feature", "properties": { "ogc_fid": 138621, "ncm": "0090660018", "pob2022": 27.0 }, "geometry": { "type": "Point", "coordinates": [ -60.48618008, -31.76685211 ] } },
{ "type": "Feature", "properties": { "ogc_fid": 138622, "ncm": "0090660010", "pob2022": 50.0 }, "geometry": { "type": "Point", "coordinates": [ -60.48691731, -31.76711675 ] } },
{ "type": "Feature", "properties": { "ogc_fid": 138623, "ncm": "0090660019", "pob2022": 35.0 }, "geometry": { "type": "Point", "coordinates": [ -60.48534819, -31.76724803 ] } },
{ "type": "Feature", "properties": { "ogc_fid": 138624, "ncm": "0090660023", "pob2022": 7.0 }, "geometry": { "type": "Point", "coordinates": [ -60.48361407, -31.76752933 ] } },
{ "type": "Feature", "properties": { "ogc_fid": 138626, "ncm": "0090660017", "pob2022": 35.0 }, "geometry": { "type": "Point", "coordinates": [ -60.48270933, -31.76699105 ] } },
{ "type": "Feature", "properties": { "ogc_fid": 138629, "ncm": "0090160003", "pob2022": 141.0 }, "geometry": { "type": "Point", "coordinates": [ -60.49215757, -31.74241184 ] } },
{ "type": "Feature", "properties": { "ogc_fid": 138630, "ncm": "0090660005", "pob2022": 17.0 }, "geometry": { "type": "Point", "coordinates": [ -60.48251938, -31.76407584 ] } },
{ "type": "Feature", "properties": { "ogc_fid": 138631, "ncm": "0090660006", "pob2022": 62.0 }, "geometry": { "type": "Point", "coordinates": [ -60.48167457, -31.76421392 ] } },
{ "type": "Feature", "properties": { "ogc_fid": 138635, "ncm": "0090980002", "pob2022": 15.0 }, "geometry": { "type": "Point", "coordinates": [ -60.47976568, -31.76007249 ] } },
{ "type": "Feature", "properties": { "ogc_fid": 138636, "ncm": "0090980003", "pob2022": 8.0 }, "geometry": { "type": "Point", "coordinates": [ -60.47883237, -31.7602281 ] } },
{ "type": "Feature", "properties": { "ogc_fid": 138639, "ncm": "0090420021", "pob2022": 47.0 }, "geometry": { "type": "Point", "coordinates": [ -60.48573319, -31.74529725 ] } },
{ "type": "Feature", "properties": { "ogc_fid": 138620, "ncm": "0090660011", "pob2022": 37.0 }, "geometry": { "type": "Point", "coordinates": [ -60.48380677, -31.76506837 ] } },
{ "type": "Feature", "properties": { "ogc_fid": 138627, "ncm": "0090660012", "pob2022": 27.0 }, "geometry": { "type": "Point", "coordinates": [ -60.48234896, -31.7653044 ] } },
{ "type": "Feature", "properties": { "ogc_fid": 138625, "ncm": "0090660016", "pob2022": 42.0 }, "geometry": { "type": "Point", "coordinates": [ -60.48411567, -31.7661466 ] } },
{ "type": "Feature", "properties": { "ogc_fid": 138638, "ncm": "0090420020", "pob2022": 38.0 }, "geometry": { "type": "Point", "coordinates": [ -60.48558711, -31.7446081 ] } },
{ "type": "Feature", "properties": { "ogc_fid": 139261, "ncm": "0060350001", "pob2022": 222.0 }, "geometry": { "type": "Point", "coordinates": [ -60.52715971, -31.74685454 ] } },
{ "type": "Feature", "properties": { "ogc_fid": 139262, "ncm": "0060340009", "pob2022": 101.0 }, "geometry": { "type": "Point", "coordinates": [ -60.53331576, -31.74760354 ] } },
{ "type": "Feature", "properties": { "ogc_fid": 139263, "ncm": "0060340007", "pob2022": 155.0 }, "geometry": { "type": "Point", "coordinates": [ -60.53467845, -31.7457999 ] } },
{ "type": "Feature", "properties": { "ogc_fid": 139264, "ncm": "0060340006", "pob2022": 123.0 }, "geometry": { "type": "Point", "coordinates": [ -60.53569674, -31.74537463 ] } },
{ "type": "Feature", "properties": { "ogc_fid": 139265, "ncm": "0060310022", "pob2022": 68.0 }, "geometry": { "type": "Point", "coordinates": [ -60.52487204, -31.76472693 ] } },
{ "type": "Feature", "properties": { "ogc_fid": 139266, "ncm": "0060340004", "pob2022": 107.0 }, "geometry": { "type": "Point", "coordinates": [ -60.53509271, -31.74440035 ] } },
{ "type": "Feature", "properties": { "ogc_fid": 140028, "ncm": "0020000040", "pob2022": 100.0 }, "geometry": { "type": "Point", "coordinates": [ -60.52002437, -31.74092252 ] } },
{ "type": "Feature", "properties": { "ogc_fid": 140029, "ncm": "0020000004", "pob2022": 298.0 }, "geometry": { "type": "Point", "coordinates": [ -60.52535135, -31.7345129 ] } },
{ "type": "Feature", "properties": { "ogc_fid": 140030, "ncm": "0020000039", "pob2022": 67.0 }, "geometry": { "type": "Point", "coordinates": [ -60.52159985, -31.73996638 ] } },
{ "type": "Feature", "properties": { "ogc_fid": 140031, "ncm": "0020000038", "pob2022": 103.0 }, "geometry": { "type": "Point", "coordinates": [ -60.5230018, -31.73914992 ] } },
{ "type": "Feature", "properties": { "ogc_fid": 140032, "ncm": "0020000037", "pob2022": 117.0 }, "geometry": { "type": "Point", "coordinates": [ -60.52434005, -31.73835467 ] } },
{ "type": "Feature", "properties": { "ogc_fid": 140033, "ncm": "0020000036", "pob2022": 87.0 }, "geometry": { "type": "Point", "coordinates": [ -60.52572239, -31.737637 ] } },
{ "type": "Feature", "properties": { "ogc_fid": 140034, "ncm": "0020000035", "pob2022": 60.0 }, "geometry": { "type": "Point", "coordinates": [ -60.52699579, -31.73701977 ] } },
{ "type": "Feature", "properties": { "ogc_fid": 139267, "ncm": "0060340003", "pob2022": 60.0 }, "geometry": { "type": "Point", "coordinates": [ -60.53535554, -31.74322548 ] } },
{ "type": "Feature", "properties": { "ogc_fid": 139268, "ncm": "0060340026", "pob2022": 14.0 }, "geometry": { "type": "Point", "coordinates": [ -60.53173514, -31.74799939 ] } },
{ "type": "Feature", "properties": { "ogc_fid": 139269, "ncm": "0060310006", "pob2022": 88.0 }, "geometry": { "type": "Point", "coordinates": [ -60.52261631, -31.76211896 ] } },
{ "type": "Feature", "properties": { "ogc_fid": 139270, "ncm": "0060310005", "pob2022": 67.0 }, "geometry": { "type": "Point", "coordinates": [ -60.52340785, -31.7619986 ] } },
{ "type": "Feature", "properties": { "ogc_fid": 139271, "ncm": "0060340020", "pob2022": 107.0 }, "geometry": { "type": "Point", "coordinates": [ -60.53376009, -31.75057621 ] } },
{ "type": "Feature", "properties": { "ogc_fid": 139272, "ncm": "0060850005", "pob2022": 22.0 }, "geometry": { "type": "Point", "coordinates": [ -60.53549879, -31.77130285 ] } },
{ "type": "Feature", "properties": { "ogc_fid": 139273, "ncm": "0060340002", "pob2022": 46.0 }, "geometry": { "type": "Point", "coordinates": [ -60.53372645, -31.74330243 ] } },
{ "type": "Feature", "properties": { "ogc_fid": 139274, "ncm": "0060340019", "pob2022": 0.0 }, "geometry": { "type": "Point", "coordinates": [ -60.53461118, -31.7494294 ] } },
{ "type": "Feature", "properties": { "ogc_fid": 139275, "ncm": "0060300020", "pob2022": 71.0 }, "geometry": { "type": "Point", "coordinates": [ -60.53278239, -31.76419579 ] } },
{ "type": "Feature", "properties": { "ogc_fid": 139276, "ncm": "0060340016", "pob2022": 122.0 }, "geometry": { "type": "Point", "coordinates": [ -60.53308549, -31.75019096 ] } },
{ "type": "Feature", "properties": { "ogc_fid": 139277, "ncm": "0060340015", "pob2022": 118.0 }, "geometry": { "type": "Point", "coordinates": [ -60.53389188, -31.74904767 ] } },
{ "type": "Feature", "properties": { "ogc_fid": 139278, "ncm": "0060340014", "pob2022": 0.0 }, "geometry": { "type": "Point", "coordinates": [ -60.53406433, -31.74758231 ] } },
{ "type": "Feature", "properties": { "ogc_fid": 139279, "ncm": "0060340013", "pob2022": 111.0 }, "geometry": { "type": "Point", "coordinates": [ -60.53466432, -31.74799636 ] } },
{ "type": "Feature", "properties": { "ogc_fid": 139280, "ncm": "0060340012", "pob2022": 139.0 }, "geometry": { "type": "Point", "coordinates": [ -60.53500918, -31.74687303 ] } },
{ "type": "Feature", "properties": { "ogc_fid": 139281, "ncm": "0060340011", "pob2022": 82.0 }, "geometry": { "type": "Point", "coordinates": [ -60.53232671, -31.74969424 ] } },
{ "type": "Feature", "properties": { "ogc_fid": 139282, "ncm": "0060310009", "pob2022": 60.0 }, "geometry": { "type": "Point", "coordinates": [ -60.5254153, -31.76280584 ] } },
{ "type": "Feature", "properties": { "ogc_fid": 139283, "ncm": "0060310008", "pob2022": 49.0 }, "geometry": { "type": "Point", "coordinates": [ -60.52641169, -31.7627005 ] } },
{ "type": "Feature", "properties": { "ogc_fid": 139284, "ncm": "0060310012", "pob2022": 93.0 }, "geometry": { "type": "Point", "coordinates": [ -60.52284838, -31.76320555 ] } },
{ "type": "Feature", "properties": { "ogc_fid": 139285, "ncm": "0060310004", "pob2022": 92.0 }, "geometry": { "type": "Point", "coordinates": [ -60.52421737, -31.76187133 ] } },
{ "type": "Feature", "properties": { "ogc_fid": 139286, "ncm": "0060310003", "pob2022": 89.0 }, "geometry": { "type": "Point", "coordinates": [ -60.52516054, -31.76172032 ] } },
{ "type": "Feature", "properties": { "ogc_fid": 139287, "ncm": "0060300026", "pob2022": 56.0 }, "geometry": { "type": "Point", "coordinates": [ -60.5293788, -31.76508337 ] } },
{ "type": "Feature", "properties": { "ogc_fid": 139288, "ncm": "0060310027", "pob2022": 99.0 }, "geometry": { "type": "Point", "coordinates": [ -60.5238106, -31.76582455 ] } },
{ "type": "Feature", "properties": { "ogc_fid": 139289, "ncm": "0060310026", "pob2022": 114.0 }, "geometry": { "type": "Point", "coordinates": [ -60.52357864, -31.76493968 ] } },
{ "type": "Feature", "properties": { "ogc_fid": 139290, "ncm": "0060310025", "pob2022": 54.0 }, "geometry": { "type": "Point", "coordinates": [ -60.52508513, -31.76561629 ] } },
{ "type": "Feature", "properties": { "ogc_fid": 139291, "ncm": "0060310024", "pob2022": 61.0 }, "geometry": { "type": "Point", "coordinates": [ -60.52602853, -31.76546208 ] } },
{ "type": "Feature", "properties": { "ogc_fid": 139292, "ncm": "0060310023", "pob2022": 68.0 }, "geometry": { "type": "Point", "coordinates": [ -60.52703861, -31.76525196 ] } },
{ "type": "Feature", "properties": { "ogc_fid": 139293, "ncm": "0060310011", "pob2022": 28.0 }, "geometry": { "type": "Point", "coordinates": [ -60.52366214, -31.76309431 ] } },
{ "type": "Feature", "properties": { "ogc_fid": 139294, "ncm": "0060310021", "pob2022": 53.0 }, "geometry": { "type": "Point", "coordinates": [ -60.52582621, -31.76457478 ] } },
{ "type": "Feature", "properties": { "ogc_fid": 139295, "ncm": "0060310020", "pob2022": 67.0 }, "geometry": { "type": "Point", "coordinates": [ -60.52677492, -31.76442174 ] } },
{ "type": "Feature", "properties": { "ogc_fid": 139296, "ncm": "0060310002", "pob2022": 90.0 }, "geometry": { "type": "Point", "coordinates": [ -60.52618232, -31.76161109 ] } },
{ "type": "Feature", "properties": { "ogc_fid": 139297, "ncm": "0060310019", "pob2022": 66.0 }, "geometry": { "type": "Point", "coordinates": [ -60.5276684, -31.76423915 ] } },
{ "type": "Feature", "properties": { "ogc_fid": 139298, "ncm": "0060310018", "pob2022": 52.0 }, "geometry": { "type": "Point", "coordinates": [ -60.52828305, -31.76512918 ] } },
{ "type": "Feature", "properties": { "ogc_fid": 139299, "ncm": "0060300025", "pob2022": 74.0 }, "geometry": { "type": "Point", "coordinates": [ -60.53067468, -31.76487303 ] } },
{ "type": "Feature", "properties": { "ogc_fid": 139300, "ncm": "0060310017", "pob2022": 89.0 }, "geometry": { "type": "Point", "coordinates": [ -60.5233844, -31.76405163 ] } },
{ "type": "Feature", "properties": { "ogc_fid": 139301, "ncm": "0060310016", "pob2022": 0.0 }, "geometry": { "type": "Point", "coordinates": [ -60.52467825, -31.76383263 ] } },
{ "type": "Feature", "properties": { "ogc_fid": 139302, "ncm": "0060070003", "pob2022": 51.0 }, "geometry": { "type": "Point", "coordinates": [ -60.52340145, -31.75723085 ] } },
{ "type": "Feature", "properties": { "ogc_fid": 139303, "ncm": "0060310015", "pob2022": 56.0 }, "geometry": { "type": "Point", "coordinates": [ -60.52561668, -31.76368054 ] } },
{ "type": "Feature", "properties": { "ogc_fid": 139304, "ncm": "0060310014", "pob2022": 54.0 }, "geometry": { "type": "Point", "coordinates": [ -60.52657408, -31.76352996 ] } },
{ "type": "Feature", "properties": { "ogc_fid": 139305, "ncm": "0060310013", "pob2022": 73.0 }, "geometry": { "type": "Point", "coordinates": [ -60.52762934, -31.76334371 ] } },
{ "type": "Feature", "properties": { "ogc_fid": 139306, "ncm": "0060310010", "pob2022": 71.0 }, "geometry": { "type": "Point", "coordinates": [ -60.52446735, -31.76296154 ] } },
{ "type": "Feature", "properties": { "ogc_fid": 139307, "ncm": "0060310001", "pob2022": 97.0 }, "geometry": { "type": "Point", "coordinates": [ -60.52723819, -31.76144308 ] } },
{ "type": "Feature", "properties": { "ogc_fid": 139308, "ncm": "0060300006", "pob2022": 105.0 }, "geometry": { "type": "Point", "coordinates": [ -60.52837449, -31.76121736 ] } },
{ "type": "Feature", "properties": { "ogc_fid": 139309, "ncm": "0060560007", "pob2022": 73.0 }, "geometry": { "type": "Point", "coordinates": [ -60.53309456, -31.76650461 ] } },
{ "type": "Feature", "properties": { "ogc_fid": 139310, "ncm": "0060300005", "pob2022": 91.0 }, "geometry": { "type": "Point", "coordinates": [ -60.52923732, -31.76108474 ] } },
{ "type": "Feature", "properties": { "ogc_fid": 139311, "ncm": "0060300004", "pob2022": 91.0 }, "geometry": { "type": "Point", "coordinates": [ -60.5300947, -31.76095167 ] } },
{ "type": "Feature", "properties": { "ogc_fid": 139312, "ncm": "0060300028", "pob2022": 69.0 }, "geometry": { "type": "Point", "coordinates": [ -60.53038848, -31.76340417 ] } },
{ "type": "Feature", "properties": { "ogc_fid": 139313, "ncm": "0060300024", "pob2022": 39.0 }, "geometry": { "type": "Point", "coordinates": [ -60.53186569, -31.76468255 ] } },
{ "type": "Feature", "properties": { "ogc_fid": 139314, "ncm": "0060300023", "pob2022": 50.0 }, "geometry": { "type": "Point", "coordinates": [ -60.52921932, -31.76434603 ] } },
{ "type": "Feature", "properties": { "ogc_fid": 138370, "ncm": "0090150012", "pob2022": 77.0 }, "geometry": { "type": "Point", "coordinates": [ -60.49407901, -31.75112365 ] } },
{ "type": "Feature", "properties": { "ogc_fid": 138371, "ncm": "0090150011", "pob2022": 75.0 }, "geometry": { "type": "Point", "coordinates": [ -60.49526383, -31.75094904 ] } },
{ "type": "Feature", "properties": { "ogc_fid": 138372, "ncm": "0090150001", "pob2022": 298.0 }, "geometry": { "type": "Point", "coordinates": [ -60.49225722, -31.74912353 ] } },
{ "type": "Feature", "properties": { "ogc_fid": 138373, "ncm": "0090360018", "pob2022": 61.0 }, "geometry": { "type": "Point", "coordinates": [ -60.4948759, -31.76979488 ] } },
{ "type": "Feature", "properties": { "ogc_fid": 138374, "ncm": "0090160033", "pob2022": 54.0 }, "geometry": { "type": "Point", "coordinates": [ -60.49030753, -31.7434354 ] } },
{ "type": "Feature", "properties": { "ogc_fid": 138375, "ncm": "0090160042", "pob2022": 86.0 }, "geometry": { "type": "Point", "coordinates": [ -60.49092803, -31.74628891 ] } },
{ "type": "Feature", "properties": { "ogc_fid": 138376, "ncm": "0090160030", "pob2022": 80.0 }, "geometry": { "type": "Point", "coordinates": [ -60.49012034, -31.74254897 ] } },
{ "type": "Feature", "properties": { "ogc_fid": 138377, "ncm": "0090160014", "pob2022": 117.0 }, "geometry": { "type": "Point", "coordinates": [ -60.49351354, -31.74527367 ] } },
{ "type": "Feature", "properties": { "ogc_fid": 138378, "ncm": "0090160006", "pob2022": 97.0 }, "geometry": { "type": "Point", "coordinates": [ -60.49115901, -31.74343862 ] } },
{ "type": "Feature", "properties": { "ogc_fid": 138379, "ncm": "0090160009", "pob2022": 53.0 }, "geometry": { "type": "Point", "coordinates": [ -60.49274591, -31.74444782 ] } },
{ "type": "Feature", "properties": { "ogc_fid": 138380, "ncm": "0090160008", "pob2022": 117.0 }, "geometry": { "type": "Point", "coordinates": [ -60.49133066, -31.74383497 ] } },
{ "type": "Feature", "properties": { "ogc_fid": 138381, "ncm": "0090160007", "pob2022": 49.0 }, "geometry": { "type": "Point", "coordinates": [ -60.49239319, -31.74354121 ] } },
{ "type": "Feature", "properties": { "ogc_fid": 138382, "ncm": "0090160005", "pob2022": 100.0 }, "geometry": { "type": "Point", "coordinates": [ -60.49106995, -31.74302746 ] } },
{ "type": "Feature", "properties": { "ogc_fid": 138383, "ncm": "0090160044", "pob2022": 68.0 }, "geometry": { "type": "Point", "coordinates": [ -60.48954465, -31.74650267 ] } },
{ "type": "Feature", "properties": { "ogc_fid": 138384, "ncm": "0090160043", "pob2022": 77.0 }, "geometry": { "type": "Point", "coordinates": [ -60.49022716, -31.7463947 ] } },
{ "type": "Feature", "properties": { "ogc_fid": 138385, "ncm": "0090160041", "pob2022": 89.0 }, "geometry": { "type": "Point", "coordinates": [ -60.48930925, -31.74538527 ] } },
{ "type": "Feature", "properties": { "ogc_fid": 138386, "ncm": "0090160040", "pob2022": 73.0 }, "geometry": { "type": "Point", "coordinates": [ -60.48999123, -31.74527971 ] } },
{ "type": "Feature", "properties": { "ogc_fid": 138387, "ncm": "0090160004", "pob2022": 95.0 }, "geometry": { "type": "Point", "coordinates": [ -60.49097986, -31.74261674 ] } },
{ "type": "Feature", "properties": { "ogc_fid": 138388, "ncm": "0090160039", "pob2022": 69.0 }, "geometry": { "type": "Point", "coordinates": [ -60.49068267, -31.74517628 ] } },
{ "type": "Feature", "properties": { "ogc_fid": 138389, "ncm": "0090160038", "pob2022": 43.0 }, "geometry": { "type": "Point", "coordinates": [ -60.48911403, -31.7444588 ] } },
{ "type": "Feature", "properties": { "ogc_fid": 138390, "ncm": "0090160037", "pob2022": 0.0 }, "geometry": { "type": "Point", "coordinates": [ -60.48979721, -31.7443538 ] } },
{ "type": "Feature", "properties": { "ogc_fid": 138391, "ncm": "0090160036", "pob2022": 0.0 }, "geometry": { "type": "Point", "coordinates": [ -60.49048084, -31.74424963 ] } },
{ "type": "Feature", "properties": { "ogc_fid": 138392, "ncm": "0090160035", "pob2022": 64.0 }, "geometry": { "type": "Point", "coordinates": [ -60.4889452, -31.74365501 ] } },
{ "type": "Feature", "properties": { "ogc_fid": 138393, "ncm": "0090160034", "pob2022": 50.0 }, "geometry": { "type": "Point", "coordinates": [ -60.48962792, -31.74354784 ] } },
{ "type": "Feature", "properties": { "ogc_fid": 138394, "ncm": "0090160032", "pob2022": 62.0 }, "geometry": { "type": "Point", "coordinates": [ -60.48875436, -31.74275568 ] } },
{ "type": "Feature", "properties": { "ogc_fid": 139316, "ncm": "0060300021", "pob2022": 48.0 }, "geometry": { "type": "Point", "coordinates": [ -60.53172695, -31.76405586 ] } },
{ "type": "Feature", "properties": { "ogc_fid": 139318, "ncm": "0060070010", "pob2022": 80.0 }, "geometry": { "type": "Point", "coordinates": [ -60.52257068, -31.75822046 ] } },
{ "type": "Feature", "properties": { "ogc_fid": 139319, "ncm": "0060070009", "pob2022": 161.0 }, "geometry": { "type": "Point", "coordinates": [ -60.52372511, -31.75777877 ] } },
{ "type": "Feature", "properties": { "ogc_fid": 139320, "ncm": "0060360015", "pob2022": 178.0 }, "geometry": { "type": "Point", "coordinates": [ -60.52134304, -31.75140531 ] } },
{ "type": "Feature", "properties": { "ogc_fid": 139322, "ncm": "0060550015", "pob2022": 4.0 }, "geometry": { "type": "Point", "coordinates": [ -60.53843379, -31.76754414 ] } },
{ "type": "Feature", "properties": { "ogc_fid": 139323, "ncm": "0060570010", "pob2022": 36.0 }, "geometry": { "type": "Point", "coordinates": [ -60.52388722, -31.76763354 ] } },
{ "type": "Feature", "properties": { "ogc_fid": 139324, "ncm": "0060860005", "pob2022": 50.0 }, "geometry": { "type": "Point", "coordinates": [ -60.52492286, -31.77163757 ] } },
{ "type": "Feature", "properties": { "ogc_fid": 139325, "ncm": "0060860003", "pob2022": 18.0 }, "geometry": { "type": "Point", "coordinates": [ -60.52700508, -31.77132619 ] } },
{ "type": "Feature", "properties": { "ogc_fid": 139326, "ncm": "0060860008", "pob2022": 53.0 }, "geometry": { "type": "Point", "coordinates": [ -60.52510308, -31.77250837 ] } },
{ "type": "Feature", "properties": { "ogc_fid": 139327, "ncm": "0060860004", "pob2022": 48.0 }, "geometry": { "type": "Point", "coordinates": [ -60.52610345, -31.77144265 ] } },
{ "type": "Feature", "properties": { "ogc_fid": 139328, "ncm": "0060560012", "pob2022": 68.0 }, "geometry": { "type": "Point", "coordinates": [ -60.53130435, -31.76712466 ] } },
{ "type": "Feature", "properties": { "ogc_fid": 139330, "ncm": "0060850001", "pob2022": 15.0 }, "geometry": { "type": "Point", "coordinates": [ -60.53514232, -31.77026135 ] } },
{ "type": "Feature", "properties": { "ogc_fid": 140035, "ncm": "0020000034", "pob2022": 118.0 }, "geometry": { "type": "Point", "coordinates": [ -60.52828877, -31.73641695 ] } },
{ "type": "Feature", "properties": { "ogc_fid": 139332, "ncm": "0060860002", "pob2022": 46.0 }, "geometry": { "type": "Point", "coordinates": [ -60.52805056, -31.77120838 ] } },
{ "type": "Feature", "properties": { "ogc_fid": 139333, "ncm": "0060860015", "pob2022": 54.0 }, "geometry": { "type": "Point", "coordinates": [ -60.52805985, -31.77389975 ] } },
{ "type": "Feature", "properties": { "ogc_fid": 139334, "ncm": "0060860014", "pob2022": 23.0 }, "geometry": { "type": "Point", "coordinates": [ -60.52875524, -31.77390998 ] } },
{ "type": "Feature", "properties": { "ogc_fid": 139337, "ncm": "0060570004", "pob2022": 81.0 }, "geometry": { "type": "Point", "coordinates": [ -60.5240156, -31.76673278 ] } },
{ "type": "Feature", "properties": { "ogc_fid": 139338, "ncm": "0060570009", "pob2022": 31.0 }, "geometry": { "type": "Point", "coordinates": [ -60.52458747, -31.7674681 ] } },
{ "type": "Feature", "properties": { "ogc_fid": 139339, "ncm": "0060570008", "pob2022": 40.0 }, "geometry": { "type": "Point", "coordinates": [ -60.52535533, -31.76737799 ] } },
{ "type": "Feature", "properties": { "ogc_fid": 139340, "ncm": "0060570006", "pob2022": 74.0 }, "geometry": { "type": "Point", "coordinates": [ -60.52842798, -31.76683733 ] } },
{ "type": "Feature", "properties": { "ogc_fid": 139341, "ncm": "0060570010", "pob2022": 36.0 }, "geometry": { "type": "Point", "coordinates": [ -60.5235301, -31.76744533 ] } },
{ "type": "Feature", "properties": { "ogc_fid": 139342, "ncm": "0060570003", "pob2022": 34.0 }, "geometry": { "type": "Point", "coordinates": [ -60.52522387, -31.76653717 ] } },
{ "type": "Feature", "properties": { "ogc_fid": 139343, "ncm": "0060570023", "pob2022": 73.0 }, "geometry": { "type": "Point", "coordinates": [ -60.5245484, -31.77074844 ] } },
{ "type": "Feature", "properties": { "ogc_fid": 140036, "ncm": "0020000033", "pob2022": 105.0 }, "geometry": { "type": "Point", "coordinates": [ -60.52973827, -31.73569738 ] } },
{ "type": "Feature", "properties": { "ogc_fid": 140037, "ncm": "0020000032", "pob2022": 50.0 }, "geometry": { "type": "Point", "coordinates": [ -60.5309695, -31.73515676 ] } },
{ "type": "Feature", "properties": { "ogc_fid": 140038, "ncm": "0020000003", "pob2022": 334.0 }, "geometry": { "type": "Point", "coordinates": [ -60.52677658, -31.73399912 ] } },
{ "type": "Feature", "properties": { "ogc_fid": 139344, "ncm": "0060570022", "pob2022": 89.0 }, "geometry": { "type": "Point", "coordinates": [ -60.52470828, -31.76955529 ] } },
{ "type": "Feature", "properties": { "ogc_fid": 139345, "ncm": "0060570021", "pob2022": 113.0 }, "geometry": { "type": "Point", "coordinates": [ -60.52604605, -31.7700034 ] } },
{ "type": "Feature", "properties": { "ogc_fid": 139346, "ncm": "0060570020", "pob2022": 263.0 }, "geometry": { "type": "Point", "coordinates": [ -60.52864706, -31.76953339 ] } },
{ "type": "Feature", "properties": { "ogc_fid": 139335, "ncm": "0060860011", "pob2022": 97.0 }, "geometry": { "type": "Point", "coordinates": [ -60.52622733, -31.77403934 ] } },
{ "type": "Feature", "properties": { "ogc_fid": 139347, "ncm": "0060570002", "pob2022": 60.0 }, "geometry": { "type": "Point", "coordinates": [ -60.52618818, -31.76644964 ] } },
{ "type": "Feature", "properties": { "ogc_fid": 139348, "ncm": "0060570019", "pob2022": 118.0 }, "geometry": { "type": "Point", "coordinates": [ -60.52665603, -31.7696484 ] } },
{ "type": "Feature", "properties": { "ogc_fid": 139349, "ncm": "0060560021", "pob2022": 50.0 }, "geometry": { "type": "Point", "coordinates": [ -60.5347053, -31.76893983 ] } },
{ "type": "Feature", "properties": { "ogc_fid": 139350, "ncm": "0060570018", "pob2022": 170.0 }, "geometry": { "type": "Point", "coordinates": [ -60.52727716, -31.76941953 ] } },
{ "type": "Feature", "properties": { "ogc_fid": 139351, "ncm": "0060570017", "pob2022": 63.0 }, "geometry": { "type": "Point", "coordinates": [ -60.52837563, -31.76824244 ] } },
{ "type": "Feature", "properties": { "ogc_fid": 139352, "ncm": "0060570016", "pob2022": 56.0 }, "geometry": { "type": "Point", "coordinates": [ -60.5239893, -31.76858485 ] } },
{ "type": "Feature", "properties": { "ogc_fid": 139353, "ncm": "0060570015", "pob2022": 23.0 }, "geometry": { "type": "Point", "coordinates": [ -60.52468992, -31.76819354 ] } },
{ "type": "Feature", "properties": { "ogc_fid": 139354, "ncm": "0060570014", "pob2022": 65.0 }, "geometry": { "type": "Point", "coordinates": [ -60.52590923, -31.76833068 ] } },
{ "type": "Feature", "properties": { "ogc_fid": 140039, "ncm": "0020000029", "pob2022": 22.0 }, "geometry": { "type": "Point", "coordinates": [ -60.51793359, -31.73965912 ] } },
{ "type": "Feature", "properties": { "ogc_fid": 140040, "ncm": "0020000028", "pob2022": 0.0 }, "geometry": { "type": "Point", "coordinates": [ -60.51869145, -31.73957699 ] } },
{ "type": "Feature", "properties": { "ogc_fid": 140041, "ncm": "0020000027", "pob2022": 0.0 }, "geometry": { "type": "Point", "coordinates": [ -60.52016235, -31.74003973 ] } },
{ "type": "Feature", "properties": { "ogc_fid": 140042, "ncm": "0020000026", "pob2022": 68.0 }, "geometry": { "type": "Point", "coordinates": [ -60.51961793, -31.73942283 ] } },
{ "type": "Feature", "properties": { "ogc_fid": 140043, "ncm": "0020000002", "pob2022": 55.0 }, "geometry": { "type": "Point", "coordinates": [ -60.52830793, -31.73344572 ] } },
{ "type": "Feature", "properties": { "ogc_fid": 140044, "ncm": "0020000019", "pob2022": 113.0 }, "geometry": { "type": "Point", "coordinates": [ -60.52071572, -31.73801949 ] } },
{ "type": "Feature", "properties": { "ogc_fid": 140045, "ncm": "0020000018", "pob2022": 86.0 }, "geometry": { "type": "Point", "coordinates": [ -60.52240966, -31.73823935 ] } },
{ "type": "Feature", "properties": { "ogc_fid": 140046, "ncm": "0020000017", "pob2022": 115.0 }, "geometry": { "type": "Point", "coordinates": [ -60.52168896, -31.73739597 ] } },
{ "type": "Feature", "properties": { "ogc_fid": 140047, "ncm": "0020000016", "pob2022": 102.0 }, "geometry": { "type": "Point", "coordinates": [ -60.52359534, -31.73729269 ] } },
{ "type": "Feature", "properties": { "ogc_fid": 140048, "ncm": "0020000015", "pob2022": 128.0 }, "geometry": { "type": "Point", "coordinates": [ -60.52309144, -31.73648198 ] } },
{ "type": "Feature", "properties": { "ogc_fid": 140049, "ncm": "0020000014", "pob2022": 193.0 }, "geometry": { "type": "Point", "coordinates": [ -60.5248598, -31.73639888 ] } },
{ "type": "Feature", "properties": { "ogc_fid": 140050, "ncm": "0020000013", "pob2022": 149.0 }, "geometry": { "type": "Point", "coordinates": [ -60.52615697, -31.73578409 ] } },
{ "type": "Feature", "properties": { "ogc_fid": 140051, "ncm": "0020000012", "pob2022": 156.0 }, "geometry": { "type": "Point", "coordinates": [ -60.52752348, -31.7352367 ] } },
{ "type": "Feature", "properties": { "ogc_fid": 140052, "ncm": "0020000011", "pob2022": 111.0 }, "geometry": { "type": "Point", "coordinates": [ -60.52908055, -31.7345852 ] } },
{ "type": "Feature", "properties": { "ogc_fid": 140053, "ncm": "0020000010", "pob2022": 49.0 }, "geometry": { "type": "Point", "coordinates": [ -60.53036596, -31.73407131 ] } },
{ "type": "Feature", "properties": { "ogc_fid": 140054, "ncm": "0020000001", "pob2022": 0.0 }, "geometry": { "type": "Point", "coordinates": [ -60.52979354, -31.73300887 ] } },
{ "type": "Feature", "properties": { "ogc_fid": 140055, "ncm": "0020000021", "pob2022": 63.0 }, "geometry": { "type": "Point", "coordinates": [ -60.52033535, -31.7388484 ] } },
{ "type": "Feature", "properties": { "ogc_fid": 140056, "ncm": "0020000051", "pob2022": 173.0 }, "geometry": { "type": "Point", "coordinates": [ -60.52079258, -31.74184826 ] } },
{ "type": "Feature", "properties": { "ogc_fid": 140057, "ncm": "0020000093", "pob2022": 184.0 }, "geometry": { "type": "Point", "coordinates": [ -60.52867763, -31.74477337 ] } },
{ "type": "Feature", "properties": { "ogc_fid": 140058, "ncm": "0020000047", "pob2022": 316.0 }, "geometry": { "type": "Point", "coordinates": [ -60.52660752, -31.73889621 ] } },
{ "type": "Feature", "properties": { "ogc_fid": 140608, "ncm": "0080410014", "pob2022": 219.0 }, "geometry": { "type": "Point", "coordinates": [ -60.51368951, -31.73182052 ] } },
{ "type": "Feature", "properties": { "ogc_fid": 140609, "ncm": "0080410013", "pob2022": 333.0 }, "geometry": { "type": "Point", "coordinates": [ -60.51494317, -31.73180589 ] } },
{ "type": "Feature", "properties": { "ogc_fid": 140610, "ncm": "0080410012", "pob2022": 339.0 }, "geometry": { "type": "Point", "coordinates": [ -60.51042567, -31.73081523 ] } },
{ "type": "Feature", "properties": { "ogc_fid": 140611, "ncm": "0080410011", "pob2022": 85.0 }, "geometry": { "type": "Point", "coordinates": [ -60.51179374, -31.73060246 ] } },
{ "type": "Feature", "properties": { "ogc_fid": 139356, "ncm": "0060570013", "pob2022": 0.0 }, "geometry": { "type": "Point", "coordinates": [ -60.52718272, -31.76790991 ] } },
{ "type": "Feature", "properties": { "ogc_fid": 139357, "ncm": "0060570012", "pob2022": 87.0 }, "geometry": { "type": "Point", "coordinates": [ -60.52829317, -31.76756803 ] } },
{ "type": "Feature", "properties": { "ogc_fid": 139358, "ncm": "0060570001", "pob2022": 117.0 }, "geometry": { "type": "Point", "coordinates": [ -60.52749967, -31.76670006 ] } },
{ "type": "Feature", "properties": { "ogc_fid": 140059, "ncm": "0010000115", "pob2022": 138.0 }, "geometry": { "type": "Point", "coordinates": [ -60.52016345, -31.73509578 ] } },
{ "type": "Feature", "properties": { "ogc_fid": 140060, "ncm": "0010000099", "pob2022": 72.0 }, "geometry": { "type": "Point", "coordinates": [ -60.52600185, -31.73214396 ] } },
{ "type": "Feature", "properties": { "ogc_fid": 140061, "ncm": "0010000057", "pob2022": 91.0 }, "geometry": { "type": "Point", "coordinates": [ -60.52287198, -31.72692458 ] } },
{ "type": "Feature", "properties": { "ogc_fid": 140062, "ncm": "0010000087", "pob2022": 171.0 }, "geometry": { "type": "Point", "coordinates": [ -60.51675462, -31.73265212 ] } },
{ "type": "Feature", "properties": { "ogc_fid": 140063, "ncm": "0010000098", "pob2022": 84.0 }, "geometry": { "type": "Point", "coordinates": [ -60.52755264, -31.73165134 ] } },
{ "type": "Feature", "properties": { "ogc_fid": 140064, "ncm": "0010000097", "pob2022": 39.0 }, "geometry": { "type": "Point", "coordinates": [ -60.52879279, -31.73109253 ] } },
{ "type": "Feature", "properties": { "ogc_fid": 140065, "ncm": "0010000096", "pob2022": 35.0 }, "geometry": { "type": "Point", "coordinates": [ -60.51719396, -31.73379818 ] } },
{ "type": "Feature", "properties": { "ogc_fid": 139359, "ncm": "0060560009", "pob2022": 41.0 }, "geometry": { "type": "Point", "coordinates": [ -60.53154981, -31.76632233 ] } },
{ "type": "Feature", "properties": { "ogc_fid": 139360, "ncm": "0060560008", "pob2022": 88.0 }, "geometry": { "type": "Point", "coordinates": [ -60.53244273, -31.76659503 ] } },
{ "type": "Feature", "properties": { "ogc_fid": 139361, "ncm": "0060560006", "pob2022": 71.0 }, "geometry": { "type": "Point", "coordinates": [ -60.53376904, -31.76639873 ] } },
{ "type": "Feature", "properties": { "ogc_fid": 139362, "ncm": "0060560005", "pob2022": 67.0 }, "geometry": { "type": "Point", "coordinates": [ -60.53447511, -31.76629057 ] } },
{ "type": "Feature", "properties": { "ogc_fid": 139363, "ncm": "0060560004", "pob2022": 74.0 }, "geometry": { "type": "Point", "coordinates": [ -60.52954203, -31.76585144 ] } },
{ "type": "Feature", "properties": { "ogc_fid": 139364, "ncm": "0060560024", "pob2022": 64.0 }, "geometry": { "type": "Point", "coordinates": [ -60.53037262, -31.76964843 ] } },
{ "type": "Feature", "properties": { "ogc_fid": 139365, "ncm": "0060560023", "pob2022": 78.0 }, "geometry": { "type": "Point", "coordinates": [ -60.53179961, -31.76941644 ] } },
{ "type": "Feature", "properties": { "ogc_fid": 139366, "ncm": "0060560022", "pob2022": 67.0 }, "geometry": { "type": "Point", "coordinates": [ -60.53335058, -31.76916211 ] } },
{ "type": "Feature", "properties": { "ogc_fid": 139367, "ncm": "0060560020", "pob2022": 78.0 }, "geometry": { "type": "Point", "coordinates": [ -60.53011311, -31.76846062 ] } },
{ "type": "Feature", "properties": { "ogc_fid": 140066, "ncm": "0010000095", "pob2022": 155.0 }, "geometry": { "type": "Point", "coordinates": [ -60.51891003, -31.73322556 ] } },
{ "type": "Feature", "properties": { "ogc_fid": 140067, "ncm": "0010000093", "pob2022": 67.0 }, "geometry": { "type": "Point", "coordinates": [ -60.52084469, -31.73258799 ] } },
{ "type": "Feature", "properties": { "ogc_fid": 140068, "ncm": "0010000092", "pob2022": 63.0 }, "geometry": { "type": "Point", "coordinates": [ -60.52154069, -31.73237104 ] } },
{ "type": "Feature", "properties": { "ogc_fid": 138395, "ncm": "0090160031", "pob2022": 75.0 }, "geometry": { "type": "Point", "coordinates": [ -60.48943951, -31.74264953 ] } },
{ "type": "Feature", "properties": { "ogc_fid": 138396, "ncm": "0090160002", "pob2022": 80.0 }, "geometry": { "type": "Point", "coordinates": [ -60.4908872, -31.74218974 ] } },
{ "type": "Feature", "properties": { "ogc_fid": 138397, "ncm": "0090160019", "pob2022": 212.0 }, "geometry": { "type": "Point", "coordinates": [ -60.49210726, -31.74641105 ] } },
{ "type": "Feature", "properties": { "ogc_fid": 138398, "ncm": "0090160018", "pob2022": 105.0 }, "geometry": { "type": "Point", "coordinates": [ -60.4935922, -31.74617417 ] } },
{ "type": "Feature", "properties": { "ogc_fid": 138399, "ncm": "0090160017", "pob2022": 195.0 }, "geometry": { "type": "Point", "coordinates": [ -60.49205245, -31.74595904 ] } },
{ "type": "Feature", "properties": { "ogc_fid": 138400, "ncm": "0090160016", "pob2022": 114.0 }, "geometry": { "type": "Point", "coordinates": [ -60.4936036, -31.74571128 ] } },
{ "type": "Feature", "properties": { "ogc_fid": 138401, "ncm": "0090160015", "pob2022": 184.0 }, "geometry": { "type": "Point", "coordinates": [ -60.49196094, -31.74551944 ] } },
{ "type": "Feature", "properties": { "ogc_fid": 138402, "ncm": "0090160013", "pob2022": 95.0 }, "geometry": { "type": "Point", "coordinates": [ -60.49171079, -31.74513443 ] } },
{ "type": "Feature", "properties": { "ogc_fid": 138403, "ncm": "0090160012", "pob2022": 133.0 }, "geometry": { "type": "Point", "coordinates": [ -60.49151872, -31.74472542 ] } },
{ "type": "Feature", "properties": { "ogc_fid": 138404, "ncm": "0090160011", "pob2022": 52.0 }, "geometry": { "type": "Point", "coordinates": [ -60.49365179, -31.74451832 ] } },
{ "type": "Feature", "properties": { "ogc_fid": 138405, "ncm": "0090160010", "pob2022": 122.0 }, "geometry": { "type": "Point", "coordinates": [ -60.49141996, -31.74424451 ] } },
{ "type": "Feature", "properties": { "ogc_fid": 138406, "ncm": "0090160020", "pob2022": 34.0 }, "geometry": { "type": "Point", "coordinates": [ -60.49374206, -31.74401781 ] } },
{ "type": "Feature", "properties": { "ogc_fid": 138408, "ncm": "0090410009", "pob2022": 186.0 }, "geometry": { "type": "Point", "coordinates": [ -60.48892457, -31.74900108 ] } },
{ "type": "Feature", "properties": { "ogc_fid": 138409, "ncm": "0090410030", "pob2022": 71.0 }, "geometry": { "type": "Point", "coordinates": [ -60.4848603, -31.75208993 ] } },
{ "type": "Feature", "properties": { "ogc_fid": 138410, "ncm": "0090410029", "pob2022": 85.0 }, "geometry": { "type": "Point", "coordinates": [ -60.48636333, -31.75235648 ] } },
{ "type": "Feature", "properties": { "ogc_fid": 138411, "ncm": "0090410028", "pob2022": 75.0 }, "geometry": { "type": "Point", "coordinates": [ -60.48815609, -31.75207554 ] } },
{ "type": "Feature", "properties": { "ogc_fid": 138412, "ncm": "0090410027", "pob2022": 41.0 }, "geometry": { "type": "Point", "coordinates": [ -60.48548119, -31.75171721 ] } },
{ "type": "Feature", "properties": { "ogc_fid": 138413, "ncm": "0090410023", "pob2022": 55.0 }, "geometry": { "type": "Point", "coordinates": [ -60.48503674, -31.75101085 ] } },
{ "type": "Feature", "properties": { "ogc_fid": 138414, "ncm": "0090410002", "pob2022": 162.0 }, "geometry": { "type": "Point", "coordinates": [ -60.4855619, -31.74846519 ] } },
{ "type": "Feature", "properties": { "ogc_fid": 138415, "ncm": "0090410019", "pob2022": 97.0 }, "geometry": { "type": "Point", "coordinates": [ -60.48652372, -31.75125817 ] } },
{ "type": "Feature", "properties": { "ogc_fid": 138416, "ncm": "0090410018", "pob2022": 902.0 }, "geometry": { "type": "Point", "coordinates": [ -60.48793524, -31.75106065 ] } },
{ "type": "Feature", "properties": { "ogc_fid": 138275, "ncm": "0090110010", "pob2022": 168.0 }, "geometry": { "type": "Point", "coordinates": [ -60.5034708, -31.76197026 ] } },
{ "type": "Feature", "properties": { "ogc_fid": 138276, "ncm": "0090110001", "pob2022": 104.0 }, "geometry": { "type": "Point", "coordinates": [ -60.50347624, -31.75999981 ] } },
{ "type": "Feature", "properties": { "ogc_fid": 140069, "ncm": "0010000091", "pob2022": 140.0 }, "geometry": { "type": "Point", "coordinates": [ -60.52245616, -31.73204124 ] } },
{ "type": "Feature", "properties": { "ogc_fid": 140070, "ncm": "0010000090", "pob2022": 107.0 }, "geometry": { "type": "Point", "coordinates": [ -60.5238278, -31.73159813 ] } },
{ "type": "Feature", "properties": { "ogc_fid": 140071, "ncm": "0010000089", "pob2022": 316.0 }, "geometry": { "type": "Point", "coordinates": [ -60.52555407, -31.73100168 ] } },
{ "type": "Feature", "properties": { "ogc_fid": 140072, "ncm": "0010000088", "pob2022": 29.0 }, "geometry": { "type": "Point", "coordinates": [ -60.52703585, -31.73040333 ] } },
{ "type": "Feature", "properties": { "ogc_fid": 140073, "ncm": "0010000056", "pob2022": 40.0 }, "geometry": { "type": "Point", "coordinates": [ -60.52357802, -31.72669611 ] } },
{ "type": "Feature", "properties": { "ogc_fid": 140074, "ncm": "0010000085", "pob2022": 166.0 }, "geometry": { "type": "Point", "coordinates": [ -60.51983106, -31.73170186 ] } },
{ "type": "Feature", "properties": { "ogc_fid": 140075, "ncm": "0010000084", "pob2022": 275.0 }, "geometry": { "type": "Point", "coordinates": [ -60.52166706, -31.73115229 ] } },
{ "type": "Feature", "properties": { "ogc_fid": 140076, "ncm": "0010000083", "pob2022": 143.0 }, "geometry": { "type": "Point", "coordinates": [ -60.52333043, -31.730649 ] } },
{ "type": "Feature", "properties": { "ogc_fid": 140077, "ncm": "0010000081", "pob2022": 15.0 }, "geometry": { "type": "Point", "coordinates": [ -60.5264718, -31.72957013 ] } },
{ "type": "Feature", "properties": { "ogc_fid": 140078, "ncm": "0010000080", "pob2022": 354.0 }, "geometry": { "type": "Point", "coordinates": [ -60.52818869, -31.72965071 ] } },
{ "type": "Feature", "properties": { "ogc_fid": 140080, "ncm": "0010000079", "pob2022": 146.0 }, "geometry": { "type": "Point", "coordinates": [ -60.51635538, -31.73121301 ] } },
{ "type": "Feature", "properties": { "ogc_fid": 140081, "ncm": "0010000078", "pob2022": 124.0 }, "geometry": { "type": "Point", "coordinates": [ -60.51760186, -31.7309651 ] } },
{ "type": "Feature", "properties": { "ogc_fid": 140082, "ncm": "0010000076", "pob2022": 145.0 }, "geometry": { "type": "Point", "coordinates": [ -60.52104898, -31.72998835 ] } },
{ "type": "Feature", "properties": { "ogc_fid": 140083, "ncm": "0010000075", "pob2022": 191.0 }, "geometry": { "type": "Point", "coordinates": [ -60.52276568, -31.72954045 ] } },
{ "type": "Feature", "properties": { "ogc_fid": 140084, "ncm": "0010000061", "pob2022": 101.0 }, "geometry": { "type": "Point", "coordinates": [ -60.51699008, -31.7283742 ] } },
{ "type": "Feature", "properties": { "ogc_fid": 140085, "ncm": "0010000074", "pob2022": 136.0 }, "geometry": { "type": "Point", "coordinates": [ -60.52395815, -31.72926136 ] } },
{ "type": "Feature", "properties": { "ogc_fid": 140086, "ncm": "0010000073", "pob2022": 76.0 }, "geometry": { "type": "Point", "coordinates": [ -60.52470001, -31.72899253 ] } },
{ "type": "Feature", "properties": { "ogc_fid": 140087, "ncm": "0010000072", "pob2022": 151.0 }, "geometry": { "type": "Point", "coordinates": [ -60.52591858, -31.7286674 ] } },
{ "type": "Feature", "properties": { "ogc_fid": 140088, "ncm": "0010000070", "pob2022": 191.0 }, "geometry": { "type": "Point", "coordinates": [ -60.51640655, -31.72987919 ] } },
{ "type": "Feature", "properties": { "ogc_fid": 140089, "ncm": "0010000069", "pob2022": 218.0 }, "geometry": { "type": "Point", "coordinates": [ -60.51840253, -31.72933269 ] } },
{ "type": "Feature", "properties": { "ogc_fid": 140090, "ncm": "0010000055", "pob2022": 166.0 }, "geometry": { "type": "Point", "coordinates": [ -60.52470898, -31.72640157 ] } },
{ "type": "Feature", "properties": { "ogc_fid": 140091, "ncm": "0010000054", "pob2022": 323.0 }, "geometry": { "type": "Point", "coordinates": [ -60.52652559, -31.72591891 ] } },
{ "type": "Feature", "properties": { "ogc_fid": 140092, "ncm": "0010000068", "pob2022": 168.0 }, "geometry": { "type": "Point", "coordinates": [ -60.52043943, -31.72881957 ] } },
{ "type": "Feature", "properties": { "ogc_fid": 140093, "ncm": "0010000067", "pob2022": 188.0 }, "geometry": { "type": "Point", "coordinates": [ -60.5221606, -31.72836429 ] } },
{ "type": "Feature", "properties": { "ogc_fid": 140094, "ncm": "0010000114", "pob2022": 119.0 }, "geometry": { "type": "Point", "coordinates": [ -60.52165345, -31.73465693 ] } },
{ "type": "Feature", "properties": { "ogc_fid": 140095, "ncm": "0010000065", "pob2022": 229.0 }, "geometry": { "type": "Point", "coordinates": [ -60.52529174, -31.72753522 ] } },
{ "type": "Feature", "properties": { "ogc_fid": 140096, "ncm": "0010000064", "pob2022": 266.0 }, "geometry": { "type": "Point", "coordinates": [ -60.52702794, -31.72707487 ] } },
{ "type": "Feature", "properties": { "ogc_fid": 140097, "ncm": "0010000063", "pob2022": 94.0 }, "geometry": { "type": "Point", "coordinates": [ -60.5160022, -31.72904149 ] } },
{ "type": "Feature", "properties": { "ogc_fid": 140098, "ncm": "0010000062", "pob2022": 107.0 }, "geometry": { "type": "Point", "coordinates": [ -60.5157692, -31.72838322 ] } },
{ "type": "Feature", "properties": { "ogc_fid": 140099, "ncm": "0010000060", "pob2022": 169.0 }, "geometry": { "type": "Point", "coordinates": [ -60.51808454, -31.72822336 ] } },
{ "type": "Feature", "properties": { "ogc_fid": 140100, "ncm": "0010000059", "pob2022": 181.0 }, "geometry": { "type": "Point", "coordinates": [ -60.51987604, -31.72775977 ] } },
{ "type": "Feature", "properties": { "ogc_fid": 140101, "ncm": "0010000058", "pob2022": 116.0 }, "geometry": { "type": "Point", "coordinates": [ -60.52158256, -31.72728056 ] } },
{ "type": "Feature", "properties": { "ogc_fid": 140102, "ncm": "0010000053", "pob2022": 189.0 }, "geometry": { "type": "Point", "coordinates": [ -60.51544024, -31.72719052 ] } },
{ "type": "Feature", "properties": { "ogc_fid": 140103, "ncm": "0010000052", "pob2022": 159.0 }, "geometry": { "type": "Point", "coordinates": [ -60.51642348, -31.72700692 ] } },
{ "type": "Feature", "properties": { "ogc_fid": 140104, "ncm": "0010000051", "pob2022": 178.0 }, "geometry": { "type": "Point", "coordinates": [ -60.51762028, -31.72698379 ] } },
{ "type": "Feature", "properties": { "ogc_fid": 140105, "ncm": "0010000048", "pob2022": 56.0 }, "geometry": { "type": "Point", "coordinates": [ -60.52221695, -31.72577037 ] } },
{ "type": "Feature", "properties": { "ogc_fid": 140106, "ncm": "0010000047", "pob2022": 44.0 }, "geometry": { "type": "Point", "coordinates": [ -60.52291945, -31.72553151 ] } },
{ "type": "Feature", "properties": { "ogc_fid": 140107, "ncm": "0010000046", "pob2022": 76.0 }, "geometry": { "type": "Point", "coordinates": [ -60.52409431, -31.72522236 ] } },
{ "type": "Feature", "properties": { "ogc_fid": 140108, "ncm": "0010000044", "pob2022": 82.0 }, "geometry": { "type": "Point", "coordinates": [ -60.51714517, -31.72612337 ] } },
{ "type": "Feature", "properties": { "ogc_fid": 140109, "ncm": "0010000041", "pob2022": 85.0 }, "geometry": { "type": "Point", "coordinates": [ -60.52160325, -31.72466693 ] } },
{ "type": "Feature", "properties": { "ogc_fid": 140110, "ncm": "0010000040", "pob2022": 62.0 }, "geometry": { "type": "Point", "coordinates": [ -60.52230622, -31.72443094 ] } },
{ "type": "Feature", "properties": { "ogc_fid": 140111, "ncm": "0010000039", "pob2022": 214.0 }, "geometry": { "type": "Point", "coordinates": [ -60.52350925, -31.72404978 ] } },
{ "type": "Feature", "properties": { "ogc_fid": 140112, "ncm": "0010000038", "pob2022": 365.0 }, "geometry": { "type": "Point", "coordinates": [ -60.52542229, -31.72342164 ] } },
{ "type": "Feature", "properties": { "ogc_fid": 140113, "ncm": "0010000037", "pob2022": 122.0 }, "geometry": { "type": "Point", "coordinates": [ -60.51545715, -31.72595887 ] } },
{ "type": "Feature", "properties": { "ogc_fid": 140114, "ncm": "0010000036", "pob2022": 99.0 }, "geometry": { "type": "Point", "coordinates": [ -60.51523515, -31.72535118 ] } },
{ "type": "Feature", "properties": { "ogc_fid": 140115, "ncm": "0010000035", "pob2022": 144.0 }, "geometry": { "type": "Point", "coordinates": [ -60.51664259, -31.72518726 ] } },
{ "type": "Feature", "properties": { "ogc_fid": 140116, "ncm": "0010000034", "pob2022": 18.0 }, "geometry": { "type": "Point", "coordinates": [ -60.51806442, -31.72514986 ] } },
{ "type": "Feature", "properties": { "ogc_fid": 140117, "ncm": "0010000028", "pob2022": 5.0 }, "geometry": { "type": "Point", "coordinates": [ -60.52243188, -31.72197965 ] } },
{ "type": "Feature", "properties": { "ogc_fid": 140119, "ncm": "0010000026", "pob2022": 126.0 }, "geometry": { "type": "Point", "coordinates": [ -60.51508568, -31.72459907 ] } },
{ "type": "Feature", "properties": { "ogc_fid": 140120, "ncm": "0010000015", "pob2022": 85.0 }, "geometry": { "type": "Point", "coordinates": [ -60.51425832, -31.72229141 ] } },
{ "type": "Feature", "properties": { "ogc_fid": 140121, "ncm": "0010000014", "pob2022": 416.0 }, "geometry": { "type": "Point", "coordinates": [ -60.51503733, -31.72202886 ] } },
{ "type": "Feature", "properties": { "ogc_fid": 140122, "ncm": "0010000034", "pob2022": 18.0 }, "geometry": { "type": "Point", "coordinates": [ -60.51696603, -31.72388041 ] } },
{ "type": "Feature", "properties": { "ogc_fid": 140123, "ncm": "0010000023", "pob2022": 164.0 }, "geometry": { "type": "Point", "coordinates": [ -60.51603344, -31.72360535 ] } },
{ "type": "Feature", "properties": { "ogc_fid": 140124, "ncm": "0010000113", "pob2022": 87.0 }, "geometry": { "type": "Point", "coordinates": [ -60.5228008, -31.73432697 ] } },
{ "type": "Feature", "properties": { "ogc_fid": 140125, "ncm": "0010000034", "pob2022": 18.0 }, "geometry": { "type": "Point", "coordinates": [ -60.51794025, -31.7234583 ] } },
{ "type": "Feature", "properties": { "ogc_fid": 140126, "ncm": "0010000034", "pob2022": 18.0 }, "geometry": { "type": "Point", "coordinates": [ -60.51767412, -31.72449417 ] } },
{ "type": "Feature", "properties": { "ogc_fid": 140612, "ncm": "0080410010", "pob2022": 122.0 }, "geometry": { "type": "Point", "coordinates": [ -60.51323671, -31.73038105 ] } },
{ "type": "Feature", "properties": { "ogc_fid": 140613, "ncm": "0080400009", "pob2022": 92.0 }, "geometry": { "type": "Point", "coordinates": [ -60.51124967, -31.73493571 ] } },
{ "type": "Feature", "properties": { "ogc_fid": 140614, "ncm": "0080400008", "pob2022": 105.0 }, "geometry": { "type": "Point", "coordinates": [ -60.51262486, -31.73493605 ] } },
{ "type": "Feature", "properties": { "ogc_fid": 140615, "ncm": "0080170005", "pob2022": 69.0 }, "geometry": { "type": "Point", "coordinates": [ -60.49154088, -31.7383094 ] } },
{ "type": "Feature", "properties": { "ogc_fid": 140616, "ncm": "0080400007", "pob2022": 138.0 }, "geometry": { "type": "Point", "coordinates": [ -60.51416872, -31.73473861 ] } },
{ "type": "Feature", "properties": { "ogc_fid": 140617, "ncm": "0080400006", "pob2022": 144.0 }, "geometry": { "type": "Point", "coordinates": [ -60.51549015, -31.73431437 ] } },
{ "type": "Feature", "properties": { "ogc_fid": 140618, "ncm": "0080400005", "pob2022": 116.0 }, "geometry": { "type": "Point", "coordinates": [ -60.51107366, -31.73417476 ] } },
{ "type": "Feature", "properties": { "ogc_fid": 140127, "ncm": "0010000034", "pob2022": 18.0 }, "geometry": { "type": "Point", "coordinates": [ -60.5185844, -31.72332045 ] } },
{ "type": "Feature", "properties": { "ogc_fid": 140128, "ncm": "0010000032", "pob2022": 5.0 }, "geometry": { "type": "Point", "coordinates": [ -60.52134595, -31.72346368 ] } },
{ "type": "Feature", "properties": { "ogc_fid": 140129, "ncm": "0010000112", "pob2022": 11.0 }, "geometry": { "type": "Point", "coordinates": [ -60.52371922, -31.73401697 ] } },
{ "type": "Feature", "properties": { "ogc_fid": 140130, "ncm": "0010000031", "pob2022": 11.0 }, "geometry": { "type": "Point", "coordinates": [ -60.52289723, -31.72291524 ] } },
{ "type": "Feature", "properties": { "ogc_fid": 139368, "ncm": "0060560002", "pob2022": 164.0 }, "geometry": { "type": "Point", "coordinates": [ -60.53165547, -31.7655069 ] } },
{ "type": "Feature", "properties": { "ogc_fid": 139369, "ncm": "0060560019", "pob2022": 120.0 }, "geometry": { "type": "Point", "coordinates": [ -60.5315265, -31.76822831 ] } },
{ "type": "Feature", "properties": { "ogc_fid": 140131, "ncm": "0010000030", "pob2022": 3.0 }, "geometry": { "type": "Point", "coordinates": [ -60.52094941, -31.72265841 ] } },
{ "type": "Feature", "properties": { "ogc_fid": 140132, "ncm": "0010000029", "pob2022": 4.0 }, "geometry": { "type": "Point", "coordinates": [ -60.52093035, -31.7220663 ] } },
{ "type": "Feature", "properties": { "ogc_fid": 140133, "ncm": "0010000025", "pob2022": 101.0 }, "geometry": { "type": "Point", "coordinates": [ -60.51488513, -31.72351873 ] } },
{ "type": "Feature", "properties": { "ogc_fid": 140134, "ncm": "0010000020", "pob2022": 247.0 }, "geometry": { "type": "Point", "coordinates": [ -60.51832103, -31.72171332 ] } },
{ "type": "Feature", "properties": { "ogc_fid": 140135, "ncm": "0010000019", "pob2022": 357.0 }, "geometry": { "type": "Point", "coordinates": [ -60.51936534, -31.72140462 ] } },
{ "type": "Feature", "properties": { "ogc_fid": 140136, "ncm": "0010000019", "pob2022": 357.0 }, "geometry": { "type": "Point", "coordinates": [ -60.52001364, -31.72173301 ] } },
{ "type": "Feature", "properties": { "ogc_fid": 140137, "ncm": "0010000018", "pob2022": 2.0 }, "geometry": { "type": "Point", "coordinates": [ -60.52065561, -31.72095143 ] } },
{ "type": "Feature", "properties": { "ogc_fid": 139370, "ncm": "0060560018", "pob2022": 107.0 }, "geometry": { "type": "Point", "coordinates": [ -60.53309181, -31.76797156 ] } },
{ "type": "Feature", "properties": { "ogc_fid": 139371, "ncm": "0060560015", "pob2022": 80.0 }, "geometry": { "type": "Point", "coordinates": [ -60.52988519, -31.76742297 ] } },
{ "type": "Feature", "properties": { "ogc_fid": 139372, "ncm": "0060560011", "pob2022": 35.0 }, "geometry": { "type": "Point", "coordinates": [ -60.53074132, -31.76645221 ] } },
{ "type": "Feature", "properties": { "ogc_fid": 139373, "ncm": "0060560010", "pob2022": 68.0 }, "geometry": { "type": "Point", "coordinates": [ -60.52970546, -31.76662294 ] } },
{ "type": "Feature", "properties": { "ogc_fid": 138300, "ncm": "0090430021", "pob2022": 47.0 }, "geometry": { "type": "Point", "coordinates": [ -60.48521378, -31.74157287 ] } },
{ "type": "Feature", "properties": { "ogc_fid": 139374, "ncm": "0060560001", "pob2022": 67.0 }, "geometry": { "type": "Point", "coordinates": [ -60.53384014, -31.76516021 ] } },
{ "type": "Feature", "properties": { "ogc_fid": 139375, "ncm": "0060550018", "pob2022": 12.0 }, "geometry": { "type": "Point", "coordinates": [ -60.53576347, -31.76792782 ] } },
{ "type": "Feature", "properties": { "ogc_fid": 139376, "ncm": "0060550014", "pob2022": 1.0 }, "geometry": { "type": "Point", "coordinates": [ -60.53931619, -31.76740377 ] } },
{ "type": "Feature", "properties": { "ogc_fid": 139377, "ncm": "0060550013", "pob2022": 1.0 }, "geometry": { "type": "Point", "coordinates": [ -60.54030146, -31.76724662 ] } },
{ "type": "Feature", "properties": { "ogc_fid": 138301, "ncm": "0090430020", "pob2022": 20.0 }, "geometry": { "type": "Point", "coordinates": [ -60.4839155, -31.74129519 ] } },
{ "type": "Feature", "properties": { "ogc_fid": 138302, "ncm": "0090430019", "pob2022": 47.0 }, "geometry": { "type": "Point", "coordinates": [ -60.48511543, -31.74111671 ] } },
{ "type": "Feature", "properties": { "ogc_fid": 138304, "ncm": "0090430015", "pob2022": 47.0 }, "geometry": { "type": "Point", "coordinates": [ -60.48685906, -31.74084517 ] } },
{ "type": "Feature", "properties": { "ogc_fid": 138306, "ncm": "0090430024", "pob2022": 71.0 }, "geometry": { "type": "Point", "coordinates": [ -60.48676111, -31.74179315 ] } },
{ "type": "Feature", "properties": { "ogc_fid": 138307, "ncm": "0090430028", "pob2022": 73.0 }, "geometry": { "type": "Point", "coordinates": [ -60.48685263, -31.74224543 ] } },
{ "type": "Feature", "properties": { "ogc_fid": 138308, "ncm": "0090420041", "pob2022": 0.0 }, "geometry": { "type": "Point", "coordinates": [ -60.48405673, -31.74683136 ] } },
{ "type": "Feature", "properties": { "ogc_fid": 138310, "ncm": "0090420011", "pob2022": 0.0 }, "geometry": { "type": "Point", "coordinates": [ -60.48758293, -31.74367316 ] } },
{ "type": "Feature", "properties": { "ogc_fid": 138311, "ncm": "0090420037", "pob2022": 12.0 }, "geometry": { "type": "Point", "coordinates": [ -60.48387962, -31.74621783 ] } },
{ "type": "Feature", "properties": { "ogc_fid": 138312, "ncm": "0090420032", "pob2022": 71.0 }, "geometry": { "type": "Point", "coordinates": [ -60.48376559, -31.7456855 ] } },
{ "type": "Feature", "properties": { "ogc_fid": 138313, "ncm": "0090420031", "pob2022": 33.0 }, "geometry": { "type": "Point", "coordinates": [ -60.48476316, -31.74552945 ] } },
{ "type": "Feature", "properties": { "ogc_fid": 138314, "ncm": "0090420030", "pob2022": 17.0 }, "geometry": { "type": "Point", "coordinates": [ -60.48332882, -31.74503846 ] } },
{ "type": "Feature", "properties": { "ogc_fid": 138315, "ncm": "0090420029", "pob2022": 17.0 }, "geometry": { "type": "Point", "coordinates": [ -60.4838818, -31.74495188 ] } },
{ "type": "Feature", "properties": { "ogc_fid": 138316, "ncm": "0090420028", "pob2022": 20.0 }, "geometry": { "type": "Point", "coordinates": [ -60.48465865, -31.74504162 ] } },
{ "type": "Feature", "properties": { "ogc_fid": 138317, "ncm": "0090420027", "pob2022": 0.0 }, "geometry": { "type": "Point", "coordinates": [ -60.48456737, -31.74461551 ] } },
{ "type": "Feature", "properties": { "ogc_fid": 138318, "ncm": "0090420023", "pob2022": 20.0 }, "geometry": { "type": "Point", "coordinates": [ -60.48802902, -31.74557459 ] } },
{ "type": "Feature", "properties": { "ogc_fid": 138320, "ncm": "0090420002", "pob2022": 38.0 }, "geometry": { "type": "Point", "coordinates": [ -60.48670694, -31.74286256 ] } },
{ "type": "Feature", "properties": { "ogc_fid": 138321, "ncm": "0090420017", "pob2022": 68.0 }, "geometry": { "type": "Point", "coordinates": [ -60.48781735, -31.74459814 ] } },
{ "type": "Feature", "properties": { "ogc_fid": 138322, "ncm": "0090420016", "pob2022": 69.0 }, "geometry": { "type": "Point", "coordinates": [ -60.48835488, -31.74450891 ] } },
{ "type": "Feature", "properties": { "ogc_fid": 138323, "ncm": "0090420015", "pob2022": 21.0 }, "geometry": { "type": "Point", "coordinates": [ -60.4834665, -31.74432168 ] } },
{ "type": "Feature", "properties": { "ogc_fid": 138324, "ncm": "0090420014", "pob2022": 17.0 }, "geometry": { "type": "Point", "coordinates": [ -60.48445964, -31.7441636 ] } },
{ "type": "Feature", "properties": { "ogc_fid": 138309, "ncm": "0090420004", "pob2022": 39.0 }, "geometry": { "type": "Point", "coordinates": [ -60.48430396, -31.74345507 ] } },
{ "type": "Feature", "properties": { "ogc_fid": 138319, "ncm": "0090420022", "pob2022": 22.0 }, "geometry": { "type": "Point", "coordinates": [ -60.48857129, -31.74548925 ] } },
{ "type": "Feature", "properties": { "ogc_fid": 138325, "ncm": "0090420013", "pob2022": 50.0 }, "geometry": { "type": "Point", "coordinates": [ -60.48545914, -31.74400851 ] } },
{ "type": "Feature", "properties": { "ogc_fid": 138326, "ncm": "0090420012", "pob2022": 72.0 }, "geometry": { "type": "Point", "coordinates": [ -60.48666852, -31.74382269 ] } },
{ "type": "Feature", "properties": { "ogc_fid": 138327, "ncm": "0090420003", "pob2022": 61.0 }, "geometry": { "type": "Point", "coordinates": [ -60.48526195, -31.74309143 ] } },
{ "type": "Feature", "properties": { "ogc_fid": 138328, "ncm": "0090420034", "pob2022": 41.0 }, "geometry": { "type": "Point", "coordinates": [ -60.48706128, -31.74572963 ] } },
{ "type": "Feature", "properties": { "ogc_fid": 138329, "ncm": "0090420035", "pob2022": 22.0 }, "geometry": { "type": "Point", "coordinates": [ -60.48586487, -31.74591317 ] } },
{ "type": "Feature", "properties": { "ogc_fid": 138330, "ncm": "0090420038", "pob2022": 33.0 }, "geometry": { "type": "Point", "coordinates": [ -60.48842976, -31.74614776 ] } },
{ "type": "Feature", "properties": { "ogc_fid": 138331, "ncm": "0090150006", "pob2022": 13.0 }, "geometry": { "type": "Point", "coordinates": [ -60.49289202, -31.74972697 ] } },
{ "type": "Feature", "properties": { "ogc_fid": 138332, "ncm": "0090150010", "pob2022": 23.0 }, "geometry": { "type": "Point", "coordinates": [ -60.49205767, -31.75079532 ] } },
{ "type": "Feature", "properties": { "ogc_fid": 138333, "ncm": "0090360019", "pob2022": 156.0 }, "geometry": { "type": "Point", "coordinates": [ -60.49928608, -31.77013803 ] } },
{ "type": "Feature", "properties": { "ogc_fid": 138334, "ncm": "0090360020", "pob2022": 202.0 }, "geometry": { "type": "Point", "coordinates": [ -60.49789008, -31.77035162 ] } },
{ "type": "Feature", "properties": { "ogc_fid": 138335, "ncm": "0090360016", "pob2022": 79.0 }, "geometry": { "type": "Point", "coordinates": [ -60.49768213, -31.76936535 ] } },
{ "type": "Feature", "properties": { "ogc_fid": 138336, "ncm": "0090360015", "pob2022": 93.0 }, "geometry": { "type": "Point", "coordinates": [ -60.49907488, -31.76915473 ] } },
{ "type": "Feature", "properties": { "ogc_fid": 138337, "ncm": "0090360017", "pob2022": 77.0 }, "geometry": { "type": "Point", "coordinates": [ -60.49625081, -31.7695837 ] } },
{ "type": "Feature", "properties": { "ogc_fid": 138338, "ncm": "0090360002", "pob2022": 148.0 }, "geometry": { "type": "Point", "coordinates": [ -60.4971705, -31.76689447 ] } },
{ "type": "Feature", "properties": { "ogc_fid": 138339, "ncm": "0090360009", "pob2022": 0.0 }, "geometry": { "type": "Point", "coordinates": [ -60.4959404, -31.76815985 ] } },
{ "type": "Feature", "properties": { "ogc_fid": 138340, "ncm": "0090360008", "pob2022": 79.0 }, "geometry": { "type": "Point", "coordinates": [ -60.49738269, -31.76793259 ] } },
{ "type": "Feature", "properties": { "ogc_fid": 138341, "ncm": "0090360007", "pob2022": 76.0 }, "geometry": { "type": "Point", "coordinates": [ -60.49443535, -31.76767256 ] } },
{ "type": "Feature", "properties": { "ogc_fid": 138342, "ncm": "0090360006", "pob2022": 72.0 }, "geometry": { "type": "Point", "coordinates": [ -60.49581564, -31.7674634 ] } },
{ "type": "Feature", "properties": { "ogc_fid": 138343, "ncm": "0090360004", "pob2022": 78.0 }, "geometry": { "type": "Point", "coordinates": [ -60.49428836, -31.76698258 ] } },
{ "type": "Feature", "properties": { "ogc_fid": 138344, "ncm": "0090360003", "pob2022": 76.0 }, "geometry": { "type": "Point", "coordinates": [ -60.49565941, -31.76677396 ] } },
{ "type": "Feature", "properties": { "ogc_fid": 138345, "ncm": "0090360021", "pob2022": 100.0 }, "geometry": { "type": "Point", "coordinates": [ -60.49577146, -31.77067391 ] } },
{ "type": "Feature", "properties": { "ogc_fid": 138346, "ncm": "0090360014", "pob2022": 81.0 }, "geometry": { "type": "Point", "coordinates": [ -60.49472169, -31.76905262 ] } },
{ "type": "Feature", "properties": { "ogc_fid": 138347, "ncm": "0090360013", "pob2022": 0.0 }, "geometry": { "type": "Point", "coordinates": [ -60.49610372, -31.76884582 ] } },
{ "type": "Feature", "properties": { "ogc_fid": 139378, "ncm": "0060550024", "pob2022": 17.0 }, "geometry": { "type": "Point", "coordinates": [ -60.53596608, -31.76886124 ] } },
{ "type": "Feature", "properties": { "ogc_fid": 139379, "ncm": "0060550023", "pob2022": 15.0 }, "geometry": { "type": "Point", "coordinates": [ -60.53686385, -31.76871929 ] } },
{ "type": "Feature", "properties": { "ogc_fid": 139380, "ncm": "0060550022", "pob2022": 14.0 }, "geometry": { "type": "Point", "coordinates": [ -60.53774586, -31.76857833 ] } },
{ "type": "Feature", "properties": { "ogc_fid": 139381, "ncm": "0060550021", "pob2022": 11.0 }, "geometry": { "type": "Point", "coordinates": [ -60.53862851, -31.76843894 ] } },
{ "type": "Feature", "properties": { "ogc_fid": 139382, "ncm": "0060550020", "pob2022": 4.0 }, "geometry": { "type": "Point", "coordinates": [ -60.53951039, -31.76829908 ] } },
{ "type": "Feature", "properties": { "ogc_fid": 139383, "ncm": "0060550017", "pob2022": 10.0 }, "geometry": { "type": "Point", "coordinates": [ -60.5366693, -31.76782286 ] } },
{ "type": "Feature", "properties": { "ogc_fid": 139384, "ncm": "0060550016", "pob2022": 9.0 }, "geometry": { "type": "Point", "coordinates": [ -60.53755154, -31.76768342 ] } },
{ "type": "Feature", "properties": { "ogc_fid": 139389, "ncm": "0060570025", "pob2022": 101.0 }, "geometry": { "type": "Point", "coordinates": [ -60.52545791, -31.77033117 ] } },
{ "type": "Feature", "properties": { "ogc_fid": 139390, "ncm": "0060510020", "pob2022": 12.0 }, "geometry": { "type": "Point", "coordinates": [ -60.52459645, -31.75393219 ] } },
{ "type": "Feature", "properties": { "ogc_fid": 139391, "ncm": "0060510024", "pob2022": 245.0 }, "geometry": { "type": "Point", "coordinates": [ -60.52549459, -31.75506551 ] } },
{ "type": "Feature", "properties": { "ogc_fid": 139392, "ncm": "0060510001", "pob2022": 50.0 }, "geometry": { "type": "Point", "coordinates": [ -60.52459281, -31.75086897 ] } },
{ "type": "Feature", "properties": { "ogc_fid": 139393, "ncm": "0060510009", "pob2022": 122.0 }, "geometry": { "type": "Point", "coordinates": [ -60.52302231, -31.7527012 ] } },
{ "type": "Feature", "properties": { "ogc_fid": 139395, "ncm": "0060510007", "pob2022": 137.0 }, "geometry": { "type": "Point", "coordinates": [ -60.52137888, -31.75332913 ] } },
{ "type": "Feature", "properties": { "ogc_fid": 137864, "ncm": "0132920002", "pob2022": 3.0 }, "geometry": { "type": "Point", "coordinates": [ -60.44381814, -31.77207226 ] } },
{ "type": "Feature", "properties": { "ogc_fid": 137865, "ncm": "0130980002", "pob2022": 49.0 }, "geometry": { "type": "Point", "coordinates": [ -60.47548519, -31.7598628 ] } },
{ "type": "Feature", "properties": { "ogc_fid": 137866, "ncm": "0131310002", "pob2022": 392.0 }, "geometry": { "type": "Point", "coordinates": [ -60.47077166, -31.7623856 ] } },
{ "type": "Feature", "properties": { "ogc_fid": 137869, "ncm": "0132010002", "pob2022": 37.0 }, "geometry": { "type": "Point", "coordinates": [ -60.46104911, -31.77740162 ] } },
{ "type": "Feature", "properties": { "ogc_fid": 138417, "ncm": "0090410017", "pob2022": 0.0 }, "geometry": { "type": "Point", "coordinates": [ -60.48936284, -31.75110752 ] } },
{ "type": "Feature", "properties": { "ogc_fid": 138418, "ncm": "0090410016", "pob2022": 66.0 }, "geometry": { "type": "Point", "coordinates": [ -60.48489961, -31.7503799 ] } },
{ "type": "Feature", "properties": { "ogc_fid": 138419, "ncm": "0090410015", "pob2022": 89.0 }, "geometry": { "type": "Point", "coordinates": [ -60.48629123, -31.75016501 ] } },
{ "type": "Feature", "properties": { "ogc_fid": 137870, "ncm": "0131590001", "pob2022": 0.0 }, "geometry": { "type": "Point", "coordinates": [ -60.47651202, -31.79174913 ] } },
{ "type": "Feature", "properties": { "ogc_fid": 137871, "ncm": "0132650002", "pob2022": null }, "geometry": { "type": "Point", "coordinates": [ -60.44829633, -31.78087207 ] } },
{ "type": "Feature", "properties": { "ogc_fid": 137872, "ncm": "0131580001", "pob2022": 10.0 }, "geometry": { "type": "Point", "coordinates": [ -60.48467207, -31.79052737 ] } },
{ "type": "Feature", "properties": { "ogc_fid": 137873, "ncm": "0131270001", "pob2022": 86.0 }, "geometry": { "type": "Point", "coordinates": [ -60.47569636, -31.78858946 ] } },
{ "type": "Feature", "properties": { "ogc_fid": 137874, "ncm": "0130940001", "pob2022": 11.0 }, "geometry": { "type": "Point", "coordinates": [ -60.48178122, -31.78104695 ] } },
{ "type": "Feature", "properties": { "ogc_fid": 137875, "ncm": "0131310001", "pob2022": 22.0 }, "geometry": { "type": "Point", "coordinates": [ -60.47311678, -31.76449273 ] } },
{ "type": "Feature", "properties": { "ogc_fid": 137876, "ncm": "0131310002", "pob2022": 392.0 }, "geometry": { "type": "Point", "coordinates": [ -60.47168155, -31.76472094 ] } },
{ "type": "Feature", "properties": { "ogc_fid": 137877, "ncm": "0132010023", "pob2022": 29.0 }, "geometry": { "type": "Point", "coordinates": [ -60.46419783, -31.78050168 ] } },
{ "type": "Feature", "properties": { "ogc_fid": 140139, "ncm": "0010000100", "pob2022": 309.0 }, "geometry": { "type": "Point", "coordinates": [ -60.52439149, -31.73269856 ] } },
{ "type": "Feature", "properties": { "ogc_fid": 140619, "ncm": "0080400004", "pob2022": 135.0 }, "geometry": { "type": "Point", "coordinates": [ -60.51246711, -31.734059 ] } },
{ "type": "Feature", "properties": { "ogc_fid": 140620, "ncm": "0080400003", "pob2022": 71.0 }, "geometry": { "type": "Point", "coordinates": [ -60.51348981, -31.7339158 ] } },
{ "type": "Feature", "properties": { "ogc_fid": 140143, "ncm": "0010000013", "pob2022": 88.0 }, "geometry": { "type": "Point", "coordinates": [ -60.51444272, -31.7209703 ] } },
{ "type": "Feature", "properties": { "ogc_fid": 140144, "ncm": "0010000012", "pob2022": 92.0 }, "geometry": { "type": "Point", "coordinates": [ -60.51628973, -31.72163601 ] } },
{ "type": "Feature", "properties": { "ogc_fid": 140145, "ncm": "0010000117", "pob2022": 158.0 }, "geometry": { "type": "Point", "coordinates": [ -60.51724767, -31.73597311 ] } },
{ "type": "Feature", "properties": { "ogc_fid": 140146, "ncm": "0010000116", "pob2022": 200.0 }, "geometry": { "type": "Point", "coordinates": [ -60.51850728, -31.73557185 ] } },
{ "type": "Feature", "properties": { "ogc_fid": 140147, "ncm": "0010000111", "pob2022": 0.0 }, "geometry": { "type": "Point", "coordinates": [ -60.52488961, -31.73363517 ] } },
{ "type": "Feature", "properties": { "ogc_fid": 140148, "ncm": "0010000110", "pob2022": 103.0 }, "geometry": { "type": "Point", "coordinates": [ -60.52633637, -31.73317676 ] } },
{ "type": "Feature", "properties": { "ogc_fid": 140621, "ncm": "0080400021", "pob2022": 135.0 }, "geometry": { "type": "Point", "coordinates": [ -60.5118387, -31.73784041 ] } },
{ "type": "Feature", "properties": { "ogc_fid": 140149, "ncm": "0010000109", "pob2022": 84.0 }, "geometry": { "type": "Point", "coordinates": [ -60.52791839, -31.73260523 ] } },
{ "type": "Feature", "properties": { "ogc_fid": 140150, "ncm": "0010000108", "pob2022": 56.0 }, "geometry": { "type": "Point", "coordinates": [ -60.5292992, -31.73207772 ] } },
{ "type": "Feature", "properties": { "ogc_fid": 140151, "ncm": "0010000107", "pob2022": 46.0 }, "geometry": { "type": "Point", "coordinates": [ -60.51679158, -31.73504927 ] } },
{ "type": "Feature", "properties": { "ogc_fid": 140152, "ncm": "0010000105", "pob2022": 130.0 }, "geometry": { "type": "Point", "coordinates": [ -60.51926135, -31.73428269 ] } },
{ "type": "Feature", "properties": { "ogc_fid": 140153, "ncm": "0010000104", "pob2022": 68.0 }, "geometry": { "type": "Point", "coordinates": [ -60.52001298, -31.73405728 ] } },
{ "type": "Feature", "properties": { "ogc_fid": 140154, "ncm": "0010000103", "pob2022": 193.0 }, "geometry": { "type": "Point", "coordinates": [ -60.52110198, -31.73372862 ] } },
{ "type": "Feature", "properties": { "ogc_fid": 140155, "ncm": "0010000102", "pob2022": 176.0 }, "geometry": { "type": "Point", "coordinates": [ -60.52222162, -31.73343305 ] } },
{ "type": "Feature", "properties": { "ogc_fid": 140622, "ncm": "0080400020", "pob2022": 145.0 }, "geometry": { "type": "Point", "coordinates": [ -60.51324093, -31.73762013 ] } },
{ "type": "Feature", "properties": { "ogc_fid": 138277, "ncm": "0090130001", "pob2022": 353.0 }, "geometry": { "type": "Point", "coordinates": [ -60.49685576, -31.75783902 ] } },
{ "type": "Feature", "properties": { "ogc_fid": 138278, "ncm": "0090130021", "pob2022": 0.0 }, "geometry": { "type": "Point", "coordinates": [ -60.49615246, -31.75820276 ] } },
{ "type": "Feature", "properties": { "ogc_fid": 138348, "ncm": "0090360012", "pob2022": 80.0 }, "geometry": { "type": "Point", "coordinates": [ -60.49752408, -31.76862364 ] } },
{ "type": "Feature", "properties": { "ogc_fid": 138349, "ncm": "0090360010", "pob2022": 73.0 }, "geometry": { "type": "Point", "coordinates": [ -60.49458386, -31.76836413 ] } },
{ "type": "Feature", "properties": { "ogc_fid": 138420, "ncm": "0090410014", "pob2022": 273.0 }, "geometry": { "type": "Point", "coordinates": [ -60.48769016, -31.74994899 ] } },
{ "type": "Feature", "properties": { "ogc_fid": 138279, "ncm": "0090420010", "pob2022": 9.0 }, "geometry": { "type": "Point", "coordinates": [ -60.48812469, -31.74365241 ] } },
{ "type": "Feature", "properties": { "ogc_fid": 140623, "ncm": "0080400002", "pob2022": 63.0 }, "geometry": { "type": "Point", "coordinates": [ -60.51417795, -31.73372847 ] } },
{ "type": "Feature", "properties": { "ogc_fid": 138350, "ncm": "0090360001", "pob2022": 288.0 }, "geometry": { "type": "Point", "coordinates": [ -60.49870514, -31.76737872 ] } },
{ "type": "Feature", "properties": { "ogc_fid": 140158, "ncm": "0010000071", "pob2022": 218.0 }, "geometry": { "type": "Point", "coordinates": [ -60.52756643, -31.72824361 ] } },
{ "type": "Feature", "properties": { "ogc_fid": 140159, "ncm": "0010000101", "pob2022": 128.0 }, "geometry": { "type": "Point", "coordinates": [ -60.52312057, -31.73307842 ] } },
{ "type": "Feature", "properties": { "ogc_fid": 140160, "ncm": "0010000094", "pob2022": 59.0 }, "geometry": { "type": "Point", "coordinates": [ -60.52009255, -31.73281391 ] } },
{ "type": "Feature", "properties": { "ogc_fid": 138351, "ncm": "0090150013", "pob2022": 60.0 }, "geometry": { "type": "Point", "coordinates": [ -60.49302972, -31.75127801 ] } },
{ "type": "Feature", "properties": { "ogc_fid": 138352, "ncm": "0090150009", "pob2022": 118.0 }, "geometry": { "type": "Point", "coordinates": [ -60.4928697, -31.75048385 ] } },
{ "type": "Feature", "properties": { "ogc_fid": 138353, "ncm": "0090910020", "pob2022": 18.0 }, "geometry": { "type": "Point", "coordinates": [ -60.49724273, -31.7790851 ] } },
{ "type": "Feature", "properties": { "ogc_fid": 138289, "ncm": "0090680001", "pob2022": 361.0 }, "geometry": { "type": "Point", "coordinates": [ -60.4824754, -31.75495016 ] } },
{ "type": "Feature", "properties": { "ogc_fid": 138290, "ncm": "0090390020", "pob2022": 42.0 }, "geometry": { "type": "Point", "coordinates": [ -60.48907074, -31.7614513 ] } },
{ "type": "Feature", "properties": { "ogc_fid": 138291, "ncm": "0090390009", "pob2022": 116.0 }, "geometry": { "type": "Point", "coordinates": [ -60.4913123, -31.76008268 ] } },
{ "type": "Feature", "properties": { "ogc_fid": 138292, "ncm": "0090390022", "pob2022": 34.0 }, "geometry": { "type": "Point", "coordinates": [ -60.48797415, -31.76161648 ] } },
{ "type": "Feature", "properties": { "ogc_fid": 138197, "ncm": "0090760002", "pob2022": 54.0 }, "geometry": { "type": "Point", "coordinates": [ -60.49858026, -31.74672161 ] } },
{ "type": "Feature", "properties": { "ogc_fid": 138198, "ncm": "0090760019", "pob2022": 116.0 }, "geometry": { "type": "Point", "coordinates": [ -60.49696844, -31.75066038 ] } },
{ "type": "Feature", "properties": { "ogc_fid": 139396, "ncm": "0060510006", "pob2022": 49.0 }, "geometry": { "type": "Point", "coordinates": [ -60.52229082, -31.75230276 ] } },
{ "type": "Feature", "properties": { "ogc_fid": 139397, "ncm": "0060510005", "pob2022": 144.0 }, "geometry": { "type": "Point", "coordinates": [ -60.52156732, -31.75222201 ] } },
{ "type": "Feature", "properties": { "ogc_fid": 138042, "ncm": "0090930007", "pob2022": 24.0 }, "geometry": { "type": "Point", "coordinates": [ -60.48630152, -31.77982606 ] } },
{ "type": "Feature", "properties": { "ogc_fid": 138043, "ncm": "0090930006", "pob2022": 20.0 }, "geometry": { "type": "Point", "coordinates": [ -60.48699704, -31.77971399 ] } },
{ "type": "Feature", "properties": { "ogc_fid": 139398, "ncm": "0060510003", "pob2022": 35.0 }, "geometry": { "type": "Point", "coordinates": [ -60.52347301, -31.75167486 ] } },
{ "type": "Feature", "properties": { "ogc_fid": 139399, "ncm": "0060510025", "pob2022": 1.0 }, "geometry": { "type": "Point", "coordinates": [ -60.52312402, -31.75582026 ] } },
{ "type": "Feature", "properties": { "ogc_fid": 139400, "ncm": "0060510018", "pob2022": 88.0 }, "geometry": { "type": "Point", "coordinates": [ -60.52238382, -31.75501606 ] } },
{ "type": "Feature", "properties": { "ogc_fid": 139401, "ncm": "0060510023", "pob2022": 29.0 }, "geometry": { "type": "Point", "coordinates": [ -60.52572937, -31.75373937 ] } },
{ "type": "Feature", "properties": { "ogc_fid": 139402, "ncm": "0060510011", "pob2022": 168.0 }, "geometry": { "type": "Point", "coordinates": [ -60.521922, -31.75406929 ] } },
{ "type": "Feature", "properties": { "ogc_fid": 139403, "ncm": "0060510010", "pob2022": 66.0 }, "geometry": { "type": "Point", "coordinates": [ -60.52232734, -31.75357122 ] } },
{ "type": "Feature", "properties": { "ogc_fid": 139404, "ncm": "0060510021", "pob2022": 27.0 }, "geometry": { "type": "Point", "coordinates": [ -60.52589401, -31.75319799 ] } },
{ "type": "Feature", "properties": { "ogc_fid": 139405, "ncm": "0060510002", "pob2022": 64.0 }, "geometry": { "type": "Point", "coordinates": [ -60.52382498, -31.75090297 ] } },
{ "type": "Feature", "properties": { "ogc_fid": 139406, "ncm": "0060510002", "pob2022": 64.0 }, "geometry": { "type": "Point", "coordinates": [ -60.52362349, -31.75120707 ] } },
{ "type": "Feature", "properties": { "ogc_fid": 139407, "ncm": "0060510019", "pob2022": 56.0 }, "geometry": { "type": "Point", "coordinates": [ -60.52154124, -31.75613763 ] } },
{ "type": "Feature", "properties": { "ogc_fid": 139408, "ncm": "0060510017", "pob2022": 41.0 }, "geometry": { "type": "Point", "coordinates": [ -60.52330118, -31.75361957 ] } },
{ "type": "Feature", "properties": { "ogc_fid": 139409, "ncm": "0060510016", "pob2022": 55.0 }, "geometry": { "type": "Point", "coordinates": [ -60.52398506, -31.75265811 ] } },
{ "type": "Feature", "properties": { "ogc_fid": 139410, "ncm": "0060510015", "pob2022": 62.0 }, "geometry": { "type": "Point", "coordinates": [ -60.52468538, -31.75167365 ] } },
{ "type": "Feature", "properties": { "ogc_fid": 139411, "ncm": "0060510014", "pob2022": 13.0 }, "geometry": { "type": "Point", "coordinates": [ -60.52527436, -31.75094103 ] } },
{ "type": "Feature", "properties": { "ogc_fid": 139412, "ncm": "0060510012", "pob2022": 208.0 }, "geometry": { "type": "Point", "coordinates": [ -60.52123694, -31.75478419 ] } },
{ "type": "Feature", "properties": { "ogc_fid": 139414, "ncm": "0060550007", "pob2022": 14.0 }, "geometry": { "type": "Point", "coordinates": [ -60.53730474, -31.76532763 ] } },
{ "type": "Feature", "properties": { "ogc_fid": 139419, "ncm": "0060360007", "pob2022": 117.0 }, "geometry": { "type": "Point", "coordinates": [ -60.52441208, -31.74866275 ] } },
{ "type": "Feature", "properties": { "ogc_fid": 139420, "ncm": "0060360002", "pob2022": 103.0 }, "geometry": { "type": "Point", "coordinates": [ -60.52273801, -31.74741669 ] } },
{ "type": "Feature", "properties": { "ogc_fid": 139421, "ncm": "0060340022", "pob2022": 49.0 }, "geometry": { "type": "Point", "coordinates": [ -60.53335438, -31.74389422 ] } },
{ "type": "Feature", "properties": { "ogc_fid": 139422, "ncm": "0060340018", "pob2022": 120.0 }, "geometry": { "type": "Point", "coordinates": [ -60.53542422, -31.74835438 ] } },
{ "type": "Feature", "properties": { "ogc_fid": 139423, "ncm": "0060340025", "pob2022": 46.0 }, "geometry": { "type": "Point", "coordinates": [ -60.53164959, -31.74718778 ] } },
{ "type": "Feature", "properties": { "ogc_fid": 139424, "ncm": "0060340010", "pob2022": 122.0 }, "geometry": { "type": "Point", "coordinates": [ -60.53300191, -31.74872753 ] } },
{ "type": "Feature", "properties": { "ogc_fid": 138199, "ncm": "0090760018", "pob2022": 123.0 }, "geometry": { "type": "Point", "coordinates": [ -60.49846411, -31.74954789 ] } },
{ "type": "Feature", "properties": { "ogc_fid": 139425, "ncm": "0060340024", "pob2022": 46.0 }, "geometry": { "type": "Point", "coordinates": [ -60.53179662, -31.74629956 ] } },
{ "type": "Feature", "properties": { "ogc_fid": 139426, "ncm": "0060340023", "pob2022": 37.0 }, "geometry": { "type": "Point", "coordinates": [ -60.53238914, -31.74533339 ] } },
{ "type": "Feature", "properties": { "ogc_fid": 139427, "ncm": "0060340017", "pob2022": 255.0 }, "geometry": { "type": "Point", "coordinates": [ -60.5360015, -31.74690711 ] } },
{ "type": "Feature", "properties": { "ogc_fid": 139428, "ncm": "0060360008", "pob2022": 59.0 }, "geometry": { "type": "Point", "coordinates": [ -60.52274949, -31.74870868 ] } },
{ "type": "Feature", "properties": { "ogc_fid": 139429, "ncm": "0060840005", "pob2022": 8.0 }, "geometry": { "type": "Point", "coordinates": [ -60.53708386, -31.76974513 ] } },
{ "type": "Feature", "properties": { "ogc_fid": 139430, "ncm": "0060840006", "pob2022": 13.0 }, "geometry": { "type": "Point", "coordinates": [ -60.53618339, -31.76988229 ] } },
{ "type": "Feature", "properties": { "ogc_fid": 139431, "ncm": "0060840012", "pob2022": 307.0 }, "geometry": { "type": "Point", "coordinates": [ -60.53637925, -31.77081482 ] } },
{ "type": "Feature", "properties": { "ogc_fid": 139415, "ncm": "0060550008", "pob2022": 16.0 }, "geometry": { "type": "Point", "coordinates": [ -60.53597411, -31.76640033 ] } },
{ "type": "Feature", "properties": { "ogc_fid": 139418, "ncm": "0060550011", "pob2022": 2.0 }, "geometry": { "type": "Point", "coordinates": [ -60.53741542, -31.76585434 ] } },
{ "type": "Feature", "properties": { "ogc_fid": 138044, "ncm": "0090690001", "pob2022": 84.0 }, "geometry": { "type": "Point", "coordinates": [ -60.4833439, -31.74880442 ] } },
{ "type": "Feature", "properties": { "ogc_fid": 139432, "ncm": "0060840002", "pob2022": 182.0 }, "geometry": { "type": "Point", "coordinates": [ -60.53965734, -31.76919904 ] } },
{ "type": "Feature", "properties": { "ogc_fid": 139433, "ncm": "0060840003", "pob2022": 413.0 }, "geometry": { "type": "Point", "coordinates": [ -60.53882224, -31.76945292 ] } },
{ "type": "Feature", "properties": { "ogc_fid": 139434, "ncm": "0060840004", "pob2022": 3.0 }, "geometry": { "type": "Point", "coordinates": [ -60.53796855, -31.76968777 ] } },
{ "type": "Feature", "properties": { "ogc_fid": 139435, "ncm": "0060840011", "pob2022": 1.0 }, "geometry": { "type": "Point", "coordinates": [ -60.53719722, -31.77062297 ] } },
{ "type": "Feature", "properties": { "ogc_fid": 139436, "ncm": "0060840017", "pob2022": 3.0 }, "geometry": { "type": "Point", "coordinates": [ -60.53668616, -31.77158199 ] } },
{ "type": "Feature", "properties": { "ogc_fid": 139437, "ncm": "0060860007", "pob2022": 49.0 }, "geometry": { "type": "Point", "coordinates": [ -60.52662714, -31.77227101 ] } },
{ "type": "Feature", "properties": { "ogc_fid": 139441, "ncm": "0060350017", "pob2022": 60.0 }, "geometry": { "type": "Point", "coordinates": [ -60.53104811, -31.74830646 ] } },
{ "type": "Feature", "properties": { "ogc_fid": 139442, "ncm": "0060350025", "pob2022": 98.0 }, "geometry": { "type": "Point", "coordinates": [ -60.53050804, -31.74846824 ] } },
{ "type": "Feature", "properties": { "ogc_fid": 139443, "ncm": "0060350027", "pob2022": 93.0 }, "geometry": { "type": "Point", "coordinates": [ -60.52945384, -31.74866496 ] } },
{ "type": "Feature", "properties": { "ogc_fid": 139444, "ncm": "0060350028", "pob2022": 87.0 }, "geometry": { "type": "Point", "coordinates": [ -60.53041367, -31.74887235 ] } },
{ "type": "Feature", "properties": { "ogc_fid": 139445, "ncm": "0060350029", "pob2022": 37.0 }, "geometry": { "type": "Point", "coordinates": [ -60.52961632, -31.74898297 ] } },
{ "type": "Feature", "properties": { "ogc_fid": 139446, "ncm": "0060350030", "pob2022": 0.0 }, "geometry": { "type": "Point", "coordinates": [ -60.53111956, -31.74912827 ] } },
{ "type": "Feature", "properties": { "ogc_fid": 139447, "ncm": "0060350029", "pob2022": 37.0 }, "geometry": { "type": "Point", "coordinates": [ -60.52923669, -31.74917572 ] } },
{ "type": "Feature", "properties": { "ogc_fid": 139448, "ncm": "0060350027", "pob2022": 93.0 }, "geometry": { "type": "Point", "coordinates": [ -60.52904804, -31.74896643 ] } },
{ "type": "Feature", "properties": { "ogc_fid": 140624, "ncm": "0080400019", "pob2022": 148.0 }, "geometry": { "type": "Point", "coordinates": [ -60.51486148, -31.7374698 ] } },
{ "type": "Feature", "properties": { "ogc_fid": 138293, "ncm": "0090390021", "pob2022": 48.0 }, "geometry": { "type": "Point", "coordinates": [ -60.48850417, -31.76153738 ] } },
{ "type": "Feature", "properties": { "ogc_fid": 138046, "ncm": "0090690006", "pob2022": 55.0 }, "geometry": { "type": "Point", "coordinates": [ -60.48256492, -31.74903799 ] } },
{ "type": "Feature", "properties": { "ogc_fid": 138047, "ncm": "0090650021", "pob2022": 54.0 }, "geometry": { "type": "Point", "coordinates": [ -60.48339899, -31.77201548 ] } },
{ "type": "Feature", "properties": { "ogc_fid": 138048, "ncm": "0090700001", "pob2022": 68.0 }, "geometry": { "type": "Point", "coordinates": [ -60.48299399, -31.74674541 ] } },
{ "type": "Feature", "properties": { "ogc_fid": 138049, "ncm": "0090690008", "pob2022": 462.0 }, "geometry": { "type": "Point", "coordinates": [ -60.48168234, -31.75181794 ] } },
{ "type": "Feature", "properties": { "ogc_fid": 138050, "ncm": "0090690007", "pob2022": 55.0 }, "geometry": { "type": "Point", "coordinates": [ -60.4832706, -31.74988817 ] } },
{ "type": "Feature", "properties": { "ogc_fid": 138051, "ncm": "0090690005", "pob2022": 59.0 }, "geometry": { "type": "Point", "coordinates": [ -60.48342834, -31.75062796 ] } },
{ "type": "Feature", "properties": { "ogc_fid": 138052, "ncm": "0090690004", "pob2022": 54.0 }, "geometry": { "type": "Point", "coordinates": [ -60.48386395, -31.75271185 ] } },
{ "type": "Feature", "properties": { "ogc_fid": 138053, "ncm": "0090690003", "pob2022": 36.0 }, "geometry": { "type": "Point", "coordinates": [ -60.48331694, -31.75176119 ] } },
{ "type": "Feature", "properties": { "ogc_fid": 138054, "ncm": "0090690002", "pob2022": 64.0 }, "geometry": { "type": "Point", "coordinates": [ -60.48399186, -31.75165873 ] } },
{ "type": "Feature", "properties": { "ogc_fid": 139453, "ncm": "0060840015", "pob2022": 7.0 }, "geometry": { "type": "Point", "coordinates": [ -60.53984272, -31.77163114 ] } },
{ "type": "Feature", "properties": { "ogc_fid": 139454, "ncm": "0060840013", "pob2022": 7.0 }, "geometry": { "type": "Point", "coordinates": [ -60.54140642, -31.77141817 ] } },
{ "type": "Feature", "properties": { "ogc_fid": 138045, "ncm": "0090920001", "pob2022": 652.0 }, "geometry": { "type": "Point", "coordinates": [ -60.49371269, -31.77921731 ] } },
{ "type": "Feature", "properties": { "ogc_fid": 138055, "ncm": "0090680002", "pob2022": 136.0 }, "geometry": { "type": "Point", "coordinates": [ -60.48459907, -31.75728123 ] } },
{ "type": "Feature", "properties": { "ogc_fid": 138056, "ncm": "0090650024", "pob2022": 46.0 }, "geometry": { "type": "Point", "coordinates": [ -60.48457434, -31.77279393 ] } },
{ "type": "Feature", "properties": { "ogc_fid": 138057, "ncm": "0090650023", "pob2022": 46.0 }, "geometry": { "type": "Point", "coordinates": [ -60.48349843, -31.77247733 ] } },
{ "type": "Feature", "properties": { "ogc_fid": 138058, "ncm": "0090650022", "pob2022": 39.0 }, "geometry": { "type": "Point", "coordinates": [ -60.48447703, -31.77233091 ] } },
{ "type": "Feature", "properties": { "ogc_fid": 138059, "ncm": "0090650020", "pob2022": 48.0 }, "geometry": { "type": "Point", "coordinates": [ -60.48438478, -31.7718654 ] } },
{ "type": "Feature", "properties": { "ogc_fid": 138060, "ncm": "0090670009", "pob2022": 38.0 }, "geometry": { "type": "Point", "coordinates": [ -60.48459985, -31.76121751 ] } },
{ "type": "Feature", "properties": { "ogc_fid": 138061, "ncm": "0090670008", "pob2022": 35.0 }, "geometry": { "type": "Point", "coordinates": [ -60.48570182, -31.76104932 ] } },
{ "type": "Feature", "properties": { "ogc_fid": 138062, "ncm": "0090670003", "pob2022": 8.0 }, "geometry": { "type": "Point", "coordinates": [ -60.48341014, -31.75988752 ] } },
{ "type": "Feature", "properties": { "ogc_fid": 138063, "ncm": "0090670002", "pob2022": 94.0 }, "geometry": { "type": "Point", "coordinates": [ -60.48377299, -31.75882257 ] } },
{ "type": "Feature", "properties": { "ogc_fid": 138064, "ncm": "0090670010", "pob2022": 48.0 }, "geometry": { "type": "Point", "coordinates": [ -60.48351204, -31.76138428 ] } },
{ "type": "Feature", "properties": { "ogc_fid": 138065, "ncm": "0090670001", "pob2022": 103.0 }, "geometry": { "type": "Point", "coordinates": [ -60.48533378, -31.75929155 ] } },
{ "type": "Feature", "properties": { "ogc_fid": 138066, "ncm": "0090660009", "pob2022": 48.0 }, "geometry": { "type": "Point", "coordinates": [ -60.48485895, -31.76491276 ] } },
{ "type": "Feature", "properties": { "ogc_fid": 138067, "ncm": "0090660008", "pob2022": 44.0 }, "geometry": { "type": "Point", "coordinates": [ -60.48574483, -31.76477551 ] } },
{ "type": "Feature", "properties": { "ogc_fid": 138068, "ncm": "0090660007", "pob2022": 59.0 }, "geometry": { "type": "Point", "coordinates": [ -60.48663231, -31.76464017 ] } },
{ "type": "Feature", "properties": { "ogc_fid": 138069, "ncm": "0090660003", "pob2022": 65.0 }, "geometry": { "type": "Point", "coordinates": [ -60.48461505, -31.76375647 ] } },
{ "type": "Feature", "properties": { "ogc_fid": 138070, "ncm": "0090660002", "pob2022": 61.0 }, "geometry": { "type": "Point", "coordinates": [ -60.48550247, -31.76362118 ] } },
{ "type": "Feature", "properties": { "ogc_fid": 138071, "ncm": "0090660015", "pob2022": 81.0 }, "geometry": { "type": "Point", "coordinates": [ -60.48508667, -31.76602689 ] } },
{ "type": "Feature", "properties": { "ogc_fid": 138072, "ncm": "0090660014", "pob2022": 73.0 }, "geometry": { "type": "Point", "coordinates": [ -60.48598108, -31.76589579 ] } },
{ "type": "Feature", "properties": { "ogc_fid": 138073, "ncm": "0090660013", "pob2022": 100.0 }, "geometry": { "type": "Point", "coordinates": [ -60.48686953, -31.76575463 ] } },
{ "type": "Feature", "properties": { "ogc_fid": 138294, "ncm": "0090430017", "pob2022": 50.0 }, "geometry": { "type": "Point", "coordinates": [ -60.48501196, -31.7406588 ] } },
{ "type": "Feature", "properties": { "ogc_fid": 138074, "ncm": "0090660001", "pob2022": 159.0 }, "geometry": { "type": "Point", "coordinates": [ -60.48638943, -31.76348875 ] } },
{ "type": "Feature", "properties": { "ogc_fid": 138075, "ncm": "0090650025", "pob2022": 56.0 }, "geometry": { "type": "Point", "coordinates": [ -60.48358968, -31.77293983 ] } },
{ "type": "Feature", "properties": { "ogc_fid": 138077, "ncm": "0090650019", "pob2022": 0.0 }, "geometry": { "type": "Point", "coordinates": [ -60.48328314, -31.7714571 ] } },
{ "type": "Feature", "properties": { "ogc_fid": 138078, "ncm": "0090650018", "pob2022": 52.0 }, "geometry": { "type": "Point", "coordinates": [ -60.48426795, -31.77133106 ] } },
{ "type": "Feature", "properties": { "ogc_fid": 138079, "ncm": "0090650017", "pob2022": 62.0 }, "geometry": { "type": "Point", "coordinates": [ -60.48315099, -31.77084308 ] } },
{ "type": "Feature", "properties": { "ogc_fid": 138080, "ncm": "0090650016", "pob2022": 51.0 }, "geometry": { "type": "Point", "coordinates": [ -60.48414449, -31.77078431 ] } },
{ "type": "Feature", "properties": { "ogc_fid": 138081, "ncm": "0090650015", "pob2022": 61.0 }, "geometry": { "type": "Point", "coordinates": [ -60.48301962, -31.77021514 ] } },
{ "type": "Feature", "properties": { "ogc_fid": 138082, "ncm": "0090650014", "pob2022": 47.0 }, "geometry": { "type": "Point", "coordinates": [ -60.48403694, -31.7702438 ] } },
{ "type": "Feature", "properties": { "ogc_fid": 140625, "ncm": "0080400018", "pob2022": 124.0 }, "geometry": { "type": "Point", "coordinates": [ -60.516253, -31.73727021 ] } },
{ "type": "Feature", "properties": { "ogc_fid": 138083, "ncm": "0090650001", "pob2022": 53.0 }, "geometry": { "type": "Point", "coordinates": [ -60.48548375, -31.76886901 ] } },
{ "type": "Feature", "properties": { "ogc_fid": 138084, "ncm": "0090630001", "pob2022": 419.0 }, "geometry": { "type": "Point", "coordinates": [ -60.49239289, -31.77311192 ] } },
{ "type": "Feature", "properties": { "ogc_fid": 138085, "ncm": "0090640002", "pob2022": 253.0 }, "geometry": { "type": "Point", "coordinates": [ -60.48684611, -31.77718557 ] } },
{ "type": "Feature", "properties": { "ogc_fid": 138086, "ncm": "0090630005", "pob2022": 66.0 }, "geometry": { "type": "Point", "coordinates": [ -60.48953931, -31.77309633 ] } },
{ "type": "Feature", "properties": { "ogc_fid": 138087, "ncm": "0090630020", "pob2022": 107.0 }, "geometry": { "type": "Point", "coordinates": [ -60.49027899, -31.77661227 ] } },
{ "type": "Feature", "properties": { "ogc_fid": 138089, "ncm": "0090630015", "pob2022": 42.0 }, "geometry": { "type": "Point", "coordinates": [ -60.4900542, -31.77554099 ] } },
{ "type": "Feature", "properties": { "ogc_fid": 138090, "ncm": "0090630010", "pob2022": 13.0 }, "geometry": { "type": "Point", "coordinates": [ -60.48978322, -31.77423823 ] } },
{ "type": "Feature", "properties": { "ogc_fid": 138091, "ncm": "0090630001", "pob2022": 357.0 }, "geometry": { "type": "Point", "coordinates": [ -60.49272208, -31.77562833 ] } },
{ "type": "Feature", "properties": { "ogc_fid": 138092, "ncm": "0090390024", "pob2022": 23.0 }, "geometry": { "type": "Point", "coordinates": [ -60.48707875, -31.76137429 ] } },
{ "type": "Feature", "properties": { "ogc_fid": 138093, "ncm": "0090400009", "pob2022": 1.0 }, "geometry": { "type": "Point", "coordinates": [ -60.4895117, -31.75470545 ] } },
{ "type": "Feature", "properties": { "ogc_fid": 138094, "ncm": "0090400008", "pob2022": 1.0 }, "geometry": { "type": "Point", "coordinates": [ -60.48952346, -31.75417338 ] } },
{ "type": "Feature", "properties": { "ogc_fid": 138295, "ncm": "0090430016", "pob2022": 49.0 }, "geometry": { "type": "Point", "coordinates": [ -60.48774721, -31.7418889 ] } },
{ "type": "Feature", "properties": { "ogc_fid": 138088, "ncm": "0090630016", "pob2022": 93.0 }, "geometry": { "type": "Point", "coordinates": [ -60.49468918, -31.77595156 ] } },
{ "type": "Feature", "properties": { "ogc_fid": 138095, "ncm": "0090400007", "pob2022": 740.0 }, "geometry": { "type": "Point", "coordinates": [ -60.48601301, -31.75518164 ] } },
{ "type": "Feature", "properties": { "ogc_fid": 138096, "ncm": "0090400006", "pob2022": 337.0 }, "geometry": { "type": "Point", "coordinates": [ -60.4872432, -31.7542855 ] } },
{ "type": "Feature", "properties": { "ogc_fid": 138098, "ncm": "0090400004", "pob2022": 3.0 }, "geometry": { "type": "Point", "coordinates": [ -60.48957794, -31.75360902 ] } },
{ "type": "Feature", "properties": { "ogc_fid": 138099, "ncm": "0090400003", "pob2022": 585.0 }, "geometry": { "type": "Point", "coordinates": [ -60.48621544, -31.75330964 ] } },
{ "type": "Feature", "properties": { "ogc_fid": 138100, "ncm": "0090400020", "pob2022": 23.0 }, "geometry": { "type": "Point", "coordinates": [ -60.48642249, -31.7570155 ] } },
{ "type": "Feature", "properties": { "ogc_fid": 138102, "ncm": "0090400010", "pob2022": 44.0 }, "geometry": { "type": "Point", "coordinates": [ -60.48851672, -31.75437206 ] } },
{ "type": "Feature", "properties": { "ogc_fid": 138104, "ncm": "0090390008", "pob2022": 66.0 }, "geometry": { "type": "Point", "coordinates": [ -60.48692727, -31.7596368 ] } },
{ "type": "Feature", "properties": { "ogc_fid": 138105, "ncm": "0090390006", "pob2022": 166.0 }, "geometry": { "type": "Point", "coordinates": [ -60.48964266, -31.75909531 ] } },
{ "type": "Feature", "properties": { "ogc_fid": 138106, "ncm": "0090390005", "pob2022": 149.0 }, "geometry": { "type": "Point", "coordinates": [ -60.49105316, -31.75887941 ] } },
{ "type": "Feature", "properties": { "ogc_fid": 138107, "ncm": "0090390004", "pob2022": 116.0 }, "geometry": { "type": "Point", "coordinates": [ -60.48667237, -31.75844932 ] } },
{ "type": "Feature", "properties": { "ogc_fid": 138108, "ncm": "0090390003", "pob2022": 114.0 }, "geometry": { "type": "Point", "coordinates": [ -60.48815764, -31.75869846 ] } },
{ "type": "Feature", "properties": { "ogc_fid": 138109, "ncm": "0090390025", "pob2022": 0.0 }, "geometry": { "type": "Point", "coordinates": [ -60.48719546, -31.76172125 ] } },
{ "type": "Feature", "properties": { "ogc_fid": 138110, "ncm": "0090390023", "pob2022": 36.0 }, "geometry": { "type": "Point", "coordinates": [ -60.48700928, -31.76104713 ] } },
{ "type": "Feature", "properties": { "ogc_fid": 138111, "ncm": "0090390002", "pob2022": 184.0 }, "geometry": { "type": "Point", "coordinates": [ -60.48938402, -31.7578973 ] } },
{ "type": "Feature", "properties": { "ogc_fid": 138112, "ncm": "0090390019", "pob2022": 34.0 }, "geometry": { "type": "Point", "coordinates": [ -60.48693998, -31.76071994 ] } },
{ "type": "Feature", "properties": { "ogc_fid": 138113, "ncm": "0090390018", "pob2022": 55.0 }, "geometry": { "type": "Point", "coordinates": [ -60.48686553, -31.76038062 ] } },
{ "type": "Feature", "properties": { "ogc_fid": 138114, "ncm": "0090390017", "pob2022": 24.0 }, "geometry": { "type": "Point", "coordinates": [ -60.48772646, -31.76044841 ] } },
{ "type": "Feature", "properties": { "ogc_fid": 138115, "ncm": "0090390016", "pob2022": 38.0 }, "geometry": { "type": "Point", "coordinates": [ -60.48825567, -31.76036423 ] } },
{ "type": "Feature", "properties": { "ogc_fid": 138200, "ncm": "0090760016", "pob2022": 105.0 }, "geometry": { "type": "Point", "coordinates": [ -60.4968362, -31.74998761 ] } },
{ "type": "Feature", "properties": { "ogc_fid": 138201, "ncm": "0090760014", "pob2022": 52.0 }, "geometry": { "type": "Point", "coordinates": [ -60.50050754, -31.74935348 ] } },
{ "type": "Feature", "properties": { "ogc_fid": 138097, "ncm": "0090400005", "pob2022": 1.0 }, "geometry": { "type": "Point", "coordinates": [ -60.48836563, -31.75365908 ] } },
{ "type": "Feature", "properties": { "ogc_fid": 138101, "ncm": "0090400011", "pob2022": 28.0 }, "geometry": { "type": "Point", "coordinates": [ -60.48750896, -31.75549952 ] } },
{ "type": "Feature", "properties": { "ogc_fid": 138117, "ncm": "0090390013", "pob2022": 106.0 }, "geometry": { "type": "Point", "coordinates": [ -60.49157084, -31.76131016 ] } },
{ "type": "Feature", "properties": { "ogc_fid": 138118, "ncm": "0090390001", "pob2022": 97.0 }, "geometry": { "type": "Point", "coordinates": [ -60.49079577, -31.75767643 ] } },
{ "type": "Feature", "properties": { "ogc_fid": 138119, "ncm": "0090380009", "pob2022": 49.0 }, "geometry": { "type": "Point", "coordinates": [ -60.49244509, -31.76376273 ] } },
{ "type": "Feature", "properties": { "ogc_fid": 138120, "ncm": "0090380005", "pob2022": 99.0 }, "geometry": { "type": "Point", "coordinates": [ -60.48841892, -31.76362904 ] } },
{ "type": "Feature", "properties": { "ogc_fid": 138121, "ncm": "0090380003", "pob2022": 115.0 }, "geometry": { "type": "Point", "coordinates": [ -60.49044013, -31.76285189 ] } },
{ "type": "Feature", "properties": { "ogc_fid": 138122, "ncm": "0090380020", "pob2022": 52.0 }, "geometry": { "type": "Point", "coordinates": [ -60.49121009, -31.76660125 ] } },
{ "type": "Feature", "properties": { "ogc_fid": 138123, "ncm": "0090380002", "pob2022": 59.0 }, "geometry": { "type": "Point", "coordinates": [ -60.49149039, -31.7626841 ] } },
{ "type": "Feature", "properties": { "ogc_fid": 138127, "ncm": "0090380010", "pob2022": 49.0 }, "geometry": { "type": "Point", "coordinates": [ -60.49174151, -31.76386398 ] } },
{ "type": "Feature", "properties": { "ogc_fid": 138128, "ncm": "0090380001", "pob2022": 61.0 }, "geometry": { "type": "Point", "coordinates": [ -60.49219084, -31.76257415 ] } },
{ "type": "Feature", "properties": { "ogc_fid": 138129, "ncm": "0090350009", "pob2022": 49.0 }, "geometry": { "type": "Point", "coordinates": [ -60.50367302, -31.76921963 ] } },
{ "type": "Feature", "properties": { "ogc_fid": 138130, "ncm": "0090770012", "pob2022": 21.0 }, "geometry": { "type": "Point", "coordinates": [ -60.49843773, -31.74369197 ] } },
{ "type": "Feature", "properties": { "ogc_fid": 138131, "ncm": "0090350008", "pob2022": 40.0 }, "geometry": { "type": "Point", "coordinates": [ -60.50354275, -31.76864398 ] } },
{ "type": "Feature", "properties": { "ogc_fid": 138132, "ncm": "0090350007", "pob2022": 53.0 }, "geometry": { "type": "Point", "coordinates": [ -60.50341695, -31.76806787 ] } },
{ "type": "Feature", "properties": { "ogc_fid": 138133, "ncm": "0090350006", "pob2022": 225.0 }, "geometry": { "type": "Point", "coordinates": [ -60.501673, -31.76789391 ] } },
{ "type": "Feature", "properties": { "ogc_fid": 138134, "ncm": "0090350005", "pob2022": 104.0 }, "geometry": { "type": "Point", "coordinates": [ -60.49988431, -31.76616327 ] } },
{ "type": "Feature", "properties": { "ogc_fid": 138135, "ncm": "0090350004", "pob2022": 91.0 }, "geometry": { "type": "Point", "coordinates": [ -60.50043531, -31.76576565 ] } },
{ "type": "Feature", "properties": { "ogc_fid": 138136, "ncm": "0090350003", "pob2022": 46.0 }, "geometry": { "type": "Point", "coordinates": [ -60.50300364, -31.76562427 ] } },
{ "type": "Feature", "properties": { "ogc_fid": 138137, "ncm": "0090350002", "pob2022": 28.0 }, "geometry": { "type": "Point", "coordinates": [ -60.50287138, -31.7649968 ] } },
{ "type": "Feature", "properties": { "ogc_fid": 138138, "ncm": "0090350014", "pob2022": 114.0 }, "geometry": { "type": "Point", "coordinates": [ -60.50129628, -31.76561565 ] } },
{ "type": "Feature", "properties": { "ogc_fid": 138139, "ncm": "0090350013", "pob2022": 343.0 }, "geometry": { "type": "Point", "coordinates": [ -60.50199929, -31.76548438 ] } },
{ "type": "Feature", "properties": { "ogc_fid": 138140, "ncm": "0090350011", "pob2022": 48.0 }, "geometry": { "type": "Point", "coordinates": [ -60.50543367, -31.76861734 ] } },
{ "type": "Feature", "properties": { "ogc_fid": 138141, "ncm": "0090350010", "pob2022": 54.0 }, "geometry": { "type": "Point", "coordinates": [ -60.50466209, -31.76875546 ] } },
{ "type": "Feature", "properties": { "ogc_fid": 138202, "ncm": "0090760013", "pob2022": 137.0 }, "geometry": { "type": "Point", "coordinates": [ -60.50123225, -31.74906506 ] } },
{ "type": "Feature", "properties": { "ogc_fid": 140626, "ncm": "0080400016", "pob2022": 117.0 }, "geometry": { "type": "Point", "coordinates": [ -60.51296922, -31.73649949 ] } },
{ "type": "Feature", "properties": { "ogc_fid": 139465, "ncm": "0060850009", "pob2022": 9.0 }, "geometry": { "type": "Point", "coordinates": [ -60.53566909, -31.77207189 ] } },
{ "type": "Feature", "properties": { "ogc_fid": 139467, "ncm": "0060850015", "pob2022": 13.0 }, "geometry": { "type": "Point", "coordinates": [ -60.53583169, -31.77280347 ] } },
{ "type": "Feature", "properties": { "ogc_fid": 139468, "ncm": "0060850020", "pob2022": 3.0 }, "geometry": { "type": "Point", "coordinates": [ -60.53604426, -31.77375587 ] } },
{ "type": "Feature", "properties": { "ogc_fid": 139469, "ncm": "0060850021", "pob2022": 11.0 }, "geometry": { "type": "Point", "coordinates": [ -60.53532541, -31.77387295 ] } },
{ "type": "Feature", "properties": { "ogc_fid": 140168, "ncm": "0010000021", "pob2022": 380.0 }, "geometry": { "type": "Point", "coordinates": [ -60.51685722, -31.72244596 ] } },
{ "type": "Feature", "properties": { "ogc_fid": 140169, "ncm": "0010000021", "pob2022": 380.0 }, "geometry": { "type": "Point", "coordinates": [ -60.51674887, -31.72301785 ] } },
{ "type": "Feature", "properties": { "ogc_fid": 140170, "ncm": "0010000045", "pob2022": 333.0 }, "geometry": { "type": "Point", "coordinates": [ -60.52595975, -31.7246796 ] } },
{ "type": "Feature", "properties": { "ogc_fid": 140171, "ncm": "0010000082", "pob2022": 226.0 }, "geometry": { "type": "Point", "coordinates": [ -60.52493408, -31.73012811 ] } },
{ "type": "Feature", "properties": { "ogc_fid": 140172, "ncm": "0010000066", "pob2022": 142.0 }, "geometry": { "type": "Point", "coordinates": [ -60.52365326, -31.72797 ] } },
{ "type": "Feature", "properties": { "ogc_fid": 140173, "ncm": "0010000106", "pob2022": 177.0 }, "geometry": { "type": "Point", "coordinates": [ -60.51794984, -31.73466458 ] } },
{ "type": "Feature", "properties": { "ogc_fid": 140174, "ncm": "0010000086", "pob2022": 186.0 }, "geometry": { "type": "Point", "coordinates": [ -60.51824241, -31.732199 ] } },
{ "type": "Feature", "properties": { "ogc_fid": 140175, "ncm": "0010000077", "pob2022": 507.0 }, "geometry": { "type": "Point", "coordinates": [ -60.51909759, -31.73048817 ] } },
{ "type": "Feature", "properties": { "ogc_fid": 140176, "ncm": "0010000050", "pob2022": 106.0 }, "geometry": { "type": "Point", "coordinates": [ -60.51860223, -31.72682915 ] } },
{ "type": "Feature", "properties": { "ogc_fid": 140177, "ncm": "0010000043", "pob2022": 14.0 }, "geometry": { "type": "Point", "coordinates": [ -60.51846564, -31.72563219 ] } },
{ "type": "Feature", "properties": { "ogc_fid": 140178, "ncm": "0010000042", "pob2022": 97.0 }, "geometry": { "type": "Point", "coordinates": [ -60.52010189, -31.72515125 ] } },
{ "type": "Feature", "properties": { "ogc_fid": 140179, "ncm": "0010000049", "pob2022": 71.0 }, "geometry": { "type": "Point", "coordinates": [ -60.52096649, -31.7261151 ] } },
{ "type": "Feature", "properties": { "ogc_fid": 140180, "ncm": "0010000049", "pob2022": 71.0 }, "geometry": { "type": "Point", "coordinates": [ -60.51969391, -31.72644855 ] } },
{ "type": "Feature", "properties": { "ogc_fid": 140181, "ncm": "0010000033", "pob2022": 0.0 }, "geometry": { "type": "Point", "coordinates": [ -60.52000215, -31.72428089 ] } },
{ "type": "Feature", "properties": { "ogc_fid": 138296, "ncm": "0090430030", "pob2022": 91.0 }, "geometry": { "type": "Point", "coordinates": [ -60.48354441, -31.74251196 ] } },
{ "type": "Feature", "properties": { "ogc_fid": 140192, "ncm": "0150700002", "pob2022": 103.0 }, "geometry": { "type": "Point", "coordinates": [ -60.49924831, -31.72422177 ] } },
{ "type": "Feature", "properties": { "ogc_fid": 140193, "ncm": "0150700001", "pob2022": 0.0 }, "geometry": { "type": "Point", "coordinates": [ -60.49870409, -31.72179558 ] } },
{ "type": "Feature", "properties": { "ogc_fid": 140205, "ncm": "0150450001", "pob2022": 5.0 }, "geometry": { "type": "Point", "coordinates": [ -60.48435842, -31.72861606 ] } },
{ "type": "Feature", "properties": { "ogc_fid": 140208, "ncm": "0150200031", "pob2022": 9.0 }, "geometry": { "type": "Point", "coordinates": [ -60.48799184, -31.72687143 ] } },
{ "type": "Feature", "properties": { "ogc_fid": 138297, "ncm": "0090430029", "pob2022": 90.0 }, "geometry": { "type": "Point", "coordinates": [ -60.48540882, -31.74247238 ] } },
{ "type": "Feature", "properties": { "ogc_fid": 140228, "ncm": "0150200006", "pob2022": 9.0 }, "geometry": { "type": "Point", "coordinates": [ -60.48476768, -31.72328384 ] } },
{ "type": "Feature", "properties": { "ogc_fid": 140229, "ncm": "0150200005", "pob2022": 10.0 }, "geometry": { "type": "Point", "coordinates": [ -60.48545934, -31.72317421 ] } },
{ "type": "Feature", "properties": { "ogc_fid": 140230, "ncm": "0150200004", "pob2022": 10.0 }, "geometry": { "type": "Point", "coordinates": [ -60.48606589, -31.72307978 ] } },
{ "type": "Feature", "properties": { "ogc_fid": 140233, "ncm": "0150200010", "pob2022": 0.0 }, "geometry": { "type": "Point", "coordinates": [ -60.48518514, -31.72387234 ] } },
{ "type": "Feature", "properties": { "ogc_fid": 138142, "ncm": "0090350001", "pob2022": 154.0 }, "geometry": { "type": "Point", "coordinates": [ -60.50449451, -31.76630437 ] } },
{ "type": "Feature", "properties": { "ogc_fid": 138203, "ncm": "0090760011", "pob2022": 155.0 }, "geometry": { "type": "Point", "coordinates": [ -60.4966546, -31.74913646 ] } },
{ "type": "Feature", "properties": { "ogc_fid": 140235, "ncm": "0150200032", "pob2022": 10.0 }, "geometry": { "type": "Point", "coordinates": [ -60.48736952, -31.72696941 ] } },
{ "type": "Feature", "properties": { "ogc_fid": 140236, "ncm": "0150200030", "pob2022": 10.0 }, "geometry": { "type": "Point", "coordinates": [ -60.48861985, -31.72677424 ] } },
{ "type": "Feature", "properties": { "ogc_fid": 140237, "ncm": "0150200029", "pob2022": 12.0 }, "geometry": { "type": "Point", "coordinates": [ -60.48924256, -31.7266751 ] } },
{ "type": "Feature", "properties": { "ogc_fid": 140238, "ncm": "0150200028", "pob2022": 0.0 }, "geometry": { "type": "Point", "coordinates": [ -60.48982463, -31.72658952 ] } },
{ "type": "Feature", "properties": { "ogc_fid": 140239, "ncm": "0150200025", "pob2022": 9.0 }, "geometry": { "type": "Point", "coordinates": [ -60.4869738, -31.72632358 ] } },
{ "type": "Feature", "properties": { "ogc_fid": 140231, "ncm": "0150200011", "pob2022": 5.0 }, "geometry": { "type": "Point", "coordinates": [ -60.48568721, -31.72406999 ] } },
{ "type": "Feature", "properties": { "ogc_fid": 140241, "ncm": "0150200023", "pob2022": 8.0 }, "geometry": { "type": "Point", "coordinates": [ -60.48818965, -31.72608365 ] } },
{ "type": "Feature", "properties": { "ogc_fid": 140248, "ncm": "0151040001", "pob2022": 0.0 }, "geometry": { "type": "Point", "coordinates": [ -60.4715431, -31.73250946 ] } },
{ "type": "Feature", "properties": { "ogc_fid": 138204, "ncm": "0090760010", "pob2022": 75.0 }, "geometry": { "type": "Point", "coordinates": [ -60.49589041, -31.74720168 ] } },
{ "type": "Feature", "properties": { "ogc_fid": 138205, "ncm": "0090760001", "pob2022": 219.0 }, "geometry": { "type": "Point", "coordinates": [ -60.49993088, -31.74604883 ] } },
{ "type": "Feature", "properties": { "ogc_fid": 138206, "ncm": "0090680004", "pob2022": 152.0 }, "geometry": { "type": "Point", "coordinates": [ -60.48215763, -31.75763934 ] } },
{ "type": "Feature", "properties": { "ogc_fid": 138298, "ncm": "0090430025", "pob2022": 87.0 }, "geometry": { "type": "Point", "coordinates": [ -60.4853101, -31.74202088 ] } },
{ "type": "Feature", "properties": { "ogc_fid": 138421, "ncm": "0090410013", "pob2022": 392.0 }, "geometry": { "type": "Point", "coordinates": [ -60.48908049, -31.74973493 ] } },
{ "type": "Feature", "properties": { "ogc_fid": 140242, "ncm": "0150200020", "pob2022": 23.0 }, "geometry": { "type": "Point", "coordinates": [ -60.49032716, -31.72614748 ] } },
{ "type": "Feature", "properties": { "ogc_fid": 140246, "ncm": "0151060001", "pob2022": 1.0 }, "geometry": { "type": "Point", "coordinates": [ -60.46950791, -31.7226061 ] } },
{ "type": "Feature", "properties": { "ogc_fid": 138207, "ncm": "0090140009", "pob2022": 113.0 }, "geometry": { "type": "Point", "coordinates": [ -60.49392691, -31.75323312 ] } },
{ "type": "Feature", "properties": { "ogc_fid": 138208, "ncm": "0090140008", "pob2022": 101.0 }, "geometry": { "type": "Point", "coordinates": [ -60.49559358, -31.75297655 ] } },
{ "type": "Feature", "properties": { "ogc_fid": 140256, "ncm": "0150810022", "pob2022": 33.0 }, "geometry": { "type": "Point", "coordinates": [ -60.49307613, -31.72580884 ] } },
{ "type": "Feature", "properties": { "ogc_fid": 140259, "ncm": "0150810023", "pob2022": 26.0 }, "geometry": { "type": "Point", "coordinates": [ -60.49214226, -31.72595626 ] } },
{ "type": "Feature", "properties": { "ogc_fid": 140260, "ncm": "0150810024", "pob2022": 30.0 }, "geometry": { "type": "Point", "coordinates": [ -60.49127571, -31.72609277 ] } },
{ "type": "Feature", "properties": { "ogc_fid": 140261, "ncm": "0150810018", "pob2022": 33.0 }, "geometry": { "type": "Point", "coordinates": [ -60.49103752, -31.72486913 ] } },
{ "type": "Feature", "properties": { "ogc_fid": 140262, "ncm": "0150810017", "pob2022": 10.0 }, "geometry": { "type": "Point", "coordinates": [ -60.4918915, -31.72474451 ] } },
{ "type": "Feature", "properties": { "ogc_fid": 140263, "ncm": "0150810016", "pob2022": 39.0 }, "geometry": { "type": "Point", "coordinates": [ -60.49282327, -31.72459922 ] } },
{ "type": "Feature", "properties": { "ogc_fid": 140266, "ncm": "0150200022", "pob2022": 11.0 }, "geometry": { "type": "Point", "coordinates": [ -60.48881041, -31.72603587 ] } },
{ "type": "Feature", "properties": { "ogc_fid": 140267, "ncm": "0150200021", "pob2022": 10.0 }, "geometry": { "type": "Point", "coordinates": [ -60.48952483, -31.72591461 ] } },
{ "type": "Feature", "properties": { "ogc_fid": 140271, "ncm": "0150800001", "pob2022": 43.0 }, "geometry": { "type": "Point", "coordinates": [ -60.49506338, -31.72707658 ] } },
{ "type": "Feature", "properties": { "ogc_fid": 140276, "ncm": "0150800005", "pob2022": 1.0 }, "geometry": { "type": "Point", "coordinates": [ -60.49346341, -31.72846899 ] } },
{ "type": "Feature", "properties": { "ogc_fid": 140284, "ncm": "0150800003", "pob2022": 169.0 }, "geometry": { "type": "Point", "coordinates": [ -60.49313054, -31.72775233 ] } },
{ "type": "Feature", "properties": { "ogc_fid": 140289, "ncm": "0150820025", "pob2022": 27.0 }, "geometry": { "type": "Point", "coordinates": [ -60.49176301, -31.72105135 ] } },
{ "type": "Feature", "properties": { "ogc_fid": 140285, "ncm": "0150800002", "pob2022": 112.0 }, "geometry": { "type": "Point", "coordinates": [ -60.49175413, -31.7271385 ] } },
{ "type": "Feature", "properties": { "ogc_fid": 140294, "ncm": "0150190001", "pob2022": 17.0 }, "geometry": { "type": "Point", "coordinates": [ -60.49054254, -31.72764772 ] } },
{ "type": "Feature", "properties": { "ogc_fid": 140295, "ncm": "0150190006", "pob2022": 7.0 }, "geometry": { "type": "Point", "coordinates": [ -60.49085204, -31.72905993 ] } },
{ "type": "Feature", "properties": { "ogc_fid": 140297, "ncm": "0150460013", "pob2022": 12.0 }, "geometry": { "type": "Point", "coordinates": [ -60.48302371, -31.72726517 ] } },
{ "type": "Feature", "properties": { "ogc_fid": 140302, "ncm": "0150810001", "pob2022": 31.0 }, "geometry": { "type": "Point", "coordinates": [ -60.49443609, -31.72250059 ] } },
{ "type": "Feature", "properties": { "ogc_fid": 140303, "ncm": "0150810001", "pob2022": 31.0 }, "geometry": { "type": "Point", "coordinates": [ -60.49157936, -31.72296241 ] } },
{ "type": "Feature", "properties": { "ogc_fid": 140304, "ncm": "0150800006", "pob2022": 220.0 }, "geometry": { "type": "Point", "coordinates": [ -60.49208501, -31.72889048 ] } },
{ "type": "Feature", "properties": { "ogc_fid": 140307, "ncm": "0150190002", "pob2022": 13.0 }, "geometry": { "type": "Point", "coordinates": [ -60.48787078, -31.72944567 ] } },
{ "type": "Feature", "properties": { "ogc_fid": 140296, "ncm": "0150460012", "pob2022": 14.0 }, "geometry": { "type": "Point", "coordinates": [ -60.48380982, -31.72713438 ] } },
{ "type": "Feature", "properties": { "ogc_fid": 140312, "ncm": "0150460011", "pob2022": 21.0 }, "geometry": { "type": "Point", "coordinates": [ -60.48459647, -31.72700752 ] } },
{ "type": "Feature", "properties": { "ogc_fid": 140318, "ncm": "0150450002", "pob2022": 16.0 }, "geometry": { "type": "Point", "coordinates": [ -60.48259332, -31.73105708 ] } },
{ "type": "Feature", "properties": { "ogc_fid": 140321, "ncm": "0150190007", "pob2022": 0.0 }, "geometry": { "type": "Point", "coordinates": [ -60.49011724, -31.72866291 ] } },
{ "type": "Feature", "properties": { "ogc_fid": 140322, "ncm": "0150190010", "pob2022": 0.0 }, "geometry": { "type": "Point", "coordinates": [ -60.48640759, -31.73214744 ] } },
{ "type": "Feature", "properties": { "ogc_fid": 140325, "ncm": "0150730014", "pob2022": 5.0 }, "geometry": { "type": "Point", "coordinates": [ -60.47826698, -31.73292213 ] } },
{ "type": "Feature", "properties": { "ogc_fid": 140326, "ncm": "0150730013", "pob2022": 7.0 }, "geometry": { "type": "Point", "coordinates": [ -60.47961335, -31.73295683 ] } },
{ "type": "Feature", "properties": { "ogc_fid": 140327, "ncm": "0150730012", "pob2022": 3.0 }, "geometry": { "type": "Point", "coordinates": [ -60.47846899, -31.73180471 ] } },
{ "type": "Feature", "properties": { "ogc_fid": 140328, "ncm": "0150730011", "pob2022": 49.0 }, "geometry": { "type": "Point", "coordinates": [ -60.47970657, -31.73176051 ] } },
{ "type": "Feature", "properties": { "ogc_fid": 140329, "ncm": "0150730010", "pob2022": 10.0 }, "geometry": { "type": "Point", "coordinates": [ -60.47489381, -31.73183153 ] } },
{ "type": "Feature", "properties": { "ogc_fid": 140330, "ncm": "0150730001", "pob2022": 2.0 }, "geometry": { "type": "Point", "coordinates": [ -60.47891711, -31.72943424 ] } },
{ "type": "Feature", "properties": { "ogc_fid": 140331, "ncm": "0150730005", "pob2022": 11.0 }, "geometry": { "type": "Point", "coordinates": [ -60.47461021, -31.73047203 ] } },
{ "type": "Feature", "properties": { "ogc_fid": 140332, "ncm": "0150730009", "pob2022": 7.0 }, "geometry": { "type": "Point", "coordinates": [ -60.47586929, -31.73167791 ] } },
{ "type": "Feature", "properties": { "ogc_fid": 140334, "ncm": "0150730007", "pob2022": 12.0 }, "geometry": { "type": "Point", "coordinates": [ -60.47825278, -31.73078969 ] } },
{ "type": "Feature", "properties": { "ogc_fid": 140335, "ncm": "0150730006", "pob2022": 8.0 }, "geometry": { "type": "Point", "coordinates": [ -60.47944126, -31.73047727 ] } },
{ "type": "Feature", "properties": { "ogc_fid": 140336, "ncm": "0150730004", "pob2022": 4.0 }, "geometry": { "type": "Point", "coordinates": [ -60.47558787, -31.73031601 ] } },
{ "type": "Feature", "properties": { "ogc_fid": 140337, "ncm": "0150730003", "pob2022": 7.0 }, "geometry": { "type": "Point", "coordinates": [ -60.47659447, -31.73015748 ] } },
{ "type": "Feature", "properties": { "ogc_fid": 140338, "ncm": "0150730002", "pob2022": 5.0 }, "geometry": { "type": "Point", "coordinates": [ -60.47765877, -31.72995578 ] } },
{ "type": "Feature", "properties": { "ogc_fid": 140339, "ncm": "0150730017", "pob2022": 11.0 }, "geometry": { "type": "Point", "coordinates": [ -60.47521795, -31.73340022 ] } },
{ "type": "Feature", "properties": { "ogc_fid": 140340, "ncm": "0150730016", "pob2022": 7.0 }, "geometry": { "type": "Point", "coordinates": [ -60.47619346, -31.7332466 ] } },
{ "type": "Feature", "properties": { "ogc_fid": 140341, "ncm": "0150730015", "pob2022": 10.0 }, "geometry": { "type": "Point", "coordinates": [ -60.4772001, -31.73308806 ] } },
{ "type": "Feature", "properties": { "ogc_fid": 140333, "ncm": "0150730008", "pob2022": 3.0 }, "geometry": { "type": "Point", "coordinates": [ -60.47687554, -31.73151895 ] } },
{ "type": "Feature", "properties": { "ogc_fid": 140343, "ncm": "0150820026", "pob2022": 14.0 }, "geometry": { "type": "Point", "coordinates": [ -60.49045306, -31.72138805 ] } },
{ "type": "Feature", "properties": { "ogc_fid": 140345, "ncm": "0150460002", "pob2022": 49.0 }, "geometry": { "type": "Point", "coordinates": [ -60.47980852, -31.72468347 ] } },
{ "type": "Feature", "properties": { "ogc_fid": 140347, "ncm": "0150810002", "pob2022": 87.0 }, "geometry": { "type": "Point", "coordinates": [ -60.49497844, -31.7248887 ] } },
{ "type": "Feature", "properties": { "ogc_fid": 140627, "ncm": "0080400015", "pob2022": 133.0 }, "geometry": { "type": "Point", "coordinates": [ -60.51463015, -31.73647506 ] } },
{ "type": "Feature", "properties": { "ogc_fid": 140342, "ncm": "0150800002", "pob2022": 112.0 }, "geometry": { "type": "Point", "coordinates": [ -60.49294669, -31.72695245 ] } },
{ "type": "Feature", "properties": { "ogc_fid": 140628, "ncm": "0080400013", "pob2022": 97.0 }, "geometry": { "type": "Point", "coordinates": [ -60.51139834, -31.73565015 ] } },
{ "type": "Feature", "properties": { "ogc_fid": 140629, "ncm": "0080400012", "pob2022": 82.0 }, "geometry": { "type": "Point", "coordinates": [ -60.51279553, -31.73565595 ] } },
{ "type": "Feature", "properties": { "ogc_fid": 140361, "ncm": "0150460002", "pob2022": 49.0 }, "geometry": { "type": "Point", "coordinates": [ -60.4808438, -31.72366757 ] } },
{ "type": "Feature", "properties": { "ogc_fid": 140362, "ncm": "0150460002", "pob2022": 49.0 }, "geometry": { "type": "Point", "coordinates": [ -60.4809533, -31.72430955 ] } },
{ "type": "Feature", "properties": { "ogc_fid": 140363, "ncm": "0150460002", "pob2022": 49.0 }, "geometry": { "type": "Point", "coordinates": [ -60.47968199, -31.72384984 ] } },
{ "type": "Feature", "properties": { "ogc_fid": 140364, "ncm": "0150460002", "pob2022": 49.0 }, "geometry": { "type": "Point", "coordinates": [ -60.47895389, -31.72434457 ] } },
{ "type": "Feature", "properties": { "ogc_fid": 140365, "ncm": "0150460002", "pob2022": 49.0 }, "geometry": { "type": "Point", "coordinates": [ -60.47916748, -31.72535284 ] } },
{ "type": "Feature", "properties": { "ogc_fid": 140630, "ncm": "0080400011", "pob2022": 117.0 }, "geometry": { "type": "Point", "coordinates": [ -60.51448336, -31.73562863 ] } },
{ "type": "Feature", "properties": { "ogc_fid": 140367, "ncm": "0150810001", "pob2022": 31.0 }, "geometry": { "type": "Point", "coordinates": [ -60.49185961, -31.72412749 ] } },
{ "type": "Feature", "properties": { "ogc_fid": 140631, "ncm": "0080400010", "pob2022": 156.0 }, "geometry": { "type": "Point", "coordinates": [ -60.51592755, -31.73576656 ] } },
{ "type": "Feature", "properties": { "ogc_fid": 140632, "ncm": "0080400001", "pob2022": 137.0 }, "geometry": { "type": "Point", "coordinates": [ -60.51523198, -31.73346437 ] } },
{ "type": "Feature", "properties": { "ogc_fid": 140633, "ncm": "0080670012", "pob2022": 38.0 }, "geometry": { "type": "Point", "coordinates": [ -60.5006967, -31.7376537 ] } },
{ "type": "Feature", "properties": { "ogc_fid": 140634, "ncm": "0080670012", "pob2022": 38.0 }, "geometry": { "type": "Point", "coordinates": [ -60.50159119, -31.73840338 ] } },
{ "type": "Feature", "properties": { "ogc_fid": 140378, "ncm": "0150740010", "pob2022": 7.0 }, "geometry": { "type": "Point", "coordinates": [ -60.47731021, -31.7267072 ] } },
{ "type": "Feature", "properties": { "ogc_fid": 140379, "ncm": "0150740014", "pob2022": 5.0 }, "geometry": { "type": "Point", "coordinates": [ -60.47742625, -31.72724785 ] } },
{ "type": "Feature", "properties": { "ogc_fid": 140380, "ncm": "0150740009", "pob2022": 2.0 }, "geometry": { "type": "Point", "coordinates": [ -60.47848107, -31.72652739 ] } },
{ "type": "Feature", "properties": { "ogc_fid": 140635, "ncm": "0080680027", "pob2022": 10.0 }, "geometry": { "type": "Point", "coordinates": [ -60.50135209, -31.73480948 ] } },
{ "type": "Feature", "properties": { "ogc_fid": 140637, "ncm": "0080800003", "pob2022": 66.0 }, "geometry": { "type": "Point", "coordinates": [ -60.49358222, -31.73092068 ] } },
{ "type": "Feature", "properties": { "ogc_fid": 140638, "ncm": "0080800004", "pob2022": 58.0 }, "geometry": { "type": "Point", "coordinates": [ -60.49242007, -31.73105476 ] } },
{ "type": "Feature", "properties": { "ogc_fid": 140641, "ncm": "0080690005", "pob2022": 9.0 }, "geometry": { "type": "Point", "coordinates": [ -60.49920671, -31.72993115 ] } },
{ "type": "Feature", "properties": { "ogc_fid": 140644, "ncm": "0080410006", "pob2022": 106.0 }, "geometry": { "type": "Point", "coordinates": [ -60.51306107, -31.72954674 ] } },
{ "type": "Feature", "properties": { "ogc_fid": 140645, "ncm": "0080170008", "pob2022": 101.0 }, "geometry": { "type": "Point", "coordinates": [ -60.49303813, -31.74003574 ] } },
{ "type": "Feature", "properties": { "ogc_fid": 140646, "ncm": "0080170007", "pob2022": 78.0 }, "geometry": { "type": "Point", "coordinates": [ -60.49173858, -31.73926004 ] } },
{ "type": "Feature", "properties": { "ogc_fid": 140647, "ncm": "0080180024", "pob2022": 41.0 }, "geometry": { "type": "Point", "coordinates": [ -60.48745316, -31.73671285 ] } },
{ "type": "Feature", "properties": { "ogc_fid": 140648, "ncm": "0080170006", "pob2022": 78.0 }, "geometry": { "type": "Point", "coordinates": [ -60.49287113, -31.73908722 ] } },
{ "type": "Feature", "properties": { "ogc_fid": 140649, "ncm": "0080180017", "pob2022": 30.0 }, "geometry": { "type": "Point", "coordinates": [ -60.48805511, -31.73564342 ] } },
{ "type": "Feature", "properties": { "ogc_fid": 140650, "ncm": "0080180007", "pob2022": 40.0 }, "geometry": { "type": "Point", "coordinates": [ -60.4917099, -31.73366518 ] } },
{ "type": "Feature", "properties": { "ogc_fid": 140651, "ncm": "0080180003", "pob2022": 2.0 }, "geometry": { "type": "Point", "coordinates": [ -60.48911867, -31.73290513 ] } },
{ "type": "Feature", "properties": { "ogc_fid": 140652, "ncm": "0080180023", "pob2022": 52.0 }, "geometry": { "type": "Point", "coordinates": [ -60.48829295, -31.73658987 ] } },
{ "type": "Feature", "properties": { "ogc_fid": 140653, "ncm": "0080180022", "pob2022": 51.0 }, "geometry": { "type": "Point", "coordinates": [ -60.48911856, -31.73649085 ] } },
{ "type": "Feature", "properties": { "ogc_fid": 140654, "ncm": "0080180021", "pob2022": 18.0 }, "geometry": { "type": "Point", "coordinates": [ -60.48977391, -31.73642622 ] } },
{ "type": "Feature", "properties": { "ogc_fid": 140655, "ncm": "0080180002", "pob2022": 0.0 }, "geometry": { "type": "Point", "coordinates": [ -60.49041693, -31.73387823 ] } },
{ "type": "Feature", "properties": { "ogc_fid": 140639, "ncm": "0080690001", "pob2022": 12.0 }, "geometry": { "type": "Point", "coordinates": [ -60.49899757, -31.72764881 ] } },
{ "type": "Feature", "properties": { "ogc_fid": 140656, "ncm": "0080180019", "pob2022": 296.0 }, "geometry": { "type": "Point", "coordinates": [ -60.49169752, -31.73615852 ] } },
{ "type": "Feature", "properties": { "ogc_fid": 140657, "ncm": "0080180018", "pob2022": 42.0 }, "geometry": { "type": "Point", "coordinates": [ -60.48722776, -31.73557733 ] } },
{ "type": "Feature", "properties": { "ogc_fid": 140658, "ncm": "0080180014", "pob2022": 50.0 }, "geometry": { "type": "Point", "coordinates": [ -60.48986846, -31.7354544 ] } },
{ "type": "Feature", "properties": { "ogc_fid": 140659, "ncm": "0080180013", "pob2022": 33.0 }, "geometry": { "type": "Point", "coordinates": [ -60.49195568, -31.73485297 ] } },
{ "type": "Feature", "properties": { "ogc_fid": 140661, "ncm": "0080180010", "pob2022": 0.0 }, "geometry": { "type": "Point", "coordinates": [ -60.48883247, -31.73414803 ] } },
{ "type": "Feature", "properties": { "ogc_fid": 140662, "ncm": "0080180001", "pob2022": 29.0 }, "geometry": { "type": "Point", "coordinates": [ -60.49145983, -31.73245655 ] } },
{ "type": "Feature", "properties": { "ogc_fid": 140663, "ncm": "0080170009", "pob2022": 118.0 }, "geometry": { "type": "Point", "coordinates": [ -60.4919289, -31.74020153 ] } },
{ "type": "Feature", "properties": { "ogc_fid": 140664, "ncm": "0080170004", "pob2022": 95.0 }, "geometry": { "type": "Point", "coordinates": [ -60.4926479, -31.7381389 ] } },
{ "type": "Feature", "properties": { "ogc_fid": 140665, "ncm": "0080170003", "pob2022": 62.0 }, "geometry": { "type": "Point", "coordinates": [ -60.49031363, -31.73750124 ] } },
{ "type": "Feature", "properties": { "ogc_fid": 140667, "ncm": "0080170024", "pob2022": 60.0 }, "geometry": { "type": "Point", "coordinates": [ -60.490253, -31.74144362 ] } },
{ "type": "Feature", "properties": { "ogc_fid": 140668, "ncm": "0080170023", "pob2022": 62.0 }, "geometry": { "type": "Point", "coordinates": [ -60.4911331, -31.74130436 ] } },
{ "type": "Feature", "properties": { "ogc_fid": 140669, "ncm": "0080170021", "pob2022": 61.0 }, "geometry": { "type": "Point", "coordinates": [ -60.48859814, -31.73982661 ] } },
{ "type": "Feature", "properties": { "ogc_fid": 140670, "ncm": "0080170020", "pob2022": 55.0 }, "geometry": { "type": "Point", "coordinates": [ -60.48984073, -31.7395506 ] } },
{ "type": "Feature", "properties": { "ogc_fid": 140671, "ncm": "0080170002", "pob2022": 75.0 }, "geometry": { "type": "Point", "coordinates": [ -60.49132753, -31.73735454 ] } },
{ "type": "Feature", "properties": { "ogc_fid": 140672, "ncm": "0080170019", "pob2022": 75.0 }, "geometry": { "type": "Point", "coordinates": [ -60.49005337, -31.74049583 ] } },
{ "type": "Feature", "properties": { "ogc_fid": 140673, "ncm": "0080170018", "pob2022": 48.0 }, "geometry": { "type": "Point", "coordinates": [ -60.49093629, -31.74035637 ] } },
{ "type": "Feature", "properties": { "ogc_fid": 140674, "ncm": "0080170017", "pob2022": 99.0 }, "geometry": { "type": "Point", "coordinates": [ -60.48834834, -31.73885886 ] } },
{ "type": "Feature", "properties": { "ogc_fid": 140675, "ncm": "0080170016", "pob2022": 39.0 }, "geometry": { "type": "Point", "coordinates": [ -60.48960661, -31.73859646 ] } },
{ "type": "Feature", "properties": { "ogc_fid": 140676, "ncm": "0080170015", "pob2022": 59.0 }, "geometry": { "type": "Point", "coordinates": [ -60.49073427, -31.73940879 ] } },
{ "type": "Feature", "properties": { "ogc_fid": 140677, "ncm": "0080170014", "pob2022": 56.0 }, "geometry": { "type": "Point", "coordinates": [ -60.49052674, -31.73845959 ] } },
{ "type": "Feature", "properties": { "ogc_fid": 140679, "ncm": "0080170012", "pob2022": 67.0 }, "geometry": { "type": "Point", "coordinates": [ -60.48939194, -31.73762926 ] } },
{ "type": "Feature", "properties": { "ogc_fid": 140660, "ncm": "0080180012", "pob2022": 0.0 }, "geometry": { "type": "Point", "coordinates": [ -60.48714046, -31.73441576 ] } },
{ "type": "Feature", "properties": { "ogc_fid": 140680, "ncm": "0080170011", "pob2022": 91.0 }, "geometry": { "type": "Point", "coordinates": [ -60.49213022, -31.74115966 ] } },
{ "type": "Feature", "properties": { "ogc_fid": 140681, "ncm": "0080170010", "pob2022": 111.0 }, "geometry": { "type": "Point", "coordinates": [ -60.49324024, -31.74098977 ] } },
{ "type": "Feature", "properties": { "ogc_fid": 140682, "ncm": "0080170001", "pob2022": 79.0 }, "geometry": { "type": "Point", "coordinates": [ -60.49244915, -31.73719965 ] } },
{ "type": "Feature", "properties": { "ogc_fid": 140683, "ncm": "0080180020", "pob2022": null }, "geometry": { "type": "Point", "coordinates": [ -60.49027546, -31.73640494 ] } },
{ "type": "Feature", "properties": { "ogc_fid": 140684, "ncm": "0080170022", "pob2022": 17.0 }, "geometry": { "type": "Point", "coordinates": [ -60.48876271, -31.74055783 ] } },
{ "type": "Feature", "properties": { "ogc_fid": 140685, "ncm": "0080170026", "pob2022": 63.0 }, "geometry": { "type": "Point", "coordinates": [ -60.48898282, -31.74165728 ] } },
{ "type": "Feature", "properties": { "ogc_fid": 140686, "ncm": "0080190001", "pob2022": 5.0 }, "geometry": { "type": "Point", "coordinates": [ -60.49104557, -31.73148232 ] } },
{ "type": "Feature", "properties": { "ogc_fid": 140687, "ncm": "0080180009", "pob2022": 0.0 }, "geometry": { "type": "Point", "coordinates": [ -60.48936608, -31.7340092 ] } },
{ "type": "Feature", "properties": { "ogc_fid": 140688, "ncm": "0080180004", "pob2022": 0.0 }, "geometry": { "type": "Point", "coordinates": [ -60.48855081, -31.73323653 ] } },
{ "type": "Feature", "properties": { "ogc_fid": 140689, "ncm": "0080180016", "pob2022": 3.0 }, "geometry": { "type": "Point", "coordinates": [ -60.48888989, -31.73531 ] } },
{ "type": "Feature", "properties": { "ogc_fid": 140690, "ncm": "0080420003", "pob2022": 42.0 }, "geometry": { "type": "Point", "coordinates": [ -60.50970344, -31.72415849 ] } },
{ "type": "Feature", "properties": { "ogc_fid": 140691, "ncm": "0080580002", "pob2022": 58.0 }, "geometry": { "type": "Point", "coordinates": [ -60.50733393, -31.72968674 ] } },
{ "type": "Feature", "properties": { "ogc_fid": 140692, "ncm": "0080580008", "pob2022": 80.0 }, "geometry": { "type": "Point", "coordinates": [ -60.50363261, -31.73057824 ] } },
{ "type": "Feature", "properties": { "ogc_fid": 140693, "ncm": "0080580015", "pob2022": 16.0 }, "geometry": { "type": "Point", "coordinates": [ -60.50339242, -31.72994289 ] } },
{ "type": "Feature", "properties": { "ogc_fid": 140694, "ncm": "0080680001", "pob2022": 1323.0 }, "geometry": { "type": "Point", "coordinates": [ -60.50041591, -31.73114295 ] } },
{ "type": "Feature", "properties": { "ogc_fid": 140695, "ncm": "0080570029", "pob2022": 299.0 }, "geometry": { "type": "Point", "coordinates": [ -60.51040635, -31.73804542 ] } },
{ "type": "Feature", "properties": { "ogc_fid": 140706, "ncm": "0080180010", "pob2022": 0.0 }, "geometry": { "type": "Point", "coordinates": [ -60.48848522, -31.73383701 ] } },
{ "type": "Feature", "properties": { "ogc_fid": 140707, "ncm": "0080180012", "pob2022": 0.0 }, "geometry": { "type": "Point", "coordinates": [ -60.48681694, -31.73470599 ] } },
{ "type": "Feature", "properties": { "ogc_fid": 140708, "ncm": "0080180017", "pob2022": 30.0 }, "geometry": { "type": "Point", "coordinates": [ -60.48771183, -31.73508984 ] } },
{ "type": "Feature", "properties": { "ogc_fid": 140712, "ncm": "0080670005", "pob2022": 1077.0 }, "geometry": { "type": "Point", "coordinates": [ -60.50263261, -31.73664249 ] } },
{ "type": "Feature", "properties": { "ogc_fid": 140713, "ncm": "0080670005", "pob2022": 256.0 }, "geometry": { "type": "Point", "coordinates": [ -60.50063898, -31.73613965 ] } },
{ "type": "Feature", "properties": { "ogc_fid": 140714, "ncm": "0080670005", "pob2022": 256.0 }, "geometry": { "type": "Point", "coordinates": [ -60.50031021, -31.73612812 ] } },
{ "type": "Feature", "properties": { "ogc_fid": 140710, "ncm": "0080690001", "pob2022": 12.0 }, "geometry": { "type": "Point", "coordinates": [ -60.50000742, -31.72914663 ] } },
{ "type": "Feature", "properties": { "ogc_fid": 140711, "ncm": "0080690001", "pob2022": 12.0 }, "geometry": { "type": "Point", "coordinates": [ -60.4975082, -31.72847175 ] } },
{ "type": "Feature", "properties": { "ogc_fid": 140716, "ncm": "0080600001", "pob2022": 56.0 }, "geometry": { "type": "Point", "coordinates": [ -60.50836309, -31.72129764 ] } },
{ "type": "Feature", "properties": { "ogc_fid": 140717, "ncm": "0080580005", "pob2022": 346.0 }, "geometry": { "type": "Point", "coordinates": [ -60.5089008, -31.73043579 ] } },
{ "type": "Feature", "properties": { "ogc_fid": 140718, "ncm": "0080570029", "pob2022": 299.0 }, "geometry": { "type": "Point", "coordinates": [ -60.50901197, -31.7382468 ] } },
{ "type": "Feature", "properties": { "ogc_fid": 138209, "ncm": "0090120003", "pob2022": 79.0 }, "geometry": { "type": "Point", "coordinates": [ -60.49492375, -31.76212593 ] } },
{ "type": "Feature", "properties": { "ogc_fid": 138210, "ncm": "0090140007", "pob2022": 59.0 }, "geometry": { "type": "Point", "coordinates": [ -60.49128395, -31.75273479 ] } },
{ "type": "Feature", "properties": { "ogc_fid": 138185, "ncm": "0090770003", "pob2022": 148.0 }, "geometry": { "type": "Point", "coordinates": [ -60.49549796, -31.74222071 ] } },
{ "type": "Feature", "properties": { "ogc_fid": 138187, "ncm": "0091290001", "pob2022": 676.0 }, "geometry": { "type": "Point", "coordinates": [ -60.47401329, -31.77221406 ] } },
{ "type": "Feature", "properties": { "ogc_fid": 138188, "ncm": "0091300002", "pob2022": 1.0 }, "geometry": { "type": "Point", "coordinates": [ -60.47234526, -31.76898179 ] } },
{ "type": "Feature", "properties": { "ogc_fid": 138189, "ncm": "0090390010", "pob2022": 85.0 }, "geometry": { "type": "Point", "coordinates": [ -60.48987514, -31.7603822 ] } },
{ "type": "Feature", "properties": { "ogc_fid": 138190, "ncm": "0090390014", "pob2022": 35.0 }, "geometry": { "type": "Point", "coordinates": [ -60.49016619, -31.76154059 ] } },
{ "type": "Feature", "properties": { "ogc_fid": 138191, "ncm": "0090130019", "pob2022": 116.0 }, "geometry": { "type": "Point", "coordinates": [ -60.49373451, -31.76096594 ] } },
{ "type": "Feature", "properties": { "ogc_fid": 138192, "ncm": "0090140006", "pob2022": 102.0 }, "geometry": { "type": "Point", "coordinates": [ -60.4921077, -31.75247308 ] } },
{ "type": "Feature", "properties": { "ogc_fid": 138193, "ncm": "0090770002", "pob2022": 150.0 }, "geometry": { "type": "Point", "coordinates": [ -60.4982293, -31.7420972 ] } },
{ "type": "Feature", "properties": { "ogc_fid": 138194, "ncm": "0090770015", "pob2022": 46.0 }, "geometry": { "type": "Point", "coordinates": [ -60.49835537, -31.74460575 ] } },
{ "type": "Feature", "properties": { "ogc_fid": 138195, "ncm": "0090770014", "pob2022": 75.0 }, "geometry": { "type": "Point", "coordinates": [ -60.49943058, -31.74463035 ] } },
{ "type": "Feature", "properties": { "ogc_fid": 138196, "ncm": "0090770013", "pob2022": 114.0 }, "geometry": { "type": "Point", "coordinates": [ -60.50022808, -31.74450533 ] } },
{ "type": "Feature", "properties": { "ogc_fid": 138281, "ncm": "0090760015", "pob2022": 4.0 }, "geometry": { "type": "Point", "coordinates": [ -60.49977806, -31.74820131 ] } },
{ "type": "Feature", "properties": { "ogc_fid": 138282, "ncm": "0090770005", "pob2022": 33.0 }, "geometry": { "type": "Point", "coordinates": [ -60.49983623, -31.74263726 ] } },
{ "type": "Feature", "properties": { "ogc_fid": 138283, "ncm": "0090420039", "pob2022": 30.0 }, "geometry": { "type": "Point", "coordinates": [ -60.48720565, -31.74633927 ] } },
{ "type": "Feature", "properties": { "ogc_fid": 138284, "ncm": "0090420040", "pob2022": 5.0 }, "geometry": { "type": "Point", "coordinates": [ -60.4855966, -31.74659101 ] } },
{ "type": "Feature", "properties": { "ogc_fid": 138285, "ncm": "0090420043", "pob2022": 22.0 }, "geometry": { "type": "Point", "coordinates": [ -60.48735228, -31.74704488 ] } },
{ "type": "Feature", "properties": { "ogc_fid": 138286, "ncm": "0090420042", "pob2022": 65.0 }, "geometry": { "type": "Point", "coordinates": [ -60.4885778, -31.7468536 ] } },
{ "type": "Feature", "properties": { "ogc_fid": 138287, "ncm": "0090420044", "pob2022": 40.0 }, "geometry": { "type": "Point", "coordinates": [ -60.48574321, -31.74729662 ] } },
{ "type": "Feature", "properties": { "ogc_fid": 138288, "ncm": "0090420045", "pob2022": 18.0 }, "geometry": { "type": "Point", "coordinates": [ -60.48420505, -31.74753705 ] } },
{ "type": "Feature", "properties": { "ogc_fid": 138426, "ncm": "0090910001", "pob2022": 7.0 }, "geometry": { "type": "Point", "coordinates": [ -60.50068937, -31.77603609 ] } },
{ "type": "Feature", "properties": { "ogc_fid": 138427, "ncm": "0090670013", "pob2022": 80.0 }, "geometry": { "type": "Point", "coordinates": [ -60.48593799, -31.76211902 ] } },
{ "type": "Feature", "properties": { "ogc_fid": 138429, "ncm": "0090740004", "pob2022": 101.0 }, "geometry": { "type": "Point", "coordinates": [ -60.49961291, -31.75652091 ] } },
{ "type": "Feature", "properties": { "ogc_fid": 138430, "ncm": "0090750004", "pob2022": 81.0 }, "geometry": { "type": "Point", "coordinates": [ -60.49848436, -31.75145273 ] } },
{ "type": "Feature", "properties": { "ogc_fid": 138431, "ncm": "0090740014", "pob2022": 24.0 }, "geometry": { "type": "Point", "coordinates": [ -60.50033069, -31.757906 ] } },
{ "type": "Feature", "properties": { "ogc_fid": 138432, "ncm": "0090750003", "pob2022": 128.0 }, "geometry": { "type": "Point", "coordinates": [ -60.4999077, -31.75166318 ] } },
{ "type": "Feature", "properties": { "ogc_fid": 138433, "ncm": "0090750002", "pob2022": 26.0 }, "geometry": { "type": "Point", "coordinates": [ -60.50051599, -31.75100848 ] } },
{ "type": "Feature", "properties": { "ogc_fid": 138434, "ncm": "0090750019", "pob2022": 72.0 }, "geometry": { "type": "Point", "coordinates": [ -60.50216079, -31.75485209 ] } },
{ "type": "Feature", "properties": { "ogc_fid": 138435, "ncm": "0090750015", "pob2022": 40.0 }, "geometry": { "type": "Point", "coordinates": [ -60.49769085, -31.75541092 ] } },
{ "type": "Feature", "properties": { "ogc_fid": 138436, "ncm": "0090750014", "pob2022": 88.0 }, "geometry": { "type": "Point", "coordinates": [ -60.49925452, -31.75471861 ] } },
{ "type": "Feature", "properties": { "ogc_fid": 138437, "ncm": "0090750013", "pob2022": 179.0 }, "geometry": { "type": "Point", "coordinates": [ -60.50059293, -31.75447154 ] } },
{ "type": "Feature", "properties": { "ogc_fid": 138438, "ncm": "0090750012", "pob2022": 89.0 }, "geometry": { "type": "Point", "coordinates": [ -60.50115627, -31.7532337 ] } },
{ "type": "Feature", "properties": { "ogc_fid": 138439, "ncm": "0090750011", "pob2022": 73.0 }, "geometry": { "type": "Point", "coordinates": [ -60.50193846, -31.75262116 ] } },
{ "type": "Feature", "properties": { "ogc_fid": 138440, "ncm": "0090750010", "pob2022": 130.0 }, "geometry": { "type": "Point", "coordinates": [ -60.49783332, -31.7540481 ] } },
{ "type": "Feature", "properties": { "ogc_fid": 138441, "ncm": "0090740011", "pob2022": 84.0 }, "geometry": { "type": "Point", "coordinates": [ -60.5028849, -31.75749149 ] } },
{ "type": "Feature", "properties": { "ogc_fid": 138442, "ncm": "0090750001", "pob2022": 102.0 }, "geometry": { "type": "Point", "coordinates": [ -60.50131081, -31.75126506 ] } },
{ "type": "Feature", "properties": { "ogc_fid": 138443, "ncm": "0090740007", "pob2022": 88.0 }, "geometry": { "type": "Point", "coordinates": [ -60.5011966, -31.75675809 ] } },
{ "type": "Feature", "properties": { "ogc_fid": 138444, "ncm": "0090740006", "pob2022": 52.0 }, "geometry": { "type": "Point", "coordinates": [ -60.50254963, -31.75653429 ] } },
{ "type": "Feature", "properties": { "ogc_fid": 138428, "ncm": "0090410001", "pob2022": 167.0 }, "geometry": { "type": "Point", "coordinates": [ -60.48835331, -31.74802712 ] } },
{ "type": "Feature", "properties": { "ogc_fid": 138446, "ncm": "0090740003", "pob2022": 252.0 }, "geometry": { "type": "Point", "coordinates": [ -60.49941312, -31.7591472 ] } },
{ "type": "Feature", "properties": { "ogc_fid": 138447, "ncm": "0090740002", "pob2022": 77.0 }, "geometry": { "type": "Point", "coordinates": [ -60.50099425, -31.75592268 ] } },
{ "type": "Feature", "properties": { "ogc_fid": 138448, "ncm": "0090740018", "pob2022": 101.0 }, "geometry": { "type": "Point", "coordinates": [ -60.50237211, -31.75881124 ] } },
{ "type": "Feature", "properties": { "ogc_fid": 138449, "ncm": "0090740017", "pob2022": 76.0 }, "geometry": { "type": "Point", "coordinates": [ -60.50320295, -31.75868084 ] } },
{ "type": "Feature", "properties": { "ogc_fid": 138450, "ncm": "0090740013", "pob2022": 113.0 }, "geometry": { "type": "Point", "coordinates": [ -60.50121389, -31.75777571 ] } },
{ "type": "Feature", "properties": { "ogc_fid": 138451, "ncm": "0090740012", "pob2022": 64.0 }, "geometry": { "type": "Point", "coordinates": [ -60.50207629, -31.757678 ] } },
{ "type": "Feature", "properties": { "ogc_fid": 138452, "ncm": "0090740001", "pob2022": 84.0 }, "geometry": { "type": "Point", "coordinates": [ -60.50234187, -31.75571729 ] } },
{ "type": "Feature", "properties": { "ogc_fid": 138453, "ncm": "0090750016", "pob2022": 138.0 }, "geometry": { "type": "Point", "coordinates": [ -60.50181543, -31.75398861 ] } },
{ "type": "Feature", "properties": { "ogc_fid": 138454, "ncm": "0090750009", "pob2022": 100.0 }, "geometry": { "type": "Point", "coordinates": [ -60.49934567, -31.75299603 ] } },
{ "type": "Feature", "properties": { "ogc_fid": 138455, "ncm": "0090750007", "pob2022": 64.0 }, "geometry": { "type": "Point", "coordinates": [ -60.49879242, -31.75237561 ] } },
{ "type": "Feature", "properties": { "ogc_fid": 138456, "ncm": "0090750006", "pob2022": 208.0 }, "geometry": { "type": "Point", "coordinates": [ -60.49691133, -31.7525033 ] } },
{ "type": "Feature", "properties": { "ogc_fid": 138457, "ncm": "0090750005", "pob2022": 191.0 }, "geometry": { "type": "Point", "coordinates": [ -60.49774177, -31.75216414 ] } },
{ "type": "Feature", "properties": { "ogc_fid": 138458, "ncm": "0090620008", "pob2022": 28.0 }, "geometry": { "type": "Point", "coordinates": [ -60.49810302, -31.77324908 ] } },
{ "type": "Feature", "properties": { "ogc_fid": 138459, "ncm": "0090620013", "pob2022": 30.0 }, "geometry": { "type": "Point", "coordinates": [ -60.49590152, -31.77392383 ] } },
{ "type": "Feature", "properties": { "ogc_fid": 138460, "ncm": "0090620012", "pob2022": 59.0 }, "geometry": { "type": "Point", "coordinates": [ -60.49720605, -31.77394209 ] } },
{ "type": "Feature", "properties": { "ogc_fid": 138461, "ncm": "0090620008", "pob2022": 28.0 }, "geometry": { "type": "Point", "coordinates": [ -60.49695618, -31.77318447 ] } },
{ "type": "Feature", "properties": { "ogc_fid": 138462, "ncm": "0090620010", "pob2022": 54.0 }, "geometry": { "type": "Point", "coordinates": [ -60.49998284, -31.77363119 ] } },
{ "type": "Feature", "properties": { "ogc_fid": 138463, "ncm": "0090620016", "pob2022": 33.0 }, "geometry": { "type": "Point", "coordinates": [ -60.49770043, -31.77459 ] } },
{ "type": "Feature", "properties": { "ogc_fid": 138464, "ncm": "0090620007", "pob2022": 16.0 }, "geometry": { "type": "Point", "coordinates": [ -60.49535189, -31.77252156 ] } },
{ "type": "Feature", "properties": { "ogc_fid": 138465, "ncm": "0090620015", "pob2022": 77.0 }, "geometry": { "type": "Point", "coordinates": [ -60.49879175, -31.77457581 ] } },
{ "type": "Feature", "properties": { "ogc_fid": 138466, "ncm": "0090620014", "pob2022": 78.0 }, "geometry": { "type": "Point", "coordinates": [ -60.50018987, -31.77436478 ] } },
{ "type": "Feature", "properties": { "ogc_fid": 138519, "ncm": "0090980008", "pob2022": 17.0 }, "geometry": { "type": "Point", "coordinates": [ -60.47912988, -31.7617673 ] } },
{ "type": "Feature", "properties": { "ogc_fid": 138520, "ncm": "0090960003", "pob2022": 0.0 }, "geometry": { "type": "Point", "coordinates": [ -60.47755101, -31.77148291 ] } },
{ "type": "Feature", "properties": { "ogc_fid": 138521, "ncm": "0090960007", "pob2022": 1.0 }, "geometry": { "type": "Point", "coordinates": [ -60.47875675, -31.77235303 ] } },
{ "type": "Feature", "properties": { "ogc_fid": 138522, "ncm": "0090980006", "pob2022": 2.0 }, "geometry": { "type": "Point", "coordinates": [ -60.47820231, -31.76121399 ] } },
{ "type": "Feature", "properties": { "ogc_fid": 138523, "ncm": "0090960009", "pob2022": 0.0 }, "geometry": { "type": "Point", "coordinates": [ -60.47720402, -31.76994932 ] } },
{ "type": "Feature", "properties": { "ogc_fid": 138524, "ncm": "0090960008", "pob2022": 1.0 }, "geometry": { "type": "Point", "coordinates": [ -60.47855586, -31.7713492 ] } },
{ "type": "Feature", "properties": { "ogc_fid": 138525, "ncm": "0090960004", "pob2022": 14.0 }, "geometry": { "type": "Point", "coordinates": [ -60.4777833, -31.77249447 ] } },
{ "type": "Feature", "properties": { "ogc_fid": 138526, "ncm": "0090990001", "pob2022": 42.0 }, "geometry": { "type": "Point", "coordinates": [ -60.47935128, -31.75782894 ] } },
{ "type": "Feature", "properties": { "ogc_fid": 138527, "ncm": "0090980009", "pob2022": 5.0 }, "geometry": { "type": "Point", "coordinates": [ -60.47818287, -31.76191114 ] } },
{ "type": "Feature", "properties": { "ogc_fid": 138528, "ncm": "0090980007", "pob2022": 7.0 }, "geometry": { "type": "Point", "coordinates": [ -60.48008619, -31.76162132 ] } },
{ "type": "Feature", "properties": { "ogc_fid": 138529, "ncm": "0090980005", "pob2022": 23.0 }, "geometry": { "type": "Point", "coordinates": [ -60.47897886, -31.76102838 ] } },
{ "type": "Feature", "properties": { "ogc_fid": 138530, "ncm": "0090980004", "pob2022": 28.0 }, "geometry": { "type": "Point", "coordinates": [ -60.47993686, -31.76089059 ] } },
{ "type": "Feature", "properties": { "ogc_fid": 138531, "ncm": "0090980020", "pob2022": 16.0 }, "geometry": { "type": "Point", "coordinates": [ -60.47670451, -31.7638629 ] } },
{ "type": "Feature", "properties": { "ogc_fid": 138532, "ncm": "0090980019", "pob2022": 16.0 }, "geometry": { "type": "Point", "coordinates": [ -60.47741347, -31.76347529 ] } },
{ "type": "Feature", "properties": { "ogc_fid": 138533, "ncm": "0090980018", "pob2022": 0.0 }, "geometry": { "type": "Point", "coordinates": [ -60.47652832, -31.76323117 ] } },
{ "type": "Feature", "properties": { "ogc_fid": 138534, "ncm": "0090980017", "pob2022": 15.0 }, "geometry": { "type": "Point", "coordinates": [ -60.47732312, -31.76302519 ] } },
{ "type": "Feature", "properties": { "ogc_fid": 138535, "ncm": "0090980016", "pob2022": 0.0 }, "geometry": { "type": "Point", "coordinates": [ -60.47744834, -31.76244054 ] } },
{ "type": "Feature", "properties": { "ogc_fid": 138536, "ncm": "0090980015", "pob2022": 23.0 }, "geometry": { "type": "Point", "coordinates": [ -60.47850743, -31.76352157 ] } },
{ "type": "Feature", "properties": { "ogc_fid": 138537, "ncm": "0090980012", "pob2022": 23.0 }, "geometry": { "type": "Point", "coordinates": [ -60.47833377, -31.76268065 ] } },
{ "type": "Feature", "properties": { "ogc_fid": 138538, "ncm": "0090980010", "pob2022": 26.0 }, "geometry": { "type": "Point", "coordinates": [ -60.48025684, -31.76238279 ] } },
{ "type": "Feature", "properties": { "ogc_fid": 138539, "ncm": "0090980001", "pob2022": 29.0 }, "geometry": { "type": "Point", "coordinates": [ -60.47933816, -31.75938499 ] } },
{ "type": "Feature", "properties": { "ogc_fid": 138540, "ncm": "0090960006", "pob2022": 1.0 }, "geometry": { "type": "Point", "coordinates": [ -60.4789606, -31.7733758 ] } },
{ "type": "Feature", "properties": { "ogc_fid": 138542, "ncm": "0090950014", "pob2022": 44.0 }, "geometry": { "type": "Point", "coordinates": [ -60.48227961, -31.77786229 ] } },
{ "type": "Feature", "properties": { "ogc_fid": 138543, "ncm": "0090960005", "pob2022": 2.0 }, "geometry": { "type": "Point", "coordinates": [ -60.47799515, -31.7735206 ] } },
{ "type": "Feature", "properties": { "ogc_fid": 138544, "ncm": "0090960002", "pob2022": 4.0 }, "geometry": { "type": "Point", "coordinates": [ -60.480575, -31.77153154 ] } },
{ "type": "Feature", "properties": { "ogc_fid": 138545, "ncm": "0090960001", "pob2022": 1.0 }, "geometry": { "type": "Point", "coordinates": [ -60.4807897, -31.76905247 ] } },
{ "type": "Feature", "properties": { "ogc_fid": 138546, "ncm": "0090950007", "pob2022": 68.0 }, "geometry": { "type": "Point", "coordinates": [ -60.4802223, -31.77594563 ] } },
{ "type": "Feature", "properties": { "ogc_fid": 138547, "ncm": "0090950004", "pob2022": 58.0 }, "geometry": { "type": "Point", "coordinates": [ -60.47866303, -31.7748595 ] } },
{ "type": "Feature", "properties": { "ogc_fid": 138548, "ncm": "0090950003", "pob2022": 55.0 }, "geometry": { "type": "Point", "coordinates": [ -60.4799909, -31.77448612 ] } },
{ "type": "Feature", "properties": { "ogc_fid": 138517, "ncm": "0090980013", "pob2022": 9.0 }, "geometry": { "type": "Point", "coordinates": [ -60.48043432, -31.76322409 ] } },
{ "type": "Feature", "properties": { "ogc_fid": 138549, "ncm": "0090950018", "pob2022": 257.0 }, "geometry": { "type": "Point", "coordinates": [ -60.48310919, -31.77707356 ] } },
{ "type": "Feature", "properties": { "ogc_fid": 138551, "ncm": "0090950016", "pob2022": 95.0 }, "geometry": { "type": "Point", "coordinates": [ -60.47960802, -31.77736551 ] } },
{ "type": "Feature", "properties": { "ogc_fid": 138552, "ncm": "0090950016", "pob2022": 95.0 }, "geometry": { "type": "Point", "coordinates": [ -60.47856044, -31.77748526 ] } },
{ "type": "Feature", "properties": { "ogc_fid": 138553, "ncm": "0090950015", "pob2022": 79.0 }, "geometry": { "type": "Point", "coordinates": [ -60.48073689, -31.7781465 ] } },
{ "type": "Feature", "properties": { "ogc_fid": 138554, "ncm": "0090950012", "pob2022": 40.0 }, "geometry": { "type": "Point", "coordinates": [ -60.4788867, -31.77644554 ] } },
{ "type": "Feature", "properties": { "ogc_fid": 138555, "ncm": "0090950011", "pob2022": 82.0 }, "geometry": { "type": "Point", "coordinates": [ -60.48052635, -31.77698674 ] } },
{ "type": "Feature", "properties": { "ogc_fid": 138556, "ncm": "0090950010", "pob2022": 36.0 }, "geometry": { "type": "Point", "coordinates": [ -60.48143973, -31.77676039 ] } },
{ "type": "Feature", "properties": { "ogc_fid": 138558, "ncm": "0090910015", "pob2022": 17.0 }, "geometry": { "type": "Point", "coordinates": [ -60.49706242, -31.77826049 ] } },
{ "type": "Feature", "properties": { "ogc_fid": 138559, "ncm": "0090910027", "pob2022": 51.0 }, "geometry": { "type": "Point", "coordinates": [ -60.49997496, -31.78039595 ] } },
{ "type": "Feature", "properties": { "ogc_fid": 138560, "ncm": "0090910022", "pob2022": 18.0 }, "geometry": { "type": "Point", "coordinates": [ -60.49845057, -31.77954515 ] } },
{ "type": "Feature", "properties": { "ogc_fid": 138561, "ncm": "0090910024", "pob2022": 86.0 }, "geometry": { "type": "Point", "coordinates": [ -60.49988885, -31.77959326 ] } },
{ "type": "Feature", "properties": { "ogc_fid": 138562, "ncm": "0090910023", "pob2022": 62.0 }, "geometry": { "type": "Point", "coordinates": [ -60.50119727, -31.77937524 ] } },
{ "type": "Feature", "properties": { "ogc_fid": 138563, "ncm": "0090910014", "pob2022": 36.0 }, "geometry": { "type": "Point", "coordinates": [ -60.49773899, -31.77816242 ] } },
{ "type": "Feature", "properties": { "ogc_fid": 138564, "ncm": "0090910028", "pob2022": 3.0 }, "geometry": { "type": "Point", "coordinates": [ -60.49780269, -31.78037168 ] } },
{ "type": "Feature", "properties": { "ogc_fid": 138565, "ncm": "0090910018", "pob2022": 42.0 }, "geometry": { "type": "Point", "coordinates": [ -60.49790361, -31.77898265 ] } },
{ "type": "Feature", "properties": { "ogc_fid": 138567, "ncm": "0090910026", "pob2022": 58.0 }, "geometry": { "type": "Point", "coordinates": [ -60.50135453, -31.78019944 ] } },
{ "type": "Feature", "properties": { "ogc_fid": 138568, "ncm": "0090910021", "pob2022": 34.0 }, "geometry": { "type": "Point", "coordinates": [ -60.49653607, -31.77918647 ] } },
{ "type": "Feature", "properties": { "ogc_fid": 138569, "ncm": "0090910013", "pob2022": 47.0 }, "geometry": { "type": "Point", "coordinates": [ -60.49845241, -31.77805293 ] } },
{ "type": "Feature", "properties": { "ogc_fid": 138570, "ncm": "0090910025", "pob2022": 33.0 }, "geometry": { "type": "Point", "coordinates": [ -60.49698395, -31.77976895 ] } },
{ "type": "Feature", "properties": { "ogc_fid": 138571, "ncm": "0090910006", "pob2022": 10.0 }, "geometry": { "type": "Point", "coordinates": [ -60.50038556, -31.77706361 ] } },
{ "type": "Feature", "properties": { "ogc_fid": 138572, "ncm": "0090910007", "pob2022": 40.0 }, "geometry": { "type": "Point", "coordinates": [ -60.49930485, -31.77705356 ] } },
{ "type": "Feature", "properties": { "ogc_fid": 138550, "ncm": "0090950017", "pob2022": 97.0 }, "geometry": { "type": "Point", "coordinates": [ -60.47920585, -31.77807356 ] } },
{ "type": "Feature", "properties": { "ogc_fid": 138566, "ncm": "0090910017", "pob2022": 38.0 }, "geometry": { "type": "Point", "coordinates": [ -60.49860971, -31.77887563 ] } },
{ "type": "Feature", "properties": { "ogc_fid": 138574, "ncm": "0090910016", "pob2022": 103.0 }, "geometry": { "type": "Point", "coordinates": [ -60.5010131, -31.77852754 ] } },
{ "type": "Feature", "properties": { "ogc_fid": 138575, "ncm": "0090910012", "pob2022": 22.0 }, "geometry": { "type": "Point", "coordinates": [ -60.49949061, -31.77790106 ] } },
{ "type": "Feature", "properties": { "ogc_fid": 138576, "ncm": "0090910011", "pob2022": 105.0 }, "geometry": { "type": "Point", "coordinates": [ -60.50083856, -31.77768074 ] } },
{ "type": "Feature", "properties": { "ogc_fid": 138577, "ncm": "0091310001", "pob2022": 0.0 }, "geometry": { "type": "Point", "coordinates": [ -60.47513459, -31.76430988 ] } },
{ "type": "Feature", "properties": { "ogc_fid": 138578, "ncm": "0091280001", "pob2022": 47.0 }, "geometry": { "type": "Point", "coordinates": [ -60.47691255, -31.77451542 ] } },
{ "type": "Feature", "properties": { "ogc_fid": 138581, "ncm": "0091280011", "pob2022": 47.0 }, "geometry": { "type": "Point", "coordinates": [ -60.47582157, -31.77702272 ] } },
{ "type": "Feature", "properties": { "ogc_fid": 138583, "ncm": "0091280020", "pob2022": 51.0 }, "geometry": { "type": "Point", "coordinates": [ -60.47475797, -31.77902273 ] } },
{ "type": "Feature", "properties": { "ogc_fid": 138584, "ncm": "0091280021", "pob2022": 41.0 }, "geometry": { "type": "Point", "coordinates": [ -60.47336036, -31.77923678 ] } },
{ "type": "Feature", "properties": { "ogc_fid": 138585, "ncm": "0090680003", "pob2022": 213.0 }, "geometry": { "type": "Point", "coordinates": [ -60.48123833, -31.75700459 ] } },
{ "type": "Feature", "properties": { "ogc_fid": 138586, "ncm": "0090980001", "pob2022": 29.0 }, "geometry": { "type": "Point", "coordinates": [ -60.47827225, -31.76060872 ] } },
{ "type": "Feature", "properties": { "ogc_fid": 138587, "ncm": "0090620019", "pob2022": 48.0 }, "geometry": { "type": "Point", "coordinates": [ -60.4984692, -31.77581087 ] } },
{ "type": "Feature", "properties": { "ogc_fid": 138590, "ncm": "0090430012", "pob2022": 17.0 }, "geometry": { "type": "Point", "coordinates": [ -60.48521067, -31.73995836 ] } },
{ "type": "Feature", "properties": { "ogc_fid": 138592, "ncm": "0090440002", "pob2022": 31.0 }, "geometry": { "type": "Point", "coordinates": [ -60.48649037, -31.73681475 ] } },
{ "type": "Feature", "properties": { "ogc_fid": 138593, "ncm": "0090620023", "pob2022": 1.0 }, "geometry": { "type": "Point", "coordinates": [ -60.49773228, -31.77252047 ] } },
{ "type": "Feature", "properties": { "ogc_fid": 138594, "ncm": "0090900026", "pob2022": 40.0 }, "geometry": { "type": "Point", "coordinates": [ -60.50429597, -31.77900936 ] } },
{ "type": "Feature", "properties": { "ogc_fid": 138589, "ncm": "0090430011", "pob2022": 48.0 }, "geometry": { "type": "Point", "coordinates": [ -60.48661972, -31.73975102 ] } },
{ "type": "Feature", "properties": { "ogc_fid": 138579, "ncm": "0091280001", "pob2022": 47.0 }, "geometry": { "type": "Point", "coordinates": [ -60.47420321, -31.7762169 ] } },
{ "type": "Feature", "properties": { "ogc_fid": 138580, "ncm": "0091280010", "pob2022": 24.0 }, "geometry": { "type": "Point", "coordinates": [ -60.47717007, -31.77678146 ] } },
{ "type": "Feature", "properties": { "ogc_fid": 138591, "ncm": "0090440001", "pob2022": 129.0 }, "geometry": { "type": "Point", "coordinates": [ -60.48620051, -31.73575693 ] } },
{ "type": "Feature", "properties": { "ogc_fid": 139062, "ncm": "0070380007", "pob2022": 307.0 }, "geometry": { "type": "Point", "coordinates": [ -60.51784235, -31.74580001 ] } },
{ "type": "Feature", "properties": { "ogc_fid": 138175, "ncm": "0090770010", "pob2022": 55.0 }, "geometry": { "type": "Point", "coordinates": [ -60.49538209, -31.74497311 ] } },
{ "type": "Feature", "properties": { "ogc_fid": 140194, "ncm": "0150690001", "pob2022": 34.0 }, "geometry": { "type": "Point", "coordinates": [ -60.49810854, -31.72617217 ] } },
{ "type": "Feature", "properties": { "ogc_fid": 14045025, "ncm": "0080680028", "pob2022": 4.0 }, "geometry": { "type": "Point", "coordinates": [ -60.50165392, -31.73286397 ] } },
{ "type": "Feature", "properties": { "ogc_fid": 138557, "ncm": "0090950001", "pob2022": 67.0 }, "geometry": { "type": "Point", "coordinates": [ -60.48215403, -31.77435385 ] } },
{ "type": "Feature", "properties": { "ogc_fid": 138541, "ncm": "0090960010", "pob2022": 0.0 }, "geometry": { "type": "Point", "coordinates": [ -60.47739086, -31.77065843 ] } },
{ "type": "Feature", "properties": { "ogc_fid": 1399031, "ncm": "0040000058", "pob2022": 170.0 }, "geometry": { "type": "Point", "coordinates": [ -60.54285205, -31.72316487 ] } },
{ "type": "Feature", "properties": { "ogc_fid": 13990312, "ncm": "0040000056", "pob2022": 162.0 }, "geometry": { "type": "Point", "coordinates": [ -60.5425976, -31.72281029 ] } },
{ "type": "Feature", "properties": { "ogc_fid": 139903125, "ncm": "0040000057", "pob2022": 199.0 }, "geometry": { "type": "Point", "coordinates": [ -60.54170692, -31.72325566 ] } },
{ "type": "Feature", "properties": { "ogc_fid": 1399062, "ncm": "0040000059", "pob2022": 55.0 }, "geometry": { "type": "Point", "coordinates": [ -60.54126645, -31.72353868 ] } },
{ "type": "Feature", "properties": { "ogc_fid": 139903123, "ncm": "0040000045", "pob2022": 465.0 }, "geometry": { "type": "Point", "coordinates": [ -60.54210005, -31.72216096 ] } },
{ "type": "Feature", "properties": { "ogc_fid": 79237, "ncm": "0131310014", "pob2022": 11.0 }, "geometry": { "type": "Point", "coordinates": [ -60.47421524, -31.76297862 ] } },
{ "type": "Feature", "properties": { "ogc_fid": 79238, "ncm": "0131310013", "pob2022": 10.0 }, "geometry": { "type": "Point", "coordinates": [ -60.47468448, -31.76274791 ] } },
{ "type": "Feature", "properties": { "ogc_fid": 79239, "ncm": "0131310001", "pob2022": 22.0 }, "geometry": { "type": "Point", "coordinates": [ -60.47326113, -31.7617402 ] } },
{ "type": "Feature", "properties": { "ogc_fid": 1399052, "ncm": "0040000032", "pob2022": 182.0 }, "geometry": { "type": "Point", "coordinates": [ -60.54146259, -31.72160619 ] } },
{ "type": "Feature", "properties": { "ogc_fid": 139888123, "ncm": "0040000032", "pob2022": 106.0 }, "geometry": { "type": "Point", "coordinates": [ -60.54121653, -31.72122689 ] } },
{ "type": "Feature", "properties": { "ogc_fid": 139906564, "ncm": "0040000112", "pob2022": 98.0 }, "geometry": { "type": "Point", "coordinates": [ -60.5428715, -31.72158528 ] } },
{ "type": "Feature", "properties": { "ogc_fid": 139896856, "ncm": "0040000113", "pob2022": 23.0 }, "geometry": { "type": "Point", "coordinates": [ -60.54051963, -31.72384444 ] } },
{ "type": "Feature", "properties": { "ogc_fid": 139906125, "ncm": "0040000061", "pob2022": 214.0 }, "geometry": { "type": "Point", "coordinates": [ -60.54184973, -31.7243289 ] } },
{ "type": "Feature", "properties": { "ogc_fid": 1390331, "ncm": "0070100001", "pob2022": 216.0 }, "geometry": { "type": "Point", "coordinates": [ -60.50879515, -31.7594412 ] } },
{ "type": "Feature", "properties": { "ogc_fid": 137735, "ncm": "0140440004", "pob2022": 11.0 }, "geometry": { "type": "Point", "coordinates": [ -60.48287525, -31.73536521 ] } },
{ "type": "Feature", "properties": { "ogc_fid": 138076, "ncm": "0090650002", "pob2022": 79.0 }, "geometry": { "type": "Point", "coordinates": [ -60.48649038, -31.77136 ] } },
{ "type": "Feature", "properties": { "ogc_fid": 138186, "ncm": "0090370001", "pob2022": 98.0 }, "geometry": { "type": "Point", "coordinates": [ -60.49132682, -31.76882648 ] } },
{ "type": "Feature", "properties": { "ogc_fid": 138425, "ncm": "0090370002", "pob2022": 53.0 }, "geometry": { "type": "Point", "coordinates": [ -60.49054181, -31.77125337 ] } },
{ "type": "Feature", "properties": { "ogc_fid": 138161, "ncm": "0090900005", "pob2022": 46.0 }, "geometry": { "type": "Point", "coordinates": [ -60.50587163, -31.77585942 ] } },
{ "type": "Feature", "properties": { "ogc_fid": 138169, "ncm": "0090900001", "pob2022": 49.0 }, "geometry": { "type": "Point", "coordinates": [ -60.50642808, -31.7748052 ] } },
{ "type": "Feature", "properties": { "ogc_fid": 139331, "ncm": "0060860009", "pob2022": 31.0 }, "geometry": { "type": "Point", "coordinates": [ -60.52838769, -31.77283997 ] } },
{ "type": "Feature", "properties": { "ogc_fid": 1393312, "ncm": "0060860006", "pob2022": 34.0 }, "geometry": { "type": "Point", "coordinates": [ -60.52843893, -31.77206409 ] } },
{ "type": "Feature", "properties": { "ogc_fid": 13731814, "ncm": "0121160007", "pob2022": 0.0 }, "geometry": { "type": "Point", "coordinates": [ -60.53343971, -31.77611666 ] } },
{ "type": "Feature", "properties": { "ogc_fid": 138704, "ncm": "0070870008", "pob2022": 156.0 }, "geometry": { "type": "Point", "coordinates": [ -60.51993468, -31.77490106 ] } },
{ "type": "Feature", "properties": { "ogc_fid": 454561361, "ncm": "0090380023", "pob2022": 1.0 }, "geometry": { "type": "Point", "coordinates": [ -60.48811712, -31.76645617 ] } },
{ "type": "Feature", "properties": { "ogc_fid": 564614361, "ncm": "0090380017", "pob2022": 50.0 }, "geometry": { "type": "Point", "coordinates": [ -60.48878064, -31.76534002 ] } },
{ "type": "Feature", "properties": { "ogc_fid": 564614365, "ncm": "0090380021", "pob2022": 59.0 }, "geometry": { "type": "Point", "coordinates": [ -60.48951159, -31.7662429 ] } },
{ "type": "Feature", "properties": { "ogc_fid": 564614362, "ncm": "0090380024", "pob2022": 18.0 }, "geometry": { "type": "Point", "coordinates": [ -60.48825775, -31.76712178 ] } },
{ "type": "Feature", "properties": { "ogc_fid": 13812621, "ncm": "0090380014", "pob2022": 258.0 }, "geometry": { "type": "Point", "coordinates": [ -60.49162481, -31.76515901 ] } },
{ "type": "Feature", "properties": { "ogc_fid": 79217, "ncm": "0120290001", "pob2022": 0.0 }, "geometry": { "type": "Point", "coordinates": [ -60.5377866, -31.76002695 ] } },
{ "type": "Feature", "properties": { "ogc_fid": 79218, "ncm": "0120290003", "pob2022": 8.0 }, "geometry": { "type": "Point", "coordinates": [ -60.53496996, -31.76014243 ] } },
{ "type": "Feature", "properties": { "ogc_fid": 140642, "ncm": "0080690002", "pob2022": 5.0 }, "geometry": { "type": "Point", "coordinates": [ -60.49896613, -31.72877083 ] } },
{ "type": "Feature", "properties": { "ogc_fid": 140640, "ncm": "0080690003", "pob2022": 8.0 }, "geometry": { "type": "Point", "coordinates": [ -60.49797255, -31.72865461 ] } },
{ "type": "Feature", "properties": { "ogc_fid": 138732, "ncm": "0070660001", "pob2022": 323.0 }, "geometry": { "type": "Point", "coordinates": [ -60.50334525, -31.74011768 ] } },
{ "type": "Feature", "properties": { "ogc_fid": 138740, "ncm": "0070660001", "pob2022": 323.0 }, "geometry": { "type": "Point", "coordinates": [ -60.50490631, -31.74240532 ] } },
{ "type": "Feature", "properties": { "ogc_fid": 79258, "ncm": "0090970023", "pob2022": 17.0 }, "geometry": { "type": "Point", "coordinates": [ -60.4805717, -31.76743364 ] } },
{ "type": "Feature", "properties": { "ogc_fid": 79259, "ncm": "0090970022", "pob2022": 17.0 }, "geometry": { "type": "Point", "coordinates": [ -60.48135114, -31.76731472 ] } },
{ "type": "Feature", "properties": { "ogc_fid": 79261, "ncm": "0090970019", "pob2022": 23.0 }, "geometry": { "type": "Point", "coordinates": [ -60.4803624, -31.76825666 ] } },
{ "type": "Feature", "properties": { "ogc_fid": 138518, "ncm": "0090980014", "pob2022": 27.0 }, "geometry": { "type": "Point", "coordinates": [ -60.47946865, -31.76337274 ] } },
{ "type": "Feature", "properties": { "ogc_fid": 79262, "ncm": "0090430018", "pob2022": 20.0 }, "geometry": { "type": "Point", "coordinates": [ -60.48373363, -31.74084635 ] } },
{ "type": "Feature", "properties": { "ogc_fid": 79263, "ncm": "0090420001", "pob2022": 22.0 }, "geometry": { "type": "Point", "coordinates": [ -60.48798552, -31.74301947 ] } },
{ "type": "Feature", "properties": { "ogc_fid": 139163, "ncm": "0060070011", "pob2022": 82.0 }, "geometry": { "type": "Point", "coordinates": [ -60.52650464, -31.75853822 ] } },
{ "type": "Feature", "properties": { "ogc_fid": 139148, "ncm": "0060070007", "pob2022": 168.0 }, "geometry": { "type": "Point", "coordinates": [ -60.52626987, -31.75746797 ] } },
{ "type": "Feature", "properties": { "ogc_fid": 13731812, "ncm": "0121160002", "pob2022": 0.0 }, "geometry": { "type": "Point", "coordinates": [ -60.53521369, -31.77513267 ] } },
{ "type": "Feature", "properties": { "ogc_fid": 139132, "ncm": "0070080009", "pob2022": 73.0 }, "geometry": { "type": "Point", "coordinates": [ -60.52118834, -31.75884475 ] } },
{ "type": "Feature", "properties": { "ogc_fid": 1375271, "ncm": "0121210014", "pob2022": 0.0 }, "geometry": { "type": "Point", "coordinates": [ -60.50374602, -31.78281313 ] } },
{ "type": "Feature", "properties": { "ogc_fid": 137421, "ncm": "0121150001", "pob2022": 15.0 }, "geometry": { "type": "Point", "coordinates": [ -60.53992643, -31.77631785 ] } },
{ "type": "Feature", "properties": { "ogc_fid": 139123, "ncm": "0070600009", "pob2022": 17.0 }, "geometry": { "type": "Point", "coordinates": [ -60.51086098, -31.77182798 ] } },
{ "type": "Feature", "properties": { "ogc_fid": 139124, "ncm": "0070600010", "pob2022": 22.0 }, "geometry": { "type": "Point", "coordinates": [ -60.51049396, -31.77226525 ] } },
{ "type": "Feature", "properties": { "ogc_fid": 139125, "ncm": "0070600013", "pob2022": 22.0 }, "geometry": { "type": "Point", "coordinates": [ -60.51029138, -31.772873 ] } },
{ "type": "Feature", "properties": { "ogc_fid": 79167, "ncm": "0070600005", "pob2022": 29.0 }, "geometry": { "type": "Point", "coordinates": [ -60.50874564, -31.77319842 ] } },
{ "type": "Feature", "properties": { "ogc_fid": 13731811, "ncm": "0121160005", "pob2022": 2.0 }, "geometry": { "type": "Point", "coordinates": [ -60.53524526, -31.77577361 ] } },
{ "type": "Feature", "properties": { "ogc_fid": 13731813, "ncm": "0121160006", "pob2022": 0.0 }, "geometry": { "type": "Point", "coordinates": [ -60.53406233, -31.77584034 ] } },
{ "type": "Feature", "properties": { "ogc_fid": 13731818, "ncm": "0121160001", "pob2022": 11.0 }, "geometry": { "type": "Point", "coordinates": [ -60.536332, -31.77519699 ] } },
{ "type": "Feature", "properties": { "ogc_fid": 13731819, "ncm": "0121160003", "pob2022": 0.0 }, "geometry": { "type": "Point", "coordinates": [ -60.53330202, -31.77519793 ] } },
{ "type": "Feature", "properties": { "ogc_fid": 13731820, "ncm": "0121160004", "pob2022": 1.0 }, "geometry": { "type": "Point", "coordinates": [ -60.53190899, -31.77552585 ] } },
{ "type": "Feature", "properties": { "ogc_fid": 13731821, "ncm": "0121160008", "pob2022": 1.0 }, "geometry": { "type": "Point", "coordinates": [ -60.53199812, -31.77624891 ] } },
{ "type": "Feature", "properties": { "ogc_fid": 13731822, "ncm": "0121160015", "pob2022": 0.0 }, "geometry": { "type": "Point", "coordinates": [ -60.53186471, -31.77714072 ] } },
{ "type": "Feature", "properties": { "ogc_fid": 137420, "ncm": "0121170001", "pob2022": 5.0 }, "geometry": { "type": "Point", "coordinates": [ -60.52888838, -31.77840177 ] } },
{ "type": "Feature", "properties": { "ogc_fid": 138103, "ncm": "0090400010", "pob2022": 44.0 }, "geometry": { "type": "Point", "coordinates": [ -60.48852441, -31.75621547 ] } },
{ "type": "Feature", "properties": { "ogc_fid": 79264, "ncm": "0090400001", "pob2022": 46.0 }, "geometry": { "type": "Point", "coordinates": [ -60.49025176, -31.75563721 ] } },
{ "type": "Feature", "properties": { "ogc_fid": 139417, "ncm": "0060550010", "pob2022": 3.0 }, "geometry": { "type": "Point", "coordinates": [ -60.53873211, -31.76564682 ] } },
{ "type": "Feature", "properties": { "ogc_fid": 139394, "ncm": "0060550005", "pob2022": 3.0 }, "geometry": { "type": "Point", "coordinates": [ -60.53980551, -31.76493344 ] } },
{ "type": "Feature", "properties": { "ogc_fid": 139413, "ncm": "0060550001", "pob2022": 1.0 }, "geometry": { "type": "Point", "coordinates": [ -60.53743186, -31.76460619 ] } },
{ "type": "Feature", "properties": { "ogc_fid": 139449, "ncm": "0060550006", "pob2022": 10.0 }, "geometry": { "type": "Point", "coordinates": [ -60.53861818, -31.76512141 ] } },
{ "type": "Feature", "properties": { "ogc_fid": 139416, "ncm": "0060550009", "pob2022": 0.0 }, "geometry": { "type": "Point", "coordinates": [ -60.53882147, -31.76638136 ] } },
{ "type": "Feature", "properties": { "ogc_fid": 139903, "ncm": "0040000108", "pob2022": 30.0 }, "geometry": { "type": "Point", "coordinates": [ -60.54345746, -31.72230836 ] } },
{ "type": "Feature", "properties": { "ogc_fid": 139838, "ncm": "0040000084", "pob2022": 89.0 }, "geometry": { "type": "Point", "coordinates": [ -60.54468526, -31.72499914 ] } },
{ "type": "Feature", "properties": { "ogc_fid": 13938212, "ncm": "0060550019", "pob2022": 9.0 }, "geometry": { "type": "Point", "coordinates": [ -60.54049667, -31.76814303 ] } },
{ "type": "Feature", "properties": { "ogc_fid": 139853, "ncm": "0040000085", "pob2022": 163.0 }, "geometry": { "type": "Point", "coordinates": [ -60.54373314, -31.72536611 ] } },
{ "type": "Feature", "properties": { "ogc_fid": 137406, "ncm": "0121500001", "pob2022": 341.0 }, "geometry": { "type": "Point", "coordinates": [ -60.52960559, -31.78299778 ] } },
{ "type": "Feature", "properties": { "ogc_fid": 137478, "ncm": "0121560001", "pob2022": 35.0 }, "geometry": { "type": "Point", "coordinates": [ -60.4972966, -31.78694936 ] } },
{ "type": "Feature", "properties": { "ogc_fid": 138632, "ncm": "0090660004", "pob2022": 28.0 }, "geometry": { "type": "Point", "coordinates": [ -60.48356664, -31.76390632 ] } },
{ "type": "Feature", "properties": { "ogc_fid": 138588, "ncm": "0090400001", "pob2022": 46.0 }, "geometry": { "type": "Point", "coordinates": [ -60.48909073, -31.75281773 ] } },
{ "type": "Feature", "properties": { "ogc_fid": 137560, "ncm": "0121140010", "pob2022": 10.0 }, "geometry": { "type": "Point", "coordinates": [ -60.54629919, -31.7745357 ] } },
{ "type": "Feature", "properties": { "ogc_fid": 140240, "ncm": "0150200024", "pob2022": 10.0 }, "geometry": { "type": "Point", "coordinates": [ -60.4875593, -31.7261691 ] } },
{ "type": "Feature", "properties": { "ogc_fid": 137494, "ncm": "0121190016", "pob2022": 28.0 }, "geometry": { "type": "Point", "coordinates": [ -60.51764673, -31.78081146 ] } },
{ "type": "Feature", "properties": { "ogc_fid": 79342, "ncm": "0091300004", "pob2022": 0.0 }, "geometry": { "type": "Point", "coordinates": [ -60.47420031, -31.76587815 ] } },
{ "type": "Feature", "properties": { "ogc_fid": 79343, "ncm": "0091300006", "pob2022": 0.0 }, "geometry": { "type": "Point", "coordinates": [ -60.47360089, -31.76615168 ] } },
{ "type": "Feature", "properties": { "ogc_fid": 79348, "ncm": "0150470017", "pob2022": 0.0 }, "geometry": { "type": "Point", "coordinates": [ -60.4793963, -31.72185337 ] } },
{ "type": "Feature", "properties": { "ogc_fid": 140306, "ncm": "0150750001", "pob2022": 21.0 }, "geometry": { "type": "Point", "coordinates": [ -60.47514588, -31.72172351 ] } },
{ "type": "Feature", "properties": { "ogc_fid": 13844812, "ncm": "0090740019", "pob2022": 145.0 }, "geometry": { "type": "Point", "coordinates": [ -60.50144494, -31.75895159 ] } },
{ "type": "Feature", "properties": { "ogc_fid": 137805, "ncm": "0131640002", "pob2022": 2.0 }, "geometry": { "type": "Point", "coordinates": [ -60.47041752, -31.77188249 ] } },
{ "type": "Feature", "properties": { "ogc_fid": 137743, "ncm": "0080180006", "pob2022": 2.0 }, "geometry": { "type": "Point", "coordinates": [ -60.48650985, -31.73302676 ] } },
{ "type": "Feature", "properties": { "ogc_fid": 138511, "ncm": "0090640001", "pob2022": 205.0 }, "geometry": { "type": "Point", "coordinates": [ -60.48629857, -31.77469773 ] } },
{ "type": "Feature", "properties": { "ogc_fid": 138299, "ncm": "0090430022", "pob2022": 41.0 }, "geometry": { "type": "Point", "coordinates": [ -60.48340693, -31.74150251 ] } },
{ "type": "Feature", "properties": { "ogc_fid": 138786, "ncm": "0070630003", "pob2022": 98.0 }, "geometry": { "type": "Point", "coordinates": [ -60.50656022, -31.75516148 ] } },
{ "type": "Feature", "properties": { "ogc_fid": 79344, "ncm": "0080170025", "pob2022": 73.0 }, "geometry": { "type": "Point", "coordinates": [ -60.48879338, -31.74094068 ] } },
{ "type": "Feature", "properties": { "ogc_fid": 138407, "ncm": "0090160001", "pob2022": 98.0 }, "geometry": { "type": "Point", "coordinates": [ -60.49344884, -31.74221341 ] } },
{ "type": "Feature", "properties": { "ogc_fid": 79345, "ncm": "0150470023", "pob2022": 0.0 }, "geometry": { "type": "Point", "coordinates": [ -60.47961966, -31.72291319 ] } },
{ "type": "Feature", "properties": { "ogc_fid": 79346, "ncm": "0150470024", "pob2022": 2.0 }, "geometry": { "type": "Point", "coordinates": [ -60.47884094, -31.7230334 ] } },
{ "type": "Feature", "properties": { "ogc_fid": 79347, "ncm": "0150470018", "pob2022": 0.0 }, "geometry": { "type": "Point", "coordinates": [ -60.4786176, -31.72197359 ] } },
{ "type": "Feature", "properties": { "ogc_fid": 139462, "ncm": "0060840026", "pob2022": 0.0 }, "geometry": { "type": "Point", "coordinates": [ -60.53744679, -31.77378173 ] } },
{ "type": "Feature", "properties": { "ogc_fid": 79168, "ncm": "0060840010", "pob2022": 1.0 }, "geometry": { "type": "Point", "coordinates": [ -60.53861373, -31.77147872 ] } },
{ "type": "Feature", "properties": { "ogc_fid": 139199, "ncm": "0060500004", "pob2022": 60.0 }, "geometry": { "type": "Point", "coordinates": [ -60.52891153, -31.75095422 ] } },
{ "type": "Feature", "properties": { "ogc_fid": 137786, "ncm": "0132020001", "pob2022": 3.0 }, "geometry": { "type": "Point", "coordinates": [ -60.46186998, -31.77357085 ] } },
{ "type": "Feature", "properties": { "ogc_fid": 139120, "ncm": "0070600001", "pob2022": 13.0 }, "geometry": { "type": "Point", "coordinates": [ -60.51179306, -31.77042631 ] } },
{ "type": "Feature", "properties": { "ogc_fid": 139121, "ncm": "0070600002", "pob2022": 14.0 }, "geometry": { "type": "Point", "coordinates": [ -60.51150718, -31.77092378 ] } },
{ "type": "Feature", "properties": { "ogc_fid": 139122, "ncm": "0070600006", "pob2022": 17.0 }, "geometry": { "type": "Point", "coordinates": [ -60.51119129, -31.77138675 ] } },
{ "type": "Feature", "properties": { "ogc_fid": 1394622, "ncm": "0060840023", "pob2022": 0.0 }, "geometry": { "type": "Point", "coordinates": [ -60.53760683, -31.77304352 ] } },
{ "type": "Feature", "properties": { "ogc_fid": 1394625, "ncm": "0060840018", "pob2022": 0.0 }, "geometry": { "type": "Point", "coordinates": [ -60.53759417, -31.77229681 ] } },
{ "type": "Feature", "properties": { "ogc_fid": 79183, "ncm": "0090910003", "pob2022": 196.0 }, "geometry": { "type": "Point", "coordinates": [ -60.49706975, -31.77716837 ] } },
{ "type": "Feature", "properties": { "ogc_fid": 79184, "ncm": "0090390015", "pob2022": 48.0 }, "geometry": { "type": "Point", "coordinates": [ -60.48882161, -31.76027501 ] } },
{ "type": "Feature", "properties": { "ogc_fid": 79185, "ncm": "0090970017", "pob2022": 31.0 }, "geometry": { "type": "Point", "coordinates": [ -60.47804539, -31.76711692 ] } },
{ "type": "Feature", "properties": { "ogc_fid": 139091, "ncm": "0070890011", "pob2022": 0.0 }, "geometry": { "type": "Point", "coordinates": [ -60.50957072, -31.77467469 ] } },
{ "type": "Feature", "properties": { "ogc_fid": 79186, "ncm": "0070590025", "pob2022": 13.0 }, "geometry": { "type": "Point", "coordinates": [ -60.51311609, -31.77186844 ] } },
{ "type": "Feature", "properties": { "ogc_fid": 79187, "ncm": "0070890004", "pob2022": 2.0 }, "geometry": { "type": "Point", "coordinates": [ -60.51127253, -31.77495691 ] } },
{ "type": "Feature", "properties": { "ogc_fid": 139455, "ncm": "0060840007", "pob2022": 5.0 }, "geometry": { "type": "Point", "coordinates": [ -60.54116076, -31.77005165 ] } },
{ "type": "Feature", "properties": { "ogc_fid": 139456, "ncm": "0060840019", "pob2022": 8.0 }, "geometry": { "type": "Point", "coordinates": [ -60.54166655, -31.77281189 ] } },
{ "type": "Feature", "properties": { "ogc_fid": 139457, "ncm": "0060840020", "pob2022": 7.0 }, "geometry": { "type": "Point", "coordinates": [ -60.54088505, -31.77292216 ] } },
{ "type": "Feature", "properties": { "ogc_fid": 139458, "ncm": "0060840014", "pob2022": 4.0 }, "geometry": { "type": "Point", "coordinates": [ -60.54062457, -31.77152502 ] } },
{ "type": "Feature", "properties": { "ogc_fid": 139459, "ncm": "0060840008", "pob2022": 0.0 }, "geometry": { "type": "Point", "coordinates": [ -60.54043261, -31.77035294 ] } },
{ "type": "Feature", "properties": { "ogc_fid": 139460, "ncm": "0060840009", "pob2022": 0.0 }, "geometry": { "type": "Point", "coordinates": [ -60.53950361, -31.77072213 ] } },
{ "type": "Feature", "properties": { "ogc_fid": 139461, "ncm": "0060840021", "pob2022": 9.0 }, "geometry": { "type": "Point", "coordinates": [ -60.54010403, -31.77303305 ] } },
{ "type": "Feature", "properties": { "ogc_fid": 139464, "ncm": "0060840025", "pob2022": 4.0 }, "geometry": { "type": "Point", "coordinates": [ -60.53893491, -31.77354339 ] } },
{ "type": "Feature", "properties": { "ogc_fid": 139769, "ncm": "0050220011", "pob2022": 0.0 }, "geometry": { "type": "Point", "coordinates": [ -60.53521595, -31.74137769 ] } },
{ "type": "Feature", "properties": { "ogc_fid": 79169, "ncm": "0060840016", "pob2022": 0.0 }, "geometry": { "type": "Point", "coordinates": [ -60.5386869, -31.77219904 ] } },
{ "type": "Feature", "properties": { "ogc_fid": 79170, "ncm": "0060840022", "pob2022": 7.0 }, "geometry": { "type": "Point", "coordinates": [ -60.53881214, -31.772867 ] } },
{ "type": "Feature", "properties": { "ogc_fid": 79171, "ncm": "0040000072", "pob2022": 54.0 }, "geometry": { "type": "Point", "coordinates": [ -60.54598885, -31.72441379 ] } },
{ "type": "Feature", "properties": { "ogc_fid": 79173, "ncm": "0060850008", "pob2022": 12.0 }, "geometry": { "type": "Point", "coordinates": [ -60.53310996, -31.77254341 ] } },
{ "type": "Feature", "properties": { "ogc_fid": 79174, "ncm": "0060850007", "pob2022": 35.0 }, "geometry": { "type": "Point", "coordinates": [ -60.53373269, -31.77244199 ] } },
{ "type": "Feature", "properties": { "ogc_fid": 79175, "ncm": "0060850006", "pob2022": 11.0 }, "geometry": { "type": "Point", "coordinates": [ -60.53445555, -31.77232373 ] } },
{ "type": "Feature", "properties": { "ogc_fid": 79176, "ncm": "0060850010", "pob2022": 11.0 }, "geometry": { "type": "Point", "coordinates": [ -60.53502997, -31.77254847 ] } },
{ "type": "Feature", "properties": { "ogc_fid": 79177, "ncm": "0121160001", "pob2022": 11.0 }, "geometry": { "type": "Point", "coordinates": [ -60.53445616, -31.77853518 ] } },
{ "type": "Feature", "properties": { "ogc_fid": 79172, "ncm": "0060840001", "pob2022": 0.0 }, "geometry": { "type": "Point", "coordinates": [ -60.53854005, -31.77086889 ] } },
{ "type": "Feature", "properties": { "ogc_fid": 79220, "ncm": "0141330009", "pob2022": 0.0 }, "geometry": { "type": "Point", "coordinates": [ -60.46974534, -31.75149649 ] } },
{ "type": "Feature", "properties": { "ogc_fid": 79221, "ncm": "0141330003", "pob2022": 0.0 }, "geometry": { "type": "Point", "coordinates": [ -60.46889909, -31.7507902 ] } },
{ "type": "Feature", "properties": { "ogc_fid": 79222, "ncm": "0141330001", "pob2022": 59.0 }, "geometry": { "type": "Point", "coordinates": [ -60.47106242, -31.75275678 ] } },
{ "type": "Feature", "properties": { "ogc_fid": 79223, "ncm": "0141330001", "pob2022": 59.0 }, "geometry": { "type": "Point", "coordinates": [ -60.46792574, -31.75111164 ] } },
{ "type": "Feature", "properties": { "ogc_fid": 79224, "ncm": "0141330010", "pob2022": 0.0 }, "geometry": { "type": "Point", "coordinates": [ -60.46890207, -31.75196282 ] } },
{ "type": "Feature", "properties": { "ogc_fid": 79225, "ncm": "0141330004", "pob2022": 0.0 }, "geometry": { "type": "Point", "coordinates": [ -60.4685922, -31.7512242 ] } },
{ "type": "Feature", "properties": { "ogc_fid": 79226, "ncm": "0141330016", "pob2022": 0.0 }, "geometry": { "type": "Point", "coordinates": [ -60.4690935, -31.75287481 ] } },
{ "type": "Feature", "properties": { "ogc_fid": 79227, "ncm": "0141330011", "pob2022": 0.0 }, "geometry": { "type": "Point", "coordinates": [ -60.46812552, -31.75208178 ] } },
{ "type": "Feature", "properties": { "ogc_fid": 79228, "ncm": "0141330021", "pob2022": 0.0 }, "geometry": { "type": "Point", "coordinates": [ -60.470092, -31.75365373 ] } },
{ "type": "Feature", "properties": { "ogc_fid": 79229, "ncm": "0141330023", "pob2022": 0.0 }, "geometry": { "type": "Point", "coordinates": [ -60.46850781, -31.753904 ] } },
{ "type": "Feature", "properties": { "ogc_fid": 79230, "ncm": "0141330022", "pob2022": 10.0 }, "geometry": { "type": "Point", "coordinates": [ -60.46928438, -31.75378505 ] } },
{ "type": "Feature", "properties": { "ogc_fid": 79231, "ncm": "0141330017", "pob2022": 0.0 }, "geometry": { "type": "Point", "coordinates": [ -60.46831683, -31.75299368 ] } },
{ "type": "Feature", "properties": { "ogc_fid": 137691, "ncm": "0140990008", "pob2022": 18.0 }, "geometry": { "type": "Point", "coordinates": [ -60.47426773, -31.75573192 ] } },
{ "type": "Feature", "properties": { "ogc_fid": 137602, "ncm": "0140990001", "pob2022": 63.0 }, "geometry": { "type": "Point", "coordinates": [ -60.4764254, -31.75682471 ] } },
{ "type": "Feature", "properties": { "ogc_fid": 79232, "ncm": "0141680001", "pob2022": 11.0 }, "geometry": { "type": "Point", "coordinates": [ -60.46590008, -31.75140199 ] } },
{ "type": "Feature", "properties": { "ogc_fid": 79233, "ncm": "0140990004", "pob2022": 9.0 }, "geometry": { "type": "Point", "coordinates": [ -60.47412118, -31.75500133 ] } },
{ "type": "Feature", "properties": { "ogc_fid": 79234, "ncm": "0090430001", "pob2022": 60.0 }, "geometry": { "type": "Point", "coordinates": [ -60.48545423, -31.73889082 ] } },
{ "type": "Feature", "properties": { "ogc_fid": 79235, "ncm": "0080170013", "pob2022": 117.0 }, "geometry": { "type": "Point", "coordinates": [ -60.48816804, -31.7379486 ] } },
{ "type": "Feature", "properties": { "ogc_fid": 79188, "ncm": "0121160009", "pob2022": 0.0 }, "geometry": { "type": "Point", "coordinates": [ -60.53663285, -31.77665111 ] } },
{ "type": "Feature", "properties": { "ogc_fid": 79189, "ncm": "0121160010", "pob2022": 0.0 }, "geometry": { "type": "Point", "coordinates": [ -60.53585428, -31.77677463 ] } },
{ "type": "Feature", "properties": { "ogc_fid": 79193, "ncm": "0121160014", "pob2022": 0.0 }, "geometry": { "type": "Point", "coordinates": [ -60.53290741, -31.7771075 ] } },
{ "type": "Feature", "properties": { "ogc_fid": 79190, "ncm": "0121160011", "pob2022": 0.0 }, "geometry": { "type": "Point", "coordinates": [ -60.53507673, -31.77689472 ] } },
{ "type": "Feature", "properties": { "ogc_fid": 138675, "ncm": "0070090009", "pob2022": 21.0 }, "geometry": { "type": "Point", "coordinates": [ -60.51354205, -31.75941183 ] } },
{ "type": "Feature", "properties": { "ogc_fid": 79194, "ncm": "0070090001", "pob2022": 755.0 }, "geometry": { "type": "Point", "coordinates": [ -60.51506393, -31.75812863 ] } },
{ "type": "Feature", "properties": { "ogc_fid": 137394, "ncm": "0121880001", "pob2022": 60.0 }, "geometry": { "type": "Point", "coordinates": [ -60.51959811, -31.79003209 ] } },
{ "type": "Feature", "properties": { "ogc_fid": 79236, "ncm": "0080600005", "pob2022": 0.0 }, "geometry": { "type": "Point", "coordinates": [ -60.50242283, -31.72336872 ] } },
{ "type": "Feature", "properties": { "ogc_fid": 79191, "ncm": "0121160012", "pob2022": 0.0 }, "geometry": { "type": "Point", "coordinates": [ -60.53429596, -31.77701559 ] } },
{ "type": "Feature", "properties": { "ogc_fid": 79192, "ncm": "0121160013", "pob2022": 0.0 }, "geometry": { "type": "Point", "coordinates": [ -60.53352967, -31.77701579 ] } },
{ "type": "Feature", "properties": { "ogc_fid": 137481, "ncm": "0121880007", "pob2022": 0.0 }, "geometry": { "type": "Point", "coordinates": [ -60.51744113, -31.78819411 ] } },
{ "type": "Feature", "properties": { "ogc_fid": 137680, "ncm": "0142100010", "pob2022": 18.0 }, "geometry": { "type": "Point", "coordinates": [ -60.4558357, -31.73597781 ] } },
{ "type": "Feature", "properties": { "ogc_fid": 138966, "ncm": "0070340022", "pob2022": 8.0 }, "geometry": { "type": "Point", "coordinates": [ -60.50726688, -31.76827153 ] } },
{ "type": "Feature", "properties": { "ogc_fid": 138664, "ncm": "0070340011", "pob2022": 122.0 }, "geometry": { "type": "Point", "coordinates": [ -60.50993077, -31.76674448 ] } },
{ "type": "Feature", "properties": { "ogc_fid": 79196, "ncm": "0070340017", "pob2022": 37.0 }, "geometry": { "type": "Point", "coordinates": [ -60.50777673, -31.76692517 ] } },
{ "type": "Feature", "properties": { "ogc_fid": 79197, "ncm": "0070340018", "pob2022": 90.0 }, "geometry": { "type": "Point", "coordinates": [ -60.50699888, -31.76705112 ] } },
{ "type": "Feature", "properties": { "ogc_fid": 79198, "ncm": "0070340019", "pob2022": 52.0 }, "geometry": { "type": "Point", "coordinates": [ -60.50615556, -31.7672179 ] } },
{ "type": "Feature", "properties": { "ogc_fid": 79199, "ncm": "0070340023", "pob2022": 7.0 }, "geometry": { "type": "Point", "coordinates": [ -60.50641522, -31.76843923 ] } },
{ "type": "Feature", "properties": { "ogc_fid": 137747, "ncm": "0141680002", "pob2022": 14.0 }, "geometry": { "type": "Point", "coordinates": [ -60.46276534, -31.75303725 ] } },
{ "type": "Feature", "properties": { "ogc_fid": 140247, "ncm": "0151050001", "pob2022": 22.0 }, "geometry": { "type": "Point", "coordinates": [ -60.47053932, -31.72746549 ] } },
{ "type": "Feature", "properties": { "ogc_fid": 139949, "ncm": "0030000020", "pob2022": 218.0 }, "geometry": { "type": "Point", "coordinates": [ -60.54039633, -31.73170166 ] } },
{ "type": "Feature", "properties": { "ogc_fid": 139955, "ncm": "0030000012", "pob2022": 0.0 }, "geometry": { "type": "Point", "coordinates": [ -60.54232632, -31.7307797 ] } },
{ "type": "Feature", "properties": { "ogc_fid": 139385, "ncm": "0060860016", "pob2022": 3.0 }, "geometry": { "type": "Point", "coordinates": [ -60.52832839, -31.7751335 ] } },
{ "type": "Feature", "properties": { "ogc_fid": 139386, "ncm": "0060860017", "pob2022": 15.0 }, "geometry": { "type": "Point", "coordinates": [ -60.52727621, -31.77543928 ] } },
{ "type": "Feature", "properties": { "ogc_fid": 139387, "ncm": "0060860018", "pob2022": 15.0 }, "geometry": { "type": "Point", "coordinates": [ -60.52628895, -31.7755194 ] } },
{ "type": "Feature", "properties": { "ogc_fid": 139388, "ncm": "0060860019", "pob2022": 9.0 }, "geometry": { "type": "Point", "coordinates": [ -60.52549189, -31.77558357 ] } },
{ "type": "Feature", "properties": { "ogc_fid": 79205, "ncm": "0050220010", "pob2022": 401.0 }, "geometry": { "type": "Point", "coordinates": [ -60.53522516, -31.74048815 ] } },
{ "type": "Feature", "properties": { "ogc_fid": 79204, "ncm": "0050220009", "pob2022": 289.0 }, "geometry": { "type": "Point", "coordinates": [ -60.53608422, -31.73965909 ] } },
{ "type": "Feature", "properties": { "ogc_fid": 137625, "ncm": "0141000001", "pob2022": 67.0 }, "geometry": { "type": "Point", "coordinates": [ -60.47563616, -31.75182375 ] } },
{ "type": "Feature", "properties": { "ogc_fid": 138474, "ncm": "0090620022", "pob2022": 2.0 }, "geometry": { "type": "Point", "coordinates": [ -60.49522258, -31.77167803 ] } },
{ "type": "Feature", "properties": { "ogc_fid": 79206, "ncm": "0150460020", "pob2022": 0.0 }, "geometry": { "type": "Point", "coordinates": [ -60.4803246, -31.72793287 ] } },
{ "type": "Feature", "properties": { "ogc_fid": 79207, "ncm": "0150460019", "pob2022": 8.0 }, "geometry": { "type": "Point", "coordinates": [ -60.48018469, -31.72733736 ] } },
{ "type": "Feature", "properties": { "ogc_fid": 79209, "ncm": "0150460021", "pob2022": 5.0 }, "geometry": { "type": "Point", "coordinates": [ -60.48146801, -31.72749979 ] } },
{ "type": "Feature", "properties": { "ogc_fid": 79210, "ncm": "0150460022", "pob2022": 2.0 }, "geometry": { "type": "Point", "coordinates": [ -60.48224397, -31.72739869 ] } },
{ "type": "Feature", "properties": { "ogc_fid": 79212, "ncm": "0150200026", "pob2022": 0.0 }, "geometry": { "type": "Point", "coordinates": [ -60.48628136, -31.72643628 ] } },
{ "type": "Feature", "properties": { "ogc_fid": 79213, "ncm": "0150200001", "pob2022": 2.0 }, "geometry": { "type": "Point", "coordinates": [ -60.48774075, -31.72434341 ] } },
{ "type": "Feature", "properties": { "ogc_fid": 79214, "ncm": "0150200034", "pob2022": 0.0 }, "geometry": { "type": "Point", "coordinates": [ -60.48561194, -31.72725782 ] } },
{ "type": "Feature", "properties": { "ogc_fid": 79215, "ncm": "0150200027", "pob2022": 2.0 }, "geometry": { "type": "Point", "coordinates": [ -60.48544711, -31.72657838 ] } },
{ "type": "Feature", "properties": { "ogc_fid": 79216, "ncm": "0150200033", "pob2022": 5.0 }, "geometry": { "type": "Point", "coordinates": [ -60.4865615, -31.72710239 ] } },
{ "type": "Feature", "properties": { "ogc_fid": 137712, "ncm": "0141330015", "pob2022": 0.0 }, "geometry": { "type": "Point", "coordinates": [ -60.46983415, -31.75253707 ] } },
{ "type": "Feature", "properties": { "ogc_fid": 139872, "ncm": "0040000046", "pob2022": 28.0 }, "geometry": { "type": "Point", "coordinates": [ -60.54034313, -31.72219782 ] } },
{ "type": "Feature", "properties": { "ogc_fid": 79208, "ncm": "0150460018", "pob2022": 5.0 }, "geometry": { "type": "Point", "coordinates": [ -60.48005317, -31.72667232 ] } },
{ "type": "Feature", "properties": { "ogc_fid": 137858, "ncm": "0132450005", "pob2022": 2.0 }, "geometry": { "type": "Point", "coordinates": [ -60.45993933, -31.78516946 ] } },
{ "type": "Feature", "properties": { "ogc_fid": 137436, "ncm": "0121230001", "pob2022": 34.0 }, "geometry": { "type": "Point", "coordinates": [ -60.4944573, -31.78421299 ] } },
{ "type": "Feature", "properties": { "ogc_fid": 137821, "ncm": "0131310009", "pob2022": 9.0 }, "geometry": { "type": "Point", "coordinates": [ -60.47425746, -31.76195755 ] } },
{ "type": "Feature", "properties": { "ogc_fid": 140118, "ncm": "0010000027", "pob2022": 9.0 }, "geometry": { "type": "Point", "coordinates": [ -60.52443609, -31.72179837 ] } },
{ "type": "Feature", "properties": { "ogc_fid": 137661, "ncm": "0142530001", "pob2022": 21.0 }, "geometry": { "type": "Point", "coordinates": [ -60.45080533, -31.74556603 ] } },
{ "type": "Feature", "properties": { "ogc_fid": 137562, "ncm": "0121140015", "pob2022": 2.0 }, "geometry": { "type": "Point", "coordinates": [ -60.54518479, -31.77523899 ] } },
{ "type": "Feature", "properties": { "ogc_fid": 137566, "ncm": "0121140012", "pob2022": 2.0 }, "geometry": { "type": "Point", "coordinates": [ -60.54335407, -31.77479832 ] } },
{ "type": "Feature", "properties": { "ogc_fid": 79275, "ncm": "0121140014", "pob2022": 3.0 }, "geometry": { "type": "Point", "coordinates": [ -60.54608819, -31.7752294 ] } },
{ "type": "Feature", "properties": { "ogc_fid": 139084, "ncm": "0070380012", "pob2022": 99.0 }, "geometry": { "type": "Point", "coordinates": [ -60.51485726, -31.74619533 ] } },
{ "type": "Feature", "properties": { "ogc_fid": 137401, "ncm": "0121530001", "pob2022": 56.0 }, "geometry": { "type": "Point", "coordinates": [ -60.51368479, -31.7837723 ] } },
{ "type": "Feature", "properties": { "ogc_fid": 79241, "ncm": "0060300022", "pob2022": 66.0 }, "geometry": { "type": "Point", "coordinates": [ -60.53045297, -31.76417518 ] } },
{ "type": "Feature", "properties": { "ogc_fid": 79242, "ncm": "0060560017", "pob2022": 91.0 }, "geometry": { "type": "Point", "coordinates": [ -60.53443667, -31.76775622 ] } },
{ "type": "Feature", "properties": { "ogc_fid": 79243, "ncm": "0121530010", "pob2022": 2.0 }, "geometry": { "type": "Point", "coordinates": [ -60.51465868, -31.78479432 ] } },
{ "type": "Feature", "properties": { "ogc_fid": 79244, "ncm": "0121530015", "pob2022": 1.0 }, "geometry": { "type": "Point", "coordinates": [ -60.51477502, -31.78537215 ] } },
{ "type": "Feature", "properties": { "ogc_fid": 79245, "ncm": "0121530014", "pob2022": null }, "geometry": { "type": "Point", "coordinates": [ -60.5137532, -31.78492867 ] } },
{ "type": "Feature", "properties": { "ogc_fid": 79246, "ncm": "0121530001", "pob2022": 56.0 }, "geometry": { "type": "Point", "coordinates": [ -60.51448473, -31.78623482 ] } },
{ "type": "Feature", "properties": { "ogc_fid": 79247, "ncm": "0121530016", "pob2022": 11.0 }, "geometry": { "type": "Point", "coordinates": [ -60.51391402, -31.78550066 ] } },
{ "type": "Feature", "properties": { "ogc_fid": 79249, "ncm": "0121900013", "pob2022": 0.0 }, "geometry": { "type": "Point", "coordinates": [ -60.50764143, -31.79107306 ] } },
{ "type": "Feature", "properties": { "ogc_fid": 79250, "ncm": "0121900008", "pob2022": 0.0 }, "geometry": { "type": "Point", "coordinates": [ -60.50748012, -31.79024694 ] } },
{ "type": "Feature", "properties": { "ogc_fid": 79251, "ncm": "0121900003", "pob2022": 0.0 }, "geometry": { "type": "Point", "coordinates": [ -60.50733676, -31.78953085 ] } },
{ "type": "Feature", "properties": { "ogc_fid": 137388, "ncm": "0121900001", "pob2022": 0.0 }, "geometry": { "type": "Point", "coordinates": [ -60.5083361, -31.79186616 ] } },
{ "type": "Feature", "properties": { "ogc_fid": 79253, "ncm": "0121900014", "pob2022": 1.0 }, "geometry": { "type": "Point", "coordinates": [ -60.50675594, -31.79120988 ] } },
{ "type": "Feature", "properties": { "ogc_fid": 79276, "ncm": "0121140014", "pob2022": 3.0 }, "geometry": { "type": "Point", "coordinates": [ -60.54641237, -31.77505716 ] } },
{ "type": "Feature", "properties": { "ogc_fid": 79277, "ncm": "0121140014", "pob2022": 3.0 }, "geometry": { "type": "Point", "coordinates": [ -60.54627075, -31.77520315 ] } },
{ "type": "Feature", "properties": { "ogc_fid": 79254, "ncm": "0121900015", "pob2022": 1.0 }, "geometry": { "type": "Point", "coordinates": [ -60.50540152, -31.79141779 ] } },
{ "type": "Feature", "properties": { "ogc_fid": 79255, "ncm": "0121900010", "pob2022": 1.0 }, "geometry": { "type": "Point", "coordinates": [ -60.5052335, -31.79059151 ] } },
{ "type": "Feature", "properties": { "ogc_fid": 79256, "ncm": "0121900009", "pob2022": 1.0 }, "geometry": { "type": "Point", "coordinates": [ -60.50659242, -31.79038295 ] } },
{ "type": "Feature", "properties": { "ogc_fid": 79257, "ncm": "0121900005", "pob2022": 1.0 }, "geometry": { "type": "Point", "coordinates": [ -60.50508758, -31.78987482 ] } },
{ "type": "Feature", "properties": { "ogc_fid": 79278, "ncm": "0121140014", "pob2022": 3.0 }, "geometry": { "type": "Point", "coordinates": [ -60.54676087, -31.77513268 ] } },
{ "type": "Feature", "properties": { "ogc_fid": 79279, "ncm": "0121140001", "pob2022": 12.0 }, "geometry": { "type": "Point", "coordinates": [ -60.5459772, -31.77597803 ] } },
{ "type": "Feature", "properties": { "ogc_fid": 79280, "ncm": "0121140001", "pob2022": 12.0 }, "geometry": { "type": "Point", "coordinates": [ -60.54455359, -31.7748598 ] } },
{ "type": "Feature", "properties": { "ogc_fid": 79281, "ncm": "0121140001", "pob2022": 12.0 }, "geometry": { "type": "Point", "coordinates": [ -60.54517172, -31.77536124 ] } },
{ "type": "Feature", "properties": { "ogc_fid": 79282, "ncm": "0121140001", "pob2022": 12.0 }, "geometry": { "type": "Point", "coordinates": [ -60.5459506, -31.77524918 ] } },
{ "type": "Feature", "properties": { "ogc_fid": 79283, "ncm": "0121140001", "pob2022": 12.0 }, "geometry": { "type": "Point", "coordinates": [ -60.5465314, -31.77516567 ] } },
{ "type": "Feature", "properties": { "ogc_fid": 79284, "ncm": "0121140001", "pob2022": 12.0 }, "geometry": { "type": "Point", "coordinates": [ -60.54690717, -31.77511164 ] } },
{ "type": "Feature", "properties": { "ogc_fid": 79285, "ncm": "0121140001", "pob2022": 12.0 }, "geometry": { "type": "Point", "coordinates": [ -60.54685148, -31.77438852 ] } },
{ "type": "Feature", "properties": { "ogc_fid": 79286, "ncm": "0121140001", "pob2022": 12.0 }, "geometry": { "type": "Point", "coordinates": [ -60.54658263, -31.77311817 ] } },
{ "type": "Feature", "properties": { "ogc_fid": 79287, "ncm": "0121140002", "pob2022": 7.0 }, "geometry": { "type": "Point", "coordinates": [ -60.54658263, -31.77311817 ] } },
{ "type": "Feature", "properties": { "ogc_fid": 79288, "ncm": "0121140015", "pob2022": 2.0 }, "geometry": { "type": "Point", "coordinates": [ -60.54561221, -31.77529789 ] } },
{ "type": "Feature", "properties": { "ogc_fid": 79289, "ncm": "0121140006", "pob2022": 0.0 }, "geometry": { "type": "Point", "coordinates": [ -60.54615966, -31.77386989 ] } },
{ "type": "Feature", "properties": { "ogc_fid": 79290, "ncm": "0121140010", "pob2022": 10.0 }, "geometry": { "type": "Point", "coordinates": [ -60.54685148, -31.77438852 ] } },
{ "type": "Feature", "properties": { "ogc_fid": 137764, "ncm": "0141330006", "pob2022": 0.0 }, "geometry": { "type": "Point", "coordinates": [ -60.46720028, -31.75120018 ] } },
{ "type": "Feature", "properties": { "ogc_fid": 140381, "ncm": "0150740013", "pob2022": 7.0 }, "geometry": { "type": "Point", "coordinates": [ -60.47859065, -31.72705839 ] } },
{ "type": "Feature", "properties": { "ogc_fid": 79265, "ncm": "0150740013", "pob2022": 7.0 }, "geometry": { "type": "Point", "coordinates": [ -60.47846108, -31.72728863 ] } },
{ "type": "Feature", "properties": { "ogc_fid": 79266, "ncm": "0150740001", "pob2022": 58.0 }, "geometry": { "type": "Point", "coordinates": [ -60.47821332, -31.72516131 ] } },
{ "type": "Feature", "properties": { "ogc_fid": 79267, "ncm": "0150740001", "pob2022": 58.0 }, "geometry": { "type": "Point", "coordinates": [ -60.47700163, -31.72534548 ] } },
{ "type": "Feature", "properties": { "ogc_fid": 79211, "ncm": "0150460001", "pob2022": 26.0 }, "geometry": { "type": "Point", "coordinates": [ -60.48278161, -31.72504349 ] } },
{ "type": "Feature", "properties": { "ogc_fid": 140315, "ncm": "0150460017", "pob2022": 2.0 }, "geometry": { "type": "Point", "coordinates": [ -60.48001318, -31.72605997 ] } },
{ "type": "Feature", "properties": { "ogc_fid": 79269, "ncm": "0150460002", "pob2022": 49.0 }, "geometry": { "type": "Point", "coordinates": [ -60.48018847, -31.72489185 ] } },
{ "type": "Feature", "properties": { "ogc_fid": 79268, "ncm": "0150740001", "pob2022": 58.0 }, "geometry": { "type": "Point", "coordinates": [ -60.47589849, -31.7266883 ] } },
{ "type": "Feature", "properties": { "ogc_fid": 79299, "ncm": "0121550002", "pob2022": 15.0 }, "geometry": { "type": "Point", "coordinates": [ -60.50128782, -31.78864804 ] } },
{ "type": "Feature", "properties": { "ogc_fid": 79300, "ncm": "0121900004", "pob2022": 1.0 }, "geometry": { "type": "Point", "coordinates": [ -60.50645064, -31.78966538 ] } },
{ "type": "Feature", "properties": { "ogc_fid": 79301, "ncm": "0091280017", "pob2022": 37.0 }, "geometry": { "type": "Point", "coordinates": [ -60.47315762, -31.77826699 ] } },
{ "type": "Feature", "properties": { "ogc_fid": 79302, "ncm": "0091280014", "pob2022": 34.0 }, "geometry": { "type": "Point", "coordinates": [ -60.47608253, -31.77875132 ] } },
{ "type": "Feature", "properties": { "ogc_fid": 79303, "ncm": "0091280014", "pob2022": 34.0 }, "geometry": { "type": "Point", "coordinates": [ -60.47747374, -31.77853871 ] } },
{ "type": "Feature", "properties": { "ogc_fid": 79304, "ncm": "0091280014", "pob2022": 34.0 }, "geometry": { "type": "Point", "coordinates": [ -60.47595355, -31.77805155 ] } },
{ "type": "Feature", "properties": { "ogc_fid": 79305, "ncm": "0091280014", "pob2022": 34.0 }, "geometry": { "type": "Point", "coordinates": [ -60.47726757, -31.77785058 ] } },
{ "type": "Feature", "properties": { "ogc_fid": 79306, "ncm": "0091280014", "pob2022": 34.0 }, "geometry": { "type": "Point", "coordinates": [ -60.47718386, -31.77745112 ] } },
{ "type": "Feature", "properties": { "ogc_fid": 79307, "ncm": "0091280014", "pob2022": 34.0 }, "geometry": { "type": "Point", "coordinates": [ -60.47586982, -31.7776521 ] } },
{ "type": "Feature", "properties": { "ogc_fid": 79308, "ncm": "0090930005", "pob2022": 26.0 }, "geometry": { "type": "Point", "coordinates": [ -60.48800348, -31.77950441 ] } },
{ "type": "Feature", "properties": { "ogc_fid": 79309, "ncm": "0090930022", "pob2022": 12.0 }, "geometry": { "type": "Point", "coordinates": [ -60.48632903, -31.78249298 ] } },
{ "type": "Feature", "properties": { "ogc_fid": 79310, "ncm": "0090900022", "pob2022": 13.0 }, "geometry": { "type": "Point", "coordinates": [ -60.50259642, -31.77808554 ] } },
{ "type": "Feature", "properties": { "ogc_fid": 79311, "ncm": "0070600020", "pob2022": 48.0 }, "geometry": { "type": "Point", "coordinates": [ -60.51145564, -31.76885572 ] } },
{ "type": "Feature", "properties": { "ogc_fid": 138986, "ncm": "0070330030", "pob2022": 24.0 }, "geometry": { "type": "Point", "coordinates": [ -60.51347249, -31.7668159 ] } },
{ "type": "Feature", "properties": { "ogc_fid": 138666, "ncm": "0070090004", "pob2022": 105.0 }, "geometry": { "type": "Point", "coordinates": [ -60.51204559, -31.75892687 ] } },
{ "type": "Feature", "properties": { "ogc_fid": 138923, "ncm": "0070520020", "pob2022": 106.0 }, "geometry": { "type": "Point", "coordinates": [ -60.51805768, -31.75613978 ] } },
{ "type": "Feature", "properties": { "ogc_fid": 79312, "ncm": "0070100024", "pob2022": 48.0 }, "geometry": { "type": "Point", "coordinates": [ -60.50544368, -31.76318972 ] } },
{ "type": "Feature", "properties": { "ogc_fid": 139329, "ncm": "0060850002", "pob2022": 226.0 }, "geometry": { "type": "Point", "coordinates": [ -60.53260338, -31.77243999 ] } },
{ "type": "Feature", "properties": { "ogc_fid": 139046, "ncm": "0070870014", "pob2022": 23.0 }, "geometry": { "type": "Point", "coordinates": [ -60.52425476, -31.77588188 ] } },
{ "type": "Feature", "properties": { "ogc_fid": 79292, "ncm": "0070870003", "pob2022": 149.0 }, "geometry": { "type": "Point", "coordinates": [ -60.52278238, -31.77460063 ] } },
{ "type": "Feature", "properties": { "ogc_fid": 137416, "ncm": "0121200002", "pob2022": 0.0 }, "geometry": { "type": "Point", "coordinates": [ -60.50911945, -31.77944873 ] } },
{ "type": "Feature", "properties": { "ogc_fid": 79293, "ncm": "0121200002", "pob2022": 0.0 }, "geometry": { "type": "Point", "coordinates": [ -60.51000876, -31.78211242 ] } },
{ "type": "Feature", "properties": { "ogc_fid": 79294, "ncm": "0121210015", "pob2022": 0.0 }, "geometry": { "type": "Point", "coordinates": [ -60.50541235, -31.78341485 ] } },
{ "type": "Feature", "properties": { "ogc_fid": 79295, "ncm": "0121210017", "pob2022": 0.0 }, "geometry": { "type": "Point", "coordinates": [ -60.50575295, -31.78285991 ] } },
{ "type": "Feature", "properties": { "ogc_fid": 79296, "ncm": "0121210015", "pob2022": 0.0 }, "geometry": { "type": "Point", "coordinates": [ -60.50508531, -31.78290249 ] } },
{ "type": "Feature", "properties": { "ogc_fid": 79297, "ncm": "0121210012", "pob2022": 0.0 }, "geometry": { "type": "Point", "coordinates": [ -60.50564162, -31.78232912 ] } },
{ "type": "Feature", "properties": { "ogc_fid": 79298, "ncm": "0121210013", "pob2022": 0.0 }, "geometry": { "type": "Point", "coordinates": [ -60.50499136, -31.78236901 ] } },
{ "type": "Feature", "properties": { "ogc_fid": 139755, "ncm": "0050170006", "pob2022": 0.0 }, "geometry": { "type": "Point", "coordinates": [ -60.54826116, -31.72407625 ] } },
{ "type": "Feature", "properties": { "ogc_fid": 79350, "ncm": "0060300001", "pob2022": 203.0 }, "geometry": { "type": "Point", "coordinates": [ -60.53205018, -31.76064099 ] } },
{ "type": "Feature", "properties": { "ogc_fid": 79351, "ncm": "0060860001", "pob2022": 78.0 }, "geometry": { "type": "Point", "coordinates": [ -60.52967886, -31.77334654 ] } },
{ "type": "Feature", "properties": { "ogc_fid": 140288, "ncm": "0150800004", "pob2022": 218.0 }, "geometry": { "type": "Point", "coordinates": [ -60.49195576, -31.72789302 ] } },
{ "type": "Feature", "properties": { "ogc_fid": 140636, "ncm": "0080800001", "pob2022": 116.0 }, "geometry": { "type": "Point", "coordinates": [ -60.49560782, -31.72988884 ] } },
{ "type": "Feature", "properties": { "ogc_fid": 79352, "ncm": "0050270016", "pob2022": 271.0 }, "geometry": { "type": "Point", "coordinates": [ -60.54833082, -31.74234556 ] } },
{ "type": "Feature", "properties": { "ogc_fid": 79357, "ncm": "0080680012", "pob2022": 0.0 }, "geometry": { "type": "Point", "coordinates": [ -60.50102556, -31.73226594 ] } },
{ "type": "Feature", "properties": { "ogc_fid": 79219, "ncm": "0120290004", "pob2022": 29.0 }, "geometry": { "type": "Point", "coordinates": [ -60.53692402, -31.76244812 ] } },
{ "type": "Feature", "properties": { "ogc_fid": 139498, "ncm": "0050210026", "pob2022": 145.0 }, "geometry": { "type": "Point", "coordinates": [ -60.54200664, -31.73408936 ] } },
{ "type": "Feature", "properties": { "ogc_fid": 139920, "ncm": "0030000050", "pob2022": 33.0 }, "geometry": { "type": "Point", "coordinates": [ -60.54037459, -31.73485665 ] } },
{ "type": "Feature", "properties": { "ogc_fid": 79358, "ncm": "0090750018", "pob2022": 18.0 }, "geometry": { "type": "Point", "coordinates": [ -60.49868106, -31.75536875 ] } },
{ "type": "Feature", "properties": { "ogc_fid": 138145, "ncm": "0091300008", "pob2022": 0.0 }, "geometry": { "type": "Point", "coordinates": [ -60.47518859, -31.76650616 ] } },
{ "type": "Feature", "properties": { "ogc_fid": 79339, "ncm": "0091300001", "pob2022": 1.0 }, "geometry": { "type": "Point", "coordinates": [ -60.47490652, -31.7677317 ] } },
{ "type": "Feature", "properties": { "ogc_fid": 79340, "ncm": "0091300001", "pob2022": 1.0 }, "geometry": { "type": "Point", "coordinates": [ -60.47497754, -31.76543616 ] } },
{ "type": "Feature", "properties": { "ogc_fid": 79341, "ncm": "0091300009", "pob2022": 0.0 }, "geometry": { "type": "Point", "coordinates": [ -60.47402494, -31.76667806 ] } },
{ "type": "Feature", "properties": { "ogc_fid": 140398, "ncm": "0080610001", "pob2022": 168.0 }, "geometry": { "type": "Point", "coordinates": [ -60.5033483, -31.71665867 ] } },
{ "type": "Feature", "properties": { "ogc_fid": 139470, "ncm": "0050300041", "pob2022": 34.0 }, "geometry": { "type": "Point", "coordinates": [ -60.55703617, -31.74529055 ] } },
{ "type": "Feature", "properties": { "ogc_fid": 139471, "ncm": "0050200007", "pob2022": 82.0 }, "geometry": { "type": "Point", "coordinates": [ -60.54918323, -31.73079754 ] } },
{ "type": "Feature", "properties": { "ogc_fid": 139472, "ncm": "0050310017", "pob2022": 26.0 }, "geometry": { "type": "Point", "coordinates": [ -60.55375736, -31.74560768 ] } },
{ "type": "Feature", "properties": { "ogc_fid": 139475, "ncm": "0050260009", "pob2022": 117.0 }, "geometry": { "type": "Point", "coordinates": [ -60.55222569, -31.73915602 ] } },
{ "type": "Feature", "properties": { "ogc_fid": 139476, "ncm": "0050300020", "pob2022": 0.0 }, "geometry": { "type": "Point", "coordinates": [ -60.55481581, -31.74405059 ] } },
{ "type": "Feature", "properties": { "ogc_fid": 139477, "ncm": "0050310019", "pob2022": 90.0 }, "geometry": { "type": "Point", "coordinates": [ -60.55285339, -31.74580451 ] } },
{ "type": "Feature", "properties": { "ogc_fid": 139478, "ncm": "0050310016", "pob2022": 81.0 }, "geometry": { "type": "Point", "coordinates": [ -60.54899983, -31.74352712 ] } },
{ "type": "Feature", "properties": { "ogc_fid": 139479, "ncm": "0050300027", "pob2022": 184.0 }, "geometry": { "type": "Point", "coordinates": [ -60.55476628, -31.74521104 ] } },
{ "type": "Feature", "properties": { "ogc_fid": 139480, "ncm": "0050300026", "pob2022": 94.0 }, "geometry": { "type": "Point", "coordinates": [ -60.55612863, -31.7449644 ] } },
{ "type": "Feature", "properties": { "ogc_fid": 139481, "ncm": "0050310018", "pob2022": 98.0 }, "geometry": { "type": "Point", "coordinates": [ -60.55332938, -31.74569916 ] } },
{ "type": "Feature", "properties": { "ogc_fid": 139482, "ncm": "0050300023", "pob2022": 95.0 }, "geometry": { "type": "Point", "coordinates": [ -60.55602552, -31.74451708 ] } },
{ "type": "Feature", "properties": { "ogc_fid": 139483, "ncm": "0050230024", "pob2022": 0.0 }, "geometry": { "type": "Point", "coordinates": [ -60.55589978, -31.73329941 ] } },
{ "type": "Feature", "properties": { "ogc_fid": 139487, "ncm": "0050300024", "pob2022": 191.0 }, "geometry": { "type": "Point", "coordinates": [ -60.55466189, -31.7447687 ] } },
{ "type": "Feature", "properties": { "ogc_fid": 139488, "ncm": "0050260020", "pob2022": 81.0 }, "geometry": { "type": "Point", "coordinates": [ -60.55448565, -31.73815134 ] } },
{ "type": "Feature", "properties": { "ogc_fid": 139490, "ncm": "0050230009", "pob2022": 76.0 }, "geometry": { "type": "Point", "coordinates": [ -60.55629698, -31.7328726 ] } },
{ "type": "Feature", "properties": { "ogc_fid": 139494, "ncm": "0050300039", "pob2022": 3.0 }, "geometry": { "type": "Point", "coordinates": [ -60.55776334, -31.7447114 ] } },
{ "type": "Feature", "properties": { "ogc_fid": 139501, "ncm": "0050300037", "pob2022": 36.0 }, "geometry": { "type": "Point", "coordinates": [ -60.55757324, -31.74421984 ] } },
{ "type": "Feature", "properties": { "ogc_fid": 139508, "ncm": "0050260018", "pob2022": 22.0 }, "geometry": { "type": "Point", "coordinates": [ -60.55297142, -31.74076547 ] } },
{ "type": "Feature", "properties": { "ogc_fid": 139525, "ncm": "0050300021", "pob2022": 30.0 }, "geometry": { "type": "Point", "coordinates": [ -60.55402507, -31.74418967 ] } },
{ "type": "Feature", "properties": { "ogc_fid": 139526, "ncm": "0050310009", "pob2022": 82.0 }, "geometry": { "type": "Point", "coordinates": [ -60.5530082, -31.74405966 ] } },
{ "type": "Feature", "properties": { "ogc_fid": 139527, "ncm": "0050310006", "pob2022": 85.0 }, "geometry": { "type": "Point", "coordinates": [ -60.55291347, -31.74363115 ] } },
{ "type": "Feature", "properties": { "ogc_fid": 139528, "ncm": "0050310005", "pob2022": 65.0 }, "geometry": { "type": "Point", "coordinates": [ -60.54935186, -31.74732018 ] } },
{ "type": "Feature", "properties": { "ogc_fid": 139529, "ncm": "0050310004", "pob2022": 53.0 }, "geometry": { "type": "Point", "coordinates": [ -60.54942994, -31.74649428 ] } },
{ "type": "Feature", "properties": { "ogc_fid": 139530, "ncm": "0050310003", "pob2022": 135.0 }, "geometry": { "type": "Point", "coordinates": [ -60.5489442, -31.74600347 ] } },
{ "type": "Feature", "properties": { "ogc_fid": 139531, "ncm": "0050310024", "pob2022": 100.0 }, "geometry": { "type": "Point", "coordinates": [ -60.55061102, -31.74723966 ] } },
{ "type": "Feature", "properties": { "ogc_fid": 139532, "ncm": "0050310023", "pob2022": 154.0 }, "geometry": { "type": "Point", "coordinates": [ -60.55241521, -31.74672313 ] } },
{ "type": "Feature", "properties": { "ogc_fid": 139533, "ncm": "0050310023", "pob2022": 154.0 }, "geometry": { "type": "Point", "coordinates": [ -60.55186091, -31.74703805 ] } },
{ "type": "Feature", "properties": { "ogc_fid": 139534, "ncm": "0050310022", "pob2022": 115.0 }, "geometry": { "type": "Point", "coordinates": [ -60.55355286, -31.74682611 ] } },
{ "type": "Feature", "properties": { "ogc_fid": 139535, "ncm": "0050300016", "pob2022": 47.0 }, "geometry": { "type": "Point", "coordinates": [ -60.5543819, -31.74343274 ] } },
{ "type": "Feature", "properties": { "ogc_fid": 139536, "ncm": "0050310020", "pob2022": 94.0 }, "geometry": { "type": "Point", "coordinates": [ -60.55343977, -31.74637136 ] } },
{ "type": "Feature", "properties": { "ogc_fid": 139537, "ncm": "0050310002", "pob2022": 43.0 }, "geometry": { "type": "Point", "coordinates": [ -60.55019069, -31.74564475 ] } },
{ "type": "Feature", "properties": { "ogc_fid": 139539, "ncm": "0050310012", "pob2022": 149.0 }, "geometry": { "type": "Point", "coordinates": [ -60.55311157, -31.74448302 ] } },
{ "type": "Feature", "properties": { "ogc_fid": 139540, "ncm": "0050310014", "pob2022": 20.0 }, "geometry": { "type": "Point", "coordinates": [ -60.55106789, -31.74311445 ] } },
{ "type": "Feature", "properties": { "ogc_fid": 139541, "ncm": "0050310015", "pob2022": 81.0 }, "geometry": { "type": "Point", "coordinates": [ -60.55000793, -31.7433328 ] } },
{ "type": "Feature", "properties": { "ogc_fid": 139542, "ncm": "0050300008", "pob2022": 82.0 }, "geometry": { "type": "Point", "coordinates": [ -60.55645735, -31.7422839 ] } },
{ "type": "Feature", "properties": { "ogc_fid": 139543, "ncm": "0050300045", "pob2022": 20.0 }, "geometry": { "type": "Point", "coordinates": [ -60.55719433, -31.74616827 ] } },
{ "type": "Feature", "properties": { "ogc_fid": 139544, "ncm": "0050300044", "pob2022": 17.0 }, "geometry": { "type": "Point", "coordinates": [ -60.55784572, -31.74606215 ] } },
{ "type": "Feature", "properties": { "ogc_fid": 139545, "ncm": "0050300043", "pob2022": 36.0 }, "geometry": { "type": "Point", "coordinates": [ -60.55707871, -31.74572166 ] } },
{ "type": "Feature", "properties": { "ogc_fid": 139546, "ncm": "0050300042", "pob2022": 17.0 }, "geometry": { "type": "Point", "coordinates": [ -60.55773562, -31.74564135 ] } },
{ "type": "Feature", "properties": { "ogc_fid": 139547, "ncm": "0050300040", "pob2022": 39.0 }, "geometry": { "type": "Point", "coordinates": [ -60.55751933, -31.7450325 ] } },
{ "type": "Feature", "properties": { "ogc_fid": 139548, "ncm": "0050300038", "pob2022": 76.0 }, "geometry": { "type": "Point", "coordinates": [ -60.55687622, -31.74456418 ] } },
{ "type": "Feature", "properties": { "ogc_fid": 139549, "ncm": "0050300036", "pob2022": 158.0 }, "geometry": { "type": "Point", "coordinates": [ -60.55508186, -31.74655587 ] } },
{ "type": "Feature", "properties": { "ogc_fid": 139550, "ncm": "0050300035", "pob2022": 125.0 }, "geometry": { "type": "Point", "coordinates": [ -60.5564004, -31.7462673 ] } },
{ "type": "Feature", "properties": { "ogc_fid": 139551, "ncm": "0050300033", "pob2022": 136.0 }, "geometry": { "type": "Point", "coordinates": [ -60.55497549, -31.74609459 ] } },
{ "type": "Feature", "properties": { "ogc_fid": 139552, "ncm": "0050300032", "pob2022": 56.0 }, "geometry": { "type": "Point", "coordinates": [ -60.55635947, -31.74582979 ] } },
{ "type": "Feature", "properties": { "ogc_fid": 139553, "ncm": "0050300030", "pob2022": 183.0 }, "geometry": { "type": "Point", "coordinates": [ -60.55487644, -31.74564521 ] } },
{ "type": "Feature", "properties": { "ogc_fid": 139554, "ncm": "0050300029", "pob2022": 99.0 }, "geometry": { "type": "Point", "coordinates": [ -60.55622824, -31.74540288 ] } },
{ "type": "Feature", "properties": { "ogc_fid": 139555, "ncm": "0050300002", "pob2022": 47.0 }, "geometry": { "type": "Point", "coordinates": [ -60.5565383, -31.74147165 ] } },
{ "type": "Feature", "properties": { "ogc_fid": 139556, "ncm": "0050300019", "pob2022": 33.0 }, "geometry": { "type": "Point", "coordinates": [ -60.55595642, -31.7438492 ] } },
{ "type": "Feature", "properties": { "ogc_fid": 139557, "ncm": "0050300017", "pob2022": 53.0 }, "geometry": { "type": "Point", "coordinates": [ -60.55385986, -31.74353322 ] } },
{ "type": "Feature", "properties": { "ogc_fid": 139558, "ncm": "0050300015", "pob2022": 59.0 }, "geometry": { "type": "Point", "coordinates": [ -60.55491407, -31.743338 ] } },
{ "type": "Feature", "properties": { "ogc_fid": 139559, "ncm": "0050300014", "pob2022": 146.0 }, "geometry": { "type": "Point", "coordinates": [ -60.55595015, -31.74323853 ] } },
{ "type": "Feature", "properties": { "ogc_fid": 139560, "ncm": "0050300013", "pob2022": 202.0 }, "geometry": { "type": "Point", "coordinates": [ -60.55345437, -31.74242977 ] } },
{ "type": "Feature", "properties": { "ogc_fid": 139561, "ncm": "0050300012", "pob2022": 222.0 }, "geometry": { "type": "Point", "coordinates": [ -60.55410247, -31.74235098 ] } },
{ "type": "Feature", "properties": { "ogc_fid": 139562, "ncm": "0050300011", "pob2022": 202.0 }, "geometry": { "type": "Point", "coordinates": [ -60.55468028, -31.74227182 ] } },
{ "type": "Feature", "properties": { "ogc_fid": 139563, "ncm": "0050300010", "pob2022": 169.0 }, "geometry": { "type": "Point", "coordinates": [ -60.55529899, -31.74224376 ] } },
{ "type": "Feature", "properties": { "ogc_fid": 139564, "ncm": "0050300001", "pob2022": 5.0 }, "geometry": { "type": "Point", "coordinates": [ -60.5572821, -31.74171886 ] } },
{ "type": "Feature", "properties": { "ogc_fid": 139569, "ncm": "0050260008", "pob2022": 85.0 }, "geometry": { "type": "Point", "coordinates": [ -60.55344592, -31.73896524 ] } },
{ "type": "Feature", "properties": { "ogc_fid": 139578, "ncm": "0050240022", "pob2022": 76.0 }, "geometry": { "type": "Point", "coordinates": [ -60.54916762, -31.73751858 ] } },
{ "type": "Feature", "properties": { "ogc_fid": 140496, "ncm": "0080600001", "pob2022": 49.0 }, "geometry": { "type": "Point", "coordinates": [ -60.50592054, -31.72069345 ] } },
{ "type": "Feature", "properties": { "ogc_fid": 139586, "ncm": "0050260007", "pob2022": 69.0 }, "geometry": { "type": "Point", "coordinates": [ -60.55463984, -31.73877823 ] } },
{ "type": "Feature", "properties": { "ogc_fid": 140551, "ncm": "0080430007", "pob2022": 90.0 }, "geometry": { "type": "Point", "coordinates": [ -60.51280705, -31.7201708 ] } },
{ "type": "Feature", "properties": { "ogc_fid": 140552, "ncm": "0080430006", "pob2022": 20.0 }, "geometry": { "type": "Point", "coordinates": [ -60.5073417, -31.71974108 ] } },
{ "type": "Feature", "properties": { "ogc_fid": 140562, "ncm": "0080430009", "pob2022": 109.0 }, "geometry": { "type": "Point", "coordinates": [ -60.51109992, -31.7204468 ] } },
{ "type": "Feature", "properties": { "ogc_fid": 140563, "ncm": "0080430008", "pob2022": 111.0 }, "geometry": { "type": "Point", "coordinates": [ -60.51201129, -31.72030508 ] } },
{ "type": "Feature", "properties": { "ogc_fid": 140564, "ncm": "0080430005", "pob2022": 381.0 }, "geometry": { "type": "Point", "coordinates": [ -60.50849626, -31.71963397 ] } },
{ "type": "Feature", "properties": { "ogc_fid": 140565, "ncm": "0080430004", "pob2022": 89.0 }, "geometry": { "type": "Point", "coordinates": [ -60.50978205, -31.71929514 ] } },
{ "type": "Feature", "properties": { "ogc_fid": 140566, "ncm": "0080430003", "pob2022": 103.0 }, "geometry": { "type": "Point", "coordinates": [ -60.51086221, -31.71932663 ] } },
{ "type": "Feature", "properties": { "ogc_fid": 140567, "ncm": "0080430002", "pob2022": 120.0 }, "geometry": { "type": "Point", "coordinates": [ -60.51178533, -31.71916717 ] } },
{ "type": "Feature", "properties": { "ogc_fid": 140577, "ncm": "0080430001", "pob2022": 103.0 }, "geometry": { "type": "Point", "coordinates": [ -60.51256852, -31.71902715 ] } },
{ "type": "Feature", "properties": { "ogc_fid": 137311, "ncm": "0121930008", "pob2022": 0.0 }, "geometry": { "type": "Point", "coordinates": [ -60.4915431, -31.79414995 ] } },
{ "type": "Feature", "properties": { "ogc_fid": 137312, "ncm": "0122310001", "pob2022": 2.0 }, "geometry": { "type": "Point", "coordinates": [ -60.4913986, -31.7988356 ] } },
{ "type": "Feature", "properties": { "ogc_fid": 137315, "ncm": "0121910007", "pob2022": 17.0 }, "geometry": { "type": "Point", "coordinates": [ -60.50290923, -31.79211525 ] } },
{ "type": "Feature", "properties": { "ogc_fid": 137319, "ncm": "0121910009", "pob2022": 12.0 }, "geometry": { "type": "Point", "coordinates": [ -60.5007473, -31.7924436 ] } },
{ "type": "Feature", "properties": { "ogc_fid": 137320, "ncm": "0121930007", "pob2022": 11.0 }, "geometry": { "type": "Point", "coordinates": [ -60.48851677, -31.79381858 ] } },
{ "type": "Feature", "properties": { "ogc_fid": 137321, "ncm": "0121910008", "pob2022": 0.0 }, "geometry": { "type": "Point", "coordinates": [ -60.50181242, -31.79227849 ] } },
{ "type": "Feature", "properties": { "ogc_fid": 137322, "ncm": "0120250001", "pob2022": 0.0 }, "geometry": { "type": "Point", "coordinates": [ -60.55948801, -31.75838435 ] } },
{ "type": "Feature", "properties": { "ogc_fid": 137323, "ncm": "0121800001", "pob2022": 0.0 }, "geometry": { "type": "Point", "coordinates": [ -60.5648225, -31.78249893 ] } },
{ "type": "Feature", "properties": { "ogc_fid": 139590, "ncm": "0050260005", "pob2022": 42.0 }, "geometry": { "type": "Point", "coordinates": [ -60.55309043, -31.73773468 ] } },
{ "type": "Feature", "properties": { "ogc_fid": 137324, "ncm": "0120020001", "pob2022": 0.0 }, "geometry": { "type": "Point", "coordinates": [ -60.55310105, -31.75423042 ] } },
{ "type": "Feature", "properties": { "ogc_fid": 137325, "ncm": "0120010001", "pob2022": 0.0 }, "geometry": { "type": "Point", "coordinates": [ -60.5581712, -31.75318649 ] } },
{ "type": "Feature", "properties": { "ogc_fid": 137326, "ncm": "0121910017", "pob2022": 5.0 }, "geometry": { "type": "Point", "coordinates": [ -60.50342213, -31.79456519 ] } },
{ "type": "Feature", "properties": { "ogc_fid": 139594, "ncm": "0050260017", "pob2022": 195.0 }, "geometry": { "type": "Point", "coordinates": [ -60.5537643, -31.74092256 ] } },
{ "type": "Feature", "properties": { "ogc_fid": 137330, "ncm": "0120460001", "pob2022": 0.0 }, "geometry": { "type": "Point", "coordinates": [ -60.55219375, -31.74956528 ] } },
{ "type": "Feature", "properties": { "ogc_fid": 137331, "ncm": "0120450001", "pob2022": 0.0 }, "geometry": { "type": "Point", "coordinates": [ -60.55783524, -31.74853514 ] } },
{ "type": "Feature", "properties": { "ogc_fid": 137337, "ncm": "0120260001", "pob2022": 0.0 }, "geometry": { "type": "Point", "coordinates": [ -60.55406898, -31.75904046 ] } },
{ "type": "Feature", "properties": { "ogc_fid": 137342, "ncm": "0120530001", "pob2022": 4.0 }, "geometry": { "type": "Point", "coordinates": [ -60.54935968, -31.76479122 ] } },
{ "type": "Feature", "properties": { "ogc_fid": 137343, "ncm": "0120520001", "pob2022": 3.0 }, "geometry": { "type": "Point", "coordinates": [ -60.5550299, -31.76386142 ] } },
{ "type": "Feature", "properties": { "ogc_fid": 137344, "ncm": "0120510001", "pob2022": 0.0 }, "geometry": { "type": "Point", "coordinates": [ -60.56090952, -31.76303138 ] } },
{ "type": "Feature", "properties": { "ogc_fid": 137346, "ncm": "0122410001", "pob2022": 0.0 }, "geometry": { "type": "Point", "coordinates": [ -60.52692428, -31.79805 ] } },
{ "type": "Feature", "properties": { "ogc_fid": 137347, "ncm": "0122400001", "pob2022": 0.0 }, "geometry": { "type": "Point", "coordinates": [ -60.53273095, -31.79662861 ] } },
{ "type": "Feature", "properties": { "ogc_fid": 137348, "ncm": "0122200001", "pob2022": 0.0 }, "geometry": { "type": "Point", "coordinates": [ -60.55446861, -31.78907134 ] } },
{ "type": "Feature", "properties": { "ogc_fid": 137349, "ncm": "0122390001", "pob2022": 5.0 }, "geometry": { "type": "Point", "coordinates": [ -60.53875971, -31.79673337 ] } },
{ "type": "Feature", "properties": { "ogc_fid": 139600, "ncm": "0050260004", "pob2022": 0.0 }, "geometry": { "type": "Point", "coordinates": [ -60.55428598, -31.73753057 ] } },
{ "type": "Feature", "properties": { "ogc_fid": 139606, "ncm": "0050270008", "pob2022": 162.0 }, "geometry": { "type": "Point", "coordinates": [ -60.55026496, -31.73952681 ] } },
{ "type": "Feature", "properties": { "ogc_fid": 139607, "ncm": "0050270007", "pob2022": 164.0 }, "geometry": { "type": "Point", "coordinates": [ -60.55114147, -31.73928454 ] } },
{ "type": "Feature", "properties": { "ogc_fid": 139611, "ncm": "0050270003", "pob2022": 151.0 }, "geometry": { "type": "Point", "coordinates": [ -60.54967079, -31.7384847 ] } },
{ "type": "Feature", "properties": { "ogc_fid": 139612, "ncm": "0050270002", "pob2022": 107.0 }, "geometry": { "type": "Point", "coordinates": [ -60.55067414, -31.73829278 ] } },
{ "type": "Feature", "properties": { "ogc_fid": 139613, "ncm": "0050270014", "pob2022": 120.0 }, "geometry": { "type": "Point", "coordinates": [ -60.54938553, -31.74088183 ] } },
{ "type": "Feature", "properties": { "ogc_fid": 139615, "ncm": "0050270010", "pob2022": 292.0 }, "geometry": { "type": "Point", "coordinates": [ -60.55137894, -31.74111936 ] } },
{ "type": "Feature", "properties": { "ogc_fid": 139616, "ncm": "0050260006", "pob2022": 135.0 }, "geometry": { "type": "Point", "coordinates": [ -60.55183369, -31.73817 ] } },
{ "type": "Feature", "properties": { "ogc_fid": 139617, "ncm": "0050260003", "pob2022": 199.0 }, "geometry": { "type": "Point", "coordinates": [ -60.55556882, -31.73731719 ] } },
{ "type": "Feature", "properties": { "ogc_fid": 139618, "ncm": "0050260024", "pob2022": 0.0 }, "geometry": { "type": "Point", "coordinates": [ -60.55633479, -31.74072517 ] } },
{ "type": "Feature", "properties": { "ogc_fid": 139619, "ncm": "0050260023", "pob2022": 10.0 }, "geometry": { "type": "Point", "coordinates": [ -60.55631301, -31.7401991 ] } },
{ "type": "Feature", "properties": { "ogc_fid": 3153, "ncm": null, "pob2022": null }, "geometry": { "type": "Point", "coordinates": [ -60.53792667, -31.71878145 ] } },
{ "type": "Feature", "properties": { "ogc_fid": 3154, "ncm": null, "pob2022": null }, "geometry": { "type": "Point", "coordinates": [ -60.53216923, -31.71937383 ] } },
{ "type": "Feature", "properties": { "ogc_fid": 139620, "ncm": "0050260022", "pob2022": 2.0 }, "geometry": { "type": "Point", "coordinates": [ -60.55699638, -31.74043251 ] } },
{ "type": "Feature", "properties": { "ogc_fid": 139621, "ncm": "0050260002", "pob2022": 0.0 }, "geometry": { "type": "Point", "coordinates": [ -60.55707098, -31.73705916 ] } },
{ "type": "Feature", "properties": { "ogc_fid": 139622, "ncm": "0050260016", "pob2022": 174.0 }, "geometry": { "type": "Point", "coordinates": [ -60.5543457, -31.74083095 ] } },
{ "type": "Feature", "properties": { "ogc_fid": 139623, "ncm": "0050260015", "pob2022": 165.0 }, "geometry": { "type": "Point", "coordinates": [ -60.55495695, -31.74073467 ] } },
{ "type": "Feature", "properties": { "ogc_fid": 139624, "ncm": "0050260014", "pob2022": 101.0 }, "geometry": { "type": "Point", "coordinates": [ -60.55553023, -31.74062993 ] } },
{ "type": "Feature", "properties": { "ogc_fid": 139625, "ncm": "0050260013", "pob2022": 142.0 }, "geometry": { "type": "Point", "coordinates": [ -60.55253805, -31.73995657 ] } },
{ "type": "Feature", "properties": { "ogc_fid": 139626, "ncm": "0050260012", "pob2022": 140.0 }, "geometry": { "type": "Point", "coordinates": [ -60.5537352, -31.73976895 ] } },
{ "type": "Feature", "properties": { "ogc_fid": 3155, "ncm": null, "pob2022": null }, "geometry": { "type": "Point", "coordinates": [ -60.53090194, -31.71898967 ] } },
{ "type": "Feature", "properties": { "ogc_fid": 3156, "ncm": null, "pob2022": null }, "geometry": { "type": "Point", "coordinates": [ -60.53731439, -31.71949773 ] } },
{ "type": "Feature", "properties": { "ogc_fid": 139627, "ncm": "0050260011", "pob2022": 100.0 }, "geometry": { "type": "Point", "coordinates": [ -60.55492948, -31.73957736 ] } },
{ "type": "Feature", "properties": { "ogc_fid": 139628, "ncm": "0050260010", "pob2022": 81.0 }, "geometry": { "type": "Point", "coordinates": [ -60.55660394, -31.73930664 ] } },
{ "type": "Feature", "properties": { "ogc_fid": 3157, "ncm": null, "pob2022": null }, "geometry": { "type": "Point", "coordinates": [ -60.53806054, -31.71779424 ] } },
{ "type": "Feature", "properties": { "ogc_fid": 3158, "ncm": null, "pob2022": null }, "geometry": { "type": "Point", "coordinates": [ -60.5346228, -31.71912882 ] } },
{ "type": "Feature", "properties": { "ogc_fid": 3159, "ncm": null, "pob2022": null }, "geometry": { "type": "Point", "coordinates": [ -60.53791778, -31.71580228 ] } },
{ "type": "Feature", "properties": { "ogc_fid": 139629, "ncm": "0050260001", "pob2022": 0.0 }, "geometry": { "type": "Point", "coordinates": [ -60.55835455, -31.73665044 ] } },
{ "type": "Feature", "properties": { "ogc_fid": 139630, "ncm": "0050230003", "pob2022": 105.0 }, "geometry": { "type": "Point", "coordinates": [ -60.55139113, -31.73248352 ] } },
{ "type": "Feature", "properties": { "ogc_fid": 137351, "ncm": "0122380001", "pob2022": 0.0 }, "geometry": { "type": "Point", "coordinates": [ -60.54433551, -31.79661509 ] } },
{ "type": "Feature", "properties": { "ogc_fid": 137353, "ncm": "0122370001", "pob2022": 1.0 }, "geometry": { "type": "Point", "coordinates": [ -60.55002793, -31.79547844 ] } },
{ "type": "Feature", "properties": { "ogc_fid": 137354, "ncm": "0122360001", "pob2022": 0.0 }, "geometry": { "type": "Point", "coordinates": [ -60.55553123, -31.79444925 ] } },
{ "type": "Feature", "properties": { "ogc_fid": 137355, "ncm": "0122320001", "pob2022": 0.0 }, "geometry": { "type": "Point", "coordinates": [ -60.48702607, -31.7995016 ] } },
{ "type": "Feature", "properties": { "ogc_fid": 137356, "ncm": "0122300001", "pob2022": 8.0 }, "geometry": { "type": "Point", "coordinates": [ -60.49711846, -31.79792761 ] } },
{ "type": "Feature", "properties": { "ogc_fid": 137357, "ncm": "0121820001", "pob2022": 4.0 }, "geometry": { "type": "Point", "coordinates": [ -60.55347982, -31.78425733 ] } },
{ "type": "Feature", "properties": { "ogc_fid": 137358, "ncm": "0122290001", "pob2022": 7.0 }, "geometry": { "type": "Point", "coordinates": [ -60.502818, -31.79701537 ] } },
{ "type": "Feature", "properties": { "ogc_fid": 137359, "ncm": "0121930009", "pob2022": 0.0 }, "geometry": { "type": "Point", "coordinates": [ -60.4904129, -31.79431816 ] } },
{ "type": "Feature", "properties": { "ogc_fid": 137360, "ncm": "0122280001", "pob2022": 16.0 }, "geometry": { "type": "Point", "coordinates": [ -60.50826003, -31.79583462 ] } },
{ "type": "Feature", "properties": { "ogc_fid": 137361, "ncm": "0122270003", "pob2022": 1.0 }, "geometry": { "type": "Point", "coordinates": [ -60.51222905, -31.79528474 ] } },
{ "type": "Feature", "properties": { "ogc_fid": 137362, "ncm": "0122270002", "pob2022": 30.0 }, "geometry": { "type": "Point", "coordinates": [ -60.51431315, -31.79461196 ] } },
{ "type": "Feature", "properties": { "ogc_fid": 137363, "ncm": "0122270001", "pob2022": 27.0 }, "geometry": { "type": "Point", "coordinates": [ -60.51627436, -31.79322282 ] } },
{ "type": "Feature", "properties": { "ogc_fid": 137365, "ncm": "0122240002", "pob2022": 2.0 }, "geometry": { "type": "Point", "coordinates": [ -60.53156487, -31.7929699 ] } },
{ "type": "Feature", "properties": { "ogc_fid": 137370, "ncm": "0122210001", "pob2022": 0.0 }, "geometry": { "type": "Point", "coordinates": [ -60.5487922, -31.78997942 ] } },
{ "type": "Feature", "properties": { "ogc_fid": 137372, "ncm": "0121810001", "pob2022": 0.0 }, "geometry": { "type": "Point", "coordinates": [ -60.55914008, -31.78331563 ] } },
{ "type": "Feature", "properties": { "ogc_fid": 137373, "ncm": "0121930006", "pob2022": 3.0 }, "geometry": { "type": "Point", "coordinates": [ -60.4902581, -31.79355943 ] } },
{ "type": "Feature", "properties": { "ogc_fid": 137374, "ncm": "0121930005", "pob2022": 0.0 }, "geometry": { "type": "Point", "coordinates": [ -60.49138829, -31.79339122 ] } },
{ "type": "Feature", "properties": { "ogc_fid": 137375, "ncm": "0121930004", "pob2022": 0.0 }, "geometry": { "type": "Point", "coordinates": [ -60.49250735, -31.79360182 ] } },
{ "type": "Feature", "properties": { "ogc_fid": 137376, "ncm": "0121930003", "pob2022": 22.0 }, "geometry": { "type": "Point", "coordinates": [ -60.48835329, -31.7930172 ] } },
{ "type": "Feature", "properties": { "ogc_fid": 137377, "ncm": "0121930002", "pob2022": 7.0 }, "geometry": { "type": "Point", "coordinates": [ -60.4900946, -31.79275806 ] } },
{ "type": "Feature", "properties": { "ogc_fid": 137378, "ncm": "0121930011", "pob2022": 15.0 }, "geometry": { "type": "Point", "coordinates": [ -60.49073908, -31.79590638 ] } },
{ "type": "Feature", "properties": { "ogc_fid": 137379, "ncm": "0121930010", "pob2022": 3.0 }, "geometry": { "type": "Point", "coordinates": [ -60.48867155, -31.79457731 ] } },
{ "type": "Feature", "properties": { "ogc_fid": 137380, "ncm": "0121930001", "pob2022": 2.0 }, "geometry": { "type": "Point", "coordinates": [ -60.49183799, -31.79249859 ] } },
{ "type": "Feature", "properties": { "ogc_fid": 137381, "ncm": "0121920001", "pob2022": 10.0 }, "geometry": { "type": "Point", "coordinates": [ -60.49626778, -31.79383865 ] } },
{ "type": "Feature", "properties": { "ogc_fid": 137382, "ncm": "0121910016", "pob2022": 5.0 }, "geometry": { "type": "Point", "coordinates": [ -60.50456606, -31.79439346 ] } },
{ "type": "Feature", "properties": { "ogc_fid": 137383, "ncm": "0121910013", "pob2022": 34.0 }, "geometry": { "type": "Point", "coordinates": [ -60.50106493, -31.79428881 ] } },
{ "type": "Feature", "properties": { "ogc_fid": 139640, "ncm": "0050230008", "pob2022": 230.0 }, "geometry": { "type": "Point", "coordinates": [ -60.55185733, -31.73384399 ] } },
{ "type": "Feature", "properties": { "ogc_fid": 137384, "ncm": "0121910012", "pob2022": 16.0 }, "geometry": { "type": "Point", "coordinates": [ -60.50316891, -31.79332005 ] } },
{ "type": "Feature", "properties": { "ogc_fid": 139654, "ncm": "0050240007", "pob2022": 148.0 }, "geometry": { "type": "Point", "coordinates": [ -60.54922633, -31.7338309 ] } },
{ "type": "Feature", "properties": { "ogc_fid": 139655, "ncm": "0050240006", "pob2022": 67.0 }, "geometry": { "type": "Point", "coordinates": [ -60.55047978, -31.73342358 ] } },
{ "type": "Feature", "properties": { "ogc_fid": 139657, "ncm": "0050240001", "pob2022": 74.0 }, "geometry": { "type": "Point", "coordinates": [ -60.55013925, -31.73275765 ] } },
{ "type": "Feature", "properties": { "ogc_fid": 137385, "ncm": "0121910011", "pob2022": 14.0 }, "geometry": { "type": "Point", "coordinates": [ -60.50431086, -31.79315149 ] } },
{ "type": "Feature", "properties": { "ogc_fid": 137386, "ncm": "0121910010", "pob2022": 10.0 }, "geometry": { "type": "Point", "coordinates": [ -60.4995953, -31.79263001 ] } },
{ "type": "Feature", "properties": { "ogc_fid": 139660, "ncm": "0050240021", "pob2022": 73.0 }, "geometry": { "type": "Point", "coordinates": [ -60.55019014, -31.73727762 ] } },
{ "type": "Feature", "properties": { "ogc_fid": 139662, "ncm": "0050230020", "pob2022": 71.0 }, "geometry": { "type": "Point", "coordinates": [ -60.55295144, -31.73682499 ] } },
{ "type": "Feature", "properties": { "ogc_fid": 139663, "ncm": "0050240002", "pob2022": 138.0 }, "geometry": { "type": "Point", "coordinates": [ -60.54916352, -31.73294041 ] } },
{ "type": "Feature", "properties": { "ogc_fid": 139664, "ncm": "0050190016", "pob2022": 100.0 }, "geometry": { "type": "Point", "coordinates": [ -60.55452116, -31.73090626 ] } },
{ "type": "Feature", "properties": { "ogc_fid": 139666, "ncm": "0050240017", "pob2022": 112.0 }, "geometry": { "type": "Point", "coordinates": [ -60.54951239, -31.73621576 ] } },
{ "type": "Feature", "properties": { "ogc_fid": 139667, "ncm": "0050240016", "pob2022": 112.0 }, "geometry": { "type": "Point", "coordinates": [ -60.55027808, -31.73537334 ] } },
{ "type": "Feature", "properties": { "ogc_fid": 139668, "ncm": "0050240015", "pob2022": 92.0 }, "geometry": { "type": "Point", "coordinates": [ -60.55123779, -31.73494938 ] } },
{ "type": "Feature", "properties": { "ogc_fid": 139671, "ncm": "0050240012", "pob2022": 66.0 }, "geometry": { "type": "Point", "coordinates": [ -60.54878568, -31.73524834 ] } },
{ "type": "Feature", "properties": { "ogc_fid": 139672, "ncm": "0050240011", "pob2022": 100.0 }, "geometry": { "type": "Point", "coordinates": [ -60.54975272, -31.7346237 ] } },
{ "type": "Feature", "properties": { "ogc_fid": 139674, "ncm": "0050240010", "pob2022": 140.0 }, "geometry": { "type": "Point", "coordinates": [ -60.55081322, -31.73408019 ] } },
{ "type": "Feature", "properties": { "ogc_fid": 139675, "ncm": "0050230007", "pob2022": 149.0 }, "geometry": { "type": "Point", "coordinates": [ -60.55313778, -31.73362348 ] } },
{ "type": "Feature", "properties": { "ogc_fid": 139676, "ncm": "0050230006", "pob2022": 122.0 }, "geometry": { "type": "Point", "coordinates": [ -60.5515948, -31.73315788 ] } },
{ "type": "Feature", "properties": { "ogc_fid": 139677, "ncm": "0050230005", "pob2022": 132.0 }, "geometry": { "type": "Point", "coordinates": [ -60.55299358, -31.73294447 ] } },
{ "type": "Feature", "properties": { "ogc_fid": 139678, "ncm": "0050230004", "pob2022": 167.0 }, "geometry": { "type": "Point", "coordinates": [ -60.55467423, -31.7331589 ] } },
{ "type": "Feature", "properties": { "ogc_fid": 139679, "ncm": "0050230022", "pob2022": 103.0 }, "geometry": { "type": "Point", "coordinates": [ -60.55562583, -31.73225002 ] } },
{ "type": "Feature", "properties": { "ogc_fid": 139680, "ncm": "0050230002", "pob2022": 111.0 }, "geometry": { "type": "Point", "coordinates": [ -60.55275317, -31.73218869 ] } },
{ "type": "Feature", "properties": { "ogc_fid": 139681, "ncm": "0050230019", "pob2022": 114.0 }, "geometry": { "type": "Point", "coordinates": [ -60.55410333, -31.73658512 ] } },
{ "type": "Feature", "properties": { "ogc_fid": 139682, "ncm": "0050230018", "pob2022": 461.0 }, "geometry": { "type": "Point", "coordinates": [ -60.55538579, -31.73639972 ] } },
{ "type": "Feature", "properties": { "ogc_fid": 139684, "ncm": "0050230016", "pob2022": 210.0 }, "geometry": { "type": "Point", "coordinates": [ -60.55264014, -31.73579773 ] } },
{ "type": "Feature", "properties": { "ogc_fid": 139685, "ncm": "0050230015", "pob2022": 315.0 }, "geometry": { "type": "Point", "coordinates": [ -60.55381024, -31.73561626 ] } },
{ "type": "Feature", "properties": { "ogc_fid": 139686, "ncm": "0050230014", "pob2022": 421.0 }, "geometry": { "type": "Point", "coordinates": [ -60.5553417, -31.73536907 ] } },
{ "type": "Feature", "properties": { "ogc_fid": 139687, "ncm": "0050230012", "pob2022": 164.0 }, "geometry": { "type": "Point", "coordinates": [ -60.55220983, -31.7347635 ] } },
{ "type": "Feature", "properties": { "ogc_fid": 139688, "ncm": "0050230011", "pob2022": 340.0 }, "geometry": { "type": "Point", "coordinates": [ -60.55342645, -31.73459301 ] } },
{ "type": "Feature", "properties": { "ogc_fid": 139689, "ncm": "0050230010", "pob2022": 546.0 }, "geometry": { "type": "Point", "coordinates": [ -60.55522225, -31.73439706 ] } },
{ "type": "Feature", "properties": { "ogc_fid": 139690, "ncm": "0050230001", "pob2022": 102.0 }, "geometry": { "type": "Point", "coordinates": [ -60.55396487, -31.7318605 ] } },
{ "type": "Feature", "properties": { "ogc_fid": 139716, "ncm": "0050200006", "pob2022": 378.0 }, "geometry": { "type": "Point", "coordinates": [ -60.55049157, -31.73042537 ] } },
{ "type": "Feature", "properties": { "ogc_fid": 139720, "ncm": "0050200016", "pob2022": 109.0 }, "geometry": { "type": "Point", "coordinates": [ -60.5489028, -31.73226623 ] } },
{ "type": "Feature", "properties": { "ogc_fid": 137409, "ncm": "0121450001", "pob2022": 1.0 }, "geometry": { "type": "Point", "coordinates": [ -60.55810304, -31.77857092 ] } },
{ "type": "Feature", "properties": { "ogc_fid": 137410, "ncm": "0121440001", "pob2022": 0.0 }, "geometry": { "type": "Point", "coordinates": [ -60.56373168, -31.77765137 ] } },
{ "type": "Feature", "properties": { "ogc_fid": 139722, "ncm": "0050200015", "pob2022": 132.0 }, "geometry": { "type": "Point", "coordinates": [ -60.54979279, -31.7320461 ] } },
{ "type": "Feature", "properties": { "ogc_fid": 139723, "ncm": "0050200014", "pob2022": 250.0 }, "geometry": { "type": "Point", "coordinates": [ -60.55127469, -31.73180722 ] } },
{ "type": "Feature", "properties": { "ogc_fid": 139724, "ncm": "0050200012", "pob2022": 86.0 }, "geometry": { "type": "Point", "coordinates": [ -60.54948248, -31.73139521 ] } },
{ "type": "Feature", "properties": { "ogc_fid": 139727, "ncm": "0050200001", "pob2022": 382.0 }, "geometry": { "type": "Point", "coordinates": [ -60.54958711, -31.72867917 ] } },
{ "type": "Feature", "properties": { "ogc_fid": 139728, "ncm": "0050190009", "pob2022": 113.0 }, "geometry": { "type": "Point", "coordinates": [ -60.55455969, -31.72950865 ] } },
{ "type": "Feature", "properties": { "ogc_fid": 139729, "ncm": "0050190007", "pob2022": 1.0 }, "geometry": { "type": "Point", "coordinates": [ -60.5516784, -31.72966945 ] } },
{ "type": "Feature", "properties": { "ogc_fid": 139730, "ncm": "0050190006", "pob2022": 296.0 }, "geometry": { "type": "Point", "coordinates": [ -60.55265736, -31.72926359 ] } },
{ "type": "Feature", "properties": { "ogc_fid": 139731, "ncm": "0050190004", "pob2022": 204.0 }, "geometry": { "type": "Point", "coordinates": [ -60.55082549, -31.72804483 ] } },
{ "type": "Feature", "properties": { "ogc_fid": 139721, "ncm": "0050240020", "pob2022": 180.0 }, "geometry": { "type": "Point", "coordinates": [ -60.55131999, -31.73592222 ] } },
{ "type": "Feature", "properties": { "ogc_fid": 139732, "ncm": "0050190003", "pob2022": 212.0 }, "geometry": { "type": "Point", "coordinates": [ -60.55174612, -31.72766469 ] } },
{ "type": "Feature", "properties": { "ogc_fid": 139734, "ncm": "0050190020", "pob2022": 167.0 }, "geometry": { "type": "Point", "coordinates": [ -60.55544725, -31.73168961 ] } },
{ "type": "Feature", "properties": { "ogc_fid": 139735, "ncm": "0050190019", "pob2022": 79.0 }, "geometry": { "type": "Point", "coordinates": [ -60.55589127, -31.73123946 ] } },
{ "type": "Feature", "properties": { "ogc_fid": 139736, "ncm": "0050190017", "pob2022": 119.0 }, "geometry": { "type": "Point", "coordinates": [ -60.55508474, -31.73074789 ] } },
{ "type": "Feature", "properties": { "ogc_fid": 139737, "ncm": "0050190017", "pob2022": 119.0 }, "geometry": { "type": "Point", "coordinates": [ -60.55546054, -31.73055905 ] } },
{ "type": "Feature", "properties": { "ogc_fid": 139739, "ncm": "0050190013", "pob2022": 41.0 }, "geometry": { "type": "Point", "coordinates": [ -60.55651163, -31.73095378 ] } },
{ "type": "Feature", "properties": { "ogc_fid": 139740, "ncm": "0050190012", "pob2022": 85.0 }, "geometry": { "type": "Point", "coordinates": [ -60.55344156, -31.73079703 ] } },
{ "type": "Feature", "properties": { "ogc_fid": 139741, "ncm": "0050190010", "pob2022": 168.0 }, "geometry": { "type": "Point", "coordinates": [ -60.55394226, -31.72977217 ] } },
{ "type": "Feature", "properties": { "ogc_fid": 139743, "ncm": "0050170005", "pob2022": 36.0 }, "geometry": { "type": "Point", "coordinates": [ -60.54880448, -31.72279434 ] } },
{ "type": "Feature", "properties": { "ogc_fid": 139746, "ncm": "0050170020", "pob2022": 65.0 }, "geometry": { "type": "Point", "coordinates": [ -60.54895912, -31.72705859 ] } },
{ "type": "Feature", "properties": { "ogc_fid": 139748, "ncm": "0050170015", "pob2022": 43.0 }, "geometry": { "type": "Point", "coordinates": [ -60.54974753, -31.7256351 ] } },
{ "type": "Feature", "properties": { "ogc_fid": 139749, "ncm": "0050170001", "pob2022": 125.0 }, "geometry": { "type": "Point", "coordinates": [ -60.54933011, -31.72179094 ] } },
{ "type": "Feature", "properties": { "ogc_fid": 139750, "ncm": "0050160006", "pob2022": 169.0 }, "geometry": { "type": "Point", "coordinates": [ -60.55158962, -31.72597758 ] } },
{ "type": "Feature", "properties": { "ogc_fid": 139751, "ncm": "0050160004", "pob2022": 75.0 }, "geometry": { "type": "Point", "coordinates": [ -60.55081237, -31.72336963 ] } },
{ "type": "Feature", "properties": { "ogc_fid": 139752, "ncm": "0050160002", "pob2022": 14.0 }, "geometry": { "type": "Point", "coordinates": [ -60.55304388, -31.7273861 ] } },
{ "type": "Feature", "properties": { "ogc_fid": 139753, "ncm": "0050260019", "pob2022": 54.0 }, "geometry": { "type": "Point", "coordinates": [ -60.55650468, -31.73810675 ] } },
{ "type": "Feature", "properties": { "ogc_fid": 139754, "ncm": "0050300009", "pob2022": 161.0 }, "geometry": { "type": "Point", "coordinates": [ -60.55584393, -31.74213673 ] } },
{ "type": "Feature", "properties": { "ogc_fid": 139760, "ncm": "0050170019", "pob2022": 205.0 }, "geometry": { "type": "Point", "coordinates": [ -60.54873371, -31.72683209 ] } },
{ "type": "Feature", "properties": { "ogc_fid": 139762, "ncm": "0050270017", "pob2022": 126.0 }, "geometry": { "type": "Point", "coordinates": [ -60.54977464, -31.74239705 ] } },
{ "type": "Feature", "properties": { "ogc_fid": 139765, "ncm": "0050190005", "pob2022": 464.0 }, "geometry": { "type": "Point", "coordinates": [ -60.55826307, -31.72858437 ] } },
{ "type": "Feature", "properties": { "ogc_fid": 139766, "ncm": "0050190021", "pob2022": 0.0 }, "geometry": { "type": "Point", "coordinates": [ -60.55256022, -31.73110858 ] } },
{ "type": "Feature", "properties": { "ogc_fid": 139767, "ncm": "0050190001", "pob2022": 76.0 }, "geometry": { "type": "Point", "coordinates": [ -60.55088134, -31.72683397 ] } },
{ "type": "Feature", "properties": { "ogc_fid": 139770, "ncm": "0050230023", "pob2022": 88.0 }, "geometry": { "type": "Point", "coordinates": [ -60.55573451, -31.73266734 ] } },
{ "type": "Feature", "properties": { "ogc_fid": 139771, "ncm": "0050260021", "pob2022": 84.0 }, "geometry": { "type": "Point", "coordinates": [ -60.55329196, -31.73833991 ] } },
{ "type": "Feature", "properties": { "ogc_fid": 139772, "ncm": "0050270015", "pob2022": 137.0 }, "geometry": { "type": "Point", "coordinates": [ -60.54959091, -31.74165276 ] } },
{ "type": "Feature", "properties": { "ogc_fid": 139774, "ncm": "0050300003", "pob2022": 120.0 }, "geometry": { "type": "Point", "coordinates": [ -60.5572583, -31.74338662 ] } },
{ "type": "Feature", "properties": { "ogc_fid": 139775, "ncm": "0050190002", "pob2022": 36.0 }, "geometry": { "type": "Point", "coordinates": [ -60.54976238, -31.72752555 ] } },
{ "type": "Feature", "properties": { "ogc_fid": 139777, "ncm": "0050310007", "pob2022": 47.0 }, "geometry": { "type": "Point", "coordinates": [ -60.5520718, -31.74394399 ] } },
{ "type": "Feature", "properties": { "ogc_fid": 139778, "ncm": "0050310008", "pob2022": 115.0 }, "geometry": { "type": "Point", "coordinates": [ -60.54959746, -31.74443685 ] } },
{ "type": "Feature", "properties": { "ogc_fid": 139779, "ncm": "0050310021", "pob2022": 146.0 }, "geometry": { "type": "Point", "coordinates": [ -60.55156227, -31.7465884 ] } },
{ "type": "Feature", "properties": { "ogc_fid": 139780, "ncm": "0050310021", "pob2022": 146.0 }, "geometry": { "type": "Point", "coordinates": [ -60.5511721, -31.74577376 ] } },
{ "type": "Feature", "properties": { "ogc_fid": 139787, "ncm": "0050300002", "pob2022": 47.0 }, "geometry": { "type": "Point", "coordinates": [ -60.55713148, -31.74266455 ] } },
{ "type": "Feature", "properties": { "ogc_fid": 139788, "ncm": "0050310021", "pob2022": 146.0 }, "geometry": { "type": "Point", "coordinates": [ -60.55239819, -31.74585515 ] } },
{ "type": "Feature", "properties": { "ogc_fid": 139790, "ncm": "0050230009", "pob2022": 76.0 }, "geometry": { "type": "Point", "coordinates": [ -60.55771563, -31.73540254 ] } },
{ "type": "Feature", "properties": { "ogc_fid": 139791, "ncm": "0050230009", "pob2022": 76.0 }, "geometry": { "type": "Point", "coordinates": [ -60.55818363, -31.73257959 ] } },
{ "type": "Feature", "properties": { "ogc_fid": 139804, "ncm": "0050310001", "pob2022": 73.0 }, "geometry": { "type": "Point", "coordinates": [ -60.55106947, -31.74284998 ] } },
{ "type": "Feature", "properties": { "ogc_fid": 139809, "ncm": "0050270016", "pob2022": 271.0 }, "geometry": { "type": "Point", "coordinates": [ -60.54892057, -31.7419112 ] } },
{ "type": "Feature", "properties": { "ogc_fid": 139839, "ncm": "0040000006", "pob2022": 21.0 }, "geometry": { "type": "Point", "coordinates": [ -60.52646211, -31.71972563 ] } },
{ "type": "Feature", "properties": { "ogc_fid": 139842, "ncm": "0040000008", "pob2022": 146.0 }, "geometry": { "type": "Point", "coordinates": [ -60.52913442, -31.72068086 ] } },
{ "type": "Feature", "properties": { "ogc_fid": 137422, "ncm": "0121130001", "pob2022": 51.0 }, "geometry": { "type": "Point", "coordinates": [ -60.55141804, -31.77452611 ] } },
{ "type": "Feature", "properties": { "ogc_fid": 139858, "ncm": "0040000007", "pob2022": 71.0 }, "geometry": { "type": "Point", "coordinates": [ -60.53049804, -31.72032456 ] } },
{ "type": "Feature", "properties": { "ogc_fid": 139869, "ncm": "0040000005", "pob2022": 2.0 }, "geometry": { "type": "Point", "coordinates": [ -60.53620522, -31.71744436 ] } },
{ "type": "Feature", "properties": { "ogc_fid": 137423, "ncm": "0121120001", "pob2022": 1.0 }, "geometry": { "type": "Point", "coordinates": [ -60.55709158, -31.77364928 ] } },
{ "type": "Feature", "properties": { "ogc_fid": 139875, "ncm": "0040000004", "pob2022": 117.0 }, "geometry": { "type": "Point", "coordinates": [ -60.54066331, -31.71700347 ] } },
{ "type": "Feature", "properties": { "ogc_fid": 139878, "ncm": "0040000003", "pob2022": null }, "geometry": { "type": "Point", "coordinates": [ -60.54062524, -31.71640611 ] } },
{ "type": "Feature", "properties": { "ogc_fid": 139887, "ncm": "0040000015", "pob2022": 217.0 }, "geometry": { "type": "Point", "coordinates": [ -60.53555474, -31.71981313 ] } },
{ "type": "Feature", "properties": { "ogc_fid": 139888, "ncm": "0040000014", "pob2022": 135.0 }, "geometry": { "type": "Point", "coordinates": [ -60.53864671, -31.72007735 ] } },
{ "type": "Feature", "properties": { "ogc_fid": 139890, "ncm": "0040000011", "pob2022": 24.0 }, "geometry": { "type": "Point", "coordinates": [ -60.52603208, -31.72074985 ] } },
{ "type": "Feature", "properties": { "ogc_fid": 139892, "ncm": "0040000010", "pob2022": 24.0 }, "geometry": { "type": "Point", "coordinates": [ -60.52659946, -31.72053108 ] } },
{ "type": "Feature", "properties": { "ogc_fid": 139893, "ncm": "0040000001", "pob2022": 7.0 }, "geometry": { "type": "Point", "coordinates": [ -60.53991404, -31.71610517 ] } },
{ "type": "Feature", "properties": { "ogc_fid": 139894, "ncm": "0040000002", "pob2022": 1.0 }, "geometry": { "type": "Point", "coordinates": [ -60.53531672, -31.71644548 ] } },
{ "type": "Feature", "properties": { "ogc_fid": 139901, "ncm": "0040000016", "pob2022": 450.0 }, "geometry": { "type": "Point", "coordinates": [ -60.53410318, -31.72074632 ] } },
{ "type": "Feature", "properties": { "ogc_fid": 137424, "ncm": "0121110001", "pob2022": 0.0 }, "geometry": { "type": "Point", "coordinates": [ -60.56439639, -31.7724923 ] } },
{ "type": "Feature", "properties": { "ogc_fid": 137426, "ncm": "0121460001", "pob2022": 10.0 }, "geometry": { "type": "Point", "coordinates": [ -60.55240783, -31.77941633 ] } },
{ "type": "Feature", "properties": { "ogc_fid": 137429, "ncm": "0120800001", "pob2022": 0.0 }, "geometry": { "type": "Point", "coordinates": [ -60.56299535, -31.76762329 ] } },
{ "type": "Feature", "properties": { "ogc_fid": 137430, "ncm": "0122260001", "pob2022": 55.0 }, "geometry": { "type": "Point", "coordinates": [ -60.52034297, -31.79449061 ] } },
{ "type": "Feature", "properties": { "ogc_fid": 137439, "ncm": "0122350001", "pob2022": 0.0 }, "geometry": { "type": "Point", "coordinates": [ -60.56039276, -31.79231766 ] } },
{ "type": "Feature", "properties": { "ogc_fid": 137444, "ncm": "0122420001", "pob2022": 2.0 }, "geometry": { "type": "Point", "coordinates": [ -60.52150948, -31.79821703 ] } },
{ "type": "Feature", "properties": { "ogc_fid": 137462, "ncm": "0122270004", "pob2022": 52.0 }, "geometry": { "type": "Point", "coordinates": [ -60.51624401, -31.7959447 ] } },
{ "type": "Feature", "properties": { "ogc_fid": 137474, "ncm": "0122190007", "pob2022": 1.0 }, "geometry": { "type": "Point", "coordinates": [ -60.56161611, -31.78777041 ] } },
{ "type": "Feature", "properties": { "ogc_fid": 137475, "ncm": "0122190010", "pob2022": 3.0 }, "geometry": { "type": "Point", "coordinates": [ -60.56470961, -31.78714074 ] } },
{ "type": "Feature", "properties": { "ogc_fid": 137476, "ncm": "0122190011", "pob2022": 1.0 }, "geometry": { "type": "Point", "coordinates": [ -60.56503099, -31.78842227 ] } },
{ "type": "Feature", "properties": { "ogc_fid": 137489, "ncm": "0121890014", "pob2022": 0.0 }, "geometry": { "type": "Point", "coordinates": [ -60.51146756, -31.79266443 ] } },
{ "type": "Feature", "properties": { "ogc_fid": 137490, "ncm": "0121890013", "pob2022": 1.0 }, "geometry": { "type": "Point", "coordinates": [ -60.51224726, -31.79254614 ] } },
{ "type": "Feature", "properties": { "ogc_fid": 137491, "ncm": "0121890012", "pob2022": 0.0 }, "geometry": { "type": "Point", "coordinates": [ -60.51307446, -31.79238595 ] } },
{ "type": "Feature", "properties": { "ogc_fid": 137496, "ncm": "0122190002", "pob2022": 1.0 }, "geometry": { "type": "Point", "coordinates": [ -60.56251911, -31.7866779 ] } },
{ "type": "Feature", "properties": { "ogc_fid": 137497, "ncm": "0122190003", "pob2022": 3.0 }, "geometry": { "type": "Point", "coordinates": [ -60.56141363, -31.78674134 ] } },
{ "type": "Feature", "properties": { "ogc_fid": 137498, "ncm": "0122190008", "pob2022": 1.0 }, "geometry": { "type": "Point", "coordinates": [ -60.56272392, -31.78773238 ] } },
{ "type": "Feature", "properties": { "ogc_fid": 137499, "ncm": "0122190005", "pob2022": 0.0 }, "geometry": { "type": "Point", "coordinates": [ -60.55823941, -31.78702545 ] } },
{ "type": "Feature", "properties": { "ogc_fid": 137500, "ncm": "0122190004", "pob2022": 1.0 }, "geometry": { "type": "Point", "coordinates": [ -60.56003615, -31.787012 ] } },
{ "type": "Feature", "properties": { "ogc_fid": 137501, "ncm": "0122190005", "pob2022": 0.0 }, "geometry": { "type": "Point", "coordinates": [ -60.55909417, -31.78740814 ] } },
{ "type": "Feature", "properties": { "ogc_fid": 137502, "ncm": "0122190006", "pob2022": 1.0 }, "geometry": { "type": "Point", "coordinates": [ -60.55845521, -31.78833994 ] } },
{ "type": "Feature", "properties": { "ogc_fid": 137503, "ncm": "0122190009", "pob2022": 4.0 }, "geometry": { "type": "Point", "coordinates": [ -60.56307514, -31.78868876 ] } },
{ "type": "Feature", "properties": { "ogc_fid": 137504, "ncm": "0122190001", "pob2022": 2.0 }, "geometry": { "type": "Point", "coordinates": [ -60.56428705, -31.78645395 ] } },
{ "type": "Feature", "properties": { "ogc_fid": 137505, "ncm": "0120820003", "pob2022": 2.0 }, "geometry": { "type": "Point", "coordinates": [ -60.55105377, -31.7676165 ] } },
{ "type": "Feature", "properties": { "ogc_fid": 137506, "ncm": "0120820004", "pob2022": 3.0 }, "geometry": { "type": "Point", "coordinates": [ -60.55042747, -31.76771262 ] } },
{ "type": "Feature", "properties": { "ogc_fid": 137507, "ncm": "0120820005", "pob2022": 1.0 }, "geometry": { "type": "Point", "coordinates": [ -60.54980112, -31.76780883 ] } },
{ "type": "Feature", "properties": { "ogc_fid": 137533, "ncm": "0122190012", "pob2022": 2.0 }, "geometry": { "type": "Point", "coordinates": [ -60.55955821, -31.78872353 ] } },
{ "type": "Feature", "properties": { "ogc_fid": 137534, "ncm": "0122180001", "pob2022": null }, "geometry": { "type": "Point", "coordinates": [ -60.56415311, -31.78698908 ] } },
{ "type": "Feature", "properties": { "ogc_fid": 137583, "ncm": "0143290001", "pob2022": 0.0 }, "geometry": { "type": "Point", "coordinates": [ -60.41344448, -31.70620778 ] } },
{ "type": "Feature", "properties": { "ogc_fid": 137586, "ncm": "0143270001", "pob2022": 0.0 }, "geometry": { "type": "Point", "coordinates": [ -60.4153774, -31.71597966 ] } },
{ "type": "Feature", "properties": { "ogc_fid": 137593, "ncm": "0142150001", "pob2022": 0.0 }, "geometry": { "type": "Point", "coordinates": [ -60.44946521, -31.71064336 ] } },
{ "type": "Feature", "properties": { "ogc_fid": 137627, "ncm": "0143340001", "pob2022": 0.0 }, "geometry": { "type": "Point", "coordinates": [ -60.3987131, -31.69618527 ] } },
{ "type": "Feature", "properties": { "ogc_fid": 137628, "ncm": "0143330001", "pob2022": 0.0 }, "geometry": { "type": "Point", "coordinates": [ -60.40469356, -31.70216349 ] } },
{ "type": "Feature", "properties": { "ogc_fid": 137629, "ncm": "0143320001", "pob2022": 0.0 }, "geometry": { "type": "Point", "coordinates": [ -60.40811673, -31.70694742 ] } },
{ "type": "Feature", "properties": { "ogc_fid": 137630, "ncm": "0142800001", "pob2022": 0.0 }, "geometry": { "type": "Point", "coordinates": [ -60.43695163, -31.70758366 ] } },
{ "type": "Feature", "properties": { "ogc_fid": 137631, "ncm": "0143310001", "pob2022": 0.0 }, "geometry": { "type": "Point", "coordinates": [ -60.40919862, -31.71138935 ] } },
{ "type": "Feature", "properties": { "ogc_fid": 137632, "ncm": "0143300001", "pob2022": 0.0 }, "geometry": { "type": "Point", "coordinates": [ -60.4122086, -31.70165604 ] } },
{ "type": "Feature", "properties": { "ogc_fid": 137634, "ncm": "0143040001", "pob2022": 0.0 }, "geometry": { "type": "Point", "coordinates": [ -60.43232843, -31.7133083 ] } },
{ "type": "Feature", "properties": { "ogc_fid": 137635, "ncm": "0143030001", "pob2022": 5.0 }, "geometry": { "type": "Point", "coordinates": [ -60.4333436, -31.71814483 ] } },
{ "type": "Feature", "properties": { "ogc_fid": 137645, "ncm": "0142790001", "pob2022": 1.0 }, "geometry": { "type": "Point", "coordinates": [ -60.43796689, -31.71244326 ] } },
{ "type": "Feature", "properties": { "ogc_fid": 137646, "ncm": "0142780001", "pob2022": 3.0 }, "geometry": { "type": "Point", "coordinates": [ -60.4390533, -31.71726934 ] } },
{ "type": "Feature", "properties": { "ogc_fid": 137653, "ncm": "0142610001", "pob2022": 0.0 }, "geometry": { "type": "Point", "coordinates": [ -60.44267249, -31.70669103 ] } },
{ "type": "Feature", "properties": { "ogc_fid": 137654, "ncm": "0142600001", "pob2022": 0.0 }, "geometry": { "type": "Point", "coordinates": [ -60.4437047, -31.71154336 ] } },
{ "type": "Feature", "properties": { "ogc_fid": 137655, "ncm": "0142590001", "pob2022": 0.0 }, "geometry": { "type": "Point", "coordinates": [ -60.44480886, -31.7163423 ] } },
{ "type": "Feature", "properties": { "ogc_fid": 137672, "ncm": "0142170001", "pob2022": 0.0 }, "geometry": { "type": "Point", "coordinates": [ -60.44736396, -31.70106717 ] } },
{ "type": "Feature", "properties": { "ogc_fid": 137673, "ncm": "0142160001", "pob2022": 0.0 }, "geometry": { "type": "Point", "coordinates": [ -60.44842883, -31.70583364 ] } },
{ "type": "Feature", "properties": { "ogc_fid": 137675, "ncm": "0142140001", "pob2022": 0.0 }, "geometry": { "type": "Point", "coordinates": [ -60.45051214, -31.71547542 ] } },
{ "type": "Feature", "properties": { "ogc_fid": 137676, "ncm": "0142130001", "pob2022": 2.0 }, "geometry": { "type": "Point", "coordinates": [ -60.45148683, -31.7203609 ] } },
{ "type": "Feature", "properties": { "ogc_fid": 137684, "ncm": "0142810001", "pob2022": 1.0 }, "geometry": { "type": "Point", "coordinates": [ -60.43612802, -31.7036717 ] } },
{ "type": "Feature", "properties": { "ogc_fid": 137685, "ncm": "0143050001", "pob2022": 0.0 }, "geometry": { "type": "Point", "coordinates": [ -60.42781409, -31.70808809 ] } },
{ "type": "Feature", "properties": { "ogc_fid": 137686, "ncm": "0141790001", "pob2022": 7.0 }, "geometry": { "type": "Point", "coordinates": [ -60.45303806, -31.7008908 ] } },
{ "type": "Feature", "properties": { "ogc_fid": 137687, "ncm": "0141780001", "pob2022": 0.0 }, "geometry": { "type": "Point", "coordinates": [ -60.45413414, -31.70497919 ] } },
{ "type": "Feature", "properties": { "ogc_fid": 137688, "ncm": "0141770001", "pob2022": 2.0 }, "geometry": { "type": "Point", "coordinates": [ -60.45514912, -31.70982299 ] } },
{ "type": "Feature", "properties": { "ogc_fid": 137689, "ncm": "0141760001", "pob2022": 0.0 }, "geometry": { "type": "Point", "coordinates": [ -60.45617805, -31.71466553 ] } },
{ "type": "Feature", "properties": { "ogc_fid": 137690, "ncm": "0141750001", "pob2022": 11.0 }, "geometry": { "type": "Point", "coordinates": [ -60.45718262, -31.71950159 ] } },
{ "type": "Feature", "properties": { "ogc_fid": 137702, "ncm": "0141400001", "pob2022": 2.0 }, "geometry": { "type": "Point", "coordinates": [ -60.4628589, -31.71864694 ] } },
{ "type": "Feature", "properties": { "ogc_fid": 137703, "ncm": "0141430001", "pob2022": 0.0 }, "geometry": { "type": "Point", "coordinates": [ -60.45934444, -31.703235 ] } },
{ "type": "Feature", "properties": { "ogc_fid": 137704, "ncm": "0141420001", "pob2022": 0.0 }, "geometry": { "type": "Point", "coordinates": [ -60.46078497, -31.7089373 ] } },
{ "type": "Feature", "properties": { "ogc_fid": 137705, "ncm": "0141410001", "pob2022": 0.0 }, "geometry": { "type": "Point", "coordinates": [ -60.4618106, -31.71376807 ] } },
{ "type": "Feature", "properties": { "ogc_fid": 137713, "ncm": "0143280001", "pob2022": 1.0 }, "geometry": { "type": "Point", "coordinates": [ -60.41444542, -31.71104764 ] } },
{ "type": "Feature", "properties": { "ogc_fid": 137715, "ncm": "0142620001", "pob2022": 0.0 }, "geometry": { "type": "Point", "coordinates": [ -60.44190349, -31.70226246 ] } },
{ "type": "Feature", "properties": { "ogc_fid": 137739, "ncm": "0143150001", "pob2022": 2.0 }, "geometry": { "type": "Point", "coordinates": [ -60.42769567, -31.71901684 ] } },
{ "type": "Feature", "properties": { "ogc_fid": 137740, "ncm": "0143160001", "pob2022": 12.0 }, "geometry": { "type": "Point", "coordinates": [ -60.42788518, -31.71410039 ] } },
{ "type": "Feature", "properties": { "ogc_fid": 137741, "ncm": "0143200001", "pob2022": 3.0 }, "geometry": { "type": "Point", "coordinates": [ -60.42205113, -31.71989773 ] } },
{ "type": "Feature", "properties": { "ogc_fid": 137759, "ncm": "0143210001", "pob2022": 7.0 }, "geometry": { "type": "Point", "coordinates": [ -60.42107643, -31.7150294 ] } },
{ "type": "Feature", "properties": { "ogc_fid": 137760, "ncm": "0143220001", "pob2022": 0.0 }, "geometry": { "type": "Point", "coordinates": [ -60.420116, -31.71018341 ] } },
{ "type": "Feature", "properties": { "ogc_fid": 137761, "ncm": "0143230001", "pob2022": 0.0 }, "geometry": { "type": "Point", "coordinates": [ -60.41879796, -31.70506538 ] } },
{ "type": "Feature", "properties": { "ogc_fid": 137766, "ncm": "0143260001", "pob2022": 0.0 }, "geometry": { "type": "Point", "coordinates": [ -60.41566204, -31.72079642 ] } },
{ "type": "Feature", "properties": { "ogc_fid": 137772, "ncm": "0143160001", "pob2022": 12.0 }, "geometry": { "type": "Point", "coordinates": [ -60.42620549, -31.71436299 ] } },
{ "type": "Feature", "properties": { "ogc_fid": 137779, "ncm": "0131600001", "pob2022": 0.0 }, "geometry": { "type": "Point", "coordinates": [ -60.47241644, -31.79248954 ] } },
{ "type": "Feature", "properties": { "ogc_fid": 137780, "ncm": "0131960001", "pob2022": 3.0 }, "geometry": { "type": "Point", "coordinates": [ -60.47347164, -31.79732081 ] } },
{ "type": "Feature", "properties": { "ogc_fid": 137781, "ncm": "0131970001", "pob2022": 2.0 }, "geometry": { "type": "Point", "coordinates": [ -60.46786589, -31.79709171 ] } },
{ "type": "Feature", "properties": { "ogc_fid": 137791, "ncm": "0131980001", "pob2022": 1.0 }, "geometry": { "type": "Point", "coordinates": [ -60.4667326, -31.79337 ] } },
{ "type": "Feature", "properties": { "ogc_fid": 137794, "ncm": "0131950001", "pob2022": 0.0 }, "geometry": { "type": "Point", "coordinates": [ -60.47746987, -31.79671252 ] } },
{ "type": "Feature", "properties": { "ogc_fid": 137795, "ncm": "0132330001", "pob2022": 0.0 }, "geometry": { "type": "Point", "coordinates": [ -60.47829118, -31.80092242 ] } },
{ "type": "Feature", "properties": { "ogc_fid": 137796, "ncm": "0132340001", "pob2022": 1.0 }, "geometry": { "type": "Point", "coordinates": [ -60.47476919, -31.80147112 ] } },
{ "type": "Feature", "properties": { "ogc_fid": 137797, "ncm": "0132430001", "pob2022": 7.0 }, "geometry": { "type": "Point", "coordinates": [ -60.46128962, -31.79387288 ] } },
{ "type": "Feature", "properties": { "ogc_fid": 140079, "ncm": "0010000008", "pob2022": 430.0 }, "geometry": { "type": "Point", "coordinates": [ -60.52209467, -31.71963955 ] } },
{ "type": "Feature", "properties": { "ogc_fid": 140138, "ncm": "0010000017", "pob2022": 3.0 }, "geometry": { "type": "Point", "coordinates": [ -60.52156887, -31.72056579 ] } },
{ "type": "Feature", "properties": { "ogc_fid": 137867, "ncm": "0132630003", "pob2022": null }, "geometry": { "type": "Point", "coordinates": [ -60.45713293, -31.79323528 ] } },
{ "type": "Feature", "properties": { "ogc_fid": 137868, "ncm": "0132430002", "pob2022": null }, "geometry": { "type": "Point", "coordinates": [ -60.46361244, -31.79708056 ] } },
{ "type": "Feature", "properties": { "ogc_fid": 137878, "ncm": "0100070031", "pob2022": 129.0 }, "geometry": { "type": "Point", "coordinates": [ -60.55644715, -31.72114309 ] } },
{ "type": "Feature", "properties": { "ogc_fid": 137879, "ncm": "0100070034", "pob2022": 78.0 }, "geometry": { "type": "Point", "coordinates": [ -60.55555782, -31.7219825 ] } },
{ "type": "Feature", "properties": { "ogc_fid": 137880, "ncm": "0100070057", "pob2022": 3.0 }, "geometry": { "type": "Point", "coordinates": [ -60.55657765, -31.71853133 ] } },
{ "type": "Feature", "properties": { "ogc_fid": 137881, "ncm": "0100070056", "pob2022": 21.0 }, "geometry": { "type": "Point", "coordinates": [ -60.55785763, -31.71893831 ] } },
{ "type": "Feature", "properties": { "ogc_fid": 137882, "ncm": "0100070055", "pob2022": 13.0 }, "geometry": { "type": "Point", "coordinates": [ -60.55917981, -31.71866078 ] } },
{ "type": "Feature", "properties": { "ogc_fid": 137883, "ncm": "0100070054", "pob2022": 0.0 }, "geometry": { "type": "Point", "coordinates": [ -60.55763421, -31.71827537 ] } },
{ "type": "Feature", "properties": { "ogc_fid": 137884, "ncm": "0100070040", "pob2022": 78.0 }, "geometry": { "type": "Point", "coordinates": [ -60.55552602, -31.72325511 ] } },
{ "type": "Feature", "properties": { "ogc_fid": 137885, "ncm": "0100070053", "pob2022": 15.0 }, "geometry": { "type": "Point", "coordinates": [ -60.55897977, -31.71797734 ] } },
{ "type": "Feature", "properties": { "ogc_fid": 137886, "ncm": "0100070052", "pob2022": 21.0 }, "geometry": { "type": "Point", "coordinates": [ -60.55877973, -31.71729389 ] } },
{ "type": "Feature", "properties": { "ogc_fid": 137887, "ncm": "0100070039", "pob2022": 85.0 }, "geometry": { "type": "Point", "coordinates": [ -60.55609967, -31.72319425 ] } },
{ "type": "Feature", "properties": { "ogc_fid": 137888, "ncm": "0100070051", "pob2022": 24.0 }, "geometry": { "type": "Point", "coordinates": [ -60.55763945, -31.71731618 ] } },
{ "type": "Feature", "properties": { "ogc_fid": 137889, "ncm": "0100070059", "pob2022": 4.0 }, "geometry": { "type": "Point", "coordinates": [ -60.55816344, -31.71972853 ] } },
{ "type": "Feature", "properties": { "ogc_fid": 137890, "ncm": "0100070065", "pob2022": 31.0 }, "geometry": { "type": "Point", "coordinates": [ -60.55235118, -31.72148031 ] } },
{ "type": "Feature", "properties": { "ogc_fid": 137891, "ncm": "0100070064", "pob2022": 26.0 }, "geometry": { "type": "Point", "coordinates": [ -60.55293124, -31.72158984 ] } },
{ "type": "Feature", "properties": { "ogc_fid": 137892, "ncm": "0100070062", "pob2022": 11.0 }, "geometry": { "type": "Point", "coordinates": [ -60.5518572, -31.72059875 ] } },
{ "type": "Feature", "properties": { "ogc_fid": 140140, "ncm": "0010000010", "pob2022": 1.0 }, "geometry": { "type": "Point", "coordinates": [ -60.52067171, -31.71987723 ] } },
{ "type": "Feature", "properties": { "ogc_fid": 137893, "ncm": "0100050006", "pob2022": 0.0 }, "geometry": { "type": "Point", "coordinates": [ -60.55795171, -31.71511612 ] } },
{ "type": "Feature", "properties": { "ogc_fid": 137894, "ncm": "0100050005", "pob2022": 95.0 }, "geometry": { "type": "Point", "coordinates": [ -60.55684432, -31.71471393 ] } },
{ "type": "Feature", "properties": { "ogc_fid": 137895, "ncm": "0100050004", "pob2022": 25.0 }, "geometry": { "type": "Point", "coordinates": [ -60.55778979, -31.71434776 ] } },
{ "type": "Feature", "properties": { "ogc_fid": 137896, "ncm": "0100070067", "pob2022": 38.0 }, "geometry": { "type": "Point", "coordinates": [ -60.55237464, -31.72200317 ] } },
{ "type": "Feature", "properties": { "ogc_fid": 137897, "ncm": "0100070063", "pob2022": 2.0 }, "geometry": { "type": "Point", "coordinates": [ -60.55231637, -31.72103337 ] } },
{ "type": "Feature", "properties": { "ogc_fid": 137898, "ncm": "0100070061", "pob2022": 26.0 }, "geometry": { "type": "Point", "coordinates": [ -60.55231298, -31.72055536 ] } },
{ "type": "Feature", "properties": { "ogc_fid": 137899, "ncm": "0100070060", "pob2022": 25.0 }, "geometry": { "type": "Point", "coordinates": [ -60.55276623, -31.72062172 ] } },
{ "type": "Feature", "properties": { "ogc_fid": 137900, "ncm": "0100070058", "pob2022": 12.0 }, "geometry": { "type": "Point", "coordinates": [ -60.55936033, -31.71939036 ] } },
{ "type": "Feature", "properties": { "ogc_fid": 137901, "ncm": "0100070005", "pob2022": 37.0 }, "geometry": { "type": "Point", "coordinates": [ -60.56187073, -31.72011065 ] } },
{ "type": "Feature", "properties": { "ogc_fid": 137902, "ncm": "0100070016", "pob2022": 0.0 }, "geometry": { "type": "Point", "coordinates": [ -60.5548914, -31.72374705 ] } },
{ "type": "Feature", "properties": { "ogc_fid": 137904, "ncm": "0100070038", "pob2022": 78.0 }, "geometry": { "type": "Point", "coordinates": [ -60.55665932, -31.72309251 ] } },
{ "type": "Feature", "properties": { "ogc_fid": 137905, "ncm": "0100070036", "pob2022": 119.0 }, "geometry": { "type": "Point", "coordinates": [ -60.55579004, -31.72243611 ] } },
{ "type": "Feature", "properties": { "ogc_fid": 137906, "ncm": "0100070033", "pob2022": 66.0 }, "geometry": { "type": "Point", "coordinates": [ -60.55662257, -31.72161845 ] } },
{ "type": "Feature", "properties": { "ogc_fid": 137907, "ncm": "0100070032", "pob2022": 54.0 }, "geometry": { "type": "Point", "coordinates": [ -60.55532615, -31.72152994 ] } },
{ "type": "Feature", "properties": { "ogc_fid": 137908, "ncm": "0100070028", "pob2022": 0.0 }, "geometry": { "type": "Point", "coordinates": [ -60.55499708, -31.72663975 ] } },
{ "type": "Feature", "properties": { "ogc_fid": 137909, "ncm": "0100070027", "pob2022": 0.0 }, "geometry": { "type": "Point", "coordinates": [ -60.55558605, -31.72639994 ] } },
{ "type": "Feature", "properties": { "ogc_fid": 137910, "ncm": "0100070026", "pob2022": 0.0 }, "geometry": { "type": "Point", "coordinates": [ -60.55465312, -31.72578503 ] } },
{ "type": "Feature", "properties": { "ogc_fid": 137911, "ncm": "0100070025", "pob2022": 0.0 }, "geometry": { "type": "Point", "coordinates": [ -60.55536649, -31.72564321 ] } },
{ "type": "Feature", "properties": { "ogc_fid": 140141, "ncm": "0010000007", "pob2022": 204.0 }, "geometry": { "type": "Point", "coordinates": [ -60.51546465, -31.71961118 ] } },
{ "type": "Feature", "properties": { "ogc_fid": 137913, "ncm": "0100050011", "pob2022": 13.0 }, "geometry": { "type": "Point", "coordinates": [ -60.56308995, -31.71174994 ] } },
{ "type": "Feature", "properties": { "ogc_fid": 137914, "ncm": "0100070019", "pob2022": 219.0 }, "geometry": { "type": "Point", "coordinates": [ -60.55216303, -31.723866 ] } },
{ "type": "Feature", "properties": { "ogc_fid": 137915, "ncm": "0100070018", "pob2022": 97.0 }, "geometry": { "type": "Point", "coordinates": [ -60.55299069, -31.72364962 ] } },
{ "type": "Feature", "properties": { "ogc_fid": 137916, "ncm": "0100070017", "pob2022": 84.0 }, "geometry": { "type": "Point", "coordinates": [ -60.55390685, -31.72351898 ] } },
{ "type": "Feature", "properties": { "ogc_fid": 137917, "ncm": "0100070015", "pob2022": 248.0 }, "geometry": { "type": "Point", "coordinates": [ -60.55371163, -31.72292031 ] } },
{ "type": "Feature", "properties": { "ogc_fid": 137918, "ncm": "0100070014", "pob2022": 186.0 }, "geometry": { "type": "Point", "coordinates": [ -60.55474681, -31.72277852 ] } },
{ "type": "Feature", "properties": { "ogc_fid": 137919, "ncm": "0100070013", "pob2022": 53.0 }, "geometry": { "type": "Point", "coordinates": [ -60.55194887, -31.72314656 ] } },
{ "type": "Feature", "properties": { "ogc_fid": 137920, "ncm": "0100070012", "pob2022": 187.0 }, "geometry": { "type": "Point", "coordinates": [ -60.55249503, -31.72298059 ] } },
{ "type": "Feature", "properties": { "ogc_fid": 137921, "ncm": "0100070011", "pob2022": 270.0 }, "geometry": { "type": "Point", "coordinates": [ -60.55334316, -31.72237628 ] } },
{ "type": "Feature", "properties": { "ogc_fid": 137922, "ncm": "0100070010", "pob2022": 153.0 }, "geometry": { "type": "Point", "coordinates": [ -60.55446715, -31.72189548 ] } },
{ "type": "Feature", "properties": { "ogc_fid": 137923, "ncm": "0100070001", "pob2022": 8.0 }, "geometry": { "type": "Point", "coordinates": [ -60.56272364, -31.71527162 ] } },
{ "type": "Feature", "properties": { "ogc_fid": 137924, "ncm": "0100060004", "pob2022": 56.0 }, "geometry": { "type": "Point", "coordinates": [ -60.55575923, -31.7160944 ] } },
{ "type": "Feature", "properties": { "ogc_fid": 137925, "ncm": "0100060002", "pob2022": 2.0 }, "geometry": { "type": "Point", "coordinates": [ -60.5562093, -31.71431612 ] } },
{ "type": "Feature", "properties": { "ogc_fid": 137926, "ncm": "0100060001", "pob2022": 17.0 }, "geometry": { "type": "Point", "coordinates": [ -60.55678849, -31.71304084 ] } },
{ "type": "Feature", "properties": { "ogc_fid": 137927, "ncm": "0100030002", "pob2022": 13.0 }, "geometry": { "type": "Point", "coordinates": [ -60.54166969, -31.71372294 ] } },
{ "type": "Feature", "properties": { "ogc_fid": 137928, "ncm": "0100050014", "pob2022": 2.0 }, "geometry": { "type": "Point", "coordinates": [ -60.56474028, -31.71250863 ] } },
{ "type": "Feature", "properties": { "ogc_fid": 137929, "ncm": "0100050013", "pob2022": 2.0 }, "geometry": { "type": "Point", "coordinates": [ -60.56398614, -31.71228186 ] } },
{ "type": "Feature", "properties": { "ogc_fid": 137930, "ncm": "0100050012", "pob2022": 10.0 }, "geometry": { "type": "Point", "coordinates": [ -60.56356311, -31.71247774 ] } },
{ "type": "Feature", "properties": { "ogc_fid": 137931, "ncm": "0100050010", "pob2022": 14.0 }, "geometry": { "type": "Point", "coordinates": [ -60.56290831, -31.71102812 ] } },
{ "type": "Feature", "properties": { "ogc_fid": 137932, "ncm": "0100030021", "pob2022": 23.0 }, "geometry": { "type": "Point", "coordinates": [ -60.54091849, -31.71460481 ] } },
{ "type": "Feature", "properties": { "ogc_fid": 137933, "ncm": "0100010016", "pob2022": 2.0 }, "geometry": { "type": "Point", "coordinates": [ -60.56765821, -31.70877433 ] } },
{ "type": "Feature", "properties": { "ogc_fid": 137934, "ncm": "0100040003", "pob2022": 33.0 }, "geometry": { "type": "Point", "coordinates": [ -60.56597641, -31.7112025 ] } },
{ "type": "Feature", "properties": { "ogc_fid": 137935, "ncm": "0100040002", "pob2022": 283.0 }, "geometry": { "type": "Point", "coordinates": [ -60.56728284, -31.71170886 ] } },
{ "type": "Feature", "properties": { "ogc_fid": 137936, "ncm": "0100010013", "pob2022": 39.0 }, "geometry": { "type": "Point", "coordinates": [ -60.57018384, -31.70843326 ] } },
{ "type": "Feature", "properties": { "ogc_fid": 137937, "ncm": "0100040001", "pob2022": 225.0 }, "geometry": { "type": "Point", "coordinates": [ -60.5706604, -31.71026588 ] } },
{ "type": "Feature", "properties": { "ogc_fid": 137938, "ncm": "0100030025", "pob2022": 16.0 }, "geometry": { "type": "Point", "coordinates": [ -60.54165956, -31.71300894 ] } },
{ "type": "Feature", "properties": { "ogc_fid": 137939, "ncm": "0100030024", "pob2022": 15.0 }, "geometry": { "type": "Point", "coordinates": [ -60.54008436, -31.71528263 ] } },
{ "type": "Feature", "properties": { "ogc_fid": 137940, "ncm": "0100030023", "pob2022": 25.0 }, "geometry": { "type": "Point", "coordinates": [ -60.54062073, -31.71415241 ] } },
{ "type": "Feature", "properties": { "ogc_fid": 137941, "ncm": "0100030022", "pob2022": 26.0 }, "geometry": { "type": "Point", "coordinates": [ -60.54060454, -31.71491207 ] } },
{ "type": "Feature", "properties": { "ogc_fid": 137942, "ncm": "0100010018", "pob2022": 27.0 }, "geometry": { "type": "Point", "coordinates": [ -60.5709353, -31.70882424 ] } },
{ "type": "Feature", "properties": { "ogc_fid": 137943, "ncm": "0100010009", "pob2022": 0.0 }, "geometry": { "type": "Point", "coordinates": [ -60.56422455, -31.70936535 ] } },
{ "type": "Feature", "properties": { "ogc_fid": 140156, "ncm": "0010000008", "pob2022": 430.0 }, "geometry": { "type": "Point", "coordinates": [ -60.51880481, -31.71955448 ] } },
{ "type": "Feature", "properties": { "ogc_fid": 137944, "ncm": "0100010007", "pob2022": 74.0 }, "geometry": { "type": "Point", "coordinates": [ -60.56747378, -31.7077923 ] } },
{ "type": "Feature", "properties": { "ogc_fid": 137945, "ncm": "0100010005", "pob2022": 161.0 }, "geometry": { "type": "Point", "coordinates": [ -60.56253906, -31.70747748 ] } },
{ "type": "Feature", "properties": { "ogc_fid": 137946, "ncm": "0100010004", "pob2022": 18.0 }, "geometry": { "type": "Point", "coordinates": [ -60.56376482, -31.70883352 ] } },
{ "type": "Feature", "properties": { "ogc_fid": 137947, "ncm": "0100010004", "pob2022": 18.0 }, "geometry": { "type": "Point", "coordinates": [ -60.56518985, -31.70820161 ] } },
{ "type": "Feature", "properties": { "ogc_fid": 137948, "ncm": "0100010028", "pob2022": 131.0 }, "geometry": { "type": "Point", "coordinates": [ -60.5625149, -31.70888057 ] } },
{ "type": "Feature", "properties": { "ogc_fid": 137949, "ncm": "0100010027", "pob2022": 138.0 }, "geometry": { "type": "Point", "coordinates": [ -60.56300921, -31.70884047 ] } },
{ "type": "Feature", "properties": { "ogc_fid": 137950, "ncm": "0100010026", "pob2022": 81.0 }, "geometry": { "type": "Point", "coordinates": [ -60.56397632, -31.70827189 ] } },
{ "type": "Feature", "properties": { "ogc_fid": 137951, "ncm": "0100010025", "pob2022": 55.0 }, "geometry": { "type": "Point", "coordinates": [ -60.56346411, -31.70763564 ] } },
{ "type": "Feature", "properties": { "ogc_fid": 137952, "ncm": "0100010024", "pob2022": 52.0 }, "geometry": { "type": "Point", "coordinates": [ -60.56420408, -31.70753407 ] } },
{ "type": "Feature", "properties": { "ogc_fid": 137953, "ncm": "0100010023", "pob2022": 123.0 }, "geometry": { "type": "Point", "coordinates": [ -60.56370734, -31.70689459 ] } },
{ "type": "Feature", "properties": { "ogc_fid": 137954, "ncm": "0100010022", "pob2022": 98.0 }, "geometry": { "type": "Point", "coordinates": [ -60.56329877, -31.71008033 ] } },
{ "type": "Feature", "properties": { "ogc_fid": 137956, "ncm": "0100020003", "pob2022": 89.0 }, "geometry": { "type": "Point", "coordinates": [ -60.55917473, -31.70588464 ] } },
{ "type": "Feature", "properties": { "ogc_fid": 137957, "ncm": "0100010002", "pob2022": 303.0 }, "geometry": { "type": "Point", "coordinates": [ -60.5663963, -31.70679757 ] } },
{ "type": "Feature", "properties": { "ogc_fid": 137955, "ncm": "0100010020", "pob2022": 42.0 }, "geometry": { "type": "Point", "coordinates": [ -60.567746, -31.7093339 ] } },
{ "type": "Feature", "properties": { "ogc_fid": 137959, "ncm": "0100030001", "pob2022": 237.0 }, "geometry": { "type": "Point", "coordinates": [ -60.54410585, -31.71164835 ] } },
{ "type": "Feature", "properties": { "ogc_fid": 137960, "ncm": "0100030001", "pob2022": 237.0 }, "geometry": { "type": "Point", "coordinates": [ -60.54716242, -31.71025271 ] } },
{ "type": "Feature", "properties": { "ogc_fid": 137961, "ncm": "0100010012", "pob2022": 4.0 }, "geometry": { "type": "Point", "coordinates": [ -60.56826717, -31.70786207 ] } },
{ "type": "Feature", "properties": { "ogc_fid": 137962, "ncm": "0100010011", "pob2022": 69.0 }, "geometry": { "type": "Point", "coordinates": [ -60.56813381, -31.70851059 ] } },
{ "type": "Feature", "properties": { "ogc_fid": 137963, "ncm": "0100010011", "pob2022": 69.0 }, "geometry": { "type": "Point", "coordinates": [ -60.56901135, -31.70806674 ] } },
{ "type": "Feature", "properties": { "ogc_fid": 137964, "ncm": "0100070066", "pob2022": 55.0 }, "geometry": { "type": "Point", "coordinates": [ -60.55178921, -31.72166977 ] } },
{ "type": "Feature", "properties": { "ogc_fid": 137965, "ncm": "0100060005", "pob2022": 395.0 }, "geometry": { "type": "Point", "coordinates": [ -60.55286894, -31.71921382 ] } },
{ "type": "Feature", "properties": { "ogc_fid": 137967, "ncm": "0100020026", "pob2022": 4.0 }, "geometry": { "type": "Point", "coordinates": [ -60.55211351, -31.71118158 ] } },
{ "type": "Feature", "properties": { "ogc_fid": 137968, "ncm": "0100020028", "pob2022": 5.0 }, "geometry": { "type": "Point", "coordinates": [ -60.55098212, -31.71209431 ] } },
{ "type": "Feature", "properties": { "ogc_fid": 137969, "ncm": "0100020027", "pob2022": 10.0 }, "geometry": { "type": "Point", "coordinates": [ -60.55034943, -31.71161332 ] } },
{ "type": "Feature", "properties": { "ogc_fid": 137970, "ncm": "0100030004", "pob2022": 1.0 }, "geometry": { "type": "Point", "coordinates": [ -60.53837988, -31.71434277 ] } },
{ "type": "Feature", "properties": { "ogc_fid": 140157, "ncm": "0010000011", "pob2022": 229.0 }, "geometry": { "type": "Point", "coordinates": [ -60.51844181, -31.72051186 ] } },
{ "type": "Feature", "properties": { "ogc_fid": 140161, "ncm": "0010000002", "pob2022": 145.0 }, "geometry": { "type": "Point", "coordinates": [ -60.51556817, -31.71842412 ] } },
{ "type": "Feature", "properties": { "ogc_fid": 140162, "ncm": "0010000002", "pob2022": 145.0 }, "geometry": { "type": "Point", "coordinates": [ -60.51523939, -31.71828694 ] } },
{ "type": "Feature", "properties": { "ogc_fid": 137972, "ncm": "0100070037", "pob2022": 0.0 }, "geometry": { "type": "Point", "coordinates": [ -60.5571866, -31.72296737 ] } },
{ "type": "Feature", "properties": { "ogc_fid": 140163, "ncm": "0010000003", "pob2022": 49.0 }, "geometry": { "type": "Point", "coordinates": [ -60.51501081, -31.71869554 ] } },
{ "type": "Feature", "properties": { "ogc_fid": 140164, "ncm": "0010000004", "pob2022": 102.0 }, "geometry": { "type": "Point", "coordinates": [ -60.51558097, -31.71872507 ] } },
{ "type": "Feature", "properties": { "ogc_fid": 140165, "ncm": "0010000005", "pob2022": 240.0 }, "geometry": { "type": "Point", "coordinates": [ -60.51611704, -31.71891067 ] } },
{ "type": "Feature", "properties": { "ogc_fid": 137973, "ncm": "0100070035", "pob2022": 42.0 }, "geometry": { "type": "Point", "coordinates": [ -60.55690363, -31.72205494 ] } },
{ "type": "Feature", "properties": { "ogc_fid": 137974, "ncm": "0100070006", "pob2022": 74.0 }, "geometry": { "type": "Point", "coordinates": [ -60.55912534, -31.72332429 ] } },
{ "type": "Feature", "properties": { "ogc_fid": 137975, "ncm": "0100030005", "pob2022": 29.0 }, "geometry": { "type": "Point", "coordinates": [ -60.54379281, -31.71316243 ] } },
{ "type": "Feature", "properties": { "ogc_fid": 137976, "ncm": "0100060005", "pob2022": 395.0 }, "geometry": { "type": "Point", "coordinates": [ -60.55522428, -31.71788404 ] } },
{ "type": "Feature", "properties": { "ogc_fid": 137977, "ncm": "0100020022", "pob2022": 3.0 }, "geometry": { "type": "Point", "coordinates": [ -60.55100546, -31.71045605 ] } },
{ "type": "Feature", "properties": { "ogc_fid": 137978, "ncm": "0100020025", "pob2022": 2.0 }, "geometry": { "type": "Point", "coordinates": [ -60.55271441, -31.71088876 ] } },
{ "type": "Feature", "properties": { "ogc_fid": 137979, "ncm": "0100020023", "pob2022": 14.0 }, "geometry": { "type": "Point", "coordinates": [ -60.54966689, -31.71117955 ] } },
{ "type": "Feature", "properties": { "ogc_fid": 137980, "ncm": "0100020021", "pob2022": 8.0 }, "geometry": { "type": "Point", "coordinates": [ -60.54914069, -31.71042182 ] } },
{ "type": "Feature", "properties": { "ogc_fid": 137981, "ncm": "0100020024", "pob2022": 8.0 }, "geometry": { "type": "Point", "coordinates": [ -60.54918222, -31.71208299 ] } },
{ "type": "Feature", "properties": { "ogc_fid": 137982, "ncm": "0100050001", "pob2022": 124.0 }, "geometry": { "type": "Point", "coordinates": [ -60.56228434, -31.712487 ] } },
{ "type": "Feature", "properties": { "ogc_fid": 137984, "ncm": "0100010006", "pob2022": 80.0 }, "geometry": { "type": "Point", "coordinates": [ -60.56847877, -31.70738596 ] } },
{ "type": "Feature", "properties": { "ogc_fid": 137985, "ncm": "0100020020", "pob2022": 390.0 }, "geometry": { "type": "Point", "coordinates": [ -60.54716649, -31.72041131 ] } },
{ "type": "Feature", "properties": { "ogc_fid": 137986, "ncm": "0100070020", "pob2022": 73.0 }, "geometry": { "type": "Point", "coordinates": [ -60.55365967, -31.7253895 ] } },
{ "type": "Feature", "properties": { "ogc_fid": 137987, "ncm": "0100070003", "pob2022": 155.0 }, "geometry": { "type": "Point", "coordinates": [ -60.56166474, -31.71716905 ] } },
{ "type": "Feature", "properties": { "ogc_fid": 137988, "ncm": "0100010014", "pob2022": 36.0 }, "geometry": { "type": "Point", "coordinates": [ -60.5695926, -31.70879327 ] } },
{ "type": "Feature", "properties": { "ogc_fid": 137990, "ncm": "0100010021", "pob2022": 67.0 }, "geometry": { "type": "Point", "coordinates": [ -60.56463874, -31.71011616 ] } },
{ "type": "Feature", "properties": { "ogc_fid": 137991, "ncm": "0100010019", "pob2022": 7.0 }, "geometry": { "type": "Point", "coordinates": [ -60.57007437, -31.70913569 ] } },
{ "type": "Feature", "properties": { "ogc_fid": 137992, "ncm": "0100030006", "pob2022": 7.0 }, "geometry": { "type": "Point", "coordinates": [ -60.54379933, -31.71428669 ] } },
{ "type": "Feature", "properties": { "ogc_fid": 137993, "ncm": "0100030007", "pob2022": 0.0 }, "geometry": { "type": "Point", "coordinates": [ -60.54291681, -31.7145046 ] } },
{ "type": "Feature", "properties": { "ogc_fid": 137994, "ncm": "0100030012", "pob2022": 0.0 }, "geometry": { "type": "Point", "coordinates": [ -60.5447396, -31.71520063 ] } },
{ "type": "Feature", "properties": { "ogc_fid": 137995, "ncm": "0100030008", "pob2022": 0.0 }, "geometry": { "type": "Point", "coordinates": [ -60.54226034, -31.7151668 ] } },
{ "type": "Feature", "properties": { "ogc_fid": 137996, "ncm": "0100070001", "pob2022": 8.0 }, "geometry": { "type": "Point", "coordinates": [ -60.56013153, -31.7157195 ] } },
{ "type": "Feature", "properties": { "ogc_fid": 137997, "ncm": "0100030005", "pob2022": 29.0 }, "geometry": { "type": "Point", "coordinates": [ -60.54712099, -31.71118867 ] } },
{ "type": "Feature", "properties": { "ogc_fid": 137998, "ncm": "0100030003", "pob2022": 133.0 }, "geometry": { "type": "Point", "coordinates": [ -60.54033335, -31.71289411 ] } },
{ "type": "Feature", "properties": { "ogc_fid": 138000, "ncm": "0100050002", "pob2022": 260.0 }, "geometry": { "type": "Point", "coordinates": [ -60.55755096, -31.71353516 ] } },
{ "type": "Feature", "properties": { "ogc_fid": 138001, "ncm": "0100050007", "pob2022": 93.0 }, "geometry": { "type": "Point", "coordinates": [ -60.55695076, -31.71565302 ] } },
{ "type": "Feature", "properties": { "ogc_fid": 138002, "ncm": "0100070050", "pob2022": 23.0 }, "geometry": { "type": "Point", "coordinates": [ -60.55856986, -31.71662194 ] } },
{ "type": "Feature", "properties": { "ogc_fid": 138003, "ncm": "0100040002", "pob2022": 283.0 }, "geometry": { "type": "Point", "coordinates": [ -60.56819225, -31.71319966 ] } },
{ "type": "Feature", "properties": { "ogc_fid": 138004, "ncm": "0100030013", "pob2022": 21.0 }, "geometry": { "type": "Point", "coordinates": [ -60.54283301, -31.71630838 ] } },
{ "type": "Feature", "properties": { "ogc_fid": 138005, "ncm": "0100030008", "pob2022": 0.0 }, "geometry": { "type": "Point", "coordinates": [ -60.54115512, -31.71654591 ] } },
{ "type": "Feature", "properties": { "ogc_fid": 138006, "ncm": "0100060006", "pob2022": 2.0 }, "geometry": { "type": "Point", "coordinates": [ -60.55412721, -31.71721244 ] } },
{ "type": "Feature", "properties": { "ogc_fid": 138007, "ncm": "0100060002", "pob2022": 2.0 }, "geometry": { "type": "Point", "coordinates": [ -60.55454898, -31.71542378 ] } },
{ "type": "Feature", "properties": { "ogc_fid": 138008, "ncm": "0100070068", "pob2022": 8.0 }, "geometry": { "type": "Point", "coordinates": [ -60.55109028, -31.72137706 ] } },
{ "type": "Feature", "properties": { "ogc_fid": 138009, "ncm": "0100010019", "pob2022": 7.0 }, "geometry": { "type": "Point", "coordinates": [ -60.56987352, -31.7094861 ] } },
{ "type": "Feature", "properties": { "ogc_fid": 138011, "ncm": "0100060005", "pob2022": 276.0 }, "geometry": { "type": "Point", "coordinates": [ -60.55301604, -31.71799456 ] } },
{ "type": "Feature", "properties": { "ogc_fid": 138010, "ncm": "0100020001", "pob2022": 47.0 }, "geometry": { "type": "Point", "coordinates": [ -60.56394508, -31.7065018 ] } },
{ "type": "Feature", "properties": { "ogc_fid": 137989, "ncm": "0100010015", "pob2022": 58.0 }, "geometry": { "type": "Point", "coordinates": [ -60.56870871, -31.70898679 ] } },
{ "type": "Feature", "properties": { "ogc_fid": 138012, "ncm": "0100020003", "pob2022": 89.0 }, "geometry": { "type": "Point", "coordinates": [ -60.56295907, -31.7054733 ] } },
{ "type": "Feature", "properties": { "ogc_fid": 138013, "ncm": "0100030005", "pob2022": 29.0 }, "geometry": { "type": "Point", "coordinates": [ -60.54093677, -31.71590987 ] } },
{ "type": "Feature", "properties": { "ogc_fid": 138014, "ncm": "0100030005", "pob2022": 29.0 }, "geometry": { "type": "Point", "coordinates": [ -60.54073686, -31.71584119 ] } },
{ "type": "Feature", "properties": { "ogc_fid": 138016, "ncm": "0100070006", "pob2022": 123.0 }, "geometry": { "type": "Point", "coordinates": [ -60.55568994, -31.72533928 ] } },
{ "type": "Feature", "properties": { "ogc_fid": 138021, "ncm": "0100070003", "pob2022": 155.0 }, "geometry": { "type": "Point", "coordinates": [ -60.56068517, -31.71591435 ] } },
{ "type": "Feature", "properties": { "ogc_fid": 138023, "ncm": "0100040002", "pob2022": 283.0 }, "geometry": { "type": "Point", "coordinates": [ -60.56699584, -31.71381849 ] } },
{ "type": "Feature", "properties": { "ogc_fid": 138024, "ncm": "0100040002", "pob2022": 283.0 }, "geometry": { "type": "Point", "coordinates": [ -60.56477092, -31.71183304 ] } },
{ "type": "Feature", "properties": { "ogc_fid": 138025, "ncm": "0100020002", "pob2022": 37.0 }, "geometry": { "type": "Point", "coordinates": [ -60.55352488, -31.71696414 ] } },
{ "type": "Feature", "properties": { "ogc_fid": 138026, "ncm": "0100020002", "pob2022": 9.0 }, "geometry": { "type": "Point", "coordinates": [ -60.55038691, -31.70906992 ] } },
{ "type": "Feature", "properties": { "ogc_fid": 138028, "ncm": "0100020002", "pob2022": 9.0 }, "geometry": { "type": "Point", "coordinates": [ -60.55021471, -31.70975581 ] } },
{ "type": "Feature", "properties": { "ogc_fid": 138029, "ncm": "0100070003", "pob2022": 155.0 }, "geometry": { "type": "Point", "coordinates": [ -60.55486439, -31.72034936 ] } },
{ "type": "Feature", "properties": { "ogc_fid": 138030, "ncm": "0100020029", "pob2022": 0.0 }, "geometry": { "type": "Point", "coordinates": [ -60.55812456, -31.70649552 ] } },
{ "type": "Feature", "properties": { "ogc_fid": 138031, "ncm": "0100020030", "pob2022": 0.0 }, "geometry": { "type": "Point", "coordinates": [ -60.55581842, -31.70710024 ] } },
{ "type": "Feature", "properties": { "ogc_fid": 138032, "ncm": "0100020031", "pob2022": 1.0 }, "geometry": { "type": "Point", "coordinates": [ -60.55927754, -31.70688527 ] } },
{ "type": "Feature", "properties": { "ogc_fid": 138033, "ncm": "0100020032", "pob2022": 3.0 }, "geometry": { "type": "Point", "coordinates": [ -60.55662864, -31.70759588 ] } },
{ "type": "Feature", "properties": { "ogc_fid": 138034, "ncm": "0100020033", "pob2022": 3.0 }, "geometry": { "type": "Point", "coordinates": [ -60.55818949, -31.70803738 ] } },
{ "type": "Feature", "properties": { "ogc_fid": 138035, "ncm": "0100020034", "pob2022": 0.0 }, "geometry": { "type": "Point", "coordinates": [ -60.55763149, -31.70865949 ] } },
{ "type": "Feature", "properties": { "ogc_fid": 138036, "ncm": "0100020035", "pob2022": 0.0 }, "geometry": { "type": "Point", "coordinates": [ -60.55685773, -31.70918197 ] } },
{ "type": "Feature", "properties": { "ogc_fid": 138040, "ncm": "0100010010", "pob2022": 52.0 }, "geometry": { "type": "Point", "coordinates": [ -60.57000586, -31.70779703 ] } },
{ "type": "Feature", "properties": { "ogc_fid": 138041, "ncm": "0100010023", "pob2022": 123.0 }, "geometry": { "type": "Point", "coordinates": [ -60.56613083, -31.71005592 ] } },
{ "type": "Feature", "properties": { "ogc_fid": 138038, "ncm": "0100050032", "pob2022": 34.0 }, "geometry": { "type": "Point", "coordinates": [ -60.56010682, -31.71446195 ] } },
{ "type": "Feature", "properties": { "ogc_fid": 140166, "ncm": "0010000006", "pob2022": 127.0 }, "geometry": { "type": "Point", "coordinates": [ -60.51515519, -31.71923452 ] } },
{ "type": "Feature", "properties": { "ogc_fid": 140167, "ncm": "0010000001", "pob2022": 105.0 }, "geometry": { "type": "Point", "coordinates": [ -60.51420597, -31.71859582 ] } },
{ "type": "Feature", "properties": { "ogc_fid": 140183, "ncm": "0157300034", "pob2022": 37.0 }, "geometry": { "type": "Point", "coordinates": [ -60.49406761, -31.71089901 ] } },
{ "type": "Feature", "properties": { "ogc_fid": 140184, "ncm": "0157300033", "pob2022": 11.0 }, "geometry": { "type": "Point", "coordinates": [ -60.49559664, -31.71062824 ] } },
{ "type": "Feature", "properties": { "ogc_fid": 140185, "ncm": "0157300032", "pob2022": 0.0 }, "geometry": { "type": "Point", "coordinates": [ -60.49758972, -31.71020131 ] } },
{ "type": "Feature", "properties": { "ogc_fid": 140186, "ncm": "0150720007", "pob2022": 47.0 }, "geometry": { "type": "Point", "coordinates": [ -60.49590628, -31.71248936 ] } },
{ "type": "Feature", "properties": { "ogc_fid": 140187, "ncm": "0150720004", "pob2022": 14.0 }, "geometry": { "type": "Point", "coordinates": [ -60.49427287, -31.71181215 ] } },
{ "type": "Feature", "properties": { "ogc_fid": 140188, "ncm": "0150720002", "pob2022": 0.0 }, "geometry": { "type": "Point", "coordinates": [ -60.49701526, -31.71122839 ] } },
{ "type": "Feature", "properties": { "ogc_fid": 140189, "ncm": "0150720017", "pob2022": 17.0 }, "geometry": { "type": "Point", "coordinates": [ -60.49485389, -31.71505474 ] } },
{ "type": "Feature", "properties": { "ogc_fid": 140191, "ncm": "0150710001", "pob2022": 5.0 }, "geometry": { "type": "Point", "coordinates": [ -60.49785501, -31.71806028 ] } },
{ "type": "Feature", "properties": { "ogc_fid": 140195, "ncm": "0150220020", "pob2022": 5.0 }, "geometry": { "type": "Point", "coordinates": [ -60.48649885, -31.71593818 ] } },
{ "type": "Feature", "properties": { "ogc_fid": 140196, "ncm": "0150490001", "pob2022": 2.0 }, "geometry": { "type": "Point", "coordinates": [ -60.47881005, -31.71118153 ] } },
{ "type": "Feature", "properties": { "ogc_fid": 140197, "ncm": "0150480008", "pob2022": 8.0 }, "geometry": { "type": "Point", "coordinates": [ -60.48239016, -31.71718639 ] } },
{ "type": "Feature", "properties": { "ogc_fid": 140198, "ncm": "0150480007", "pob2022": 8.0 }, "geometry": { "type": "Point", "coordinates": [ -60.48132731, -31.71736066 ] } },
{ "type": "Feature", "properties": { "ogc_fid": 140199, "ncm": "0150480006", "pob2022": 8.0 }, "geometry": { "type": "Point", "coordinates": [ -60.48017621, -31.71705362 ] } },
{ "type": "Feature", "properties": { "ogc_fid": 140200, "ncm": "0150480005", "pob2022": 0.0 }, "geometry": { "type": "Point", "coordinates": [ -60.48037151, -31.71794965 ] } },
{ "type": "Feature", "properties": { "ogc_fid": 140201, "ncm": "0150480004", "pob2022": 8.0 }, "geometry": { "type": "Point", "coordinates": [ -60.4793414, -31.71765988 ] } },
{ "type": "Feature", "properties": { "ogc_fid": 140202, "ncm": "0150480003", "pob2022": 3.0 }, "geometry": { "type": "Point", "coordinates": [ -60.47852601, -31.71776191 ] } },
{ "type": "Feature", "properties": { "ogc_fid": 140203, "ncm": "0150480002", "pob2022": 1.0 }, "geometry": { "type": "Point", "coordinates": [ -60.47773544, -31.71788286 ] } },
{ "type": "Feature", "properties": { "ogc_fid": 140204, "ncm": "0150480001", "pob2022": 13.0 }, "geometry": { "type": "Point", "coordinates": [ -60.47962213, -31.71514033 ] } },
{ "type": "Feature", "properties": { "ogc_fid": 140206, "ncm": "0150230006", "pob2022": 11.0 }, "geometry": { "type": "Point", "coordinates": [ -60.48501286, -31.70960748 ] } },
{ "type": "Feature", "properties": { "ogc_fid": 140209, "ncm": "0150230009", "pob2022": 21.0 }, "geometry": { "type": "Point", "coordinates": [ -60.48676972, -31.71062775 ] } },
{ "type": "Feature", "properties": { "ogc_fid": 140210, "ncm": "0150230008", "pob2022": 9.0 }, "geometry": { "type": "Point", "coordinates": [ -60.48218928, -31.71001523 ] } },
{ "type": "Feature", "properties": { "ogc_fid": 140211, "ncm": "0150230007", "pob2022": 21.0 }, "geometry": { "type": "Point", "coordinates": [ -60.48356691, -31.70981691 ] } },
{ "type": "Feature", "properties": { "ogc_fid": 140212, "ncm": "0150230004", "pob2022": 13.0 }, "geometry": { "type": "Point", "coordinates": [ -60.48186086, -31.70895006 ] } },
{ "type": "Feature", "properties": { "ogc_fid": 140213, "ncm": "0150230003", "pob2022": 11.0 }, "geometry": { "type": "Point", "coordinates": [ -60.48337172, -31.70887249 ] } },
{ "type": "Feature", "properties": { "ogc_fid": 140214, "ncm": "0150230002", "pob2022": 4.0 }, "geometry": { "type": "Point", "coordinates": [ -60.48481869, -31.70865892 ] } },
{ "type": "Feature", "properties": { "ogc_fid": 140215, "ncm": "0150230016", "pob2022": 13.0 }, "geometry": { "type": "Point", "coordinates": [ -60.48265622, -31.7124095 ] } },
{ "type": "Feature", "properties": { "ogc_fid": 140216, "ncm": "0150230015", "pob2022": 4.0 }, "geometry": { "type": "Point", "coordinates": [ -60.48403338, -31.71221433 ] } },
{ "type": "Feature", "properties": { "ogc_fid": 140217, "ncm": "0150230014", "pob2022": 16.0 }, "geometry": { "type": "Point", "coordinates": [ -60.48571922, -31.71198607 ] } },
{ "type": "Feature", "properties": { "ogc_fid": 140190, "ncm": "0150720001", "pob2022": 5.0 }, "geometry": { "type": "Point", "coordinates": [ -60.49819382, -31.71187945 ] } },
{ "type": "Feature", "properties": { "ogc_fid": 140219, "ncm": "0150230012", "pob2022": 12.0 }, "geometry": { "type": "Point", "coordinates": [ -60.48242895, -31.71124305 ] } },
{ "type": "Feature", "properties": { "ogc_fid": 140220, "ncm": "0150230011", "pob2022": 10.0 }, "geometry": { "type": "Point", "coordinates": [ -60.4838219, -31.7110344 ] } },
{ "type": "Feature", "properties": { "ogc_fid": 140221, "ncm": "0150230010", "pob2022": 20.0 }, "geometry": { "type": "Point", "coordinates": [ -60.48542419, -31.7108185 ] } },
{ "type": "Feature", "properties": { "ogc_fid": 140222, "ncm": "0150230001", "pob2022": 12.0 }, "geometry": { "type": "Point", "coordinates": [ -60.48618138, -31.70879102 ] } },
{ "type": "Feature", "properties": { "ogc_fid": 140224, "ncm": "0150220017", "pob2022": 8.0 }, "geometry": { "type": "Point", "coordinates": [ -60.48414314, -31.71535211 ] } },
{ "type": "Feature", "properties": { "ogc_fid": 140225, "ncm": "0150220016", "pob2022": 11.0 }, "geometry": { "type": "Point", "coordinates": [ -60.48505498, -31.71528694 ] } },
{ "type": "Feature", "properties": { "ogc_fid": 140226, "ncm": "0150220013", "pob2022": 9.0 }, "geometry": { "type": "Point", "coordinates": [ -60.48776461, -31.71511288 ] } },
{ "type": "Feature", "properties": { "ogc_fid": 140227, "ncm": "0150210001", "pob2022": 42.0 }, "geometry": { "type": "Point", "coordinates": [ -60.48648911, -31.71999928 ] } },
{ "type": "Feature", "properties": { "ogc_fid": 140232, "ncm": "0150840014", "pob2022": 0.0 }, "geometry": { "type": "Point", "coordinates": [ -60.48965583, -31.71078278 ] } },
{ "type": "Feature", "properties": { "ogc_fid": 140218, "ncm": "0150230013", "pob2022": 11.0 }, "geometry": { "type": "Point", "coordinates": [ -60.48715161, -31.7117983 ] } },
{ "type": "Feature", "properties": { "ogc_fid": 140223, "ncm": "0150220019", "pob2022": 3.0 }, "geometry": { "type": "Point", "coordinates": [ -60.48800079, -31.71586296 ] } },
{ "type": "Feature", "properties": { "ogc_fid": 140243, "ncm": "0151090001", "pob2022": 0.0 }, "geometry": { "type": "Point", "coordinates": [ -60.46627447, -31.70712717 ] } },
{ "type": "Feature", "properties": { "ogc_fid": 140244, "ncm": "0151080001", "pob2022": 0.0 }, "geometry": { "type": "Point", "coordinates": [ -60.46752336, -31.71288755 ] } },
{ "type": "Feature", "properties": { "ogc_fid": 140245, "ncm": "0151070001", "pob2022": 0.0 }, "geometry": { "type": "Point", "coordinates": [ -60.46851664, -31.71776263 ] } },
{ "type": "Feature", "properties": { "ogc_fid": 140249, "ncm": "0150770001", "pob2022": 0.0 }, "geometry": { "type": "Point", "coordinates": [ -60.47449886, -31.71184214 ] } },
{ "type": "Feature", "properties": { "ogc_fid": 140250, "ncm": "0150840015", "pob2022": 91.0 }, "geometry": { "type": "Point", "coordinates": [ -60.48824968, -31.7110017 ] } },
{ "type": "Feature", "properties": { "ogc_fid": 140251, "ncm": "0150840007", "pob2022": 146.0 }, "geometry": { "type": "Point", "coordinates": [ -60.48857637, -31.70906357 ] } },
{ "type": "Feature", "properties": { "ogc_fid": 140252, "ncm": "0150790001", "pob2022": 8.0 }, "geometry": { "type": "Point", "coordinates": [ -60.47121829, -31.70366601 ] } },
{ "type": "Feature", "properties": { "ogc_fid": 140253, "ncm": "0150840019", "pob2022": 62.0 }, "geometry": { "type": "Point", "coordinates": [ -60.48840971, -31.71181477 ] } },
{ "type": "Feature", "properties": { "ogc_fid": 140254, "ncm": "0150820021", "pob2022": 17.0 }, "geometry": { "type": "Point", "coordinates": [ -60.49501546, -31.72075782 ] } },
{ "type": "Feature", "properties": { "ogc_fid": 140255, "ncm": "0150510001", "pob2022": 0.0 }, "geometry": { "type": "Point", "coordinates": [ -60.47470701, -31.70347392 ] } },
{ "type": "Feature", "properties": { "ogc_fid": 140258, "ncm": "0150720003", "pob2022": 5.0 }, "geometry": { "type": "Point", "coordinates": [ -60.49571734, -31.71157475 ] } },
{ "type": "Feature", "properties": { "ogc_fid": 140264, "ncm": "0150720008", "pob2022": 13.0 }, "geometry": { "type": "Point", "coordinates": [ -60.4944848, -31.71273635 ] } },
{ "type": "Feature", "properties": { "ogc_fid": 140265, "ncm": "0151100001", "pob2022": 1.0 }, "geometry": { "type": "Point", "coordinates": [ -60.465334, -31.70370829 ] } },
{ "type": "Feature", "properties": { "ogc_fid": 140268, "ncm": "0150220018", "pob2022": 0.0 }, "geometry": { "type": "Point", "coordinates": [ -60.48311694, -31.71544782 ] } },
{ "type": "Feature", "properties": { "ogc_fid": 140269, "ncm": "0150840018", "pob2022": 43.0 }, "geometry": { "type": "Point", "coordinates": [ -60.48979278, -31.71164311 ] } },
{ "type": "Feature", "properties": { "ogc_fid": 140270, "ncm": "0150840010", "pob2022": 28.0 }, "geometry": { "type": "Point", "coordinates": [ -60.48945622, -31.70997444 ] } },
{ "type": "Feature", "properties": { "ogc_fid": 140272, "ncm": "0150840017", "pob2022": 39.0 }, "geometry": { "type": "Point", "coordinates": [ -60.49122321, -31.71142128 ] } },
{ "type": "Feature", "properties": { "ogc_fid": 140273, "ncm": "0150840016", "pob2022": 22.0 }, "geometry": { "type": "Point", "coordinates": [ -60.49263139, -31.71121938 ] } },
{ "type": "Feature", "properties": { "ogc_fid": 140274, "ncm": "0150840003", "pob2022": 33.0 }, "geometry": { "type": "Point", "coordinates": [ -60.48894215, -31.70781838 ] } },
{ "type": "Feature", "properties": { "ogc_fid": 140275, "ncm": "0150820017", "pob2022": 16.0 }, "geometry": { "type": "Point", "coordinates": [ -60.49485936, -31.72009464 ] } },
{ "type": "Feature", "properties": { "ogc_fid": 140277, "ncm": "0150840004", "pob2022": 63.0 }, "geometry": { "type": "Point", "coordinates": [ -60.48755528, -31.70801438 ] } },
{ "type": "Feature", "properties": { "ogc_fid": 140280, "ncm": "0150220014", "pob2022": 0.0 }, "geometry": { "type": "Point", "coordinates": [ -60.48674596, -31.7151789 ] } },
{ "type": "Feature", "properties": { "ogc_fid": 140279, "ncm": "0150240001", "pob2022": 20.0 }, "geometry": { "type": "Point", "coordinates": [ -60.48330577, -31.7054553 ] } },
{ "type": "Feature", "properties": { "ogc_fid": 140281, "ncm": "0150500001", "pob2022": 64.0 }, "geometry": { "type": "Point", "coordinates": [ -60.47762239, -31.70566498 ] } },
{ "type": "Feature", "properties": { "ogc_fid": 140282, "ncm": "0150840011", "pob2022": 84.0 }, "geometry": { "type": "Point", "coordinates": [ -60.48809526, -31.71016941 ] } },
{ "type": "Feature", "properties": { "ogc_fid": 140286, "ncm": "0150820005", "pob2022": 33.0 }, "geometry": { "type": "Point", "coordinates": [ -60.48970745, -31.71791085 ] } },
{ "type": "Feature", "properties": { "ogc_fid": 140287, "ncm": "0150820004", "pob2022": 22.0 }, "geometry": { "type": "Point", "coordinates": [ -60.49084071, -31.7177143 ] } },
{ "type": "Feature", "properties": { "ogc_fid": 140290, "ncm": "0150820024", "pob2022": 0.0 }, "geometry": { "type": "Point", "coordinates": [ -60.49308974, -31.72069883 ] } },
{ "type": "Feature", "properties": { "ogc_fid": 140291, "ncm": "0150820022", "pob2022": 17.0 }, "geometry": { "type": "Point", "coordinates": [ -60.49399572, -31.72092597 ] } },
{ "type": "Feature", "properties": { "ogc_fid": 140292, "ncm": "0150820020", "pob2022": 17.0 }, "geometry": { "type": "Point", "coordinates": [ -60.49021316, -31.72046359 ] } },
{ "type": "Feature", "properties": { "ogc_fid": 140293, "ncm": "0150820018", "pob2022": 11.0 }, "geometry": { "type": "Point", "coordinates": [ -60.49390881, -31.72027537 ] } },
{ "type": "Feature", "properties": { "ogc_fid": 140298, "ncm": "0150820015", "pob2022": 27.0 }, "geometry": { "type": "Point", "coordinates": [ -60.49009721, -31.71938095 ] } },
{ "type": "Feature", "properties": { "ogc_fid": 140299, "ncm": "0150820014", "pob2022": 15.0 }, "geometry": { "type": "Point", "coordinates": [ -60.49114345, -31.71916162 ] } },
{ "type": "Feature", "properties": { "ogc_fid": 140300, "ncm": "0150820013", "pob2022": 20.0 }, "geometry": { "type": "Point", "coordinates": [ -60.49220274, -31.72010486 ] } },
{ "type": "Feature", "properties": { "ogc_fid": 140301, "ncm": "0150820001", "pob2022": 22.0 }, "geometry": { "type": "Point", "coordinates": [ -60.49315668, -31.71812185 ] } },
{ "type": "Feature", "properties": { "ogc_fid": 140305, "ncm": "0150780001", "pob2022": 0.0 }, "geometry": { "type": "Point", "coordinates": [ -60.47343152, -31.70693487 ] } },
{ "type": "Feature", "properties": { "ogc_fid": 140308, "ncm": "0150220028", "pob2022": 7.0 }, "geometry": { "type": "Point", "coordinates": [ -60.48369488, -31.7174613 ] } },
{ "type": "Feature", "properties": { "ogc_fid": 140309, "ncm": "0150220027", "pob2022": 2.0 }, "geometry": { "type": "Point", "coordinates": [ -60.48475193, -31.7175087 ] } },
{ "type": "Feature", "properties": { "ogc_fid": 140310, "ncm": "0150220026", "pob2022": 3.0 }, "geometry": { "type": "Point", "coordinates": [ -60.48549841, -31.71732933 ] } },
{ "type": "Feature", "properties": { "ogc_fid": 140311, "ncm": "0150220025", "pob2022": 5.0 }, "geometry": { "type": "Point", "coordinates": [ -60.48675401, -31.71714052 ] } },
{ "type": "Feature", "properties": { "ogc_fid": 140314, "ncm": "0150220022", "pob2022": 3.0 }, "geometry": { "type": "Point", "coordinates": [ -60.48434327, -31.71620157 ] } },
{ "type": "Feature", "properties": { "ogc_fid": 140316, "ncm": "0150220015", "pob2022": 11.0 }, "geometry": { "type": "Point", "coordinates": [ -60.48584743, -31.71523467 ] } },
{ "type": "Feature", "properties": { "ogc_fid": 140317, "ncm": "0150220001", "pob2022": 1.0 }, "geometry": { "type": "Point", "coordinates": [ -60.48545715, -31.71380687 ] } },
{ "type": "Feature", "properties": { "ogc_fid": 140319, "ncm": "0150220021", "pob2022": 3.0 }, "geometry": { "type": "Point", "coordinates": [ -60.48523992, -31.71606831 ] } },
{ "type": "Feature", "properties": { "ogc_fid": 140320, "ncm": "0150220023", "pob2022": 4.0 }, "geometry": { "type": "Point", "coordinates": [ -60.48330151, -31.71644362 ] } },
{ "type": "Feature", "properties": { "ogc_fid": 140323, "ncm": "0150220024", "pob2022": 5.0 }, "geometry": { "type": "Point", "coordinates": [ -60.48825378, -31.7168664 ] } },
{ "type": "Feature", "properties": { "ogc_fid": 140324, "ncm": "0150470001", "pob2022": 21.0 }, "geometry": { "type": "Point", "coordinates": [ -60.4811087, -31.72063438 ] } },
{ "type": "Feature", "properties": { "ogc_fid": 140351, "ncm": "0150500001", "pob2022": 11.0 }, "geometry": { "type": "Point", "coordinates": [ -60.47485525, -31.70423196 ] } },
{ "type": "Feature", "properties": { "ogc_fid": 140353, "ncm": "0150720009", "pob2022": 3.0 }, "geometry": { "type": "Point", "coordinates": [ -60.49904632, -31.71403217 ] } },
{ "type": "Feature", "properties": { "ogc_fid": 140354, "ncm": "0150720012", "pob2022": 3.0 }, "geometry": { "type": "Point", "coordinates": [ -60.49464104, -31.71378639 ] } },
{ "type": "Feature", "properties": { "ogc_fid": 140346, "ncm": "0150760001", "pob2022": 22.0 }, "geometry": { "type": "Point", "coordinates": [ -60.47664874, -31.71846045 ] } },
{ "type": "Feature", "properties": { "ogc_fid": 140344, "ncm": "0150850001", "pob2022": 104.0 }, "geometry": { "type": "Point", "coordinates": [ -60.48868944, -31.70453177 ] } },
{ "type": "Feature", "properties": { "ogc_fid": 140370, "ncm": "0150720010", "pob2022": 2.0 }, "geometry": { "type": "Point", "coordinates": [ -60.49783755, -31.71494223 ] } },
{ "type": "Feature", "properties": { "ogc_fid": 140368, "ncm": "0150720005", "pob2022": 5.0 }, "geometry": { "type": "Point", "coordinates": [ -60.49744539, -31.71332626 ] } },
{ "type": "Feature", "properties": { "ogc_fid": 140369, "ncm": "0150720006", "pob2022": 9.0 }, "geometry": { "type": "Point", "coordinates": [ -60.49762406, -31.7140559 ] } },
{ "type": "Feature", "properties": { "ogc_fid": 140374, "ncm": "0150780002", "pob2022": 30.0 }, "geometry": { "type": "Point", "coordinates": [ -60.47043276, -31.70633323 ] } },
{ "type": "Feature", "properties": { "ogc_fid": 140375, "ncm": "0150780003", "pob2022": 0.0 }, "geometry": { "type": "Point", "coordinates": [ -60.47091223, -31.70881419 ] } },
{ "type": "Feature", "properties": { "ogc_fid": 140376, "ncm": "0151090002", "pob2022": 0.0 }, "geometry": { "type": "Point", "coordinates": [ -60.46696542, -31.70954907 ] } },
{ "type": "Feature", "properties": { "ogc_fid": 140377, "ncm": "0150770001", "pob2022": 0.0 }, "geometry": { "type": "Point", "coordinates": [ -60.47164759, -31.71228685 ] } },
{ "type": "Feature", "properties": { "ogc_fid": 140643, "ncm": "0080430010", "pob2022": 158.0 }, "geometry": { "type": "Point", "coordinates": [ -60.50922105, -31.72060344 ] } },
{ "type": "Feature", "properties": { "ogc_fid": 140697, "ncm": "0080440001", "pob2022": 47.0 }, "geometry": { "type": "Point", "coordinates": [ -60.50908598, -31.7158047 ] } },
{ "type": "Feature", "properties": { "ogc_fid": 140698, "ncm": "0080440008", "pob2022": 53.0 }, "geometry": { "type": "Point", "coordinates": [ -60.51059032, -31.71815376 ] } },
{ "type": "Feature", "properties": { "ogc_fid": 140699, "ncm": "0080440007", "pob2022": 54.0 }, "geometry": { "type": "Point", "coordinates": [ -60.51153376, -31.71817038 ] } },
{ "type": "Feature", "properties": { "ogc_fid": 140700, "ncm": "0080440006", "pob2022": 27.0 }, "geometry": { "type": "Point", "coordinates": [ -60.51235514, -31.71819669 ] } },
{ "type": "Feature", "properties": { "ogc_fid": 140701, "ncm": "0080440013", "pob2022": 24.0 }, "geometry": { "type": "Point", "coordinates": [ -60.50727968, -31.71852553 ] } },
{ "type": "Feature", "properties": { "ogc_fid": 140702, "ncm": "0080440012", "pob2022": 37.0 }, "geometry": { "type": "Point", "coordinates": [ -60.50843086, -31.71875926 ] } },
{ "type": "Feature", "properties": { "ogc_fid": 140703, "ncm": "0080440011", "pob2022": 98.0 }, "geometry": { "type": "Point", "coordinates": [ -60.50887033, -31.71808588 ] } },
{ "type": "Feature", "properties": { "ogc_fid": 140704, "ncm": "0080440010", "pob2022": 36.0 }, "geometry": { "type": "Point", "coordinates": [ -60.50730212, -31.71717404 ] } },
{ "type": "Feature", "properties": { "ogc_fid": 140705, "ncm": "0080440009", "pob2022": 56.0 }, "geometry": { "type": "Point", "coordinates": [ -60.50906799, -31.71757079 ] } },
{ "type": "Feature", "properties": { "ogc_fid": 140715, "ncm": "0080620002", "pob2022": null }, "geometry": { "type": "Point", "coordinates": [ -60.5042675, -31.71325904 ] } },
{ "type": "Feature", "properties": { "ogc_fid": 140383, "ncm": "0150620002", "pob2022": 9.0 }, "geometry": { "type": "Point", "coordinates": [ -60.50045379, -31.71201286 ] } },
{ "type": "Feature", "properties": { "ogc_fid": 1398712, "ncm": "0040000030", "pob2022": 40.0 }, "geometry": { "type": "Point", "coordinates": [ -60.54102596, -31.72084846 ] } },
{ "type": "Feature", "properties": { "ogc_fid": 13990212, "ncm": "0040000013", "pob2022": 110.0 }, "geometry": { "type": "Point", "coordinates": [ -60.54057099, -31.7205434 ] } },
{ "type": "Feature", "properties": { "ogc_fid": 13800223, "ncm": "0100050008", "pob2022": 7.0 }, "geometry": { "type": "Point", "coordinates": [ -60.55865911, -31.71599 ] } },
{ "type": "Feature", "properties": { "ogc_fid": 137958, "ncm": "0100010002", "pob2022": 303.0 }, "geometry": { "type": "Point", "coordinates": [ -60.57147188, -31.70850523 ] } },
{ "type": "Feature", "properties": { "ogc_fid": 138018, "ncm": "0100020002", "pob2022": 9.0 }, "geometry": { "type": "Point", "coordinates": [ -60.56174064, -31.70638241 ] } },
{ "type": "Feature", "properties": { "ogc_fid": 137999, "ncm": "0100010001", "pob2022": 1.0 }, "geometry": { "type": "Point", "coordinates": [ -60.56441851, -31.70554639 ] } },
{ "type": "Feature", "properties": { "ogc_fid": 138027, "ncm": "0100020002", "pob2022": 9.0 }, "geometry": { "type": "Point", "coordinates": [ -60.56250442, -31.70634188 ] } },
{ "type": "Feature", "properties": { "ogc_fid": 1380271, "ncm": "0100020002", "pob2022": 9.0 }, "geometry": { "type": "Point", "coordinates": [ -60.56373069, -31.70582994 ] } },
{ "type": "Feature", "properties": { "ogc_fid": 140352, "ncm": "0150840001", "pob2022": 140.0 }, "geometry": { "type": "Point", "coordinates": [ -60.49244858, -31.71034797 ] } },
{ "type": "Feature", "properties": { "ogc_fid": 139661, "ncm": "0050240020", "pob2022": 180.0 }, "geometry": { "type": "Point", "coordinates": [ -60.55133557, -31.73654219 ] } },
{ "type": "Feature", "properties": { "ogc_fid": 79273, "ncm": "0150830001", "pob2022": 34.0 }, "geometry": { "type": "Point", "coordinates": [ -60.49133513, -31.71421747 ] } },
{ "type": "Feature", "properties": { "ogc_fid": 79274, "ncm": "0010000001", "pob2022": 105.0 }, "geometry": { "type": "Point", "coordinates": [ -60.51624133, -31.71830112 ] } },
{ "type": "Feature", "properties": { "ogc_fid": 137340, "ncm": "0120810024", "pob2022": 3.0 }, "geometry": { "type": "Point", "coordinates": [ -60.5538038, -31.76969453 ] } },
{ "type": "Feature", "properties": { "ogc_fid": 79315, "ncm": "0120810023", "pob2022": 3.0 }, "geometry": { "type": "Point", "coordinates": [ -60.55450083, -31.76958155 ] } },
{ "type": "Feature", "properties": { "ogc_fid": 79316, "ncm": "0120810022", "pob2022": 3.0 }, "geometry": { "type": "Point", "coordinates": [ -60.55517516, -31.76947325 ] } },
{ "type": "Feature", "properties": { "ogc_fid": 79314, "ncm": "0120810021", "pob2022": 3.0 }, "geometry": { "type": "Point", "coordinates": [ -60.55584949, -31.76936494 ] } },
{ "type": "Feature", "properties": { "ogc_fid": 79318, "ncm": "0120810020", "pob2022": 3.0 }, "geometry": { "type": "Point", "coordinates": [ -60.55652382, -31.76925663 ] } },
{ "type": "Feature", "properties": { "ogc_fid": 79317, "ncm": "0120810019", "pob2022": 3.0 }, "geometry": { "type": "Point", "coordinates": [ -60.55719815, -31.76914832 ] } },
{ "type": "Feature", "properties": { "ogc_fid": 139906564, "ncm": "0040000029", "pob2022": 187.0 }, "geometry": { "type": "Point", "coordinates": [ -60.54218854, -31.72016856 ] } },
{ "type": "Feature", "properties": { "ogc_fid": 140283, "ncm": "0150840001", "pob2022": 140.0 }, "geometry": { "type": "Point", "coordinates": [ -60.49131028, -31.70870771 ] } },
{ "type": "Feature", "properties": { "ogc_fid": 137903, "ncm": "0100050003", "pob2022": 61.0 }, "geometry": { "type": "Point", "coordinates": [ -60.55851339, -31.71445587 ] } },
{ "type": "Feature", "properties": { "ogc_fid": 137912, "ncm": "0100070002", "pob2022": 129.0 }, "geometry": { "type": "Point", "coordinates": [ -60.56468356, -31.71632701 ] } },
{ "type": "Feature", "properties": { "ogc_fid": 137983, "ncm": "0100050002", "pob2022": 260.0 }, "geometry": { "type": "Point", "coordinates": [ -60.56027251, -31.71332305 ] } },
{ "type": "Feature", "properties": { "ogc_fid": 138037, "ncm": "0100050025", "pob2022": 48.0 }, "geometry": { "type": "Point", "coordinates": [ -60.55919153, -31.71398811 ] } },
{ "type": "Feature", "properties": { "ogc_fid": 138039, "ncm": "0100050033", "pob2022": 50.0 }, "geometry": { "type": "Point", "coordinates": [ -60.55932394, -31.71461281 ] } },
{ "type": "Feature", "properties": { "ogc_fid": 140349, "ncm": "0150850001", "pob2022": 104.0 }, "geometry": { "type": "Point", "coordinates": [ -60.49072172, -31.70620397 ] } },
{ "type": "Feature", "properties": { "ogc_fid": 140350, "ncm": "0150850001", "pob2022": 104.0 }, "geometry": { "type": "Point", "coordinates": [ -60.48790663, -31.70629675 ] } },
{ "type": "Feature", "properties": { "ogc_fid": 137364, "ncm": "0122250001", "pob2022": 4.0 }, "geometry": { "type": "Point", "coordinates": [ -60.52598194, -31.79362795 ] } },
{ "type": "Feature", "properties": { "ogc_fid": 140182, "ncm": "0157300001", "pob2022": 86.0 }, "geometry": { "type": "Point", "coordinates": [ -60.49532236, -31.70791816 ] } },
{ "type": "Feature", "properties": { "ogc_fid": 79195, "ncm": "0100070069", "pob2022": 37.0 }, "geometry": { "type": "Point", "coordinates": [ -60.56411855, -31.71491876 ] } },
{ "type": "Feature", "properties": { "ogc_fid": 79200, "ncm": "0150760013", "pob2022": 0.0 }, "geometry": { "type": "Point", "coordinates": [ -60.47646128, -31.71756583 ] } },
{ "type": "Feature", "properties": { "ogc_fid": 79201, "ncm": "0150760001", "pob2022": 22.0 }, "geometry": { "type": "Point", "coordinates": [ -60.47378424, -31.71656767 ] } },
{ "type": "Feature", "properties": { "ogc_fid": 79202, "ncm": "0150760018", "pob2022": 1.0 }, "geometry": { "type": "Point", "coordinates": [ -60.47519394, -31.71868414 ] } },
{ "type": "Feature", "properties": { "ogc_fid": 79203, "ncm": "0150760014", "pob2022": 5.0 }, "geometry": { "type": "Point", "coordinates": [ -60.47500969, -31.71778908 ] } },
{ "type": "Feature", "properties": { "ogc_fid": 140142, "ncm": "0010000016", "pob2022": 0.0 }, "geometry": { "type": "Point", "coordinates": [ -60.52338471, -31.72059662 ] } },
{ "type": "Feature", "properties": { "ogc_fid": 79252, "ncm": "0121900018", "pob2022": 0.0 }, "geometry": { "type": "Point", "coordinates": [ -60.50551787, -31.79201407 ] } },
{ "type": "Feature", "properties": { "ogc_fid": 79270, "ncm": "0150220019", "pob2022": 3.0 }, "geometry": { "type": "Point", "coordinates": [ -60.48579573, -31.71664823 ] } },
{ "type": "Feature", "properties": { "ogc_fid": 79271, "ncm": "0150830001", "pob2022": 34.0 }, "geometry": { "type": "Point", "coordinates": [ -60.48967908, -31.71675515 ] } },
{ "type": "Feature", "properties": { "ogc_fid": 3152, "ncm": "0150720011", "pob2022": 27.0 }, "geometry": { "type": "Point", "coordinates": [ -60.49613285, -31.71428209 ] } },
{ "type": "Feature", "properties": { "ogc_fid": 140257, "ncm": "0150830001", "pob2022": 34.0 }, "geometry": { "type": "Point", "coordinates": [ -60.48897674, -31.71500716 ] } },
{ "type": "Feature", "properties": { "ogc_fid": 79272, "ncm": "0150830001", "pob2022": 34.0 }, "geometry": { "type": "Point", "coordinates": [ -60.48913443, -31.7158683 ] } },
{ "type": "Feature", "properties": { "ogc_fid": 79313, "ncm": "0120810001", "pob2022": 0.0 }, "geometry": { "type": "Point", "coordinates": [ -60.55647209, -31.77049696 ] } },
{ "type": "Feature", "properties": { "ogc_fid": 79319, "ncm": "0120810018", "pob2022": 3.0 }, "geometry": { "type": "Point", "coordinates": [ -60.55787248, -31.76904001 ] } },
{ "type": "Feature", "properties": { "ogc_fid": 79320, "ncm": "0120810017", "pob2022": 3.0 }, "geometry": { "type": "Point", "coordinates": [ -60.55860692, -31.76892203 ] } },
{ "type": "Feature", "properties": { "ogc_fid": 137966, "ncm": "0100020001", "pob2022": 47.0 }, "geometry": { "type": "Point", "coordinates": [ -60.55183348, -31.71375517 ] } },
{ "type": "Feature", "properties": { "ogc_fid": 79349, "ncm": "0100020031", "pob2022": 1.0 }, "geometry": { "type": "Point", "coordinates": [ -60.55849056, -31.70713901 ] } },
{ "type": "Feature", "properties": { "ogc_fid": 79322, "ncm": "0120810008", "pob2022": 3.0 }, "geometry": { "type": "Point", "coordinates": [ -60.55329161, -31.76732223 ] } },
{ "type": "Feature", "properties": { "ogc_fid": 79321, "ncm": "0120810007", "pob2022": 3.0 }, "geometry": { "type": "Point", "coordinates": [ -60.5539809, -31.76721036 ] } },
{ "type": "Feature", "properties": { "ogc_fid": 79323, "ncm": "0120810006", "pob2022": 3.0 }, "geometry": { "type": "Point", "coordinates": [ -60.55465522, -31.76710206 ] } },
{ "type": "Feature", "properties": { "ogc_fid": 79324, "ncm": "0120810005", "pob2022": 3.0 }, "geometry": { "type": "Point", "coordinates": [ -60.55532954, -31.76699376 ] } },
{ "type": "Feature", "properties": { "ogc_fid": 79353, "ncm": "0150620001", "pob2022": 179.0 }, "geometry": { "type": "Point", "coordinates": [ -60.49897496, -31.70842512 ] } },
{ "type": "Feature", "properties": { "ogc_fid": 79354, "ncm": "0150620001", "pob2022": 179.0 }, "geometry": { "type": "Point", "coordinates": [ -60.50282289, -31.7111411 ] } },
{ "type": "Feature", "properties": { "ogc_fid": 79355, "ncm": "0150620001", "pob2022": 179.0 }, "geometry": { "type": "Point", "coordinates": [ -60.50029239, -31.70932055 ] } },
{ "type": "Feature", "properties": { "ogc_fid": 79325, "ncm": "0120810004", "pob2022": 11.0 }, "geometry": { "type": "Point", "coordinates": [ -60.55600385, -31.76688545 ] } },
{ "type": "Feature", "properties": { "ogc_fid": 79356, "ncm": "0150620001", "pob2022": 179.0 }, "geometry": { "type": "Point", "coordinates": [ -60.50144285, -31.71107235 ] } },
{ "type": "Feature", "properties": { "ogc_fid": 79326, "ncm": "0120810003", "pob2022": 12.0 }, "geometry": { "type": "Point", "coordinates": [ -60.55667816, -31.76677714 ] } },
{ "type": "Feature", "properties": { "ogc_fid": 79327, "ncm": "0120810002", "pob2022": 3.0 }, "geometry": { "type": "Point", "coordinates": [ -60.55735248, -31.76666883 ] } },
{ "type": "Feature", "properties": { "ogc_fid": 79328, "ncm": "0120810001", "pob2022": 0.0 }, "geometry": { "type": "Point", "coordinates": [ -60.55808691, -31.76655092 ] } },
{ "type": "Feature", "properties": { "ogc_fid": 79329, "ncm": "0120810009", "pob2022": 3.0 }, "geometry": { "type": "Point", "coordinates": [ -60.55834934, -31.76774755 ] } },
{ "type": "Feature", "properties": { "ogc_fid": 79330, "ncm": "0120810016", "pob2022": 3.0 }, "geometry": { "type": "Point", "coordinates": [ -60.55355011, -31.7685195 ] } },
{ "type": "Feature", "properties": { "ogc_fid": 79332, "ncm": "0120810011", "pob2022": 3.0 }, "geometry": { "type": "Point", "coordinates": [ -60.5576149, -31.76786549 ] } },
{ "type": "Feature", "properties": { "ogc_fid": 79333, "ncm": "0120810011", "pob2022": 3.0 }, "geometry": { "type": "Point", "coordinates": [ -60.55694058, -31.7679738 ] } },
{ "type": "Feature", "properties": { "ogc_fid": 79334, "ncm": "0120810012", "pob2022": 0.0 }, "geometry": { "type": "Point", "coordinates": [ -60.55626627, -31.76808215 ] } },
{ "type": "Feature", "properties": { "ogc_fid": 79335, "ncm": "0120810013", "pob2022": 1.0 }, "geometry": { "type": "Point", "coordinates": [ -60.55559191, -31.76819047 ] } },
{ "type": "Feature", "properties": { "ogc_fid": 79336, "ncm": "0120810014", "pob2022": 3.0 }, "geometry": { "type": "Point", "coordinates": [ -60.55491761, -31.76829873 ] } },
{ "type": "Feature", "properties": { "ogc_fid": 79337, "ncm": "0120810015", "pob2022": 3.0 }, "geometry": { "type": "Point", "coordinates": [ -60.55424329, -31.768407 ] } },
{ "type": "Feature", "properties": { "ogc_fid": 79338, "ncm": "0120820001", "pob2022": 8.0 }, "geometry": { "type": "Point", "coordinates": [ -60.55037961, -31.76977597 ] } }
]
}
