{
"type": "FeatureCollection",
"name": "corredores_urbanos_preservacion_altura",
"crs": { "type": "name", "properties": { "name": "urn:ogc:def:crs:OGC:1.3:CRS84" } },
"features": [
{ "type": "Feature", "properties": { "id": 1, "ogc_fid": 4215, "ncp": "0010000110028", "sec": 1, "gru": 0, "manz": 110, "parc": 28, "nropasd": 120017.0, "ubipar1": "GRAL. JUSTO J.DE URQUIZA  788", "desdes": "VIVIENDA MULTIFAMILIAR", "dessde": "NUEVE (9) UNIDADES FUNCIONALES", "supter": 48.87, "parprov": 220805.0, "planome": 156797.0 }, "geometry": { "type": "MultiPolygon", "coordinates": [ [ [ [ -60.527094714058777, -31.733118320096551 ], [ -60.526944196821873, -31.733162762931727 ], [ -60.526937210930242, -31.733143776638546 ], [ -60.52682439393859, -31.733180609600133 ], [ -60.526810769014787, -31.733186903646047 ], [ -60.526860642561914, -31.733292847221239 ], [ -60.526999353413842, -31.733250482443314 ], [ -60.527111669813166, -31.733216830239886 ], [ -60.527126868251564, -31.733189468650597 ], [ -60.527094714058777, -31.733118320096551 ] ] ] ] } },
{ "type": "Feature", "properties": { "id": 2, "ogc_fid": 4379, "ncp": "0030000011008", "sec": 3, "gru": 0, "manz": 11, "parc": 8, "nropasd": 106749.0, "ubipar1": "GRAL. JUSTO J.DE URQUIZA 1023", "desdes": "VIVIENDA FAMILIAR", "dessde": null, "supter": 79.85, "parprov": 169084.0, "planome": 106187.0 }, "geometry": { "type": "MultiPolygon", "coordinates": [ [ [ [ -60.530446730662447, -31.732219527416117 ], [ -60.530318842119293, -31.732268037534308 ], [ -60.530420840767796, -31.732445711197887 ], [ -60.53049558237651, -31.732418802338771 ], [ -60.530517082768718, -31.732462425088652 ], [ -60.530560023053326, -31.732448312907483 ], [ -60.530519515133136, -31.732357819432629 ], [ -60.530446730662447, -31.732219527416117 ] ] ] ] } },
{ "type": "Feature", "properties": { "id": 3, "ogc_fid": 4494, "ncp": "0040000082013", "sec": 4, "gru": 0, "manz": 82, "parc": 13, "nropasd": 7266.0, "ubipar1": "BUENOS AIRES              219", "desdes": "VIVIENDA FAMILIAR", "dessde": null, "supter": 432.53, "parprov": 13085.0, "planome": 126108.0 }, "geometry": { "type": "MultiPolygon", "coordinates": [ [ [ [ -60.530576922832715, -31.729521659010363 ], [ -60.530632894882068, -31.729508070032352 ], [ -60.530631537779627, -31.729499526224391 ], [ -60.530825359800239, -31.729422949350226 ], [ -60.530858935137054, -31.729410334386827 ], [ -60.530905055363768, -31.729391501035973 ], [ -60.530862193309595, -31.729275004513461 ], [ -60.530808945604761, -31.729298100768933 ], [ -60.530813318699082, -31.729311880733214 ], [ -60.530728775136105, -31.729333498198574 ], [ -60.530625951127796, -31.729372777618817 ], [ -60.530535212017753, -31.729404257110176 ], [ -60.530576922832715, -31.729521659010363 ] ] ] ] } },
{ "type": "Feature", "properties": { "id": 4, "ogc_fid": 4499, "ncp": "0040000082014", "sec": 4, "gru": 0, "manz": 82, "parc": 14, "nropasd": 15434.0, "ubipar1": "BUENOS AIRES              211", "desdes": "VIVIENDA FAMILIAR", "dessde": null, "supter": 756.7, "parprov": 3292.0, "planome": 24980.0 }, "geometry": { "type": "MultiPolygon", "coordinates": [ [ [ [ -60.530955494791996, -31.729617688812464 ], [ -60.530858935137054, -31.729410334386827 ], [ -60.530825359800239, -31.729422949350226 ], [ -60.530631537779627, -31.729499526224391 ], [ -60.530632894882068, -31.729508070032352 ], [ -60.530576922832715, -31.729521659010363 ], [ -60.530651218745582, -31.729710005127316 ], [ -60.530698031857405, -31.729730445479785 ], [ -60.530930495395779, -31.729637597799851 ], [ -60.530927517820089, -31.729627996572223 ], [ -60.530955494791996, -31.729617688812464 ] ] ] ] } },
{ "type": "Feature", "properties": { "id": 5, "ogc_fid": 4567, "ncp": "0040000106024", "sec": 4, "gru": 0, "manz": 106, "parc": 24, "nropasd": 1592.0, "ubipar1": "GRAL. JUSTO J.DE URQUIZA 1092", "desdes": "BANCO-ENTIDAD CREDITICIA-", "dessde": null, "supter": 605.62, "parprov": 17002.0, "planome": 107245.0 }, "geometry": { "type": "MultiPolygon", "coordinates": [ [ [ [ -60.531231845853107, -31.731528324147881 ], [ -60.531010460838694, -31.731610522048229 ], [ -60.531131159347517, -31.731833548029133 ], [ -60.531284476268041, -31.731771944597888 ], [ -60.53131095166713, -31.731712862846482 ], [ -60.531244229216952, -31.731558953172851 ], [ -60.531231845853107, -31.731528324147881 ] ] ] ] } },
{ "type": "Feature", "properties": { "id": 6, "ogc_fid": 4569, "ncp": "0040000106020", "sec": 4, "gru": 0, "manz": 106, "parc": 20, "nropasd": 7818.0, "ubipar1": "GRAL. JUSTO J.DE URQUIZA 1070", "desdes": "VIVIENDA FAMILIAR", "dessde": null, "supter": 359.0, "parprov": 13646.0, "planome": 11891.0 }, "geometry": { "type": "MultiPolygon", "coordinates": [ [ [ [ -60.530883323295704, -31.731931321031965 ], [ -60.530762085996813, -31.731702740355683 ], [ -60.53072131552053, -31.731624315599394 ], [ -60.530686038216253, -31.731556462570737 ], [ -60.530601380389221, -31.731593946640391 ], [ -60.530705513526684, -31.731773953426401 ], [ -60.53073090159269, -31.731777312343571 ], [ -60.530827292858568, -31.731953397808777 ], [ -60.530883323295704, -31.731931321031965 ] ] ] ] } },
{ "type": "Feature", "properties": { "id": 7, "ogc_fid": 4572, "ncp": "0040000106019", "sec": 4, "gru": 0, "manz": 106, "parc": 19, "nropasd": 546.0, "ubipar1": "GRAL. JUSTO J.DE URQUIZA 1062", "desdes": "VIVIENDA FAMILIAR", "dessde": null, "supter": 308.99, "parprov": 1756.0, "planome": 11890.0 }, "geometry": { "type": "MultiPolygon", "coordinates": [ [ [ [ -60.530536235391921, -31.731622790926956 ], [ -60.530631384854232, -31.731802470086642 ], [ -60.530657085196246, -31.731806558312403 ], [ -60.53075347726724, -31.731982482131961 ], [ -60.530827292858568, -31.731953397808777 ], [ -60.53073090159269, -31.731777312343571 ], [ -60.530705513526684, -31.731773953426401 ], [ -60.530601380389221, -31.731593946640391 ], [ -60.530536235391921, -31.731622790926956 ] ] ] ] } },
{ "type": "Feature", "properties": { "id": 8, "ogc_fid": 4577, "ncp": "0040000106016", "sec": 4, "gru": 0, "manz": 106, "parc": 16, "nropasd": 16733.0, "ubipar1": "GRAL. JUSTO J.DE URQUIZA 1036", "desdes": "VIVIENDA FAMILIAR", "dessde": null, "supter": 237.67, "parprov": 192854.0, "planome": 129789.0 }, "geometry": { "type": "MultiPolygon", "coordinates": [ [ [ [ -60.530355614962005, -31.731906760471993 ], [ -60.530447268196419, -31.732106443317459 ], [ -60.530542052044964, -31.732067690246328 ], [ -60.530429609350747, -31.731831392119194 ], [ -60.530337171666808, -31.73186316217722 ], [ -60.530341266185886, -31.731875499029826 ], [ -60.530355614962005, -31.731906760471993 ] ] ] ] } },
{ "type": "Feature", "properties": { "id": 9, "ogc_fid": 12603, "ncp": "0010000072018", "sec": 1, "gru": 0, "manz": 72, "parc": 18, "nropasd": 14770.0, "ubipar1": "COLON                     200", "desdes": "VIVIENDA FAMILIAR", "dessde": null, "supter": 169.55, "parprov": 11155.0, "planome": 55288.0 }, "geometry": { "type": "MultiPolygon", "coordinates": [ [ [ [ -60.524920280313509, -31.72832897286607 ], [ -60.524800462108644, -31.728359921434276 ], [ -60.524790839008453, -31.728386123491259 ], [ -60.524799394312417, -31.728398867370167 ], [ -60.524798439700263, -31.728401730139716 ], [ -60.524867595395733, -31.728486065237632 ], [ -60.524882688534092, -31.728475604849745 ], [ -60.524976060985225, -31.728423916017594 ], [ -60.524939605101842, -31.728378494596321 ], [ -60.524927063655802, -31.72834932656189 ], [ -60.524920280313509, -31.72832897286607 ] ] ] ] } },
{ "type": "Feature", "properties": { "id": 10, "ogc_fid": 12621, "ncp": "0010000073001", "sec": 1, "gru": 0, "manz": 73, "parc": 1, "nropasd": 5821.0, "ubipar1": "SAN JUAN                  500", "desdes": "VIVIENDA FAMILIAR", "dessde": null, "supter": 122.63, "parprov": 2329.0, "planome": 97137.0 }, "geometry": { "type": "MultiPolygon", "coordinates": [ [ [ [ -60.524724094182041, -31.728491787526742 ], [ -60.524659475676074, -31.728411176319661 ], [ -60.524625416137155, -31.72840199145795 ], [ -60.52459621133827, -31.728409840440701 ], [ -60.524626606240844, -31.728450289220127 ], [ -60.524585256341027, -31.728461849664942 ], [ -60.524597321395099, -31.728488882328069 ], [ -60.524605744474712, -31.728517490165604 ], [ -60.524627025984806, -31.728545180863374 ], [ -60.524724094182041, -31.728491787526742 ] ] ] ] } },
{ "type": "Feature", "properties": { "id": 11, "ogc_fid": 12625, "ncp": "0010000072019", "sec": 1, "gru": 0, "manz": 72, "parc": 19, "nropasd": 15699.0, "ubipar1": "SAN JUAN                  481", "desdes": "VIVIENDA FAMILIAR", "dessde": null, "supter": 102.85, "parprov": 11415.0, "planome": 7543.0 }, "geometry": { "type": "MultiPolygon", "coordinates": [ [ [ [ -60.524922372573407, -31.728552251318675 ], [ -60.524993792374268, -31.72850848840028 ], [ -60.525017731670424, -31.728491084422249 ], [ -60.525008036600127, -31.728480846782571 ], [ -60.525017261659926, -31.728475249042219 ], [ -60.524976060985225, -31.728423916017594 ], [ -60.524882688534092, -31.728475604849745 ], [ -60.524867595395733, -31.728486065237632 ], [ -60.524922372573407, -31.728552251318675 ] ] ] ] } },
{ "type": "Feature", "properties": { "id": 12, "ogc_fid": 12633, "ncp": "0010000072020", "sec": 1, "gru": 0, "manz": 72, "parc": 20, "nropasd": 15396.0, "ubipar1": "SAN JUAN                  475", "desdes": "VIVIENDA FAMILIAR", "dessde": null, "supter": 115.86, "parprov": 6700.0, "planome": 38044.0 }, "geometry": { "type": "MultiPolygon", "coordinates": [ [ [ [ -60.524922372573407, -31.728552251318675 ], [ -60.524961155691919, -31.728600096650567 ], [ -60.524969831568441, -31.728593044588756 ], [ -60.525112122657795, -31.728513042281406 ], [ -60.525144911674055, -31.728492214907284 ], [ -60.525118927201, -31.728462303672998 ], [ -60.525033041757865, -31.728508029131994 ], [ -60.525017731670424, -31.728491084422249 ], [ -60.524993792374268, -31.72850848840028 ], [ -60.524922372573407, -31.728552251318675 ] ] ] ] } },
{ "type": "Feature", "properties": { "id": 13, "ogc_fid": 12636, "ncp": "0010000073037", "sec": 1, "gru": 0, "manz": 73, "parc": 37, "nropasd": 10848.0, "ubipar1": "SAN JUAN                  478", "desdes": "VIVIENDA FAMILIAR", "dessde": null, "supter": 238.93, "parprov": 410.0, "planome": 15758.0 }, "geometry": { "type": "MultiPolygon", "coordinates": [ [ [ [ -60.524510358482289, -31.728781707568199 ], [ -60.524777040597094, -31.728644366385549 ], [ -60.524763949600292, -31.72862507803741 ], [ -60.524811431885908, -31.728600740240271 ], [ -60.524784409153611, -31.728567032420219 ], [ -60.524608167901768, -31.728661089516784 ], [ -60.524471421268025, -31.728728595295305 ], [ -60.524510358482289, -31.728781707568199 ] ] ] ] } },
{ "type": "Feature", "properties": { "id": 14, "ogc_fid": 12638, "ncp": "0010000072021", "sec": 1, "gru": 0, "manz": 72, "parc": 21, "nropasd": 5781.0, "ubipar1": "SAN JUAN                  473", "desdes": "VIVIENDA FAMILIAR", "dessde": null, "supter": 147.56, "parprov": 11368.0, "planome": 178964.0 }, "geometry": { "type": "MultiPolygon", "coordinates": [ [ [ [ -60.52500331592438, -31.728653654757331 ], [ -60.525015370607939, -31.728645136810378 ], [ -60.525151526564898, -31.728568045623209 ], [ -60.525193049659933, -31.728547627416869 ], [ -60.525144911674055, -31.728492214907284 ], [ -60.525112122657795, -31.728513042281406 ], [ -60.524969831568441, -31.728593044588756 ], [ -60.524961155691919, -31.728600096650567 ], [ -60.52500331592438, -31.728653654757331 ] ] ] ] } },
{ "type": "Feature", "properties": { "id": 15, "ogc_fid": 12644, "ncp": "0010000072025", "sec": 1, "gru": 0, "manz": 72, "parc": 25, "nropasd": 12931.0, "ubipar1": "SAN JUAN                  449", "desdes": "VIVIENDA FAMILIAR", "dessde": null, "supter": 1154.54, "parprov": 9980.0, "planome": 37434.0 }, "geometry": { "type": "MultiPolygon", "coordinates": [ [ [ [ -60.525134436449193, -31.728811892937912 ], [ -60.525225870029182, -31.72892290271902 ], [ -60.525243572949947, -31.728944861771573 ], [ -60.525304168252127, -31.728907210685477 ], [ -60.525427276237814, -31.728835858968658 ], [ -60.525578377866609, -31.728743128517795 ], [ -60.525648324246333, -31.72870161030426 ], [ -60.525720696765525, -31.728658651923098 ], [ -60.525647728029391, -31.728551462669362 ], [ -60.525581970321433, -31.728585459761071 ], [ -60.525505422165381, -31.728625035499171 ], [ -60.525415726186736, -31.728511556722804 ], [ -60.525319618898187, -31.728559856326875 ], [ -60.525277438477545, -31.72858105444762 ], [ -60.52532561728755, -31.728637356771092 ], [ -60.525371461612572, -31.728692856096703 ], [ -60.525279898350263, -31.72874028254877 ], [ -60.525224361855763, -31.728767765061821 ], [ -60.525134436449193, -31.728811892937912 ] ] ] ] } },
{ "type": "Feature", "properties": { "id": 16, "ogc_fid": 12649, "ncp": "0010000072022", "sec": 1, "gru": 0, "manz": 72, "parc": 22, "nropasd": 3452.0, "ubipar1": "SAN JUAN                  467", "desdes": "VIVIENDA FAMILIAR", "dessde": null, "supter": 144.5, "parprov": 4344.0, "planome": 1.0 }, "geometry": { "type": "MultiPolygon", "coordinates": [ [ [ [ -60.525043043437783, -31.72870242507053 ], [ -60.525172408302417, -31.728637284185012 ], [ -60.525231021784357, -31.728605682625606 ], [ -60.525196945800772, -31.728552112331585 ], [ -60.525193049659933, -31.728547627416869 ], [ -60.525151526564898, -31.728568045623209 ], [ -60.525015370607939, -31.728645136810378 ], [ -60.52500331592438, -31.728653654757331 ], [ -60.525043043437783, -31.72870242507053 ] ] ] ] } },
{ "type": "Feature", "properties": { "id": 17, "ogc_fid": 12657, "ncp": "0010000073036", "sec": 1, "gru": 0, "manz": 73, "parc": 36, "nropasd": 10851.0, "ubipar1": "SAN JUAN                  476", "desdes": "VIVIENDA FAMILIAR", "dessde": null, "supter": 307.06, "parprov": 13602.0, "planome": 73478.0 }, "geometry": { "type": "MultiPolygon", "coordinates": [ [ [ [ -60.524559478864468, -31.72884870356485 ], [ -60.524568730227529, -31.728843532129027 ], [ -60.524702628722984, -31.728773917961274 ], [ -60.524744009000464, -31.728754619548695 ], [ -60.524879256185329, -31.728684711054594 ], [ -60.524811431885908, -31.728600740240271 ], [ -60.524763949600292, -31.72862507803741 ], [ -60.524777040597094, -31.728644366385549 ], [ -60.524510358482289, -31.728781707568199 ], [ -60.524559478864468, -31.72884870356485 ] ] ] ] } },
{ "type": "Feature", "properties": { "id": 18, "ogc_fid": 12660, "ncp": "0010000072023", "sec": 1, "gru": 0, "manz": 72, "parc": 23, "nropasd": 9853.0, "ubipar1": "SAN JUAN                  461", "desdes": "VIVIENDA FAMILIAR", "dessde": null, "supter": 199.79, "parprov": 3640.0, "planome": 42483.0 }, "geometry": { "type": "MultiPolygon", "coordinates": [ [ [ [ -60.525087788447507, -31.728755900353651 ], [ -60.525157578718336, -31.728720666463758 ], [ -60.52524062326335, -31.728680084108529 ], [ -60.52532561728755, -31.728637356771092 ], [ -60.525277438477545, -31.72858105444762 ], [ -60.525231021784357, -31.728605682625606 ], [ -60.525172408302417, -31.728637284185012 ], [ -60.525043043437783, -31.72870242507053 ], [ -60.525087788447507, -31.728755900353651 ] ] ] ] } },
{ "type": "Feature", "properties": { "id": 19, "ogc_fid": 12667, "ncp": "0010000073035", "sec": 1, "gru": 0, "manz": 73, "parc": 35, "nropasd": 10849.0, "ubipar1": "SAN JUAN                  468", "desdes": "VIVIENDA FAMILIAR", "dessde": null, "supter": 427.5, "parprov": 442.0, "planome": 15678.0 }, "geometry": { "type": "MultiPolygon", "coordinates": [ [ [ [ -60.524930663354297, -31.72874828664586 ], [ -60.524879256185329, -31.728684711054594 ], [ -60.524744009000464, -31.728754619548695 ], [ -60.524702628722984, -31.728773917961274 ], [ -60.524568730227529, -31.728843532129027 ], [ -60.524559478864468, -31.72884870356485 ], [ -60.52442635722845, -31.728920404777377 ], [ -60.524430669709169, -31.728927340236584 ], [ -60.524472597811318, -31.728980926527534 ], [ -60.524497286286213, -31.728973005972112 ], [ -60.524519421437155, -31.728961371311382 ], [ -60.524648607657056, -31.728890613214823 ], [ -60.524675290576482, -31.728878986863851 ], [ -60.524738792992082, -31.728845745099555 ], [ -60.524930663354297, -31.72874828664586 ] ] ] ] } },
{ "type": "Feature", "properties": { "id": 20, "ogc_fid": 12675, "ncp": "0010000072024", "sec": 1, "gru": 0, "manz": 72, "parc": 24, "nropasd": 14815.0, "ubipar1": "SAN JUAN                  457", "desdes": "VIVIENDA FAMILIAR", "dessde": null, "supter": 195.26, "parprov": 17580.0, "planome": 42239.0 }, "geometry": { "type": "MultiPolygon", "coordinates": [ [ [ [ -60.525087788447507, -31.728755900353651 ], [ -60.525134436449193, -31.728811892937912 ], [ -60.525224361855763, -31.728767765061821 ], [ -60.525279898350263, -31.72874028254877 ], [ -60.525371461612572, -31.728692856096703 ], [ -60.52532561728755, -31.728637356771092 ], [ -60.52524062326335, -31.728680084108529 ], [ -60.525157578718336, -31.728720666463758 ], [ -60.525087788447507, -31.728755900353651 ] ] ] ] } },
{ "type": "Feature", "properties": { "id": 21, "ogc_fid": 12686, "ncp": "0010000073034", "sec": 1, "gru": 0, "manz": 73, "parc": 34, "nropasd": 10847.0, "ubipar1": "SAN JUAN                  464", "desdes": "BALDIO", "dessde": "LOTE.-", "supter": 532.53, "parprov": 417.0, "planome": 15676.0 }, "geometry": { "type": "MultiPolygon", "coordinates": [ [ [ [ -60.524930663354297, -31.72874828664586 ], [ -60.524738792992082, -31.728845745099555 ], [ -60.524675290576482, -31.728878986863851 ], [ -60.524648607657056, -31.728890613214823 ], [ -60.524519421437155, -31.728961371311382 ], [ -60.524497286286213, -31.728973005972112 ], [ -60.524472597811318, -31.728980926527534 ], [ -60.52453486554618, -31.729058129644187 ], [ -60.524588993489182, -31.729029679106922 ], [ -60.524606023306667, -31.729022284546925 ], [ -60.5246577276964, -31.728999833832393 ], [ -60.524806819266594, -31.72892621597023 ], [ -60.524987142837453, -31.728816927713279 ], [ -60.524930663354297, -31.72874828664586 ] ] ] ] } },
{ "type": "Feature", "properties": { "id": 22, "ogc_fid": 12716, "ncp": "0010000073033", "sec": 1, "gru": 0, "manz": 73, "parc": 33, "nropasd": 17163.0, "ubipar1": "SAN JUAN                  454", "desdes": "VIVIENDA FAMILIAR", "dessde": null, "supter": 367.28, "parprov": 7993.0, "planome": 23497.0 }, "geometry": { "type": "MultiPolygon", "coordinates": [ [ [ [ -60.524658015899298, -31.729092181263237 ], [ -60.524804818311523, -31.729009274835111 ], [ -60.52489532615698, -31.728959841961458 ], [ -60.524960882007207, -31.72892212751351 ], [ -60.525034134760503, -31.728874037201383 ], [ -60.524987142837453, -31.728816927713279 ], [ -60.524806819266594, -31.72892621597023 ], [ -60.5246577276964, -31.728999833832393 ], [ -60.524606023306667, -31.729022284546925 ], [ -60.524658015899298, -31.729092181263237 ] ] ] ] } },
{ "type": "Feature", "properties": { "id": 23, "ogc_fid": 12732, "ncp": "0010000073032", "sec": 1, "gru": 0, "manz": 73, "parc": 32, "nropasd": 5343.0, "ubipar1": "SAN JUAN                  452", "desdes": "VIVIENDA FAMILIAR", "dessde": null, "supter": 415.31, "parprov": 12911.0, "planome": 18005.0 }, "geometry": { "type": "MultiPolygon", "coordinates": [ [ [ [ -60.52471998837337, -31.729162634599788 ], [ -60.524784107306623, -31.729121946054232 ], [ -60.524804096543754, -31.729111358185023 ], [ -60.524910024325052, -31.729055250424061 ], [ -60.524952586217871, -31.729030292529156 ], [ -60.524982290301956, -31.729016948370919 ], [ -60.525094332970852, -31.728947199166413 ], [ -60.525034134760503, -31.728874037201383 ], [ -60.524960882007207, -31.72892212751351 ], [ -60.52489532615698, -31.728959841961458 ], [ -60.524804818311523, -31.729009274835111 ], [ -60.524658015899298, -31.729092181263237 ], [ -60.52471998837337, -31.729162634599788 ] ] ] ] } },
{ "type": "Feature", "properties": { "id": 24, "ogc_fid": 12739, "ncp": "0010000072027", "sec": 1, "gru": 0, "manz": 72, "parc": 27, "nropasd": 28837.0, "ubipar1": "SAN JUAN                  437", "desdes": "VIVIENDA FAMILIAR", "dessde": null, "supter": 217.2, "parprov": 3626.0, "planome": 0.0 }, "geometry": { "type": "MultiPolygon", "coordinates": [ [ [ [ -60.52549523431567, -31.728913856310239 ], [ -60.525427276237814, -31.728835858968658 ], [ -60.525304168252127, -31.728907210685477 ], [ -60.525326243136334, -31.728934732220416 ], [ -60.525265647825513, -31.728972383316936 ], [ -60.525308544804922, -31.729026228760919 ], [ -60.52549523431567, -31.728913856310239 ] ] ] ] } },
{ "type": "Feature", "properties": { "id": 25, "ogc_fid": 12752, "ncp": "0010000073031", "sec": 1, "gru": 0, "manz": 73, "parc": 31, "nropasd": 8807.0, "ubipar1": "SAN JUAN                  442", "desdes": "VIVIENDA FAMILIAR", "dessde": null, "supter": 222.58, "parprov": 975.0, "planome": 7402.0 }, "geometry": { "type": "MultiPolygon", "coordinates": [ [ [ [ -60.524804096543754, -31.729111358185023 ], [ -60.524847750234279, -31.729163972629742 ], [ -60.524973806687989, -31.729088500196927 ], [ -60.525137505913428, -31.728996929242641 ], [ -60.525094332970852, -31.728947199166413 ], [ -60.524982290301956, -31.729016948370919 ], [ -60.524952586217871, -31.729030292529156 ], [ -60.524910024325052, -31.729055250424061 ], [ -60.524804096543754, -31.729111358185023 ] ] ] ] } },
{ "type": "Feature", "properties": { "id": 26, "ogc_fid": 12753, "ncp": "0010000072026", "sec": 1, "gru": 0, "manz": 72, "parc": 26, "nropasd": 6105.0, "ubipar1": "SAN JUAN                  439", "desdes": "VIVIENDA FAMILIAR", "dessde": null, "supter": 26.27, "parprov": 123763.0, "planome": 42064.0 }, "geometry": { "type": "MultiPolygon", "coordinates": [ [ [ [ -60.525304168252127, -31.728907210685477 ], [ -60.525243572949947, -31.728944861771573 ], [ -60.525265647825513, -31.728972383316936 ], [ -60.525326243136334, -31.728934732220416 ], [ -60.525304168252127, -31.728907210685477 ] ] ] ] } },
{ "type": "Feature", "properties": { "id": 27, "ogc_fid": 12771, "ncp": "0010000073030", "sec": 1, "gru": 0, "manz": 73, "parc": 30, "nropasd": 9631.0, "ubipar1": "SAN JUAN                  438", "desdes": "VIVIENDA FAMILIAR", "dessde": null, "supter": 406.58, "parprov": 6978.0, "planome": 101266.0 }, "geometry": { "type": "MultiPolygon", "coordinates": [ [ [ [ -60.524794318228658, -31.729195961452792 ], [ -60.524864167773657, -31.729272118597859 ], [ -60.524956642946904, -31.7292183188836 ], [ -60.52519574182859, -31.729073859922419 ], [ -60.525137505913428, -31.728996929242641 ], [ -60.524973806687989, -31.729088500196927 ], [ -60.524847750234279, -31.729163972629742 ], [ -60.524794318228658, -31.729195961452792 ] ] ] ] } },
{ "type": "Feature", "properties": { "id": 28, "ogc_fid": 12787, "ncp": "0010000073029", "sec": 1, "gru": 0, "manz": 73, "parc": 29, "nropasd": 5796.0, "ubipar1": "SAN JUAN                  430", "desdes": "HOGAR DE ANCIANOS-", "dessde": "CUIDADO DE ANCIANOS.-", "supter": 390.65, "parprov": 3154.0, "planome": 84126.0 }, "geometry": { "type": "MultiPolygon", "coordinates": [ [ [ [ -60.524750458078671, -31.729385276634179 ], [ -60.524924199696834, -31.729316212157645 ], [ -60.525037215940507, -31.729255801257107 ], [ -60.52509751823667, -31.729218270710664 ], [ -60.525241843069487, -31.729133894967674 ], [ -60.52519574182859, -31.729073859922419 ], [ -60.524956642946904, -31.7292183188836 ], [ -60.524864167773657, -31.729272118597859 ], [ -60.524814229545839, -31.729301171340762 ], [ -60.524725616000154, -31.729352394461824 ], [ -60.524750458078671, -31.729385276634179 ] ] ] ] } },
{ "type": "Feature", "properties": { "id": 29, "ogc_fid": 12797, "ncp": "0010000072038", "sec": 1, "gru": 0, "manz": 72, "parc": 38, "nropasd": 1847.0, "ubipar1": "LA PAZ                    195", "desdes": "VIVIENDA FAMILIAR", "dessde": null, "supter": 587.5, "parprov": 1394.0, "planome": 40607.0 }, "geometry": { "type": "MultiPolygon", "coordinates": [ [ [ [ -60.52566726885491, -31.729107884866593 ], [ -60.525607045915365, -31.729140958367264 ], [ -60.525664109237354, -31.729206547198558 ], [ -60.525566724224262, -31.729262006219656 ], [ -60.525520019578565, -31.729289542629243 ], [ -60.525596296503039, -31.729384652016869 ], [ -60.525627541087651, -31.729394172885755 ], [ -60.525785161474253, -31.729351019005495 ], [ -60.525752551339671, -31.729267841364816 ], [ -60.525728427219818, -31.729209384273759 ], [ -60.525843746065128, -31.729140161187726 ], [ -60.52580706275571, -31.729027041173719 ], [ -60.525775144076114, -31.729045499972859 ], [ -60.52566726885491, -31.729107884866593 ] ] ] ] } },
{ "type": "Feature", "properties": { "id": 30, "ogc_fid": 12804, "ncp": "0010000072036", "sec": 1, "gru": 0, "manz": 72, "parc": 36, "nropasd": 2185.0, "ubipar1": "SAN JUAN                  419", "desdes": "VIVIENDA FAMILIAR", "dessde": null, "supter": 206.29, "parprov": 9856.0, "planome": 8695.0 }, "geometry": { "type": "MultiPolygon", "coordinates": [ [ [ [ -60.525466929819814, -31.729223358880613 ], [ -60.525538592263189, -31.729177673736309 ], [ -60.525607045915365, -31.729140958367264 ], [ -60.52566726885491, -31.729107884866593 ], [ -60.525616158394087, -31.729041347133972 ], [ -60.525460309241616, -31.729130911305429 ], [ -60.525416745358733, -31.729161537066251 ], [ -60.525466929819814, -31.729223358880613 ] ] ] ] } },
{ "type": "Feature", "properties": { "id": 31, "ogc_fid": 12812, "ncp": "0010000073028", "sec": 1, "gru": 0, "manz": 73, "parc": 28, "nropasd": 15631.0, "ubipar1": "SAN JUAN                  428", "desdes": "VIVIENDA FAMILIAR", "dessde": null, "supter": 394.2, "parprov": 3483.0, "planome": 129621.0 }, "geometry": { "type": "MultiPolygon", "coordinates": [ [ [ [ -60.524992866647992, -31.729364250046732 ], [ -60.52503658664871, -31.729340685209195 ], [ -60.52528705519007, -31.729189685983982 ], [ -60.525241843069487, -31.729133894967674 ], [ -60.52509751823667, -31.729218270710664 ], [ -60.525037215940507, -31.729255801257107 ], [ -60.524924199696834, -31.729316212157645 ], [ -60.524750458078671, -31.729385276634179 ], [ -60.524776575077674, -31.729419846321921 ], [ -60.524911780263714, -31.729385372688196 ], [ -60.524992866647992, -31.729364250046732 ] ] ] ] } },
{ "type": "Feature", "properties": { "id": 32, "ogc_fid": 12820, "ncp": "0010000073027", "sec": 1, "gru": 0, "manz": 73, "parc": 27, "nropasd": 5797.0, "ubipar1": "SAN JUAN                  418", "desdes": "VIVIENDA FAMILIAR", "dessde": null, "supter": 182.0, "parprov": 3478.0, "planome": 84127.0 }, "geometry": { "type": "MultiPolygon", "coordinates": [ [ [ [ -60.525145584444175, -31.729323553244662 ], [ -60.525267695885965, -31.729290857749806 ], [ -60.525351010724222, -31.729268550015068 ], [ -60.52528705519007, -31.729189685983982 ], [ -60.52503658664871, -31.729340685209195 ], [ -60.524992866647992, -31.729364250046732 ], [ -60.525075795690384, -31.729342239210141 ], [ -60.525145584444175, -31.729323553244662 ] ] ] ] } },
{ "type": "Feature", "properties": { "id": 33, "ogc_fid": 12822, "ncp": "0010000072037", "sec": 1, "gru": 0, "manz": 72, "parc": 37, "nropasd": 1846.0, "ubipar1": "SAN JUAN                  411", "desdes": "VIVIENDA FAMILIAR", "dessde": null, "supter": 140.93, "parprov": 2537.0, "planome": 48128.0 }, "geometry": { "type": "MultiPolygon", "coordinates": [ [ [ [ -60.525466929819814, -31.729223358880613 ], [ -60.525520019578565, -31.729289542629243 ], [ -60.525566724224262, -31.729262006219656 ], [ -60.525664109237354, -31.729206547198558 ], [ -60.525607045915365, -31.729140958367264 ], [ -60.525538592263189, -31.729177673736309 ], [ -60.525466929819814, -31.729223358880613 ] ] ] ] } },
{ "type": "Feature", "properties": { "id": 34, "ogc_fid": 12830, "ncp": "0010000073026", "sec": 1, "gru": 0, "manz": 73, "parc": 26, "nropasd": 2094.0, "ubipar1": "LA PAZ                    207", "desdes": "VIVIENDA FAMILIAR", "dessde": null, "supter": 214.0, "parprov": 741.0, "planome": 30292.0 }, "geometry": { "type": "MultiPolygon", "coordinates": [ [ [ [ -60.525352967999659, -31.729463971082268 ], [ -60.525434134273645, -31.729441974285372 ], [ -60.525453101905491, -31.729394459214326 ], [ -60.525351010724222, -31.729268550015068 ], [ -60.525267695885965, -31.729290857749806 ], [ -60.525291104391101, -31.729340718795704 ], [ -60.52530702738963, -31.729337063844696 ], [ -60.525352967999659, -31.729463971082268 ] ] ] ] } },
{ "type": "Feature", "properties": { "id": 35, "ogc_fid": 12889, "ncp": "0010000081012", "sec": 1, "gru": 0, "manz": 81, "parc": 12, "nropasd": 5424.0, "ubipar1": "LA PAZ                    194", "desdes": "VIVIENDA FAMILIAR", "dessde": null, "supter": 147.51, "parprov": 10898.0, "planome": 28494.0 }, "geometry": { "type": "MultiPolygon", "coordinates": [ [ [ [ -60.525764553433888, -31.729606929482628 ], [ -60.52583385645535, -31.729568879512236 ], [ -60.525781422260003, -31.729447495432776 ], [ -60.525702838274078, -31.729468967750343 ], [ -60.52569587357975, -31.729502508917076 ], [ -60.525706701618311, -31.729529023501239 ], [ -60.525737043516578, -31.729565540191338 ], [ -60.525764553433888, -31.729606929482628 ] ] ] ] } },
{ "type": "Feature", "properties": { "id": 36, "ogc_fid": 12900, "ncp": "0010000081013", "sec": 1, "gru": 0, "manz": 81, "parc": 13, "nropasd": 11584.0, "ubipar1": "SAN JUAN                  371", "desdes": "VIVIENDA FAMILIAR", "dessde": null, "supter": 300.91, "parprov": 10070.0, "planome": 37114.0 }, "geometry": { "type": "MultiPolygon", "coordinates": [ [ [ [ -60.526124346857905, -31.729509921825159 ], [ -60.526108005338429, -31.729466220926767 ], [ -60.526046606559525, -31.729482976485532 ], [ -60.525986734527912, -31.729499315364926 ], [ -60.525934689481943, -31.729513518258404 ], [ -60.52583385645535, -31.729568879512236 ], [ -60.525764553433888, -31.729606929482628 ], [ -60.525767969587861, -31.729612073926891 ], [ -60.525824958724932, -31.729681073240556 ], [ -60.525904602337505, -31.729636076441423 ], [ -60.526023439699088, -31.729567632298522 ], [ -60.526124346857905, -31.729509921825159 ] ] ] ] } },
{ "type": "Feature", "properties": { "id": 37, "ogc_fid": 12913, "ncp": "0010000081014", "sec": 1, "gru": 0, "manz": 81, "parc": 14, "nropasd": 131709.0, "ubipar1": "SAN JUAN                  353", "desdes": "VIVIENDA MULTIFAMILIAR", "dessde": "DE DOS (2) UNIDADES FUNCIONALES", "supter": 62.77, "parprov": 276994.0, "planome": 225066.0 }, "geometry": { "type": "MultiPolygon", "coordinates": [ [ [ [ -60.525897843194258, -31.729769307133825 ], [ -60.526120454687891, -31.729648361587376 ], [ -60.526190354487362, -31.729608041450867 ], [ -60.526169935699905, -31.729579969084039 ], [ -60.52615797991438, -31.729558729365067 ], [ -60.525991941694748, -31.729658918879696 ], [ -60.52599431509212, -31.729661792107756 ], [ -60.525957766976127, -31.72968384563536 ], [ -60.525939266656216, -31.729661449184452 ], [ -60.52589871052681, -31.729685921163167 ], [ -60.525908386677379, -31.729697635099807 ], [ -60.525861840049686, -31.729725721775939 ], [ -60.525897843194258, -31.729769307133825 ] ] ] ] } },
{ "type": "Feature", "properties": { "id": 38, "ogc_fid": 12953, "ncp": "0010000081017", "sec": 1, "gru": 0, "manz": 81, "parc": 17, "nropasd": 129680.0, "ubipar1": "ROSARIO DEL TALA          189", "desdes": "BAULERA", "dessde": null, "supter": 2.49, "parprov": 273398.0, "planome": 219498.0 }, "geometry": { "type": "MultiPolygon", "coordinates": [ [ [ [ -60.526311107765835, -31.730000077394795 ], [ -60.52624476283092, -31.729895885229947 ], [ -60.526118034940765, -31.729968253356059 ], [ -60.526105862984714, -31.729961099272174 ], [ -60.526071387099925, -31.729979411969023 ], [ -60.526139016586605, -31.730061292420245 ], [ -60.526166017701776, -31.730066736308693 ], [ -60.526311107765835, -31.730000077394795 ] ] ] ] } },
{ "type": "Feature", "properties": { "id": 39, "ogc_fid": 12958, "ncp": "0010000081016", "sec": 1, "gru": 0, "manz": 81, "parc": 16, "nropasd": 102404.0, "ubipar1": "SAN JUAN                  317", "desdes": "VIVIENDA FAMILIAR", "dessde": null, "supter": 478.22, "parprov": 139648.0, "planome": 80269.0 }, "geometry": { "type": "MultiPolygon", "coordinates": [ [ [ [ -60.526281808785605, -31.729675510794671 ], [ -60.526213368894183, -31.729712937706669 ], [ -60.526088194874205, -31.72978413174113 ], [ -60.525965785068919, -31.729851562585381 ], [ -60.526071387099925, -31.729979411969023 ], [ -60.526105862984714, -31.729961099272174 ], [ -60.526118034940765, -31.729968253356059 ], [ -60.52624476283092, -31.729895885229947 ], [ -60.526294877620771, -31.729867267048569 ], [ -60.526369907785195, -31.729973058909973 ], [ -60.526460680992976, -31.729931352619186 ], [ -60.526315731958057, -31.729726114853573 ], [ -60.526316645095022, -31.729723387521052 ], [ -60.526281808785605, -31.729675510794671 ] ] ] ] } },
{ "type": "Feature", "properties": { "id": 40, "ogc_fid": 12974, "ncp": "0010000088010", "sec": 1, "gru": 0, "manz": 88, "parc": 10, "nropasd": 126446.0, "ubipar1": "ROSARIO DEL TALA          196", "desdes": "VIVIENDA MULTIFAMILIAR", "dessde": "26 UNIDADES FUNCIONALES", "supter": 14.97, "parprov": 256931.0, "planome": 201117.0 }, "geometry": { "type": "MultiPolygon", "coordinates": [ [ [ [ -60.526321059665584, -31.730325159253074 ], [ -60.526490444887465, -31.730242187416685 ], [ -60.526432450022142, -31.73016002296141 ], [ -60.526436036218854, -31.730157906859034 ], [ -60.526379574464158, -31.730079670791692 ], [ -60.526236416584908, -31.730146556285071 ], [ -60.526223926187384, -31.730176945806189 ], [ -60.526321059665584, -31.730325159253074 ] ] ] ] } },
{ "type": "Feature", "properties": { "id": 41, "ogc_fid": 12979, "ncp": "0010000088012", "sec": 1, "gru": 0, "manz": 88, "parc": 12, "nropasd": 2107.0, "ubipar1": "SAN JUAN                  271", "desdes": "VIVIENDA FAMILIAR", "dessde": null, "supter": 117.3, "parprov": 100596.0, "planome": 49424.0 }, "geometry": { "type": "MultiPolygon", "coordinates": [ [ [ [ -60.526377864789666, -31.730411853199417 ], [ -60.526413889878263, -31.730466184677898 ], [ -60.52660011793057, -31.730378297530216 ], [ -60.526582359446934, -31.730348137493571 ], [ -60.526592630920319, -31.730343850699715 ], [ -60.526583170245054, -31.730327263168586 ], [ -60.526530171613679, -31.730349548669956 ], [ -60.526377864789666, -31.730411853199417 ] ] ] ] } },
{ "type": "Feature", "properties": { "id": 42, "ogc_fid": 12987, "ncp": "0010000089001", "sec": 1, "gru": 0, "manz": 89, "parc": 1, "nropasd": 7345.0, "ubipar1": "SAN JUAN                  296", "desdes": "VIVIENDA FAMILIAR", "dessde": null, "supter": 151.82, "parprov": 5627.0, "planome": 2998.0 }, "geometry": { "type": "MultiPolygon", "coordinates": [ [ [ [ -60.526075877655558, -31.730371715383008 ], [ -60.526176433807606, -31.730324674148875 ], [ -60.526111285460779, -31.730231043310837 ], [ -60.5260857396039, -31.730223582297892 ], [ -60.526005365146865, -31.730262557922284 ], [ -60.526075877655558, -31.730371715383008 ] ] ] ] } },
{ "type": "Feature", "properties": { "id": 43, "ogc_fid": 12995, "ncp": "0010000088014", "sec": 1, "gru": 0, "manz": 88, "parc": 14, "nropasd": 5933.0, "ubipar1": "SAN JUAN                  257", "desdes": "VIVIENDA FAMILIAR", "dessde": null, "supter": 804.84, "parprov": 3252.0, "planome": 5354.0 }, "geometry": { "type": "MultiPolygon", "coordinates": [ [ [ [ -60.526429671206003, -31.730489702660218 ], [ -60.526503650912744, -31.730599944845956 ], [ -60.526605828538003, -31.730557767478462 ], [ -60.526740097559149, -31.730503129241065 ], [ -60.526755363478337, -31.73049707792547 ], [ -60.527050030662572, -31.730387026630673 ], [ -60.527025201026738, -31.73035035006863 ], [ -60.526993491573634, -31.730303517425295 ], [ -60.526971618482783, -31.730271211836381 ], [ -60.526736436851614, -31.730363376952415 ], [ -60.526555227755694, -31.730439384347424 ], [ -60.526429671206003, -31.730489702660218 ] ] ] ] } },
{ "type": "Feature", "properties": { "id": 44, "ogc_fid": 13003, "ncp": "0010000089052", "sec": 1, "gru": 0, "manz": 89, "parc": 52, "nropasd": 26311.0, "ubipar1": "SAN JUAN                  266", "desdes": "HOGAR DE ANCIANOS-", "dessde": "CUIDADO DE ANCIANOS.-", "supter": 815.83, "parprov": 12035.0, "planome": 48973.0 }, "geometry": { "type": "MultiPolygon", "coordinates": [ [ [ [ -60.526311443584106, -31.730518698106625 ], [ -60.526157598304202, -31.730589731020501 ], [ -60.526078579272252, -31.730625869312885 ], [ -60.525912907909991, -31.730703020136307 ], [ -60.525785689770963, -31.730761930205581 ], [ -60.525739793863636, -31.73069174881444 ], [ -60.525670244172993, -31.7307268287155 ], [ -60.525594072063392, -31.730758805661726 ], [ -60.525671762129548, -31.730932146023967 ], [ -60.525772178034501, -31.730872445565392 ], [ -60.525900709860188, -31.730800144699604 ], [ -60.52592737717481, -31.730783819556777 ], [ -60.525965790305051, -31.73075470291824 ], [ -60.526002538714849, -31.730739102725778 ], [ -60.526067887184794, -31.730718703928741 ], [ -60.526168689965949, -31.730677786144511 ], [ -60.526363037443041, -31.730594411106203 ], [ -60.526311443584106, -31.730518698106625 ] ] ] ] } },
{ "type": "Feature", "properties": { "id": 45, "ogc_fid": 13011, "ncp": "0010000089053", "sec": 1, "gru": 0, "manz": 89, "parc": 53, "nropasd": 4720.0, "ubipar1": "SAN JUAN                  272", "desdes": "VIVIENDA FAMILIAR", "dessde": null, "supter": 541.17, "parprov": 24368.0, "planome": 108573.0 }, "geometry": { "type": "MultiPolygon", "coordinates": [ [ [ [ -60.526311443584106, -31.730518698106625 ], [ -60.526252433225686, -31.730433889067498 ], [ -60.526186563924171, -31.730472245776067 ], [ -60.526096154728101, -31.730516863318627 ], [ -60.526093353211088, -31.730514061135707 ], [ -60.526045754881139, -31.730538984073224 ], [ -60.525975748347996, -31.730574870675092 ], [ -60.525877225226424, -31.730626748352723 ], [ -60.525780302731064, -31.730673013839834 ], [ -60.525739793863636, -31.73069174881444 ], [ -60.525785689770963, -31.730761930205581 ], [ -60.525912907909991, -31.730703020136307 ], [ -60.526078579272252, -31.730625869312885 ], [ -60.526157598304202, -31.730589731020501 ], [ -60.526311443584106, -31.730518698106625 ] ] ] ] } },
{ "type": "Feature", "properties": { "id": 46, "ogc_fid": 13013, "ncp": "0010000089051", "sec": 1, "gru": 0, "manz": 89, "parc": 51, "nropasd": 7739.0, "ubipar1": "SAN JUAN                  254", "desdes": "ESCUELA", "dessde": null, "supter": 826.7, "parprov": 3977.0, "planome": 34139.0 }, "geometry": { "type": "MultiPolygon", "coordinates": [ [ [ [ -60.525932300832686, -31.730900786137102 ], [ -60.526147534570171, -31.730818019661687 ], [ -60.526302031377071, -31.730757643837624 ], [ -60.526434825883157, -31.730701542007004 ], [ -60.526363037443041, -31.730594411106203 ], [ -60.526168689965949, -31.730677786144511 ], [ -60.526067887184794, -31.730718703928741 ], [ -60.526002538714849, -31.730739102725778 ], [ -60.525965790305051, -31.73075470291824 ], [ -60.52592737717481, -31.730783819556777 ], [ -60.525900709860188, -31.730800144699604 ], [ -60.525772178034501, -31.730872445565392 ], [ -60.525809068141825, -31.73095170750495 ], [ -60.525932300832686, -31.730900786137102 ] ] ] ] } },
{ "type": "Feature", "properties": { "id": 47, "ogc_fid": 13016, "ncp": "0010000088015", "sec": 1, "gru": 0, "manz": 88, "parc": 15, "nropasd": 10721.0, "ubipar1": "SAN JUAN                  249", "desdes": "SEDE", "dessde": "OFICINAS", "supter": 556.85, "parprov": 8294.0, "planome": 41933.0 }, "geometry": { "type": "MultiPolygon", "coordinates": [ [ [ [ -60.526555836939252, -31.730677711517959 ], [ -60.526615549090948, -31.730653322529673 ], [ -60.526759599714751, -31.730596804101488 ], [ -60.526969785607044, -31.730509845503772 ], [ -60.527099853738399, -31.730460626287716 ], [ -60.527050030662572, -31.730387026630673 ], [ -60.526755363478337, -31.73049707792547 ], [ -60.526740097559149, -31.730503129241065 ], [ -60.526605828538003, -31.730557767478462 ], [ -60.526503650912744, -31.730599944845956 ], [ -60.526555836939252, -31.730677711517959 ] ] ] ] } },
{ "type": "Feature", "properties": { "id": 48, "ogc_fid": 13021, "ncp": "0010000089050", "sec": 1, "gru": 0, "manz": 89, "parc": 50, "nropasd": 100751.0, "ubipar1": "SAN JUAN                  244", "desdes": "COCHERA", "dessde": null, "supter": 3.08, "parprov": 120966.0, "planome": 58673.0 }, "geometry": { "type": "MultiPolygon", "coordinates": [ [ [ [ -60.526190738297309, -31.730930779345645 ], [ -60.526328014003369, -31.730877806147497 ], [ -60.526380569188106, -31.730858488116279 ], [ -60.526384326645982, -31.730866129234201 ], [ -60.526506806050712, -31.730808960661676 ], [ -60.526434825883157, -31.730701542007004 ], [ -60.526302031377071, -31.730757643837624 ], [ -60.526147534570171, -31.730818019661687 ], [ -60.525932300832686, -31.730900786137102 ], [ -60.525991099084571, -31.731007817570642 ], [ -60.526047263073963, -31.730986144648121 ], [ -60.526190738297309, -31.730930779345645 ] ] ] ] } },
{ "type": "Feature", "properties": { "id": 49, "ogc_fid": 13026, "ncp": "0010000089054", "sec": 1, "gru": 0, "manz": 89, "parc": 54, "nropasd": 7554.0, "ubipar1": "SAN JUAN                  282", "desdes": "VIVIENDA FAMILIAR", "dessde": null, "supter": 162.38, "parprov": 6341.0, "planome": 68770.0 }, "geometry": { "type": "MultiPolygon", "coordinates": [ [ [ [ -60.526217784532108, -31.730384097142156 ], [ -60.5261738119301, -31.730405940907477 ], [ -60.526010383214981, -31.730485878308503 ], [ -60.526045754881139, -31.730538984073224 ], [ -60.526093353211088, -31.730514061135707 ], [ -60.526096154728101, -31.730516863318627 ], [ -60.526186563924171, -31.730472245776067 ], [ -60.526252433225686, -31.730433889067498 ], [ -60.526217784532108, -31.730384097142156 ] ] ] ] } },
{ "type": "Feature", "properties": { "id": 50, "ogc_fid": 13028, "ncp": "0010000088017", "sec": 1, "gru": 0, "manz": 88, "parc": 17, "nropasd": 1960.0, "ubipar1": "SAN JUAN                  233", "desdes": "VIVIENDA FAMILIAR", "dessde": null, "supter": 259.5, "parprov": 2975.0, "planome": 2016.0 }, "geometry": { "type": "MultiPolygon", "coordinates": [ [ [ [ -60.527035686420056, -31.730651476249459 ], [ -60.527018468268729, -31.730624809397934 ], [ -60.527163215518293, -31.730551219981315 ], [ -60.527146846767167, -31.730527812648955 ], [ -60.527007407970522, -31.730607684064406 ], [ -60.526613216412287, -31.730763266658627 ], [ -60.526639506398638, -31.730803380173413 ], [ -60.526800520523928, -31.730740541847062 ], [ -60.526869893827985, -31.730713310054917 ], [ -60.526944107594581, -31.730684178128683 ], [ -60.527035686420056, -31.730651476249459 ] ] ] ] } },
{ "type": "Feature", "properties": { "id": 51, "ogc_fid": 13041, "ncp": "0010000089048", "sec": 1, "gru": 0, "manz": 89, "parc": 48, "nropasd": 1959.0, "ubipar1": "SAN JUAN                  218", "desdes": "VIVIENDA FAMILIAR", "dessde": null, "supter": 453.35, "parprov": 2367.0, "planome": 4172.0 }, "geometry": { "type": "MultiPolygon", "coordinates": [ [ [ [ -60.526394030730536, -31.731085741425318 ], [ -60.526413765850712, -31.731078797175584 ], [ -60.526540329996514, -31.731031117111151 ], [ -60.526631511653427, -31.730995077618786 ], [ -60.526559248243764, -31.730887222283712 ], [ -60.526455197146049, -31.730930309193791 ], [ -60.526241632272651, -31.731015233716946 ], [ -60.526244314275274, -31.73101742313742 ], [ -60.526299829961431, -31.731105547340132 ], [ -60.526305412911448, -31.731116923564961 ], [ -60.526394030730536, -31.731085741425318 ] ] ] ] } },
{ "type": "Feature", "properties": { "id": 52, "ogc_fid": 13069, "ncp": "0010000088018", "sec": 1, "gru": 0, "manz": 88, "parc": 18, "nropasd": 16258.0, "ubipar1": "SAN JUAN                  225", "desdes": "VIVIENDA FAMILIAR", "dessde": null, "supter": 188.8, "parprov": 14892.0, "planome": 10272.0 }, "geometry": { "type": "MultiPolygon", "coordinates": [ [ [ [ -60.526869893827985, -31.730713310054917 ], [ -60.526800520523928, -31.730740541847062 ], [ -60.526639506398638, -31.730803380173413 ], [ -60.526676505436029, -31.730859827922973 ], [ -60.526721279858968, -31.730844512247508 ], [ -60.52673147544823, -31.730848344471379 ], [ -60.526801281625268, -31.730811666858145 ], [ -60.526813590643208, -31.730832371712729 ], [ -60.526849396627327, -31.730816236459642 ], [ -60.526841981682949, -31.730801248979379 ], [ -60.526905783422627, -31.730771033940652 ], [ -60.526869893827985, -31.730713310054917 ] ] ] ] } },
{ "type": "Feature", "properties": { "id": 53, "ogc_fid": 13083, "ncp": "0010000088019", "sec": 1, "gru": 0, "manz": 88, "parc": 19, "nropasd": 9149.0, "ubipar1": "SAN JUAN                  217", "desdes": "VIVIENDA FAMILIAR", "dessde": null, "supter": 254.0, "parprov": 9231.0, "planome": 10156.0 }, "geometry": { "type": "MultiPolygon", "coordinates": [ [ [ [ -60.526750616314452, -31.730972891129966 ], [ -60.526867605526661, -31.730917034534329 ], [ -60.526842504920161, -31.730882011556972 ], [ -60.526950123090408, -31.730834176717178 ], [ -60.526941672212004, -31.730824352725669 ], [ -60.526905783422627, -31.730771033940652 ], [ -60.526841981682949, -31.730801248979379 ], [ -60.526849396627327, -31.730816236459642 ], [ -60.526813590643208, -31.730832371712729 ], [ -60.526801281625268, -31.730811666858145 ], [ -60.52673147544823, -31.730848344471379 ], [ -60.526721279858968, -31.730844512247508 ], [ -60.526676505436029, -31.730859827922973 ], [ -60.526750616314452, -31.730972891129966 ] ] ] ] } },
{ "type": "Feature", "properties": { "id": 54, "ogc_fid": 13096, "ncp": "0010000088020", "sec": 1, "gru": 0, "manz": 88, "parc": 20, "nropasd": 16397.0, "ubipar1": "SAN JUAN                  209", "desdes": "VIVIENDA FAMILIAR", "dessde": null, "supter": 147.86, "parprov": 14690.0, "planome": 29943.0 }, "geometry": { "type": "MultiPolygon", "coordinates": [ [ [ [ -60.526972748793, -31.730865627854232 ], [ -60.52696203410806, -31.730848023052754 ], [ -60.526950123090408, -31.730834176717178 ], [ -60.526842504920161, -31.730882011556972 ], [ -60.526867605526661, -31.730917034534329 ], [ -60.526750616314452, -31.730972891129966 ], [ -60.52678267541291, -31.731021818818718 ], [ -60.526900427306551, -31.730960881673099 ], [ -60.526937058368091, -31.730941340649693 ], [ -60.526907021179703, -31.730894886388391 ], [ -60.526972748793, -31.730865627854232 ] ] ] ] } },
{ "type": "Feature", "properties": { "id": 55, "ogc_fid": 13103, "ncp": "0010000088021", "sec": 1, "gru": 0, "manz": 88, "parc": 21, "nropasd": 6803.0, "ubipar1": "SAN JUAN                  207", "desdes": "VIVIENDA FAMILIAR", "dessde": null, "supter": 137.43, "parprov": 14891.0, "planome": 29942.0 }, "geometry": { "type": "MultiPolygon", "coordinates": [ [ [ [ -60.526813244251798, -31.731068443943787 ], [ -60.52693647152396, -31.731018084079093 ], [ -60.526920731986493, -31.730993083662703 ], [ -60.526947599005581, -31.730978507055731 ], [ -60.526959913439491, -31.730972981967199 ], [ -60.526948434055598, -31.730956390448831 ], [ -60.526974789222862, -31.730943061420607 ], [ -60.526965970831149, -31.730930209635002 ], [ -60.526974469344232, -31.730925367683984 ], [ -60.526960535016705, -31.730903826187518 ], [ -60.526988544247587, -31.73089158061839 ], [ -60.526972748793, -31.730865627854232 ], [ -60.526907021179703, -31.730894886388391 ], [ -60.526937058368091, -31.730941340649693 ], [ -60.526900427306551, -31.730960881673099 ], [ -60.52678267541291, -31.731021818818718 ], [ -60.526813244251798, -31.731068443943787 ] ] ] ] } },
{ "type": "Feature", "properties": { "id": 56, "ogc_fid": 13138, "ncp": "0010000088022", "sec": 1, "gru": 0, "manz": 88, "parc": 22, "nropasd": 2141.0, "ubipar1": "SAN JUAN                  203", "desdes": "VIVIENDA FAMILIAR", "dessde": null, "supter": 61.14, "parprov": 13545.0, "planome": 22343.0 }, "geometry": { "type": "MultiPolygon", "coordinates": [ [ [ [ -60.526965973670158, -31.731064944749285 ], [ -60.52693647152396, -31.731018084079093 ], [ -60.526813244251798, -31.731068443943787 ], [ -60.526825686847758, -31.731087430391486 ], [ -60.526852270786797, -31.731095545306637 ], [ -60.52687681008419, -31.731100358909519 ], [ -60.526965973670158, -31.731064944749285 ] ] ] ] } },
{ "type": "Feature", "properties": { "id": 57, "ogc_fid": 13166, "ncp": "0010000098004", "sec": 1, "gru": 0, "manz": 98, "parc": 4, "nropasd": 4011.0, "ubipar1": "URUGUAY                   196", "desdes": "VIVIENDA FAMILIAR", "dessde": null, "supter": 172.6, "parprov": 6329.0, "planome": 7975.0 }, "geometry": { "type": "MultiPolygon", "coordinates": [ [ [ [ -60.52714402329903, -31.731167524747544 ], [ -60.527104675860507, -31.731112971476154 ], [ -60.526885903483148, -31.731191789445198 ], [ -60.526892406519707, -31.731261258231864 ], [ -60.52714402329903, -31.731167524747544 ] ] ] ] } },
{ "type": "Feature", "properties": { "id": 58, "ogc_fid": 13178, "ncp": "0010000098005", "sec": 1, "gru": 0, "manz": 98, "parc": 5, "nropasd": 13390.0, "ubipar1": "SAN JUAN                  191", "desdes": "VIVIENDA FAMILIAR", "dessde": null, "supter": 547.15, "parprov": 17342.0, "planome": 1.0 }, "geometry": { "type": "MultiPolygon", "coordinates": [ [ [ [ -60.527224164408167, -31.731349391948303 ], [ -60.527270843419231, -31.731343354025139 ], [ -60.52714402329903, -31.731167524747544 ], [ -60.526892406519707, -31.731261258231864 ], [ -60.526904527127229, -31.731390736503599 ], [ -60.527224164408167, -31.731349391948303 ] ] ] ] } },
{ "type": "Feature", "properties": { "id": 59, "ogc_fid": 13197, "ncp": "0010000099001", "sec": 1, "gru": 0, "manz": 99, "parc": 1, "nropasd": 15683.0, "ubipar1": "SAN JUAN                  200", "desdes": "VIVIENDA FAMILIAR", "dessde": null, "supter": 177.64, "parprov": 3304.0, "planome": 4888.0 }, "geometry": { "type": "MultiPolygon", "coordinates": [ [ [ [ -60.526589400736597, -31.731294964577124 ], [ -60.526625500516872, -31.731379291125901 ], [ -60.5266915262875, -31.731357238640054 ], [ -60.526793272926369, -31.731346924963539 ], [ -60.526780413425996, -31.731261718014601 ], [ -60.526754488967107, -31.731247080045364 ], [ -60.526589400736597, -31.731294964577124 ] ] ] ] } },
{ "type": "Feature", "properties": { "id": 60, "ogc_fid": 13216, "ncp": "0010000099052", "sec": 1, "gru": 0, "manz": 99, "parc": 52, "nropasd": 107686.0, "ubipar1": "SAN JUAN                  166 D:02", "desdes": "VIVIENDA MULTIFAMILIAR", "dessde": "42 UNIDADES FUNCIONALES", "supter": 33.88, "parprov": 172903.0, "planome": 110691.0 }, "geometry": { "type": "MultiPolygon", "coordinates": [ [ [ [ -60.526826410685992, -31.731664777306854 ], [ -60.526647218498709, -31.73167805342387 ], [ -60.526648631195521, -31.731700214849912 ], [ -60.526494114700526, -31.731734951822741 ], [ -60.526323691216646, -31.731768455272725 ], [ -60.526324154335647, -31.731772322630601 ], [ -60.526347779237625, -31.731923337628785 ], [ -60.526839761686205, -31.731799529382265 ], [ -60.526826410685992, -31.731664777306854 ] ] ] ] } },
{ "type": "Feature", "properties": { "id": 61, "ogc_fid": 13219, "ncp": "0010000098006", "sec": 1, "gru": 0, "manz": 98, "parc": 6, "nropasd": 364.0, "ubipar1": "SAN JUAN                  185", "desdes": "VIVIENDA FAMILIAR", "dessde": null, "supter": 293.78, "parprov": 2341.0, "planome": 44716.0 }, "geometry": { "type": "MultiPolygon", "coordinates": [ [ [ [ -60.52691415695957, -31.731473918626971 ], [ -60.527206041635786, -31.731434239106079 ], [ -60.52723800072048, -31.731430030589038 ], [ -60.527224164408167, -31.731349391948303 ], [ -60.526904527127229, -31.731390736503599 ], [ -60.52691415695957, -31.731473918626971 ] ] ] ] } },
{ "type": "Feature", "properties": { "id": 62, "ogc_fid": 13229, "ncp": "0010000099050", "sec": 1, "gru": 0, "manz": 99, "parc": 50, "nropasd": 2038.0, "ubipar1": "SAN JUAN                  148", "desdes": "VIVIENDA FAMILIAR", "dessde": null, "supter": 603.93, "parprov": 1159.0, "planome": 2297.0 }, "geometry": { "type": "MultiPolygon", "coordinates": [ [ [ [ -60.526865754557576, -31.732031339480443 ], [ -60.526853448568488, -31.731913447528189 ], [ -60.526537663698058, -31.731988883793996 ], [ -60.526317678207946, -31.732050765594764 ], [ -60.526379945275387, -31.732148043072787 ], [ -60.526527950501638, -31.732101753299077 ], [ -60.526560108228345, -31.732093440751736 ], [ -60.526750193244141, -31.732050737743563 ], [ -60.526865754557576, -31.732031339480443 ] ] ] ] } },
{ "type": "Feature", "properties": { "id": 63, "ogc_fid": 13232, "ncp": "0010000098008", "sec": 1, "gru": 0, "manz": 98, "parc": 8, "nropasd": 10426.0, "ubipar1": "SAN JUAN                  173", "desdes": "VIVIENDA FAMILIAR", "dessde": null, "supter": 200.12, "parprov": 9782.0, "planome": 4342.0 }, "geometry": { "type": "MultiPolygon", "coordinates": [ [ [ [ -60.526924752120998, -31.731565456828097 ], [ -60.526932474001356, -31.731632197246991 ], [ -60.526983074685816, -31.731629183322678 ], [ -60.527041159157058, -31.731617282350467 ], [ -60.527097540208977, -31.731612034967647 ], [ -60.527225759917165, -31.731592367832647 ], [ -60.527218891090627, -31.731537284051115 ], [ -60.526924752120998, -31.731565456828097 ] ] ] ] } },
{ "type": "Feature", "properties": { "id": 64, "ogc_fid": 13248, "ncp": "0010000098009", "sec": 1, "gru": 0, "manz": 98, "parc": 9, "nropasd": 8299.0, "ubipar1": "SAN JUAN                  167", "desdes": "VIVIENDA FAMILIAR", "dessde": null, "supter": 205.06, "parprov": 5948.0, "planome": 4343.0 }, "geometry": { "type": "MultiPolygon", "coordinates": [ [ [ [ -60.526942154130793, -31.731713070442737 ], [ -60.527066424595233, -31.731688829179557 ], [ -60.527233354627889, -31.731653282879197 ], [ -60.527225759917165, -31.731592367832647 ], [ -60.527097540208977, -31.731612034967647 ], [ -60.527041159157058, -31.731617282350467 ], [ -60.526983074685816, -31.731629183322678 ], [ -60.526932474001356, -31.731632197246991 ], [ -60.526942154130793, -31.731713070442737 ] ] ] ] } },
{ "type": "Feature", "properties": { "id": 65, "ogc_fid": 13256, "ncp": "0010000098010", "sec": 1, "gru": 0, "manz": 98, "parc": 10, "nropasd": 86593.0, "ubipar1": "SAN JUAN                  159", "desdes": "VIVIENDA FAMILIAR", "dessde": null, "supter": 510.3, "parprov": 227774.0, "planome": 166802.0 }, "geometry": { "type": "MultiPolygon", "coordinates": [ [ [ [ -60.52695260873039, -31.731800271361621 ], [ -60.527208171599291, -31.731750758604832 ], [ -60.527349674381398, -31.731713648657706 ], [ -60.527512119776176, -31.731677885809784 ], [ -60.527464333998672, -31.731610415577219 ], [ -60.527233354627889, -31.731653282879197 ], [ -60.527066424595233, -31.731688829179557 ], [ -60.526942154130793, -31.731713070442737 ], [ -60.52695260873039, -31.731800271361621 ] ] ] ] } },
{ "type": "Feature", "properties": { "id": 66, "ogc_fid": 13261, "ncp": "0010000098011", "sec": 1, "gru": 0, "manz": 98, "parc": 11, "nropasd": 773.0, "ubipar1": "SAN JUAN                  155", "desdes": "VIVIENDA FAMILIAR", "dessde": null, "supter": 569.43, "parprov": 2072.0, "planome": 10301.0 }, "geometry": { "type": "MultiPolygon", "coordinates": [ [ [ [ -60.527300077782527, -31.731884156155463 ], [ -60.527486071824896, -31.731786764701599 ], [ -60.527560334772282, -31.731745468656147 ], [ -60.527512119776176, -31.731677885809784 ], [ -60.527349674381398, -31.731713648657706 ], [ -60.527208171599291, -31.731750758604832 ], [ -60.52695260873039, -31.731800271361621 ], [ -60.526958690395304, -31.731860588427988 ], [ -60.527034183167082, -31.731846360882486 ], [ -60.527245452007008, -31.731802983347368 ], [ -60.527247763162158, -31.731804894709363 ], [ -60.527283832090589, -31.731881018442625 ], [ -60.527286818953421, -31.731879937700779 ], [ -60.527300077782527, -31.731884156155463 ] ] ] ] } },
{ "type": "Feature", "properties": { "id": 67, "ogc_fid": 13270, "ncp": "0010000098012", "sec": 1, "gru": 0, "manz": 98, "parc": 12, "nropasd": 16355.0, "ubipar1": "SAN JUAN                  149", "desdes": "VIVIENDA FAMILIAR", "dessde": null, "supter": 267.53, "parprov": 8945.0, "planome": 1971.0 }, "geometry": { "type": "MultiPolygon", "coordinates": [ [ [ [ -60.526966818752868, -31.73194134177637 ], [ -60.527098287521305, -31.731926693368052 ], [ -60.527279784641358, -31.731882482938175 ], [ -60.527283832090589, -31.731881018442625 ], [ -60.527247763162158, -31.731804894709363 ], [ -60.527245452007008, -31.731802983347368 ], [ -60.527034183167082, -31.731846360882486 ], [ -60.526958690395304, -31.731860588427988 ], [ -60.526966818752868, -31.73194134177637 ] ] ] ] } },
{ "type": "Feature", "properties": { "id": 68, "ogc_fid": 13285, "ncp": "0010000099047", "sec": 1, "gru": 0, "manz": 99, "parc": 47, "nropasd": 5053.0, "ubipar1": "SAN JUAN                  122", "desdes": "VIVIENDA FAMILIAR", "dessde": null, "supter": 179.15, "parprov": 9030.0, "planome": 139205.0 }, "geometry": { "type": "MultiPolygon", "coordinates": [ [ [ [ -60.526664196120336, -31.732387956799364 ], [ -60.52680181881631, -31.73234443448743 ], [ -60.526895383674585, -31.73232577643353 ], [ -60.526889066265724, -31.732259228619121 ], [ -60.526831001513401, -31.732263499864111 ], [ -60.526831936956867, -31.73227279155585 ], [ -60.526782239856061, -31.732279733394464 ], [ -60.526782265919799, -31.732284339827906 ], [ -60.526636587254096, -31.732311394967287 ], [ -60.526664196120336, -31.732387956799364 ] ] ] ] } },
{ "type": "Feature", "properties": { "id": 69, "ogc_fid": 13286, "ncp": "0010000098013", "sec": 1, "gru": 0, "manz": 98, "parc": 13, "nropasd": 16452.0, "ubipar1": "SAN JUAN                  141", "desdes": "VIVIENDA FAMILIAR", "dessde": null, "supter": 325.27, "parprov": 8450.0, "planome": 29951.0 }, "geometry": { "type": "MultiPolygon", "coordinates": [ [ [ [ -60.526975170462364, -31.73202426763746 ], [ -60.526980794956522, -31.732024316530513 ], [ -60.52710593971392, -31.732014645369311 ], [ -60.527187925795296, -31.732001076278813 ], [ -60.527251363479202, -31.731980414225546 ], [ -60.527250195066351, -31.73197346586176 ], [ -60.527337243526198, -31.73193343389724 ], [ -60.527300077782527, -31.731884156155463 ], [ -60.527286818953421, -31.731879937700779 ], [ -60.527283832090589, -31.731881018442625 ], [ -60.527279784641358, -31.731882482938175 ], [ -60.527098287521305, -31.731926693368052 ], [ -60.526966818752868, -31.73194134177637 ], [ -60.526975170462364, -31.73202426763746 ] ] ] ] } },
{ "type": "Feature", "properties": { "id": 70, "ogc_fid": 13291, "ncp": "0010000098014", "sec": 1, "gru": 0, "manz": 98, "parc": 14, "nropasd": 11330.0, "ubipar1": "SAN JUAN                  135", "desdes": "VIVIENDA FAMILIAR", "dessde": null, "supter": 319.73, "parprov": 8449.0, "planome": 29950.0 }, "geometry": { "type": "MultiPolygon", "coordinates": [ [ [ [ -60.526986608540199, -31.732137933527245 ], [ -60.527041774517208, -31.732132348491415 ], [ -60.527041435317116, -31.732124621113424 ], [ -60.527165630845715, -31.73208332624101 ], [ -60.527262111136672, -31.732037097327556 ], [ -60.527374820429536, -31.731983256726934 ], [ -60.527337243526198, -31.73193343389724 ], [ -60.527250195066351, -31.73197346586176 ], [ -60.527251363479202, -31.731980414225546 ], [ -60.527187925795296, -31.732001076278813 ], [ -60.52710593971392, -31.732014645369311 ], [ -60.526980794956522, -31.732024316530513 ], [ -60.526975170462364, -31.73202426763746 ], [ -60.526986608540199, -31.732137933527245 ] ] ] ] } },
{ "type": "Feature", "properties": { "id": 71, "ogc_fid": 13298, "ncp": "0010000098015", "sec": 1, "gru": 0, "manz": 98, "parc": 15, "nropasd": 15441.0, "ubipar1": "SAN JUAN                  127", "desdes": "VIVIENDA FAMILIAR", "dessde": null, "supter": 196.4, "parprov": 3142.0, "planome": 58558.0 }, "geometry": { "type": "MultiPolygon", "coordinates": [ [ [ [ -60.526996133257661, -31.732232343993314 ], [ -60.527158984541707, -31.732189092687033 ], [ -60.527209028837369, -31.732164889643361 ], [ -60.527165630845715, -31.73208332624101 ], [ -60.527041435317116, -31.732124621113424 ], [ -60.527041774517208, -31.732132348491415 ], [ -60.526986608540199, -31.732137933527245 ], [ -60.526996133257661, -31.732232343993314 ] ] ] ] } },
{ "type": "Feature", "properties": { "id": 72, "ogc_fid": 13311, "ncp": "0010000099045", "sec": 1, "gru": 0, "manz": 99, "parc": 45, "nropasd": 14742.0, "ubipar1": "ANDRES PAZOS              219", "desdes": "SEDE", "dessde": "OBRA SOCIAL.-", "supter": 347.81, "parprov": 14922.0, "planome": 40339.0 }, "geometry": { "type": "MultiPolygon", "coordinates": [ [ [ [ -60.526749712874029, -31.732626060409533 ], [ -60.526908033528748, -31.73257712143219 ], [ -60.52692263255436, -31.732555723513883 ], [ -60.526906011641024, -31.732415637063021 ], [ -60.526760342975827, -31.732445891707609 ], [ -60.526762442468701, -31.732453287148278 ], [ -60.526694655086288, -31.732470441499995 ], [ -60.526712867671208, -31.732523555513346 ], [ -60.526749712874029, -31.732626060409533 ] ] ] ] } },
{ "type": "Feature", "properties": { "id": 73, "ogc_fid": 13321, "ncp": "0010000098016", "sec": 1, "gru": 0, "manz": 98, "parc": 16, "nropasd": 15440.0, "ubipar1": "ANDRES PAZOS              179", "desdes": "VIVIENDA FAMILIAR", "dessde": null, "supter": 502.56, "parprov": 3140.0, "planome": 48068.0 }, "geometry": { "type": "MultiPolygon", "coordinates": [ [ [ [ -60.527147011655096, -31.732334341911386 ], [ -60.527222584112486, -31.732460448146369 ], [ -60.52734139803168, -31.732402310930215 ], [ -60.527223628376134, -31.732195780449967 ], [ -60.527209028837369, -31.732164889643361 ], [ -60.527158984541707, -31.732189092687033 ], [ -60.526996133257661, -31.732232343993314 ], [ -60.527007615773613, -31.732331481029309 ], [ -60.527116685674635, -31.732283737448764 ], [ -60.527147011655096, -31.732334341911386 ] ] ] ] } },
{ "type": "Feature", "properties": { "id": 74, "ogc_fid": 13330, "ncp": "0010000098017", "sec": 1, "gru": 0, "manz": 98, "parc": 17, "nropasd": 70216.0, "ubipar1": "SAN JUAN                  113", "desdes": "VIVIENDA FAMILIAR", "dessde": null, "supter": 68.2, "parprov": 157014.0, "planome": 96788.0 }, "geometry": { "type": "MultiPolygon", "coordinates": [ [ [ [ -60.527007615773613, -31.732331481029309 ], [ -60.52701064058288, -31.732357604187847 ], [ -60.527108325518029, -31.732357768104812 ], [ -60.527147011655096, -31.732334341911386 ], [ -60.527116685674635, -31.732283737448764 ], [ -60.527007615773613, -31.732331481029309 ] ] ] ] } },
{ "type": "Feature", "properties": { "id": 75, "ogc_fid": 13349, "ncp": "0010000098018", "sec": 1, "gru": 0, "manz": 98, "parc": 18, "nropasd": 804.0, "ubipar1": "ANDRES PAZOS              189", "desdes": "VIVIENDA FAMILIAR", "dessde": null, "supter": 284.0, "parprov": 2196.0, "planome": 96788.0 }, "geometry": { "type": "MultiPolygon", "coordinates": [ [ [ [ -60.527222584112486, -31.732460448146369 ], [ -60.527147011655096, -31.732334341911386 ], [ -60.527108325518029, -31.732357768104812 ], [ -60.52701064058288, -31.732357604187847 ], [ -60.527023003730889, -31.732464375872134 ], [ -60.527028191747796, -31.73246374116825 ], [ -60.527031803527834, -31.732488499815144 ], [ -60.527034428422702, -31.732493638475326 ], [ -60.527037684639673, -31.732498458880528 ], [ -60.527041698085753, -31.732502834252227 ], [ -60.527046394489908, -31.732506692750231 ], [ -60.527051667874581, -31.732509953646819 ], [ -60.527057422967097, -31.732512563225619 ], [ -60.527063553840854, -31.732514449777124 ], [ -60.527069923168973, -31.732515586813943 ], [ -60.527076425331131, -31.732515956736108 ], [ -60.527082912550732, -31.732515551136153 ], [ -60.527089279309521, -31.732514370450492 ], [ -60.527118769934027, -31.732502768052285 ], [ -60.527124658151749, -31.732508389227462 ], [ -60.527222584112486, -31.732460448146369 ] ] ] ] } },
{ "type": "Feature", "properties": { "id": 76, "ogc_fid": 13385, "ncp": "0010000109014", "sec": 1, "gru": 0, "manz": 109, "parc": 14, "nropasd": 9843.0, "ubipar1": "SAN JUAN                   69", "desdes": "VIVIENDA FAMILIAR", "dessde": null, "supter": 159.12, "parprov": 9543.0, "planome": 39362.0 }, "geometry": { "type": "MultiPolygon", "coordinates": [ [ [ [ -60.527083283880707, -31.732825305030911 ], [ -60.527213784851384, -31.732784208233518 ], [ -60.527337823005311, -31.732741742710829 ], [ -60.527313265996973, -31.732687229785554 ], [ -60.527291585452311, -31.732695346350955 ], [ -60.527244057732212, -31.732711946849175 ], [ -60.52717389318375, -31.732735442285065 ], [ -60.527061851703394, -31.732772960606631 ], [ -60.527083283880707, -31.732825305030911 ] ] ] ] } },
{ "type": "Feature", "properties": { "id": 77, "ogc_fid": 13390, "ncp": "0010000109016", "sec": 1, "gru": 0, "manz": 109, "parc": 16, "nropasd": 5887.0, "ubipar1": "SAN JUAN                   47", "desdes": "CONSUL.O ESTUDIO PROF.OFICINA-", "dessde": null, "supter": 125.64, "parprov": 8925.0, "planome": 13536.0 }, "geometry": { "type": "MultiPolygon", "coordinates": [ [ [ [ -60.527141379355513, -31.732964309063327 ], [ -60.52728146531949, -31.732920431609998 ], [ -60.527244806197743, -31.732845814986234 ], [ -60.527109306038057, -31.732888795263882 ], [ -60.527141379355513, -31.732964309063327 ] ] ] ] } },
{ "type": "Feature", "properties": { "id": 78, "ogc_fid": 13394, "ncp": "0010000109015", "sec": 1, "gru": 0, "manz": 109, "parc": 15, "nropasd": 13355.0, "ubipar1": "SAN JUAN                   55", "desdes": "SEDE", "dessde": "OFICINAS", "supter": 355.47, "parprov": 9281.0, "planome": 39361.0 }, "geometry": { "type": "MultiPolygon", "coordinates": [ [ [ [ -60.527367220604837, -31.732806985315744 ], [ -60.527490545523214, -31.73276634427247 ], [ -60.527461356697657, -31.732704571702367 ], [ -60.52742994676472, -31.732715358968942 ], [ -60.527403758269969, -31.73265335116448 ], [ -60.527313265996973, -31.732687229785554 ], [ -60.527337823005311, -31.732741742710829 ], [ -60.527213784851384, -31.732784208233518 ], [ -60.527083283880707, -31.732825305030911 ], [ -60.527109306038057, -31.732888795263882 ], [ -60.527244806197743, -31.732845814986234 ], [ -60.527367220604837, -31.732806985315744 ] ] ] ] } },
{ "type": "Feature", "properties": { "id": 79, "ogc_fid": 13398, "ncp": "0010000110001", "sec": 1, "gru": 0, "manz": 110, "parc": 1, "nropasd": 124852.0, "ubipar1": "SAN JUAN                   92", "desdes": "VIVIENDA MULTIFAMILIAR", "dessde": "DE DOS (2) UNIDADES FUNCIONALES", "supter": 121.32, "parprov": 245123.0, "planome": 189577.0 }, "geometry": { "type": "MultiPolygon", "coordinates": [ [ [ [ -60.526734744744878, -31.732852664804842 ], [ -60.526861762385209, -31.732810141077309 ], [ -60.526865050233958, -31.732818685960453 ], [ -60.526946328901168, -31.732789996067847 ], [ -60.526919928169896, -31.732737897620417 ], [ -60.526864891783987, -31.732716102167853 ], [ -60.526772495865892, -31.732747471332164 ], [ -60.526700227252192, -31.732770316023867 ], [ -60.526734744744878, -31.732852664804842 ] ] ] ] } },
{ "type": "Feature", "properties": { "id": 80, "ogc_fid": 13411, "ncp": "0010000110030", "sec": 1, "gru": 0, "manz": 110, "parc": 30, "nropasd": 11222.0, "ubipar1": "SAN JUAN                   46", "desdes": "VIVIENDA FAMILIAR", "dessde": null, "supter": 555.06, "parprov": 7458.0, "planome": 4209.0 }, "geometry": { "type": "MultiPolygon", "coordinates": [ [ [ [ -60.527054310333675, -31.73302891630599 ], [ -60.527014131135097, -31.732940016603603 ], [ -60.526949952161864, -31.732958472094058 ], [ -60.526695336238632, -31.733052874092401 ], [ -60.526532366224274, -31.733084047704992 ], [ -60.526482845421889, -31.733089617030107 ], [ -60.526524771365686, -31.733192323904579 ], [ -60.526573697206935, -31.733177226256831 ], [ -60.526668565769654, -31.733147951431985 ], [ -60.526788716150875, -31.733110874940497 ], [ -60.527054310333675, -31.73302891630599 ] ] ] ] } },
{ "type": "Feature", "properties": { "id": 81, "ogc_fid": 13426, "ncp": "0010000109017", "sec": 1, "gru": 0, "manz": 109, "parc": 17, "nropasd": 15571.0, "ubipar1": "SAN JUAN                   31", "desdes": "VIVIENDA FAMILIAR", "dessde": null, "supter": 151.24, "parprov": 17158.0, "planome": 39958.0 }, "geometry": { "type": "MultiPolygon", "coordinates": [ [ [ [ -60.527179805459802, -31.733054794197571 ], [ -60.527325382376127, -31.733009820987267 ], [ -60.52728146531949, -31.732920431609998 ], [ -60.527141379355513, -31.732964309063327 ], [ -60.527179805459802, -31.733054794197571 ] ] ] ] } },
{ "type": "Feature", "properties": { "id": 82, "ogc_fid": 13433, "ncp": "0010000110029", "sec": 1, "gru": 0, "manz": 110, "parc": 29, "nropasd": 9410.0, "ubipar1": "SAN JUAN                   26", "desdes": "VIVIENDA FAMILIAR", "dessde": null, "supter": 253.65, "parprov": 1090.0, "planome": 61118.0 }, "geometry": { "type": "MultiPolygon", "coordinates": [ [ [ [ -60.527094714058777, -31.733118320096551 ], [ -60.527054310333675, -31.73302891630599 ], [ -60.526788716150875, -31.733110874940497 ], [ -60.52682439393859, -31.733180609600133 ], [ -60.526937210930242, -31.733143776638546 ], [ -60.526944196821873, -31.733162762931727 ], [ -60.527094714058777, -31.733118320096551 ] ] ] ] } },
{ "type": "Feature", "properties": { "id": 83, "ogc_fid": 13443, "ncp": "0010000109018", "sec": 1, "gru": 0, "manz": 109, "parc": 18, "nropasd": 13484.0, "ubipar1": "GRAL. JUSTO J.DE URQUIZA  804", "desdes": "VIVIENDA FAMILIAR", "dessde": null, "supter": 205.76, "parprov": 7128.0, "planome": 39959.0 }, "geometry": { "type": "MultiPolygon", "coordinates": [ [ [ [ -60.527179805459802, -31.733054794197571 ], [ -60.527217505064797, -31.733138094649028 ], [ -60.527278297840319, -31.733162661839991 ], [ -60.527383140365828, -31.73312738209793 ], [ -60.527325382376127, -31.733009820987267 ], [ -60.527179805459802, -31.733054794197571 ] ] ] ] } },
{ "type": "Feature", "properties": { "id": 84, "ogc_fid": 13825, "ncp": "0010000109013", "sec": 1, "gru": 0, "manz": 109, "parc": 13, "nropasd": 10585.0, "ubipar1": "ANDRES PAZOS              200", "desdes": "VIVIENDA FAMILIAR", "dessde": null, "supter": 152.1, "parprov": 5082.0, "planome": 33032.0 }, "geometry": { "type": "MultiPolygon", "coordinates": [ [ [ [ -60.52708815439042, -31.732621342500366 ], [ -60.527055948109165, -31.732636013363166 ], [ -60.527048176076008, -31.732638732988327 ], [ -60.527043042458246, -31.732641522868853 ], [ -60.527038376234678, -31.732644860939711 ], [ -60.527034261513556, -31.732648692742664 ], [ -60.52703076119743, -31.732652945870388 ], [ -60.527027938239982, -31.732657556933734 ], [ -60.52702584488992, -31.732662435532617 ], [ -60.527024512394334, -31.732667509390382 ], [ -60.527023961346607, -31.732672688237955 ], [ -60.527024201839197, -31.732677890867844 ], [ -60.52702524381148, -31.732683009018 ], [ -60.527061851703394, -31.732772960606631 ], [ -60.52717389318375, -31.732735442285065 ], [ -60.527140360254826, -31.73266691308153 ], [ -60.527114896839848, -31.732676009747962 ], [ -60.52708815439042, -31.732621342500366 ] ] ] ] } },
{ "type": "Feature", "properties": { "id": 85, "ogc_fid": 13945, "ncp": "0010000073038", "sec": 1, "gru": 0, "manz": 73, "parc": 38, "nropasd": 9716.0, "ubipar1": "SAN JUAN                  486", "desdes": "OFICINAS", "dessde": "DIRECCION: \"COMISION MEDICA\";0", "supter": 0.8, "parprov": 29386.0, "planome": null }, "geometry": { "type": "MultiPolygon", "coordinates": [ [ [ [ -60.524325736864171, -31.728800512988204 ], [ -60.524471421268025, -31.728728595295305 ], [ -60.524608167901768, -31.728661089516784 ], [ -60.524784409153611, -31.728567032420219 ], [ -60.524724094182041, -31.728491787526742 ], [ -60.524627025984806, -31.728545180863374 ], [ -60.524585799791744, -31.728567857704082 ], [ -60.524505730011093, -31.728611900742351 ], [ -60.524462167490668, -31.728634128705934 ], [ -60.524392944146605, -31.728669450162965 ], [ -60.524288884164584, -31.728722547017355 ], [ -60.524267663253923, -31.728733510514957 ], [ -60.524293496828165, -31.728764450491223 ], [ -60.524325736864171, -31.728800512988204 ] ] ] ] } },
{ "type": "Feature", "properties": { "id": 86, "ogc_fid": 13947, "ncp": "0010000098007", "sec": 1, "gru": 0, "manz": 98, "parc": 7, "nropasd": 124058.0, "ubipar1": "SAN JUAN                  179", "desdes": "VIVIENDA MULTIFAMILIAR", "dessde": "18 UNIDADES", "supter": 13.97, "parprov": 240697.0, "planome": 183852.0 }, "geometry": { "type": "MultiPolygon", "coordinates": [ [ [ [ -60.527218891090627, -31.731537284051115 ], [ -60.527206041635786, -31.731434239106079 ], [ -60.52691415695957, -31.731473918626971 ], [ -60.526924752120998, -31.731565456828097 ], [ -60.527218891090627, -31.731537284051115 ] ] ] ] } },
{ "type": "Feature", "properties": { "id": 87, "ogc_fid": 14030, "ncp": "0010000072032", "sec": 1, "gru": 0, "manz": 72, "parc": 32, "nropasd": 7986.0, "ubipar1": "SAN JUAN                  429", "desdes": "VIVIENDA FAMILIAR", "dessde": null, "supter": 137.68, "parprov": 101738.0, "planome": 17840.0 }, "geometry": { "type": "MultiPolygon", "coordinates": [ [ [ [ -60.525497830898694, -31.728923360037864 ], [ -60.525315426891147, -31.729034462339506 ], [ -60.525353683815133, -31.729082155332243 ], [ -60.525472523144245, -31.729012241688725 ], [ -60.525540463528081, -31.728974741203288 ], [ -60.525497830898694, -31.728923360037864 ] ] ] ] } },
{ "type": "Feature", "properties": { "id": 88, "ogc_fid": 14031, "ncp": "0010000072033", "sec": 1, "gru": 0, "manz": 72, "parc": 33, "nropasd": 5250.0, "ubipar1": "SAN JUAN                  425", "desdes": "VIVIENDA FAMILIAR", "dessde": null, "supter": 332.7, "parprov": 4428.0, "planome": 125773.0 }, "geometry": { "type": "MultiPolygon", "coordinates": [ [ [ [ -60.525353683815133, -31.729082155332243 ], [ -60.525398537991194, -31.72913808306075 ], [ -60.525406255050946, -31.729149973601743 ], [ -60.525593111140275, -31.729040919100541 ], [ -60.525701017268581, -31.728974543203233 ], [ -60.525722615682085, -31.728961257428811 ], [ -60.525672448884492, -31.728895187253457 ], [ -60.52566379499239, -31.728900319846666 ], [ -60.525540463528081, -31.728974741203288 ], [ -60.525472523144245, -31.729012241688725 ], [ -60.525353683815133, -31.729082155332243 ] ] ] ] } },
{ "type": "Feature", "properties": { "id": 89, "ogc_fid": 14351, "ncp": "0010000088011", "sec": 1, "gru": 0, "manz": 88, "parc": 11, "nropasd": 1501.0, "ubipar1": "SAN JUAN                  281", "desdes": "VIVIENDA FAMILIAR", "dessde": null, "supter": 541.6, "parprov": 13765.0, "planome": 31600.0 }, "geometry": { "type": "MultiPolygon", "coordinates": [ [ [ [ -60.526377864789666, -31.730411853199417 ], [ -60.526530171613679, -31.730349548669956 ], [ -60.526583170245054, -31.730327263168586 ], [ -60.526642612682338, -31.730302268059468 ], [ -60.52680777081315, -31.730236169108576 ], [ -60.526732176333645, -31.730131157650149 ], [ -60.52667829259164, -31.730157125724276 ], [ -60.526580252588957, -31.730203575630235 ], [ -60.526575716907324, -31.730200417539479 ], [ -60.526490444887465, -31.730242187416685 ], [ -60.526321059665584, -31.730325159253074 ], [ -60.526377864789666, -31.730411853199417 ] ] ] ] } },
{ "type": "Feature", "properties": { "id": 90, "ogc_fid": 14352, "ncp": "0010000088013", "sec": 1, "gru": 0, "manz": 88, "parc": 13, "nropasd": 106306.0, "ubipar1": "SAN JUAN                  267 D:6", "desdes": "VIVIENDA MULTIFAMILIAR", "dessde": "SEIS UNIDADES FUNCIONALES.-", "supter": 73.49, "parprov": 166827.0, "planome": 103702.0 }, "geometry": { "type": "MultiPolygon", "coordinates": [ [ [ [ -60.526927176169259, -31.730205595726062 ], [ -60.526918003140509, -31.730192052180339 ], [ -60.52680777081315, -31.730236169108576 ], [ -60.526642612682338, -31.730302268059468 ], [ -60.526583170245054, -31.730327263168586 ], [ -60.526592630920319, -31.730343850699715 ], [ -60.526582359446934, -31.730348137493571 ], [ -60.52660011793057, -31.730378297530216 ], [ -60.526413889878263, -31.730466184677898 ], [ -60.526429671206003, -31.730489702660218 ], [ -60.526555227755694, -31.730439384347424 ], [ -60.526736436851614, -31.730363376952415 ], [ -60.526971618482783, -31.730271211836381 ], [ -60.526960933379307, -31.730255436449969 ], [ -60.526927176169259, -31.730205595726062 ] ] ] ] } },
{ "type": "Feature", "properties": { "id": 91, "ogc_fid": 14502, "ncp": "0010000099046", "sec": 1, "gru": 0, "manz": 99, "parc": 46, "nropasd": 9120.0, "ubipar1": "SAN JUAN                  116", "desdes": "VIVIENDA FAMILIAR", "dessde": null, "supter": 222.6, "parprov": 9710.0, "planome": 27937.0 }, "geometry": { "type": "MultiPolygon", "coordinates": [ [ [ [ -60.526895383674585, -31.73232577643353 ], [ -60.52680181881631, -31.73234443448743 ], [ -60.526664196120336, -31.732387956799364 ], [ -60.526694655086288, -31.732470441499995 ], [ -60.526762442468701, -31.732453287148278 ], [ -60.526760342975827, -31.732445891707609 ], [ -60.526906011641024, -31.732415637063021 ], [ -60.526895383674585, -31.73232577643353 ] ] ] ] } },
{ "type": "Feature", "properties": { "id": 92, "ogc_fid": 14503, "ncp": "0010000099051", "sec": 1, "gru": 0, "manz": 99, "parc": 51, "nropasd": 6295.0, "ubipar1": "SAN JUAN                  154", "desdes": "VIVIENDA FAMILIAR", "dessde": null, "supter": 885.78, "parprov": 9334.0, "planome": 29364.0 }, "geometry": { "type": "MultiPolygon", "coordinates": [ [ [ [ -60.526116058262176, -31.731989408675577 ], [ -60.5261576144161, -31.73209579116423 ], [ -60.526317678207946, -31.732050765594764 ], [ -60.526537663698058, -31.731988883793996 ], [ -60.526853448568488, -31.731913447528189 ], [ -60.526839761686205, -31.731799529382265 ], [ -60.526347779237625, -31.731923337628785 ], [ -60.526312049428995, -31.731932469552252 ], [ -60.526185440215123, -31.731964828591003 ], [ -60.526113408937761, -31.731983238424444 ], [ -60.526116058262176, -31.731989408675577 ] ] ] ] } },
{ "type": "Feature", "properties": { "id": 93, "ogc_fid": 14504, "ncp": "0010000099053", "sec": 1, "gru": 0, "manz": 99, "parc": 53, "nropasd": 2129.0, "ubipar1": "SAN JUAN                  172", "desdes": "SEDE", "dessde": "SEDE-CONSULTORIOS MEDICOS.-", "supter": 505.79, "parprov": 12128.0, "planome": 164968.0 }, "geometry": { "type": "MultiPolygon", "coordinates": [ [ [ [ -60.526816796581926, -31.731576905538297 ], [ -60.526611253137609, -31.73159334775789 ], [ -60.526573482825199, -31.731596218345441 ], [ -60.526576523762792, -31.731613358807415 ], [ -60.526312100485804, -31.731671664692591 ], [ -60.526323691216646, -31.731768455272725 ], [ -60.526494114700526, -31.731734951822741 ], [ -60.526648631195521, -31.731700214849912 ], [ -60.526647218498709, -31.73167805342387 ], [ -60.526826410685992, -31.731664777306854 ], [ -60.526816796581926, -31.731576905538297 ] ] ] ] } },
{ "type": "Feature", "properties": { "id": 94, "ogc_fid": 14506, "ncp": "0010000099054", "sec": 1, "gru": 0, "manz": 99, "parc": 54, "nropasd": 119870.0, "ubipar1": "SAN JUAN                  174 D:006", "desdes": "VIVIENDA MULTIFAMILIAR", "dessde": "SEIS UNIDADES FUNCIONALES.-", "supter": 143.69, "parprov": 219712.0, "planome": 155443.0 }, "geometry": { "type": "MultiPolygon", "coordinates": [ [ [ [ -60.526375056023824, -31.731590872994826 ], [ -60.526305061444582, -31.731612883747928 ], [ -60.526312100485804, -31.731671664692591 ], [ -60.526576523762792, -31.731613358807415 ], [ -60.526573482825199, -31.731596218345441 ], [ -60.526611253137609, -31.73159334775789 ], [ -60.526816796581926, -31.731576905538297 ], [ -60.526807183313657, -31.73148917805894 ], [ -60.5266460849206, -31.731497579588364 ], [ -60.526647603263022, -31.731507297168761 ], [ -60.526571209461643, -31.73151267315717 ], [ -60.52657625199322, -31.73152374960986 ], [ -60.526448791643531, -31.731566833110755 ], [ -60.526375056023824, -31.731590872994826 ] ] ] ] } },
{ "type": "Feature", "properties": { "id": 95, "ogc_fid": 14507, "ncp": "0010000099055", "sec": 1, "gru": 0, "manz": 99, "parc": 55, "nropasd": 121206.0, "ubipar1": "SAN JUAN                  186", "desdes": "VIVIENDA MULTIFAMILIAR", "dessde": "ONCE (11) UNIDADES FUNCIONALES", "supter": 10.42, "parprov": 227042.0, "planome": 165841.0 }, "geometry": { "type": "MultiPolygon", "coordinates": [ [ [ [ -60.526807183313657, -31.73148917805894 ], [ -60.526801162847669, -31.731421005688702 ], [ -60.526544078016535, -31.731449673483443 ], [ -60.526549633524681, -31.731465279302149 ], [ -60.526571209461643, -31.73151267315717 ], [ -60.526647603263022, -31.731507297168761 ], [ -60.5266460849206, -31.731497579588364 ], [ -60.526807183313657, -31.73148917805894 ] ] ] ] } },
{ "type": "Feature", "properties": { "id": 96, "ogc_fid": 14508, "ncp": "0010000099056", "sec": 1, "gru": 0, "manz": 99, "parc": 56, "nropasd": 77561.0, "ubipar1": "ANDRES PAZOS              217 D:02", "desdes": "VIVIENDA FAMILIAR", "dessde": null, "supter": 258.84, "parprov": 184634.0, "planome": 121535.0 }, "geometry": { "type": "MultiPolygon", "coordinates": [ [ [ [ -60.526544078016535, -31.731449673483443 ], [ -60.526801162847669, -31.731421005688702 ], [ -60.526793272926369, -31.731346924963539 ], [ -60.5266915262875, -31.731357238640054 ], [ -60.526625500516872, -31.731379291125901 ], [ -60.526565930108212, -31.731399187494521 ], [ -60.526528293937055, -31.731405334847416 ], [ -60.526544078016535, -31.731449673483443 ] ] ] ] } },
{ "type": "Feature", "properties": { "id": 97, "ogc_fid": 14528, "ncp": "0010000089055", "sec": 1, "gru": 0, "manz": 89, "parc": 55, "nropasd": 67937.0, "ubipar1": "SAN JUAN                  282", "desdes": "VIVIENDA FAMILIAR", "dessde": null, "supter": 195.62, "parprov": 129506.0, "planome": 68771.0 }, "geometry": { "type": "MultiPolygon", "coordinates": [ [ [ [ -60.525877225226424, -31.730626748352723 ], [ -60.525975748347996, -31.730574870675092 ], [ -60.526045754881139, -31.730538984073224 ], [ -60.526010383214981, -31.730485878308503 ], [ -60.5261738119301, -31.730405940907477 ], [ -60.526217784532108, -31.730384097142156 ], [ -60.526211614367348, -31.730375230455913 ], [ -60.526061052564785, -31.730448432155185 ], [ -60.525915680245461, -31.730515714221053 ], [ -60.525836495452282, -31.730559627489203 ], [ -60.525877225226424, -31.730626748352723 ] ] ] ] } },
{ "type": "Feature", "properties": { "id": 98, "ogc_fid": 14529, "ncp": "0010000089056", "sec": 1, "gru": 0, "manz": 89, "parc": 56, "nropasd": 14927.0, "ubipar1": "SAN JUAN                  284", "desdes": "VIVIENDA FAMILIAR", "dessde": null, "supter": 263.6, "parprov": 16801.0, "planome": 42507.0 }, "geometry": { "type": "MultiPolygon", "coordinates": [ [ [ [ -60.525836495452282, -31.730559627489203 ], [ -60.525915680245461, -31.730515714221053 ], [ -60.526061052564785, -31.730448432155185 ], [ -60.526211614367348, -31.730375230455913 ], [ -60.526176433807606, -31.730324674148875 ], [ -60.526075877655558, -31.730371715383008 ], [ -60.525983484789258, -31.730418484716321 ], [ -60.525953178789045, -31.730434845343137 ], [ -60.525889774411205, -31.730468817118116 ], [ -60.525807758160383, -31.730505627514415 ], [ -60.525836495452282, -31.730559627489203 ] ] ] ] } },
{ "type": "Feature", "properties": { "id": 99, "ogc_fid": 14530, "ncp": "0010000089049", "sec": 1, "gru": 0, "manz": 89, "parc": 49, "nropasd": 109757.0, "ubipar1": "SAN JUAN                  230", "desdes": "VIVIENDA FAMILIAR", "dessde": null, "supter": 154.31, "parprov": 178967.0, "planome": 116624.0 }, "geometry": { "type": "MultiPolygon", "coordinates": [ [ [ [ -60.526241632272651, -31.731015233716946 ], [ -60.526455197146049, -31.730930309193791 ], [ -60.526559248243764, -31.730887222283712 ], [ -60.526506806050712, -31.730808960661676 ], [ -60.526384326645982, -31.730866129234201 ], [ -60.526380569188106, -31.730858488116279 ], [ -60.526328014003369, -31.730877806147497 ], [ -60.526190738297309, -31.730930779345645 ], [ -60.526241632272651, -31.731015233716946 ] ] ] ] } },
{ "type": "Feature", "properties": { "id": 100, "ogc_fid": 14589, "ncp": "0010000110031", "sec": 1, "gru": 0, "manz": 110, "parc": 31, "nropasd": 6276.0, "ubipar1": "SAN JUAN                   60", "desdes": "VIVIENDA FAMILIAR", "dessde": null, "supter": 422.21, "parprov": 9897.0, "planome": 197207.0 }, "geometry": { "type": "MultiPolygon", "coordinates": [ [ [ [ -60.527014131135097, -31.732940016603603 ], [ -60.526982116128792, -31.73286919210457 ], [ -60.526752102191367, -31.7329397608944 ], [ -60.526672846947562, -31.732964076459638 ], [ -60.526519659207807, -31.733011074392024 ], [ -60.52645645007955, -31.733030466857947 ], [ -60.526457733448453, -31.733034087361506 ], [ -60.526482845421889, -31.733089617030107 ], [ -60.526532366224274, -31.733084047704992 ], [ -60.526695336238632, -31.733052874092401 ], [ -60.526949952161864, -31.732958472094058 ], [ -60.527014131135097, -31.732940016603603 ] ] ] ] } },
{ "type": "Feature", "properties": { "id": 101, "ogc_fid": 14590, "ncp": "0010000110032", "sec": 1, "gru": 0, "manz": 110, "parc": 32, "nropasd": 62283.0, "ubipar1": "SAN JUAN                   82", "desdes": "VIVIENDA FAMILIAR", "dessde": null, "supter": 223.5, "parprov": 136033.0, "planome": 76598.0 }, "geometry": { "type": "MultiPolygon", "coordinates": [ [ [ [ -60.526946328901168, -31.732789996067847 ], [ -60.526865050233958, -31.732818685960453 ], [ -60.526861762385209, -31.732810141077309 ], [ -60.526734744744878, -31.732852664804842 ], [ -60.526753309878046, -31.732907456104886 ], [ -60.52673940469441, -31.732911625967322 ], [ -60.526752102191367, -31.7329397608944 ], [ -60.526982116128792, -31.73286919210457 ], [ -60.526946328901168, -31.732789996067847 ] ] ] ] } },
{ "type": "Feature", "properties": { "id": 102, "ogc_fid": 15058, "ncp": "0010000082046", "sec": 1, "gru": 0, "manz": 82, "parc": 46, "nropasd": 15891.0, "ubipar1": "SAN JUAN                  356", "desdes": "VIVIENDA FAMILIAR", "dessde": null, "supter": 553.45, "parprov": 12477.0, "planome": 122868.0 }, "geometry": { "type": "MultiPolygon", "coordinates": [ [ [ [ -60.525312359466064, -31.730076443948782 ], [ -60.525429744276387, -31.730029028275652 ], [ -60.52550551242895, -31.729992768510218 ], [ -60.525493773793997, -31.729975548138722 ], [ -60.525600476105637, -31.729918470797923 ], [ -60.525620383485432, -31.729930004660368 ], [ -60.525803504948506, -31.729830688632919 ], [ -60.525761392723425, -31.729777832521346 ], [ -60.525200013543795, -31.730027576519451 ], [ -60.525246013881144, -31.730105215559096 ], [ -60.525312359466064, -31.730076443948782 ] ] ] ] } },
{ "type": "Feature", "properties": { "id": 103, "ogc_fid": 15067, "ncp": "0010000082044", "sec": 1, "gru": 0, "manz": 82, "parc": 44, "nropasd": 8368.0, "ubipar1": "SAN JUAN                  336", "desdes": "VIVIENDA FAMILIAR", "dessde": null, "supter": 125.28, "parprov": 1281.0, "planome": 16346.0 }, "geometry": { "type": "MultiPolygon", "coordinates": [ [ [ [ -60.52589459250661, -31.729944998549691 ], [ -60.525852434837155, -31.729892090071374 ], [ -60.525808407156887, -31.729917234679409 ], [ -60.525706842872161, -31.729971554023439 ], [ -60.525754087169048, -31.730026755537946 ], [ -60.525787984231563, -31.730007863838118 ], [ -60.52589459250661, -31.729944998549691 ] ] ] ] } },
{ "type": "Feature", "properties": { "id": 104, "ogc_fid": 15068, "ncp": "0010000082048", "sec": 1, "gru": 0, "manz": 82, "parc": 48, "nropasd": 9620.0, "ubipar1": "SAN JUAN                  388", "desdes": "VIVIENDA FAMILIAR", "dessde": null, "supter": 248.01, "parprov": 9140.0, "planome": 66677.0 }, "geometry": { "type": "MultiPolygon", "coordinates": [ [ [ [ -60.525524053000481, -31.729648895592323 ], [ -60.525488516765392, -31.729673631673371 ], [ -60.525493075006466, -31.729686058921516 ], [ -60.525433579245416, -31.729704611142608 ], [ -60.525467428212963, -31.729794069401731 ], [ -60.525694275067941, -31.729695061215182 ], [ -60.525617900970722, -31.729598651164544 ], [ -60.525524053000481, -31.729648895592323 ] ] ] ] } },
{ "type": "Feature", "properties": { "id": 105, "ogc_fid": 15071, "ncp": "0010000082042", "sec": 1, "gru": 0, "manz": 82, "parc": 42, "nropasd": 6744.0, "ubipar1": "SAN JUAN                  316", "desdes": "VIVIENDA FAMILIAR", "dessde": null, "supter": 80.0, "parprov": 3995.0, "planome": 4268.0 }, "geometry": { "type": "MultiPolygon", "coordinates": [ [ [ [ -60.525885208385503, -31.730097556742823 ], [ -60.525972499770027, -31.730042761402895 ], [ -60.525933721491441, -31.729994104719488 ], [ -60.525845846289158, -31.730046413358405 ], [ -60.525803418218089, -31.730070973981146 ], [ -60.525828184199263, -31.730076589698569 ], [ -60.525863929960032, -31.73006664626423 ], [ -60.525885208385503, -31.730097556742823 ] ] ] ] } },
{ "type": "Feature", "properties": { "id": 106, "ogc_fid": 15072, "ncp": "0010000082041", "sec": 1, "gru": 0, "manz": 82, "parc": 41, "nropasd": 4821.0, "ubipar1": "SAN JUAN                  308", "desdes": "VIVIENDA FAMILIAR", "dessde": null, "supter": 102.4, "parprov": 8716.0, "planome": 51735.0 }, "geometry": { "type": "MultiPolygon", "coordinates": [ [ [ [ -60.525885208385503, -31.730097556742823 ], [ -60.525941067958044, -31.730171998762678 ], [ -60.525998252982212, -31.730148576442438 ], [ -60.526012245208115, -31.730092640587419 ], [ -60.525972499770027, -31.730042761402895 ], [ -60.525885208385503, -31.730097556742823 ] ] ] ] } },
{ "type": "Feature", "properties": { "id": 107, "ogc_fid": 15096, "ncp": "0010000082001", "sec": 1, "gru": 0, "manz": 82, "parc": 1, "nropasd": 106761.0, "ubipar1": "SAN JUAN                  400", "desdes": "VIVIENDA FAMILIAR", "dessde": null, "supter": 35.53, "parprov": 169100.0, "planome": 106218.0 }, "geometry": { "type": "MultiPolygon", "coordinates": [ [ [ [ -60.525441740448116, -31.729542660629061 ], [ -60.525469453336278, -31.729586384918758 ], [ -60.525524053000481, -31.729648895592323 ], [ -60.525617900970722, -31.729598651164544 ], [ -60.525568854745693, -31.729536644353701 ], [ -60.525513980612736, -31.729522639536494 ], [ -60.525441740448116, -31.729542660629061 ] ] ] ] } },
{ "type": "Feature", "properties": { "id": 108, "ogc_fid": 15097, "ncp": "0010000082045", "sec": 1, "gru": 0, "manz": 82, "parc": 45, "nropasd": 132223.0, "ubipar1": "SAN JUAN                  346", "desdes": "VIVIENDA MULTIFAMILIAR", "dessde": "30 UNIDADES FUNCIONALES.-", "supter": 7.8, "parprov": 128618.0, "planome": 129647.0 }, "geometry": { "type": "MultiPolygon", "coordinates": [ [ [ [ -60.52556247039378, -31.730042966323172 ], [ -60.525636242241973, -31.73000674720452 ], [ -60.525666171241575, -31.729992053205372 ], [ -60.525706842872161, -31.729971554023439 ], [ -60.525808407156887, -31.729917234679409 ], [ -60.525852434837155, -31.729892090071374 ], [ -60.525803504948506, -31.729830688632919 ], [ -60.525620383485432, -31.729930004660368 ], [ -60.525600476105637, -31.729918470797923 ], [ -60.525493773793997, -31.729975548138722 ], [ -60.52550551242895, -31.729992768510218 ], [ -60.525429744276387, -31.730029028275652 ], [ -60.525464717700295, -31.730087900768101 ], [ -60.52556247039378, -31.730042966323172 ] ] ] ] } },
{ "type": "Feature", "properties": { "id": 109, "ogc_fid": 15098, "ncp": "0010000082043", "sec": 1, "gru": 0, "manz": 82, "parc": 43, "nropasd": 7888.0, "ubipar1": "SAN JUAN                  324", "desdes": "VIVIENDA FAMILIAR", "dessde": null, "supter": 147.0, "parprov": 8714.0, "planome": 4642.0 }, "geometry": { "type": "MultiPolygon", "coordinates": [ [ [ [ -60.52589459250661, -31.729944998549691 ], [ -60.525787984231563, -31.730007863838118 ], [ -60.525754087169048, -31.730026755537946 ], [ -60.525706842872161, -31.729971554023439 ], [ -60.525666171241575, -31.729992053205372 ], [ -60.525698850249938, -31.730018521497879 ], [ -60.52571185315675, -31.730034024639799 ], [ -60.525727144217136, -31.730041771522245 ], [ -60.525765084962728, -31.730089285359334 ], [ -60.525786706952999, -31.73008064773612 ], [ -60.525803418218089, -31.730070973981146 ], [ -60.525845846289158, -31.730046413358405 ], [ -60.525933721491441, -31.729994104719488 ], [ -60.52589459250661, -31.729944998549691 ] ] ] ] } },
{ "type": "Feature", "properties": { "id": 110, "ogc_fid": 15103, "ncp": "0010000082047", "sec": 1, "gru": 0, "manz": 82, "parc": 47, "nropasd": 133373.0, "ubipar1": "SAN JUAN                  370", "desdes": "VIVIENDA MULTIFAMILIAR", "dessde": null, "supter": 100.05, "parprov": 15262.0, "planome": 162201.0 }, "geometry": { "type": "MultiPolygon", "coordinates": [ [ [ [ -60.525403865426213, -31.729822021747641 ], [ -60.525280567940442, -31.729876242863291 ], [ -60.525241179575083, -31.729893564192896 ], [ -60.525199255838054, -31.729907951602922 ], [ -60.525156696134893, -31.729922428532831 ], [ -60.525153718701375, -31.72992397393098 ], [ -60.525109531093342, -31.729950733254576 ], [ -60.525007269455287, -31.729994588459668 ], [ -60.52503242120423, -31.730039115750131 ], [ -60.525059642200468, -31.730087306268821 ], [ -60.525200013543795, -31.730027576519451 ], [ -60.525761392723425, -31.729777832521346 ], [ -60.525694275067941, -31.729695061215182 ], [ -60.525467428212963, -31.729794069401731 ], [ -60.525403865426213, -31.729822021747641 ] ] ] ] } },
{ "type": "Feature", "properties": { "id": 111, "ogc_fid": 15201, "ncp": "0010000081033", "sec": 1, "gru": 0, "manz": 81, "parc": 33, "nropasd": 93400.0, "ubipar1": "SAN JUAN                  361", "desdes": "VIVIENDA FAMILIAR", "dessde": null, "supter": 192.26, "parprov": 1243.0, "planome": 212774.0 }, "geometry": { "type": "MultiPolygon", "coordinates": [ [ [ [ -60.52615797991438, -31.729558729365067 ], [ -60.526156973637598, -31.729556941691484 ], [ -60.526147606371666, -31.729547892559658 ], [ -60.526124346857905, -31.729509921825159 ], [ -60.526023439699088, -31.729567632298522 ], [ -60.525904602337505, -31.729636076441423 ], [ -60.525824958724932, -31.729681073240556 ], [ -60.525861840049686, -31.729725721775939 ], [ -60.525908386677379, -31.729697635099807 ], [ -60.52589871052681, -31.729685921163167 ], [ -60.525939266656216, -31.729661449184452 ], [ -60.525957766976127, -31.72968384563536 ], [ -60.52599431509212, -31.729661792107756 ], [ -60.525991941694748, -31.729658918879696 ], [ -60.52615797991438, -31.729558729365067 ] ] ] ] } },
{ "type": "Feature", "properties": { "id": 112, "ogc_fid": 15336, "ncp": "0020000002013", "sec": 2, "gru": 0, "manz": 2, "parc": 13, "nropasd": 11756.0, "ubipar1": "9 DE JULIO                 26", "desdes": "VIVIENDA FAMILIAR", "dessde": null, "supter": 133.1, "parprov": 15188.0, "planome": 24816.0 }, "geometry": { "type": "MultiPolygon", "coordinates": [ [ [ [ -60.527545889258889, -31.733659848856547 ], [ -60.527589285689011, -31.733636672280806 ], [ -60.527717840687792, -31.733600601511611 ], [ -60.52768061266606, -31.733536046171963 ], [ -60.527508785289264, -31.733601680359801 ], [ -60.527545889258889, -31.733659848856547 ] ] ] ] } },
{ "type": "Feature", "properties": { "id": 113, "ogc_fid": 15344, "ncp": "0020000002008", "sec": 2, "gru": 0, "manz": 2, "parc": 8, "nropasd": 6214.0, "ubipar1": "GRAL. JUSTO J.DE URQUIZA  805", "desdes": "VIVIENDA FAMILIAR", "dessde": null, "supter": 170.82, "parprov": 7194.0, "planome": 24812.0 }, "geometry": { "type": "MultiPolygon", "coordinates": [ [ [ [ -60.527471088699969, -31.733317412825421 ], [ -60.52741354457681, -31.733211485789301 ], [ -60.527333656025803, -31.733235617230314 ], [ -60.527315661100246, -31.733242446470911 ], [ -60.527299814889233, -31.73327652947895 ], [ -60.527305432904384, -31.733282873235485 ], [ -60.527353850750039, -31.733358778448995 ], [ -60.527471088699969, -31.733317412825421 ] ] ] ] } },
{ "type": "Feature", "properties": { "id": 114, "ogc_fid": 15345, "ncp": "0020000002009", "sec": 2, "gru": 0, "manz": 2, "parc": 9, "nropasd": 10236.0, "ubipar1": "9 DE JULIO                 10", "desdes": "VIVIENDA FAMILIAR", "dessde": null, "supter": 175.95, "parprov": 373.0, "planome": 23114.0 }, "geometry": { "type": "MultiPolygon", "coordinates": [ [ [ [ -60.527401539798056, -31.733433552828746 ], [ -60.527448400603021, -31.733416115659079 ], [ -60.527453176408315, -31.733421736825441 ], [ -60.527586976826214, -31.7333736762684 ], [ -60.527547839621676, -31.733305809924413 ], [ -60.527479531474754, -31.733332954234829 ], [ -60.527471088699969, -31.733317412825421 ], [ -60.527353850750039, -31.733358778448995 ], [ -60.527401539798056, -31.733433552828746 ] ] ] ] } },
{ "type": "Feature", "properties": { "id": 115, "ogc_fid": 15347, "ncp": "0020000002014", "sec": 2, "gru": 0, "manz": 2, "parc": 14, "nropasd": 11164.0, "ubipar1": "9 DE JULIO                 46", "desdes": "ESCUELA", "dessde": "PRIMARIO Y SECUNDARIO", "supter": 1046.16, "parprov": 45581.0, "planome": 90420.0 }, "geometry": { "type": "MultiPolygon", "coordinates": [ [ [ [ -60.527545889258889, -31.733659848856547 ], [ -60.527583174293774, -31.733718305181302 ], [ -60.527640252532287, -31.733806061539308 ], [ -60.528173628839568, -31.733552293425721 ], [ -60.528136695864724, -31.733470152846564 ], [ -60.5280835027392, -31.733486664138567 ], [ -60.528006269350293, -31.733510637544384 ], [ -60.527952504921686, -31.733527326100905 ], [ -60.527887852312048, -31.73342134798617 ], [ -60.527841042377929, -31.733332643748874 ], [ -60.527798161165492, -31.733347992869 ], [ -60.527847258916601, -31.733439631644504 ], [ -60.527779252667635, -31.733462403567909 ], [ -60.527835698081681, -31.733563578479512 ], [ -60.527772822102314, -31.733583091587462 ], [ -60.527765806765572, -31.733587142847899 ], [ -60.527717840687792, -31.733600601511611 ], [ -60.527589285689011, -31.733636672280806 ], [ -60.527545889258889, -31.733659848856547 ] ] ] ] } },
{ "type": "Feature", "properties": { "id": 116, "ogc_fid": 15351, "ncp": "0020000002010", "sec": 2, "gru": 0, "manz": 2, "parc": 10, "nropasd": 132469.0, "ubipar1": "9 DE JULIO                 12", "desdes": "VIVIENDA MULTIFAMILIAR", "dessde": "CINCO (5) UNIDADES FUNCIONALES", "supter": 18.84, "parprov": 282197.0, "planome": 231418.0 }, "geometry": { "type": "MultiPolygon", "coordinates": [ [ [ [ -60.52761421143402, -31.733420902703411 ], [ -60.527586976826214, -31.7333736762684 ], [ -60.527453176408315, -31.733421736825441 ], [ -60.527448400603021, -31.733416115659079 ], [ -60.527401539798056, -31.733433552828746 ], [ -60.527438548712347, -31.733491567638065 ], [ -60.52761421143402, -31.733420902703411 ] ] ] ] } },
{ "type": "Feature", "properties": { "id": 117, "ogc_fid": 15353, "ncp": "0020000002011", "sec": 2, "gru": 0, "manz": 2, "parc": 11, "nropasd": 7420.0, "ubipar1": "9 DE JULIO                 16", "desdes": "VIVIENDA FAMILIAR", "dessde": null, "supter": 129.8, "parprov": 103022.0, "planome": 24814.0 }, "geometry": { "type": "MultiPolygon", "coordinates": [ [ [ [ -60.527473576470939, -31.733546480084215 ], [ -60.527646893559606, -31.733477575386864 ], [ -60.52761421143402, -31.733420902703411 ], [ -60.527438548712347, -31.733491567638065 ], [ -60.527473576470939, -31.733546480084215 ] ] ] ] } },
{ "type": "Feature", "properties": { "id": 118, "ogc_fid": 15360, "ncp": "0020000002012", "sec": 2, "gru": 0, "manz": 2, "parc": 12, "nropasd": 4429.0, "ubipar1": "9 DE JULIO                 22", "desdes": "VIVIENDA FAMILIAR", "dessde": null, "supter": 127.5, "parprov": 13251.0, "planome": 24815.0 }, "geometry": { "type": "MultiPolygon", "coordinates": [ [ [ [ -60.527508785289264, -31.733601680359801 ], [ -60.52768061266606, -31.733536046171963 ], [ -60.527646893559606, -31.733477575386864 ], [ -60.527473576470939, -31.733546480084215 ], [ -60.527508785289264, -31.733601680359801 ] ] ] ] } },
{ "type": "Feature", "properties": { "id": 119, "ogc_fid": 15365, "ncp": "0020000002015", "sec": 2, "gru": 0, "manz": 2, "parc": 15, "nropasd": 4607.0, "ubipar1": "9 DE JULIO                 60", "desdes": "HOTEL", "dessde": "GRAN HOTEL PARANA", "supter": 1148.55, "parprov": 9876.0, "planome": 4206.0 }, "geometry": { "type": "MultiPolygon", "coordinates": [ [ [ [ -60.527744690465688, -31.73396663483388 ], [ -60.528161016749841, -31.733771185473326 ], [ -60.528250188228384, -31.733729322571961 ], [ -60.52820491111197, -31.733621866466525 ], [ -60.528173628839568, -31.733552293425721 ], [ -60.527640252532287, -31.733806061539308 ], [ -60.527744690465688, -31.73396663483388 ] ] ] ] } },
{ "type": "Feature", "properties": { "id": 120, "ogc_fid": 15369, "ncp": "0020000002016", "sec": 2, "gru": 0, "manz": 2, "parc": 16, "nropasd": 23409.0, "ubipar1": "9 DE JULIO                 68", "desdes": "VIVIENDA FAMILIAR", "dessde": null, "supter": 505.7, "parprov": 8864.0, "planome": 43652.0 }, "geometry": { "type": "MultiPolygon", "coordinates": [ [ [ [ -60.52780799632324, -31.734063960913698 ], [ -60.528040714346446, -31.7339558943439 ], [ -60.528032082558262, -31.733939137824159 ], [ -60.528094588598584, -31.733910299511081 ], [ -60.528149188991392, -31.733879248342809 ], [ -60.528213279641932, -31.733850737086652 ], [ -60.528161016749841, -31.733771185473326 ], [ -60.527744690465688, -31.73396663483388 ], [ -60.52780799632324, -31.734063960913698 ] ] ] ] } },
{ "type": "Feature", "properties": { "id": 121, "ogc_fid": 15378, "ncp": "0020000002017", "sec": 2, "gru": 0, "manz": 2, "parc": 17, "nropasd": 5109.0, "ubipar1": "9 DE JULIO                 78", "desdes": "VIVIENDA FAMILIAR", "dessde": null, "supter": 430.0, "parprov": 173807.0, "planome": 135714.0 }, "geometry": { "type": "MultiPolygon", "coordinates": [ [ [ [ -60.52780799632324, -31.734063960913698 ], [ -60.527848500621168, -31.734126227629559 ], [ -60.527909513039219, -31.73414472421036 ], [ -60.527919959190108, -31.734140902228766 ], [ -60.528160922976667, -31.734048493320106 ], [ -60.528166043637036, -31.734046730714311 ], [ -60.528094588598584, -31.733910299511081 ], [ -60.528032082558262, -31.733939137824159 ], [ -60.528040714346446, -31.7339558943439 ], [ -60.52780799632324, -31.734063960913698 ] ] ] ] } },
{ "type": "Feature", "properties": { "id": 122, "ogc_fid": 17600, "ncp": "0030000011001", "sec": 3, "gru": 0, "manz": 11, "parc": 1, "nropasd": 123693.0, "ubipar1": "GRAL. JUSTO J.DE URQUIZA 1087", "desdes": "VIVIENDA MULTIFAMILIAR", "dessde": "27 UNIDADES FUNCIONALES", "supter": 27.34, "parprov": 239456.0, "planome": 182156.0 }, "geometry": { "type": "MultiPolygon", "coordinates": [ [ [ [ -60.531421142148631, -31.731969184701164 ], [ -60.53138508103698, -31.731881423574141 ], [ -60.531350413095218, -31.731869510485417 ], [ -60.530995337604828, -31.732006194240519 ], [ -60.531042719491722, -31.732102017591306 ], [ -60.531421142148631, -31.731969184701164 ] ] ] ] } },
{ "type": "Feature", "properties": { "id": 123, "ogc_fid": 17627, "ncp": "0030000011002", "sec": 3, "gru": 0, "manz": 11, "parc": 2, "nropasd": 1988.0, "ubipar1": "GRAL. JUSTO J.DE URQUIZA 1067", "desdes": "VIVIENDA FAMILIAR", "dessde": null, "supter": 574.46, "parprov": 2195.0, "planome": 29195.0 }, "geometry": { "type": "MultiPolygon", "coordinates": [ [ [ [ -60.53087192204854, -31.732053698952836 ], [ -60.530985622849286, -31.732265856730979 ], [ -60.530896005933307, -31.732297569016914 ], [ -60.530862536283237, -31.732301514190688 ], [ -60.530877811964842, -31.732348986611335 ], [ -60.530904213354837, -31.732398982935358 ], [ -60.530938992472691, -31.732387808548719 ], [ -60.531001476085734, -31.732355379581993 ], [ -60.531028124988502, -31.732347007693942 ], [ -60.531045820976871, -31.732339647090509 ], [ -60.531060471213301, -31.732344050164205 ], [ -60.531080520863696, -31.732336787970315 ], [ -60.5310675059213, -31.732310138684184 ], [ -60.531119077933283, -31.732291728896342 ], [ -60.5310884978419, -31.732229435642903 ], [ -60.531103157894641, -31.732224245631294 ], [ -60.531042719491722, -31.732102017591306 ], [ -60.530995337604828, -31.732006194240519 ], [ -60.53087192204854, -31.732053698952836 ] ] ] ] } },
{ "type": "Feature", "properties": { "id": 124, "ogc_fid": 17638, "ncp": "0030000011003", "sec": 3, "gru": 0, "manz": 11, "parc": 3, "nropasd": 15331.0, "ubipar1": "GRAL. JUSTO J.DE URQUIZA 1055", "desdes": "VIVIENDA FAMILIAR", "dessde": null, "supter": 335.39, "parprov": 9655.0, "planome": 38766.0 }, "geometry": { "type": "MultiPolygon", "coordinates": [ [ [ [ -60.530748803828025, -31.732101138795187 ], [ -60.530862536283237, -31.732301514190688 ], [ -60.530896005933307, -31.732297569016914 ], [ -60.530985622849286, -31.732265856730979 ], [ -60.53087192204854, -31.732053698952836 ], [ -60.530748803828025, -31.732101138795187 ] ] ] ] } },
{ "type": "Feature", "properties": { "id": 125, "ogc_fid": 17648, "ncp": "0030000011004", "sec": 3, "gru": 0, "manz": 11, "parc": 4, "nropasd": 626.0, "ubipar1": "GRAL. JUSTO J.DE URQUIZA 1047", "desdes": "VIVIENDA FAMILIAR", "dessde": null, "supter": 319.97, "parprov": 1873.0, "planome": 28042.0 }, "geometry": { "type": "MultiPolygon", "coordinates": [ [ [ [ -60.530673209263391, -31.732130763390053 ], [ -60.530777621912975, -31.732328896005768 ], [ -60.530798202420868, -31.732377726161882 ], [ -60.530847741979493, -31.732499307916623 ], [ -60.530941337777243, -31.732467718932391 ], [ -60.530930325957442, -31.732450143831315 ], [ -60.530904213354837, -31.732398982935358 ], [ -60.530877811964842, -31.732348986611335 ], [ -60.530862536283237, -31.732301514190688 ], [ -60.530748803828025, -31.732101138795187 ], [ -60.530673209263391, -31.732130763390053 ] ] ] ] } },
{ "type": "Feature", "properties": { "id": 126, "ogc_fid": 17653, "ncp": "0030000011005", "sec": 3, "gru": 0, "manz": 11, "parc": 5, "nropasd": 7007.0, "ubipar1": "GRAL. JUSTO J.DE URQUIZA 1043", "desdes": "VIVIENDA FAMILIAR", "dessde": null, "supter": 315.6, "parprov": 5624.0, "planome": 1951.0 }, "geometry": { "type": "MultiPolygon", "coordinates": [ [ [ [ -60.530598909690454, -31.732159886536756 ], [ -60.530771343481568, -31.732495483182237 ], [ -60.530776030100377, -31.732523510923375 ], [ -60.530847741979493, -31.732499307916623 ], [ -60.530798202420868, -31.732377726161882 ], [ -60.530777621912975, -31.732328896005768 ], [ -60.530673209263391, -31.732130763390053 ], [ -60.530598909690454, -31.732159886536756 ] ] ] ] } },
{ "type": "Feature", "properties": { "id": 127, "ogc_fid": 17658, "ncp": "0030000011006", "sec": 3, "gru": 0, "manz": 11, "parc": 6, "nropasd": 12271.0, "ubipar1": "GRAL. JUSTO J.DE URQUIZA 1035", "desdes": "VIVIENDA FAMILIAR", "dessde": null, "supter": 207.24, "parprov": 5444.0, "planome": 229.0 }, "geometry": { "type": "MultiPolygon", "coordinates": [ [ [ [ -60.530532074778385, -31.732186083659826 ], [ -60.530587684670813, -31.732291755382811 ], [ -60.530606350970082, -31.732286158409522 ], [ -60.530665530512266, -31.732405207224922 ], [ -60.530727206958325, -31.732529278587812 ], [ -60.530732975229078, -31.732539751795954 ], [ -60.530776030100377, -31.732523510923375 ], [ -60.530771343481568, -31.732495483182237 ], [ -60.530598909690454, -31.732159886536756 ], [ -60.530532074778385, -31.732186083659826 ] ] ] ] } },
{ "type": "Feature", "properties": { "id": 128, "ogc_fid": 17661, "ncp": "0030000011007", "sec": 3, "gru": 0, "manz": 11, "parc": 7, "nropasd": 5843.0, "ubipar1": "GRAL. JUSTO J.DE URQUIZA 1031", "desdes": "VIVIENDA FAMILIAR", "dessde": null, "supter": 372.42, "parprov": 13828.0, "planome": 13284.0 }, "geometry": { "type": "MultiPolygon", "coordinates": [ [ [ [ -60.530532074778385, -31.732186083659826 ], [ -60.530446730662447, -31.732219527416117 ], [ -60.530519515133136, -31.732357819432629 ], [ -60.530560023053326, -31.732448312907483 ], [ -60.530570432582216, -31.732465891551378 ], [ -60.530624686179571, -31.732446492556022 ], [ -60.53061353306289, -31.732424344679174 ], [ -60.530665530512266, -31.732405207224922 ], [ -60.530606350970082, -31.732286158409522 ], [ -60.530587684670813, -31.732291755382811 ], [ -60.530532074778385, -31.732186083659826 ] ] ] ] } },
{ "type": "Feature", "properties": { "id": 129, "ogc_fid": 17671, "ncp": "0030000011009", "sec": 3, "gru": 0, "manz": 11, "parc": 9, "nropasd": 1872.0, "ubipar1": "GRAL. JUSTO J.DE URQUIZA 1009", "desdes": "GALERIA COMERCIAL-C.DE COMPRAS", "dessde": "RESTAURANTE-CONFITERIA-BAR-OFICINAS.-", "supter": 665.5, "parprov": 104981.0, "planome": 43630.0 }, "geometry": { "type": "MultiPolygon", "coordinates": [ [ [ [ -60.530218676322839, -31.732573514615193 ], [ -60.530344827926065, -31.732528552478435 ], [ -60.530446085615338, -31.732489685627002 ], [ -60.530420840767796, -31.732445711197887 ], [ -60.530318842119293, -31.732268037534308 ], [ -60.530150112810546, -31.732330623793871 ], [ -60.530130267832774, -31.732338633518829 ], [ -60.530125555113315, -31.73234119631195 ], [ -60.530121309804606, -31.732344307284034 ], [ -60.530117626461774, -31.732347893894495 ], [ -60.530114568036232, -31.732351892752686 ], [ -60.530112207928276, -31.732356222387757 ], [ -60.530110587780378, -31.73236078342379 ], [ -60.530109738837226, -31.732365503583747 ], [ -60.530109671085839, -31.732370283623577 ], [ -60.530110405013744, -31.732375015237146 ], [ -60.530212385374007, -31.732576080395905 ], [ -60.530218676322839, -31.732573514615193 ] ] ] ] } },
{ "type": "Feature", "properties": { "id": 130, "ogc_fid": 18814, "ncp": "0040000106018", "sec": 4, "gru": 0, "manz": 106, "parc": 18, "nropasd": 10810.0, "ubipar1": "GRAL. JUSTO J.DE URQUIZA 1050", "desdes": "NEGOCIO", "dessde": "LOCAL COMERCIAL Y COCHERAS-", "supter": 1090.99, "parprov": 7242.0, "planome": 19208.0 }, "geometry": { "type": "MultiPolygon", "coordinates": [ [ [ [ -60.530536235391921, -31.731622790926956 ], [ -60.530514884736469, -31.731632244357368 ], [ -60.530449817981143, -31.731655026573225 ], [ -60.530639386040434, -31.732027894422323 ], [ -60.53075347726724, -31.731982482131961 ], [ -60.530657085196246, -31.731806558312403 ], [ -60.530631384854232, -31.731802470086642 ], [ -60.530536235391921, -31.731622790926956 ] ] ] ] } },
{ "type": "Feature", "properties": { "id": 131, "ogc_fid": 18815, "ncp": "0040000106008", "sec": 4, "gru": 0, "manz": 106, "parc": 8, "nropasd": 41710.0, "ubipar1": "25 DE JUNIO                33", "desdes": "PLAYA DE ESTACIONAMIENTO", "dessde": null, "supter": 755.52, "parprov": 7242.0, "planome": 19208.0 }, "geometry": { "type": "MultiPolygon", "coordinates": [ [ [ [ -60.530310903752927, -31.73178401644169 ], [ -60.530337171666808, -31.73186316217722 ], [ -60.530429609350747, -31.731831392119194 ], [ -60.530542052044964, -31.732067690246328 ], [ -60.530639386040434, -31.732027894422323 ], [ -60.530449817981143, -31.731655026573225 ], [ -60.530400086852445, -31.731672439203724 ], [ -60.530365718287648, -31.731597322073643 ], [ -60.530315536606928, -31.7314876430076 ], [ -60.530228543733401, -31.731292621010347 ], [ -60.530225104319506, -31.73128715212297 ], [ -60.530122863988865, -31.731327429757247 ], [ -60.530172022071774, -31.731434920820224 ], [ -60.530190810504962, -31.731479535831436 ], [ -60.530241223854041, -31.731600195251154 ], [ -60.530275007264166, -31.731690525594345 ], [ -60.530295984210611, -31.731739071002419 ], [ -60.530310903752927, -31.73178401644169 ] ] ] ] } },
{ "type": "Feature", "properties": { "id": 132, "ogc_fid": 18868, "ncp": "0040000106022", "sec": 4, "gru": 0, "manz": 106, "parc": 22, "nropasd": 82647.0, "ubipar1": "GRAL. JUSTO J.DE URQUIZA 1078", "desdes": "BANCO-ENTIDAD CREDITICIA-", "dessde": null, "supter": 219.23, "parprov": 7234.0, "planome": 19207.0 }, "geometry": { "type": "MultiPolygon", "coordinates": [ [ [ [ -60.530933434510537, -31.731639120980493 ], [ -60.530855570712383, -31.731668030790107 ], [ -60.530972256077391, -31.731896274794696 ], [ -60.531047649409096, -31.731866569695946 ], [ -60.530933434510537, -31.731639120980493 ] ] ] ] } },
{ "type": "Feature", "properties": { "id": 133, "ogc_fid": 18870, "ncp": "0040000106015", "sec": 4, "gru": 0, "manz": 106, "parc": 15, "nropasd": 110320.0, "ubipar1": "GRAL. JUSTO J.DE URQUIZA 1016", "desdes": "VIVIENDA FAMILIAR", "dessde": null, "supter": 102.55, "parprov": 187715.0, "planome": 122223.0 }, "geometry": { "type": "MultiPolygon", "coordinates": [ [ [ [ -60.530447268196419, -31.732106443317459 ], [ -60.530355614962005, -31.731906760471993 ], [ -60.530091702764871, -31.731994380770345 ], [ -60.530061394472568, -31.732003128417599 ], [ -60.530052125447263, -31.731993093397818 ], [ -60.529985432218751, -31.732014527924374 ], [ -60.529977644482152, -31.731999634834175 ], [ -60.529949659130381, -31.73200679457403 ], [ -60.530044196129317, -31.732222085811753 ], [ -60.53011353586362, -31.73224289150561 ], [ -60.530447268196419, -31.732106443317459 ] ] ] ] } },
{ "type": "Feature", "properties": { "id": 134, "ogc_fid": 18883, "ncp": "0040000106023", "sec": 4, "gru": 0, "manz": 106, "parc": 23, "nropasd": 7646.0, "ubipar1": "GRAL. JUSTO J.DE URQUIZA 1088", "desdes": "VIVIENDA FAMILIAR", "dessde": null, "supter": 247.14, "parprov": 4798.0, "planome": 35769.0 }, "geometry": { "type": "MultiPolygon", "coordinates": [ [ [ [ -60.531047649409096, -31.731866569695946 ], [ -60.531131159347517, -31.731833548029133 ], [ -60.531010460838694, -31.731610522048229 ], [ -60.530933434510537, -31.731639120980493 ], [ -60.531047649409096, -31.731866569695946 ] ] ] ] } },
{ "type": "Feature", "properties": { "id": 135, "ogc_fid": 19464, "ncp": "0040000082007", "sec": 4, "gru": 0, "manz": 82, "parc": 7, "nropasd": 5633.0, "ubipar1": "NARCISO LAPRIDA           103", "desdes": "ESCUELA", "dessde": "ENRIQUE CARBO", "supter": 1862.0, "parprov": 183764.0, "planome": 42448.0 }, "geometry": { "type": "MultiPolygon", "coordinates": [ [ [ [ -60.530211150500939, -31.728532860029798 ], [ -60.530240039205609, -31.728527022185336 ], [ -60.530461927119482, -31.728469318638872 ], [ -60.530666848374096, -31.728417223432775 ], [ -60.530786932850461, -31.728384857699783 ], [ -60.530739673956745, -31.72825775419242 ], [ -60.530677884956106, -31.72810070106938 ], [ -60.530574016202728, -31.728130319185663 ], [ -60.530138952191344, -31.728252263690504 ], [ -60.530115628669584, -31.728288533562072 ], [ -60.530211150500939, -31.728532860029798 ] ] ] ] } },
{ "type": "Feature", "properties": { "id": 136, "ogc_fid": 19514, "ncp": "0040000082008", "sec": 4, "gru": 0, "manz": 82, "parc": 8, "nropasd": 13153.0, "ubipar1": "BUENOS AIRES              273", "desdes": "SEDE", "dessde": "OFICINAS", "supter": 1215.62, "parprov": 4808.0, "planome": 23393.0 }, "geometry": { "type": "MultiPolygon", "coordinates": [ [ [ [ -60.530280948887025, -31.728726346839263 ], [ -60.5305804193437, -31.728641122710311 ], [ -60.530758073638907, -31.728588716595809 ], [ -60.530843853715254, -31.728565714145919 ], [ -60.530810412025168, -31.728446611909714 ], [ -60.530792356649023, -31.728383395848887 ], [ -60.530786932850461, -31.728384857699783 ], [ -60.530666848374096, -31.728417223432775 ], [ -60.530461927119482, -31.728469318638872 ], [ -60.530240039205609, -31.728527022185336 ], [ -60.530211150500939, -31.728532860029798 ], [ -60.530280948887025, -31.728726346839263 ] ] ] ] } },
{ "type": "Feature", "properties": { "id": 137, "ogc_fid": 19522, "ncp": "0040000082009", "sec": 4, "gru": 0, "manz": 82, "parc": 9, "nropasd": 9867.0, "ubipar1": "BUENOS AIRES              265", "desdes": "NEGOCIO", "dessde": "VIVIENDA FAMILIAR Y NEGOCIO P.BAJA", "supter": 441.3, "parprov": 7364.0, "planome": 60261.0 }, "geometry": { "type": "MultiPolygon", "coordinates": [ [ [ [ -60.530306989986357, -31.728796395196241 ], [ -60.530597729395595, -31.728710627118872 ], [ -60.530738256387963, -31.728669937801943 ], [ -60.530865615143163, -31.728636083567228 ], [ -60.530843853715254, -31.728565714145919 ], [ -60.530758073638907, -31.728588716595809 ], [ -60.5305804193437, -31.728641122710311 ], [ -60.530280948887025, -31.728726346839263 ], [ -60.530306989986357, -31.728796395196241 ] ] ] ] } },
{ "type": "Feature", "properties": { "id": 138, "ogc_fid": 19532, "ncp": "0040000082010", "sec": 4, "gru": 0, "manz": 82, "parc": 10, "nropasd": 7381.0, "ubipar1": "BUENOS AIRES              263", "desdes": "VIVIENDA FAMILIAR", "dessde": null, "supter": 757.9, "parprov": 12702.0, "planome": 66572.0 }, "geometry": { "type": "MultiPolygon", "coordinates": [ [ [ [ -60.530348069689126, -31.728906375707894 ], [ -60.530511729829321, -31.728863764692722 ], [ -60.530808502550606, -31.728778001565793 ], [ -60.530899412280704, -31.728747425316101 ], [ -60.530865615143163, -31.728636083567228 ], [ -60.530738256387963, -31.728669937801943 ], [ -60.530597729395595, -31.728710627118872 ], [ -60.530306989986357, -31.728796395196241 ], [ -60.530348069689126, -31.728906375707894 ] ] ] ] } },
{ "type": "Feature", "properties": { "id": 139, "ogc_fid": 19537, "ncp": "0040000082011", "sec": 4, "gru": 0, "manz": 82, "parc": 11, "nropasd": 11309.0, "ubipar1": "BUENOS AIRES              249", "desdes": "CONVENTO-SEMINARIO-", "dessde": "PENSIONADO SANTA MARIA", "supter": 3621.74, "parprov": 120474.0, "planome": 15976.0 }, "geometry": { "type": "MultiPolygon", "coordinates": [ [ [ [ -60.530896719193599, -31.729169367097207 ], [ -60.530959103207216, -31.729149669756882 ], [ -60.5310579115555, -31.729118471594127 ], [ -60.53110196925806, -31.729104560598792 ], [ -60.531155218930877, -31.729087654927952 ], [ -60.531238292391293, -31.729061280764249 ], [ -60.531245410901938, -31.729059020776159 ], [ -60.531155575359072, -31.728875686207747 ], [ -60.531200716935103, -31.728861212524365 ], [ -60.531144694551017, -31.728747688081175 ], [ -60.531108754148377, -31.728682670716438 ], [ -60.531066020181996, -31.728695752133842 ], [ -60.530914763549198, -31.728742053516534 ], [ -60.530899412280704, -31.728747425316101 ], [ -60.530808502550606, -31.728778001565793 ], [ -60.530511729829321, -31.728863764692722 ], [ -60.530348069689126, -31.728906375707894 ], [ -60.530455171562075, -31.729185652883714 ], [ -60.530493272076022, -31.729289712066823 ], [ -60.530617046653255, -31.729252626265204 ], [ -60.530843938899068, -31.729186034469929 ], [ -60.530896719193599, -31.729169367097207 ] ] ] ] } },
{ "type": "Feature", "properties": { "id": 140, "ogc_fid": 20106, "ncp": "0040000082012", "sec": 4, "gru": 0, "manz": 82, "parc": 12, "nropasd": 3667.0, "ubipar1": "BUENOS AIRES              227", "desdes": "VIVIENDA FAMILIAR", "dessde": null, "supter": 487.12, "parprov": 8699.0, "planome": 56479.0 }, "geometry": { "type": "MultiPolygon", "coordinates": [ [ [ [ -60.530493272076022, -31.729289712066823 ], [ -60.530535212017753, -31.729404257110176 ], [ -60.530625951127796, -31.729372777618817 ], [ -60.530728775136105, -31.729333498198574 ], [ -60.530813318699082, -31.729311880733214 ], [ -60.530808945604761, -31.729298100768933 ], [ -60.530862193309595, -31.729275004513461 ], [ -60.530855442763105, -31.729256656899576 ], [ -60.530928490806986, -31.729242022834899 ], [ -60.530896719193599, -31.729169367097207 ], [ -60.530843938899068, -31.729186034469929 ], [ -60.530617046653255, -31.729252626265204 ], [ -60.530493272076022, -31.729289712066823 ] ] ] ] } },
{ "type": "Feature", "properties": { "id": 141, "ogc_fid": 20150, "ncp": "0040000038020", "sec": 4, "gru": 0, "manz": 38, "parc": 20, "nropasd": 10018.0, "ubipar1": "ALAMEDA DE LA FEDERACION  214", "desdes": "OFICINAS", "dessde": null, "supter": 636.09, "parprov": 8239.0, "planome": 15023.0 }, "geometry": { "type": "MultiPolygon", "coordinates": [ [ [ [ -60.530847772942018, -31.725616142938666 ], [ -60.530773788485426, -31.725564495895135 ], [ -60.53071254138149, -31.725409498787872 ], [ -60.530671575740456, -31.725306660929803 ], [ -60.530541953318355, -31.725345474656098 ], [ -60.530563265822927, -31.725400858259924 ], [ -60.530601159791495, -31.725510896618832 ], [ -60.530682139750454, -31.725710696308582 ], [ -60.530692622672468, -31.725743137017098 ], [ -60.530722858765863, -31.725748007340687 ], [ -60.530743933102848, -31.725728241404987 ], [ -60.530847772942018, -31.725616142938666 ] ] ] ] } },
{ "type": "Feature", "properties": { "id": 142, "ogc_fid": 20206, "ncp": "0040000038019", "sec": 4, "gru": 0, "manz": 38, "parc": 19, "nropasd": 10190.0, "ubipar1": "ALAMEDA DE LA FEDERACION  222", "desdes": "VIVIENDA FAMILIAR", "dessde": null, "supter": 456.25, "parprov": 9801.0, "planome": 12278.0 }, "geometry": { "type": "MultiPolygon", "coordinates": [ [ [ [ -60.530847772942018, -31.725616142938666 ], [ -60.530919179614237, -31.725535798055272 ], [ -60.530870052055128, -31.72550973199931 ], [ -60.53077985495684, -31.725271998181427 ], [ -60.530735694042569, -31.725284238496101 ], [ -60.530728436037933, -31.72526510838577 ], [ -60.530772596944161, -31.725252868073653 ], [ -60.530760945073659, -31.725222156957884 ], [ -60.530652540188356, -31.725252993661421 ], [ -60.530671575740456, -31.725306660929803 ], [ -60.53071254138149, -31.725409498787872 ], [ -60.530773788485426, -31.725564495895135 ], [ -60.530847772942018, -31.725616142938666 ] ] ] ] } },
{ "type": "Feature", "properties": { "id": 143, "ogc_fid": 20628, "ncp": "0040000091024", "sec": 4, "gru": 0, "manz": 91, "parc": 24, "nropasd": 7041.0, "ubipar1": "25 DE JUNIO               446", "desdes": "VIVIENDA FAMILIAR", "dessde": null, "supter": 438.9, "parprov": 13384.0, "planome": 215.0 }, "geometry": { "type": "MultiPolygon", "coordinates": [ [ [ [ -60.535814240411895, -31.729088465016513 ], [ -60.535883393912137, -31.729062105616162 ], [ -60.535847567537466, -31.728997623291797 ], [ -60.535805433666773, -31.728919679386486 ], [ -60.535769947489037, -31.728854101874468 ], [ -60.535717837217788, -31.728759474248129 ], [ -60.535608033915707, -31.728553852090798 ], [ -60.535581845518678, -31.728564473864296 ], [ -60.535526231707195, -31.728585689331915 ], [ -60.535539184779942, -31.728603034025067 ], [ -60.535643696903271, -31.728791692968212 ], [ -60.535734269232023, -31.728945247615925 ], [ -60.535814240411895, -31.729088465016513 ] ] ] ] } },
{ "type": "Feature", "properties": { "id": 144, "ogc_fid": 20631, "ncp": "0040000091023", "sec": 4, "gru": 0, "manz": 91, "parc": 23, "nropasd": 8199.0, "ubipar1": "25 DE JUNIO               440", "desdes": "VIVIENDA FAMILIAR", "dessde": null, "supter": 628.6, "parprov": 13191.0, "planome": 23611.0 }, "geometry": { "type": "MultiPolygon", "coordinates": [ [ [ [ -60.535588128682633, -31.728897260915947 ], [ -60.5356261132806, -31.72896332413676 ], [ -60.535720884769916, -31.729124049520482 ], [ -60.535814240411895, -31.729088465016513 ], [ -60.535734269232023, -31.728945247615925 ], [ -60.535643696903271, -31.728791692968212 ], [ -60.535539184779942, -31.728603034025067 ], [ -60.535526231707195, -31.728585689331915 ], [ -60.535443082542997, -31.728614796207992 ], [ -60.535432712669781, -31.728618424977071 ], [ -60.535494174789477, -31.728733854834871 ], [ -60.535536049293832, -31.728806683709138 ], [ -60.535588128682633, -31.728897260915947 ] ] ] ] } },
{ "type": "Feature", "properties": { "id": 145, "ogc_fid": 20632, "ncp": "0040000091027", "sec": 4, "gru": 0, "manz": 91, "parc": 27, "nropasd": 127708.0, "ubipar1": "25 DE JUNIO               466", "desdes": "VIVIENDA MULTIFAMILIAR", "dessde": "52 UNIDADES FUNCIONALES.-", "supter": 10.35, "parprov": 262282.0, "planome": 207370.0 }, "geometry": { "type": "MultiPolygon", "coordinates": [ [ [ [ -60.536043551704097, -31.729001057697729 ], [ -60.536141609401717, -31.728963912430086 ], [ -60.536056610722184, -31.72880031929914 ], [ -60.535980812491196, -31.72865813807843 ], [ -60.53594613339996, -31.728593087379533 ], [ -60.53585254841321, -31.728630385491471 ], [ -60.535933552814413, -31.728784820054557 ], [ -60.536000562555316, -31.728914331287001 ], [ -60.536043551704097, -31.729001057697729 ] ] ] ] } },
{ "type": "Feature", "properties": { "id": 146, "ogc_fid": 20635, "ncp": "0040000091028", "sec": 4, "gru": 0, "manz": 91, "parc": 28, "nropasd": 3590.0, "ubipar1": "25 DE JUNIO               472", "desdes": "VIVIENDA FAMILIAR", "dessde": null, "supter": 402.0, "parprov": 7602.0, "planome": 235136.0 }, "geometry": { "type": "MultiPolygon", "coordinates": [ [ [ [ -60.536141609401717, -31.728963912430086 ], [ -60.536218934670934, -31.728935365257492 ], [ -60.536139690731808, -31.728783213671733 ], [ -60.536057429516667, -31.728627654594202 ], [ -60.535980812491196, -31.72865813807843 ], [ -60.536056610722184, -31.72880031929914 ], [ -60.536141609401717, -31.728963912430086 ] ] ] ] } },
{ "type": "Feature", "properties": { "id": 147, "ogc_fid": 20653, "ncp": "0040000091022", "sec": 4, "gru": 0, "manz": 91, "parc": 22, "nropasd": 15324.0, "ubipar1": "25 DE JUNIO               432", "desdes": "VIVIENDA FAMILIAR", "dessde": null, "supter": 194.5, "parprov": 13113.0, "planome": 32378.0 }, "geometry": { "type": "MultiPolygon", "coordinates": [ [ [ [ -60.535521654814318, -31.728923754102095 ], [ -60.535627962383771, -31.729113977509929 ], [ -60.535649413503641, -31.729150577198421 ], [ -60.535720884769916, -31.729124049520482 ], [ -60.5356261132806, -31.72896332413676 ], [ -60.535588128682633, -31.728897260915947 ], [ -60.535521654814318, -31.728923754102095 ] ] ] ] } },
{ "type": "Feature", "properties": { "id": 148, "ogc_fid": 20655, "ncp": "0040000091021", "sec": 4, "gru": 0, "manz": 91, "parc": 21, "nropasd": 1853.0, "ubipar1": "25 DE JUNIO               428", "desdes": "VIVIENDA FAMILIAR", "dessde": null, "supter": 190.0, "parprov": 2879.0, "planome": 6071.0 }, "geometry": { "type": "MultiPolygon", "coordinates": [ [ [ [ -60.535579052016416, -31.729176030855996 ], [ -60.535649413503641, -31.729150577198421 ], [ -60.535627962383771, -31.729113977509929 ], [ -60.535521654814318, -31.728923754102095 ], [ -60.535455712656521, -31.728950035325784 ], [ -60.53554087182674, -31.729096334116118 ], [ -60.535579052016416, -31.729176030855996 ] ] ] ] } },
{ "type": "Feature", "properties": { "id": 149, "ogc_fid": 20657, "ncp": "0040000091020", "sec": 4, "gru": 0, "manz": 91, "parc": 20, "nropasd": 5380.0, "ubipar1": "25 DE JUNIO               424", "desdes": "VIVIENDA FAMILIAR", "dessde": null, "supter": 189.0, "parprov": 873.0, "planome": 1873.0 }, "geometry": { "type": "MultiPolygon", "coordinates": [ [ [ [ -60.535421016410631, -31.729043186866459 ], [ -60.535459202775144, -31.729111766414903 ], [ -60.535508755476926, -31.729201460965793 ], [ -60.535579052016416, -31.729176030855996 ], [ -60.53554087182674, -31.729096334116118 ], [ -60.535455712656521, -31.728950035325784 ], [ -60.535384766210335, -31.728978843258403 ], [ -60.535421016410631, -31.729043186866459 ] ] ] ] } },
{ "type": "Feature", "properties": { "id": 150, "ogc_fid": 20674, "ncp": "0040000091019", "sec": 4, "gru": 0, "manz": 91, "parc": 19, "nropasd": 9099.0, "ubipar1": "25 DE JUNIO               420", "desdes": "VIVIENDA FAMILIAR", "dessde": null, "supter": 83.55, "parprov": 7811.0, "planome": 38407.0 }, "geometry": { "type": "MultiPolygon", "coordinates": [ [ [ [ -60.535508755476926, -31.729201460965793 ], [ -60.535459202775144, -31.729111766414903 ], [ -60.535385765641273, -31.729141360935273 ], [ -60.535431646584286, -31.729229355416596 ], [ -60.535508755476926, -31.729201460965793 ] ] ] ] } },
{ "type": "Feature", "properties": { "id": 151, "ogc_fid": 20923, "ncp": "0040000015002", "sec": 4, "gru": 0, "manz": 15, "parc": 2, "nropasd": 1014.0, "ubipar1": "ALAMEDA DE LA FEDERACION  684", "desdes": "HOTEL", "dessde": null, "supter": 1512.67, "parprov": 11244.0, "planome": 158646.0 }, "geometry": { "type": "MultiPolygon", "coordinates": [ [ [ [ -60.536043627559302, -31.719204838943973 ], [ -60.535850476051763, -31.719241048256972 ], [ -60.536005652654723, -31.719503093656471 ], [ -60.536161222163166, -31.719765425787699 ], [ -60.536163555958204, -31.719767625486739 ], [ -60.536203597320231, -31.719723952197892 ], [ -60.536396496870154, -31.719506427968057 ], [ -60.536375707076658, -31.719494538969546 ], [ -60.536262687361571, -31.719426393226531 ], [ -60.536226339101553, -31.719400464829796 ], [ -60.536081494907542, -31.719242877955949 ], [ -60.536043627559302, -31.719204838943973 ] ] ] ] } },
{ "type": "Feature", "properties": { "id": 152, "ogc_fid": 20925, "ncp": "0040000015001", "sec": 4, "gru": 0, "manz": 15, "parc": 1, "nropasd": 121057.0, "ubipar1": "BVARD. BME.MITRE          699", "desdes": "VIVIENDA MULTIFAMILIAR", "dessde": "24 UNIDADES FUNCIONALES.-", "supter": 16.17, "parprov": 226593.0, "planome": 165175.0 }, "geometry": { "type": "MultiPolygon", "coordinates": [ [ [ [ -60.536043627559302, -31.719204838943973 ], [ -60.536081494907542, -31.719242877955949 ], [ -60.536226339101553, -31.719400464829796 ], [ -60.536262687361571, -31.719426393226531 ], [ -60.536375707076658, -31.719494538969546 ], [ -60.536396496870154, -31.719506427968057 ], [ -60.53644613177962, -31.719450503290133 ], [ -60.536536538948532, -31.719356506821704 ], [ -60.536543139638582, -31.719340525450409 ], [ -60.536548404115429, -31.719309457747702 ], [ -60.536548241420384, -31.71928121253864 ], [ -60.536539022235921, -31.719245302039113 ], [ -60.536516790543494, -31.719210302241869 ], [ -60.536495624294702, -31.719186425094549 ], [ -60.536464461749404, -31.719165919576159 ], [ -60.536447394543963, -31.719158287987657 ], [ -60.536421315269209, -31.719150694284671 ], [ -60.536403276263741, -31.719148202361623 ], [ -60.536389252557029, -31.719147405456102 ], [ -60.536354863201318, -31.719150206749219 ], [ -60.536043627559302, -31.719204838943973 ] ] ] ] } },
{ "type": "Feature", "properties": { "id": 153, "ogc_fid": 21039, "ncp": "0040000091042", "sec": 4, "gru": 0, "manz": 91, "parc": 42, "nropasd": 86010.0, "ubipar1": "25 DE JUNIO               454", "desdes": "VIVIENDA FAMILIAR", "dessde": null, "supter": 55.36, "parprov": 225737.0, "planome": 163789.0 }, "geometry": { "type": "MultiPolygon", "coordinates": [ [ [ [ -60.535907604746122, -31.728973833596552 ], [ -60.535866946974807, -31.728895374277688 ], [ -60.535805433666773, -31.728919679386486 ], [ -60.535847567537466, -31.728997623291797 ], [ -60.535907604746122, -31.728973833596552 ] ] ] ] } },
{ "type": "Feature", "properties": { "id": 154, "ogc_fid": 21040, "ncp": "0040000091041", "sec": 4, "gru": 0, "manz": 91, "parc": 41, "nropasd": 86009.0, "ubipar1": "25 DE JUNIO               450", "desdes": "VIVIENDA FAMILIAR", "dessde": null, "supter": 88.6, "parprov": 225738.0, "planome": 163790.0 }, "geometry": { "type": "MultiPolygon", "coordinates": [ [ [ [ -60.535907604746122, -31.728973833596552 ], [ -60.535847567537466, -31.728997623291797 ], [ -60.535883393912137, -31.729062105616162 ], [ -60.535941809100855, -31.729039839322233 ], [ -60.535907604746122, -31.728973833596552 ] ] ] ] } },
{ "type": "Feature", "properties": { "id": 155, "ogc_fid": 21041, "ncp": "0040000091029", "sec": 4, "gru": 0, "manz": 91, "parc": 29, "nropasd": 7042.0, "ubipar1": "25 DE JUNIO               482", "desdes": "VIVIENDA FAMILIAR", "dessde": null, "supter": 202.2, "parprov": 3690.0, "planome": 152494.0 }, "geometry": { "type": "MultiPolygon", "coordinates": [ [ [ [ -60.536188137567606, -31.728694693715578 ], [ -60.536136135120145, -31.72859634006247 ], [ -60.536057429516667, -31.728627654594202 ], [ -60.536139690731808, -31.728783213671733 ], [ -60.536218934670934, -31.728935365257492 ], [ -60.536295977520957, -31.728906922285457 ], [ -60.536247069416731, -31.728808357084354 ], [ -60.536188137567606, -31.728694693715578 ] ] ] ] } },
{ "type": "Feature", "properties": { "id": 156, "ogc_fid": 21082, "ncp": "0040000038024", "sec": 4, "gru": 0, "manz": 38, "parc": 24, "nropasd": 116491.0, "ubipar1": "CORDOBA                   504 D:02", "desdes": "VIVIENDA FAMILIAR", "dessde": null, "supter": 34.67, "parprov": 208409.0, "planome": 144962.0 }, "geometry": { "type": "MultiPolygon", "coordinates": [ [ [ [ -60.531287600634684, -31.725127505257063 ], [ -60.531387690681321, -31.725016765722234 ], [ -60.531394858386257, -31.724965592377909 ], [ -60.531307465655281, -31.724738611274734 ], [ -60.531269260483526, -31.724747969294473 ], [ -60.531122529296816, -31.724785249027097 ], [ -60.531137369927599, -31.724825518176669 ], [ -60.531194016069016, -31.724956301766579 ], [ -60.531202982029519, -31.72498175046276 ], [ -60.531241451390258, -31.725089242713203 ], [ -60.531287600634684, -31.725127505257063 ] ] ] ] } },
{ "type": "Feature", "properties": { "id": 157, "ogc_fid": 21286, "ncp": "0040000022002", "sec": 4, "gru": 0, "manz": 22, "parc": 2, "nropasd": 534.0, "ubipar1": "ALAMEDA DE LA FEDERACION  693", "desdes": "VIVIENDA FAMILIAR", "dessde": null, "supter": 209.06, "parprov": 2578.0, "planome": 86689.0 }, "geometry": { "type": "MultiPolygon", "coordinates": [ [ [ [ -60.536639122312131, -31.719765160497634 ], [ -60.53668002110728, -31.719793680041317 ], [ -60.536811697363696, -31.719763364854675 ], [ -60.536804091189019, -31.719737856681355 ], [ -60.53669226889059, -31.719763027162394 ], [ -60.536670319152364, -31.719688268441828 ], [ -60.536654367517215, -31.719649962192989 ], [ -60.536621092928819, -31.719543993188196 ], [ -60.536530775792073, -31.719644106364203 ], [ -60.536626714550621, -31.719708590135728 ], [ -60.536622049305663, -31.719717420774057 ], [ -60.536602246102923, -31.719739445956638 ], [ -60.536639122312131, -31.719765160497634 ] ] ] ] } },
{ "type": "Feature", "properties": { "id": 158, "ogc_fid": 21287, "ncp": "0040000022023", "sec": 4, "gru": 0, "manz": 22, "parc": 23, "nropasd": 7619.0, "ubipar1": "ALAMEDA DE LA FEDERACION  623", "desdes": "VIVIENDA FAMILIAR", "dessde": null, "supter": 332.59, "parprov": 1245.0, "planome": 37112.0 }, "geometry": { "type": "MultiPolygon", "coordinates": [ [ [ [ -60.535557613070949, -31.720729092522088 ], [ -60.535536478048982, -31.720752611173722 ], [ -60.535539897359797, -31.720754598900022 ], [ -60.535587883973747, -31.720791634380724 ], [ -60.535711406299015, -31.720979618473777 ], [ -60.535639449819435, -31.721052199264307 ], [ -60.535707906601942, -31.721167279519683 ], [ -60.535825526385956, -31.721097559788639 ], [ -60.535614830102013, -31.720773213770872 ], [ -60.535557613070949, -31.720729092522088 ] ] ] ] } },
{ "type": "Feature", "properties": { "id": 159, "ogc_fid": 21296, "ncp": "0040000022009", "sec": 4, "gru": 0, "manz": 22, "parc": 9, "nropasd": 3603.0, "ubipar1": "ALAMEDA DE LA FEDERACION  665", "desdes": "VIVIENDA FAMILIAR", "dessde": null, "supter": 391.05, "parprov": 7798.0, "planome": 60867.0 }, "geometry": { "type": "MultiPolygon", "coordinates": [ [ [ [ -60.536222215029071, -31.720294130112297 ], [ -60.536301203300617, -31.720411311836454 ], [ -60.536382580589809, -31.720378541135215 ], [ -60.536290489038258, -31.720209039491738 ], [ -60.536236163294959, -31.720100839492684 ], [ -60.536226586897413, -31.720079470032942 ], [ -60.536238180994268, -31.7200536285712 ], [ -60.536191956555001, -31.720020274454441 ], [ -60.53610958858566, -31.720112076703387 ], [ -60.5361129757664, -31.720113983383794 ], [ -60.536219866636635, -31.720191353819072 ], [ -60.536182495427106, -31.720235205267873 ], [ -60.536222215029071, -31.720294130112297 ] ] ] ] } },
{ "type": "Feature", "properties": { "id": 160, "ogc_fid": 21297, "ncp": "0040000022001", "sec": 4, "gru": 0, "manz": 22, "parc": 1, "nropasd": 15621.0, "ubipar1": "ALAMEDA DE LA FEDERACION  699", "desdes": "VIVIENDA FAMILIAR", "dessde": null, "supter": 321.5, "parprov": 7294.0, "planome": 82436.0 }, "geometry": { "type": "MultiPolygon", "coordinates": [ [ [ [ -60.536804091189019, -31.719737856681355 ], [ -60.536785435853567, -31.719675302293034 ], [ -60.536741745921709, -31.719525176153745 ], [ -60.536731201192147, -31.719489570713861 ], [ -60.536700749605629, -31.719479959014613 ], [ -60.536669767828009, -31.719490027743635 ], [ -60.536621092928819, -31.719543993188196 ], [ -60.536654367517215, -31.719649962192989 ], [ -60.536670319152364, -31.719688268441828 ], [ -60.53669226889059, -31.719763027162394 ], [ -60.536804091189019, -31.719737856681355 ] ] ] ] } },
{ "type": "Feature", "properties": { "id": 161, "ogc_fid": 21298, "ncp": "0040000022003", "sec": 4, "gru": 0, "manz": 22, "parc": 3, "nropasd": 75953.0, "ubipar1": "ALAMEDA DE LA FEDERACION  689", "desdes": "VIVIENDA FAMILIAR", "dessde": null, "supter": 117.15, "parprov": 5673.0, "planome": 116711.0 }, "geometry": { "type": "MultiPolygon", "coordinates": [ [ [ [ -60.53661683613111, -31.719792522634798 ], [ -60.536639122312131, -31.719765160497634 ], [ -60.536602246102923, -31.719739445956638 ], [ -60.536622049305663, -31.719717420774057 ], [ -60.536626714550621, -31.719708590135728 ], [ -60.536530775792073, -31.719644106364203 ], [ -60.536478902698889, -31.719701618716659 ], [ -60.53661683613111, -31.719792522634798 ] ] ] ] } },
{ "type": "Feature", "properties": { "id": 162, "ogc_fid": 21299, "ncp": "0040000022004", "sec": 4, "gru": 0, "manz": 22, "parc": 4, "nropasd": 17165.0, "ubipar1": "ALAMEDA DE LA FEDERACION  685", "desdes": "VIVIENDA FAMILIAR", "dessde": null, "supter": 273.0, "parprov": 7766.0, "planome": 44309.0 }, "geometry": { "type": "MultiPolygon", "coordinates": [ [ [ [ -60.536382379454125, -31.71980861362583 ], [ -60.536431965724333, -31.71988676560283 ], [ -60.536668333286627, -31.719829033393818 ], [ -60.536667239122821, -31.719825740238313 ], [ -60.53661683613111, -31.719792522634798 ], [ -60.536478902698889, -31.719701618716659 ], [ -60.536382379454125, -31.71980861362583 ] ] ] ] } },
{ "type": "Feature", "properties": { "id": 163, "ogc_fid": 21301, "ncp": "0040000022006", "sec": 4, "gru": 0, "manz": 22, "parc": 6, "nropasd": 120554.0, "ubipar1": "ALAMEDA DE LA FEDERACION  675", "desdes": "VIVIENDA MULTIFAMILIAR", "dessde": "DE DOS (2) UNIDADES FUNCIONALES", "supter": 264.47, "parprov": 225182.0, "planome": 162422.0 }, "geometry": { "type": "MultiPolygon", "coordinates": [ [ [ [ -60.536326685749081, -31.720081628101717 ], [ -60.536472012994849, -31.720340918733857 ], [ -60.536534065112896, -31.720312240542594 ], [ -60.536579860125542, -31.720295495316339 ], [ -60.536369914031795, -31.719939640655689 ], [ -60.536367411897849, -31.719924698634525 ], [ -60.536313082230407, -31.71988543551938 ], [ -60.536304699593693, -31.719894729895888 ], [ -60.536349858700902, -31.719927360802895 ], [ -60.536341032922849, -31.71993744663942 ], [ -60.536395204345418, -31.720036825014944 ], [ -60.53636114104885, -31.72005046891266 ], [ -60.536369325545657, -31.720063715566429 ], [ -60.536326685749081, -31.720081628101717 ] ] ] ] } },
{ "type": "Feature", "properties": { "id": 164, "ogc_fid": 21303, "ncp": "0040000022008", "sec": 4, "gru": 0, "manz": 22, "parc": 8, "nropasd": 5647.0, "ubipar1": "ALAMEDA DE LA FEDERACION  669", "desdes": "VIVIENDA FAMILIAR", "dessde": null, "supter": 385.44, "parprov": 837.0, "planome": 35248.0 }, "geometry": { "type": "MultiPolygon", "coordinates": [ [ [ [ -60.536191956555001, -31.720020274454441 ], [ -60.536238180994268, -31.7200536285712 ], [ -60.536226586897413, -31.720079470032942 ], [ -60.536236163294959, -31.720100839492684 ], [ -60.536290489038258, -31.720209039491738 ], [ -60.536382580589809, -31.720378541135215 ], [ -60.536472012994849, -31.720340918733857 ], [ -60.536326685749081, -31.720081628101717 ], [ -60.53628286947847, -31.720003451464475 ], [ -60.536296842650785, -31.719984012089544 ], [ -60.536247979602251, -31.719957820703243 ], [ -60.536191956555001, -31.720020274454441 ] ] ] ] } },
{ "type": "Feature", "properties": { "id": 165, "ogc_fid": 21306, "ncp": "0040000022021", "sec": 4, "gru": 0, "manz": 22, "parc": 21, "nropasd": 121998.0, "ubipar1": "ALAMEDA DE LA FEDERACION  635", "desdes": "VIVIENDA MULTIFAMILIAR", "dessde": "29 UNIDADES FUNCIONALES", "supter": 1.57, "parprov": 230650.0, "planome": 171043.0 }, "geometry": { "type": "MultiPolygon", "coordinates": [ [ [ [ -60.536106411202795, -31.720949522888606 ], [ -60.535947238838759, -31.720721475908928 ], [ -60.535782037084481, -31.720479592738688 ], [ -60.535665825826335, -31.720608810076442 ], [ -60.535757415173862, -31.720680121675379 ], [ -60.535755731232939, -31.720701024440778 ], [ -60.535924430929683, -31.720960334561031 ], [ -60.536020540764, -31.720992045099067 ], [ -60.536106411202795, -31.720949522888606 ] ] ] ] } },
{ "type": "Feature", "properties": { "id": 166, "ogc_fid": 21309, "ncp": "0040000022022", "sec": 4, "gru": 0, "manz": 22, "parc": 22, "nropasd": 4111.0, "ubipar1": "ALAMEDA DE LA FEDERACION  625", "desdes": "VIVIENDA FAMILIAR", "dessde": null, "supter": 588.32, "parprov": 7966.0, "planome": 4948.0 }, "geometry": { "type": "MultiPolygon", "coordinates": [ [ [ [ -60.535557613070949, -31.720729092522088 ], [ -60.535614830102013, -31.720773213770872 ], [ -60.535825526385956, -31.721097559788639 ], [ -60.535883811177186, -31.721063134974187 ], [ -60.535926130399076, -31.721037489048548 ], [ -60.535903377619327, -31.720998047927569 ], [ -60.535779179846109, -31.720797260700621 ], [ -60.535703485666865, -31.720675613631382 ], [ -60.535645960586095, -31.720630890551352 ], [ -60.535557613070949, -31.720729092522088 ] ] ] ] } },
{ "type": "Feature", "properties": { "id": 167, "ogc_fid": 21314, "ncp": "0040000022024", "sec": 4, "gru": 0, "manz": 22, "parc": 24, "nropasd": 7904.0, "ubipar1": "ALAMEDA DE LA FEDERACION  619", "desdes": "VIVIENDA FAMILIAR", "dessde": null, "supter": 291.75, "parprov": 17243.0, "planome": 37101.0 }, "geometry": { "type": "MultiPolygon", "coordinates": [ [ [ [ -60.535472058025995, -31.720824650392199 ], [ -60.53554001430691, -31.720885040894249 ], [ -60.535639449819435, -31.721052199264307 ], [ -60.535711406299015, -31.720979618473777 ], [ -60.535587883973747, -31.720791634380724 ], [ -60.535539897359797, -31.720754598900022 ], [ -60.535536478048982, -31.720752611173722 ], [ -60.535472058025995, -31.720824650392199 ] ] ] ] } },
{ "type": "Feature", "properties": { "id": 168, "ogc_fid": 21317, "ncp": "0040000022025", "sec": 4, "gru": 0, "manz": 22, "parc": 25, "nropasd": 6915.0, "ubipar1": "ALAMEDA DE LA FEDERACION  609", "desdes": "VIVIENDA FAMILIAR", "dessde": null, "supter": 377.5, "parprov": 11021.0, "planome": 4614.0 }, "geometry": { "type": "MultiPolygon", "coordinates": [ [ [ [ -60.535407399182368, -31.720897375981323 ], [ -60.535479083711436, -31.720945585003204 ], [ -60.535609877218143, -31.721205312122436 ], [ -60.535707906601942, -31.721167279519683 ], [ -60.535639449819435, -31.721052199264307 ], [ -60.53554001430691, -31.720885040894249 ], [ -60.535472058025995, -31.720824650392199 ], [ -60.535407399182368, -31.720897375981323 ] ] ] ] } },
{ "type": "Feature", "properties": { "id": 169, "ogc_fid": 21320, "ncp": "0040000022026", "sec": 4, "gru": 0, "manz": 22, "parc": 26, "nropasd": 8524.0, "ubipar1": "ALAMEDA DE LA FEDERACION  607", "desdes": "VIVIENDA FAMILIAR", "dessde": null, "supter": 351.0, "parprov": 13611.0, "planome": 51.0 }, "geometry": { "type": "MultiPolygon", "coordinates": [ [ [ [ -60.535345759341673, -31.720966706950655 ], [ -60.535366596746861, -31.720981337513983 ], [ -60.535395072087958, -31.721008154281382 ], [ -60.535426192720486, -31.721055687629985 ], [ -60.535484425185956, -31.721158956510109 ], [ -60.535515890806842, -31.721225632928768 ], [ -60.535522954237038, -31.721239035669189 ], [ -60.535609877218143, -31.721205312122436 ], [ -60.535479083711436, -31.720945585003204 ], [ -60.535407399182368, -31.720897375981323 ], [ -60.535345759341673, -31.720966706950655 ] ] ] ] } },
{ "type": "Feature", "properties": { "id": 170, "ogc_fid": 21323, "ncp": "0040000022027", "sec": 4, "gru": 0, "manz": 22, "parc": 27, "nropasd": 2167.0, "ubipar1": "ALAMEDA DE LA FEDERACION  605", "desdes": "VIVIENDA FAMILIAR", "dessde": null, "supter": 205.36, "parprov": 14990.0, "planome": 31330.0 }, "geometry": { "type": "MultiPolygon", "coordinates": [ [ [ [ -60.53528220110708, -31.72103821036697 ], [ -60.535325184227538, -31.721065635276592 ], [ -60.535408251240838, -31.721190329313561 ], [ -60.535484425185956, -31.721158956510109 ], [ -60.535426192720486, -31.721055687629985 ], [ -60.535395072087958, -31.721008154281382 ], [ -60.535366596746861, -31.720981337513983 ], [ -60.535345759341673, -31.720966706950655 ], [ -60.53528220110708, -31.72103821036697 ] ] ] ] } },
{ "type": "Feature", "properties": { "id": 171, "ogc_fid": 21326, "ncp": "0040000022028", "sec": 4, "gru": 0, "manz": 22, "parc": 28, "nropasd": 9583.0, "ubipar1": "ALAMEDA DE LA FEDERACION  603", "desdes": "VIVIENDA FAMILIAR", "dessde": null, "supter": 193.05, "parprov": 9545.0, "planome": 80827.0 }, "geometry": { "type": "MultiPolygon", "coordinates": [ [ [ [ -60.535291204523389, -31.721235279232818 ], [ -60.535408251240838, -31.721190329313561 ], [ -60.535325184227538, -31.721065635276592 ], [ -60.53528220110708, -31.72103821036697 ], [ -60.535249080426858, -31.721070932996078 ], [ -60.535240997972359, -31.721120405930161 ], [ -60.535291204523389, -31.721235279232818 ] ] ] ] } },
{ "type": "Feature", "properties": { "id": 172, "ogc_fid": 21355, "ncp": "0040000022083", "sec": 4, "gru": 0, "manz": 22, "parc": 83, "nropasd": 90104.0, "ubipar1": "ALAMEDA DE LA FEDERACION  661", "desdes": "VIVIENDA FAMILIAR", "dessde": null, "supter": 175.27, "parprov": 240938.0, "planome": 184542.0 }, "geometry": { "type": "MultiPolygon", "coordinates": [ [ [ [ -60.536068189403785, -31.720158325403663 ], [ -60.536069560283565, -31.72016022934001 ], [ -60.536150207272861, -31.720299690168755 ], [ -60.536173336644381, -31.720290786597062 ], [ -60.536186328511484, -31.720310546124409 ], [ -60.536219722110907, -31.720294994651098 ], [ -60.536222215029071, -31.720294130112297 ], [ -60.536182495427106, -31.720235205267873 ], [ -60.536219866636635, -31.720191353819072 ], [ -60.5361129757664, -31.720113983383794 ], [ -60.53610958858566, -31.720112076703387 ], [ -60.536068189403785, -31.720158325403663 ] ] ] ] } },
{ "type": "Feature", "properties": { "id": 173, "ogc_fid": 21356, "ncp": "0040000022010", "sec": 4, "gru": 0, "manz": 22, "parc": 10, "nropasd": 3619.0, "ubipar1": "ALAMEDA DE LA FEDERACION  655", "desdes": "VIVIENDA FAMILIAR", "dessde": null, "supter": 391.31, "parprov": 6033.0, "planome": 184543.0 }, "geometry": { "type": "MultiPolygon", "coordinates": [ [ [ [ -60.536024909055648, -31.720207405803553 ], [ -60.536042353448956, -31.720231961773322 ], [ -60.536155792982761, -31.720405277108675 ], [ -60.536246936593599, -31.720544527707187 ], [ -60.536354452529636, -31.720490316586627 ], [ -60.536333395595044, -31.720459074879017 ], [ -60.536301203300617, -31.720411311836454 ], [ -60.536222215029071, -31.720294130112297 ], [ -60.536219722110907, -31.720294994651098 ], [ -60.536186328511484, -31.720310546124409 ], [ -60.536173336644381, -31.720290786597062 ], [ -60.536150207272861, -31.720299690168755 ], [ -60.536069560283565, -31.72016022934001 ], [ -60.536068189403785, -31.720158325403663 ], [ -60.536024909055648, -31.720207405803553 ] ] ] ] } },
{ "type": "Feature", "properties": { "id": 174, "ogc_fid": 21363, "ncp": "0040000022007", "sec": 4, "gru": 0, "manz": 22, "parc": 7, "nropasd": 24253.0, "ubipar1": "ALAMEDA DE LA FEDERACION  671", "desdes": "VIVIENDA FAMILIAR", "dessde": null, "supter": 157.0, "parprov": 10498.0, "planome": 47856.0 }, "geometry": { "type": "MultiPolygon", "coordinates": [ [ [ [ -60.536247979602251, -31.719957820703243 ], [ -60.536296842650785, -31.719984012089544 ], [ -60.53628286947847, -31.720003451464475 ], [ -60.536326685749081, -31.720081628101717 ], [ -60.536369325545657, -31.720063715566429 ], [ -60.53636114104885, -31.72005046891266 ], [ -60.536395204345418, -31.720036825014944 ], [ -60.536341032922849, -31.71993744663942 ], [ -60.536349858700902, -31.719927360802895 ], [ -60.536304699593693, -31.719894729895888 ], [ -60.536247979602251, -31.719957820703243 ] ] ] ] } },
{ "type": "Feature", "properties": { "id": 175, "ogc_fid": 22215, "ncp": "0040000106021", "sec": 4, "gru": 0, "manz": 106, "parc": 21, "nropasd": 6500.0, "ubipar1": "GRAL. JUSTO J.DE URQUIZA 1072", "desdes": "BANCO-ENTIDAD CREDITICIA-", "dessde": null, "supter": 263.6, "parprov": 7301.0, "planome": 865.0 }, "geometry": { "type": "MultiPolygon", "coordinates": [ [ [ [ -60.530883323295704, -31.731931321031965 ], [ -60.530972256077391, -31.731896274794696 ], [ -60.530855570712383, -31.731668030790107 ], [ -60.530762085996813, -31.731702740355683 ], [ -60.530883323295704, -31.731931321031965 ] ] ] ] } },
{ "type": "Feature", "properties": { "id": 176, "ogc_fid": 23151, "ncp": "0040000015041", "sec": 4, "gru": 0, "manz": 15, "parc": 41, "nropasd": 1806.0, "ubipar1": "ALAMEDA DE LA FEDERACION  672", "desdes": "VIVIENDA FAMILIAR", "dessde": null, "supter": 490.15, "parprov": 11023.0, "planome": 77609.0 }, "geometry": { "type": "MultiPolygon", "coordinates": [ [ [ [ -60.536096254652556, -31.71984112910776 ], [ -60.536143184006413, -31.719789842377502 ], [ -60.536042311840355, -31.719687758620868 ], [ -60.535949609855187, -31.719554761350924 ], [ -60.535926740775778, -31.719520810643147 ], [ -60.535823247192312, -31.719544046533965 ], [ -60.535772443282248, -31.719616921505867 ], [ -60.536096254652556, -31.71984112910776 ] ] ] ] } },
{ "type": "Feature", "properties": { "id": 177, "ogc_fid": 23152, "ncp": "0040000015039", "sec": 4, "gru": 0, "manz": 15, "parc": 39, "nropasd": 7684.0, "ubipar1": "ALAMEDA DE LA FEDERACION  662", "desdes": "VIVIENDA FAMILIAR", "dessde": null, "supter": 907.47, "parprov": 4655.0, "planome": 52574.0 }, "geometry": { "type": "MultiPolygon", "coordinates": [ [ [ [ -60.535606114542745, -31.719802471073638 ], [ -60.535625997530062, -31.719783268476274 ], [ -60.535669680171004, -31.719811330647669 ], [ -60.535740236728024, -31.719867164844551 ], [ -60.535825113054905, -31.71992526556976 ], [ -60.535833081912095, -31.719934980993969 ], [ -60.53594611532872, -31.720005453806451 ], [ -60.536042322027562, -31.719900165039373 ], [ -60.535729237953156, -31.719670005156225 ], [ -60.53559241868772, -31.719567400220352 ], [ -60.535496755960196, -31.719594651839589 ], [ -60.535519288615276, -31.719636445871068 ], [ -60.535563107217961, -31.719730378089842 ], [ -60.535606114542745, -31.719802471073638 ] ] ] ] } },
{ "type": "Feature", "properties": { "id": 178, "ogc_fid": 23153, "ncp": "0040000015040", "sec": 4, "gru": 0, "manz": 15, "parc": 40, "nropasd": 15485.0, "ubipar1": "ALAMEDA DE LA FEDERACION  670", "desdes": "VIVIENDA FAMILIAR", "dessde": null, "supter": 280.0, "parprov": 6163.0, "planome": 5500.0 }, "geometry": { "type": "MultiPolygon", "coordinates": [ [ [ [ -60.536096254652556, -31.71984112910776 ], [ -60.535772443282248, -31.719616921505867 ], [ -60.535729237953156, -31.719670005156225 ], [ -60.536042322027562, -31.719900165039373 ], [ -60.536096254652556, -31.71984112910776 ] ] ] ] } },
{ "type": "Feature", "properties": { "id": 179, "ogc_fid": 25712, "ncp": "0040000015037", "sec": 4, "gru": 0, "manz": 15, "parc": 37, "nropasd": 3460.0, "ubipar1": "ALAMEDA DE LA FEDERACION  652", "desdes": "VIVIENDA FAMILIAR", "dessde": null, "supter": 357.6, "parprov": 4331.0, "planome": 40293.0 }, "geometry": { "type": "MultiPolygon", "coordinates": [ [ [ [ -60.535815414004006, -31.720148503334119 ], [ -60.535887181317683, -31.720069957826393 ], [ -60.535777069459023, -31.719997488630867 ], [ -60.53565954919732, -31.719919161434692 ], [ -60.535619535593362, -31.719886989480543 ], [ -60.5355926914741, -31.719913932075542 ], [ -60.535549339885151, -31.719965474127839 ], [ -60.535710774978163, -31.720073693345203 ], [ -60.535815414004006, -31.720148503334119 ] ] ] ] } },
{ "type": "Feature", "properties": { "id": 180, "ogc_fid": 25713, "ncp": "0040000015036", "sec": 4, "gru": 0, "manz": 15, "parc": 36, "nropasd": 5793.0, "ubipar1": "ALAMEDA DE LA FEDERACION  650", "desdes": "VIVIENDA FAMILIAR", "dessde": null, "supter": 198.96, "parprov": 821.0, "planome": 80712.0 }, "geometry": { "type": "MultiPolygon", "coordinates": [ [ [ [ -60.535777993758757, -31.720189451682856 ], [ -60.535815414004006, -31.720148503334119 ], [ -60.535710774978163, -31.720073693345203 ], [ -60.535549339885151, -31.719965474127839 ], [ -60.535508777876167, -31.72000858123851 ], [ -60.535578840608572, -31.720055588558775 ], [ -60.535645064521539, -31.72010286448489 ], [ -60.535777993758757, -31.720189451682856 ] ] ] ] } },
{ "type": "Feature", "properties": { "id": 181, "ogc_fid": 26128, "ncp": "0040000015034", "sec": 4, "gru": 0, "manz": 15, "parc": 34, "nropasd": 11372.0, "ubipar1": "ALAMEDA DE LA FEDERACION  644", "desdes": "VIVIENDA FAMILIAR", "dessde": null, "supter": 307.13, "parprov": 5137.0, "planome": 7330.0 }, "geometry": { "type": "MultiPolygon", "coordinates": [ [ [ [ -60.535459495021705, -31.720162058495646 ], [ -60.535584787492589, -31.720245780194663 ], [ -60.535674343714241, -31.720304871417738 ], [ -60.535739085672027, -31.720232028102025 ], [ -60.535683383109735, -31.720194357731955 ], [ -60.535559394997762, -31.7201141727733 ], [ -60.535463313062749, -31.7200509763254 ], [ -60.535439884016697, -31.720074966648681 ], [ -60.535459495021705, -31.720162058495646 ] ] ] ] } },
{ "type": "Feature", "properties": { "id": 182, "ogc_fid": 26383, "ncp": "0040000015032", "sec": 4, "gru": 0, "manz": 15, "parc": 32, "nropasd": 441.0, "ubipar1": "ALAMEDA DE LA FEDERACION  636", "desdes": "VIVIENDA FAMILIAR", "dessde": null, "supter": 441.1, "parprov": 2340.0, "planome": 5857.0 }, "geometry": { "type": "MultiPolygon", "coordinates": [ [ [ [ -60.535316820384161, -31.720289526699393 ], [ -60.535385403486451, -31.720279237321719 ], [ -60.535505924293403, -31.720365587577344 ], [ -60.535531492756363, -31.720463573578289 ], [ -60.535623749512439, -31.720361097432516 ], [ -60.53553644716942, -31.720304990823504 ], [ -60.535483592865276, -31.720269076012706 ], [ -60.535459495021705, -31.720162058495646 ], [ -60.535439884016697, -31.720074966648681 ], [ -60.535290764887591, -31.720187592682677 ], [ -60.535313699817245, -31.720277302044583 ], [ -60.535316820384161, -31.720289526699393 ] ] ] ] } },
{ "type": "Feature", "properties": { "id": 183, "ogc_fid": 26388, "ncp": "0040000015033", "sec": 4, "gru": 0, "manz": 15, "parc": 33, "nropasd": 6619.0, "ubipar1": "ALAMEDA DE LA FEDERACION  640", "desdes": "VIVIENDA FAMILIAR", "dessde": null, "supter": 167.5, "parprov": 4680.0, "planome": 54478.0 }, "geometry": { "type": "MultiPolygon", "coordinates": [ [ [ [ -60.535623749512439, -31.720361097432516 ], [ -60.535674343714241, -31.720304871417738 ], [ -60.535584787492589, -31.720245780194663 ], [ -60.535459495021705, -31.720162058495646 ], [ -60.535483592865276, -31.720269076012706 ], [ -60.53553644716942, -31.720304990823504 ], [ -60.535623749512439, -31.720361097432516 ] ] ] ] } },
{ "type": "Feature", "properties": { "id": 184, "ogc_fid": 26451, "ncp": "0040000022005", "sec": 4, "gru": 0, "manz": 22, "parc": 5, "nropasd": 16882.0, "ubipar1": "ALAMEDA DE LA FEDERACION  677", "desdes": "VIVIENDA FAMILIAR", "dessde": null, "supter": 483.0, "parprov": 8146.0, "planome": 4182.0 }, "geometry": { "type": "MultiPolygon", "coordinates": [ [ [ [ -60.536313082230407, -31.71988543551938 ], [ -60.536367411897849, -31.719924698634525 ], [ -60.536369914031795, -31.719939640655689 ], [ -60.536579860125542, -31.720295495316339 ], [ -60.536584088768066, -31.720293766361667 ], [ -60.536664222923768, -31.720259963014815 ], [ -60.536646424021249, -31.720230908694361 ], [ -60.536600246499951, -31.720155509893285 ], [ -60.536536948836357, -31.720052822555843 ], [ -60.536492299663649, -31.719982198847397 ], [ -60.536471227868731, -31.719948868549164 ], [ -60.536431965724333, -31.71988676560283 ], [ -60.536382379454125, -31.71980861362583 ], [ -60.536313082230407, -31.71988543551938 ] ] ] ] } },
{ "type": "Feature", "properties": { "id": 185, "ogc_fid": 26452, "ncp": "0040000022011", "sec": 4, "gru": 0, "manz": 22, "parc": 11, "nropasd": 107941.0, "ubipar1": "ALAMEDA DE LA FEDERACION  651", "desdes": "BALDIO", "dessde": "CANCHA DE FUTBOL", "supter": 112.82, "parprov": 173671.0, "planome": 111775.0 }, "geometry": { "type": "MultiPolygon", "coordinates": [ [ [ [ -60.536155792982761, -31.720405277108675 ], [ -60.536042353448956, -31.720231961773322 ], [ -60.536024909055648, -31.720207405803553 ], [ -60.535956732439899, -31.720284718804312 ], [ -60.536058038658929, -31.720442160384952 ], [ -60.536063221819383, -31.720449975601021 ], [ -60.536155792982761, -31.720405277108675 ] ] ] ] } },
{ "type": "Feature", "properties": { "id": 186, "ogc_fid": 26453, "ncp": "0040000022012", "sec": 4, "gru": 0, "manz": 22, "parc": 12, "nropasd": 101903.0, "ubipar1": "ALAMEDA DE LA FEDERACION  643", "desdes": "VIVIENDA FAMILIAR", "dessde": null, "supter": 14.56, "parprov": 136682.0, "planome": 77178.0 }, "geometry": { "type": "MultiPolygon", "coordinates": [ [ [ [ -60.536659539055094, -31.720955776160469 ], [ -60.536649303750259, -31.720940762893189 ], [ -60.536601227902935, -31.720870342584266 ], [ -60.536551908325542, -31.720794392341091 ], [ -60.536471109905598, -31.720669965581997 ], [ -60.536404597569629, -31.720567538602275 ], [ -60.536354452529636, -31.720490316586627 ], [ -60.536246936593599, -31.720544527707187 ], [ -60.536155792982761, -31.720405277108675 ], [ -60.536063221819383, -31.720449975601021 ], [ -60.536058038658929, -31.720442160384952 ], [ -60.535956732439899, -31.720284718804312 ], [ -60.535953556317871, -31.720288321489825 ], [ -60.53620214484431, -31.720688468872329 ], [ -60.536246473389781, -31.72075912305041 ], [ -60.536331405591199, -31.720887197135539 ], [ -60.536385538229929, -31.720965939546886 ], [ -60.536441624005718, -31.721047522862424 ], [ -60.536659539055094, -31.720955776160469 ] ] ] ] } },
{ "type": "Feature", "properties": { "id": 187, "ogc_fid": 26454, "ncp": "0040000022013", "sec": 4, "gru": 0, "manz": 22, "parc": 13, "nropasd": 5457.0, "ubipar1": "ALAMEDA DE LA FEDERACION  645", "desdes": "VIVIENDA FAMILIAR", "dessde": null, "supter": 273.35, "parprov": 11733.0, "planome": 74252.0 }, "geometry": { "type": "MultiPolygon", "coordinates": [ [ [ [ -60.53602064401754, -31.720588307869274 ], [ -60.536053042064609, -31.720637258926711 ], [ -60.536134198444316, -31.720763797856094 ], [ -60.53620214484431, -31.720688468872329 ], [ -60.535953556317871, -31.720288321489825 ], [ -60.535878717112183, -31.720372101613467 ], [ -60.53602064401754, -31.720588307869274 ] ] ] ] } },
{ "type": "Feature", "properties": { "id": 188, "ogc_fid": 26455, "ncp": "0040000022014", "sec": 4, "gru": 0, "manz": 22, "parc": 14, "nropasd": 101901.0, "ubipar1": "ALAMEDA DE LA FEDERACION  647", "desdes": "VIVIENDA FAMILIAR", "dessde": null, "supter": 14.56, "parprov": 136680.0, "planome": 77176.0 }, "geometry": { "type": "MultiPolygon", "coordinates": [ [ [ [ -60.53592907771344, -31.720636566643964 ], [ -60.53602064401754, -31.720588307869274 ], [ -60.535878717112183, -31.720372101613467 ], [ -60.53580153664663, -31.720457911659956 ], [ -60.535890066718679, -31.720578819319424 ], [ -60.53592907771344, -31.720636566643964 ] ] ] ] } },
{ "type": "Feature", "properties": { "id": 189, "ogc_fid": 26456, "ncp": "0040000022084", "sec": 4, "gru": 0, "manz": 22, "parc": 84, "nropasd": 66874.0, "ubipar1": "ALAMEDA DE LA FEDERACION  629", "desdes": "VIVIENDA FAMILIAR", "dessde": null, "supter": 1283.39, "parprov": 146638.0, "planome": 140925.0 }, "geometry": { "type": "MultiPolygon", "coordinates": [ [ [ [ -60.536014255017243, -31.721327989757725 ], [ -60.536042740658296, -31.721391768739434 ], [ -60.5360442774926, -31.721395209688836 ], [ -60.536124497796607, -31.721351380302373 ], [ -60.536175002936012, -31.721323786128263 ], [ -60.536292657920214, -31.721259503576871 ], [ -60.536240450918974, -31.721122329312568 ], [ -60.536227326317508, -31.721127921830323 ], [ -60.536106411202795, -31.720949522888606 ], [ -60.536020540764, -31.720992045099067 ], [ -60.535924430929683, -31.720960334561031 ], [ -60.535755731232939, -31.720701024440778 ], [ -60.535757415173862, -31.720680121675379 ], [ -60.535665825826335, -31.720608810076442 ], [ -60.535645960586095, -31.720630890551352 ], [ -60.535703485666865, -31.720675613631382 ], [ -60.535779179846109, -31.720797260700621 ], [ -60.535903377619327, -31.720998047927569 ], [ -60.535926130399076, -31.721037489048548 ], [ -60.535883811177186, -31.721063134974187 ], [ -60.536014255017243, -31.721327989757725 ] ] ] ] } },
{ "type": "Feature", "properties": { "id": 190, "ogc_fid": 46534, "ncp": "0040000015028", "sec": 4, "gru": 0, "manz": 15, "parc": 28, "nropasd": 110015.0, "ubipar1": "CATAMARCA                 615", "desdes": "VIVIENDA MULTIFAMILIAR < 10 U", "dessde": null, "supter": 102.0, "parprov": 180047.0, "planome": 117632.0 }, "geometry": { "type": "MultiPolygon", "coordinates": [ [ [ [ -60.535108718997812, -31.720658730919485 ], [ -60.535122198079804, -31.720703820574379 ], [ -60.535152214521645, -31.720808434556528 ], [ -60.535185234809916, -31.72081333723931 ], [ -60.535200903389146, -31.720817140364936 ], [ -60.535231319814685, -31.720793041696282 ], [ -60.535314914917528, -31.720701550506629 ], [ -60.535225501120998, -31.720637895114979 ], [ -60.535108718997812, -31.720658730919485 ] ] ] ] } },
{ "type": "Feature", "properties": { "id": 191, "ogc_fid": 48544, "ncp": "0040000091030", "sec": 4, "gru": 0, "manz": 91, "parc": 30, "nropasd": 112110.0, "ubipar1": "SANTIAGO DEL ESTERO       106 D:08", "desdes": "NEGOCIO", "dessde": "LOCAL COMERCIAL", "supter": 20.34, "parprov": 190168.0, "planome": 127257.0 }, "geometry": { "type": "MultiPolygon", "coordinates": [ [ [ [ -60.536295977520957, -31.728906922285457 ], [ -60.536532305313862, -31.728819673495064 ], [ -60.536541234459769, -31.728798126997159 ], [ -60.536497647748028, -31.728713608166892 ], [ -60.536393326628321, -31.728755019213445 ], [ -60.536247069416731, -31.728808357084354 ], [ -60.536295977520957, -31.728906922285457 ] ] ] ] } },
{ "type": "Feature", "properties": { "id": 192, "ogc_fid": 48570, "ncp": "0040000091018", "sec": 4, "gru": 0, "manz": 91, "parc": 18, "nropasd": 103840.0, "ubipar1": "25 DE JUNIO               408", "desdes": "VIVIENDA FAMILIAR", "dessde": null, "supter": 70.02, "parprov": 159514.0, "planome": 97643.0 }, "geometry": { "type": "MultiPolygon", "coordinates": [ [ [ [ -60.535385765641273, -31.729141360935273 ], [ -60.53535649165299, -31.729153158078621 ], [ -60.535176457140828, -31.729229207083172 ], [ -60.535197117847979, -31.729266737872951 ], [ -60.535250131833209, -31.729289169521078 ], [ -60.535363096772166, -31.729254153532672 ], [ -60.535431646584286, -31.729229355416596 ], [ -60.535385765641273, -31.729141360935273 ] ] ] ] } },
{ "type": "Feature", "properties": { "id": 193, "ogc_fid": 63029, "ncp": "0040000015035", "sec": 4, "gru": 0, "manz": 15, "parc": 35, "nropasd": 479.0, "ubipar1": "ALAMEDA DE LA FEDERACION  646", "desdes": "VIVIENDA FAMILIAR", "dessde": null, "supter": 198.96, "parprov": 897.0, "planome": 7229.0 }, "geometry": { "type": "MultiPolygon", "coordinates": [ [ [ [ -60.535463313062749, -31.7200509763254 ], [ -60.535559394997762, -31.7201141727733 ], [ -60.535683383109735, -31.720194357731955 ], [ -60.535739085672027, -31.720232028102025 ], [ -60.535777993758757, -31.720189451682856 ], [ -60.535645064521539, -31.72010286448489 ], [ -60.535578840608572, -31.720055588558775 ], [ -60.535508777876167, -31.72000858123851 ], [ -60.535484482813146, -31.720029299408257 ], [ -60.535463313062749, -31.7200509763254 ] ] ] ] } },
{ "type": "Feature", "properties": { "id": 194, "ogc_fid": 63190, "ncp": "0040000015031", "sec": 4, "gru": 0, "manz": 15, "parc": 31, "nropasd": 11210.0, "ubipar1": "ALAMEDA DE LA FEDERACION  630", "desdes": "VIVIENDA FAMILIAR", "dessde": null, "supter": 375.3, "parprov": 10260.0, "planome": 79253.0 }, "geometry": { "type": "MultiPolygon", "coordinates": [ [ [ [ -60.535336494460637, -31.720366985342679 ], [ -60.535360602908604, -31.720463506724119 ], [ -60.535372281763287, -31.720490909764056 ], [ -60.535453664894725, -31.720548790919228 ], [ -60.535531492756363, -31.720463573578289 ], [ -60.535505924293403, -31.720365587577344 ], [ -60.535385403486451, -31.720279237321719 ], [ -60.535316820384161, -31.720289526699393 ], [ -60.535326560086062, -31.720327863334489 ], [ -60.535336494460637, -31.720366985342679 ] ] ] ] } },
{ "type": "Feature", "properties": { "id": 195, "ogc_fid": 63387, "ncp": "0040000015030", "sec": 4, "gru": 0, "manz": 15, "parc": 30, "nropasd": 4447.0, "ubipar1": "ALAMEDA DE LA FEDERACION  624", "desdes": "VIVIENDA FAMILIAR", "dessde": null, "supter": 304.22, "parprov": 8730.0, "planome": 18632.0 }, "geometry": { "type": "MultiPolygon", "coordinates": [ [ [ [ -60.535250143636112, -31.720520872267116 ], [ -60.5352704172358, -31.720517022014075 ], [ -60.535314429668823, -31.720573058032514 ], [ -60.535345646599318, -31.72060381505144 ], [ -60.535383650037922, -31.720627644467356 ], [ -60.535453664894725, -31.720548790919228 ], [ -60.535372281763287, -31.720490909764056 ], [ -60.535360602908604, -31.720463506724119 ], [ -60.535336494460637, -31.720366985342679 ], [ -60.53523986786567, -31.720383939087348 ], [ -60.535244293441764, -31.72040497852878 ], [ -60.535224226522942, -31.720408733276663 ], [ -60.535229763471328, -31.720432690745323 ], [ -60.535250143636112, -31.720520872267116 ] ] ] ] } },
{ "type": "Feature", "properties": { "id": 196, "ogc_fid": 63449, "ncp": "0040000015029", "sec": 4, "gru": 0, "manz": 15, "parc": 29, "nropasd": 4609.0, "ubipar1": "ALAMEDA DE LA FEDERACION  620", "desdes": "VIVIENDA FAMILIAR", "dessde": null, "supter": 190.45, "parprov": 13178.0, "planome": 5014.0 }, "geometry": { "type": "MultiPolygon", "coordinates": [ [ [ [ -60.535383650037922, -31.720627644467356 ], [ -60.535345646599318, -31.72060381505144 ], [ -60.535314429668823, -31.720573058032514 ], [ -60.5352704172358, -31.720517022014075 ], [ -60.535250143636112, -31.720520872267116 ], [ -60.535206317842842, -31.720529195414034 ], [ -60.535204018106512, -31.720529835158015 ], [ -60.535225501120998, -31.720637895114979 ], [ -60.535314914917528, -31.720701550506629 ], [ -60.535383650037922, -31.720627644467356 ] ] ] ] } },
{ "type": "Feature", "properties": { "id": 197, "ogc_fid": 63995, "ncp": "0040000091026", "sec": 4, "gru": 0, "manz": 91, "parc": 26, "nropasd": 11533.0, "ubipar1": "25 DE JUNIO               458", "desdes": "VIVIENDA FAMILIAR", "dessde": null, "supter": 516.76, "parprov": 6469.0, "planome": 43662.0 }, "geometry": { "type": "MultiPolygon", "coordinates": [ [ [ [ -60.536043551704097, -31.729001057697729 ], [ -60.536000562555316, -31.728914331287001 ], [ -60.535933552814413, -31.728784820054557 ], [ -60.53585254841321, -31.728630385491471 ], [ -60.53583944848728, -31.728635606433279 ], [ -60.53580187726665, -31.728560797099142 ], [ -60.535722480223583, -31.728591117664067 ], [ -60.53576072487138, -31.728672464713856 ], [ -60.535839401236068, -31.728825942586333 ], [ -60.535884001128444, -31.728912945548498 ], [ -60.535949639369314, -31.729036854632298 ], [ -60.536043551704097, -31.729001057697729 ] ] ] ] } },
{ "type": "Feature", "properties": { "id": 198, "ogc_fid": 64031, "ncp": "0040000015042", "sec": 4, "gru": 0, "manz": 15, "parc": 42, "nropasd": 28620.0, "ubipar1": "ALAMEDA DE LA FEDERACION  676", "desdes": "VIVIENDA FAMILIAR", "dessde": null, "supter": 187.7, "parprov": 114971.0, "planome": 53970.0 }, "geometry": { "type": "MultiPolygon", "coordinates": [ [ [ [ -60.536143184006413, -31.719789842377502 ], [ -60.536163555958204, -31.719767625486739 ], [ -60.536161222163166, -31.719765425787699 ], [ -60.536005652654723, -31.719503093656471 ], [ -60.535926740775778, -31.719520810643147 ], [ -60.535949609855187, -31.719554761350924 ], [ -60.536042311840355, -31.719687758620868 ], [ -60.536143184006413, -31.719789842377502 ] ] ] ] } },
{ "type": "Feature", "properties": { "id": 199, "ogc_fid": 64150, "ncp": "0040000015038", "sec": 4, "gru": 0, "manz": 15, "parc": 38, "nropasd": 13174.0, "ubipar1": "ALAMEDA DE LA FEDERACION  658", "desdes": "VIVIENDA FAMILIAR", "dessde": null, "supter": 333.62, "parprov": 6215.0, "planome": 65647.0 }, "geometry": { "type": "MultiPolygon", "coordinates": [ [ [ [ -60.535619535593362, -31.719886989480543 ], [ -60.53565954919732, -31.719919161434692 ], [ -60.535777069459023, -31.719997488630867 ], [ -60.535887181317683, -31.720069957826393 ], [ -60.53594611532872, -31.720005453806451 ], [ -60.535833081912095, -31.719934980993969 ], [ -60.535825113054905, -31.71992526556976 ], [ -60.535740236728024, -31.719867164844551 ], [ -60.535669680171004, -31.719811330647669 ], [ -60.535625997530062, -31.719783268476274 ], [ -60.535606114542745, -31.719802471073638 ], [ -60.535627011452313, -31.71983666231321 ], [ -60.535621363837151, -31.719842873910824 ], [ -60.535596334360953, -31.719870402868896 ], [ -60.535619535593362, -31.719886989480543 ] ] ] ] } },
{ "type": "Feature", "properties": { "id": 200, "ogc_fid": 70124, "ncp": "0010000081015", "sec": 1, "gru": 0, "manz": 81, "parc": 15, "nropasd": 11626.0, "ubipar1": "SAN JUAN                  343", "desdes": "VIVIENDA MULTIFAMILIAR", "dessde": "EDIFICIO EN TORRE", "supter": 454.64, "parprov": 12733.0, "planome": 52155.0 }, "geometry": { "type": "MultiPolygon", "coordinates": [ [ [ [ -60.526281808785605, -31.729675510794671 ], [ -60.526321961340258, -31.729654192715468 ], [ -60.526260494469447, -31.729567582696983 ], [ -60.526190354487362, -31.729608041450867 ], [ -60.526120454687891, -31.729648361587376 ], [ -60.525897843194258, -31.729769307133825 ], [ -60.525965785068919, -31.729851562585381 ], [ -60.526088194874205, -31.72978413174113 ], [ -60.526213368894183, -31.729712937706669 ], [ -60.526281808785605, -31.729675510794671 ] ] ] ] } },
{ "type": "Feature", "properties": { "id": 201, "ogc_fid": 70132, "ncp": "0010000089047", "sec": 1, "gru": 0, "manz": 89, "parc": 47, "nropasd": 17040.0, "ubipar1": "SAN JUAN                  210", "desdes": "VIVIENDA FAMILIAR", "dessde": null, "supter": 420.0, "parprov": 9123.0, "planome": 36430.0 }, "geometry": { "type": "MultiPolygon", "coordinates": [ [ [ [ -60.526460036107565, -31.731228122382998 ], [ -60.526708522153186, -31.731155210019026 ], [ -60.526720438410514, -31.731127789886425 ], [ -60.526631511653427, -31.730995077618786 ], [ -60.526540329996514, -31.731031117111151 ], [ -60.526413765850712, -31.731078797175584 ], [ -60.526394030730536, -31.731085741425318 ], [ -60.526431240292318, -31.731162866822743 ], [ -60.526460036107565, -31.731228122382998 ] ] ] ] } },
{ "type": "Feature", "properties": { "id": 202, "ogc_fid": 70138, "ncp": "0010000099048", "sec": 1, "gru": 0, "manz": 99, "parc": 48, "nropasd": 10577.0, "ubipar1": "SAN JUAN                  124", "desdes": "VIVIENDA FAMILIAR", "dessde": null, "supter": 199.9, "parprov": 9207.0, "planome": 17458.0 }, "geometry": { "type": "MultiPolygon", "coordinates": [ [ [ [ -60.526889066265724, -31.732259228619121 ], [ -60.526884151843362, -31.73220751931315 ], [ -60.526659443424116, -31.73223868674399 ], [ -60.526641792241428, -31.732240969188471 ], [ -60.526645657410668, -31.732262827858275 ], [ -60.526592175665847, -31.732279980421676 ], [ -60.526601559862463, -31.732317900154637 ], [ -60.526636587254096, -31.732311394967287 ], [ -60.526782265919799, -31.732284339827906 ], [ -60.526782239856061, -31.732279733394464 ], [ -60.526831936956867, -31.73227279155585 ], [ -60.526831001513401, -31.732263499864111 ], [ -60.526889066265724, -31.732259228619121 ] ] ] ] } },
{ "type": "Feature", "properties": { "id": 203, "ogc_fid": 70161, "ncp": "0010000088016", "sec": 1, "gru": 0, "manz": 88, "parc": 16, "nropasd": 120296.0, "ubipar1": "SAN JUAN                  243", "desdes": "COCHERA", "dessde": null, "supter": 72.66, "parprov": 223311.0, "planome": 160383.0 }, "geometry": { "type": "MultiPolygon", "coordinates": [ [ [ [ -60.526555836939252, -31.730677711517959 ], [ -60.526613216412287, -31.730763266658627 ], [ -60.527007407970522, -31.730607684064406 ], [ -60.527146846767167, -31.730527812648955 ], [ -60.527139319945796, -31.730517053820876 ], [ -60.527099853738399, -31.730460626287716 ], [ -60.526969785607044, -31.730509845503772 ], [ -60.526759599714751, -31.730596804101488 ], [ -60.526615549090948, -31.730653322529673 ], [ -60.526555836939252, -31.730677711517959 ] ] ] ] } },
{ "type": "Feature", "properties": { "id": 204, "ogc_fid": 70198, "ncp": "0010000099049", "sec": 1, "gru": 0, "manz": 99, "parc": 49, "nropasd": 16752.0, "ubipar1": "SAN JUAN                  134", "desdes": "VIVIENDA FAMILIAR", "dessde": null, "supter": 642.61, "parprov": 8155.0, "planome": 86328.0 }, "geometry": { "type": "MultiPolygon", "coordinates": [ [ [ [ -60.52643605800008, -31.732235705650449 ], [ -60.52647325155661, -31.732223520412106 ], [ -60.526617027386948, -31.732181405684116 ], [ -60.526659443424116, -31.73223868674399 ], [ -60.526884151843362, -31.73220751931315 ], [ -60.526865754557576, -31.732031339480443 ], [ -60.526750193244141, -31.732050737743563 ], [ -60.526560108228345, -31.732093440751736 ], [ -60.526527950501638, -31.732101753299077 ], [ -60.526379945275387, -31.732148043072787 ], [ -60.52643605800008, -31.732235705650449 ] ] ] ] } },
{ "type": "Feature", "properties": { "id": 205, "ogc_fid": 2021587, "ncp": "0040000038023", "sec": 4, "gru": 0, "manz": 38, "parc": 23, "nropasd": 289.0, "ubipar1": "ALAMEDA DE LA FEDERACION  278", "desdes": "VIVIENDA FAMILIAR", "dessde": null, "supter": 4346.14, "parprov": 6856.0, "planome": 201662.0 }, "geometry": { "type": "MultiPolygon", "coordinates": [ [ [ [ -60.530976600592048, -31.725471203439838 ], [ -60.53105894189563, -31.725378565915566 ], [ -60.53109070611918, -31.725343681871262 ], [ -60.531156468271377, -31.725271480685162 ], [ -60.531287600634684, -31.725127505257063 ], [ -60.531241451390258, -31.725089242713203 ], [ -60.531202982029519, -31.72498175046276 ], [ -60.531194016069016, -31.724956301766579 ], [ -60.531137369927599, -31.724825518176669 ], [ -60.531122529296816, -31.724785249027097 ], [ -60.531099867702025, -31.724723758094552 ], [ -60.531076890382039, -31.724661410370341 ], [ -60.531051526705731, -31.724592587291802 ], [ -60.531024030962222, -31.724518579272594 ], [ -60.530998057366716, -31.724448668176606 ], [ -60.530971907056532, -31.724378281317055 ], [ -60.530936319216664, -31.724282491970918 ], [ -60.530899979607526, -31.724188949722979 ], [ -60.530854439478901, -31.724062809312173 ], [ -60.530730463811445, -31.724109048927509 ], [ -60.530847420353687, -31.724415900758359 ], [ -60.530812379760995, -31.724425110186559 ], [ -60.530870750100036, -31.724584547298122 ], [ -60.530799584387971, -31.724603429793138 ], [ -60.53076051077894, -31.72461379344567 ], [ -60.530733666069899, -31.724620913264125 ], [ -60.530652902547935, -31.724642333519537 ], [ -60.530690795326556, -31.724741433073667 ], [ -60.530738660978997, -31.724863765802102 ], [ -60.530775225099084, -31.724962114775355 ], [ -60.530805572599498, -31.725043718914243 ], [ -60.530835815087258, -31.725125040521466 ], [ -60.530735645224489, -31.725151556924072 ], [ -60.530760945073659, -31.725222156957884 ], [ -60.530772596944161, -31.725252868073653 ], [ -60.530728436037933, -31.72526510838577 ], [ -60.530735694042569, -31.725284238496101 ], [ -60.53077985495684, -31.725271998181427 ], [ -60.530870052055128, -31.72550973199931 ], [ -60.530919179614237, -31.725535798055272 ], [ -60.530976600592048, -31.725471203439838 ] ] ] ] } },
{ "type": "Feature", "properties": { "id": 206, "ogc_fid": 17098, "ncp": "0030000018001", "sec": 3, "gru": 0, "manz": 18, "parc": 1, "nropasd": 113152.0, "ubipar1": "ITALIA                    127", "desdes": "VIVIENDA FAMILIAR", "dessde": null, "supter": 40.14, "parprov": 190968.0, "planome": 128689.0 }, "geometry": { "type": "MultiPolygon", "coordinates": [ [ [ [ -60.533079160132061, -31.732415959257779 ], [ -60.533172377745409, -31.732650210475235 ], [ -60.53320937937989, -31.73273408907027 ], [ -60.533267455856858, -31.732720272457097 ], [ -60.53314061151746, -31.732417154194703 ], [ -60.533107833167158, -31.732405450125825 ], [ -60.533079160132061, -31.732415959257779 ] ] ] ] } },
{ "type": "Feature", "properties": { "id": 207, "ogc_fid": 17098, "ncp": "0030000018001", "sec": 3, "gru": 0, "manz": 18, "parc": 1, "nropasd": 113151.0, "ubipar1": "ITALIA                    123", "desdes": "VIVIENDA FAMILIAR", "dessde": null, "supter": 20.06, "parprov": 190967.0, "planome": 128688.0 }, "geometry": { "type": "MultiPolygon", "coordinates": [ [ [ [ -60.533079160132061, -31.732415959257779 ], [ -60.533172377745409, -31.732650210475235 ], [ -60.53320937937989, -31.73273408907027 ], [ -60.533267455856858, -31.732720272457097 ], [ -60.53314061151746, -31.732417154194703 ], [ -60.533107833167158, -31.732405450125825 ], [ -60.533079160132061, -31.732415959257779 ] ] ] ] } },
{ "type": "Feature", "properties": { "id": 208, "ogc_fid": 17098, "ncp": "0030000018001", "sec": 3, "gru": 0, "manz": 18, "parc": 1, "nropasd": 113150.0, "ubipar1": "ITALIA                    119", "desdes": "VIVIENDA FAMILIAR", "dessde": null, "supter": 20.06, "parprov": 190966.0, "planome": 128687.0 }, "geometry": { "type": "MultiPolygon", "coordinates": [ [ [ [ -60.533079160132061, -31.732415959257779 ], [ -60.533172377745409, -31.732650210475235 ], [ -60.53320937937989, -31.73273408907027 ], [ -60.533267455856858, -31.732720272457097 ], [ -60.53314061151746, -31.732417154194703 ], [ -60.533107833167158, -31.732405450125825 ], [ -60.533079160132061, -31.732415959257779 ] ] ] ] } },
{ "type": "Feature", "properties": { "id": 209, "ogc_fid": 17098, "ncp": "0030000018001", "sec": 3, "gru": 0, "manz": 18, "parc": 1, "nropasd": 113149.0, "ubipar1": "ITALIA                    115", "desdes": "VIVIENDA MULTIFAMILIAR < 10 U", "dessde": null, "supter": 20.06, "parprov": 190965.0, "planome": 128686.0 }, "geometry": { "type": "MultiPolygon", "coordinates": [ [ [ [ -60.533079160132061, -31.732415959257779 ], [ -60.533172377745409, -31.732650210475235 ], [ -60.53320937937989, -31.73273408907027 ], [ -60.533267455856858, -31.732720272457097 ], [ -60.53314061151746, -31.732417154194703 ], [ -60.533107833167158, -31.732405450125825 ], [ -60.533079160132061, -31.732415959257779 ] ] ] ] } },
{ "type": "Feature", "properties": { "id": 210, "ogc_fid": 17098, "ncp": "0030000018001", "sec": 3, "gru": 0, "manz": 18, "parc": 1, "nropasd": 113148.0, "ubipar1": "ITALIA                    107", "desdes": "VIVIENDA MULTIFAMILIAR < 10 U", "dessde": null, "supter": 20.06, "parprov": 190964.0, "planome": 128685.0 }, "geometry": { "type": "MultiPolygon", "coordinates": [ [ [ [ -60.533079160132061, -31.732415959257779 ], [ -60.533172377745409, -31.732650210475235 ], [ -60.53320937937989, -31.73273408907027 ], [ -60.533267455856858, -31.732720272457097 ], [ -60.53314061151746, -31.732417154194703 ], [ -60.533107833167158, -31.732405450125825 ], [ -60.533079160132061, -31.732415959257779 ] ] ] ] } },
{ "type": "Feature", "properties": { "id": 211, "ogc_fid": 17098, "ncp": "0030000018001", "sec": 3, "gru": 0, "manz": 18, "parc": 1, "nropasd": 113147.0, "ubipar1": "ITALIA                    101", "desdes": "VIVIENDA MULTIFAMILIAR < 10 U", "dessde": null, "supter": 80.26, "parprov": 5656.0, "planome": 128684.0 }, "geometry": { "type": "MultiPolygon", "coordinates": [ [ [ [ -60.533079160132061, -31.732415959257779 ], [ -60.533172377745409, -31.732650210475235 ], [ -60.53320937937989, -31.73273408907027 ], [ -60.533267455856858, -31.732720272457097 ], [ -60.53314061151746, -31.732417154194703 ], [ -60.533107833167158, -31.732405450125825 ], [ -60.533079160132061, -31.732415959257779 ] ] ] ] } },
{ "type": "Feature", "properties": { "id": 212, "ogc_fid": 17703, "ncp": "0030000018002", "sec": 3, "gru": 0, "manz": 18, "parc": 2, "nropasd": 16818.0, "ubipar1": "ESPAÃ‘A                    195", "desdes": "VIVIENDA FAMILIAR", "dessde": null, "supter": 459.88, "parprov": 6838.0, "planome": 49863.0 }, "geometry": { "type": "MultiPolygon", "coordinates": [ [ [ [ -60.532967458109717, -31.73245690926338 ], [ -60.533062101729911, -31.732674714651413 ], [ -60.53310320992103, -31.732769894086967 ], [ -60.533148574365164, -31.732759198163045 ], [ -60.533156511707155, -31.73277800441749 ], [ -60.533276806141345, -31.732742617093368 ], [ -60.533267455856858, -31.732720272457097 ], [ -60.53320937937989, -31.73273408907027 ], [ -60.533172377745409, -31.732650210475235 ], [ -60.533079160132061, -31.732415959257779 ], [ -60.532967458109717, -31.73245690926338 ] ] ] ] } },
{ "type": "Feature", "properties": { "id": 213, "ogc_fid": 17707, "ncp": "0030000018003", "sec": 3, "gru": 0, "manz": 18, "parc": 3, "nropasd": 11332.0, "ubipar1": "ESPAÃ‘A                    187", "desdes": "VIVIENDA FAMILIAR", "dessde": null, "supter": 651.6, "parprov": 9694.0, "planome": 1440.0 }, "geometry": { "type": "MultiPolygon", "coordinates": [ [ [ [ -60.533129477233423, -31.732830711732095 ], [ -60.53310320992103, -31.732769894086967 ], [ -60.533062101729911, -31.732674714651413 ], [ -60.532967458109717, -31.73245690926338 ], [ -60.532835727453339, -31.732505201602503 ], [ -60.532962453274138, -31.732771493067922 ], [ -60.533055977612747, -31.732966840138946 ], [ -60.533156836808793, -31.732930942047499 ], [ -60.533170644488379, -31.732926027570553 ], [ -60.533151810933006, -31.732882421674748 ], [ -60.533129477233423, -31.732830711732095 ] ] ] ] } },
{ "type": "Feature", "properties": { "id": 214, "ogc_fid": 17721, "ncp": "0030000018004", "sec": 3, "gru": 0, "manz": 18, "parc": 4, "nropasd": 4314.0, "ubipar1": "ESPAÃ‘A                    169", "desdes": "VIVIENDA FAMILIAR", "dessde": null, "supter": 675.68, "parprov": 7262.0, "planome": 33829.0 }, "geometry": { "type": "MultiPolygon", "coordinates": [ [ [ [ -60.53303057916272, -31.7329758800105 ], [ -60.533055977612747, -31.732966840138946 ], [ -60.532962453274138, -31.732771493067922 ], [ -60.532835727453339, -31.732505201602503 ], [ -60.532704451675016, -31.732553325085846 ], [ -60.532814428233081, -31.732759162804157 ], [ -60.532843615100759, -31.732813790257346 ], [ -60.532936247474311, -31.732997324762888 ], [ -60.533025101806494, -31.732963314178203 ], [ -60.53303057916272, -31.7329758800105 ] ] ] ] } },
{ "type": "Feature", "properties": { "id": 215, "ogc_fid": 17728, "ncp": "0030000018005", "sec": 3, "gru": 0, "manz": 18, "parc": 5, "nropasd": 10985.0, "ubipar1": "ESPAÃ‘A                    163", "desdes": "VIVIENDA FAMILIAR", "dessde": null, "supter": 128.6, "parprov": 10332.0, "planome": 51123.0 }, "geometry": { "type": "MultiPolygon", "coordinates": [ [ [ [ -60.532658824059965, -31.732570053009518 ], [ -60.532764104355742, -31.732776913964067 ], [ -60.532814428233081, -31.732759162804157 ], [ -60.532704451675016, -31.732553325085846 ], [ -60.532658824059965, -31.732570053009518 ] ] ] ] } },
{ "type": "Feature", "properties": { "id": 216, "ogc_fid": 17733, "ncp": "0030000018006", "sec": 3, "gru": 0, "manz": 18, "parc": 6, "nropasd": 28013.0, "ubipar1": "ESPAÃ‘A                    153", "desdes": "VIVIENDA FAMILIAR", "dessde": null, "supter": 682.2, "parprov": 7401.0, "planome": 51124.0 }, "geometry": { "type": "MultiPolygon", "coordinates": [ [ [ [ -60.532554917571105, -31.73260851134388 ], [ -60.532705799127996, -31.732901312810295 ], [ -60.53278590455033, -31.733054871008633 ], [ -60.532936247474311, -31.732997324762888 ], [ -60.532843615100759, -31.732813790257346 ], [ -60.532814428233081, -31.732759162804157 ], [ -60.532764104355742, -31.732776913964067 ], [ -60.532658824059965, -31.732570053009518 ], [ -60.532554917571105, -31.73260851134388 ] ] ] ] } },
{ "type": "Feature", "properties": { "id": 217, "ogc_fid": 17742, "ncp": "0030000018007", "sec": 3, "gru": 0, "manz": 18, "parc": 7, "nropasd": 9580.0, "ubipar1": "ESPAÃ‘A                    147", "desdes": "VIVIENDA FAMILIAR", "dessde": null, "supter": 487.7, "parprov": 14185.0, "planome": 91013.0 }, "geometry": { "type": "MultiPolygon", "coordinates": [ [ [ [ -60.53278590455033, -31.733054871008633 ], [ -60.532705799127996, -31.732901312810295 ], [ -60.532554917571105, -31.73260851134388 ], [ -60.532468848402324, -31.732640579662572 ], [ -60.532561253751446, -31.732823357489877 ], [ -60.532616631578072, -31.732930418103454 ], [ -60.532705923618586, -31.73308548493479 ], [ -60.53278590455033, -31.733054871008633 ] ] ] ] } },
{ "type": "Feature", "properties": { "id": 218, "ogc_fid": 17750, "ncp": "0030000018008", "sec": 3, "gru": 0, "manz": 18, "parc": 8, "nropasd": 9578.0, "ubipar1": "ESPAÃ‘A                    141", "desdes": "VIVIENDA FAMILIAR", "dessde": null, "supter": 380.62, "parprov": 14189.0, "planome": 103024.0 }, "geometry": { "type": "MultiPolygon", "coordinates": [ [ [ [ -60.532408955428878, -31.732662897043156 ], [ -60.532441992699447, -31.732727178398495 ], [ -60.532427869024104, -31.732733685560532 ], [ -60.532452568455682, -31.732784824983515 ], [ -60.53246875618305, -31.732783125026547 ], [ -60.532483622657622, -31.732819776863483 ], [ -60.532478750272318, -31.732827625198098 ], [ -60.532530883941298, -31.732920973384047 ], [ -60.532633061176895, -31.733113374088852 ], [ -60.532705923618586, -31.73308548493479 ], [ -60.532616631578072, -31.732930418103454 ], [ -60.532561253751446, -31.732823357489877 ], [ -60.532468848402324, -31.732640579662572 ], [ -60.532408955428878, -31.732662897043156 ] ] ] ] } },
{ "type": "Feature", "properties": { "id": 219, "ogc_fid": 17756, "ncp": "0030000018046", "sec": 3, "gru": 0, "manz": 18, "parc": 46, "nropasd": 72970.0, "ubipar1": "ESPAÃ‘A                    137", "desdes": "VIVIENDA FAMILIAR", "dessde": null, "supter": 564.39, "parprov": 166117.0, "planome": 103025.0 }, "geometry": { "type": "MultiPolygon", "coordinates": [ [ [ [ -60.532298246640558, -31.732704149362284 ], [ -60.532473047567265, -31.733056425915883 ], [ -60.53252233567256, -31.733155755766589 ], [ -60.532633061176895, -31.733113374088852 ], [ -60.532530883941298, -31.732920973384047 ], [ -60.532478750272318, -31.732827625198098 ], [ -60.532483622657622, -31.732819776863483 ], [ -60.53246875618305, -31.732783125026547 ], [ -60.532452568455682, -31.732784824983515 ], [ -60.532427869024104, -31.732733685560532 ], [ -60.532441992699447, -31.732727178398495 ], [ -60.532408955428878, -31.732662897043156 ], [ -60.532298246640558, -31.732704149362284 ] ] ] ] } },
{ "type": "Feature", "properties": { "id": 220, "ogc_fid": 17759, "ncp": "0030000018009", "sec": 3, "gru": 0, "manz": 18, "parc": 9, "nropasd": 625.0, "ubipar1": "ESPAÃ‘A                    129", "desdes": "VIVIENDA FAMILIAR", "dessde": null, "supter": 348.81, "parprov": 10227.0, "planome": 28041.0 }, "geometry": { "type": "MultiPolygon", "coordinates": [ [ [ [ -60.532399902033575, -31.733081795275705 ], [ -60.532424293499005, -31.73307333549177 ], [ -60.532473047567265, -31.733056425915883 ], [ -60.532298246640558, -31.732704149362284 ], [ -60.532216767334866, -31.732734510104262 ], [ -60.532399902033575, -31.733081795275705 ] ] ] ] } },
{ "type": "Feature", "properties": { "id": 221, "ogc_fid": 17765, "ncp": "0030000018010", "sec": 3, "gru": 0, "manz": 18, "parc": 10, "nropasd": 2332.0, "ubipar1": "ESPAÃ‘A                    123", "desdes": "VIVIENDA FAMILIAR", "dessde": null, "supter": 341.85, "parprov": 6330.0, "planome": 28666.0 }, "geometry": { "type": "MultiPolygon", "coordinates": [ [ [ [ -60.532284353715085, -31.733047457317369 ], [ -60.532317739290882, -31.733110297757701 ], [ -60.532340652091854, -31.73310234925092 ], [ -60.532399902033575, -31.733081795275705 ], [ -60.532216767334866, -31.732734510104262 ], [ -60.532134395316078, -31.732765194963445 ], [ -60.532260977156632, -31.733003456424967 ], [ -60.532284353715085, -31.733047457317369 ] ] ] ] } },
{ "type": "Feature", "properties": { "id": 222, "ogc_fid": 17766, "ncp": "0030000018011", "sec": 3, "gru": 0, "manz": 18, "parc": 11, "nropasd": 9769.0, "ubipar1": "ESPAÃ‘A                    119", "desdes": "VIVIENDA FAMILIAR", "dessde": null, "supter": 276.2, "parprov": 6980.0, "planome": 95040.0 }, "geometry": { "type": "MultiPolygon", "coordinates": [ [ [ [ -60.532260977156632, -31.733003456424967 ], [ -60.532134395316078, -31.732765194963445 ], [ -60.532074395851183, -31.732787305942995 ], [ -60.532091094320506, -31.732834339514337 ], [ -60.532080837239477, -31.732837953623715 ], [ -60.532093354361713, -31.73286834827158 ], [ -60.532083534998065, -31.732875891376739 ], [ -60.532165488623427, -31.733032226503514 ], [ -60.532260977156632, -31.733003456424967 ] ] ] ] } },
{ "type": "Feature", "properties": { "id": 223, "ogc_fid": 18679, "ncp": "0030000018012", "sec": 3, "gru": 0, "manz": 18, "parc": 12, "nropasd": 69599.0, "ubipar1": "ESPAÃ‘A                    101", "desdes": "VIVIENDA FAMILIAR", "dessde": null, "supter": 171.0, "parprov": 152765.0, "planome": 95041.0 }, "geometry": { "type": "MultiPolygon", "coordinates": [ [ [ [ -60.531922869929012, -31.732934209386038 ], [ -60.532083534998065, -31.732875891376739 ], [ -60.532093354361713, -31.73286834827158 ], [ -60.532080837239477, -31.732837953623715 ], [ -60.532091094320506, -31.732834339514337 ], [ -60.532074395851183, -31.732787305942995 ], [ -60.531907465170811, -31.732848822969281 ], [ -60.531895977770894, -31.732877197732414 ], [ -60.531922869929012, -31.732934209386038 ] ] ] ] } },
{ "type": "Feature", "properties": { "id": 224, "ogc_fid": 17015, "ncp": "0020000010004", "sec": 2, "gru": 0, "manz": 10, "parc": 4, "nropasd": 100434.0, "ubipar1": "25 DE MAYO                 64", "desdes": "VIVIENDA FAMILIAR", "dessde": null, "supter": 227.23, "parprov": 122142.0, "planome": 57023.0 }, "geometry": { "type": "MultiPolygon", "coordinates": [ [ [ [ -60.530283417869356, -31.734107697125186 ], [ -60.53037820690777, -31.734066322829865 ], [ -60.530313536024799, -31.733971350213885 ], [ -60.530243743731312, -31.733868856276374 ], [ -60.530075116736981, -31.733568153425459 ], [ -60.529983229557665, -31.733605429854425 ], [ -60.530141529504583, -31.73388270988081 ], [ -60.530166786452178, -31.733925249454195 ], [ -60.530276820774027, -31.734110576675381 ], [ -60.530283417869356, -31.734107697125186 ] ] ] ] } },
{ "type": "Feature", "properties": { "id": 225, "ogc_fid": 17015, "ncp": "0020000010004", "sec": 2, "gru": 0, "manz": 10, "parc": 4, "nropasd": 100433.0, "ubipar1": "25 DE MAYO                 60", "desdes": "VIVIENDA FAMILIAR", "dessde": null, "supter": 382.78, "parprov": 15574.0, "planome": 57022.0 }, "geometry": { "type": "MultiPolygon", "coordinates": [ [ [ [ -60.530283417869356, -31.734107697125186 ], [ -60.53037820690777, -31.734066322829865 ], [ -60.530313536024799, -31.733971350213885 ], [ -60.530243743731312, -31.733868856276374 ], [ -60.530075116736981, -31.733568153425459 ], [ -60.529983229557665, -31.733605429854425 ], [ -60.530141529504583, -31.73388270988081 ], [ -60.530166786452178, -31.733925249454195 ], [ -60.530276820774027, -31.734110576675381 ], [ -60.530283417869356, -31.734107697125186 ] ] ] ] } },
{ "type": "Feature", "properties": { "id": 226, "ogc_fid": 10731, "ncp": "0020000010005", "sec": 2, "gru": 0, "manz": 10, "parc": 5, "nropasd": 102977.0, "ubipar1": "25 DE MAYO                 68", "desdes": "VIVIENDA FAMILIAR", "dessde": null, "supter": 174.51, "parprov": 150840.0, "planome": 91441.0 }, "geometry": { "type": "MultiPolygon", "coordinates": [ [ [ [ -60.529895385469203, -31.733641147260375 ], [ -60.53008717148402, -31.733959450222233 ], [ -60.530166786452178, -31.733925249454195 ], [ -60.530141529504583, -31.73388270988081 ], [ -60.529983229557665, -31.733605429854425 ], [ -60.529895385469203, -31.733641147260375 ] ] ] ] } },
{ "type": "Feature", "properties": { "id": 227, "ogc_fid": 10731, "ncp": "0020000010005", "sec": 2, "gru": 0, "manz": 10, "parc": 5, "nropasd": 102976.0, "ubipar1": "25 DE MAYO                 70", "desdes": "NEGOCIO", "dessde": "LOCAL COMERCIAL", "supter": 174.51, "parprov": 9001.0, "planome": 91440.0 }, "geometry": { "type": "MultiPolygon", "coordinates": [ [ [ [ -60.529895385469203, -31.733641147260375 ], [ -60.53008717148402, -31.733959450222233 ], [ -60.530166786452178, -31.733925249454195 ], [ -60.530141529504583, -31.73388270988081 ], [ -60.529983229557665, -31.733605429854425 ], [ -60.529895385469203, -31.733641147260375 ] ] ] ] } },
{ "type": "Feature", "properties": { "id": 228, "ogc_fid": 15354, "ncp": "0020000010001", "sec": 2, "gru": 0, "manz": 10, "parc": 1, "nropasd": 117554.0, "ubipar1": "25 DE MAYO                 16 P:02 D:01", "desdes": "VIVIENDA MULTIFAMILIAR", "dessde": "DE TRES (3) UNIDADES FUNCIONALES.-", "supter": 114.22, "parprov": 211167.0, "planome": 148167.0 }, "geometry": { "type": "MultiPolygon", "coordinates": [ [ [ [ -60.530574866873209, -31.733539499005268 ], [ -60.530511785669063, -31.73343647152652 ], [ -60.530439853979765, -31.733420222125364 ], [ -60.530303939630507, -31.733475349070861 ], [ -60.53039721795038, -31.733644583650349 ], [ -60.530428143967029, -31.733632651027943 ], [ -60.530445877422579, -31.733614877738301 ], [ -60.530472958684648, -31.73360368234448 ], [ -60.530464221714844, -31.733588245238849 ], [ -60.530574866873209, -31.733539499005268 ] ] ] ] } },
{ "type": "Feature", "properties": { "id": 229, "ogc_fid": 15354, "ncp": "0020000010001", "sec": 2, "gru": 0, "manz": 10, "parc": 1, "nropasd": 117553.0, "ubipar1": "GRAL. JOSE DE SAN MARTIN 1001 D:02", "desdes": "VIVIENDA MULTIFAMILIAR", "dessde": "DE TRES (3) UNIDADES FUNCIONALES.-", "supter": 190.95, "parprov": 211166.0, "planome": 148166.0 }, "geometry": { "type": "MultiPolygon", "coordinates": [ [ [ [ -60.530574866873209, -31.733539499005268 ], [ -60.530511785669063, -31.73343647152652 ], [ -60.530439853979765, -31.733420222125364 ], [ -60.530303939630507, -31.733475349070861 ], [ -60.53039721795038, -31.733644583650349 ], [ -60.530428143967029, -31.733632651027943 ], [ -60.530445877422579, -31.733614877738301 ], [ -60.530472958684648, -31.73360368234448 ], [ -60.530464221714844, -31.733588245238849 ], [ -60.530574866873209, -31.733539499005268 ] ] ] ] } },
{ "type": "Feature", "properties": { "id": 230, "ogc_fid": 15354, "ncp": "0020000010001", "sec": 2, "gru": 0, "manz": 10, "parc": 1, "nropasd": 117552.0, "ubipar1": "GRAL. JOSE DE SAN MARTIN 1005 D:01", "desdes": "VIVIENDA MULTIFAMILIAR", "dessde": "DE TRES (3) UNIDADES FUNCIONALES.-", "supter": 94.89, "parprov": 10330.0, "planome": 148165.0 }, "geometry": { "type": "MultiPolygon", "coordinates": [ [ [ [ -60.530574866873209, -31.733539499005268 ], [ -60.530511785669063, -31.73343647152652 ], [ -60.530439853979765, -31.733420222125364 ], [ -60.530303939630507, -31.733475349070861 ], [ -60.53039721795038, -31.733644583650349 ], [ -60.530428143967029, -31.733632651027943 ], [ -60.530445877422579, -31.733614877738301 ], [ -60.530472958684648, -31.73360368234448 ], [ -60.530464221714844, -31.733588245238849 ], [ -60.530574866873209, -31.733539499005268 ] ] ] ] } },
{ "type": "Feature", "properties": { "id": 231, "ogc_fid": 15361, "ncp": "0020000010002", "sec": 2, "gru": 0, "manz": 10, "parc": 2, "nropasd": 5834.0, "ubipar1": "25 DE MAYO                 28", "desdes": "COMEDOR", "dessde": "COMEDOR PETRA Y OFICINAS.-", "supter": 921.5, "parprov": 1631.0, "planome": 22302.0 }, "geometry": { "type": "MultiPolygon", "coordinates": [ [ [ [ -60.530436969853326, -31.734000956972785 ], [ -60.530395332721916, -31.733935823722351 ], [ -60.530526369713328, -31.7338789021587 ], [ -60.53039721795038, -31.733644583650349 ], [ -60.530303939630507, -31.733475349070861 ], [ -60.530144084793825, -31.733540189077527 ], [ -60.530165055394747, -31.7335704397806 ], [ -60.5302573688179, -31.733735850202205 ], [ -60.530340123508644, -31.7338792503142 ], [ -60.530349037104664, -31.733900947590637 ], [ -60.530374758094169, -31.733944757386571 ], [ -60.530313536024799, -31.733971350213885 ], [ -60.53037820690777, -31.734066322829865 ], [ -60.530455771515719, -31.734030368507295 ], [ -60.530436969853326, -31.734000956972785 ] ] ] ] } },
{ "type": "Feature", "properties": { "id": 232, "ogc_fid": 15363, "ncp": "0020000010003", "sec": 2, "gru": 0, "manz": 10, "parc": 3, "nropasd": 11598.0, "ubipar1": "25 DE MAYO                 46", "desdes": "VIVIENDA FAMILIAR", "dessde": null, "supter": 361.65, "parprov": 5508.0, "planome": 30334.0 }, "geometry": { "type": "MultiPolygon", "coordinates": [ [ [ [ -60.530144084793825, -31.733540189077527 ], [ -60.530075116736981, -31.733568153425459 ], [ -60.530243743731312, -31.733868856276374 ], [ -60.530313536024799, -31.733971350213885 ], [ -60.530374758094169, -31.733944757386571 ], [ -60.530349037104664, -31.733900947590637 ], [ -60.530340123508644, -31.7338792503142 ], [ -60.5302573688179, -31.733735850202205 ], [ -60.530165055394747, -31.7335704397806 ], [ -60.530144084793825, -31.733540189077527 ] ] ] ] } },
{ "type": "Feature", "properties": { "id": 233, "ogc_fid": 15367, "ncp": "0020000010007", "sec": 2, "gru": 0, "manz": 10, "parc": 7, "nropasd": 1229.0, "ubipar1": "MONTE CASEROS             126", "desdes": "BANCO-ENTIDAD CREDITICIA-", "dessde": "BANCO BERSA CENTRAL", "supter": 1315.55, "parprov": 2119.0, "planome": 158823.0 }, "geometry": { "type": "MultiPolygon", "coordinates": [ [ [ [ -60.53008717148402, -31.733959450222233 ], [ -60.529895385469203, -31.733641147260375 ], [ -60.529715513219351, -31.733715376951 ], [ -60.529689994783595, -31.733768592419878 ], [ -60.529910429200285, -31.734174406391393 ], [ -60.530158953352299, -31.734079418423185 ], [ -60.530152010445939, -31.734067061429048 ], [ -60.53008717148402, -31.733959450222233 ] ] ] ] } }
]
}
