{
"type": "FeatureCollection",
"name": "obras_civiles_tramite_digital",
"crs": { "type": "name", "properties": { "name": "urn:ogc:def:crs:OGC:1.3:CRS84" } },
"features": [
{ "type": "Feature", "properties": { "ogc_fid": 58, "nivel": 0.0, "ncp": "0132040005017", "observ": null, "proy nro": 80, "partmuni": 42241, "expte": "27200/2023", "link": "https://tramiteobra.parana.gob.ar/menuAutorizada/informacionAutorizada/NE0q7M6biesIFggqhj_Bro4p", "sup proy": 108.92, "sup_graf": 133, "proyecto": "80", "tramite": "APROBACIÓN", "tipo_obra": "OBRA CIVIL\t" }, "geometry": { "type": "MultiPolygon", "coordinates": [ [ [ [ -60.462641, -31.763544 ], [ -60.462596, -31.763551 ], [ -60.462622, -31.763678 ], [ -60.462567, -31.763686 ], [ -60.462584, -31.76377 ], [ -60.462621, -31.763764 ], [ -60.462615, -31.763735 ], [ -60.462679, -31.763726 ], [ -60.462641, -31.763544 ] ] ] ] } },
{ "type": "Feature", "properties": { "ogc_fid": 52, "nivel": 0.0, "ncp": "0121560026021", "observ": null, "proy nro": 31, "partmuni": 405438, "expte": "8567/2023", "link": "https://tramiteobra.parana.gob.ar/menu/informacionAutorizada/ohHK2T004TmJLXFX9CO9lDpn", "sup proy": 63.27, "sup_graf": 82, "proyecto": "31", "tramite": "APROBACIÓN", "tipo_obra": "OBRA CIVIL (Con factibilidad previa)\t" }, "geometry": { "type": "MultiPolygon", "coordinates": [ [ [ [ -60.49379, -31.79051 ], [ -60.493709, -31.790522 ], [ -60.493731, -31.790626 ], [ -60.493772, -31.79062 ], [ -60.493775, -31.790631 ], [ -60.493814, -31.790625 ], [ -60.493805, -31.790584 ], [ -60.493768, -31.790589 ], [ -60.493761, -31.790556 ], [ -60.493798, -31.79055 ], [ -60.49379, -31.79051 ] ] ] ] } },
{ "type": "Feature", "properties": { "ogc_fid": 196, "nivel": 1.0, "ncp": "0121170008005", "observ": null, "proy nro": 346, "partmuni": 55664, "expte": "16901/2024", "link": "https://tramiteobra.parana.gob.ar/menu/informacionAutorizada/xbhQtw4YioMBwj-ERraLdKuVtw", "sup proy": 295.25, "sup_graf": 121, "proyecto": "346", "tramite": "APROBACIÓN", "tipo_obra": "OBRA CIVIL\t" }, "geometry": { "type": "MultiPolygon", "coordinates": [ [ [ [ -60.526369, -31.776801 ], [ -60.526415, -31.776794 ], [ -60.526422, -31.776825 ], [ -60.526376, -31.776833 ], [ -60.526387, -31.776887 ], [ -60.526488, -31.776871 ], [ -60.526461, -31.776746 ], [ -60.52636, -31.776761 ], [ -60.526369, -31.776801 ] ] ] ] } },
{ "type": "Feature", "properties": { "ogc_fid": 197, "nivel": 0.0, "ncp": "0121170008005", "observ": null, "proy nro": 346, "partmuni": 55664, "expte": "16901/2024", "link": "https://tramiteobra.parana.gob.ar/menu/informacionAutorizada/xbhQtw4YioMBwj-ERraLdKuVtw", "sup proy": 295.25, "sup_graf": 5, "proyecto": "346", "tramite": "APROBACIÓN", "tipo_obra": "OBRA CIVIL\t" }, "geometry": { "type": "MultiPolygon", "coordinates": [ [ [ [ -60.52636, -31.776761 ], [ -60.526418, -31.776752 ], [ -60.526417, -31.776744 ], [ -60.526358, -31.776753 ], [ -60.52636, -31.776761 ] ] ] ] } },
{ "type": "Feature", "properties": { "ogc_fid": 198, "nivel": 1.0, "ncp": "0070640002002", "observ": null, "proy nro": 347, "partmuni": 22639, "expte": "15251/2024", "link": "https://tramiteobra.parana.gob.ar/menu/informacionAutorizada/xbhQtw4YioMBwj-ERraLdKuVtg", "sup proy": 0.0, "sup_graf": 48, "proyecto": "347", "tramite": "APROBACIÓN", "tipo_obra": "OBRA CIVIL\t" }, "geometry": { "type": "MultiPolygon", "coordinates": [ [ [ [ -60.506034, -31.749836 ], [ -60.506016, -31.749809 ], [ -60.506028, -31.749803 ], [ -60.506011, -31.749777 ], [ -60.506029, -31.749768 ], [ -60.506021, -31.749757 ], [ -60.506027, -31.749754 ], [ -60.506021, -31.749746 ], [ -60.505984, -31.749735 ], [ -60.50598, -31.749744 ], [ -60.505984, -31.74986 ], [ -60.506034, -31.749836 ] ] ] ] } },
{ "type": "Feature", "properties": { "ogc_fid": 199, "nivel": 0.0, "ncp": "0090420019019", "observ": null, "proy nro": 330, "partmuni": 92737, "expte": "17105/2024", "link": "https://tramiteobra.parana.gob.ar/menu/informacionAutorizada/xbhQtw4YioMBwj-ERraLdKuSsQ", "sup proy": 179.22, "sup_graf": 215, "proyecto": "330", "tramite": "APROBACIÓN\t", "tipo_obra": "OBRA CIVIL\t" }, "geometry": { "type": "MultiPolygon", "coordinates": [ [ [ [ -60.48714, -31.745151 ], [ -60.487184, -31.745348 ], [ -60.487226, -31.745342 ], [ -60.487242, -31.745349 ], [ -60.487284, -31.745343 ], [ -60.487251, -31.745176 ], [ -60.487237, -31.745179 ], [ -60.487227, -31.745132 ], [ -60.487206, -31.745134 ], [ -60.487208, -31.745141 ], [ -60.48714, -31.745151 ] ] ] ] } },
{ "type": "Feature", "properties": { "ogc_fid": 83, "nivel": 2.0, "ncp": "0030000004009", "observ": null, "proy nro": 140, "partmuni": 30620, "expte": "23266/2023", "link": "https://tramiteobra.parana.gob.ar/menuAutorizada/informacionAutorizada/NE0q7M6biesIFggqhj_BroctbA", "sup proy": 409.1, "sup_graf": 48, "proyecto": "140", "tramite": "APROBACIÓN", "tipo_obra": "OBRA CIVIL (Con factibilidad previa)\t" }, "geometry": { "type": "MultiPolygon", "coordinates": [ [ [ [ -60.54148, -31.728145 ], [ -60.541398, -31.728178 ], [ -60.541426, -31.728223 ], [ -60.541506, -31.728189 ], [ -60.54148, -31.728145 ] ] ] ] } },
{ "type": "Feature", "properties": { "ogc_fid": 89, "nivel": 0.0, "ncp": "0150750001028", "observ": null, "proy nro": 121, "partmuni": 42321, "expte": "23476/2023", "link": "https://tramiteobra.parana.gob.ar/menuAutorizada/informacionAutorizada/NE0q7M6biesIFggqhj_BrocrbQ", "sup proy": 246.7, "sup_graf": 34, "proyecto": "121", "tramite": "APROBACIÓN", "tipo_obra": "OBRA CIVIL\t" }, "geometry": { "type": "MultiPolygon", "coordinates": [ [ [ [ -60.47368, -31.724235 ], [ -60.473695, -31.724303 ], [ -60.47374, -31.724295 ], [ -60.473726, -31.724227 ], [ -60.47368, -31.724235 ] ] ] ] } },
{ "type": "Feature", "properties": { "ogc_fid": 203, "nivel": 2.0, "ncp": "0080400019029", "observ": null, "proy nro": 344, "partmuni": 7433, "expte": "16209/2024", "link": "https://tramiteobra.parana.gob.ar/menu/informacionAutorizada/RBwwoB5m3RllVtc-zAWhz7a4XA", "sup proy": 127.0, "sup_graf": 181, "proyecto": "344", "tramite": "APROBACIÓN", "tipo_obra": "OBRA CIVIL\t" }, "geometry": { "type": "MultiPolygon", "coordinates": [ [ [ [ -60.514352, -31.737811 ], [ -60.514399, -31.738015 ], [ -60.514481, -31.738002 ], [ -60.514435, -31.737799 ], [ -60.514352, -31.737811 ] ] ] ] } },
{ "type": "Feature", "properties": { "ogc_fid": 257, "nivel": 2.0, "ncp": "0070550021006", "observ": null, "proy nro": 420, "partmuni": 42340, "expte": "/", "link": "https://tramiteobra.parana.gob.ar/menu/informacionAutorizada/tUNVWGWeS2xbpa-NE3IFGaiTHw", "sup proy": 0.0, "sup_graf": 282, "proyecto": "420", "tramite": "FACTIBILIDAD", "tipo_obra": "OBRA CIVIL (Con factibilidad previa)\t" }, "geometry": { "type": "MultiPolygon", "coordinates": [ [ [ [ -60.509342, -31.748092 ], [ -60.509197, -31.748161 ], [ -60.509286, -31.748303 ], [ -60.509432, -31.748234 ], [ -60.509342, -31.748092 ] ] ] ] } },
{ "type": "Feature", "properties": { "ogc_fid": 194, "nivel": 0.0, "ncp": "0060360011028", "observ": null, "proy nro": 345, "partmuni": 28845, "expte": "14973/2024", "link": "https://tramiteobra.parana.gob.ar/menuAutorizada/informacionAutorizada/NE0q7M6biesIFggqhj_BroUtaQ", "sup proy": 83.6, "sup_graf": 115, "proyecto": "345", "tramite": "APROBACIÓN", "tipo_obra": "OBRA CIVIL\t" }, "geometry": { "type": "MultiPolygon", "coordinates": [ [ [ [ -60.525052, -31.750191 ], [ -60.525022, -31.750049 ], [ -60.524952, -31.75006 ], [ -60.524986, -31.750225 ], [ -60.525013, -31.750221 ], [ -60.525008, -31.750199 ], [ -60.525052, -31.750191 ] ] ] ] } },
{ "type": "Feature", "properties": { "ogc_fid": 263, "nivel": 1.0, "ncp": "0080790028008", "observ": null, "proy nro": 496, "partmuni": 33962, "expte": "14488/2025", "link": "https://tramiteobra.parana.gob.ar/menuAutorizada/informacionAutorizada/z-yyDEVXLayetp2zJw3FLNn9Og", "sup proy": 27.6, "sup_graf": 140, "proyecto": "496", "tramite": "APROBACIÓN", "tipo_obra": "OBRA CIVIL\t" }, "geometry": { "type": "MultiPolygon", "coordinates": [ [ [ [ -60.495245, -31.735187 ], [ -60.495262, -31.735184 ], [ -60.495269, -31.735221 ], [ -60.495411, -31.735198 ], [ -60.495397, -31.735132 ], [ -60.495415, -31.73513 ], [ -60.49541, -31.735102 ], [ -60.495293, -31.735121 ], [ -60.495298, -31.735148 ], [ -60.495256, -31.735155 ], [ -60.495257, -31.73516 ], [ -60.49524, -31.735163 ], [ -60.495245, -31.735187 ] ] ] ] } },
{ "type": "Feature", "properties": { "ogc_fid": 200, "nivel": 0.0, "ncp": "0150460020001", "observ": null, "proy nro": 169, "partmuni": 43919, "expte": "27702/23", "link": "https://tramiteobra.parana.gob.ar/menuAutorizada/informacionAutorizada/AehgKdj4ylT4vME-jzRzoTl_xw", "sup proy": 174.02, "sup_graf": 206, "proyecto": "169", "tramite": "APROBACIÓN", "tipo_obra": "OBRA CIVIL\t" }, "geometry": { "type": "MultiPolygon", "coordinates": [ [ [ [ -60.480944, -31.727869 ], [ -60.480927, -31.727785 ], [ -60.481008, -31.727773 ], [ -60.480989, -31.727675 ], [ -60.480928, -31.727683 ], [ -60.48093, -31.727691 ], [ -60.480901, -31.727696 ], [ -60.4809, -31.727687 ], [ -60.480845, -31.727696 ], [ -60.480883, -31.727878 ], [ -60.480944, -31.727869 ] ] ] ] } },
{ "type": "Feature", "properties": { "ogc_fid": 223, "nivel": 0.0, "ncp": "0040000088017", "observ": null, "proy nro": 376, "partmuni": 12425, "expte": "23749/2024", "link": "https://tramiteobra.parana.gob.ar/menuAutorizada/informacionAutorizada/AehgKdj4ylT4vME-jzRzoTt-yA", "sup proy": 29.0, "sup_graf": 166, "proyecto": "376", "tramite": "APROBACIÓN", "tipo_obra": "OBRA CIVIL\t" }, "geometry": { "type": "MultiPolygon", "coordinates": [ [ [ [ -60.540085, -31.726417 ], [ -60.540085, -31.726418 ], [ -60.540123, -31.726488 ], [ -60.540176, -31.726587 ], [ -60.540177, -31.726586 ], [ -60.540201, -31.726576 ], [ -60.540221, -31.726613 ], [ -60.540248, -31.726602 ], [ -60.540259, -31.726624 ], [ -60.540278, -31.726617 ], [ -60.540255, -31.726583 ], [ -60.540258, -31.726581 ], [ -60.540232, -31.726539 ], [ -60.540234, -31.726538 ], [ -60.540195, -31.726472 ], [ -60.540192, -31.726473 ], [ -60.540146, -31.726395 ], [ -60.540135, -31.7264 ], [ -60.540134, -31.726397 ], [ -60.540085, -31.726417 ] ] ] ] } },
{ "type": "Feature", "properties": { "ogc_fid": 204, "nivel": 1.0, "ncp": "0060850021003", "observ": null, "proy nro": 334, "partmuni": 42049, "expte": "17003/2024", "link": "https://tramiteobra.parana.gob.ar/menuAutorizada/informacionAutorizada/AehgKdj4ylT4vME-jzRzoTt6yg", "sup proy": 122.4, "sup_graf": 69, "proyecto": "334", "tramite": "APROBACIÓN", "tipo_obra": "OBRA CIVIL\t" }, "geometry": { "type": "MultiPolygon", "coordinates": [ [ [ [ -60.535264, -31.773419 ], [ -60.535253, -31.773369 ], [ -60.535224, -31.773374 ], [ -60.535221, -31.773363 ], [ -60.535206, -31.773366 ], [ -60.535206, -31.773368 ], [ -60.535165, -31.773375 ], [ -60.535165, -31.773373 ], [ -60.535149, -31.773375 ], [ -60.535164, -31.773442 ], [ -60.535176, -31.77344 ], [ -60.535176, -31.773442 ], [ -60.535237, -31.773432 ], [ -60.535235, -31.773425 ], [ -60.535264, -31.773419 ] ] ] ] } },
{ "type": "Feature", "properties": { "ogc_fid": 195, "nivel": 1.0, "ncp": "0060360011028", "observ": null, "proy nro": 345, "partmuni": 28845, "expte": "14973/2024", "link": "https://tramiteobra.parana.gob.ar/menuAutorizada/informacionAutorizada/NE0q7M6biesIFggqhj_BroUtaQ", "sup proy": 83.6, "sup_graf": 44, "proyecto": "345", "tramite": "APROBACIÓN", "tipo_obra": "OBRA CIVIL\t" }, "geometry": { "type": "MultiPolygon", "coordinates": [ [ [ [ -60.52499, -31.750234 ], [ -60.525001, -31.750286 ], [ -60.525078, -31.750273 ], [ -60.525066, -31.75022 ], [ -60.52499, -31.750234 ] ] ] ] } },
{ "type": "Feature", "properties": { "ogc_fid": 32, "nivel": 0.0, "ncp": "0121140008004", "observ": null, "proy nro": 36, "partmuni": 41648, "expte": "10960/2023", "link": "https://tramiteobra.parana.gob.ar/menuAutorizada/informacionAutorizada/ddqZ5MbbmQORTydDvx62W4YR", "sup proy": 102.87, "sup_graf": 88, "proyecto": "36", "tramite": "APROBACIÓN", "tipo_obra": "OBRA CIVIL (Con factibilidad previa)\t" }, "geometry": { "type": "MultiPolygon", "coordinates": [ [ [ [ -60.543511, -31.774067 ], [ -60.543522, -31.77412 ], [ -60.543484, -31.774125 ], [ -60.543491, -31.774161 ], [ -60.543592, -31.774145 ], [ -60.543566, -31.774021 ], [ -60.54353, -31.774026 ], [ -60.543537, -31.774063 ], [ -60.543511, -31.774067 ] ] ] ] } },
{ "type": "Feature", "properties": { "ogc_fid": 444, "nivel": 1.0, "ncp": "0020000041005", "observ": null, "proy nro": 720, "partmuni": 8110, "expte": "23288/2025", "link": "https://tramiteobra.parana.gob.ar/menuAutorizada/informacionAutorizada/yiUvqz_jSD360cdFLcnb0Unu2Q", "sup proy": 89.64, "sup_graf": null, "proyecto": "720", "tramite": "APROBACIÓN", "tipo_obra": "OBRA CIVIL\t" }, "geometry": { "type": "MultiPolygon", "coordinates": [ [ [ [ -60.518802, -31.741735 ], [ -60.518825, -31.741698 ], [ -60.518691, -31.741642 ], [ -60.51867, -31.741676 ], [ -60.518671, -31.741681 ], [ -60.518802, -31.741735 ] ] ] ] } },
{ "type": "Feature", "properties": { "ogc_fid": 445, "nivel": 0.0, "ncp": "0020000041005", "observ": null, "proy nro": 720, "partmuni": 8110, "expte": "23288/2025", "link": "https://tramiteobra.parana.gob.ar/menuAutorizada/informacionAutorizada/yiUvqz_jSD360cdFLcnb0Unu2Q", "sup proy": 89.64, "sup_graf": null, "proyecto": "720", "tramite": "APROBACIÓN", "tipo_obra": "OBRA CIVIL\t" }, "geometry": { "type": "MultiPolygon", "coordinates": [ [ [ [ -60.518654, -31.741626 ], [ -60.518642, -31.741646 ], [ -60.518642, -31.741648 ], [ -60.518643, -31.741649 ], [ -60.518644, -31.74165 ], [ -60.518678, -31.741664 ], [ -60.51867, -31.741676 ], [ -60.51865, -31.741712 ], [ -60.518784, -31.741768 ], [ -60.518802, -31.741735 ], [ -60.518671, -31.741681 ], [ -60.51867, -31.741676 ], [ -60.518691, -31.741642 ], [ -60.518654, -31.741626 ] ] ] ] } },
{ "type": "Feature", "properties": { "ogc_fid": 436, "nivel": 0.0, "ncp": "0060060026030", "observ": null, "proy nro": 731, "partmuni": 84055, "expte": "/", "link": "https://tramiteobra.parana.gob.ar/menuAutorizada/informacionAutorizada/yiUvqz_jSD360cdFLcnb0Unv2A", "sup proy": 132.45, "sup_graf": null, "proyecto": "731", "tramite": "APROBACIÓN", "tipo_obra": "OBRA CIVIL\t" }, "geometry": { "type": "MultiPolygon", "coordinates": [ [ [ [ -60.533133, -31.759364 ], [ -60.533128, -31.759338 ], [ -60.533031, -31.759354 ], [ -60.53305, -31.759441 ], [ -60.5331, -31.759432 ], [ -60.533087, -31.759371 ], [ -60.533133, -31.759364 ] ] ] ] } },
{ "type": "Feature", "properties": { "ogc_fid": 180, "nivel": 0.0, "ncp": "0150200001009", "observ": null, "proy nro": 333, "partmuni": 41587, "expte": "11710/2024", "link": "https://tramiteobra.parana.gob.ar/menuAutorizada/informacionAutorizada/AehgKdj4ylT4vME-jzRzoTt6zQ", "sup proy": 181.51, "sup_graf": 170, "proyecto": "333", "tramite": "APROBACIÓN", "tipo_obra": "OBRA CIVIL\t" }, "geometry": { "type": "MultiPolygon", "coordinates": [ [ [ [ -60.485455, -31.727073 ], [ -60.485402, -31.727082 ], [ -60.485397, -31.727056 ], [ -60.485352, -31.727064 ], [ -60.48535, -31.727053 ], [ -60.485263, -31.727068 ], [ -60.485271, -31.727105 ], [ -60.485255, -31.727108 ], [ -60.485262, -31.727141 ], [ -60.485268, -31.72714 ], [ -60.485274, -31.727169 ], [ -60.485416, -31.727144 ], [ -60.48541, -31.727117 ], [ -60.485441, -31.727112 ], [ -60.485445, -31.727128 ], [ -60.485466, -31.727125 ], [ -60.485455, -31.727073 ] ] ] ] } },
{ "type": "Feature", "properties": { "ogc_fid": 316, "nivel": 0.0, "ncp": "0040000014012", "observ": null, "proy nro": 514, "partmuni": 15272, "expte": "5316/25", "link": "https://tramiteobra.parana.gob.ar/menuAutorizada/informacionAutorizada/oc39M1i_xc3x5OfO78GymxAmhQ", "sup proy": 755.9, "sup_graf": 716, "proyecto": "514", "tramite": "APROBACIÓN", "tipo_obra": "OBRA CIVIL\t" }, "geometry": { "type": "MultiPolygon", "coordinates": [ [ [ [ -60.53761, -31.720428 ], [ -60.537183, -31.720547 ], [ -60.537244, -31.720729 ], [ -60.537362, -31.720696 ], [ -60.537332, -31.720624 ], [ -60.537585, -31.720554 ], [ -60.537605, -31.720604 ], [ -60.537718, -31.72056 ], [ -60.53761, -31.720428 ] ] ] ] } },
{ "type": "Feature", "properties": { "ogc_fid": 410, "nivel": 1.0, "ncp": "0050330024003", "observ": null, "proy nro": 605, "partmuni": 9173, "expte": "14170/2025", "link": "https://tramiteobra.parana.gob.ar/menuAutorizada/informacionAutorizada/z-yyDEVXLayetp2zJw3FLNv0OQ", "sup proy": 295.0, "sup_graf": null, "proyecto": "605", "tramite": "APROBACIÓN", "tipo_obra": "OBRA CIVIL (Con factibilidad previa)\t" }, "geometry": { "type": "MultiPolygon", "coordinates": [ [ [ [ -60.536662, -31.74575 ], [ -60.536672, -31.745742 ], [ -60.536567, -31.745645 ], [ -60.536524, -31.745653 ], [ -60.536531, -31.745682 ], [ -60.536466, -31.745693 ], [ -60.536487, -31.745781 ], [ -60.536662, -31.74575 ] ] ] ] } },
{ "type": "Feature", "properties": { "ogc_fid": 205, "nivel": 0.0, "ncp": "0121210001021", "observ": null, "proy nro": 359, "partmuni": 51951, "expte": "20099/2024", "link": "https://tramiteobra.parana.gob.ar/menuAutorizada/informacionAutorizada/AehgKdj4ylT4vME-jzRzoTt8xw", "sup proy": 238.61, "sup_graf": 452, "proyecto": "359", "tramite": "APROBACIÓN", "tipo_obra": "OBRA CIVIL\t" }, "geometry": { "type": "MultiPolygon", "coordinates": [ [ [ [ -60.504985, -31.779974 ], [ -60.504911, -31.779637 ], [ -60.504787, -31.779656 ], [ -60.504862, -31.779993 ], [ -60.504985, -31.779974 ] ] ] ] } },
{ "type": "Feature", "properties": { "ogc_fid": 373, "nivel": 0.0, "ncp": "0090390008017", "observ": null, "proy nro": 521, "partmuni": 70947, "expte": "4805/25", "link": "https://tramiteobra.parana.gob.ar/menuAutorizada/informacionAutorizada/z-yyDEVXLayetp2zJw3FLNj2PQ", "sup proy": 89.03, "sup_graf": null, "proyecto": "521", "tramite": "APROBACIÓN", "tipo_obra": "OBRA CIVIL\t" }, "geometry": { "type": "MultiPolygon", "coordinates": [ [ [ [ -60.486707, -31.759862 ], [ -60.486694, -31.759797 ], [ -60.486675, -31.7598 ], [ -60.486668, -31.759765 ], [ -60.486606, -31.759774 ], [ -60.486613, -31.759809 ], [ -60.486593, -31.759812 ], [ -60.486602, -31.759856 ], [ -60.486606, -31.759876 ], [ -60.48665, -31.75987 ], [ -60.486653, -31.759886 ], [ -60.486666, -31.759884 ], [ -60.486663, -31.759868 ], [ -60.486707, -31.759862 ] ] ] ] } },
{ "type": "Feature", "properties": { "ogc_fid": 412, "nivel": 1.0, "ncp": "0090770011011", "observ": null, "proy nro": 653, "partmuni": 26177, "expte": "17646/2025", "link": "https://tramiteobra.parana.gob.ar/menuAutorizada/informacionAutorizada/z-yyDEVXLayetp2zJw3FLNvxPw", "sup proy": 247.9, "sup_graf": null, "proyecto": "653", "tramite": "APROBACIÓN", "tipo_obra": "OBRA CIVIL\t" }, "geometry": { "type": "MultiPolygon", "coordinates": [ [ [ [ -60.50032, -31.743315 ], [ -60.5003, -31.743219 ], [ -60.500161, -31.74324 ], [ -60.500174, -31.743303 ], [ -60.500159, -31.743305 ], [ -60.500166, -31.743339 ], [ -60.50032, -31.743315 ] ] ] ] } },
{ "type": "Feature", "properties": { "ogc_fid": 321, "nivel": 11.0, "ncp": "0010000055050", "observ": null, "proy nro": 519, "partmuni": 7805, "expte": "5317/25", "link": "https://tramiteobra.parana.gob.ar/menuAutorizada/informacionAutorizada/z-yyDEVXLayetp2zJw3FLNj1NQ", "sup proy": 2828.07, "sup_graf": 292, "proyecto": "519", "tramite": "APROBACIÓN\t", "tipo_obra": "OBRA CIVIL (Con factibilidad previa)\t" }, "geometry": { "type": "MultiPolygon", "coordinates": [ [ [ [ -60.52496, -31.726188 ], [ -60.524988, -31.726247 ], [ -60.525372, -31.726103 ], [ -60.525338, -31.726039 ], [ -60.525303, -31.726052 ], [ -60.525301, -31.72605 ], [ -60.52524, -31.726073 ], [ -60.525243, -31.726079 ], [ -60.52496, -31.726188 ] ] ] ] } },
{ "type": "Feature", "properties": { "ogc_fid": 376, "nivel": 14.0, "ncp": "0040000054008", "observ": null, "proy nro": 448, "partmuni": 10757, "expte": "/", "link": "https://tramiteobra.parana.gob.ar/menuAutorizada/informacionAutorizada/z-yyDEVXLayetp2zJw3FLNnwNA", "sup proy": 4238.87, "sup_graf": null, "proyecto": "448", "tramite": "FACTIBILIDAD", "tipo_obra": "OBRA CIVIL (Con factibilidad previa)" }, "geometry": { "type": "MultiPolygon", "coordinates": [ [ [ [ -60.532113, -31.724985 ], [ -60.532048, -31.724863 ], [ -60.531934, -31.724904 ], [ -60.531941, -31.724919 ], [ -60.531896, -31.724935 ], [ -60.531916, -31.724973 ], [ -60.531927, -31.724969 ], [ -60.531952, -31.725018 ], [ -60.531977, -31.725009 ], [ -60.531988, -31.72503 ], [ -60.532113, -31.724985 ] ] ] ] } },
{ "type": "Feature", "properties": { "ogc_fid": 318, "nivel": 1.0, "ncp": "0040000034043", "observ": null, "proy nro": 427, "partmuni": 11260, "expte": "4081/25", "link": "https://tramiteobra.parana.gob.ar/menuAutorizada/informacionAutorizada/z-yyDEVXLayetp2zJw3FLNn2Ow", "sup proy": 617.24, "sup_graf": 172, "proyecto": "427", "tramite": "APROBACIÓN", "tipo_obra": "OBRA CIVIL (Con factibilidad previa)\t" }, "geometry": { "type": "MultiPolygon", "coordinates": [ [ [ [ -60.538484, -31.722315 ], [ -60.538502, -31.722292 ], [ -60.538528, -31.722309 ], [ -60.538552, -31.722282 ], [ -60.538711, -31.722387 ], [ -60.538664, -31.722442 ], [ -60.538658, -31.722438 ], [ -60.538644, -31.722454 ], [ -60.538484, -31.722315 ] ] ] ] } },
{ "type": "Feature", "properties": { "ogc_fid": 378, "nivel": 0.0, "ncp": "0090390008003", "observ": null, "proy nro": 338, "partmuni": 31940, "expte": "/", "link": "https://tramiteobra.parana.gob.ar/menu/informacionAutorizada/ynvH4gFtX29v9ykEqvub_w3rFg", "sup proy": 542.845, "sup_graf": null, "proyecto": "338", "tramite": "APROBACIÓN", "tipo_obra": "OBRA CIVIL" }, "geometry": { "type": "MultiPolygon", "coordinates": [ [ [ [ -60.48719, -31.759343 ], [ -60.487159, -31.759196 ], [ -60.48708, -31.759207 ], [ -60.487078, -31.759197 ], [ -60.48695, -31.759216 ], [ -60.486971, -31.759316 ], [ -60.486997, -31.759434 ], [ -60.487016, -31.759524 ], [ -60.48708, -31.759514 ], [ -60.487136, -31.759506 ], [ -60.487223, -31.759493 ], [ -60.487203, -31.759404 ], [ -60.487117, -31.759417 ], [ -60.487067, -31.759424 ], [ -60.487035, -31.759274 ], [ -60.487093, -31.759266 ], [ -60.487088, -31.759246 ], [ -60.48712, -31.759241 ], [ -60.487124, -31.759261 ], [ -60.487115, -31.759263 ], [ -60.487125, -31.759306 ], [ -60.487134, -31.759352 ], [ -60.48719, -31.759343 ] ] ] ] } },
{ "type": "Feature", "properties": { "ogc_fid": 629, "nivel": 0.0, "ncp": "0100030003003", "observ": null, "proy nro": 951, "partmuni": 49671, "expte": "/", "link": "https://tramiteobra.parana.gob.ar/menuAutorizada/informacionAutorizada/ie-M1HBqCEfKIh8HvxdNz3BqtA", "sup proy": 4068.82, "sup_graf": null, "proyecto": "951", "tramite": "USO CONFORME PREVIO", "tipo_obra": "OBRA CIVIL (Con factibilidad previa)" }, "geometry": { "type": "MultiPolygon", "coordinates": [ [ [ [ -60.540849, -31.713419 ], [ -60.540784, -31.713319 ], [ -60.540709, -31.713364 ], [ -60.540721, -31.713384 ], [ -60.540623, -31.713444 ], [ -60.540661, -31.713505 ], [ -60.540653, -31.713511 ], [ -60.540666, -31.713531 ], [ -60.540849, -31.713419 ] ] ] ] } },
{ "type": "Feature", "properties": { "ogc_fid": 343, "nivel": 0.0, "ncp": "0143110001010", "observ": null, "proy nro": 303, "partmuni": 43037, "expte": "1552/2025", "link": "https://tramiteobra.parana.gob.ar/menu/informacionAutorizada/wMS9CyLbTvvogYhUaDqXy11ydw", "sup proy": 4800.0, "sup_graf": 177, "proyecto": "303", "tramite": "APROBACIÓN", "tipo_obra": "OBRA CIVIL (Con factibilidad previa)\t" }, "geometry": { "type": "MultiPolygon", "coordinates": [ [ [ [ -60.434445, -31.738951 ], [ -60.434338, -31.738968 ], [ -60.43437, -31.73912 ], [ -60.434477, -31.739104 ], [ -60.434445, -31.738951 ] ] ] ] } },
{ "type": "Feature", "properties": { "ogc_fid": 344, "nivel": 0.0, "ncp": "0143110001010", "observ": null, "proy nro": 303, "partmuni": 43037, "expte": "1552/2025", "link": "https://tramiteobra.parana.gob.ar/menu/informacionAutorizada/wMS9CyLbTvvogYhUaDqXy11ydw", "sup proy": 4800.0, "sup_graf": 199, "proyecto": "303", "tramite": "APROBACIÓN", "tipo_obra": "OBRA CIVIL (Con factibilidad previa)\t" }, "geometry": { "type": "MultiPolygon", "coordinates": [ [ [ [ -60.434356, -31.739122 ], [ -60.434325, -31.73897 ], [ -60.434204, -31.738988 ], [ -60.434236, -31.739141 ], [ -60.434356, -31.739122 ] ] ] ] } },
{ "type": "Feature", "properties": { "ogc_fid": 345, "nivel": 0.0, "ncp": "0143110001010", "observ": null, "proy nro": 303, "partmuni": 43037, "expte": "1552/2025", "link": "https://tramiteobra.parana.gob.ar/menu/informacionAutorizada/wMS9CyLbTvvogYhUaDqXy11ydw", "sup proy": 4800.0, "sup_graf": 199, "proyecto": "303", "tramite": "APROBACIÓN", "tipo_obra": "OBRA CIVIL (Con factibilidad previa)\t" }, "geometry": { "type": "MultiPolygon", "coordinates": [ [ [ [ -60.434068, -31.73901 ], [ -60.433948, -31.739028 ], [ -60.43398, -31.739181 ], [ -60.4341, -31.739162 ], [ -60.434068, -31.73901 ] ] ] ] } },
{ "type": "Feature", "properties": { "ogc_fid": 359, "nivel": 0.0, "ncp": "0143110001010", "observ": null, "proy nro": 303, "partmuni": 43037, "expte": "1552/2025", "link": "https://tramiteobra.parana.gob.ar/menu/informacionAutorizada/wMS9CyLbTvvogYhUaDqXy11ydw", "sup proy": 4800.0, "sup_graf": 199, "proyecto": "303", "tramite": "APROBACIÓN", "tipo_obra": "OBRA CIVIL (Con factibilidad previa)\t" }, "geometry": { "type": "MultiPolygon", "coordinates": [ [ [ [ -60.433128, -31.738827 ], [ -60.433007, -31.738846 ], [ -60.433039, -31.738998 ], [ -60.433159, -31.73898 ], [ -60.433128, -31.738827 ] ] ] ] } },
{ "type": "Feature", "properties": { "ogc_fid": 363, "nivel": 0.0, "ncp": "0143110001010", "observ": null, "proy nro": 303, "partmuni": 43037, "expte": "1552/2025", "link": "https://tramiteobra.parana.gob.ar/menu/informacionAutorizada/wMS9CyLbTvvogYhUaDqXy11ydw", "sup proy": 4800.0, "sup_graf": 198, "proyecto": "303", "tramite": "APROBACIÓN", "tipo_obra": "OBRA CIVIL (Con factibilidad previa)\t" }, "geometry": { "type": "MultiPolygon", "coordinates": [ [ [ [ -60.43376, -31.738729 ], [ -60.433792, -31.738881 ], [ -60.433913, -31.738863 ], [ -60.43388, -31.738711 ], [ -60.43376, -31.738729 ] ] ] ] } },
{ "type": "Feature", "properties": { "ogc_fid": 364, "nivel": 0.0, "ncp": "0143110001010", "observ": null, "proy nro": 303, "partmuni": 43037, "expte": "1552/2025", "link": "https://tramiteobra.parana.gob.ar/menu/informacionAutorizada/wMS9CyLbTvvogYhUaDqXy11ydw", "sup proy": 4800.0, "sup_graf": 199, "proyecto": "303", "tramite": "APROBACIÓN", "tipo_obra": "OBRA CIVIL (Con factibilidad previa)\t" }, "geometry": { "type": "MultiPolygon", "coordinates": [ [ [ [ -60.43388, -31.738711 ], [ -60.434001, -31.738692 ], [ -60.434033, -31.738844 ], [ -60.433913, -31.738863 ], [ -60.43388, -31.738711 ] ] ] ] } },
{ "type": "Feature", "properties": { "ogc_fid": 365, "nivel": 0.0, "ncp": "0143110001010", "observ": null, "proy nro": 303, "partmuni": 43037, "expte": "1552/2025", "link": "https://tramiteobra.parana.gob.ar/menu/informacionAutorizada/wMS9CyLbTvvogYhUaDqXy11ydw", "sup proy": 4800.0, "sup_graf": 199, "proyecto": "303", "tramite": "APROBACIÓN", "tipo_obra": "OBRA CIVIL (Con factibilidad previa)\t" }, "geometry": { "type": "MultiPolygon", "coordinates": [ [ [ [ -60.434257, -31.738653 ], [ -60.434137, -31.738671 ], [ -60.434169, -31.738823 ], [ -60.434289, -31.738805 ], [ -60.434257, -31.738653 ] ] ] ] } },
{ "type": "Feature", "properties": { "ogc_fid": 366, "nivel": 0.0, "ncp": "0143110001010", "observ": null, "proy nro": 303, "partmuni": 43037, "expte": "1552/2025", "link": "https://tramiteobra.parana.gob.ar/menu/informacionAutorizada/wMS9CyLbTvvogYhUaDqXy11ydw", "sup proy": 4800.0, "sup_graf": 198, "proyecto": "303", "tramite": "APROBACIÓN", "tipo_obra": "OBRA CIVIL (Con factibilidad previa)\t" }, "geometry": { "type": "MultiPolygon", "coordinates": [ [ [ [ -60.434257, -31.738653 ], [ -60.434377, -31.738634 ], [ -60.43441, -31.738786 ], [ -60.434289, -31.738805 ], [ -60.434257, -31.738653 ] ] ] ] } },
{ "type": "Feature", "properties": { "ogc_fid": 630, "nivel": 0.0, "ncp": "0100030003003", "observ": null, "proy nro": 951, "partmuni": 49671, "expte": "/", "link": "https://tramiteobra.parana.gob.ar/menuAutorizada/informacionAutorizada/ie-M1HBqCEfKIh8HvxdNz3BqtA", "sup proy": 4068.82, "sup_graf": null, "proyecto": "951", "tramite": "USO CONFORME PREVIO", "tipo_obra": "OBRA CIVIL (Con factibilidad previa)" }, "geometry": { "type": "MultiPolygon", "coordinates": [ [ [ [ -60.54016, -31.713232 ], [ -60.539831, -31.712723 ], [ -60.540335, -31.712417 ], [ -60.540664, -31.712927 ], [ -60.54016, -31.713232 ] ] ] ] } },
{ "type": "Feature", "properties": { "ogc_fid": 369, "nivel": 0.0, "ncp": "0060360013053", "observ": null, "proy nro": 556, "partmuni": 35438, "expte": "8909/2025", "link": "https://tramiteobra.parana.gob.ar/menuAutorizada/informacionAutorizada/z-yyDEVXLayetp2zJw3FLNjxOg", "sup proy": 70.8, "sup_graf": null, "proyecto": "556", "tramite": "APROBACIÓN", "tipo_obra": "OBRA CIVIL\t" }, "geometry": { "type": "MultiPolygon", "coordinates": [ [ [ [ -60.521891, -31.750186 ], [ -60.521851, -31.750098 ], [ -60.521756, -31.750134 ], [ -60.521778, -31.750176 ], [ -60.521777, -31.750176 ], [ -60.521799, -31.750219 ], [ -60.521811, -31.750215 ], [ -60.521812, -31.750216 ], [ -60.521839, -31.750206 ], [ -60.521852, -31.750202 ], [ -60.521891, -31.750186 ] ] ] ] } },
{ "type": "Feature", "properties": { "ogc_fid": 401, "nivel": 0.0, "ncp": "0060840007016", "observ": null, "proy nro": 590, "partmuni": 91535, "expte": "20317/2025", "link": "https://tramiteobra.parana.gob.ar/menuAutorizada/informacionAutorizada/z-yyDEVXLayetp2zJw3FLNj9PA", "sup proy": 61.975, "sup_graf": null, "proyecto": "590", "tramite": "APROBACIÓN", "tipo_obra": "OBRA CIVIL (Con factibilidad previa)\t" }, "geometry": { "type": "MultiPolygon", "coordinates": [ [ [ [ -60.541449, -31.770407 ], [ -60.541443, -31.77037 ], [ -60.541437, -31.770371 ], [ -60.541428, -31.770321 ], [ -60.541309, -31.770337 ], [ -60.541319, -31.770395 ], [ -60.541311, -31.770397 ], [ -60.541312, -31.770403 ], [ -60.541307, -31.770404 ], [ -60.54131, -31.770423 ], [ -60.541315, -31.770422 ], [ -60.541316, -31.770424 ], [ -60.541387, -31.770415 ], [ -60.541449, -31.770407 ] ] ] ] } },
{ "type": "Feature", "properties": { "ogc_fid": 631, "nivel": 0.0, "ncp": "0100030003003", "observ": null, "proy nro": 951, "partmuni": 49671, "expte": "/", "link": "https://tramiteobra.parana.gob.ar/menuAutorizada/informacionAutorizada/ie-M1HBqCEfKIh8HvxdNz3BqtA", "sup proy": 4068.82, "sup_graf": null, "proyecto": "951", "tramite": "USO CONFORME PREVIO", "tipo_obra": "OBRA CIVIL (Con factibilidad previa)" }, "geometry": { "type": "MultiPolygon", "coordinates": [ [ [ [ -60.539705, -31.71288 ], [ -60.539652, -31.712911 ], [ -60.539501, -31.71283 ], [ -60.539624, -31.712755 ], [ -60.539705, -31.71288 ] ] ] ] } },
{ "type": "Feature", "properties": { "ogc_fid": 367, "nivel": 0.0, "ncp": "0150460001026", "observ": null, "proy nro": 572, "partmuni": 42107, "expte": "8284/2025", "link": "https://tramiteobra.parana.gob.ar/menuAutorizada/informacionAutorizada/z-yyDEVXLayetp2zJw3FLNjzPg", "sup proy": 174.0, "sup_graf": null, "proyecto": "572", "tramite": "APROBACIÓN", "tipo_obra": "OBRA CIVIL\t" }, "geometry": { "type": "MultiPolygon", "coordinates": [ [ [ [ -60.479625, -31.727475 ], [ -60.479614, -31.727424 ], [ -60.479512, -31.72744 ], [ -60.479515, -31.727456 ], [ -60.479493, -31.727459 ], [ -60.479497, -31.727482 ], [ -60.479487, -31.727483 ], [ -60.479499, -31.72754 ], [ -60.479509, -31.727538 ], [ -60.479514, -31.727561 ], [ -60.479536, -31.727558 ], [ -60.479539, -31.727573 ], [ -60.479642, -31.727557 ], [ -60.479632, -31.727507 ], [ -60.479614, -31.72751 ], [ -60.479608, -31.727477 ], [ -60.479625, -31.727475 ] ] ] ] } },
{ "type": "Feature", "properties": { "ogc_fid": 368, "nivel": 1.0, "ncp": "0010000047015", "observ": null, "proy nro": 568, "partmuni": 73605, "expte": "6950/2025", "link": "https://tramiteobra.parana.gob.ar/menuAutorizada/informacionAutorizada/z-yyDEVXLayetp2zJw3FLNjyNA", "sup proy": 43.12, "sup_graf": null, "proyecto": "568", "tramite": "APROBACIÓN", "tipo_obra": "OBRA CIVIL\t" }, "geometry": { "type": "MultiPolygon", "coordinates": [ [ [ [ -60.52296, -31.725701 ], [ -60.522948, -31.725678 ], [ -60.522899, -31.725697 ], [ -60.522887, -31.725675 ], [ -60.522865, -31.725683 ], [ -60.522877, -31.725705 ], [ -60.522869, -31.725708 ], [ -60.522866, -31.725702 ], [ -60.522846, -31.72571 ], [ -60.52286, -31.725736 ], [ -60.52296, -31.725701 ] ] ] ] } },
{ "type": "Feature", "properties": { "ogc_fid": 370, "nivel": 0.0, "ncp": "0060360013053", "observ": null, "proy nro": 556, "partmuni": 35438, "expte": "8909/2025", "link": "https://tramiteobra.parana.gob.ar/menuAutorizada/informacionAutorizada/z-yyDEVXLayetp2zJw3FLNjxOg", "sup proy": 70.8, "sup_graf": null, "proyecto": "556", "tramite": "APROBACIÓN", "tipo_obra": "OBRA CIVIL\t" }, "geometry": { "type": "MultiPolygon", "coordinates": [ [ [ [ -60.521813, -31.750015 ], [ -60.521804, -31.749996 ], [ -60.521704, -31.750017 ], [ -60.521719, -31.750049 ], [ -60.521796, -31.750022 ], [ -60.521813, -31.750015 ] ] ] ] } },
{ "type": "Feature", "properties": { "ogc_fid": 632, "nivel": 0.0, "ncp": "0150750001046", "observ": null, "proy nro": 942, "partmuni": 45367, "expte": "12685/2026", "link": "https://tramiteobra.parana.gob.ar/menuAutorizada/informacionAutorizada/ie-M1HBqCEfKIh8HvxdNz3Brtw", "sup proy": 67.475, "sup_graf": null, "proyecto": "942", "tramite": "APROBACIÓN", "tipo_obra": "OBRA CIVIL" }, "geometry": { "type": "MultiPolygon", "coordinates": [ [ [ [ -60.47466, -31.722948 ], [ -60.474635, -31.722951 ], [ -60.474633, -31.722945 ], [ -60.47458, -31.722954 ], [ -60.474573, -31.72292 ], [ -60.474533, -31.722926 ], [ -60.474525, -31.72289 ], [ -60.474565, -31.722884 ], [ -60.474566, -31.722891 ], [ -60.474619, -31.722882 ], [ -60.474626, -31.722912 ], [ -60.474651, -31.722908 ], [ -60.47466, -31.722948 ] ] ] ] } },
{ "type": "Feature", "properties": { "ogc_fid": 634, "nivel": 0.0, "ncp": "0121210001022", "observ": null, "proy nro": 934, "partmuni": 51094, "expte": "/", "link": "https://tramiteobra.parana.gob.ar/menuAutorizada/informacionAutorizada/ie-M1HBqCEfKIh8HvxdNz3BssQ", "sup proy": 419.875, "sup_graf": null, "proyecto": "934", "tramite": "APROBACIÓN", "tipo_obra": "OBRA CIVIL" }, "geometry": { "type": "MultiPolygon", "coordinates": [ [ [ [ -60.504872, -31.780225 ], [ -60.504861, -31.780174 ], [ -60.504652, -31.780207 ], [ -60.504646, -31.780179 ], [ -60.50489, -31.78014 ], [ -60.504907, -31.780219 ], [ -60.504872, -31.780225 ] ] ] ] } },
{ "type": "Feature", "properties": { "ogc_fid": 377, "nivel": 0.0, "ncp": "0150460002030", "observ": null, "proy nro": 250, "partmuni": 49836, "expte": "8912/2025", "link": "https://tramiteobra.parana.gob.ar/menu/informacionAutorizada/ynvH4gFtX29v9ykEqvub_wztHg", "sup proy": null, "sup_graf": null, "proyecto": "250", "tramite": "APROBACIÓN", "tipo_obra": "OBRA CIVIL" }, "geometry": { "type": "MultiPolygon", "coordinates": [ [ [ [ -60.481404, -31.724358 ], [ -60.481431, -31.724471 ], [ -60.481455, -31.724467 ], [ -60.481449, -31.724443 ], [ -60.48149, -31.724436 ], [ -60.481497, -31.724468 ], [ -60.481521, -31.724464 ], [ -60.481495, -31.724351 ], [ -60.481471, -31.724355 ], [ -60.481481, -31.7244 ], [ -60.48144, -31.724407 ], [ -60.481428, -31.724354 ], [ -60.481404, -31.724358 ] ] ] ] } },
{ "type": "Feature", "properties": { "ogc_fid": 173, "nivel": 0.0, "ncp": "0150760001018", "observ": null, "proy nro": 251, "partmuni": 40187, "expte": "11258/2024", "link": "https://tramiteobra.parana.gob.ar/menuAutorizada/informacionAutorizada/AehgKdj4ylT4vME-jzRzoTp8zw", "sup proy": 128.45, "sup_graf": 119, "proyecto": "251", "tramite": "APROBACIÓN", "tipo_obra": "OBRA CIVIL\t" }, "geometry": { "type": "MultiPolygon", "coordinates": [ [ [ [ -60.475396, -31.717181 ], [ -60.475416, -31.717178 ], [ -60.475412, -31.717159 ], [ -60.475422, -31.717157 ], [ -60.475421, -31.717152 ], [ -60.475498, -31.71714 ], [ -60.475495, -31.717125 ], [ -60.475507, -31.717123 ], [ -60.475504, -31.717104 ], [ -60.475515, -31.717102 ], [ -60.475489, -31.716982 ], [ -60.475443, -31.71699 ], [ -60.475445, -31.717005 ], [ -60.475439, -31.717006 ], [ -60.475447, -31.717041 ], [ -60.475453, -31.717041 ], [ -60.475459, -31.717069 ], [ -60.475443, -31.717071 ], [ -60.475452, -31.717112 ], [ -60.475384, -31.717122 ], [ -60.475396, -31.717181 ] ] ] ] } },
{ "type": "Feature", "properties": { "ogc_fid": 595, "nivel": 0.0, "ncp": "0090420039009", "observ": null, "proy nro": 684, "partmuni": 90837, "expte": "21480/2025", "link": "https://tramiteobra.parana.gob.ar/menuAutorizada/informacionAutorizada/y5OhnH18wHR7QJEcjpaWYJGdmg", "sup proy": 82.97, "sup_graf": null, "proyecto": "684", "tramite": "APROBACIÓN", "tipo_obra": "OBRA CIVIL" }, "geometry": { "type": "MultiPolygon", "coordinates": [ [ [ [ -60.486799, -31.746336 ], [ -60.486783, -31.746263 ], [ -60.486763, -31.746266 ], [ -60.486749, -31.746196 ], [ -60.486771, -31.746193 ], [ -60.486777, -31.746222 ], [ -60.486833, -31.746214 ], [ -60.486827, -31.746184 ], [ -60.486849, -31.74618 ], [ -60.486864, -31.746251 ], [ -60.486844, -31.746254 ], [ -60.486859, -31.746327 ], [ -60.486799, -31.746336 ] ] ] ] } },
{ "type": "Feature", "properties": { "ogc_fid": 596, "nivel": 1.0, "ncp": "0080170023007", "observ": null, "proy nro": 656, "partmuni": 67152, "expte": "27823/2023", "link": "https://tramiteobra.parana.gob.ar/menuAutorizada/informacionAutorizada/x520Sxdx5ClrDAeKmBPQ2o0ueg", "sup proy": 142.65, "sup_graf": null, "proyecto": "656", "tramite": "APROBACIÓN", "tipo_obra": "OBRA CIVIL" }, "geometry": { "type": "MultiPolygon", "coordinates": [ [ [ [ -60.491062, -31.741408 ], [ -60.490953, -31.741425 ], [ -60.490957, -31.741445 ], [ -60.491001, -31.741439 ], [ -60.491015, -31.741503 ], [ -60.49108, -31.741493 ], [ -60.491062, -31.741408 ] ] ] ] } },
{ "type": "Feature", "properties": { "ogc_fid": 597, "nivel": 0.0, "ncp": "0080170023007", "observ": null, "proy nro": 656, "partmuni": 67152, "expte": "27823/2023", "link": "https://tramiteobra.parana.gob.ar/menuAutorizada/informacionAutorizada/x520Sxdx5ClrDAeKmBPQ2o0ueg", "sup proy": 142.65, "sup_graf": null, "proyecto": "656", "tramite": "APROBACIÓN", "tipo_obra": "OBRA CIVIL" }, "geometry": { "type": "MultiPolygon", "coordinates": [ [ [ [ -60.491015, -31.741503 ], [ -60.490826, -31.74153 ], [ -60.490819, -31.741498 ], [ -60.490908, -31.741485 ], [ -60.490897, -31.741432 ], [ -60.490953, -31.741425 ], [ -60.490957, -31.741445 ], [ -60.491001, -31.741439 ], [ -60.491015, -31.741503 ] ] ] ] } },
{ "type": "Feature", "properties": { "ogc_fid": 598, "nivel": 1.0, "ncp": "0080430017058", "observ": null, "proy nro": 663, "partmuni": 118242, "expte": "19571/2025", "link": "https://tramiteobra.parana.gob.ar/menuAutorizada/informacionAutorizada/x520Sxdx5ClrDAeKmBPQ2o0tfw", "sup proy": 27.95, "sup_graf": null, "proyecto": "663", "tramite": "APROBACIÓN", "tipo_obra": "OBRA CIVIL" }, "geometry": { "type": "MultiPolygon", "coordinates": [ [ [ [ -60.512837, -31.722658 ], [ -60.512765, -31.72267 ], [ -60.512765, -31.722668 ], [ -60.512684, -31.722682 ], [ -60.512692, -31.72272 ], [ -60.512773, -31.722707 ], [ -60.512773, -31.722706 ], [ -60.512845, -31.722693 ], [ -60.512837, -31.722658 ] ] ] ] } },
{ "type": "Feature", "properties": { "ogc_fid": 599, "nivel": 2.0, "ncp": "0010000065017", "observ": null, "proy nro": 674, "partmuni": 15672, "expte": "24735/2025", "link": "https://tramiteobra.parana.gob.ar/menuAutorizada/informacionAutorizada/x520Sxdx5ClrDAeKmBPQ2o0seA", "sup proy": 256.79, "sup_graf": null, "proyecto": "674", "tramite": "APROBACIÓN", "tipo_obra": "OBRA CIVIL" }, "geometry": { "type": "MultiPolygon", "coordinates": [ [ [ [ -60.524286, -31.727309 ], [ -60.524266, -31.72727 ], [ -60.524291, -31.727224 ], [ -60.524345, -31.72721 ], [ -60.524393, -31.72727 ], [ -60.524286, -31.727309 ] ] ] ] } },
{ "type": "Feature", "properties": { "ogc_fid": 323, "nivel": 0.0, "ncp": "0090360021034", "observ": null, "proy nro": 464, "partmuni": 89957, "expte": "17651/2025", "link": "https://tramiteobra.parana.gob.ar/menuAutorizada/informacionAutorizada/z-yyDEVXLayetp2zJw3FLNnyOA", "sup proy": 118.855, "sup_graf": 312, "proyecto": "464", "tramite": "APROBACIÓN", "tipo_obra": "OBRA CIVIL\t" }, "geometry": { "type": "MultiPolygon", "coordinates": [ [ [ [ -60.495953, -31.771238 ], [ -60.495855, -31.770756 ], [ -60.495915, -31.770747 ], [ -60.496012, -31.771229 ], [ -60.495953, -31.771238 ] ] ] ] } },
{ "type": "Feature", "properties": { "ogc_fid": 172, "nivel": 0.0, "ncp": "0150740001099", "observ": null, "proy nro": 256, "partmuni": 41045, "expte": "12415/2024", "link": "https://tramiteobra.parana.gob.ar/menuAutorizada/informacionAutorizada/AehgKdj4ylT4vME-jzRzoTp8yA", "sup proy": 299.74, "sup_graf": 126, "proyecto": "256", "tramite": "APROBACIÓN", "tipo_obra": "OBRA CIVIL\t" }, "geometry": { "type": "MultiPolygon", "coordinates": [ [ [ [ -60.476133, -31.725316 ], [ -60.476142, -31.72536 ], [ -60.476095, -31.725367 ], [ -60.4761, -31.72539 ], [ -60.476036, -31.7254 ], [ -60.476039, -31.725418 ], [ -60.475976, -31.725427 ], [ -60.475982, -31.725455 ], [ -60.476156, -31.725429 ], [ -60.476147, -31.725383 ], [ -60.476202, -31.725374 ], [ -60.476189, -31.725307 ], [ -60.476133, -31.725316 ] ] ] ] } },
{ "type": "Feature", "properties": { "ogc_fid": 171, "nivel": 1.0, "ncp": "0020000059028", "observ": null, "proy nro": 260, "partmuni": 84795, "expte": "8368/2024", "link": "https://tramiteobra.parana.gob.ar/menuAutorizada/informacionAutorizada/AehgKdj4ylT4vME-jzRzoTp_zg", "sup proy": 317.15, "sup_graf": 59, "proyecto": "260", "tramite": "APROBACIÓN", "tipo_obra": "OBRA CIVIL\t" }, "geometry": { "type": "MultiPolygon", "coordinates": [ [ [ [ -60.524856, -31.742092 ], [ -60.524805, -31.742015 ], [ -60.524796, -31.74202 ], [ -60.524803, -31.74203 ], [ -60.524752, -31.742056 ], [ -60.524799, -31.742127 ], [ -60.524823, -31.742115 ], [ -60.52482, -31.74211 ], [ -60.524856, -31.742092 ] ] ] ] } },
{ "type": "Feature", "properties": { "ogc_fid": 334, "nivel": 0.0, "ncp": "0132480002006", "observ": null, "proy nro": 384, "partmuni": 53608, "expte": "1204/2025", "link": "https://tramiteobra.parana.gob.ar/menuAutorizada/informacionAutorizada/AehgKdj4ylT4vME-jzRzoTtxyg", "sup proy": 2493.34, "sup_graf": 543, "proyecto": "384", "tramite": "APROBACIÓN", "tipo_obra": "OBRA CIVIL (Con factibilidad previa)\t" }, "geometry": { "type": "MultiPolygon", "coordinates": [ [ [ [ -60.454253, -31.770388 ], [ -60.454107, -31.77041 ], [ -60.45412, -31.770473 ], [ -60.454118, -31.770473 ], [ -60.454128, -31.770516 ], [ -60.454113, -31.770519 ], [ -60.454123, -31.770566 ], [ -60.454138, -31.770563 ], [ -60.454185, -31.770768 ], [ -60.454321, -31.770746 ], [ -60.454278, -31.770559 ], [ -60.454292, -31.770556 ], [ -60.45428, -31.770498 ], [ -60.454249, -31.770502 ], [ -60.454238, -31.770456 ], [ -60.454267, -31.770451 ], [ -60.454253, -31.770388 ] ] ] ] } },
{ "type": "Feature", "properties": { "ogc_fid": 335, "nivel": 0.0, "ncp": "0132480002006", "observ": null, "proy nro": 384, "partmuni": 53608, "expte": "1204/2025", "link": "https://tramiteobra.parana.gob.ar/menuAutorizada/informacionAutorizada/AehgKdj4ylT4vME-jzRzoTtxyg", "sup proy": 2493.34, "sup_graf": 182, "proyecto": "384", "tramite": "APROBACIÓN", "tipo_obra": "OBRA CIVIL (Con factibilidad previa)\t" }, "geometry": { "type": "MultiPolygon", "coordinates": [ [ [ [ -60.454011, -31.770405 ], [ -60.453923, -31.770419 ], [ -60.453963, -31.770595 ], [ -60.454066, -31.770579 ], [ -60.45405, -31.770505 ], [ -60.454034, -31.770508 ], [ -60.454011, -31.770405 ] ] ] ] } },
{ "type": "Feature", "properties": { "ogc_fid": 633, "nivel": 1.0, "ncp": "0121210001022", "observ": null, "proy nro": 934, "partmuni": 51094, "expte": "/", "link": "https://tramiteobra.parana.gob.ar/menuAutorizada/informacionAutorizada/ie-M1HBqCEfKIh8HvxdNz3BssQ", "sup proy": 419.875, "sup_graf": null, "proyecto": "934", "tramite": "APROBACIÓN", "tipo_obra": "OBRA CIVIL" }, "geometry": { "type": "MultiPolygon", "coordinates": [ [ [ [ -60.50489, -31.78014 ], [ -60.504646, -31.780179 ], [ -60.50462, -31.780061 ], [ -60.504829, -31.780029 ], [ -60.504834, -31.780051 ], [ -60.504841, -31.780085 ], [ -60.504877, -31.780079 ], [ -60.50489, -31.78014 ] ] ] ] } },
{ "type": "Feature", "properties": { "ogc_fid": 635, "nivel": 0.0, "ncp": "0121210001022", "observ": null, "proy nro": 934, "partmuni": 51094, "expte": "/", "link": "https://tramiteobra.parana.gob.ar/menuAutorizada/informacionAutorizada/ie-M1HBqCEfKIh8HvxdNz3BssQ", "sup proy": 419.875, "sup_graf": null, "proyecto": "934", "tramite": "APROBACIÓN", "tipo_obra": "OBRA CIVIL" }, "geometry": { "type": "MultiPolygon", "coordinates": [ [ [ [ -60.504829, -31.780029 ], [ -60.50484, -31.780027 ], [ -60.504822, -31.779943 ], [ -60.504843, -31.779939 ], [ -60.504866, -31.780046 ], [ -60.504834, -31.780051 ], [ -60.504829, -31.780029 ] ] ] ] } },
{ "type": "Feature", "properties": { "ogc_fid": 305, "nivel": 1.0, "ncp": "0040000064016", "observ": null, "proy nro": 487, "partmuni": 1216, "expte": "1200/2025", "link": "https://tramiteobra.parana.gob.ar/menuAutorizada/informacionAutorizada/z-yyDEVXLayetp2zJw3FLNn8Ow", "sup proy": 195.6, "sup_graf": 158, "proyecto": "487", "tramite": "APROBACIÓN", "tipo_obra": "OBRA CIVIL\t" }, "geometry": { "type": "MultiPolygon", "coordinates": [ [ [ [ -60.535321, -31.725135 ], [ -60.535226, -31.72497 ], [ -60.53515, -31.724992 ], [ -60.53525, -31.725167 ], [ -60.535321, -31.725135 ] ] ] ] } },
{ "type": "Feature", "properties": { "ogc_fid": 313, "nivel": 1.0, "ncp": "0040000034048", "observ": null, "proy nro": 493, "partmuni": 15232, "expte": "1199/2025", "link": "https://tramiteobra.parana.gob.ar/menuAutorizada/informacionAutorizada/z-yyDEVXLayetp2zJw3FLNn9Pw", "sup proy": 146.28, "sup_graf": 74, "proyecto": "493", "tramite": "APROBACIÓN", "tipo_obra": "OBRA CIVIL\t" }, "geometry": { "type": "MultiPolygon", "coordinates": [ [ [ [ -60.538797, -31.722069 ], [ -60.538761, -31.722114 ], [ -60.538863, -31.722182 ], [ -60.538899, -31.722136 ], [ -60.538797, -31.722069 ] ] ] ] } },
{ "type": "Feature", "properties": { "ogc_fid": 312, "nivel": 0.0, "ncp": "0121140007017", "observ": null, "proy nro": 520, "partmuni": 43763, "expte": "4194/2025", "link": "https://tramiteobra.parana.gob.ar/menuAutorizada/informacionAutorizada/z-yyDEVXLayetp2zJw3FLNj2PA", "sup proy": 109.65, "sup_graf": 129, "proyecto": "520", "tramite": "APROBACIÓN", "tipo_obra": "OBRA CIVIL\t" }, "geometry": { "type": "MultiPolygon", "coordinates": [ [ [ [ -60.54442, -31.774246 ], [ -60.544522, -31.77423 ], [ -60.544555, -31.774389 ], [ -60.544519, -31.774395 ], [ -60.544507, -31.774336 ], [ -60.544485, -31.774339 ], [ -60.544484, -31.774333 ], [ -60.54444, -31.774339 ], [ -60.54442, -31.774246 ] ] ] ] } },
{ "type": "Feature", "properties": { "ogc_fid": 315, "nivel": 2.0, "ncp": "0020000021020", "observ": null, "proy nro": 509, "partmuni": 10897, "expte": "1194/2025", "link": "https://tramiteobra.parana.gob.ar/menuAutorizada/informacionAutorizada/z-yyDEVXLayetp2zJw3FLNj0NQ", "sup proy": 329.18, "sup_graf": 221, "proyecto": "509", "tramite": "APROBACIÓN", "tipo_obra": "OBRA CIVIL\t" }, "geometry": { "type": "MultiPolygon", "coordinates": [ [ [ [ -60.520568, -31.739274 ], [ -60.520339, -31.739104 ], [ -60.520285, -31.739157 ], [ -60.520514, -31.739325 ], [ -60.520568, -31.739274 ] ] ] ] } },
{ "type": "Feature", "properties": { "ogc_fid": 301, "nivel": 3.0, "ncp": "0010000075007", "observ": null, "proy nro": 233, "partmuni": 3617, "expte": "4978/2024", "link": "https://tramiteobra.parana.gob.ar/menuAutorizada/informacionAutorizada/AehgKdj4ylT4vME-jzRzoTp6zQ", "sup proy": 568.44, "sup_graf": 147, "proyecto": "233", "tramite": "FACTIBILIDAD", "tipo_obra": "OBRA CIVIL (Con factibilidad previa)\t" }, "geometry": { "type": "MultiPolygon", "coordinates": [ [ [ [ -60.52249, -31.729167 ], [ -60.522397, -31.729189 ], [ -60.522334, -31.72905 ], [ -60.522426, -31.72903 ], [ -60.52249, -31.729167 ] ] ] ] } },
{ "type": "Feature", "properties": { "ogc_fid": 314, "nivel": 2.0, "ncp": "0010000084048", "observ": null, "proy nro": 507, "partmuni": 8492, "expte": "1458/2025", "link": "https://tramiteobra.parana.gob.ar/menuAutorizada/informacionAutorizada/z-yyDEVXLayetp2zJw3FLNj0Ow", "sup proy": 407.08, "sup_graf": 166, "proyecto": "507", "tramite": "APROBACIÓN", "tipo_obra": "OBRA CIVIL\t" }, "geometry": { "type": "MultiPolygon", "coordinates": [ [ [ [ -60.521707, -31.731109 ], [ -60.5215, -31.731201 ], [ -60.521486, -31.731209 ], [ -60.521509, -31.731244 ], [ -60.521548, -31.731225 ], [ -60.521565, -31.731249 ], [ -60.521742, -31.731171 ], [ -60.521707, -31.731109 ] ] ] ] } },
{ "type": "Feature", "properties": { "ogc_fid": 273, "nivel": 0.0, "ncp": "0090130001098", "observ": null, "proy nro": 445, "partmuni": 46401, "expte": "32982/2024", "link": "https://tramiteobra.parana.gob.ar/menuAutorizada/informacionAutorizada/z-yyDEVXLayetp2zJw3FLNnwOQ", "sup proy": 277.42, "sup_graf": 307, "proyecto": "445", "tramite": "APROBACIÓN", "tipo_obra": "OBRA CIVIL\t" }, "geometry": { "type": "MultiPolygon", "coordinates": [ [ [ [ -60.497531, -31.759203 ], [ -60.497231, -31.759307 ], [ -60.497278, -31.759405 ], [ -60.497533, -31.759302 ], [ -60.497514, -31.759261 ], [ -60.497518, -31.759254 ], [ -60.497541, -31.759216 ], [ -60.497537, -31.759214 ], [ -60.497531, -31.759203 ] ] ] ] } },
{ "type": "Feature", "properties": { "ogc_fid": 303, "nivel": 5.0, "ncp": "0040000078039", "observ": null, "proy nro": 287, "partmuni": 17068, "expte": "12043/2024", "link": "https://tramiteobra.parana.gob.ar/menuAutorizada/informacionAutorizada/AehgKdj4ylT4vME-jzRzoTpxyQ", "sup proy": 96.11, "sup_graf": 252, "proyecto": "287", "tramite": "FACTIBILIDAD", "tipo_obra": "OBRA CIVIL (Con factibilidad previa)\t" }, "geometry": { "type": "MultiPolygon", "coordinates": [ [ [ [ -60.536828, -31.727342 ], [ -60.536822, -31.727328 ], [ -60.536815, -31.727307 ], [ -60.536813, -31.727302 ], [ -60.536797, -31.727253 ], [ -60.536787, -31.72722 ], [ -60.536738, -31.727082 ], [ -60.536643, -31.727114 ], [ -60.536758, -31.727366 ], [ -60.536828, -31.727342 ] ] ] ] } },
{ "type": "Feature", "properties": { "ogc_fid": 302, "nivel": 2.0, "ncp": "0070630004013", "observ": null, "proy nro": 276, "partmuni": 31546, "expte": "7278/2024", "link": "https://tramiteobra.parana.gob.ar/menuAutorizada/informacionAutorizada/AehgKdj4ylT4vME-jzRzoTp-yA", "sup proy": 637.38, "sup_graf": 219, "proyecto": "276", "tramite": "FACTIBILIDAD", "tipo_obra": "OBRA CIVIL (Con factibilidad previa)\t" }, "geometry": { "type": "MultiPolygon", "coordinates": [ [ [ [ -60.504531, -31.755353 ], [ -60.504446, -31.755401 ], [ -60.504577, -31.755572 ], [ -60.504662, -31.755524 ], [ -60.504531, -31.755353 ] ] ] ] } },
{ "type": "Feature", "properties": { "ogc_fid": 279, "nivel": 1.0, "ncp": "0010000038027", "observ": null, "proy nro": 373, "partmuni": 10359, "expte": "32440/2024", "link": "https://tramiteobra.parana.gob.ar/menuAutorizada/informacionAutorizada/AehgKdj4ylT4vME-jzRzoTt-zQ", "sup proy": 251.61, "sup_graf": 372, "proyecto": "373", "tramite": "APROBACIÓN", "tipo_obra": "OBRA CIVIL\t" }, "geometry": { "type": "MultiPolygon", "coordinates": [ [ [ [ -60.52449, -31.723159 ], [ -60.524219, -31.723259 ], [ -60.524207, -31.723282 ], [ -60.524249, -31.72337 ], [ -60.524539, -31.723264 ], [ -60.52449, -31.723159 ] ] ] ] } },
{ "type": "Feature", "properties": { "ogc_fid": 282, "nivel": 3.0, "ncp": "0010000075007", "observ": null, "proy nro": 348, "partmuni": 3617, "expte": "25104/2024", "link": "https://tramiteobra.parana.gob.ar/menuAutorizada/informacionAutorizada/AehgKdj4ylT4vME-jzRzoTt9xg", "sup proy": 568.44, "sup_graf": 147, "proyecto": "348", "tramite": "APROBACIÓN", "tipo_obra": "OBRA CIVIL (Con factibilidad previa)\t" }, "geometry": { "type": "MultiPolygon", "coordinates": [ [ [ [ -60.522425, -31.72903 ], [ -60.522334, -31.729051 ], [ -60.522398, -31.72919 ], [ -60.52249, -31.729167 ], [ -60.522425, -31.72903 ] ] ] ] } },
{ "type": "Feature", "properties": { "ogc_fid": 324, "nivel": 2.0, "ncp": "0010000074009", "observ": null, "proy nro": 288, "partmuni": 1763, "expte": "/", "link": "https://tramiteobra.parana.gob.ar/menuAutorizada/informacionAutorizada/AehgKdj4ylT4vME-jzRzoTpxxg", "sup proy": 77.325, "sup_graf": 41, "proyecto": "288", "tramite": "APROBACIÓN", "tipo_obra": "OBRA CIVIL (Con factibilidad previa)\t" }, "geometry": { "type": "MultiPolygon", "coordinates": [ [ [ [ -60.523438, -31.728915 ], [ -60.523416, -31.728862 ], [ -60.523352, -31.728881 ], [ -60.523383, -31.728939 ], [ -60.523438, -31.728915 ] ] ] ] } },
{ "type": "Feature", "properties": { "ogc_fid": 325, "nivel": 1.0, "ncp": "0010000074009", "observ": null, "proy nro": 288, "partmuni": 1763, "expte": "/", "link": "https://tramiteobra.parana.gob.ar/menuAutorizada/informacionAutorizada/AehgKdj4ylT4vME-jzRzoTpxxg", "sup proy": 77.325, "sup_graf": 40, "proyecto": "288", "tramite": "APROBACIÓN", "tipo_obra": "OBRA CIVIL (Con factibilidad previa)\t" }, "geometry": { "type": "MultiPolygon", "coordinates": [ [ [ [ -60.523416, -31.728862 ], [ -60.523488, -31.728841 ], [ -60.523506, -31.728884 ], [ -60.523438, -31.728915 ], [ -60.523416, -31.728862 ] ] ] ] } },
{ "type": "Feature", "properties": { "ogc_fid": 277, "nivel": 1.0, "ncp": "0010000083023", "observ": null, "proy nro": 362, "partmuni": 126685, "expte": "31992/24", "link": "https://tramiteobra.parana.gob.ar/menuAutorizada/informacionAutorizada/NE0q7M6biesIFggqhj_BroUvbg", "sup proy": 485.86, "sup_graf": 35, "proyecto": "362", "tramite": "APROBACIÓN\t", "tipo_obra": "OBRA CIVIL\t" }, "geometry": { "type": "MultiPolygon", "coordinates": [ [ [ [ -60.523017, -31.731136 ], [ -60.522971, -31.731153 ], [ -60.522984, -31.73118 ], [ -60.522991, -31.731177 ], [ -60.52301, -31.731216 ], [ -60.523051, -31.731202 ], [ -60.523017, -31.731136 ] ] ] ] } },
{ "type": "Feature", "properties": { "ogc_fid": 278, "nivel": 0.0, "ncp": "0010000083023", "observ": null, "proy nro": 362, "partmuni": 126685, "expte": "31992/24", "link": "https://tramiteobra.parana.gob.ar/menuAutorizada/informacionAutorizada/NE0q7M6biesIFggqhj_BroUvbg", "sup proy": 485.86, "sup_graf": 66, "proyecto": "362", "tramite": "APROBACIÓN\t", "tipo_obra": "OBRA CIVIL\t" }, "geometry": { "type": "MultiPolygon", "coordinates": [ [ [ [ -60.522923, -31.731171 ], [ -60.522954, -31.731232 ], [ -60.523006, -31.731249 ], [ -60.523064, -31.73123 ], [ -60.523051, -31.731202 ], [ -60.52301, -31.731216 ], [ -60.522991, -31.731177 ], [ -60.522984, -31.73118 ], [ -60.522971, -31.731153 ], [ -60.522923, -31.731171 ] ] ] ] } },
{ "type": "Feature", "properties": { "ogc_fid": 161, "nivel": 0.0, "ncp": "0080600002002", "observ": null, "proy nro": 200, "partmuni": 48411, "expte": "35978/2023", "link": "https://tramiteobra.parana.gob.ar/menuAutorizada/informacionAutorizada/NE0q7M6biesIFggqhj_BroQpbA", "sup proy": 1424.06, "sup_graf": 71, "proyecto": "200", "tramite": "APROBACIÓN", "tipo_obra": "OBRA CIVIL (Con factibilidad previa)\t" }, "geometry": { "type": "MultiPolygon", "coordinates": [ [ [ [ -60.502047, -31.72123 ], [ -60.501938, -31.721247 ], [ -60.501951, -31.721307 ], [ -60.502059, -31.72129 ], [ -60.502047, -31.72123 ] ] ] ] } },
{ "type": "Feature", "properties": { "ogc_fid": 162, "nivel": 0.0, "ncp": "0080600002002", "observ": null, "proy nro": 200, "partmuni": 48411, "expte": "35978/2023", "link": "https://tramiteobra.parana.gob.ar/menuAutorizada/informacionAutorizada/NE0q7M6biesIFggqhj_BroQpbA", "sup proy": 1424.06, "sup_graf": 103, "proyecto": "200", "tramite": "APROBACIÓN", "tipo_obra": "OBRA CIVIL (Con factibilidad previa)\t" }, "geometry": { "type": "MultiPolygon", "coordinates": [ [ [ [ -60.501877, -31.721262 ], [ -60.5017, -31.721289 ], [ -60.50171, -31.721343 ], [ -60.501889, -31.721315 ], [ -60.501877, -31.721262 ] ] ] ] } },
{ "type": "Feature", "properties": { "ogc_fid": 19, "nivel": 0.0, "ncp": "0010000073034", "observ": null, "proy nro": 49, "partmuni": 10847, "expte": "17673/2023", "link": "https://tramiteobra.parana.gob.ar/menuAutorizada/informacionAutorizada/NE0q7M6biesIFggqhj_BroIg", "sup proy": 226.64, "sup_graf": 79, "proyecto": "49", "tramite": "APROBACIÓN", "tipo_obra": "OBRA CIVIL (Con factibilidad previa)\t" }, "geometry": { "type": "MultiPolygon", "coordinates": [ [ [ [ -60.524641, -31.728909 ], [ -60.524693, -31.72898 ], [ -60.524771, -31.728941 ], [ -60.524719, -31.72887 ], [ -60.524641, -31.728909 ] ] ] ] } },
{ "type": "Feature", "properties": { "ogc_fid": 246, "nivel": 3.0, "ncp": "0010000100002", "observ": null, "proy nro": 425, "partmuni": 10747, "expte": "26604/2024", "link": "https://tramiteobra.parana.gob.ar/menuAutorizada/informacionAutorizada/z-yyDEVXLayetp2zJw3FLNn2OQ", "sup proy": 447.34, "sup_graf": 164, "proyecto": "425", "tramite": "APROBACIÓN", "tipo_obra": "OBRA CIVIL\t" }, "geometry": { "type": "MultiPolygon", "coordinates": [ [ [ [ -60.524727, -31.732035 ], [ -60.524568, -31.732095 ], [ -60.52461, -31.732178 ], [ -60.524769, -31.732116 ], [ -60.524727, -31.732035 ] ] ] ] } },
{ "type": "Feature", "properties": { "ogc_fid": 255, "nivel": 0.0, "ncp": "0121210006007", "observ": null, "proy nro": 380, "partmuni": 55362, "expte": "24124/2024", "link": "https://tramiteobra.parana.gob.ar/menu/informacionAutorizada/tUNVWGWeS2xbpa-NE3IFGa-ZHw", "sup proy": 109.16, "sup_graf": 113, "proyecto": "380", "tramite": "APROBACIÓN", "tipo_obra": "OBRA CIVIL\t" }, "geometry": { "type": "MultiPolygon", "coordinates": [ [ [ [ -60.503505, -31.781239 ], [ -60.503415, -31.781252 ], [ -60.503426, -31.781305 ], [ -60.503445, -31.781302 ], [ -60.503461, -31.781377 ], [ -60.503496, -31.781372 ], [ -60.503498, -31.781379 ], [ -60.503535, -31.781373 ], [ -60.503505, -31.781239 ] ] ] ] } },
{ "type": "Feature", "properties": { "ogc_fid": 256, "nivel": 12.0, "ncp": "0010000090023", "observ": null, "proy nro": 421, "partmuni": 5044, "expte": "31479/2024", "link": "https://tramiteobra.parana.gob.ar/menu/informacionAutorizada/tUNVWGWeS2xbpa-NE3IFGaiTHg", "sup proy": 2750.65, "sup_graf": 262, "proyecto": "421", "tramite": "FACTIBILIDAD", "tipo_obra": "OBRA CIVIL (Con factibilidad previa)\t" }, "geometry": { "type": "MultiPolygon", "coordinates": [ [ [ [ -60.52363, -31.731779 ], [ -60.523655, -31.731824 ], [ -60.523698, -31.731912 ], [ -60.523709, -31.731933 ], [ -60.523746, -31.732008 ], [ -60.523839, -31.731977 ], [ -60.523811, -31.731921 ], [ -60.523801, -31.731903 ], [ -60.523779, -31.731859 ], [ -60.523772, -31.731841 ], [ -60.523725, -31.731747 ], [ -60.52363, -31.731779 ] ] ] ] } },
{ "type": "Feature", "properties": { "ogc_fid": 636, "nivel": 0.0, "ncp": "0121210001022", "observ": null, "proy nro": 934, "partmuni": 51094, "expte": "/", "link": "https://tramiteobra.parana.gob.ar/menuAutorizada/informacionAutorizada/ie-M1HBqCEfKIh8HvxdNz3BssQ", "sup proy": 419.875, "sup_graf": null, "proyecto": "934", "tramite": "APROBACIÓN", "tipo_obra": "OBRA CIVIL" }, "geometry": { "type": "MultiPolygon", "coordinates": [ [ [ [ -60.504637, -31.779872 ], [ -60.504642, -31.779898 ], [ -60.504682, -31.779891 ], [ -60.504677, -31.779865 ], [ -60.504637, -31.779872 ] ] ] ] } },
{ "type": "Feature", "properties": { "ogc_fid": 342, "nivel": 10.0, "ncp": "0040000027023", "observ": null, "proy nro": 341, "partmuni": 16255, "expte": "/", "link": "https://tramiteobra.parana.gob.ar/menu/informacionAutorizada/wMS9CyLbTvvogYhUaDqXy112dQ", "sup proy": 1188.255, "sup_graf": 89, "proyecto": "341", "tramite": "APROBACIÓN", "tipo_obra": "OBRA CIVIL (Con factibilidad previa)\t" }, "geometry": { "type": "MultiPolygon", "coordinates": [ [ [ [ -60.528803, -31.72441 ], [ -60.528677, -31.724445 ], [ -60.52869, -31.724482 ], [ -60.5287, -31.724479 ], [ -60.528702, -31.724486 ], [ -60.528734, -31.724477 ], [ -60.528744, -31.724505 ], [ -60.528801, -31.724489 ], [ -60.5288, -31.724485 ], [ -60.528828, -31.724476 ], [ -60.528803, -31.72441 ] ] ] ] } },
{ "type": "Feature", "properties": { "ogc_fid": 637, "nivel": 0.0, "ncp": "0121210001022", "observ": null, "proy nro": 934, "partmuni": 51094, "expte": "/", "link": "https://tramiteobra.parana.gob.ar/menuAutorizada/informacionAutorizada/ie-M1HBqCEfKIh8HvxdNz3BssQ", "sup proy": 419.875, "sup_graf": null, "proyecto": "934", "tramite": "APROBACIÓN", "tipo_obra": "OBRA CIVIL" }, "geometry": { "type": "MultiPolygon", "coordinates": [ [ [ [ -60.504824, -31.779839 ], [ -60.504795, -31.779706 ], [ -60.504754, -31.779713 ], [ -60.504777, -31.779818 ], [ -60.504791, -31.779815 ], [ -60.504797, -31.779843 ], [ -60.504824, -31.779839 ] ] ] ] } },
{ "type": "Feature", "properties": { "ogc_fid": 176, "nivel": 0.0, "ncp": "0121160011004", "observ": null, "proy nro": 307, "partmuni": 43872, "expte": "8360/2024", "link": "https://tramiteobra.parana.gob.ar/menu/informacionAutorizada/zMXKmOD13iaGKsj--zLXf_576w", "sup proy": 62.1, "sup_graf": 69, "proyecto": "307", "tramite": "APROBACIÓN", "tipo_obra": "OBRA CIVIL\t" }, "geometry": { "type": "MultiPolygon", "coordinates": [ [ [ [ -60.534958, -31.776331 ], [ -60.534924, -31.776336 ], [ -60.534926, -31.776347 ], [ -60.534889, -31.776352 ], [ -60.534906, -31.776436 ], [ -60.534978, -31.776425 ], [ -60.534958, -31.776331 ] ] ] ] } },
{ "type": "Feature", "properties": { "ogc_fid": 600, "nivel": 0.0, "ncp": "0030000047010", "observ": null, "proy nro": 672, "partmuni": 3466, "expte": "23284/2025", "link": "https://tramiteobra.parana.gob.ar/menuAutorizada/informacionAutorizada/x520Sxdx5ClrDAeKmBPQ2o0sfg", "sup proy": 178.6, "sup_graf": null, "proyecto": "672", "tramite": "APROBACIÓN", "tipo_obra": "OBRA CIVIL" }, "geometry": { "type": "MultiPolygon", "coordinates": [ [ [ [ -60.536079, -31.736841 ], [ -60.535847, -31.736452 ], [ -60.535751, -31.7365 ], [ -60.535915, -31.736775 ], [ -60.535975, -31.73675 ], [ -60.536038, -31.736858 ], [ -60.536079, -31.736841 ] ] ] ] } },
{ "type": "Feature", "properties": { "ogc_fid": 331, "nivel": 1.0, "ncp": "0090910016009", "observ": null, "proy nro": 544, "partmuni": 84212, "expte": "9216/2025", "link": "https://tramiteobra.parana.gob.ar/menuAutorizada/informacionAutorizada/z-yyDEVXLayetp2zJw3FLNjwOA", "sup proy": 227.645, "sup_graf": 67, "proyecto": "544", "tramite": "APROBACIÓN", "tipo_obra": "OBRA CIVIL\t" }, "geometry": { "type": "MultiPolygon", "coordinates": [ [ [ [ -60.500291, -31.778416 ], [ -60.500285, -31.778392 ], [ -60.500296, -31.778391 ], [ -60.500291, -31.77837 ], [ -60.500325, -31.778364 ], [ -60.500317, -31.778332 ], [ -60.500364, -31.778324 ], [ -60.500371, -31.778359 ], [ -60.500391, -31.778356 ], [ -60.5004, -31.778397 ], [ -60.500291, -31.778416 ] ] ] ] } },
{ "type": "Feature", "properties": { "ogc_fid": 250, "nivel": 0.0, "ncp": "0121140003025", "observ": null, "proy nro": 468, "partmuni": 43739, "expte": "27979/2024", "link": "https://tramiteobra.parana.gob.ar/menuAutorizada/informacionAutorizada/z-yyDEVXLayetp2zJw3FLNz1PA", "sup proy": 115.176, "sup_graf": 155, "proyecto": "468", "tramite": "APROBACIÓN\t", "tipo_obra": "OBRA CIVIL\t" }, "geometry": { "type": "MultiPolygon", "coordinates": [ [ [ [ -60.545247, -31.773596 ], [ -60.545204, -31.773389 ], [ -60.545159, -31.773396 ], [ -60.545179, -31.773487 ], [ -60.545159, -31.77349 ], [ -60.545169, -31.773533 ], [ -60.54513, -31.773539 ], [ -60.545145, -31.773612 ], [ -60.545247, -31.773596 ] ] ] ] } },
{ "type": "Feature", "properties": { "ogc_fid": 244, "nivel": 0.0, "ncp": "0090770008014", "observ": null, "proy nro": 439, "partmuni": 27543, "expte": "27536/2024", "link": "https://tramiteobra.parana.gob.ar/menuAutorizada/informacionAutorizada/z-yyDEVXLayetp2zJw3FLNn3NQ", "sup proy": 94.08, "sup_graf": 145, "proyecto": "439", "tramite": "APROBACIÓN", "tipo_obra": "OBRA CIVIL\t" }, "geometry": { "type": "MultiPolygon", "coordinates": [ [ [ [ -60.496856, -31.743671 ], [ -60.496842, -31.743604 ], [ -60.496762, -31.743616 ], [ -60.496758, -31.743597 ], [ -60.496678, -31.743609 ], [ -60.496687, -31.743656 ], [ -60.496653, -31.743661 ], [ -60.49666, -31.74369 ], [ -60.49669, -31.743686 ], [ -60.496692, -31.743697 ], [ -60.496856, -31.743671 ] ] ] ] } },
{ "type": "Feature", "properties": { "ogc_fid": 254, "nivel": 1.0, "ncp": "0090620007016", "observ": null, "proy nro": 446, "partmuni": 43551, "expte": "29886/2024", "link": "https://tramiteobra.parana.gob.ar/menuAutorizada/informacionAutorizada/z-yyDEVXLayetp2zJw3FLNnwOg", "sup proy": 0.0, "sup_graf": 62, "proyecto": "446", "tramite": "APROBACIÓN", "tipo_obra": "OBRA CIVIL\t" }, "geometry": { "type": "MultiPolygon", "coordinates": [ [ [ [ -60.494976, -31.772347 ], [ -60.494879, -31.772361 ], [ -60.494884, -31.772393 ], [ -60.494896, -31.772391 ], [ -60.494902, -31.772422 ], [ -60.494987, -31.772409 ], [ -60.494976, -31.772347 ] ] ] ] } },
{ "type": "Feature", "properties": { "ogc_fid": 174, "nivel": 0.0, "ncp": "0030000005035", "observ": null, "proy nro": 234, "partmuni": 16873, "expte": "11726/2024", "link": "https://tramiteobra.parana.gob.ar/menuAutorizada/informacionAutorizada/AehgKdj4ylT4vME-jzRzoTp6yg", "sup proy": 139.83, "sup_graf": 248, "proyecto": "234", "tramite": "APROBACIÓN", "tipo_obra": "OBRA CIVIL (Con factibilidad previa)\t" }, "geometry": { "type": "MultiPolygon", "coordinates": [ [ [ [ -60.53989, -31.729531 ], [ -60.539907, -31.729567 ], [ -60.539849, -31.729589 ], [ -60.539941, -31.72978 ], [ -60.53998, -31.729766 ], [ -60.539988, -31.729784 ], [ -60.54, -31.72978 ], [ -60.539999, -31.729776 ], [ -60.540022, -31.729768 ], [ -60.539993, -31.72971 ], [ -60.539974, -31.729717 ], [ -60.539956, -31.729682 ], [ -60.539977, -31.729675 ], [ -60.539867, -31.729448 ], [ -60.539794, -31.729474 ], [ -60.539831, -31.729552 ], [ -60.53989, -31.729531 ] ] ] ] } },
{ "type": "Feature", "properties": { "ogc_fid": 332, "nivel": 0.0, "ncp": "0060560001014", "observ": null, "proy nro": 408, "partmuni": 69467, "expte": "6249/2025", "link": "https://tramiteobra.parana.gob.ar/menuAutorizada/informacionAutorizada/AehgKdj4ylT4vME-jzRzoTx5xg", "sup proy": 99.995, "sup_graf": 80, "proyecto": "408", "tramite": "APROBACIÓN", "tipo_obra": "OBRA CIVIL\t" }, "geometry": { "type": "MultiPolygon", "coordinates": [ [ [ [ -60.533589, -31.765529 ], [ -60.533446, -31.765552 ], [ -60.533436, -31.765503 ], [ -60.533512, -31.76549 ], [ -60.533512, -31.765488 ], [ -60.533521, -31.765487 ], [ -60.533521, -31.765483 ], [ -60.533565, -31.765476 ], [ -60.533566, -31.765479 ], [ -60.533578, -31.765477 ], [ -60.533589, -31.765529 ] ] ] ] } },
{ "type": "Feature", "properties": { "ogc_fid": 252, "nivel": 9.0, "ncp": "0020000007054", "observ": null, "proy nro": 410, "partmuni": 5290, "expte": "29425/2024", "link": "https://tramiteobra.parana.gob.ar/menuAutorizada/informacionAutorizada/NE0q7M6biesIFggqhj_BroIobA", "sup proy": 1885.735, "sup_graf": 186, "proyecto": "410", "tramite": "APROBACIÓN\t", "tipo_obra": "OBRA CIVIL (Con factibilidad previa)\t" }, "geometry": { "type": "MultiPolygon", "coordinates": [ [ [ [ -60.521496, -31.735751 ], [ -60.521394, -31.735801 ], [ -60.521398, -31.735807 ], [ -60.521367, -31.735822 ], [ -60.521363, -31.735817 ], [ -60.521315, -31.735842 ], [ -60.521265, -31.735868 ], [ -60.521302, -31.735924 ], [ -60.521415, -31.735869 ], [ -60.521535, -31.735809 ], [ -60.521496, -31.735751 ] ] ] ] } },
{ "type": "Feature", "properties": { "ogc_fid": 253, "nivel": 3.0, "ncp": "0010000083019", "observ": null, "proy nro": 337, "partmuni": 13365, "expte": "20806/2024", "link": "https://tramiteobra.parana.gob.ar/menuAutorizada/informacionAutorizada/NE0q7M6biesIFggqhj_BroUqaw", "sup proy": 1014.84, "sup_graf": 213, "proyecto": "337", "tramite": "FACTIBILIDAD", "tipo_obra": "OBRA CIVIL (Con factibilidad previa)\t" }, "geometry": { "type": "MultiPolygon", "coordinates": [ [ [ [ -60.522864, -31.730823 ], [ -60.52285, -31.730797 ], [ -60.522882, -31.730785 ], [ -60.522895, -31.730811 ], [ -60.522895, -31.730811 ], [ -60.523013, -31.730765 ], [ -60.522928, -31.730697 ], [ -60.522927, -31.730696 ], [ -60.522908, -31.730709 ], [ -60.52291, -31.730712 ], [ -60.522855, -31.730733 ], [ -60.522868, -31.730759 ], [ -60.522837, -31.730771 ], [ -60.522824, -31.730745 ], [ -60.522718, -31.730786 ], [ -60.522758, -31.730864 ], [ -60.522864, -31.730823 ] ] ] ] } },
{ "type": "Feature", "properties": { "ogc_fid": 638, "nivel": 0.0, "ncp": "0121210001022", "observ": null, "proy nro": 934, "partmuni": 51094, "expte": "/", "link": "https://tramiteobra.parana.gob.ar/menuAutorizada/informacionAutorizada/ie-M1HBqCEfKIh8HvxdNz3BssQ", "sup proy": 419.875, "sup_graf": null, "proyecto": "934", "tramite": "APROBACIÓN", "tipo_obra": "OBRA CIVIL" }, "geometry": { "type": "MultiPolygon", "coordinates": [ [ [ [ -60.504627, -31.779827 ], [ -60.504633, -31.779853 ], [ -60.504673, -31.779846 ], [ -60.504667, -31.77982 ], [ -60.504627, -31.779827 ] ] ] ] } },
{ "type": "Feature", "properties": { "ogc_fid": 240, "nivel": 1.0, "ncp": "0150760017001", "observ": null, "proy nro": 387, "partmuni": 45370, "expte": "22517/2024", "link": "https://tramiteobra.parana.gob.ar/menu/informacionAutorizada/u1JivpsUARSF_S8_eQDRJbRXhg", "sup proy": 310.0, "sup_graf": 140, "proyecto": "387", "tramite": "APROBACIÓN", "tipo_obra": "OBRA CIVIL\t" }, "geometry": { "type": "MultiPolygon", "coordinates": [ [ [ [ -60.477056, -31.718 ], [ -60.477062, -31.718032 ], [ -60.477021, -31.718038 ], [ -60.477028, -31.718072 ], [ -60.477069, -31.718066 ], [ -60.47708, -31.718118 ], [ -60.477186, -31.718103 ], [ -60.477174, -31.718048 ], [ -60.477166, -31.718049 ], [ -60.477159, -31.718017 ], [ -60.477145, -31.718019 ], [ -60.477139, -31.717988 ], [ -60.477056, -31.718 ] ] ] ] } },
{ "type": "Feature", "properties": { "ogc_fid": 241, "nivel": 10.0, "ncp": "0020000060034", "observ": null, "proy nro": 235, "partmuni": 8562, "expte": "23838/2024", "link": "https://tramiteobra.parana.gob.ar/menu/informacionAutorizada/u1JivpsUARSF_S8_eQDRJbVchA", "sup proy": 2035.94, "sup_graf": 154, "proyecto": "235", "tramite": "FACTIBILIDAD", "tipo_obra": "OBRA CIVIL (Con factibilidad previa)\t" }, "geometry": { "type": "MultiPolygon", "coordinates": [ [ [ [ -60.523708, -31.74227 ], [ -60.523867, -31.742192 ], [ -60.523833, -31.74214 ], [ -60.523818, -31.742147 ], [ -60.523801, -31.74212 ], [ -60.523676, -31.742182 ], [ -60.523711, -31.742235 ], [ -60.523691, -31.742244 ], [ -60.523708, -31.74227 ] ] ] ] } },
{ "type": "Feature", "properties": { "ogc_fid": 452, "nivel": 1.0, "ncp": "0020000069007", "observ": null, "proy nro": 746, "partmuni": 580, "expte": "28928 /2025", "link": "https://tramiteobra.parana.gob.ar/menuAutorizada/informacionAutorizada/Y5a3GgwiY1QpnoHprghA178PZQ", "sup proy": 288.4, "sup_graf": null, "proyecto": "746", "tramite": "APROBACIÓN", "tipo_obra": "OBRA CIVIL\t" }, "geometry": { "type": "MultiPolygon", "coordinates": [ [ [ [ -60.527793, -31.741084 ], [ -60.527671, -31.741145 ], [ -60.527806, -31.74134 ], [ -60.527928, -31.741279 ], [ -60.527793, -31.741084 ] ] ] ] } },
{ "type": "Feature", "properties": { "ogc_fid": 178, "nivel": 2.0, "ncp": "0150220013004", "observ": null, "proy nro": 328, "partmuni": 49997, "expte": "14133/2024", "link": "https://tramiteobra.parana.gob.ar/menuAutorizada/informacionAutorizada/AehgKdj4ylT4vME-jzRzoTt7xg", "sup proy": 464.89, "sup_graf": 263, "proyecto": "328", "tramite": "APROBACIÓN", "tipo_obra": "OBRA CIVIL\t" }, "geometry": { "type": "MultiPolygon", "coordinates": [ [ [ [ -60.487396, -31.715149 ], [ -60.487604, -31.715118 ], [ -60.487598, -31.715088 ], [ -60.487592, -31.715089 ], [ -60.487572, -31.714989 ], [ -60.48739, -31.715016 ], [ -60.4874, -31.715065 ], [ -60.487423, -31.715061 ], [ -60.487428, -31.71509 ], [ -60.487384, -31.715096 ], [ -60.487396, -31.715149 ] ] ] ] } },
{ "type": "Feature", "properties": { "ogc_fid": 206, "nivel": 1.0, "ncp": "0100020028002", "observ": null, "proy nro": 374, "partmuni": 41954, "expte": "25103/2024", "link": "https://tramiteobra.parana.gob.ar/menu/informacionAutorizada/OJAemlk4sszYbo086aeakI4r0A", "sup proy": 422.55, "sup_graf": 197, "proyecto": "374", "tramite": "APROBACIÓN", "tipo_obra": "OBRA CIVIL\t" }, "geometry": { "type": "MultiPolygon", "coordinates": [ [ [ [ -60.551373, -31.711419 ], [ -60.551292, -31.711464 ], [ -60.551295, -31.711468 ], [ -60.551262, -31.711486 ], [ -60.551242, -31.711473 ], [ -60.551196, -31.711525 ], [ -60.551188, -31.71152 ], [ -60.551181, -31.711528 ], [ -60.551233, -31.711558 ], [ -60.551239, -31.711549 ], [ -60.551313, -31.711593 ], [ -60.551308, -31.711599 ], [ -60.55133, -31.711612 ], [ -60.551335, -31.711607 ], [ -60.55135, -31.711616 ], [ -60.551369, -31.711596 ], [ -60.551366, -31.711593 ], [ -60.551391, -31.711564 ], [ -60.551316, -31.711518 ], [ -60.551328, -31.711505 ], [ -60.551406, -31.711459 ], [ -60.551373, -31.711419 ] ] ] ] } },
{ "type": "Feature", "properties": { "ogc_fid": 177, "nivel": 0.0, "ncp": "0121170008005", "observ": null, "proy nro": 346, "partmuni": 55664, "expte": "16901/2024", "link": "https://tramiteobra.parana.gob.ar/menu/informacionAutorizada/xbhQtw4YioMBwj-ERraLdKuVtw", "sup proy": 295.25, "sup_graf": 43, "proyecto": "346", "tramite": "APROBACIÓN", "tipo_obra": "OBRA CIVIL\t" }, "geometry": { "type": "MultiPolygon", "coordinates": [ [ [ [ -60.526488, -31.776871 ], [ -60.526387, -31.776887 ], [ -60.526399, -31.776941 ], [ -60.52646, -31.776931 ], [ -60.526451, -31.776896 ], [ -60.526492, -31.776889 ], [ -60.526488, -31.776871 ] ] ] ] } },
{ "type": "Feature", "properties": { "ogc_fid": 133, "nivel": 1.0, "ncp": "0121170008012", "observ": null, "proy nro": 257, "partmuni": 55571, "expte": "3580/2024", "link": "https://tramiteobra.parana.gob.ar/menu/informacionAutorizada/ZEtMb-KwojlgkW8ajht60rF77w", "sup proy": 187.3, "sup_graf": 102, "proyecto": "257", "tramite": "APROBACIÓN", "tipo_obra": "OBRA CIVIL\t" }, "geometry": { "type": "MultiPolygon", "coordinates": [ [ [ [ -60.526987, -31.777414 ], [ -60.526982, -31.777396 ], [ -60.526972, -31.777397 ], [ -60.526955, -31.777322 ], [ -60.526858, -31.777337 ], [ -60.526869, -31.777385 ], [ -60.526864, -31.777385 ], [ -60.526867, -31.777399 ], [ -60.526873, -31.777399 ], [ -60.52688, -31.777431 ], [ -60.526987, -31.777414 ] ] ] ] } },
{ "type": "Feature", "properties": { "ogc_fid": 163, "nivel": 0.0, "ncp": "0121170008012", "observ": null, "proy nro": 257, "partmuni": 55571, "expte": "3580/2024", "link": "https://tramiteobra.parana.gob.ar/menu/informacionAutorizada/ZEtMb-KwojlgkW8ajht60rF77w", "sup proy": 187.3, "sup_graf": 36, "proyecto": "257", "tramite": "APROBACIÓN", "tipo_obra": "OBRA CIVIL\t" }, "geometry": { "type": "MultiPolygon", "coordinates": [ [ [ [ -60.52688, -31.777431 ], [ -60.526873, -31.777399 ], [ -60.526867, -31.777399 ], [ -60.526864, -31.777385 ], [ -60.526869, -31.777385 ], [ -60.526858, -31.777337 ], [ -60.526823, -31.777343 ], [ -60.526845, -31.777437 ], [ -60.52688, -31.777431 ] ] ] ] } },
{ "type": "Feature", "properties": { "ogc_fid": 453, "nivel": 2.0, "ncp": "0010000084016", "observ": null, "proy nro": 745, "partmuni": 13037, "expte": "27124/2025", "link": "https://tramiteobra.parana.gob.ar/menuAutorizada/informacionAutorizada/Y5a3GgwiY1QpnoHprghA178PZg", "sup proy": 338.88, "sup_graf": null, "proyecto": "745", "tramite": "APROBACIÓN", "tipo_obra": "OBRA CIVIL\t" }, "geometry": { "type": "MultiPolygon", "coordinates": [ [ [ [ -60.521053, -31.73093 ], [ -60.521007, -31.730811 ], [ -60.520918, -31.730836 ], [ -60.520966, -31.73096 ], [ -60.521053, -31.73093 ] ] ] ] } },
{ "type": "Feature", "properties": { "ogc_fid": 639, "nivel": 0.0, "ncp": "0121210001022", "observ": null, "proy nro": 934, "partmuni": 51094, "expte": "/", "link": "https://tramiteobra.parana.gob.ar/menuAutorizada/informacionAutorizada/ie-M1HBqCEfKIh8HvxdNz3BssQ", "sup proy": 419.875, "sup_graf": null, "proyecto": "934", "tramite": "APROBACIÓN", "tipo_obra": "OBRA CIVIL" }, "geometry": { "type": "MultiPolygon", "coordinates": [ [ [ [ -60.504647, -31.779917 ], [ -60.504652, -31.779943 ], [ -60.504692, -31.779936 ], [ -60.504687, -31.77991 ], [ -60.504647, -31.779917 ] ] ] ] } },
{ "type": "Feature", "properties": { "ogc_fid": 242, "nivel": 0.0, "ncp": "0100020022007", "observ": null, "proy nro": 441, "partmuni": 92197, "expte": "1201/2025", "link": "https://tramiteobra.parana.gob.ar/menuAutorizada/informacionAutorizada/z-yyDEVXLayetp2zJw3FLNnwPQ", "sup proy": 364.252, "sup_graf": 256, "proyecto": "441", "tramite": "APROBACIÓN", "tipo_obra": "OBRA CIVIL\t" }, "geometry": { "type": "MultiPolygon", "coordinates": [ [ [ [ -60.550224, -31.710408 ], [ -60.550182, -31.710464 ], [ -60.550091, -31.710451 ], [ -60.550107, -31.710369 ], [ -60.550022, -31.710356 ], [ -60.549996, -31.710496 ], [ -60.550101, -31.710511 ], [ -60.550101, -31.710513 ], [ -60.550216, -31.710531 ], [ -60.550227, -31.710468 ], [ -60.550252, -31.710481 ], [ -60.550275, -31.71045 ], [ -60.55027, -31.710447 ], [ -60.550282, -31.710432 ], [ -60.550263, -31.71042 ], [ -60.550257, -31.710427 ], [ -60.550224, -31.710408 ] ] ] ] } },
{ "type": "Feature", "properties": { "ogc_fid": 228, "nivel": 1.0, "ncp": "0050290015001", "observ": null, "proy nro": 392, "partmuni": 18757, "expte": "22303/2024", "link": "https://tramiteobra.parana.gob.ar/menuAutorizada/informacionAutorizada/AehgKdj4ylT4vME-jzRzoTtwzA", "sup proy": 0.0, "sup_graf": 70, "proyecto": "392", "tramite": "APROBACIÓN", "tipo_obra": "OBRA CIVIL\t" }, "geometry": { "type": "MultiPolygon", "coordinates": [ [ [ [ -60.537178, -31.742181 ], [ -60.537016, -31.742201 ], [ -60.53705, -31.742254 ], [ -60.537099, -31.742248 ], [ -60.537096, -31.742227 ], [ -60.537184, -31.742217 ], [ -60.537178, -31.742181 ] ] ] ] } },
{ "type": "Feature", "properties": { "ogc_fid": 225, "nivel": 1.0, "ncp": "0020000011037", "observ": null, "proy nro": 340, "partmuni": 8600, "expte": "29784/2024", "link": "https://tramiteobra.parana.gob.ar/menuAutorizada/informacionAutorizada/AehgKdj4ylT4vME-jzRzoTt9zg", "sup proy": 317.29, "sup_graf": 418, "proyecto": "340", "tramite": "APROBACIÓN\t", "tipo_obra": "OBRA CIVIL\t" }, "geometry": { "type": "MultiPolygon", "coordinates": [ [ [ [ -60.529876, -31.7345 ], [ -60.529522, -31.734646 ], [ -60.529588, -31.734771 ], [ -60.529691, -31.734732 ], [ -60.52967, -31.734693 ], [ -60.529846, -31.734625 ], [ -60.52983, -31.734594 ], [ -60.529882, -31.734574 ], [ -60.529864, -31.734542 ], [ -60.529892, -31.73453 ], [ -60.529876, -31.7345 ] ] ] ] } },
{ "type": "Feature", "properties": { "ogc_fid": 224, "nivel": 0.0, "ncp": "0020000038006", "observ": null, "proy nro": 350, "partmuni": 1841, "expte": "/", "link": "https://tramiteobra.parana.gob.ar/menuAutorizada/informacionAutorizada/AehgKdj4ylT4vME-jzRzoTt8zg", "sup proy": 685.45, "sup_graf": 170, "proyecto": "350", "tramite": "FACTIBILIDAD", "tipo_obra": "OBRA CIVIL (Con factibilidad previa)\t" }, "geometry": { "type": "MultiPolygon", "coordinates": [ [ [ [ -60.522774, -31.738619 ], [ -60.522708, -31.738662 ], [ -60.522794, -31.738804 ], [ -60.522868, -31.73877 ], [ -60.522861, -31.73876 ], [ -60.522884, -31.738749 ], [ -60.522869, -31.738722 ], [ -60.522774, -31.738619 ] ] ] ] } },
{ "type": "Feature", "properties": { "ogc_fid": 226, "nivel": 0.0, "ncp": "0150720001012", "observ": null, "proy nro": 265, "partmuni": 40716, "expte": "23052/2024", "link": "https://tramiteobra.parana.gob.ar/menuAutorizada/informacionAutorizada/AehgKdj4ylT4vME-jzRzoTp_yw", "sup proy": 0.0, "sup_graf": 72, "proyecto": "265", "tramite": "APROBACIÓN", "tipo_obra": "OBRA CIVIL\t" }, "geometry": { "type": "MultiPolygon", "coordinates": [ [ [ [ -60.497798, -31.712525 ], [ -60.497687, -31.712538 ], [ -60.497696, -31.712583 ], [ -60.497751, -31.712576 ], [ -60.497755, -31.712606 ], [ -60.497813, -31.712599 ], [ -60.497798, -31.712525 ] ] ] ] } },
{ "type": "Feature", "properties": { "ogc_fid": 243, "nivel": 1.0, "ncp": "0070340009024", "observ": null, "proy nro": 355, "partmuni": 73980, "expte": "26975/2024", "link": "https://tramiteobra.parana.gob.ar/menuAutorizada/informacionAutorizada/NE0q7M6biesIFggqhj_BroUsaQ", "sup proy": 0.0, "sup_graf": 72, "proyecto": "355", "tramite": "APROBACIÓN", "tipo_obra": "OBRA CIVIL\t" }, "geometry": { "type": "MultiPolygon", "coordinates": [ [ [ [ -60.507077, -31.76583 ], [ -60.507069, -31.765791 ], [ -60.507038, -31.765795 ], [ -60.507035, -31.76578 ], [ -60.507002, -31.765786 ], [ -60.506997, -31.765761 ], [ -60.50695, -31.765769 ], [ -60.506967, -31.765848 ], [ -60.507077, -31.76583 ] ] ] ] } },
{ "type": "Feature", "properties": { "ogc_fid": 110, "nivel": 0.0, "ncp": "0080400007012", "observ": null, "proy nro": 218, "partmuni": 218332, "expte": "35634/2023", "link": "https://tramiteobra.parana.gob.ar/menu/informacionAutorizada/ohHK2T004TmJLXFX9CO9lDtnkA", "sup proy": 130.62, "sup_graf": 47, "proyecto": "218", "tramite": "APROBACIÓN", "tipo_obra": "OBRA CIVIL\t" }, "geometry": { "type": "MultiPolygon", "coordinates": [ [ [ [ -60.513618, -31.734607 ], [ -60.513619, -31.734642 ], [ -60.513748, -31.734643 ], [ -60.513747, -31.734618 ], [ -60.513735, -31.734618 ], [ -60.513735, -31.734607 ], [ -60.513618, -31.734607 ] ] ] ] } },
{ "type": "Feature", "properties": { "ogc_fid": 131, "nivel": 0.0, "ncp": "0150230011002", "observ": null, "proy nro": 216, "partmuni": 483759, "expte": "37181/2023", "link": "https://tramiteobra.parana.gob.ar/menu/informacionAutorizada/ohHK2T004TmJLXFX9CO9lDtnng", "sup proy": 992.82, "sup_graf": 384, "proyecto": "216", "tramite": "APROBACIÓN", "tipo_obra": "OBRA CIVIL (Con factibilidad previa)\t" }, "geometry": { "type": "MultiPolygon", "coordinates": [ [ [ [ -60.483809, -31.710551 ], [ -60.483699, -31.710567 ], [ -60.483694, -31.710568 ], [ -60.483689, -31.71057 ], [ -60.483687, -31.710572 ], [ -60.483683, -31.710579 ], [ -60.483682, -31.710585 ], [ -60.483682, -31.710587 ], [ -60.483683, -31.710589 ], [ -60.483658, -31.710594 ], [ -60.483702, -31.710806 ], [ -60.483857, -31.710782 ], [ -60.483809, -31.710551 ] ] ] ] } },
{ "type": "Feature", "properties": { "ogc_fid": 132, "nivel": 4.0, "ncp": "0020000077028", "observ": null, "proy nro": 209, "partmuni": 44728, "expte": "35641/2023", "link": "https://tramiteobra.parana.gob.ar/menu/informacionAutorizada/ohHK2T004TmJLXFX9CO9lDtmkQ", "sup proy": 0.0, "sup_graf": 108, "proyecto": "209", "tramite": "APROBACIÓN", "tipo_obra": "OBRA CIVIL (Con factibilidad previa)\t" }, "geometry": { "type": "MultiPolygon", "coordinates": [ [ [ [ -60.520524, -31.746878 ], [ -60.520385, -31.7469 ], [ -60.5204, -31.746972 ], [ -60.52054, -31.746949 ], [ -60.520524, -31.746878 ] ] ] ] } },
{ "type": "Feature", "properties": { "ogc_fid": 105, "nivel": 1.0, "ncp": "0060310026027", "observ": null, "proy nro": 160, "partmuni": 73376, "expte": "28554/2023", "link": "https://tramiteobra.parana.gob.ar/menuAutorizada/informacionAutorizada/NE0q7M6biesIFggqhj_BrocvbA", "sup proy": 0.0, "sup_graf": 247, "proyecto": "160", "tramite": "APROBACIÓN", "tipo_obra": "OBRA CIVIL\t" }, "geometry": { "type": "MultiPolygon", "coordinates": [ [ [ [ -60.523912, -31.764883 ], [ -60.52393, -31.764965 ], [ -60.524175, -31.764925 ], [ -60.524169, -31.7649 ], [ -60.524183, -31.764898 ], [ -60.524181, -31.764888 ], [ -60.524215, -31.764883 ], [ -60.524204, -31.764834 ], [ -60.523912, -31.764883 ] ] ] ] } },
{ "type": "Feature", "properties": { "ogc_fid": 103, "nivel": 0.0, "ncp": "0100020024026", "observ": null, "proy nro": 203, "partmuni": 425054, "expte": "37271/2023", "link": "https://tramiteobra.parana.gob.ar/menu/informacionAutorizada/ohHK2T004TmJLXFX9CO9lDtmmw", "sup proy": 169.79, "sup_graf": 162, "proyecto": "203", "tramite": "APROBACIÓN", "tipo_obra": "OBRA CIVIL\t" }, "geometry": { "type": "MultiPolygon", "coordinates": [ [ [ [ -60.550554, -31.713266 ], [ -60.550455, -31.713218 ], [ -60.550439, -31.713241 ], [ -60.550461, -31.713251 ], [ -60.550377, -31.713372 ], [ -60.550453, -31.713409 ], [ -60.550497, -31.713347 ], [ -60.550522, -31.713312 ], [ -60.550554, -31.713266 ] ] ] ] } },
{ "type": "Feature", "properties": { "ogc_fid": 102, "nivel": 1.0, "ncp": "0020000034021", "observ": null, "proy nro": 177, "partmuni": 66367, "expte": "28557/2023", "link": "https://tramiteobra.parana.gob.ar/menuAutorizada/informacionAutorizada/NE0q7M6biesIFggqhj_Brocuaw", "sup proy": 0.0, "sup_graf": 106, "proyecto": "177", "tramite": "APROBACIÓN", "tipo_obra": "OBRA CIVIL\t" }, "geometry": { "type": "MultiPolygon", "coordinates": [ [ [ [ -60.527936, -31.737064 ], [ -60.527884, -31.736985 ], [ -60.527786, -31.73703 ], [ -60.527838, -31.73711 ], [ -60.527936, -31.737064 ] ] ] ] } },
{ "type": "Feature", "properties": { "ogc_fid": 82, "nivel": 3.0, "ncp": "0030000004009", "observ": null, "proy nro": 140, "partmuni": 30620, "expte": "23266/2023", "link": "https://tramiteobra.parana.gob.ar/menuAutorizada/informacionAutorizada/NE0q7M6biesIFggqhj_BroctbA", "sup proy": 409.1, "sup_graf": 73, "proyecto": "140", "tramite": "APROBACIÓN", "tipo_obra": "OBRA CIVIL (Con factibilidad previa)\t" }, "geometry": { "type": "MultiPolygon", "coordinates": [ [ [ [ -60.541398, -31.728178 ], [ -60.54148, -31.728145 ], [ -60.54144, -31.728078 ], [ -60.541356, -31.728111 ], [ -60.541398, -31.728178 ] ] ] ] } },
{ "type": "Feature", "properties": { "ogc_fid": 106, "nivel": 0.0, "ncp": "0060070007034", "observ": null, "proy nro": 158, "partmuni": 45138, "expte": "31182/2023", "link": "https://tramiteobra.parana.gob.ar/menuAutorizada/informacionAutorizada/NE0q7M6biesIFggqhj_BrocsZA", "sup proy": 0.0, "sup_graf": 142, "proyecto": "158", "tramite": "APROBACIÓN", "tipo_obra": "OBRA CIVIL (Con factibilidad previa)\t" }, "geometry": { "type": "MultiPolygon", "coordinates": [ [ [ [ -60.526584, -31.757935 ], [ -60.526555, -31.757804 ], [ -60.526518, -31.75781 ], [ -60.526517, -31.757808 ], [ -60.526508, -31.75781 ], [ -60.526507, -31.757807 ], [ -60.526455, -31.757816 ], [ -60.526483, -31.757946 ], [ -60.526524, -31.75794 ], [ -60.526525, -31.757943 ], [ -60.526584, -31.757935 ] ] ] ] } },
{ "type": "Feature", "properties": { "ogc_fid": 111, "nivel": 0.0, "ncp": "0090620009014", "observ": null, "proy nro": 155, "partmuni": 91269, "expte": "31176/2023", "link": "https://tramiteobra.parana.gob.ar/menuAutorizada/informacionAutorizada/NE0q7M6biesIFggqhj_BrocsaQ", "sup proy": 515.9, "sup_graf": 24, "proyecto": "155", "tramite": "APROBACIÓN", "tipo_obra": "OBRA CIVIL (Con factibilidad previa)\t" }, "geometry": { "type": "MultiPolygon", "coordinates": [ [ [ [ -60.49516, -31.773735 ], [ -60.495279, -31.773717 ], [ -60.495276, -31.773699 ], [ -60.495156, -31.773715 ], [ -60.49516, -31.773735 ] ] ] ] } },
{ "type": "Feature", "properties": { "ogc_fid": 85, "nivel": 1.0, "ncp": "0020000089001", "observ": null, "proy nro": 124, "partmuni": 46282, "expte": "23495/2023", "link": "https://tramiteobra.parana.gob.ar/menuAutorizada/informacionAutorizada/NE0q7M6biesIFggqhj_BrocraA", "sup proy": 132.42, "sup_graf": 58, "proyecto": "124", "tramite": "APROBACIÓN", "tipo_obra": "OBRA CIVIL (Con factibilidad previa)\t" }, "geometry": { "type": "MultiPolygon", "coordinates": [ [ [ [ -60.525005, -31.744095 ], [ -60.525044, -31.744135 ], [ -60.525115, -31.7441 ], [ -60.525071, -31.744036 ], [ -60.525005, -31.744095 ] ] ] ] } },
{ "type": "Feature", "properties": { "ogc_fid": 86, "nivel": 0.0, "ncp": "0020000089001", "observ": null, "proy nro": 124, "partmuni": 46282, "expte": "23495/2023", "link": "https://tramiteobra.parana.gob.ar/menuAutorizada/informacionAutorizada/NE0q7M6biesIFggqhj_BrocraA", "sup proy": 132.42, "sup_graf": 81, "proyecto": "124", "tramite": "APROBACIÓN", "tipo_obra": "OBRA CIVIL (Con factibilidad previa)\t" }, "geometry": { "type": "MultiPolygon", "coordinates": [ [ [ [ -60.525115, -31.7441 ], [ -60.525208, -31.744054 ], [ -60.525186, -31.744022 ], [ -60.525169, -31.74403 ], [ -60.525149, -31.744003 ], [ -60.525113, -31.744 ], [ -60.525071, -31.744036 ], [ -60.525115, -31.7441 ] ] ] ] } },
{ "type": "Feature", "properties": { "ogc_fid": 84, "nivel": 0.0, "ncp": "0150740001070", "observ": null, "proy nro": 126, "partmuni": 40853, "expte": "20571/2023", "link": "https://tramiteobra.parana.gob.ar/menuAutorizada/informacionAutorizada/NE0q7M6biesIFggqhj_Brocrag", "sup proy": 44.9, "sup_graf": 129, "proyecto": "126", "tramite": "APROBACIÓN", "tipo_obra": "OBRA CIVIL (Con factibilidad previa)\t" }, "geometry": { "type": "MultiPolygon", "coordinates": [ [ [ [ -60.473521, -31.724989 ], [ -60.473536, -31.725059 ], [ -60.47364, -31.725043 ], [ -60.473636, -31.725029 ], [ -60.473674, -31.725023 ], [ -60.473663, -31.724973 ], [ -60.47366, -31.724974 ], [ -60.473646, -31.724895 ], [ -60.473608, -31.724901 ], [ -60.473624, -31.724973 ], [ -60.473521, -31.724989 ] ] ] ] } },
{ "type": "Feature", "properties": { "ogc_fid": 100, "nivel": 0.0, "ncp": "0100020027006", "observ": null, "proy nro": 136, "partmuni": 91879, "expte": "23674/2023", "link": "https://tramiteobra.parana.gob.ar/menuAutorizada/informacionAutorizada/ddqZ5MbbmQORTydDvx62W4QUag", "sup proy": 0.0, "sup_graf": 184, "proyecto": "136", "tramite": "APROBACIÓN", "tipo_obra": "OBRA CIVIL\t" }, "geometry": { "type": "MultiPolygon", "coordinates": [ [ [ [ -60.549909, -31.711792 ], [ -60.549889, -31.711769 ], [ -60.549886, -31.711771 ], [ -60.549879, -31.711764 ], [ -60.54994, -31.711727 ], [ -60.549905, -31.711687 ], [ -60.549878, -31.711703 ], [ -60.549849, -31.711669 ], [ -60.549847, -31.711668 ], [ -60.549811, -31.71169 ], [ -60.549818, -31.711698 ], [ -60.549784, -31.711719 ], [ -60.549785, -31.71172 ], [ -60.549743, -31.711746 ], [ -60.549818, -31.71183 ], [ -60.549839, -31.711854 ], [ -60.549874, -31.711833 ], [ -60.549854, -31.711809 ], [ -60.549883, -31.711792 ], [ -60.549892, -31.711802 ], [ -60.549909, -31.711792 ] ] ] ] } },
{ "type": "Feature", "properties": { "ogc_fid": 109, "nivel": 0.0, "ncp": "0070390019035", "observ": null, "proy nro": 189, "partmuni": 46311, "expte": "34382/2023", "link": "https://tramiteobra.parana.gob.ar/menuAutorizada/informacionAutorizada/ddqZ5MbbmQORTydDvx62W4QfZQ", "sup proy": 119.79, "sup_graf": 767, "proyecto": "189", "tramite": "FACTIBILIDAD", "tipo_obra": "OBRA CIVIL (Con factibilidad previa)\t" }, "geometry": { "type": "MultiPolygon", "coordinates": [ [ [ [ -60.517366, -31.742328 ], [ -60.517383, -31.742422 ], [ -60.517446, -31.742412 ], [ -60.517446, -31.742414 ], [ -60.517504, -31.742405 ], [ -60.517504, -31.742408 ], [ -60.51752, -31.742495 ], [ -60.517487, -31.7425 ], [ -60.517503, -31.742579 ], [ -60.517732, -31.742545 ], [ -60.517716, -31.742465 ], [ -60.517684, -31.74247 ], [ -60.517667, -31.742383 ], [ -60.517748, -31.742372 ], [ -60.51774, -31.742338 ], [ -60.51779, -31.742331 ], [ -60.517779, -31.742265 ], [ -60.517366, -31.742328 ] ] ] ] } },
{ "type": "Feature", "properties": { "ogc_fid": 104, "nivel": 1.0, "ncp": "0080420007031", "observ": null, "proy nro": 183, "partmuni": 18205, "expte": "33931/2023", "link": "https://tramiteobra.parana.gob.ar/menuAutorizada/informacionAutorizada/ddqZ5MbbmQORTydDvx62W4Qfbw", "sup proy": 0.0, "sup_graf": 130, "proyecto": "183", "tramite": "APROBACIÓN", "tipo_obra": "OBRA CIVIL\t" }, "geometry": { "type": "MultiPolygon", "coordinates": [ [ [ [ -60.511843, -31.725839 ], [ -60.511861, -31.725836 ], [ -60.511859, -31.725828 ], [ -60.511907, -31.725821 ], [ -60.511907, -31.725822 ], [ -60.511924, -31.72582 ], [ -60.51189, -31.725676 ], [ -60.511807, -31.72569 ], [ -60.511843, -31.725839 ] ] ] ] } },
{ "type": "Feature", "properties": { "ogc_fid": 640, "nivel": 0.0, "ncp": "0121210001022", "observ": null, "proy nro": 934, "partmuni": 51094, "expte": "/", "link": "https://tramiteobra.parana.gob.ar/menuAutorizada/informacionAutorizada/ie-M1HBqCEfKIh8HvxdNz3BssQ", "sup proy": 419.875, "sup_graf": null, "proyecto": "934", "tramite": "APROBACIÓN", "tipo_obra": "OBRA CIVIL" }, "geometry": { "type": "MultiPolygon", "coordinates": [ [ [ [ -60.504657, -31.779962 ], [ -60.504662, -31.779988 ], [ -60.504702, -31.779981 ], [ -60.504696, -31.779955 ], [ -60.504657, -31.779962 ] ] ] ] } },
{ "type": "Feature", "properties": { "ogc_fid": 422, "nivel": 0.0, "ncp": "0060550001001", "observ": null, "proy nro": 698, "partmuni": 34926, "expte": "/", "link": "https://tramiteobra.parana.gob.ar/menuAutorizada/informacionAutorizada/89nTflDtguPEPtpk69c_0s9Psw", "sup proy": null, "sup_graf": null, "proyecto": "698", "tramite": "USO CONFORME PREVIO", "tipo_obra": "URBANIZACIONES" }, "geometry": { "type": "MultiPolygon", "coordinates": [ [ [ [ -60.534709, -31.764681 ], [ -60.534672, -31.764725 ], [ -60.534786, -31.76528 ], [ -60.534839, -31.765311 ], [ -60.540137, -31.764468 ], [ -60.540173, -31.764424 ], [ -60.540049, -31.763831 ], [ -60.534709, -31.764681 ] ] ] ] } },
{ "type": "Feature", "properties": { "ogc_fid": 425, "nivel": 0.0, "ncp": "0100020025004", "observ": null, "proy nro": 690, "partmuni": 91859, "expte": "18584/2025", "link": "https://tramiteobra.parana.gob.ar/menuAutorizada/informacionAutorizada/89nTflDtguPEPtpk69c_0s9Puw", "sup proy": 150.0, "sup_graf": null, "proyecto": "690", "tramite": "APROBACIÓN", "tipo_obra": "OBRA CIVIL\t" }, "geometry": { "type": "MultiPolygon", "coordinates": [ [ [ [ -60.55266, -31.710991 ], [ -60.552587, -31.710911 ], [ -60.552691, -31.710838 ], [ -60.552714, -31.710864 ], [ -60.552661, -31.710901 ], [ -60.55271, -31.710955 ], [ -60.55266, -31.710991 ] ] ] ] } },
{ "type": "Feature", "properties": { "ogc_fid": 426, "nivel": 0.0, "ncp": "0100020025004", "observ": null, "proy nro": 690, "partmuni": 91859, "expte": "18584/2025", "link": "https://tramiteobra.parana.gob.ar/menuAutorizada/informacionAutorizada/89nTflDtguPEPtpk69c_0s9Puw", "sup proy": 150.0, "sup_graf": null, "proyecto": "690", "tramite": "APROBACIÓN", "tipo_obra": "OBRA CIVIL\t" }, "geometry": { "type": "MultiPolygon", "coordinates": [ [ [ [ -60.55277, -31.710936 ], [ -60.552843, -31.710885 ], [ -60.552813, -31.710852 ], [ -60.552739, -31.710903 ], [ -60.55277, -31.710936 ] ] ] ] } },
{ "type": "Feature", "properties": { "ogc_fid": 93, "nivel": 1.0, "ncp": "0121140012007", "observ": null, "proy nro": 108, "partmuni": 43490, "expte": "23677/2023", "link": "https://tramiteobra.parana.gob.ar/menuAutorizada/informacionAutorizada/ddqZ5MbbmQORTydDvx62W4QXZA", "sup proy": 134.16, "sup_graf": 60, "proyecto": "108", "tramite": "APROBACIÓN", "tipo_obra": "OBRA CIVIL\t" }, "geometry": { "type": "MultiPolygon", "coordinates": [ [ [ [ -60.542918, -31.774816 ], [ -60.542928, -31.774865 ], [ -60.54297, -31.774859 ], [ -60.542972, -31.774869 ], [ -60.543031, -31.774859 ], [ -60.543019, -31.7748 ], [ -60.542978, -31.774807 ], [ -60.542918, -31.774816 ] ] ] ] } },
{ "type": "Feature", "properties": { "ogc_fid": 94, "nivel": 0.0, "ncp": "0121140012007", "observ": null, "proy nro": 108, "partmuni": 43490, "expte": "23677/2023", "link": "https://tramiteobra.parana.gob.ar/menuAutorizada/informacionAutorizada/ddqZ5MbbmQORTydDvx62W4QXZA", "sup proy": 134.16, "sup_graf": 31, "proyecto": "108", "tramite": "APROBACIÓN", "tipo_obra": "OBRA CIVIL\t" }, "geometry": { "type": "MultiPolygon", "coordinates": [ [ [ [ -60.542918, -31.774816 ], [ -60.542859, -31.774825 ], [ -60.54287, -31.774875 ], [ -60.542928, -31.774865 ], [ -60.542918, -31.774816 ] ] ] ] } },
{ "type": "Feature", "properties": { "ogc_fid": 642, "nivel": 0.0, "ncp": "0060560006020", "observ": null, "proy nro": 902, "partmuni": 67209, "expte": "/", "link": "https://tramiteobra.parana.gob.ar/menuAutorizada/informacionAutorizada/CgRw8S_TFTxu7fuD0I55XSDJIQ", "sup proy": 129.9, "sup_graf": null, "proyecto": "902", "tramite": "APROBACIÓN", "tipo_obra": "OBRA CIVIL" }, "geometry": { "type": "MultiPolygon", "coordinates": [ [ [ [ -60.534083, -31.766888 ], [ -60.534081, -31.766877 ], [ -60.534074, -31.766878 ], [ -60.534065, -31.766837 ], [ -60.534073, -31.766836 ], [ -60.534068, -31.766815 ], [ -60.534061, -31.766816 ], [ -60.534056, -31.766795 ], [ -60.533935, -31.766814 ], [ -60.533955, -31.766909 ], [ -60.534083, -31.766888 ] ] ] ] } },
{ "type": "Feature", "properties": { "ogc_fid": 670, "nivel": 15.0, "ncp": "0040000037019", "observ": null, "proy nro": 670, "partmuni": 10124, "expte": "2342/2026", "link": "https://tramiteobra.parana.gob.ar/menuAutorizada/informacionAutorizada/x520Sxdx5ClrDAeKmBPQ2o0sfA", "sup proy": 4818.48, "sup_graf": null, "proyecto": "670", "tramite": "APROBACIÓN", "tipo_obra": "OBRA CIVIL (Con factibilidad previa)" }, "geometry": { "type": "MultiPolygon", "coordinates": [ [ [ [ -60.53292, -31.723999 ], [ -60.533018, -31.723882 ], [ -60.53286, -31.723777 ], [ -60.532761, -31.723896 ], [ -60.53292, -31.723999 ] ] ] ] } },
{ "type": "Feature", "properties": { "ogc_fid": 430, "nivel": 1.0, "ncp": "0060340017045", "observ": null, "proy nro": 683, "partmuni": 16407, "expte": "24539/2025", "link": "https://tramiteobra.parana.gob.ar/menuAutorizada/informacionAutorizada/89nTflDtguPEPtpk69c_0s9OuA", "sup proy": 11.0, "sup_graf": null, "proyecto": "683", "tramite": "APROBACIÓN", "tipo_obra": "OBRA CIVIL\t" }, "geometry": { "type": "MultiPolygon", "coordinates": [ [ [ [ -60.536238, -31.745925 ], [ -60.536231, -31.745898 ], [ -60.536191, -31.745904 ], [ -60.536186, -31.745884 ], [ -60.536166, -31.745888 ], [ -60.53617, -31.745907 ], [ -60.536139, -31.745912 ], [ -60.536134, -31.745893 ], [ -60.536078, -31.745903 ], [ -60.53609, -31.745951 ], [ -60.536238, -31.745925 ] ] ] ] } },
{ "type": "Feature", "properties": { "ogc_fid": 447, "nivel": 1.0, "ncp": "0070600012006", "observ": null, "proy nro": 741, "partmuni": 65095, "expte": "25157 /2025", "link": "https://tramiteobra.parana.gob.ar/menuAutorizada/informacionAutorizada/P6b-dMccLvHyEt86_mzShqvGag", "sup proy": 0.0, "sup_graf": null, "proyecto": "741", "tramite": "APROBACIÓN", "tipo_obra": "OBRA CIVIL\t" }, "geometry": { "type": "MultiPolygon", "coordinates": [ [ [ [ -60.506927, -31.770987 ], [ -60.506911, -31.770915 ], [ -60.506894, -31.770918 ], [ -60.50688, -31.770857 ], [ -60.506938, -31.770847 ], [ -60.506943, -31.770866 ], [ -60.506985, -31.770859 ], [ -60.50701, -31.770973 ], [ -60.506927, -31.770987 ] ] ] ] } },
{ "type": "Feature", "properties": { "ogc_fid": 448, "nivel": 1.0, "ncp": "0090420044032", "observ": null, "proy nro": 713, "partmuni": 46794, "expte": "25989/2025", "link": "https://tramiteobra.parana.gob.ar/menuAutorizada/informacionAutorizada/P6b-dMccLvHyEt86_mzShqvDaA", "sup proy": 451.82, "sup_graf": null, "proyecto": "713", "tramite": "APROBACIÓN", "tipo_obra": "OBRA CIVIL\t" }, "geometry": { "type": "MultiPolygon", "coordinates": [ [ [ [ -60.486108, -31.747554 ], [ -60.48606, -31.747321 ], [ -60.485958, -31.747338 ], [ -60.486006, -31.747571 ], [ -60.486108, -31.747554 ] ] ] ] } },
{ "type": "Feature", "properties": { "ogc_fid": 604, "nivel": 1.0, "ncp": "0121170004016", "observ": null, "proy nro": 865, "partmuni": 55246, "expte": "11932/2026", "link": "https://tramiteobra.parana.gob.ar/menuAutorizada/informacionAutorizada/cqbRqEsPtpQ6l4sJcUBi4fXdrw", "sup proy": 252.535, "sup_graf": null, "proyecto": "865", "tramite": "APROBACIÓN", "tipo_obra": "OBRA CIVIL" }, "geometry": { "type": "MultiPolygon", "coordinates": [ [ [ [ -60.525523, -31.776746 ], [ -60.525522, -31.776738 ], [ -60.525504, -31.776659 ], [ -60.525611, -31.776642 ], [ -60.525629, -31.776729 ], [ -60.525523, -31.776746 ] ] ] ] } },
{ "type": "Feature", "properties": { "ogc_fid": 449, "nivel": 1.0, "ncp": "0040000011004", "observ": null, "proy nro": 702, "partmuni": 5142, "expte": "27132/2025", "link": "https://tramiteobra.parana.gob.ar/menuAutorizada/informacionAutorizada/P6b-dMccLvHyEt86_mzShqvCaQ", "sup proy": 559.435, "sup_graf": null, "proyecto": "702", "tramite": "APROBACIÓN", "tipo_obra": "OBRA CIVIL\t" }, "geometry": { "type": "MultiPolygon", "coordinates": [ [ [ [ -60.525841, -31.720621 ], [ -60.525821, -31.720684 ], [ -60.525838, -31.720688 ], [ -60.525827, -31.720719 ], [ -60.525857, -31.720724 ], [ -60.525866, -31.720695 ], [ -60.525902, -31.720703 ], [ -60.525893, -31.72073 ], [ -60.526014, -31.72075 ], [ -60.525996, -31.720717 ], [ -60.525976, -31.720713 ], [ -60.525978, -31.720704 ], [ -60.52597, -31.720702 ], [ -60.525981, -31.720668 ], [ -60.525841, -31.720621 ] ] ] ] } },
{ "type": "Feature", "properties": { "ogc_fid": 450, "nivel": 1.0, "ncp": "0150840019009", "observ": null, "proy nro": 718, "partmuni": 48745, "expte": "29480/2025", "link": "https://tramiteobra.parana.gob.ar/menuAutorizada/informacionAutorizada/P6b-dMccLvHyEt86_mzShqvDYw", "sup proy": 314.055, "sup_graf": null, "proyecto": "718", "tramite": "APROBACIÓN", "tipo_obra": "OBRA CIVIL\t" }, "geometry": { "type": "MultiPolygon", "coordinates": [ [ [ [ -60.488444, -31.712105 ], [ -60.48829, -31.712127 ], [ -60.488288, -31.712115 ], [ -60.488274, -31.712117 ], [ -60.488253, -31.712006 ], [ -60.488394, -31.711986 ], [ -60.488395, -31.711992 ], [ -60.488422, -31.711988 ], [ -60.488444, -31.712105 ] ] ] ] } },
{ "type": "Feature", "properties": { "ogc_fid": 414, "nivel": 1.0, "ncp": "0040000037052", "observ": null, "proy nro": 612, "partmuni": 12811, "expte": "22532/2025", "link": "https://tramiteobra.parana.gob.ar/menuAutorizada/informacionAutorizada/z-yyDEVXLayetp2zJw3FLNv1Pg", "sup proy": 59.93, "sup_graf": null, "proyecto": "612", "tramite": "APROBACIÓN", "tipo_obra": "OBRA CIVIL (Con factibilidad previa)\t" }, "geometry": { "type": "MultiPolygon", "coordinates": [ [ [ [ -60.534052, -31.72393 ], [ -60.534052, -31.72393 ], [ -60.534042, -31.723904 ], [ -60.534006, -31.723914 ], [ -60.533996, -31.723917 ], [ -60.534014, -31.723941 ], [ -60.534052, -31.72393 ] ] ] ] } },
{ "type": "Feature", "properties": { "ogc_fid": 26, "nivel": 1.0, "ncp": "0070530006020", "observ": null, "proy nro": 145, "partmuni": 31307, "expte": "32111/2023", "link": "https://tramiteobra.parana.gob.ar/menuAutorizada/informacionAutorizada/NE0q7M6biesIFggqhj_BroctaQ", "sup proy": 368.77, "sup_graf": 75, "proyecto": "145", "tramite": "APROBACIÓN", "tipo_obra": "OBRA CIVIL\t" }, "geometry": { "type": "MultiPolygon", "coordinates": [ [ [ [ -60.513472, -31.755116 ], [ -60.513388, -31.755102 ], [ -60.513371, -31.755182 ], [ -60.513456, -31.755198 ], [ -60.513472, -31.755116 ] ] ] ] } },
{ "type": "Feature", "properties": { "ogc_fid": 2, "nivel": 4.0, "ncp": "0030000038032", "observ": null, "proy nro": 176, "partmuni": 8344, "expte": "37186/2023", "link": "https://tramiteobra.parana.gob.ar/menuAutorizada/informacionAutorizada/NE0q7M6biesIFggqhj_Brocuag", "sup proy": 590.73, "sup_graf": 11, "proyecto": "176", "tramite": "FACTIBILIDAD", "tipo_obra": "OBRA CIVIL (Con factibilidad previa)\t" }, "geometry": { "type": "MultiPolygon", "coordinates": [ [ [ [ -60.538785, -31.733787 ], [ -60.538795, -31.733815 ], [ -60.538828, -31.733804 ], [ -60.538817, -31.733776 ], [ -60.538785, -31.733787 ] ] ] ] } },
{ "type": "Feature", "properties": { "ogc_fid": 1, "nivel": 0.0, "ncp": "0070530006020", "observ": null, "proy nro": 145, "partmuni": 31307, "expte": "32111/2023", "link": "https://tramiteobra.parana.gob.ar/menuAutorizada/informacionAutorizada/NE0q7M6biesIFggqhj_BroctaQ", "sup proy": 368.77, "sup_graf": 46, "proyecto": "145", "tramite": "APROBACIÓN", "tipo_obra": "OBRA CIVIL\t" }, "geometry": { "type": "MultiPolygon", "coordinates": [ [ [ [ -60.513472, -31.755116 ], [ -60.513467, -31.755142 ], [ -60.513458, -31.755188 ], [ -60.513492, -31.755194 ], [ -60.513536, -31.755187 ], [ -60.513543, -31.755153 ], [ -60.513477, -31.755117 ], [ -60.513472, -31.755116 ] ] ] ] } },
{ "type": "Feature", "properties": { "ogc_fid": 25, "nivel": 1.0, "ncp": "0070530006020", "observ": null, "proy nro": 145, "partmuni": 31307, "expte": "32111/2023", "link": "https://tramiteobra.parana.gob.ar/menuAutorizada/informacionAutorizada/NE0q7M6biesIFggqhj_BroctaQ", "sup proy": 368.77, "sup_graf": 75, "proyecto": "145", "tramite": "APROBACIÓN", "tipo_obra": "OBRA CIVIL\t" }, "geometry": { "type": "MultiPolygon", "coordinates": [ [ [ [ -60.513325, -31.755216 ], [ -60.513341, -31.755135 ], [ -60.513257, -31.755121 ], [ -60.51324, -31.755202 ], [ -60.513325, -31.755216 ] ] ] ] } },
{ "type": "Feature", "properties": { "ogc_fid": 16, "nivel": 0.0, "ncp": "0070340018073", "observ": null, "proy nro": 101, "partmuni": 41457, "expte": "22034/2023", "link": "https://tramiteobra.parana.gob.ar/menuAutorizada/informacionAutorizada/ddqZ5MbbmQORTydDvx62W4QXbQ", "sup proy": 126.74, "sup_graf": 101, "proyecto": "101", "tramite": "APROBACIÓN", "tipo_obra": "OBRA CIVIL (Con factibilidad previa)\t" }, "geometry": { "type": "MultiPolygon", "coordinates": [ [ [ [ -60.506737, -31.768756 ], [ -60.506768, -31.768897 ], [ -60.506835, -31.768887 ], [ -60.506803, -31.768746 ], [ -60.506737, -31.768756 ] ] ] ] } },
{ "type": "Feature", "properties": { "ogc_fid": 122, "nivel": 0.0, "ncp": "0070390023018", "observ": null, "proy nro": 221, "partmuni": 138568, "expte": "1820/2023", "link": "https://tramiteobra.parana.gob.ar/menu/informacionAutorizada/ohHK2T004TmJLXFX9CO9lDtkmQ", "sup proy": 199.5, "sup_graf": 62, "proyecto": "221", "tramite": "APROBACIÓN", "tipo_obra": "OBRA CIVIL\t" }, "geometry": { "type": "MultiPolygon", "coordinates": [ [ [ [ -60.512287, -31.742684 ], [ -60.512266, -31.742647 ], [ -60.512324, -31.742624 ], [ -60.512309, -31.742596 ], [ -60.512405, -31.742558 ], [ -60.512398, -31.742545 ], [ -60.512241, -31.742607 ], [ -60.512259, -31.742696 ], [ -60.512287, -31.742684 ] ] ] ] } },
{ "type": "Feature", "properties": { "ogc_fid": 136, "nivel": 0.0, "ncp": "0060310009019", "observ": null, "proy nro": 205, "partmuni": 371647, "expte": "36460/2023", "link": "https://tramiteobra.parana.gob.ar/menu/informacionAutorizada/ohHK2T004TmJLXFX9CO9lDtmnQ", "sup proy": 227.13, "sup_graf": 138, "proyecto": "205", "tramite": "APROBACIÓN", "tipo_obra": "OBRA CIVIL (Con factibilidad previa)\t" }, "geometry": { "type": "MultiPolygon", "coordinates": [ [ [ [ -60.525446, -31.762924 ], [ -60.525462, -31.763001 ], [ -60.525624, -31.762975 ], [ -60.525607, -31.762896 ], [ -60.525446, -31.762924 ] ] ] ] } },
{ "type": "Feature", "properties": { "ogc_fid": 137, "nivel": 0.0, "ncp": "0060310009019", "observ": null, "proy nro": 205, "partmuni": 371647, "expte": "36460/2023", "link": "https://tramiteobra.parana.gob.ar/menu/informacionAutorizada/ohHK2T004TmJLXFX9CO9lDtmnQ", "sup proy": 227.13, "sup_graf": 138, "proyecto": "205", "tramite": "APROBACIÓN", "tipo_obra": "OBRA CIVIL (Con factibilidad previa)\t" }, "geometry": { "type": "MultiPolygon", "coordinates": [ [ [ [ -60.525672, -31.762886 ], [ -60.525689, -31.762965 ], [ -60.525848, -31.762939 ], [ -60.525831, -31.762858 ], [ -60.525672, -31.762886 ] ] ] ] } },
{ "type": "Feature", "properties": { "ogc_fid": 149, "nivel": 0.0, "ncp": "0131310002021", "observ": null, "proy nro": 191, "partmuni": 45499, "expte": "34692/2023", "link": "https://tramiteobra.parana.gob.ar/menu/informacionAutorizada/ZEtMb-KwojlgkW8ajht60rJ36Q", "sup proy": 1753.91, "sup_graf": 666, "proyecto": "191", "tramite": "FACTIBILIDAD", "tipo_obra": "OBRA CIVIL (Con factibilidad previa)\t" }, "geometry": { "type": "MultiPolygon", "coordinates": [ [ [ [ -60.470091, -31.763051 ], [ -60.470067, -31.762938 ], [ -60.469517, -31.763019 ], [ -60.469543, -31.76313 ], [ -60.470091, -31.763051 ] ] ] ] } },
{ "type": "Feature", "properties": { "ogc_fid": 150, "nivel": 0.0, "ncp": "0131310002021", "observ": null, "proy nro": 191, "partmuni": 45499, "expte": "34692/2023", "link": "https://tramiteobra.parana.gob.ar/menu/informacionAutorizada/ZEtMb-KwojlgkW8ajht60rJ36Q", "sup proy": 1753.91, "sup_graf": 3807, "proyecto": "191", "tramite": "FACTIBILIDAD", "tipo_obra": "OBRA CIVIL (Con factibilidad previa)\t" }, "geometry": { "type": "MultiPolygon", "coordinates": [ [ [ [ -60.470312, -31.763624 ], [ -60.470803, -31.763555 ], [ -60.470651, -31.762854 ], [ -60.470143, -31.762926 ], [ -60.470229, -31.763321 ], [ -60.47024, -31.763319 ], [ -60.470244, -31.763337 ], [ -60.470307, -31.763623 ], [ -60.470264, -31.763325 ], [ -60.470312, -31.763624 ] ] ] ] } },
{ "type": "Feature", "properties": { "ogc_fid": 50, "nivel": 0.0, "ncp": "0080600002002", "observ": null, "proy nro": 200, "partmuni": 48411, "expte": "35978/2023", "link": "https://tramiteobra.parana.gob.ar/menuAutorizada/informacionAutorizada/NE0q7M6biesIFggqhj_BroQpbA", "sup proy": 1424.06, "sup_graf": 483, "proyecto": "200", "tramite": "APROBACIÓN", "tipo_obra": "OBRA CIVIL (Con factibilidad previa)\t" }, "geometry": { "type": "MultiPolygon", "coordinates": [ [ [ [ -60.502465, -31.720513 ], [ -60.502332, -31.720533 ], [ -60.502403, -31.720868 ], [ -60.502536, -31.720847 ], [ -60.502465, -31.720513 ] ] ] ] } },
{ "type": "Feature", "properties": { "ogc_fid": 116, "nivel": 0.0, "ncp": "0070340018007", "observ": null, "proy nro": 185, "partmuni": 43795, "expte": "30630/2023", "link": "https://tramiteobra.parana.gob.ar/menuAutorizada/informacionAutorizada/ddqZ5MbbmQORTydDvx62W4QfaQ", "sup proy": 252.69, "sup_graf": 36, "proyecto": "185", "tramite": "APROBACIÓN", "tipo_obra": "OBRA CIVIL\t" }, "geometry": { "type": "MultiPolygon", "coordinates": [ [ [ [ -60.506904, -31.767068 ], [ -60.506923, -31.767153 ], [ -60.506961, -31.767147 ], [ -60.506943, -31.767062 ], [ -60.506904, -31.767068 ] ] ] ] } },
{ "type": "Feature", "properties": { "ogc_fid": 159, "nivel": 0.0, "ncp": "0080600002002", "observ": null, "proy nro": 200, "partmuni": 48411, "expte": "35978/2023", "link": "https://tramiteobra.parana.gob.ar/menuAutorizada/informacionAutorizada/NE0q7M6biesIFggqhj_BroQpbA", "sup proy": 1424.06, "sup_graf": 110, "proyecto": "200", "tramite": "APROBACIÓN", "tipo_obra": "OBRA CIVIL (Con factibilidad previa)\t" }, "geometry": { "type": "MultiPolygon", "coordinates": [ [ [ [ -60.502443, -31.721182 ], [ -60.502278, -31.721207 ], [ -60.502291, -31.721269 ], [ -60.502456, -31.721244 ], [ -60.502443, -31.721182 ] ] ] ] } },
{ "type": "Feature", "properties": { "ogc_fid": 117, "nivel": 0.0, "ncp": "0070340018007", "observ": null, "proy nro": 185, "partmuni": 43795, "expte": "30630/2023", "link": "https://tramiteobra.parana.gob.ar/menuAutorizada/informacionAutorizada/ddqZ5MbbmQORTydDvx62W4QfaQ", "sup proy": 252.69, "sup_graf": 45, "proyecto": "185", "tramite": "APROBACIÓN", "tipo_obra": "OBRA CIVIL\t" }, "geometry": { "type": "MultiPolygon", "coordinates": [ [ [ [ -60.506829, -31.767168 ], [ -60.50681, -31.767084 ], [ -60.506761, -31.767091 ], [ -60.50678, -31.767176 ], [ -60.506829, -31.767168 ] ] ] ] } },
{ "type": "Feature", "properties": { "ogc_fid": 31, "nivel": 0.0, "ncp": "0121140008004", "observ": null, "proy nro": 36, "partmuni": 41648, "expte": "10960/2023", "link": "https://tramiteobra.parana.gob.ar/menuAutorizada/informacionAutorizada/ddqZ5MbbmQORTydDvx62W4YR", "sup proy": 102.87, "sup_graf": 24, "proyecto": "36", "tramite": "APROBACIÓN", "tipo_obra": "OBRA CIVIL (Con factibilidad previa)\t" }, "geometry": { "type": "MultiPolygon", "coordinates": [ [ [ [ -60.543496, -31.774004 ], [ -60.54346, -31.77401 ], [ -60.543473, -31.774071 ], [ -60.543509, -31.774066 ], [ -60.543496, -31.774004 ] ] ] ] } },
{ "type": "Feature", "properties": { "ogc_fid": 646, "nivel": 1.0, "ncp": "0070080016018", "observ": null, "proy nro": 900, "partmuni": 93053, "expte": "/", "link": "https://tramiteobra.parana.gob.ar/menuAutorizada/informacionAutorizada/qyWq3LGWw7GGE9kC7BOlzeUVZg", "sup proy": 68.5, "sup_graf": null, "proyecto": "900", "tramite": "APROBACIÓN", "tipo_obra": "OBRA CIVIL" }, "geometry": { "type": "MultiPolygon", "coordinates": [ [ [ [ -60.520984, -31.759677 ], [ -60.520945, -31.759735 ], [ -60.520975, -31.759749 ], [ -60.520978, -31.759744 ], [ -60.520997, -31.759753 ], [ -60.521028, -31.759705 ], [ -60.52101, -31.759696 ], [ -60.521013, -31.759691 ], [ -60.520984, -31.759677 ] ] ] ] } },
{ "type": "Feature", "properties": { "ogc_fid": 647, "nivel": 1.0, "ncp": "0070080016015", "observ": null, "proy nro": 901, "partmuni": 93050, "expte": "/", "link": "https://tramiteobra.parana.gob.ar/menuAutorizada/informacionAutorizada/qyWq3LGWw7GGE9kC7BOlzeUVZw", "sup proy": 68.5, "sup_graf": null, "proyecto": "901", "tramite": "APROBACIÓN", "tipo_obra": "OBRA CIVIL" }, "geometry": { "type": "MultiPolygon", "coordinates": [ [ [ [ -60.520832, -31.759802 ], [ -60.5208, -31.759787 ], [ -60.520796, -31.759792 ], [ -60.520776, -31.759782 ], [ -60.520744, -31.75983 ], [ -60.520765, -31.75984 ], [ -60.520762, -31.759845 ], [ -60.520794, -31.75986 ], [ -60.520832, -31.759802 ] ] ] ] } },
{ "type": "Feature", "properties": { "ogc_fid": 648, "nivel": 0.0, "ncp": "0020000042001", "observ": null, "proy nro": 909, "partmuni": 9224, "expte": "7782/2026", "link": "https://tramiteobra.parana.gob.ar/menuAutorizada/informacionAutorizada/qyWq3LGWw7GGE9kC7BOlzeUVbw", "sup proy": 367.17, "sup_graf": null, "proyecto": "909", "tramite": "APROBACIÓN", "tipo_obra": "OBRA CIVIL" }, "geometry": { "type": "MultiPolygon", "coordinates": [ [ [ [ -60.518374, -31.741404 ], [ -60.51837, -31.741385 ], [ -60.51838, -31.741383 ], [ -60.518372, -31.741346 ], [ -60.518362, -31.741347 ], [ -60.518352, -31.741299 ], [ -60.518027, -31.741343 ], [ -60.518046, -31.741434 ], [ -60.518115, -31.741425 ], [ -60.518118, -31.741438 ], [ -60.518374, -31.741404 ] ] ] ] } },
{ "type": "Feature", "properties": { "ogc_fid": 57, "nivel": 0.0, "ncp": "0121890009032", "observ": null, "proy nro": 76, "partmuni": 55434, "expte": "26328/2023", "link": "https://tramiteobra.parana.gob.ar/menuAutorizada/informacionAutorizada/NE0q7M6biesIFggqhj_BroEv", "sup proy": 101.87, "sup_graf": 157, "proyecto": "76", "tramite": "APROBACIÓN", "tipo_obra": "OBRA CIVIL\t" }, "geometry": { "type": "MultiPolygon", "coordinates": [ [ [ [ -60.513089, -31.790723 ], [ -60.513297, -31.790691 ], [ -60.513279, -31.79063 ], [ -60.513264, -31.790633 ], [ -60.513258, -31.790614 ], [ -60.513139, -31.790632 ], [ -60.513147, -31.790659 ], [ -60.513073, -31.79067 ], [ -60.513089, -31.790723 ] ] ] ] } },
{ "type": "Feature", "properties": { "ogc_fid": 36, "nivel": 1.0, "ncp": "0060300019012", "observ": null, "proy nro": 85, "partmuni": 66009, "expte": "15219/2023", "link": "https://tramiteobra.parana.gob.ar/menuAutorizada/informacionAutorizada/NE0q7M6biesIFggqhj_Bro4s", "sup proy": 22.87, "sup_graf": 64, "proyecto": "85", "tramite": "APROBACIÓN\t", "tipo_obra": "OBRA CIVIL\t" }, "geometry": { "type": "MultiPolygon", "coordinates": [ [ [ [ -60.533687, -31.764611 ], [ -60.533665, -31.76451 ], [ -60.53363, -31.764516 ], [ -60.53364, -31.764566 ], [ -60.533606, -31.764572 ], [ -60.533605, -31.764565 ], [ -60.533567, -31.764571 ], [ -60.533574, -31.764613 ], [ -60.533614, -31.764606 ], [ -60.533611, -31.764591 ], [ -60.533645, -31.764586 ], [ -60.533651, -31.764617 ], [ -60.533687, -31.764611 ] ] ] ] } },
{ "type": "Feature", "properties": { "ogc_fid": 43, "nivel": 0.0, "ncp": "0060300019012", "observ": null, "proy nro": 85, "partmuni": 66009, "expte": "15219/2023", "link": "https://tramiteobra.parana.gob.ar/menuAutorizada/informacionAutorizada/NE0q7M6biesIFggqhj_Bro4s", "sup proy": 22.87, "sup_graf": 47, "proyecto": "85", "tramite": "APROBACIÓN\t", "tipo_obra": "OBRA CIVIL\t" }, "geometry": { "type": "MultiPolygon", "coordinates": [ [ [ [ -60.53363, -31.764516 ], [ -60.533626, -31.764497 ], [ -60.533594, -31.764502 ], [ -60.533596, -31.764512 ], [ -60.533555, -31.764519 ], [ -60.533567, -31.764571 ], [ -60.533605, -31.764565 ], [ -60.533606, -31.764572 ], [ -60.53364, -31.764566 ], [ -60.53363, -31.764516 ] ] ] ] } },
{ "type": "Feature", "properties": { "ogc_fid": 44, "nivel": 0.0, "ncp": "0060300019012", "observ": null, "proy nro": 85, "partmuni": 66009, "expte": "15219/2023", "link": "https://tramiteobra.parana.gob.ar/menuAutorizada/informacionAutorizada/NE0q7M6biesIFggqhj_Bro4s", "sup proy": 22.87, "sup_graf": 16, "proyecto": "85", "tramite": "APROBACIÓN\t", "tipo_obra": "OBRA CIVIL\t" }, "geometry": { "type": "MultiPolygon", "coordinates": [ [ [ [ -60.533574, -31.764613 ], [ -60.533576, -31.764626 ], [ -60.53365, -31.764614 ], [ -60.533645, -31.764586 ], [ -60.533611, -31.764591 ], [ -60.533614, -31.764606 ], [ -60.533574, -31.764613 ] ] ] ] } },
{ "type": "Feature", "properties": { "ogc_fid": 59, "nivel": 1.0, "ncp": "0150810002019", "observ": null, "proy nro": 81, "partmuni": 42322, "expte": "26332/2023", "link": "https://tramiteobra.parana.gob.ar/menuAutorizada/informacionAutorizada/NE0q7M6biesIFggqhj_Bro4o", "sup proy": 173.18, "sup_graf": 65, "proyecto": "81", "tramite": "APROBACIÓN", "tipo_obra": "OBRA CIVIL\t" }, "geometry": { "type": "MultiPolygon", "coordinates": [ [ [ [ -60.494489, -31.725928 ], [ -60.494415, -31.725938 ], [ -60.494419, -31.725961 ], [ -60.494387, -31.725965 ], [ -60.4944, -31.726031 ], [ -60.494434, -31.726027 ], [ -60.494432, -31.726011 ], [ -60.494453, -31.726008 ], [ -60.49445, -31.725994 ], [ -60.494467, -31.725992 ], [ -60.494462, -31.725967 ], [ -60.494496, -31.725963 ], [ -60.494489, -31.725928 ] ] ] ] } },
{ "type": "Feature", "properties": { "ogc_fid": 212, "nivel": 0.0, "ncp": "0010000082008", "observ": null, "proy nro": 381, "partmuni": 6083, "expte": "19664/2024", "link": "https://tramiteobra.parana.gob.ar/menuAutorizada/informacionAutorizada/AehgKdj4ylT4vME-jzRzoTtxzw", "sup proy": 0.0, "sup_graf": 23, "proyecto": "381", "tramite": "APROBACIÓN", "tipo_obra": "OBRA CIVIL\t" }, "geometry": { "type": "MultiPolygon", "coordinates": [ [ [ [ -60.524953, -31.730034 ], [ -60.524964, -31.730057 ], [ -60.525043, -31.730035 ], [ -60.525028, -31.730004 ], [ -60.525015, -31.730008 ], [ -60.525018, -31.730015 ], [ -60.524953, -31.730034 ] ] ] ] } },
{ "type": "Feature", "properties": { "ogc_fid": 56, "nivel": 0.0, "ncp": "0090380005016", "observ": null, "proy nro": 72, "partmuni": 82967, "expte": "16377/2023", "link": "https://tramiteobra.parana.gob.ar/menuAutorizada/informacionAutorizada/NE0q7M6biesIFggqhj_BroEr", "sup proy": 0.0, "sup_graf": 365, "proyecto": "72", "tramite": "APROBACIÓN", "tipo_obra": "OBRA CIVIL\t" }, "geometry": { "type": "MultiPolygon", "coordinates": [ [ [ [ -60.489643, -31.764452 ], [ -60.489775, -31.764432 ], [ -60.489778, -31.764444 ], [ -60.489839, -31.764434 ], [ -60.489833, -31.764406 ], [ -60.489895, -31.764397 ], [ -60.489871, -31.76428 ], [ -60.489863, -31.764281 ], [ -60.489847, -31.764204 ], [ -60.48979, -31.764213 ], [ -60.489817, -31.764341 ], [ -60.489536, -31.764383 ], [ -60.489549, -31.764442 ], [ -60.489638, -31.764428 ], [ -60.489643, -31.764452 ] ] ] ] } },
{ "type": "Feature", "properties": { "ogc_fid": 62, "nivel": 0.0, "ncp": "0132040013005", "observ": null, "proy nro": 70, "partmuni": 43127, "expte": "26335/2023", "link": "https://tramiteobra.parana.gob.ar/menuAutorizada/informacionAutorizada/NE0q7M6biesIFggqhj_BroEp", "sup proy": 301.85, "sup_graf": 57, "proyecto": "70", "tramite": "APROBACIÓN", "tipo_obra": "OBRA CIVIL\t" }, "geometry": { "type": "MultiPolygon", "coordinates": [ [ [ [ -60.462792, -31.765333 ], [ -60.462755, -31.765338 ], [ -60.462757, -31.765347 ], [ -60.462727, -31.765351 ], [ -60.462742, -31.765422 ], [ -60.462771, -31.765418 ], [ -60.462773, -31.765424 ], [ -60.462809, -31.765418 ], [ -60.462792, -31.765333 ] ] ] ] } },
{ "type": "Feature", "properties": { "ogc_fid": 60, "nivel": 0.0, "ncp": "0150810002019", "observ": null, "proy nro": 81, "partmuni": 42322, "expte": "26332/2023", "link": "https://tramiteobra.parana.gob.ar/menuAutorizada/informacionAutorizada/NE0q7M6biesIFggqhj_Bro4o", "sup proy": 173.18, "sup_graf": 36, "proyecto": "81", "tramite": "APROBACIÓN", "tipo_obra": "OBRA CIVIL\t" }, "geometry": { "type": "MultiPolygon", "coordinates": [ [ [ [ -60.49437, -31.726035 ], [ -60.4944, -31.726031 ], [ -60.494387, -31.725965 ], [ -60.494419, -31.725961 ], [ -60.494415, -31.725938 ], [ -60.494353, -31.725946 ], [ -60.49437, -31.726035 ] ] ] ] } },
{ "type": "Feature", "properties": { "ogc_fid": 61, "nivel": 0.0, "ncp": "0150810002019", "observ": null, "proy nro": 81, "partmuni": 42322, "expte": "26332/2023", "link": "https://tramiteobra.parana.gob.ar/menuAutorizada/informacionAutorizada/NE0q7M6biesIFggqhj_Bro4o", "sup proy": 173.18, "sup_graf": 12, "proyecto": "81", "tramite": "APROBACIÓN", "tipo_obra": "OBRA CIVIL\t" }, "geometry": { "type": "MultiPolygon", "coordinates": [ [ [ [ -60.494496, -31.725963 ], [ -60.494462, -31.725967 ], [ -60.494467, -31.725992 ], [ -60.494469, -31.726001 ], [ -60.494502, -31.725997 ], [ -60.494496, -31.725963 ] ] ] ] } },
{ "type": "Feature", "properties": { "ogc_fid": 45, "nivel": 1.0, "ncp": "0040000062059", "observ": null, "proy nro": 88, "partmuni": 12424, "expte": "16908/2023", "link": "https://tramiteobra.parana.gob.ar/menuAutorizada/informacionAutorizada/NE0q7M6biesIFggqhj_Bro4h", "sup proy": 81.73, "sup_graf": 65, "proyecto": "88", "tramite": "APROBACIÓN", "tipo_obra": "OBRA CIVIL (Con factibilidad previa)\t" }, "geometry": { "type": "MultiPolygon", "coordinates": [ [ [ [ -60.539575, -31.723887 ], [ -60.539491, -31.723924 ], [ -60.539529, -31.723981 ], [ -60.539612, -31.723945 ], [ -60.539613, -31.723944 ], [ -60.539575, -31.723887 ] ] ] ] } },
{ "type": "Feature", "properties": { "ogc_fid": 46, "nivel": 0.0, "ncp": "0040000062059", "observ": null, "proy nro": 88, "partmuni": 12424, "expte": "16908/2023", "link": "https://tramiteobra.parana.gob.ar/menuAutorizada/informacionAutorizada/NE0q7M6biesIFggqhj_Bro4h", "sup proy": 81.73, "sup_graf": 12, "proyecto": "88", "tramite": "APROBACIÓN", "tipo_obra": "OBRA CIVIL (Con factibilidad previa)\t" }, "geometry": { "type": "MultiPolygon", "coordinates": [ [ [ [ -60.539529, -31.723981 ], [ -60.539508, -31.723949 ], [ -60.53948, -31.723962 ], [ -60.539502, -31.723993 ], [ -60.539529, -31.723981 ] ] ] ] } },
{ "type": "Feature", "properties": { "ogc_fid": 47, "nivel": 0.0, "ncp": "0040000062059", "observ": null, "proy nro": 88, "partmuni": 12424, "expte": "16908/2023", "link": "https://tramiteobra.parana.gob.ar/menuAutorizada/informacionAutorizada/NE0q7M6biesIFggqhj_Bro4h", "sup proy": 81.73, "sup_graf": 12, "proyecto": "88", "tramite": "APROBACIÓN", "tipo_obra": "OBRA CIVIL (Con factibilidad previa)\t" }, "geometry": { "type": "MultiPolygon", "coordinates": [ [ [ [ -60.539433, -31.723947 ], [ -60.539402, -31.723961 ], [ -60.539422, -31.72399 ], [ -60.539452, -31.723977 ], [ -60.539433, -31.723947 ] ] ] ] } },
{ "type": "Feature", "properties": { "ogc_fid": 745, "nivel": 0.0, "ncp": "0090640001005", "observ": null, "proy nro": 800, "partmuni": 25090, "expte": "14424/2026", "link": "https://tramiteobra.parana.gob.ar/menuAutorizada/informacionAutorizada/1CQ4XpcmgUk_xVhOP_UR750ckA", "sup proy": 1278.9, "sup_graf": null, "proyecto": "800", "tramite": "APROBACIÓN", "tipo_obra": "URBANIZACIONES ESPECIALES" }, "geometry": { "type": "MultiPolygon", "coordinates": [ [ [ [ -60.486233, -31.773165 ], [ -60.486277, -31.773159 ], [ -60.486289, -31.773214 ], [ -60.486217, -31.773225 ], [ -60.486201, -31.773151 ], [ -60.486228, -31.773146 ], [ -60.486233, -31.773165 ] ] ] ] } },
{ "type": "Feature", "properties": { "ogc_fid": 746, "nivel": 0.0, "ncp": "0090640001005", "observ": null, "proy nro": 800, "partmuni": 25090, "expte": "14424/2026", "link": "https://tramiteobra.parana.gob.ar/menuAutorizada/informacionAutorizada/1CQ4XpcmgUk_xVhOP_UR750ckA", "sup proy": 1278.9, "sup_graf": null, "proyecto": "800", "tramite": "APROBACIÓN", "tipo_obra": "URBANIZACIONES ESPECIALES" }, "geometry": { "type": "MultiPolygon", "coordinates": [ [ [ [ -60.486233, -31.773 ], [ -60.486258, -31.772998 ], [ -60.486262, -31.773019 ], [ -60.486169, -31.773033 ], [ -60.486165, -31.773012 ], [ -60.486157, -31.772976 ], [ -60.486226, -31.772966 ], [ -60.486233, -31.773 ] ] ] ] } },
{ "type": "Feature", "properties": { "ogc_fid": 3, "nivel": 0.0, "ncp": "0090420001001", "observ": null, "proy nro": 220, "partmuni": 759418, "expte": "36462/2023", "link": "https://tramiteobra.parana.gob.ar/menu/informacionAutorizada/ohHK2T004TmJLXFX9CO9lDtkmA", "sup proy": 294.51, "sup_graf": 356, "proyecto": "220", "tramite": "APROBACIÓN", "tipo_obra": "OBRA CIVIL (Con factibilidad previa)\t" }, "geometry": { "type": "MultiPolygon", "coordinates": [ [ [ [ -60.48808, -31.74248 ], [ -60.487688, -31.742538 ], [ -60.487704, -31.742616 ], [ -60.487863, -31.742591 ], [ -60.487871, -31.742629 ], [ -60.487941, -31.742618 ], [ -60.487934, -31.742581 ], [ -60.488096, -31.742557 ], [ -60.48808, -31.74248 ] ] ] ] } },
{ "type": "Feature", "properties": { "ogc_fid": 239, "nivel": 0.0, "ncp": "0142500003001", "observ": null, "proy nro": 389, "partmuni": 40264, "expte": "21024/2024", "link": "https://tramiteobra.parana.gob.ar/menu/informacionAutorizada/u1JivpsUARSF_S8_eQDRJbRXiA", "sup proy": 231.42, "sup_graf": 166, "proyecto": "389", "tramite": "APROBACIÓN", "tipo_obra": "OBRA CIVIL\t" }, "geometry": { "type": "MultiPolygon", "coordinates": [ [ [ [ -60.456481, -31.759566 ], [ -60.456356, -31.759585 ], [ -60.456382, -31.759708 ], [ -60.456506, -31.759689 ], [ -60.456481, -31.759566 ] ] ] ] } },
{ "type": "Feature", "properties": { "ogc_fid": 375, "nivel": 0.0, "ncp": "0090420040092", "observ": null, "proy nro": 454, "partmuni": 43711, "expte": "/", "link": "https://tramiteobra.parana.gob.ar/menuAutorizada/informacionAutorizada/z-yyDEVXLayetp2zJw3FLNnxOA", "sup proy": 74.51, "sup_graf": null, "proyecto": "454", "tramite": "APROBACIÓN", "tipo_obra": "OBRA CIVIL\t" }, "geometry": { "type": "MultiPolygon", "coordinates": [ [ [ [ -60.486149, -31.746724 ], [ -60.486114, -31.746729 ], [ -60.486112, -31.746721 ], [ -60.486043, -31.746732 ], [ -60.486031, -31.746672 ], [ -60.486134, -31.746656 ], [ -60.486149, -31.746724 ] ] ] ] } },
{ "type": "Feature", "properties": { "ogc_fid": 227, "nivel": 0.0, "ncp": "0121550002006", "observ": null, "proy nro": 193, "partmuni": 51829, "expte": "22939/2024", "link": "https://tramiteobra.parana.gob.ar/menuAutorizada/informacionAutorizada/AehgKdj4ylT4vME-jzRzoTlwzQ", "sup proy": 247.25, "sup_graf": 33, "proyecto": "193", "tramite": "APROBACIÓN", "tipo_obra": "OBRA CIVIL (Con factibilidad previa)\t" }, "geometry": { "type": "MultiPolygon", "coordinates": [ [ [ [ -60.500208, -31.785831 ], [ -60.500213, -31.785858 ], [ -60.500218, -31.785878 ], [ -60.500282, -31.785869 ], [ -60.500273, -31.785821 ], [ -60.500208, -31.785831 ] ] ] ] } },
{ "type": "Feature", "properties": { "ogc_fid": 427, "nivel": 2.0, "ncp": "0070630014001", "observ": null, "proy nro": 687, "partmuni": 37428, "expte": "21146/2025", "link": "https://tramiteobra.parana.gob.ar/menuAutorizada/informacionAutorizada/89nTflDtguPEPtpk69c_0s9OvA", "sup proy": 1085.0, "sup_graf": null, "proyecto": "687", "tramite": "APROBACIÓN", "tipo_obra": "OBRA CIVIL (Con factibilidad previa)\t" }, "geometry": { "type": "MultiPolygon", "coordinates": [ [ [ [ -60.504215, -31.756884 ], [ -60.504205, -31.75684 ], [ -60.504181, -31.756843 ], [ -60.504178, -31.75683 ], [ -60.504162, -31.756833 ], [ -60.504161, -31.756826 ], [ -60.503962, -31.756857 ], [ -60.503976, -31.756921 ], [ -60.504215, -31.756884 ] ] ] ] } },
{ "type": "Feature", "properties": { "ogc_fid": 53, "nivel": 0.0, "ncp": "0060510001015", "observ": null, "proy nro": 35, "partmuni": 115638, "expte": "15229/2023", "link": "https://tramiteobra.parana.gob.ar/menuAutorizada/informacionAutorizada/ddqZ5MbbmQORTydDvx62W4YS", "sup proy": 41.91, "sup_graf": 73, "proyecto": "35", "tramite": "APROBACIÓN", "tipo_obra": "OBRA CIVIL (Con factibilidad previa)\t" }, "geometry": { "type": "MultiPolygon", "coordinates": [ [ [ [ -60.524426, -31.75117 ], [ -60.524411, -31.751111 ], [ -60.524359, -31.751121 ], [ -60.524352, -31.751093 ], [ -60.524311, -31.751101 ], [ -60.524333, -31.751187 ], [ -60.524426, -31.75117 ] ] ] ] } },
{ "type": "Feature", "properties": { "ogc_fid": 652, "nivel": 1.0, "ncp": "0090750014058", "observ": null, "proy nro": 894, "partmuni": 47201, "expte": "9075/2026", "link": "https://tramiteobra.parana.gob.ar/menuAutorizada/informacionAutorizada/qyWq3LGWw7GGE9kC7BOlzeQcYg", "sup proy": 501.77, "sup_graf": null, "proyecto": "894", "tramite": "APROBACIÓN", "tipo_obra": "OBRA CIVIL" }, "geometry": { "type": "MultiPolygon", "coordinates": [ [ [ [ -60.499618, -31.753922 ], [ -60.499514, -31.753953 ], [ -60.499465, -31.753806 ], [ -60.499481, -31.753794 ], [ -60.499554, -31.753783 ], [ -60.499618, -31.753922 ] ] ] ] } },
{ "type": "Feature", "properties": { "ogc_fid": 653, "nivel": 0.0, "ncp": "0090750014058", "observ": null, "proy nro": 894, "partmuni": 47201, "expte": "9075/2026", "link": "https://tramiteobra.parana.gob.ar/menuAutorizada/informacionAutorizada/qyWq3LGWw7GGE9kC7BOlzeQcYg", "sup proy": 501.77, "sup_graf": null, "proyecto": "894", "tramite": "APROBACIÓN", "tipo_obra": "OBRA CIVIL" }, "geometry": { "type": "MultiPolygon", "coordinates": [ [ [ [ -60.499618, -31.753922 ], [ -60.499625, -31.753937 ], [ -60.499594, -31.753946 ], [ -60.499629, -31.754052 ], [ -60.499555, -31.754074 ], [ -60.499514, -31.753953 ], [ -60.499618, -31.753922 ] ] ] ] } },
{ "type": "Feature", "properties": { "ogc_fid": 428, "nivel": 0.0, "ncp": "0070630014001", "observ": null, "proy nro": 687, "partmuni": 37428, "expte": "21146/2025", "link": "https://tramiteobra.parana.gob.ar/menuAutorizada/informacionAutorizada/89nTflDtguPEPtpk69c_0s9OvA", "sup proy": 1085.0, "sup_graf": null, "proyecto": "687", "tramite": "APROBACIÓN", "tipo_obra": "OBRA CIVIL (Con factibilidad previa)\t" }, "geometry": { "type": "MultiPolygon", "coordinates": [ [ [ [ -60.503976, -31.756921 ], [ -60.504023, -31.757139 ], [ -60.504285, -31.757098 ], [ -60.504238, -31.75688 ], [ -60.504215, -31.756884 ], [ -60.503976, -31.756921 ] ] ] ] } },
{ "type": "Feature", "properties": { "ogc_fid": 429, "nivel": 0.0, "ncp": "0070630014001", "observ": null, "proy nro": 687, "partmuni": 37428, "expte": "21146/2025", "link": "https://tramiteobra.parana.gob.ar/menuAutorizada/informacionAutorizada/89nTflDtguPEPtpk69c_0s9OvA", "sup proy": 1085.0, "sup_graf": null, "proyecto": "687", "tramite": "APROBACIÓN", "tipo_obra": "OBRA CIVIL (Con factibilidad previa)\t" }, "geometry": { "type": "MultiPolygon", "coordinates": [ [ [ [ -60.504285, -31.757098 ], [ -60.504304, -31.757186 ], [ -60.503929, -31.757245 ], [ -60.50391, -31.757157 ], [ -60.504023, -31.757139 ], [ -60.504285, -31.757098 ] ] ] ] } },
{ "type": "Feature", "properties": { "ogc_fid": 655, "nivel": 0.0, "ncp": "0060570017008", "observ": null, "proy nro": 780, "partmuni": 28493, "expte": "/", "link": "https://tramiteobra.parana.gob.ar/menuAutorizada/informacionAutorizada/qyWq3LGWw7GGE9kC7BOlzesdZg", "sup proy": 188.175, "sup_graf": null, "proyecto": "780", "tramite": "APROBACIÓN", "tipo_obra": "OBRA CIVIL" }, "geometry": { "type": "MultiPolygon", "coordinates": [ [ [ [ -60.529254, -31.768274 ], [ -60.528995, -31.768314 ], [ -60.528975, -31.768253 ], [ -60.528932, -31.768259 ], [ -60.528923, -31.76823 ], [ -60.529241, -31.76818 ], [ -60.529259, -31.768237 ], [ -60.529244, -31.768239 ], [ -60.529254, -31.768274 ] ] ] ] } },
{ "type": "Feature", "properties": { "ogc_fid": 526, "nivel": 0.0, "ncp": "0040000015020", "observ": null, "proy nro": 783, "partmuni": 5946, "expte": "/", "link": "https://tramiteobra.parana.gob.ar/menuAutorizada/informacionAutorizada/6Ydr5mzoHKATBLDhZIEVG_t6ug", "sup proy": 67.145, "sup_graf": null, "proyecto": "783", "tramite": "APROBACIÓN", "tipo_obra": "OBRA CIVIL\t" }, "geometry": { "type": "MultiPolygon", "coordinates": [ [ [ [ -60.535145, -31.72006 ], [ -60.535084, -31.719963 ], [ -60.534949, -31.720027 ], [ -60.53501, -31.720124 ], [ -60.535145, -31.72006 ] ] ] ] } },
{ "type": "Feature", "properties": { "ogc_fid": 602, "nivel": 6.0, "ncp": "0040000034037", "observ": null, "proy nro": 673, "partmuni": 93002, "expte": "/", "link": "https://tramiteobra.parana.gob.ar/menuAutorizada/informacionAutorizada/cqbRqEsPtpQ6l4sJcUBi4fXcqQ", "sup proy": 2781.98, "sup_graf": null, "proyecto": "673", "tramite": "FACTIBILIDAD", "tipo_obra": "OBRA CIVIL (Con factibilidad previa)" }, "geometry": { "type": "MultiPolygon", "coordinates": [ [ [ [ -60.538127, -31.722272 ], [ -60.538093, -31.722223 ], [ -60.538105, -31.722216 ], [ -60.538058, -31.72214 ], [ -60.538042, -31.722147 ], [ -60.538024, -31.722117 ], [ -60.538241, -31.722032 ], [ -60.538258, -31.722057 ], [ -60.538234, -31.722069 ], [ -60.538245, -31.722087 ], [ -60.53825, -31.722085 ], [ -60.538281, -31.722134 ], [ -60.538297, -31.722128 ], [ -60.538328, -31.722179 ], [ -60.538127, -31.722272 ] ] ] ] } },
{ "type": "Feature", "properties": { "ogc_fid": 654, "nivel": 3.0, "ncp": "0010000029006", "observ": null, "proy nro": 768, "partmuni": 23106, "expte": "/", "link": "https://tramiteobra.parana.gob.ar/menuAutorizada/informacionAutorizada/qyWq3LGWw7GGE9kC7BOlzesTbg", "sup proy": 63042.88, "sup_graf": null, "proyecto": "768", "tramite": "APROBACIÓN", "tipo_obra": "OBRA CIVIL (Con factibilidad previa)" }, "geometry": { "type": "MultiPolygon", "coordinates": [ [ [ [ -60.521413, -31.722183 ], [ -60.521205, -31.721796 ], [ -60.520875, -31.721915 ], [ -60.521065, -31.722309 ], [ -60.521413, -31.722183 ] ] ] ] } },
{ "type": "Feature", "properties": { "ogc_fid": 656, "nivel": 1.0, "ncp": "0090130019037", "observ": null, "proy nro": 688, "partmuni": 41929, "expte": "/", "link": "https://tramiteobra.parana.gob.ar/menuAutorizada/informacionAutorizada/qyWq3LGWw7GGE9kC7BOlzeodbg", "sup proy": 97.05, "sup_graf": null, "proyecto": "688", "tramite": "APROBACIÓN", "tipo_obra": "OBRA CIVIL" }, "geometry": { "type": "MultiPolygon", "coordinates": [ [ [ [ -60.494215, -31.760726 ], [ -60.494207, -31.760688 ], [ -60.494146, -31.760697 ], [ -60.494138, -31.760656 ], [ -60.494088, -31.760664 ], [ -60.494105, -31.760742 ], [ -60.494215, -31.760726 ] ] ] ] } },
{ "type": "Feature", "properties": { "ogc_fid": 749, "nivel": 3.0, "ncp": "0150690001013", "observ": null, "proy nro": 522, "partmuni": 42119, "expte": "/", "link": "https://tramiteobra.parana.gob.ar/menuAutorizada/informacionAutorizada/Bn-7ilegaQigw5aewbHF_RD2vw", "sup proy": 2832.66, "sup_graf": null, "proyecto": "522", "tramite": "FACTIBILIDAD", "tipo_obra": "OBRA CIVIL (Con factibilidad previa)" }, "geometry": { "type": "MultiPolygon", "coordinates": [ [ [ [ -60.497044, -31.726362 ], [ -60.496914, -31.726382 ], [ -60.496829, -31.726023 ], [ -60.496959, -31.726002 ], [ -60.497044, -31.726362 ] ] ] ] } },
{ "type": "Feature", "properties": { "ogc_fid": 4, "nivel": 2.0, "ncp": "0010000095016", "observ": null, "proy nro": 247, "partmuni": 12966, "expte": "1115/2024", "link": "https://tramiteobra.parana.gob.ar/menu/informacionAutorizada/ZEtMb-KwojlgkW8ajht60rF67w", "sup proy": 178.75, "sup_graf": 79, "proyecto": "247", "tramite": "APROBACIÓN", "tipo_obra": "OBRA CIVIL (Con factibilidad previa)\t" }, "geometry": { "type": "MultiPolygon", "coordinates": [ [ [ [ -60.518138, -31.733168 ], [ -60.518095, -31.733069 ], [ -60.518055, -31.733084 ], [ -60.518034, -31.733131 ], [ -60.518073, -31.73319 ], [ -60.518138, -31.733168 ] ] ] ] } },
{ "type": "Feature", "properties": { "ogc_fid": 750, "nivel": 1.0, "ncp": "0090420043001", "observ": null, "proy nro": 533, "partmuni": 90748, "expte": "/", "link": "https://tramiteobra.parana.gob.ar/menuAutorizada/informacionAutorizada/Bn-7ilegaQigw5aewbHF_RD3vg", "sup proy": 375.15, "sup_graf": null, "proyecto": "533", "tramite": "APROBACIÓN", "tipo_obra": "OBRA CIVIL (Con factibilidad previa)" }, "geometry": { "type": "MultiPolygon", "coordinates": [ [ [ [ -60.487902, -31.746917 ], [ -60.487896, -31.746886 ], [ -60.487861, -31.746892 ], [ -60.487854, -31.746856 ], [ -60.487889, -31.746851 ], [ -60.487883, -31.74682 ], [ -60.487848, -31.746826 ], [ -60.48784, -31.74679 ], [ -60.487875, -31.746785 ], [ -60.487869, -31.746754 ], [ -60.487834, -31.74676 ], [ -60.487827, -31.746724 ], [ -60.487861, -31.746718 ], [ -60.487855, -31.746688 ], [ -60.48782, -31.746693 ], [ -60.487813, -31.746658 ], [ -60.487749, -31.746668 ], [ -60.487756, -31.746703 ], [ -60.487798, -31.746697 ], [ -60.487804, -31.746728 ], [ -60.487762, -31.746734 ], [ -60.48777, -31.74677 ], [ -60.487811, -31.746763 ], [ -60.487818, -31.746794 ], [ -60.487776, -31.7468 ], [ -60.487783, -31.746836 ], [ -60.487825, -31.746829 ], [ -60.487831, -31.74686 ], [ -60.48779, -31.746866 ], [ -60.487797, -31.746902 ], [ -60.487839, -31.746895 ], [ -60.487845, -31.746926 ], [ -60.487902, -31.746917 ] ] ] ] } },
{ "type": "Feature", "properties": { "ogc_fid": 12, "nivel": 0.0, "ncp": "0070530006020", "observ": null, "proy nro": 145, "partmuni": 31307, "expte": "32111/2023", "link": "https://tramiteobra.parana.gob.ar/menuAutorizada/informacionAutorizada/NE0q7M6biesIFggqhj_BroctaQ", "sup proy": 368.77, "sup_graf": 60, "proyecto": "145", "tramite": "APROBACIÓN", "tipo_obra": "OBRA CIVIL\t" }, "geometry": { "type": "MultiPolygon", "coordinates": [ [ [ [ -60.51324, -31.755202 ], [ -60.513257, -31.755121 ], [ -60.513254, -31.75512 ], [ -60.513164, -31.755193 ], [ -60.513157, -31.755229 ], [ -60.513195, -31.755235 ], [ -60.513197, -31.755225 ], [ -60.513231, -31.755231 ], [ -60.513237, -31.755201 ], [ -60.51324, -31.755202 ] ] ] ] } },
{ "type": "Feature", "properties": { "ogc_fid": 5, "nivel": 0.0, "ncp": "0060850021013", "observ": null, "proy nro": 153, "partmuni": 42283, "expte": "33940/2023", "link": "https://tramiteobra.parana.gob.ar/menuAutorizada/informacionAutorizada/NE0q7M6biesIFggqhj_Brocsbw", "sup proy": 273.55, "sup_graf": 190, "proyecto": "153", "tramite": "APROBACIÓN", "tipo_obra": "OBRA CIVIL\t" }, "geometry": { "type": "MultiPolygon", "coordinates": [ [ [ [ -60.53566, -31.774289 ], [ -60.535619, -31.774106 ], [ -60.535515, -31.774123 ], [ -60.53555, -31.774278 ], [ -60.535608, -31.77427 ], [ -60.535613, -31.774295 ], [ -60.53566, -31.774289 ] ] ] ] } },
{ "type": "Feature", "properties": { "ogc_fid": 8, "nivel": 0.0, "ncp": "0020000077028", "observ": null, "proy nro": 166, "partmuni": 44728, "expte": "26466/2023", "link": "https://tramiteobra.parana.gob.ar/menu/informacionAutorizada/ZEtMb-KwojlgkW8ajht60rJ47g", "sup proy": 166.5, "sup_graf": 45, "proyecto": "166", "tramite": "FACTIBILIDAD\t", "tipo_obra": "OBRA CIVIL (Con factibilidad previa)\t" }, "geometry": { "type": "MultiPolygon", "coordinates": [ [ [ [ -60.520524, -31.746878 ], [ -60.52054, -31.746949 ], [ -60.520599, -31.746938 ], [ -60.520584, -31.746869 ], [ -60.520524, -31.746878 ] ] ] ] } },
{ "type": "Feature", "properties": { "ogc_fid": 9, "nivel": 0.0, "ncp": "0070100003019", "observ": null, "proy nro": 242, "partmuni": 12966, "expte": "1115/2024", "link": "https://tramiteobra.parana.gob.ar/menu/informacionAutorizada/ZEtMb-KwojlgkW8ajht60rF67w", "sup proy": 154.7, "sup_graf": 176, "proyecto": "242", "tramite": "APROBACIÓN", "tipo_obra": "OBRA CIVIL\t" }, "geometry": { "type": "MultiPolygon", "coordinates": [ [ [ [ -60.506542, -31.760699 ], [ -60.506535, -31.760667 ], [ -60.506568, -31.760662 ], [ -60.506545, -31.76056 ], [ -60.506512, -31.760565 ], [ -60.506504, -31.760532 ], [ -60.506463, -31.760538 ], [ -60.506468, -31.760558 ], [ -60.506427, -31.760564 ], [ -60.506433, -31.760595 ], [ -60.506423, -31.760597 ], [ -60.506438, -31.760662 ], [ -60.506448, -31.760661 ], [ -60.506456, -31.760692 ], [ -60.506497, -31.760686 ], [ -60.506501, -31.760705 ], [ -60.506542, -31.760699 ] ] ] ] } },
{ "type": "Feature", "properties": { "ogc_fid": 10, "nivel": 1.0, "ncp": "0070340018048", "observ": null, "proy nro": 223, "partmuni": 37922, "expte": "3163/2024", "link": "https://tramiteobra.parana.gob.ar/menu/informacionAutorizada/ZEtMb-KwojlgkW8ajht60rF86w", "sup proy": 523.81, "sup_graf": 223, "proyecto": "223", "tramite": "APROBACIÓN", "tipo_obra": "OBRA CIVIL (Con factibilidad previa)\t" }, "geometry": { "type": "MultiPolygon", "coordinates": [ [ [ [ -60.506497, -31.768777 ], [ -60.506508, -31.768827 ], [ -60.506521, -31.768891 ], [ -60.506537, -31.768968 ], [ -60.506654, -31.768945 ], [ -60.506625, -31.768806 ], [ -60.506586, -31.768813 ], [ -60.506575, -31.768762 ], [ -60.506497, -31.768777 ] ] ] ] } },
{ "type": "Feature", "properties": { "ogc_fid": 11, "nivel": 0.0, "ncp": "0070340018048", "observ": null, "proy nro": 223, "partmuni": 37922, "expte": "3161/2024", "link": "https://tramiteobra.parana.gob.ar/menu/informacionAutorizada/ZEtMb-KwojlgkW8ajht60rF86w", "sup proy": 523.81, "sup_graf": 286, "proyecto": "223", "tramite": "APROBACIÓN", "tipo_obra": "OBRA CIVIL (Con factibilidad previa)\t" }, "geometry": { "type": "MultiPolygon", "coordinates": [ [ [ [ -60.506497, -31.768777 ], [ -60.506575, -31.768762 ], [ -60.506586, -31.768813 ], [ -60.506625, -31.768806 ], [ -60.506571, -31.768548 ], [ -60.506454, -31.76857 ], [ -60.50646, -31.768599 ], [ -60.506497, -31.768777 ] ] ] ] } },
{ "type": "Feature", "properties": { "ogc_fid": 380, "nivel": 1.0, "ncp": "0010000031016", "observ": null, "proy nro": 596, "partmuni": 10932, "expte": "11329/2025", "link": "https://tramiteobra.parana.gob.ar/menuAutorizada/informacionAutorizada/z-yyDEVXLayetp2zJw3FLNj9Og", "sup proy": 105.52, "sup_graf": null, "proyecto": "596", "tramite": "APROBACIÓN", "tipo_obra": "OBRA CIVIL (Con factibilidad previa)\t" }, "geometry": { "type": "MultiPolygon", "coordinates": [ [ [ [ -60.522642, -31.723632 ], [ -60.5226, -31.723531 ], [ -60.522563, -31.723441 ], [ -60.522523, -31.723457 ], [ -60.522557, -31.723539 ], [ -60.522529, -31.723547 ], [ -60.522556, -31.723613 ], [ -60.522587, -31.723603 ], [ -60.522608, -31.723644 ], [ -60.522642, -31.723632 ] ] ] ] } },
{ "type": "Feature", "properties": { "ogc_fid": 657, "nivel": 0.0, "ncp": "0090130019037", "observ": null, "proy nro": 688, "partmuni": 41929, "expte": "/", "link": "https://tramiteobra.parana.gob.ar/menuAutorizada/informacionAutorizada/qyWq3LGWw7GGE9kC7BOlzeodbg", "sup proy": 97.05, "sup_graf": null, "proyecto": "688", "tramite": "APROBACIÓN", "tipo_obra": "OBRA CIVIL" }, "geometry": { "type": "MultiPolygon", "coordinates": [ [ [ [ -60.494088, -31.760664 ], [ -60.493993, -31.760678 ], [ -60.49401, -31.760757 ], [ -60.494105, -31.760742 ], [ -60.494088, -31.760664 ] ] ] ] } },
{ "type": "Feature", "properties": { "ogc_fid": 747, "nivel": 0.0, "ncp": "0040000088060", "observ": null, "proy nro": 996, "partmuni": 12818, "expte": "/", "link": "https://tramiteobra.parana.gob.ar/menuAutorizada/informacionAutorizada/Bn-7ilegaQigw5aewbHF_Rz9uw", "sup proy": 177.9, "sup_graf": null, "proyecto": "996", "tramite": "APROBACIÓN", "tipo_obra": "OBRA CIVIL" }, "geometry": { "type": "MultiPolygon", "coordinates": [ [ [ [ -60.540992, -31.726865 ], [ -60.540963, -31.726877 ], [ -60.540992, -31.726923 ], [ -60.54095, -31.72694 ], [ -60.541023, -31.727057 ], [ -60.541065, -31.72704 ], [ -60.541068, -31.727044 ], [ -60.541096, -31.727032 ], [ -60.540992, -31.726865 ] ] ] ] } },
{ "type": "Feature", "properties": { "ogc_fid": 748, "nivel": 0.0, "ncp": "0040000088060", "observ": null, "proy nro": 996, "partmuni": 12818, "expte": "/", "link": "https://tramiteobra.parana.gob.ar/menuAutorizada/informacionAutorizada/Bn-7ilegaQigw5aewbHF_Rz9uw", "sup proy": 177.9, "sup_graf": null, "proyecto": "996", "tramite": "APROBACIÓN", "tipo_obra": "OBRA CIVIL" }, "geometry": { "type": "MultiPolygon", "coordinates": [ [ [ [ -60.540945, -31.726791 ], [ -60.540874, -31.72682 ], [ -60.5409, -31.726862 ], [ -60.540903, -31.726866 ], [ -60.540974, -31.726837 ], [ -60.540945, -31.726791 ] ] ] ] } },
{ "type": "Feature", "properties": { "ogc_fid": 381, "nivel": 13.0, "ncp": "0020000060018", "observ": null, "proy nro": 581, "partmuni": 9525, "expte": "8499/2025", "link": "https://tramiteobra.parana.gob.ar/menuAutorizada/informacionAutorizada/z-yyDEVXLayetp2zJw3FLNj8PQ", "sup proy": 1914.2, "sup_graf": null, "proyecto": "581", "tramite": "FACTIBILIDAD", "tipo_obra": "OBRA CIVIL (Con factibilidad previa)\t" }, "geometry": { "type": "MultiPolygon", "coordinates": [ [ [ [ -60.52275, -31.742846 ], [ -60.5227, -31.742772 ], [ -60.522778, -31.742733 ], [ -60.522828, -31.742808 ], [ -60.52275, -31.742846 ] ] ] ] } },
{ "type": "Feature", "properties": { "ogc_fid": 456, "nivel": 1.0, "ncp": "0060070022003", "observ": null, "proy nro": 766, "partmuni": 62675, "expte": "28934/2025", "link": "https://tramiteobra.parana.gob.ar/menuAutorizada/informacionAutorizada/NOaQRDebR8Z1QW6_E4qhshnumA", "sup proy": 168.0, "sup_graf": null, "proyecto": "766", "tramite": "APROBACIÓN", "tipo_obra": "OBRA CIVIL" }, "geometry": { "type": "MultiPolygon", "coordinates": [ [ [ [ -60.525599, -31.759988 ], [ -60.525531, -31.759998 ], [ -60.525528, -31.75998 ], [ -60.525488, -31.759986 ], [ -60.525504, -31.760077 ], [ -60.525613, -31.76006 ], [ -60.525599, -31.759988 ] ] ] ] } },
{ "type": "Feature", "properties": { "ogc_fid": 7, "nivel": 0.0, "ncp": "0121530010002", "observ": null, "proy nro": 268, "partmuni": 46554, "expte": "8357/2024", "link": "https://tramiteobra.parana.gob.ar/menuAutorizada/informacionAutorizada/AehgKdj4ylT4vME-jzRzoTp_xg", "sup proy": 66.0, "sup_graf": 102, "proyecto": "268", "tramite": "APROBACIÓN", "tipo_obra": "OBRA CIVIL\t" }, "geometry": { "type": "MultiPolygon", "coordinates": [ [ [ [ -60.51468, -31.784641 ], [ -60.514663, -31.784542 ], [ -60.514624, -31.784548 ], [ -60.514632, -31.784596 ], [ -60.514598, -31.784601 ], [ -60.514589, -31.784554 ], [ -60.514551, -31.78456 ], [ -60.51457, -31.784659 ], [ -60.51468, -31.784641 ] ] ] ] } },
{ "type": "Feature", "properties": { "ogc_fid": 6, "nivel": 2.0, "ncp": "0070630004014", "observ": null, "proy nro": 278, "partmuni": 31547, "expte": "10204/2024", "link": "https://tramiteobra.parana.gob.ar/menuAutorizada/informacionAutorizada/AehgKdj4ylT4vME-jzRzoTp-xg", "sup proy": 637.38, "sup_graf": 193, "proyecto": "278", "tramite": "FACTIBILIDAD", "tipo_obra": "OBRA CIVIL (Con factibilidad previa)\t" }, "geometry": { "type": "MultiPolygon", "coordinates": [ [ [ [ -60.504575, -31.755573 ], [ -60.504444, -31.755402 ], [ -60.504369, -31.755444 ], [ -60.5045, -31.755616 ], [ -60.504575, -31.755573 ] ] ] ] } },
{ "type": "Feature", "properties": { "ogc_fid": 439, "nivel": 1.0, "ncp": "0070390018008", "observ": null, "proy nro": 716, "partmuni": 21342, "expte": "22515/2025", "link": "https://tramiteobra.parana.gob.ar/menuAutorizada/informacionAutorizada/yiUvqz_jSD360cdFLcnb0Unt3w", "sup proy": 58.0, "sup_graf": null, "proyecto": "716", "tramite": "APROBACIÓN", "tipo_obra": "OBRA CIVIL\t" }, "geometry": { "type": "MultiPolygon", "coordinates": [ [ [ [ -60.513844, -31.741373 ], [ -60.513808, -31.741378 ], [ -60.513812, -31.741394 ], [ -60.513778, -31.741399 ], [ -60.513795, -31.74147 ], [ -60.513828, -31.741465 ], [ -60.513826, -31.741454 ], [ -60.513862, -31.741449 ], [ -60.513858, -31.741432 ], [ -60.513834, -31.741435 ], [ -60.51383, -31.741416 ], [ -60.513854, -31.741413 ], [ -60.513844, -31.741373 ] ] ] ] } },
{ "type": "Feature", "properties": { "ogc_fid": 454, "nivel": 0.0, "ncp": "0090390002025", "observ": null, "proy nro": 728, "partmuni": 25746, "expte": "26244/2025", "link": "https://tramiteobra.parana.gob.ar/menuAutorizada/informacionAutorizada/Y5a3GgwiY1QpnoHprghA178Jaw", "sup proy": 132.06, "sup_graf": null, "proyecto": "728", "tramite": "APROBACIÓN", "tipo_obra": "OBRA CIVIL\t" }, "geometry": { "type": "MultiPolygon", "coordinates": [ [ [ [ -60.489498, -31.758325 ], [ -60.489601, -31.758308 ], [ -60.489575, -31.758184 ], [ -60.489471, -31.758201 ], [ -60.489498, -31.758325 ] ] ] ] } },
{ "type": "Feature", "properties": { "ogc_fid": 455, "nivel": 1.0, "ncp": "0121140007009", "observ": null, "proy nro": 792, "partmuni": 43758, "expte": "29483/2025", "link": "https://tramiteobra.parana.gob.ar/menuAutorizada/informacionAutorizada/NOaQRDebR8Z1QW6_E4qhshnhnA", "sup proy": 235.0, "sup_graf": null, "proyecto": "792", "tramite": "APROBACIÓN\t", "tipo_obra": "OBRA CIVIL" }, "geometry": { "type": "MultiPolygon", "coordinates": [ [ [ [ -60.544552, -31.773896 ], [ -60.54456, -31.773895 ], [ -60.544587, -31.774022 ], [ -60.544563, -31.774026 ], [ -60.544507, -31.774034 ], [ -60.544506, -31.774029 ], [ -60.544482, -31.774032 ], [ -60.544461, -31.773935 ], [ -60.544456, -31.773911 ], [ -60.544464, -31.773909 ], [ -60.544463, -31.773901 ], [ -60.54455, -31.773888 ], [ -60.544552, -31.773896 ] ] ] ] } },
{ "type": "Feature", "properties": { "ogc_fid": 440, "nivel": 0.0, "ncp": "0070390018008", "observ": null, "proy nro": 716, "partmuni": 21342, "expte": "22515/2025", "link": "https://tramiteobra.parana.gob.ar/menuAutorizada/informacionAutorizada/yiUvqz_jSD360cdFLcnb0Unt3w", "sup proy": 58.0, "sup_graf": null, "proyecto": "716", "tramite": "APROBACIÓN", "tipo_obra": "OBRA CIVIL\t" }, "geometry": { "type": "MultiPolygon", "coordinates": [ [ [ [ -60.513808, -31.741378 ], [ -60.513746, -31.741386 ], [ -60.513793, -31.741591 ], [ -60.513825, -31.741586 ], [ -60.51381, -31.741522 ], [ -60.513801, -31.741524 ], [ -60.513796, -31.7415 ], [ -60.513842, -31.741494 ], [ -60.513837, -31.741472 ], [ -60.513866, -31.741468 ], [ -60.513862, -31.741449 ], [ -60.513826, -31.741454 ], [ -60.513828, -31.741465 ], [ -60.513795, -31.74147 ], [ -60.513778, -31.741399 ], [ -60.513812, -31.741394 ], [ -60.513808, -31.741378 ] ] ] ] } },
{ "type": "Feature", "properties": { "ogc_fid": 457, "nivel": 0.0, "ncp": "0060070022003", "observ": null, "proy nro": 766, "partmuni": 62675, "expte": "28934/2025", "link": "https://tramiteobra.parana.gob.ar/menuAutorizada/informacionAutorizada/NOaQRDebR8Z1QW6_E4qhshnumA", "sup proy": 168.0, "sup_graf": null, "proyecto": "766", "tramite": "APROBACIÓN", "tipo_obra": "OBRA CIVIL" }, "geometry": { "type": "MultiPolygon", "coordinates": [ [ [ [ -60.525488, -31.759986 ], [ -60.525483, -31.759958 ], [ -60.525591, -31.759942 ], [ -60.525599, -31.759988 ], [ -60.525531, -31.759998 ], [ -60.525528, -31.75998 ], [ -60.525488, -31.759986 ] ] ] ] } },
{ "type": "Feature", "properties": { "ogc_fid": 458, "nivel": 0.0, "ncp": "0090930001037", "observ": null, "proy nro": 772, "partmuni": 85686, "expte": "28488/2025", "link": "https://tramiteobra.parana.gob.ar/menuAutorizada/informacionAutorizada/NOaQRDebR8Z1QW6_E4qhshnvnA", "sup proy": 73.76, "sup_graf": null, "proyecto": "772", "tramite": "APROBACIÓN", "tipo_obra": "OBRA CIVIL\t" }, "geometry": { "type": "MultiPolygon", "coordinates": [ [ [ [ -60.490014, -31.779203 ], [ -60.490006, -31.779163 ], [ -60.489957, -31.77917 ], [ -60.48995, -31.779137 ], [ -60.489843, -31.779154 ], [ -60.48985, -31.779186 ], [ -60.489895, -31.779179 ], [ -60.489903, -31.779219 ], [ -60.490014, -31.779203 ] ] ] ] } },
{ "type": "Feature", "properties": { "ogc_fid": 661, "nivel": 1.0, "ncp": "0151090005002", "observ": null, "proy nro": 884, "partmuni": 130987, "expte": "/", "link": "https://tramiteobra.parana.gob.ar/menuAutorizada/informacionAutorizada/5D0ogvWc6znLgooQ1IzD7RkkJQ", "sup proy": 427.65, "sup_graf": null, "proyecto": "884", "tramite": "APROBACIÓN", "tipo_obra": "OBRA CIVIL" }, "geometry": { "type": "MultiPolygon", "coordinates": [ [ [ [ -60.466366, -31.705791 ], [ -60.466347, -31.705768 ], [ -60.466306, -31.705794 ], [ -60.466184, -31.705681 ], [ -60.466137, -31.705719 ], [ -60.466256, -31.705825 ], [ -60.466238, -31.705836 ], [ -60.466259, -31.705861 ], [ -60.466366, -31.705791 ] ] ] ] } },
{ "type": "Feature", "properties": { "ogc_fid": 462, "nivel": 0.0, "ncp": "0090120005015", "observ": null, "proy nro": 775, "partmuni": 13717, "expte": "25995/2025", "link": "https://tramiteobra.parana.gob.ar/menuAutorizada/informacionAutorizada/NOaQRDebR8Z1QW6_E4qhshnvmw", "sup proy": 166.35, "sup_graf": null, "proyecto": "775", "tramite": "APROBACIÓN", "tipo_obra": "OBRA CIVIL" }, "geometry": { "type": "MultiPolygon", "coordinates": [ [ [ [ -60.493156, -31.762945 ], [ -60.493125, -31.76295 ], [ -60.493129, -31.762975 ], [ -60.493093, -31.76298 ], [ -60.493096, -31.762998 ], [ -60.493071, -31.763002 ], [ -60.493079, -31.763044 ], [ -60.493171, -31.763029 ], [ -60.493156, -31.762945 ] ] ] ] } },
{ "type": "Feature", "properties": { "ogc_fid": 459, "nivel": 1.0, "ncp": "0090420034009", "observ": null, "proy nro": 734, "partmuni": 91199, "expte": "1640/2026", "link": "https://tramiteobra.parana.gob.ar/menuAutorizada/informacionAutorizada/NOaQRDebR8Z1QW6_E4qhshnrmg", "sup proy": 58.6, "sup_graf": null, "proyecto": "734", "tramite": "APROBACIÓN", "tipo_obra": "OBRA CIVIL" }, "geometry": { "type": "MultiPolygon", "coordinates": [ [ [ [ -60.486773, -31.745805 ], [ -60.486669, -31.745822 ], [ -60.486683, -31.745888 ], [ -60.486683, -31.745888 ], [ -60.486734, -31.745879 ], [ -60.486787, -31.745871 ], [ -60.486773, -31.745805 ] ] ] ] } },
{ "type": "Feature", "properties": { "ogc_fid": 463, "nivel": 0.0, "ncp": "0090120005015", "observ": null, "proy nro": 775, "partmuni": 13717, "expte": "25995/2025", "link": "https://tramiteobra.parana.gob.ar/menuAutorizada/informacionAutorizada/NOaQRDebR8Z1QW6_E4qhshnvmw", "sup proy": 166.35, "sup_graf": null, "proyecto": "775", "tramite": "APROBACIÓN", "tipo_obra": "OBRA CIVIL" }, "geometry": { "type": "MultiPolygon", "coordinates": [ [ [ [ -60.492871, -31.763075 ], [ -60.492866, -31.763048 ], [ -60.492847, -31.763051 ], [ -60.492842, -31.763025 ], [ -60.492824, -31.763028 ], [ -60.492819, -31.762996 ], [ -60.49294, -31.762978 ], [ -60.492955, -31.763062 ], [ -60.492871, -31.763075 ] ] ] ] } },
{ "type": "Feature", "properties": { "ogc_fid": 460, "nivel": 0.0, "ncp": "0090420034009", "observ": null, "proy nro": 734, "partmuni": 91199, "expte": "1640/2026", "link": "https://tramiteobra.parana.gob.ar/menuAutorizada/informacionAutorizada/NOaQRDebR8Z1QW6_E4qhshnrmg", "sup proy": 58.6, "sup_graf": null, "proyecto": "734", "tramite": "APROBACIÓN", "tipo_obra": "OBRA CIVIL" }, "geometry": { "type": "MultiPolygon", "coordinates": [ [ [ [ -60.486683, -31.745888 ], [ -60.486707, -31.746001 ], [ -60.486742, -31.745995 ], [ -60.486732, -31.745947 ], [ -60.486747, -31.745945 ], [ -60.486734, -31.745879 ], [ -60.486683, -31.745888 ] ] ] ] } },
{ "type": "Feature", "properties": { "ogc_fid": 390, "nivel": 1.0, "ncp": "0060340003006", "observ": null, "proy nro": 600, "partmuni": 22194, "expte": "15076/2025", "link": "https://tramiteobra.parana.gob.ar/menuAutorizada/informacionAutorizada/z-yyDEVXLayetp2zJw3FLNv0PA", "sup proy": 137.35, "sup_graf": null, "proyecto": "600", "tramite": "APROBACIÓN", "tipo_obra": "OBRA CIVIL (Con factibilidad previa)\t" }, "geometry": { "type": "MultiPolygon", "coordinates": [ [ [ [ -60.535281, -31.743669 ], [ -60.535266, -31.743582 ], [ -60.535299, -31.743578 ], [ -60.535295, -31.743557 ], [ -60.535329, -31.743552 ], [ -60.535341, -31.743627 ], [ -60.535308, -31.743631 ], [ -60.535312, -31.743655 ], [ -60.535314, -31.743664 ], [ -60.535281, -31.743669 ] ] ] ] } },
{ "type": "Feature", "properties": { "ogc_fid": 391, "nivel": 0.0, "ncp": "0060340003006", "observ": null, "proy nro": 600, "partmuni": 22194, "expte": "15076/2025", "link": "https://tramiteobra.parana.gob.ar/menuAutorizada/informacionAutorizada/z-yyDEVXLayetp2zJw3FLNv0PA", "sup proy": 137.35, "sup_graf": null, "proyecto": "600", "tramite": "APROBACIÓN", "tipo_obra": "OBRA CIVIL (Con factibilidad previa)\t" }, "geometry": { "type": "MultiPolygon", "coordinates": [ [ [ [ -60.535341, -31.743627 ], [ -60.535346, -31.743651 ], [ -60.535312, -31.743655 ], [ -60.535308, -31.743631 ], [ -60.535341, -31.743627 ] ] ] ] } },
{ "type": "Feature", "properties": { "ogc_fid": 528, "nivel": 1.0, "ncp": "0040000102036", "observ": null, "proy nro": 763, "partmuni": 6594, "expte": "/", "link": "https://tramiteobra.parana.gob.ar/menuAutorizada/informacionAutorizada/xjotPKdDwwLVxmGr4NHl9tgb6g", "sup proy": 146.38, "sup_graf": null, "proyecto": "763", "tramite": "APROBACIÓN", "tipo_obra": "OBRA CIVIL" }, "geometry": { "type": "MultiPolygon", "coordinates": [ [ [ [ -60.536784, -31.729582 ], [ -60.536858, -31.729554 ], [ -60.536859, -31.729556 ], [ -60.536912, -31.729536 ], [ -60.536951, -31.72961 ], [ -60.536944, -31.729625 ], [ -60.536832, -31.729668 ], [ -60.536784, -31.729582 ] ] ] ] } },
{ "type": "Feature", "properties": { "ogc_fid": 402, "nivel": 0.0, "ncp": "0070090015036", "observ": null, "proy nro": 588, "partmuni": 61589, "expte": "15262/2025", "link": "https://tramiteobra.parana.gob.ar/menuAutorizada/informacionAutorizada/z-yyDEVXLayetp2zJw3FLNj8NA", "sup proy": 279.78, "sup_graf": null, "proyecto": "588", "tramite": "APROBACIÓN", "tipo_obra": "OBRA CIVIL (Con factibilidad previa)\t" }, "geometry": { "type": "MultiPolygon", "coordinates": [ [ [ [ -60.51513, -31.762173 ], [ -60.515221, -31.762133 ], [ -60.515234, -31.762189 ], [ -60.515137, -31.762204 ], [ -60.51513, -31.762173 ] ] ] ] } },
{ "type": "Feature", "properties": { "ogc_fid": 394, "nivel": 8.0, "ncp": "0070380020003", "observ": null, "proy nro": 584, "partmuni": 93363, "expte": "/", "link": "https://tramiteobra.parana.gob.ar/menuAutorizada/informacionAutorizada/z-yyDEVXLayetp2zJw3FLNj8OA", "sup proy": 3884.55, "sup_graf": null, "proyecto": "584", "tramite": "FACTIBILIDAD", "tipo_obra": "OBRA CIVIL (Con factibilidad previa)\t" }, "geometry": { "type": "MultiPolygon", "coordinates": [ [ [ [ -60.513386, -31.747526 ], [ -60.513595, -31.747494 ], [ -60.513605, -31.747542 ], [ -60.513612, -31.747541 ], [ -60.513631, -31.747636 ], [ -60.513625, -31.747637 ], [ -60.513635, -31.747685 ], [ -60.513427, -31.747718 ], [ -60.513417, -31.747669 ], [ -60.513411, -31.74767 ], [ -60.513391, -31.747576 ], [ -60.513397, -31.747575 ], [ -60.513386, -31.747526 ] ] ] ] } },
{ "type": "Feature", "properties": { "ogc_fid": 396, "nivel": 1.0, "ncp": "0030000010017", "observ": null, "proy nro": 564, "partmuni": 17027, "expte": "13119/2025", "link": "https://tramiteobra.parana.gob.ar/menuAutorizada/informacionAutorizada/z-yyDEVXLayetp2zJw3FLNjyOA", "sup proy": 391.9, "sup_graf": null, "proyecto": "564", "tramite": "APROBACIÓN", "tipo_obra": "OBRA CIVIL (Con factibilidad previa)\t" }, "geometry": { "type": "MultiPolygon", "coordinates": [ [ [ [ -60.532075, -31.732564 ], [ -60.531795, -31.732649 ], [ -60.531756, -31.732551 ], [ -60.532017, -31.732465 ], [ -60.53203, -31.732487 ], [ -60.531994, -31.732499 ], [ -60.532006, -31.732526 ], [ -60.532045, -31.732513 ], [ -60.532075, -31.732564 ] ] ] ] } },
{ "type": "Feature", "properties": { "ogc_fid": 395, "nivel": 0.0, "ncp": "0150200001016", "observ": null, "proy nro": 557, "partmuni": 42388, "expte": "11044/2025", "link": "https://tramiteobra.parana.gob.ar/menuAutorizada/informacionAutorizada/z-yyDEVXLayetp2zJw3FLNjxOw", "sup proy": 188.005, "sup_graf": null, "proyecto": "557", "tramite": "APROBACIÓN", "tipo_obra": "OBRA CIVIL (Con factibilidad previa)\t" }, "geometry": { "type": "MultiPolygon", "coordinates": [ [ [ [ -60.489822, -31.723312 ], [ -60.489833, -31.723358 ], [ -60.48973, -31.723376 ], [ -60.489739, -31.723417 ], [ -60.489648, -31.723432 ], [ -60.489629, -31.723343 ], [ -60.489822, -31.723312 ] ] ] ] } },
{ "type": "Feature", "properties": { "ogc_fid": 281, "nivel": 2.0, "ncp": "0070630004013", "observ": null, "proy nro": 366, "partmuni": 31546, "expte": "/", "link": "https://tramiteobra.parana.gob.ar/menuAutorizada/informacionAutorizada/AehgKdj4ylT4vME-jzRzoTt_yA", "sup proy": 637.38, "sup_graf": 220, "proyecto": "366", "tramite": "APROBACIÓN", "tipo_obra": "OBRA CIVIL (Con factibilidad previa)\t" }, "geometry": { "type": "MultiPolygon", "coordinates": [ [ [ [ -60.504531, -31.755352 ], [ -60.504446, -31.755401 ], [ -60.504577, -31.755572 ], [ -60.504662, -31.755524 ], [ -60.504531, -31.755352 ] ] ] ] } },
{ "type": "Feature", "properties": { "ogc_fid": 663, "nivel": 1.0, "ncp": "0151090005001", "observ": null, "proy nro": 884, "partmuni": 130986, "expte": "/", "link": "https://tramiteobra.parana.gob.ar/menuAutorizada/informacionAutorizada/5D0ogvWc6znLgooQ1IzD7RkkJQ", "sup proy": 427.65, "sup_graf": null, "proyecto": "884", "tramite": "APROBACIÓN", "tipo_obra": "OBRA CIVIL" }, "geometry": { "type": "MultiPolygon", "coordinates": [ [ [ [ -60.466377, -31.705582 ], [ -60.466255, -31.70568 ], [ -60.466223, -31.705651 ], [ -60.466209, -31.705638 ], [ -60.466311, -31.705556 ], [ -60.466322, -31.705567 ], [ -60.466342, -31.705551 ], [ -60.466377, -31.705582 ] ] ] ] } },
{ "type": "Feature", "properties": { "ogc_fid": 664, "nivel": 0.0, "ncp": "0080400001008", "observ": null, "proy nro": 880, "partmuni": 85851, "expte": "9069/2026", "link": "https://tramiteobra.parana.gob.ar/menuAutorizada/informacionAutorizada/5D0ogvWc6znLgooQ1IzD7RkkIQ", "sup proy": 92.555, "sup_graf": null, "proyecto": "880", "tramite": "APROBACIÓN", "tipo_obra": "OBRA CIVIL" }, "geometry": { "type": "MultiPolygon", "coordinates": [ [ [ [ -60.515057, -31.733409 ], [ -60.514983, -31.733426 ], [ -60.51491, -31.733209 ], [ -60.514991, -31.733196 ], [ -60.515057, -31.733409 ] ] ] ] } },
{ "type": "Feature", "properties": { "ogc_fid": 464, "nivel": 4.0, "ncp": "0010000079032", "observ": null, "proy nro": 784, "partmuni": 17333, "expte": "/", "link": "https://tramiteobra.parana.gob.ar/menuAutorizada/informacionAutorizada/xjotPKdDwwLVxmGr4NHl9tgV7Q", "sup proy": 586.91, "sup_graf": null, "proyecto": "784", "tramite": "APROBACIÓN", "tipo_obra": "OBRA CIVIL (Con factibilidad previa)" }, "geometry": { "type": "MultiPolygon", "coordinates": [ [ [ [ -60.516171, -31.731961 ], [ -60.516202, -31.731955 ], [ -60.5162, -31.731949 ], [ -60.516227, -31.731944 ], [ -60.516181, -31.731767 ], [ -60.516152, -31.731772 ], [ -60.516148, -31.731755 ], [ -60.516119, -31.73176 ], [ -60.516171, -31.731961 ] ] ] ] } },
{ "type": "Feature", "properties": { "ogc_fid": 465, "nivel": 0.0, "ncp": "0141010001045", "observ": null, "proy nro": 835, "partmuni": 41102, "expte": "9060/2026", "link": "https://tramiteobra.parana.gob.ar/menuAutorizada/informacionAutorizada/ey9wRDJzHzCZpUGGQnuf8uGoVg", "sup proy": 214.695, "sup_graf": null, "proyecto": "835", "tramite": "APROBACIÓN", "tipo_obra": "OBRA CIVIL" }, "geometry": { "type": "MultiPolygon", "coordinates": [ [ [ [ -60.472594, -31.747494 ], [ -60.472848, -31.747456 ], [ -60.47285, -31.747464 ], [ -60.472892, -31.747458 ], [ -60.472906, -31.747531 ], [ -60.472866, -31.747537 ], [ -60.472867, -31.74754 ], [ -60.47285, -31.747543 ], [ -60.472851, -31.747547 ], [ -60.472677, -31.747573 ], [ -60.472668, -31.747529 ], [ -60.472647, -31.747531 ], [ -60.472648, -31.747542 ], [ -60.472604, -31.747548 ], [ -60.472594, -31.747494 ] ] ] ] } },
{ "type": "Feature", "properties": { "ogc_fid": 527, "nivel": 2.0, "ncp": "0040000053031", "observ": null, "proy nro": 778, "partmuni": 6544, "expte": "/", "link": "https://tramiteobra.parana.gob.ar/menuAutorizada/informacionAutorizada/xjotPKdDwwLVxmGr4NHl9tga4Q", "sup proy": null, "sup_graf": null, "proyecto": "778", "tramite": "APROBACIÓN", "tipo_obra": "OBRA CIVIL" }, "geometry": { "type": "MultiPolygon", "coordinates": [ [ [ [ -60.534539, -31.725047 ], [ -60.534484, -31.724947 ], [ -60.53452, -31.724932 ], [ -60.534514, -31.724922 ], [ -60.534542, -31.724911 ], [ -60.534607, -31.725029 ], [ -60.53458, -31.725041 ], [ -60.534575, -31.725032 ], [ -60.534539, -31.725047 ] ] ] ] } },
{ "type": "Feature", "properties": { "ogc_fid": 531, "nivel": 0.0, "ncp": "0060840010005", "observ": null, "proy nro": 760, "partmuni": 45333, "expte": "27127/2025", "link": "https://tramiteobra.parana.gob.ar/menuAutorizada/informacionAutorizada/D-KWbePlFptZDLBECIYKhvLUWg", "sup proy": 67.8, "sup_graf": null, "proyecto": "760", "tramite": "APROBACIÓN", "tipo_obra": "OBRA CIVIL" }, "geometry": { "type": "MultiPolygon", "coordinates": [ [ [ [ -60.538542, -31.771203 ], [ -60.538478, -31.771211 ], [ -60.538488, -31.771267 ], [ -60.53852, -31.771263 ], [ -60.538525, -31.771288 ], [ -60.538593, -31.771278 ], [ -60.538583, -31.771224 ], [ -60.538547, -31.771228 ], [ -60.538542, -31.771203 ] ] ] ] } },
{ "type": "Feature", "properties": { "ogc_fid": 532, "nivel": 1.0, "ncp": "0010000041006", "observ": null, "proy nro": 765, "partmuni": 2497, "expte": "1234/2025", "link": "https://tramiteobra.parana.gob.ar/menuAutorizada/informacionAutorizada/D-KWbePlFptZDLBECIYKhvLUXw", "sup proy": 5.45, "sup_graf": null, "proyecto": "765", "tramite": "APROBACIÓN", "tipo_obra": "OBRA CIVIL" }, "geometry": { "type": "MultiPolygon", "coordinates": [ [ [ [ -60.521225, -31.724346 ], [ -60.521116, -31.724387 ], [ -60.52109, -31.724438 ], [ -60.521092, -31.724442 ], [ -60.5212, -31.724403 ], [ -60.521205, -31.724413 ], [ -60.521249, -31.724396 ], [ -60.521225, -31.724346 ] ] ] ] } },
{ "type": "Feature", "properties": { "ogc_fid": 384, "nivel": 1.0, "ncp": "0050280004001", "observ": null, "proy nro": 610, "partmuni": 44926, "expte": "12572/2025", "link": "https://tramiteobra.parana.gob.ar/menuAutorizada/informacionAutorizada/z-yyDEVXLayetp2zJw3FLNv1PA", "sup proy": 204.5, "sup_graf": null, "proyecto": "610", "tramite": "APROBACIÓN", "tipo_obra": "OBRA CIVIL (Con factibilidad previa)\t" }, "geometry": { "type": "MultiPolygon", "coordinates": [ [ [ [ -60.545344, -31.739799 ], [ -60.545255, -31.739812 ], [ -60.545267, -31.739869 ], [ -60.545247, -31.739872 ], [ -60.545254, -31.739905 ], [ -60.545308, -31.739897 ], [ -60.545305, -31.739876 ], [ -60.545322, -31.739874 ], [ -60.545319, -31.739862 ], [ -60.545354, -31.739856 ], [ -60.545344, -31.739799 ] ] ] ] } },
{ "type": "Feature", "properties": { "ogc_fid": 386, "nivel": 0.0, "ncp": "0050280004001", "observ": null, "proy nro": 610, "partmuni": 44926, "expte": "12572/2025", "link": "https://tramiteobra.parana.gob.ar/menuAutorizada/informacionAutorizada/z-yyDEVXLayetp2zJw3FLNv1PA", "sup proy": 204.5, "sup_graf": null, "proyecto": "610", "tramite": "APROBACIÓN", "tipo_obra": "OBRA CIVIL (Con factibilidad previa)\t" }, "geometry": { "type": "MultiPolygon", "coordinates": [ [ [ [ -60.545247, -31.739872 ], [ -60.545234, -31.739804 ], [ -60.545342, -31.739788 ], [ -60.545344, -31.739799 ], [ -60.545255, -31.739812 ], [ -60.545267, -31.739869 ], [ -60.545247, -31.739872 ] ] ] ] } },
{ "type": "Feature", "properties": { "ogc_fid": 406, "nivel": 1.0, "ncp": "0121190009005", "observ": null, "proy nro": 642, "partmuni": 55514, "expte": "15542/2025", "link": "https://tramiteobra.parana.gob.ar/menuAutorizada/informacionAutorizada/z-yyDEVXLayetp2zJw3FLNvwPg", "sup proy": 97.685, "sup_graf": null, "proyecto": "642", "tramite": "APROBACIÓN", "tipo_obra": "OBRA CIVIL\t" }, "geometry": { "type": "MultiPolygon", "coordinates": [ [ [ [ -60.514383, -31.779058 ], [ -60.514255, -31.779078 ], [ -60.514106, -31.779101 ], [ -60.514129, -31.779197 ], [ -60.514253, -31.779178 ], [ -60.514406, -31.779154 ], [ -60.514383, -31.779058 ] ] ] ] } },
{ "type": "Feature", "properties": { "ogc_fid": 407, "nivel": 0.0, "ncp": "0121190009005", "observ": null, "proy nro": 642, "partmuni": 55514, "expte": "15542/2025", "link": "https://tramiteobra.parana.gob.ar/menuAutorizada/informacionAutorizada/z-yyDEVXLayetp2zJw3FLNvwPg", "sup proy": 97.685, "sup_graf": null, "proyecto": "642", "tramite": "APROBACIÓN", "tipo_obra": "OBRA CIVIL (Con factibilidad previa)\t" }, "geometry": { "type": "MultiPolygon", "coordinates": [ [ [ [ -60.514614, -31.779023 ], [ -60.514486, -31.779043 ], [ -60.514503, -31.779113 ], [ -60.51454, -31.779107 ], [ -60.514546, -31.779133 ], [ -60.514587, -31.779127 ], [ -60.514614, -31.779023 ] ] ] ] } },
{ "type": "Feature", "properties": { "ogc_fid": 408, "nivel": 0.0, "ncp": "0020000041010", "observ": null, "proy nro": 621, "partmuni": 100266, "expte": "13240/2025", "link": "https://tramiteobra.parana.gob.ar/menuAutorizada/informacionAutorizada/z-yyDEVXLayetp2zJw3FLNv2PQ", "sup proy": 23.13, "sup_graf": null, "proyecto": "621", "tramite": "APROBACIÓN", "tipo_obra": "OBRA CIVIL (Con factibilidad previa)\t" }, "geometry": { "type": "MultiPolygon", "coordinates": [ [ [ [ -60.518592, -31.741902 ], [ -60.518569, -31.741942 ], [ -60.518573, -31.741944 ], [ -60.518576, -31.741955 ], [ -60.518568, -31.741968 ], [ -60.51862, -31.74199 ], [ -60.5186, -31.742023 ], [ -60.51863, -31.742035 ], [ -60.518649, -31.742001 ], [ -60.518648, -31.742 ], [ -60.518665, -31.74197 ], [ -60.518679, -31.741976 ], [ -60.518683, -31.741976 ], [ -60.518686, -31.741976 ], [ -60.518689, -31.741975 ], [ -60.518692, -31.741974 ], [ -60.518694, -31.741972 ], [ -60.518707, -31.741949 ], [ -60.518592, -31.741902 ] ] ] ] } },
{ "type": "Feature", "properties": { "ogc_fid": 667, "nivel": 1.0, "ncp": "0060850010021", "observ": null, "proy nro": 870, "partmuni": 41421, "expte": "/", "link": "https://tramiteobra.parana.gob.ar/menuAutorizada/informacionAutorizada/5D0ogvWc6znLgooQ1IzD7RkrIQ", "sup proy": 135.605, "sup_graf": null, "proyecto": "870", "tramite": "APROBACIÓN", "tipo_obra": "OBRA CIVIL" }, "geometry": { "type": "MultiPolygon", "coordinates": [ [ [ [ -60.535231, -31.772653 ], [ -60.535224, -31.772623 ], [ -60.535213, -31.772624 ], [ -60.535206, -31.772592 ], [ -60.535115, -31.772607 ], [ -60.535128, -31.77267 ], [ -60.535231, -31.772653 ] ] ] ] } },
{ "type": "Feature", "properties": { "ogc_fid": 404, "nivel": 0.0, "ncp": "0070090015036", "observ": null, "proy nro": 588, "partmuni": 61589, "expte": "15262/2025", "link": "https://tramiteobra.parana.gob.ar/menuAutorizada/informacionAutorizada/z-yyDEVXLayetp2zJw3FLNj8NA", "sup proy": 279.78, "sup_graf": null, "proyecto": "588", "tramite": "APROBACIÓN", "tipo_obra": "OBRA CIVIL (Con factibilidad previa)\t" }, "geometry": { "type": "MultiPolygon", "coordinates": [ [ [ [ -60.515273, -31.762379 ], [ -60.515177, -31.762395 ], [ -60.515199, -31.7625 ], [ -60.515295, -31.762485 ], [ -60.515273, -31.762379 ] ] ] ] } },
{ "type": "Feature", "properties": { "ogc_fid": 751, "nivel": 0.0, "ncp": "0131310001002", "observ": null, "proy nro": 529, "partmuni": 43072, "expte": "26181/2025", "link": "https://tramiteobra.parana.gob.ar/menuAutorizada/informacionAutorizada/Bn-7ilegaQigw5aewbHF_RD2tA", "sup proy": null, "sup_graf": null, "proyecto": "529", "tramite": "FACTIBILIDAD", "tipo_obra": "OBRA CIVIL (Con factibilidad previa)" }, "geometry": { "type": "MultiPolygon", "coordinates": [ [ [ [ -60.473927, -31.763618 ], [ -60.473747, -31.762821 ], [ -60.473588, -31.762846 ], [ -60.473768, -31.763644 ], [ -60.473927, -31.763618 ] ] ] ] } },
{ "type": "Feature", "properties": { "ogc_fid": 405, "nivel": 2.0, "ncp": "0020000060001", "observ": null, "proy nro": 566, "partmuni": 28363, "expte": "23290/2025", "link": "https://tramiteobra.parana.gob.ar/menuAutorizada/informacionAutorizada/z-yyDEVXLayetp2zJw3FLNjyOg", "sup proy": 92.3, "sup_graf": null, "proyecto": "566", "tramite": "APROBACIÓN", "tipo_obra": "OBRA CIVIL (Con factibilidad previa)\t" }, "geometry": { "type": "MultiPolygon", "coordinates": [ [ [ [ -60.523462, -31.741492 ], [ -60.523447, -31.741471 ], [ -60.523394, -31.741458 ], [ -60.523203, -31.741553 ], [ -60.523237, -31.741604 ], [ -60.523462, -31.741492 ] ] ] ] } },
{ "type": "Feature", "properties": { "ogc_fid": 608, "nivel": 0.0, "ncp": "0090420040098", "observ": null, "proy nro": 875, "partmuni": 48072, "expte": "/", "link": "https://tramiteobra.parana.gob.ar/menuAutorizada/informacionAutorizada/Ib8TLBoOeoLTbKyrv96lStPUVA", "sup proy": 95.35, "sup_graf": null, "proyecto": "875", "tramite": "APROBACIÓN", "tipo_obra": "OBRA CIVIL" }, "geometry": { "type": "MultiPolygon", "coordinates": [ [ [ [ -60.485316, -31.746421 ], [ -60.485276, -31.746428 ], [ -60.485282, -31.746454 ], [ -60.485236, -31.746462 ], [ -60.485255, -31.746552 ], [ -60.485301, -31.746544 ], [ -60.48529, -31.746489 ], [ -60.485328, -31.746483 ], [ -60.485316, -31.746421 ] ] ] ] } },
{ "type": "Feature", "properties": { "ogc_fid": 752, "nivel": 0.0, "ncp": "0131310001002", "observ": null, "proy nro": 529, "partmuni": 43072, "expte": "26181/2025", "link": "https://tramiteobra.parana.gob.ar/menuAutorizada/informacionAutorizada/Bn-7ilegaQigw5aewbHF_RD2tA", "sup proy": null, "sup_graf": null, "proyecto": "529", "tramite": "FACTIBILIDAD", "tipo_obra": "OBRA CIVIL (Con factibilidad previa)" }, "geometry": { "type": "MultiPolygon", "coordinates": [ [ [ [ -60.473417, -31.763492 ], [ -60.473295, -31.762944 ], [ -60.473515, -31.762908 ], [ -60.473486, -31.762778 ], [ -60.473165, -31.76283 ], [ -60.473318, -31.763507 ], [ -60.473417, -31.763492 ] ] ] ] } },
{ "type": "Feature", "properties": { "ogc_fid": 753, "nivel": 0.0, "ncp": "0131310001002", "observ": null, "proy nro": 529, "partmuni": 43072, "expte": "26181/2025", "link": "https://tramiteobra.parana.gob.ar/menuAutorizada/informacionAutorizada/Bn-7ilegaQigw5aewbHF_RD2tA", "sup proy": null, "sup_graf": null, "proyecto": "529", "tramite": "FACTIBILIDAD", "tipo_obra": "OBRA CIVIL (Con factibilidad previa)" }, "geometry": { "type": "MultiPolygon", "coordinates": [ [ [ [ -60.473684, -31.763657 ], [ -60.473656, -31.763528 ], [ -60.473334, -31.76358 ], [ -60.473363, -31.763709 ], [ -60.473684, -31.763657 ] ] ] ] } },
{ "type": "Feature", "properties": { "ogc_fid": 605, "nivel": 0.0, "ncp": "0121170004016", "observ": null, "proy nro": 865, "partmuni": 55246, "expte": "11932/2026", "link": "https://tramiteobra.parana.gob.ar/menuAutorizada/informacionAutorizada/cqbRqEsPtpQ6l4sJcUBi4fXdrw", "sup proy": 252.535, "sup_graf": null, "proyecto": "865", "tramite": "APROBACIÓN", "tipo_obra": "OBRA CIVIL" }, "geometry": { "type": "MultiPolygon", "coordinates": [ [ [ [ -60.525504, -31.776659 ], [ -60.525428, -31.776672 ], [ -60.525438, -31.776721 ], [ -60.52549, -31.776713 ], [ -60.525496, -31.776742 ], [ -60.525522, -31.776738 ], [ -60.525504, -31.776659 ] ] ] ] } },
{ "type": "Feature", "properties": { "ogc_fid": 468, "nivel": 1.0, "ncp": "0070660001081", "observ": null, "proy nro": 810, "partmuni": 558, "expte": "/", "link": "https://tramiteobra.parana.gob.ar/menuAutorizada/informacionAutorizada/ey9wRDJzHzCZpUGGQnuf8uGqUw", "sup proy": 303.0, "sup_graf": null, "proyecto": "558", "tramite": "APROBACIÓN", "tipo_obra": "OBRA CIVIL" }, "geometry": { "type": "MultiPolygon", "coordinates": [ [ [ [ -60.506061, -31.744189 ], [ -60.50597, -31.744205 ], [ -60.506013, -31.744415 ], [ -60.506106, -31.744399 ], [ -60.506061, -31.744189 ] ] ] ] } },
{ "type": "Feature", "properties": { "ogc_fid": 469, "nivel": 1.0, "ncp": "0010000038065", "observ": null, "proy nro": 801, "partmuni": 8584, "expte": "/", "link": "https://tramiteobra.parana.gob.ar/menuAutorizada/informacionAutorizada/ey9wRDJzHzCZpUGGQnuf8uGrUg", "sup proy": 251.57, "sup_graf": null, "proyecto": "801", "tramite": "APROBACIÓN", "tipo_obra": "OBRA CIVIL" }, "geometry": { "type": "MultiPolygon", "coordinates": [ [ [ [ -60.526121, -31.723057 ], [ -60.526105, -31.723015 ], [ -60.526218, -31.722986 ], [ -60.526208, -31.722959 ], [ -60.526241, -31.722949 ], [ -60.526251, -31.722978 ], [ -60.526247, -31.722978 ], [ -60.526254, -31.723 ], [ -60.526251, -31.723001 ], [ -60.526253, -31.723009 ], [ -60.526257, -31.723008 ], [ -60.526262, -31.723021 ], [ -60.526121, -31.723057 ] ] ] ] } },
{ "type": "Feature", "properties": { "ogc_fid": 470, "nivel": 0.0, "ncp": "0010000038065", "observ": null, "proy nro": 801, "partmuni": 8584, "expte": "/", "link": "https://tramiteobra.parana.gob.ar/menuAutorizada/informacionAutorizada/ey9wRDJzHzCZpUGGQnuf8uGrUg", "sup proy": 251.57, "sup_graf": null, "proyecto": "801", "tramite": "APROBACIÓN", "tipo_obra": "OBRA CIVIL" }, "geometry": { "type": "MultiPolygon", "coordinates": [ [ [ [ -60.526262, -31.723021 ], [ -60.526312, -31.723008 ], [ -60.526283, -31.722937 ], [ -60.526241, -31.722949 ], [ -60.526251, -31.722978 ], [ -60.526247, -31.722978 ], [ -60.526254, -31.723 ], [ -60.526251, -31.723001 ], [ -60.526253, -31.723009 ], [ -60.526257, -31.723008 ], [ -60.526262, -31.723021 ] ] ] ] } },
{ "type": "Feature", "properties": { "ogc_fid": 609, "nivel": 2.0, "ncp": "0010000018008", "observ": null, "proy nro": 759, "partmuni": 8847, "expte": "/", "link": "https://tramiteobra.parana.gob.ar/menuAutorizada/informacionAutorizada/Ib8TLBoOeoLTbKyrv96lStzWWA", "sup proy": 255.58, "sup_graf": null, "proyecto": "759", "tramite": "APROBACIÓN", "tipo_obra": "OBRA CIVIL" }, "geometry": { "type": "MultiPolygon", "coordinates": [ [ [ [ -60.520693, -31.721087 ], [ -60.520663, -31.721029 ], [ -60.520555, -31.721068 ], [ -60.520585, -31.721127 ], [ -60.520693, -31.721087 ] ] ] ] } },
{ "type": "Feature", "properties": { "ogc_fid": 610, "nivel": 1.0, "ncp": "0020000014005", "observ": null, "proy nro": 666, "partmuni": 15474, "expte": "21478/2025", "link": "https://tramiteobra.parana.gob.ar/menuAutorizada/informacionAutorizada/Ib8TLBoOeoLTbKyrv96lSt3VVw", "sup proy": 89.25, "sup_graf": null, "proyecto": "666", "tramite": "APROBACIÓN", "tipo_obra": "OBRA CIVIL" }, "geometry": { "type": "MultiPolygon", "coordinates": [ [ [ [ -60.524593, -31.735835 ], [ -60.524565, -31.735858 ], [ -60.524501, -31.735779 ], [ -60.524528, -31.735757 ], [ -60.524593, -31.735835 ] ] ] ] } },
{ "type": "Feature", "properties": { "ogc_fid": 403, "nivel": 0.0, "ncp": "0070090015036", "observ": null, "proy nro": 588, "partmuni": 61589, "expte": "15262/2025", "link": "https://tramiteobra.parana.gob.ar/menuAutorizada/informacionAutorizada/z-yyDEVXLayetp2zJw3FLNj8NA", "sup proy": 279.78, "sup_graf": null, "proyecto": "588", "tramite": "APROBACIÓN", "tipo_obra": "OBRA CIVIL (Con factibilidad previa)\t" }, "geometry": { "type": "MultiPolygon", "coordinates": [ [ [ [ -60.515242, -31.762231 ], [ -60.515146, -31.762247 ], [ -60.515168, -31.762352 ], [ -60.515264, -31.762337 ], [ -60.515242, -31.762231 ] ] ] ] } },
{ "type": "Feature", "properties": { "ogc_fid": 441, "nivel": 0.0, "ncp": "0010000087056", "observ": null, "proy nro": 712, "partmuni": 61613, "expte": "23781/2025", "link": "https://tramiteobra.parana.gob.ar/menuAutorizada/informacionAutorizada/yiUvqz_jSD360cdFLcnb0Unt2w", "sup proy": 98.41, "sup_graf": null, "proyecto": "712", "tramite": "APROBACIÓN", "tipo_obra": "OBRA CIVIL\t" }, "geometry": { "type": "MultiPolygon", "coordinates": [ [ [ [ -60.516663, -31.732991 ], [ -60.516658, -31.733021 ], [ -60.516631, -31.733019 ], [ -60.516625, -31.732995 ], [ -60.516663, -31.732991 ] ] ] ] } },
{ "type": "Feature", "properties": { "ogc_fid": 442, "nivel": 1.0, "ncp": "0010000087056", "observ": null, "proy nro": 712, "partmuni": 61613, "expte": "23781/2025", "link": "https://tramiteobra.parana.gob.ar/menuAutorizada/informacionAutorizada/yiUvqz_jSD360cdFLcnb0Unt2w", "sup proy": 98.41, "sup_graf": null, "proyecto": "712", "tramite": "APROBACIÓN", "tipo_obra": "OBRA CIVIL\t" }, "geometry": { "type": "MultiPolygon", "coordinates": [ [ [ [ -60.516752, -31.733025 ], [ -60.516715, -31.733023 ], [ -60.51672, -31.732993 ], [ -60.516674, -31.732991 ], [ -60.516678, -31.73297 ], [ -60.516694, -31.73297 ], [ -60.516704, -31.732911 ], [ -60.516738, -31.732913 ], [ -60.516736, -31.732929 ], [ -60.516767, -31.732931 ], [ -60.516752, -31.733025 ] ] ] ] } },
{ "type": "Feature", "properties": { "ogc_fid": 443, "nivel": 0.0, "ncp": "0010000087056", "observ": null, "proy nro": 712, "partmuni": 61613, "expte": "23781/2025", "link": "https://tramiteobra.parana.gob.ar/menuAutorizada/informacionAutorizada/yiUvqz_jSD360cdFLcnb0Unt2w", "sup proy": 98.41, "sup_graf": null, "proyecto": "712", "tramite": "APROBACIÓN", "tipo_obra": "OBRA CIVIL\t" }, "geometry": { "type": "MultiPolygon", "coordinates": [ [ [ [ -60.516767, -31.732931 ], [ -60.516773, -31.732897 ], [ -60.516741, -31.732896 ], [ -60.516738, -31.732913 ], [ -60.516736, -31.732929 ], [ -60.516767, -31.732931 ] ] ] ] } },
{ "type": "Feature", "properties": { "ogc_fid": 446, "nivel": 0.0, "ncp": "0020000041005", "observ": null, "proy nro": 720, "partmuni": 8110, "expte": "23288/2025", "link": "https://tramiteobra.parana.gob.ar/menuAutorizada/informacionAutorizada/yiUvqz_jSD360cdFLcnb0Unu2Q", "sup proy": 89.64, "sup_graf": null, "proyecto": "720", "tramite": "APROBACIÓN", "tipo_obra": "OBRA CIVIL\t" }, "geometry": { "type": "MultiPolygon", "coordinates": [ [ [ [ -60.518879, -31.741776 ], [ -60.518855, -31.741766 ], [ -60.518839, -31.741792 ], [ -60.518859, -31.7418 ], [ -60.518879, -31.741776 ] ] ] ] } },
{ "type": "Feature", "properties": { "ogc_fid": 397, "nivel": 0.0, "ncp": "0090400010050", "observ": null, "proy nro": 552, "partmuni": 25862, "expte": "17990/2025", "link": "https://tramiteobra.parana.gob.ar/menuAutorizada/informacionAutorizada/z-yyDEVXLayetp2zJw3FLNjxPg", "sup proy": 86.2, "sup_graf": null, "proyecto": "552", "tramite": "APROBACIÓN", "tipo_obra": "OBRA CIVIL (Con factibilidad previa)\t" }, "geometry": { "type": "MultiPolygon", "coordinates": [ [ [ [ -60.487423, -31.757354 ], [ -60.487517, -31.757338 ], [ -60.487496, -31.757249 ], [ -60.487402, -31.757266 ], [ -60.487423, -31.757354 ] ] ] ] } },
{ "type": "Feature", "properties": { "ogc_fid": 672, "nivel": 1.0, "ncp": "0150720010004", "observ": null, "proy nro": 866, "partmuni": 41442, "expte": "/", "link": "https://tramiteobra.parana.gob.ar/menuAutorizada/informacionAutorizada/qvYZKf2yto_iNACm2_TDntdJ_g", "sup proy": 292.065, "sup_graf": null, "proyecto": "866", "tramite": "APROBACIÓN", "tipo_obra": "OBRA CIVIL" }, "geometry": { "type": "MultiPolygon", "coordinates": [ [ [ [ -60.497887, -31.714769 ], [ -60.497862, -31.714657 ], [ -60.497808, -31.714666 ], [ -60.497808, -31.714664 ], [ -60.49771, -31.71468 ], [ -60.497727, -31.714756 ], [ -60.49777, -31.71475 ], [ -60.497772, -31.714755 ], [ -60.497826, -31.714746 ], [ -60.497833, -31.714777 ], [ -60.497887, -31.714769 ] ] ] ] } },
{ "type": "Feature", "properties": { "ogc_fid": 418, "nivel": 1.0, "ncp": "0121150001023", "observ": null, "proy nro": 582, "partmuni": 45007, "expte": "17645/2025", "link": "https://tramiteobra.parana.gob.ar/menuAutorizada/informacionAutorizada/z-yyDEVXLayetp2zJw3FLNj8Pg", "sup proy": 251.055, "sup_graf": null, "proyecto": "582", "tramite": "APROBACIÓN", "tipo_obra": "OBRA CIVIL (Con factibilidad previa)\t" }, "geometry": { "type": "MultiPolygon", "coordinates": [ [ [ [ -60.538021, -31.776703 ], [ -60.538158, -31.776682 ], [ -60.538104, -31.776419 ], [ -60.538004, -31.776435 ], [ -60.537688, -31.776485 ], [ -60.53772, -31.776638 ], [ -60.537847, -31.776619 ], [ -60.537869, -31.776726 ], [ -60.538021, -31.776703 ] ] ] ] } },
{ "type": "Feature", "properties": { "ogc_fid": 673, "nivel": 0.0, "ncp": "0150720010004", "observ": null, "proy nro": 866, "partmuni": 41442, "expte": "/", "link": "https://tramiteobra.parana.gob.ar/menuAutorizada/informacionAutorizada/qvYZKf2yto_iNACm2_TDntdJ_g", "sup proy": 292.065, "sup_graf": null, "proyecto": "866", "tramite": "APROBACIÓN", "tipo_obra": "OBRA CIVIL" }, "geometry": { "type": "MultiPolygon", "coordinates": [ [ [ [ -60.497808, -31.714664 ], [ -60.497799, -31.714624 ], [ -60.497701, -31.71464 ], [ -60.49771, -31.71468 ], [ -60.497808, -31.714664 ] ] ] ] } },
{ "type": "Feature", "properties": { "ogc_fid": 474, "nivel": 3.0, "ncp": "0070390002014", "observ": null, "proy nro": 805, "partmuni": 19811, "expte": "/", "link": "https://tramiteobra.parana.gob.ar/menuAutorizada/informacionAutorizada/ancu5YJAL9j3qD1g26diKqeMbQ", "sup proy": 631.17, "sup_graf": null, "proyecto": "805", "tramite": "APROBACIÓN", "tipo_obra": "OBRA CIVIL" }, "geometry": { "type": "MultiPolygon", "coordinates": [ [ [ [ -60.515406, -31.738646 ], [ -60.515392, -31.738585 ], [ -60.515237, -31.738609 ], [ -60.515244, -31.738641 ], [ -60.5152, -31.738648 ], [ -60.515193, -31.738615 ], [ -60.51508, -31.738633 ], [ -60.515094, -31.738694 ], [ -60.515406, -31.738646 ] ] ] ] } },
{ "type": "Feature", "properties": { "ogc_fid": 475, "nivel": 3.0, "ncp": "0070390008014", "observ": null, "proy nro": 813, "partmuni": 2013, "expte": "1638/2026", "link": "https://tramiteobra.parana.gob.ar/menuAutorizada/informacionAutorizada/ancu5YJAL9j3qD1g26diKqeNaw", "sup proy": 517.5, "sup_graf": null, "proyecto": "813", "tramite": "APROBACIÓN", "tipo_obra": "OBRA CIVIL (Con factibilidad previa)" }, "geometry": { "type": "MultiPolygon", "coordinates": [ [ [ [ -60.514663, -31.740302 ], [ -60.514682, -31.740389 ], [ -60.514863, -31.740361 ], [ -60.514839, -31.740274 ], [ -60.514663, -31.740302 ] ] ] ] } },
{ "type": "Feature", "properties": { "ogc_fid": 431, "nivel": 0.0, "ncp": "0060340017045", "observ": null, "proy nro": 683, "partmuni": 16407, "expte": "24539/2025", "link": "https://tramiteobra.parana.gob.ar/menuAutorizada/informacionAutorizada/89nTflDtguPEPtpk69c_0s9OuA", "sup proy": 11.0, "sup_graf": null, "proyecto": "683", "tramite": "APROBACIÓN", "tipo_obra": "OBRA CIVIL\t" }, "geometry": { "type": "MultiPolygon", "coordinates": [ [ [ [ -60.536186, -31.745884 ], [ -60.536241, -31.745874 ], [ -60.536246, -31.745895 ], [ -60.536231, -31.745898 ], [ -60.536191, -31.745904 ], [ -60.536186, -31.745884 ] ] ] ] } },
{ "type": "Feature", "properties": { "ogc_fid": 476, "nivel": 0.0, "ncp": "0090620009004", "observ": null, "proy nro": 795, "partmuni": 93365, "expte": "/", "link": "https://tramiteobra.parana.gob.ar/menuAutorizada/informacionAutorizada/ancu5YJAL9j3qD1g26diKqiFbQ", "sup proy": 348.84, "sup_graf": null, "proyecto": "795", "tramite": "APROBACIÓN", "tipo_obra": "OBRA CIVIL" }, "geometry": { "type": "MultiPolygon", "coordinates": [ [ [ [ -60.495597, -31.772973 ], [ -60.49548, -31.772989 ], [ -60.49554, -31.773331 ], [ -60.495657, -31.773314 ], [ -60.495597, -31.772973 ] ] ] ] } },
{ "type": "Feature", "properties": { "ogc_fid": 471, "nivel": 0.0, "ncp": "0060500032022", "observ": null, "proy nro": 828, "partmuni": 46438, "expte": "2653/2026", "link": "https://tramiteobra.parana.gob.ar/menuAutorizada/informacionAutorizada/ancu5YJAL9j3qD1g26diKqeOYA", "sup proy": 261.44, "sup_graf": null, "proyecto": "828", "tramite": "APROBACIÓN", "tipo_obra": "OBRA CIVIL" }, "geometry": { "type": "MultiPolygon", "coordinates": [ [ [ [ -60.532078, -31.753996 ], [ -60.531994, -31.754037 ], [ -60.532009, -31.754058 ], [ -60.531962, -31.754081 ], [ -60.531941, -31.754052 ], [ -60.531911, -31.754067 ], [ -60.53194, -31.754136 ], [ -60.532093, -31.754058 ], [ -60.532078, -31.753996 ] ] ] ] } },
{ "type": "Feature", "properties": { "ogc_fid": 472, "nivel": 1.0, "ncp": "0060500032022", "observ": null, "proy nro": 828, "partmuni": 46438, "expte": "2653/2026", "link": "https://tramiteobra.parana.gob.ar/menuAutorizada/informacionAutorizada/ancu5YJAL9j3qD1g26diKqeOYA", "sup proy": 261.44, "sup_graf": null, "proyecto": "828", "tramite": "APROBACIÓN", "tipo_obra": "OBRA CIVIL" }, "geometry": { "type": "MultiPolygon", "coordinates": [ [ [ [ -60.532042, -31.753842 ], [ -60.531999, -31.753861 ], [ -60.532006, -31.753873 ], [ -60.531969, -31.75389 ], [ -60.531963, -31.753877 ], [ -60.53195, -31.753883 ], [ -60.53201, -31.754015 ], [ -60.532076, -31.753982 ], [ -60.532042, -31.753842 ] ] ] ] } },
{ "type": "Feature", "properties": { "ogc_fid": 419, "nivel": 0.0, "ncp": "0121150001023", "observ": null, "proy nro": 582, "partmuni": 45007, "expte": "17645/2025", "link": "https://tramiteobra.parana.gob.ar/menuAutorizada/informacionAutorizada/z-yyDEVXLayetp2zJw3FLNj8Pg", "sup proy": 251.055, "sup_graf": null, "proyecto": "582", "tramite": "APROBACIÓN", "tipo_obra": "OBRA CIVIL (Con factibilidad previa)\t" }, "geometry": { "type": "MultiPolygon", "coordinates": [ [ [ [ -60.53834, -31.776571 ], [ -60.538357, -31.776652 ], [ -60.538158, -31.776682 ], [ -60.538142, -31.776602 ], [ -60.53834, -31.776571 ] ] ] ] } },
{ "type": "Feature", "properties": { "ogc_fid": 420, "nivel": 0.0, "ncp": "0121150001023", "observ": null, "proy nro": 582, "partmuni": 45007, "expte": "17645/2025", "link": "https://tramiteobra.parana.gob.ar/menuAutorizada/informacionAutorizada/z-yyDEVXLayetp2zJw3FLNj8Pg", "sup proy": 251.055, "sup_graf": null, "proyecto": "582", "tramite": "APROBACIÓN", "tipo_obra": "OBRA CIVIL (Con factibilidad previa)\t" }, "geometry": { "type": "MultiPolygon", "coordinates": [ [ [ [ -60.537688, -31.776485 ], [ -60.537539, -31.776508 ], [ -60.537574, -31.776672 ], [ -60.537601, -31.776668 ], [ -60.537622, -31.776765 ], [ -60.537869, -31.776726 ], [ -60.537847, -31.776619 ], [ -60.53772, -31.776638 ], [ -60.537688, -31.776485 ] ] ] ] } },
{ "type": "Feature", "properties": { "ogc_fid": 28, "nivel": 1.0, "ncp": "0070340018007", "observ": null, "proy nro": 185, "partmuni": 43795, "expte": "30630/2023", "link": "https://tramiteobra.parana.gob.ar/menuAutorizada/informacionAutorizada/ddqZ5MbbmQORTydDvx62W4QfaQ", "sup proy": 252.69, "sup_graf": 86, "proyecto": "185", "tramite": "APROBACIÓN", "tipo_obra": "OBRA CIVIL\t" }, "geometry": { "type": "MultiPolygon", "coordinates": [ [ [ [ -60.506829, -31.767168 ], [ -60.506923, -31.767153 ], [ -60.506904, -31.767068 ], [ -60.50681, -31.767084 ], [ -60.506829, -31.767168 ] ] ] ] } },
{ "type": "Feature", "properties": { "ogc_fid": 23, "nivel": 0.0, "ncp": "0140440004027", "observ": null, "proy nro": 152, "partmuni": 44217, "expte": "29601/2023", "link": "https://tramiteobra.parana.gob.ar/menuAutorizada/informacionAutorizada/NE0q7M6biesIFggqhj_Brocsbg", "sup proy": 350.86, "sup_graf": 111, "proyecto": "152", "tramite": "APROBACIÓN", "tipo_obra": "OBRA CIVIL\t" }, "geometry": { "type": "MultiPolygon", "coordinates": [ [ [ [ -60.484974, -31.734179 ], [ -60.48493, -31.734185 ], [ -60.484968, -31.734377 ], [ -60.484997, -31.734373 ], [ -60.484988, -31.734324 ], [ -60.485043, -31.734316 ], [ -60.485031, -31.734254 ], [ -60.48499, -31.73426 ], [ -60.484974, -31.734179 ] ] ] ] } },
{ "type": "Feature", "properties": { "ogc_fid": 27, "nivel": 1.0, "ncp": "0020000012001", "observ": null, "proy nro": 109, "partmuni": 8929, "expte": "25254/2023", "link": "https://tramiteobra.parana.gob.ar/menuAutorizada/informacionAutorizada/ddqZ5MbbmQORTydDvx62W4QXZQ", "sup proy": 422.71, "sup_graf": 151, "proyecto": "109", "tramite": "APROBACIÓN", "tipo_obra": "OBRA CIVIL\t" }, "geometry": { "type": "MultiPolygon", "coordinates": [ [ [ [ -60.528054, -31.73464 ], [ -60.528017, -31.734587 ], [ -60.527948, -31.734488 ], [ -60.527916, -31.734441 ], [ -60.527863, -31.734425 ], [ -60.527827, -31.734439 ], [ -60.52785, -31.734478 ], [ -60.527874, -31.734468 ], [ -60.527972, -31.734609 ], [ -60.528008, -31.734661 ], [ -60.528054, -31.73464 ] ] ] ] } },
{ "type": "Feature", "properties": { "ogc_fid": 18, "nivel": 0.0, "ncp": "0010000073034", "observ": null, "proy nro": 49, "partmuni": 10847, "expte": "17673/2023", "link": "https://tramiteobra.parana.gob.ar/menuAutorizada/informacionAutorizada/NE0q7M6biesIFggqhj_BroIg", "sup proy": 226.64, "sup_graf": 86, "proyecto": "49", "tramite": "APROBACIÓN", "tipo_obra": "OBRA CIVIL (Con factibilidad previa)\t" }, "geometry": { "type": "MultiPolygon", "coordinates": [ [ [ [ -60.524803, -31.728928 ], [ -60.524894, -31.728873 ], [ -60.524854, -31.728825 ], [ -60.524828, -31.728839 ], [ -60.524817, -31.728825 ], [ -60.524748, -31.728864 ], [ -60.524803, -31.728928 ] ] ] ] } },
{ "type": "Feature", "properties": { "ogc_fid": 674, "nivel": 0.0, "ncp": "0150720010004", "observ": null, "proy nro": 866, "partmuni": 41442, "expte": "/", "link": "https://tramiteobra.parana.gob.ar/menuAutorizada/informacionAutorizada/qvYZKf2yto_iNACm2_TDntdJ_g", "sup proy": 292.065, "sup_graf": null, "proyecto": "866", "tramite": "APROBACIÓN", "tipo_obra": "OBRA CIVIL" }, "geometry": { "type": "MultiPolygon", "coordinates": [ [ [ [ -60.497887, -31.714769 ], [ -60.497916, -31.714897 ], [ -60.497892, -31.714901 ], [ -60.497887, -31.714883 ], [ -60.497858, -31.714888 ], [ -60.497833, -31.714777 ], [ -60.497887, -31.714769 ] ] ] ] } },
{ "type": "Feature", "properties": { "ogc_fid": 675, "nivel": 0.0, "ncp": "0070100003028", "observ": null, "proy nro": 818, "partmuni": 25324, "expte": "/", "link": "https://tramiteobra.parana.gob.ar/menuAutorizada/informacionAutorizada/qvYZKf2yto_iNACm2_TDntdO8A", "sup proy": 107.155, "sup_graf": null, "proyecto": "818", "tramite": "APROBACIÓN", "tipo_obra": "OBRA CIVIL" }, "geometry": { "type": "MultiPolygon", "coordinates": [ [ [ [ -60.507083, -31.761394 ], [ -60.507096, -31.761453 ], [ -60.507012, -31.761466 ], [ -60.507024, -31.761519 ], [ -60.506976, -31.761526 ], [ -60.50698, -31.761544 ], [ -60.506904, -31.761556 ], [ -60.506905, -31.761565 ], [ -60.506764, -31.761586 ], [ -60.506756, -31.761548 ], [ -60.506709, -31.761555 ], [ -60.506702, -31.761528 ], [ -60.506723, -31.761524 ], [ -60.506707, -31.761449 ], [ -60.506787, -31.761437 ], [ -60.506787, -31.761438 ], [ -60.506951, -31.761414 ], [ -60.506951, -31.761413 ], [ -60.507083, -31.761394 ] ] ] ] } },
{ "type": "Feature", "properties": { "ogc_fid": 15, "nivel": 0.0, "ncp": "0080600002002", "observ": null, "proy nro": 200, "partmuni": 48411, "expte": "35978/2023", "link": "https://tramiteobra.parana.gob.ar/menuAutorizada/informacionAutorizada/NE0q7M6biesIFggqhj_BroQpbA", "sup proy": 1424.06, "sup_graf": 385, "proyecto": "200", "tramite": "APROBACIÓN", "tipo_obra": "OBRA CIVIL (Con factibilidad previa)\t" }, "geometry": { "type": "MultiPolygon", "coordinates": [ [ [ [ -60.50268, -31.719944 ], [ -60.502539, -31.719958 ], [ -60.502571, -31.720214 ], [ -60.502712, -31.720201 ], [ -60.50268, -31.719944 ] ] ] ] } },
{ "type": "Feature", "properties": { "ogc_fid": 13, "nivel": 0.0, "ncp": "0070530006020", "observ": null, "proy nro": 145, "partmuni": 31307, "expte": "32111/2023", "link": "https://tramiteobra.parana.gob.ar/menuAutorizada/informacionAutorizada/NE0q7M6biesIFggqhj_BroctaQ", "sup proy": 368.77, "sup_graf": 113, "proyecto": "145", "tramite": "APROBACIÓN", "tipo_obra": "OBRA CIVIL\t" }, "geometry": { "type": "MultiPolygon", "coordinates": [ [ [ [ -60.513429, -31.755109 ], [ -60.513432, -31.755093 ], [ -60.513393, -31.755074 ], [ -60.513355, -31.755067 ], [ -60.513358, -31.755053 ], [ -60.51334, -31.75505 ], [ -60.513254, -31.75512 ], [ -60.513341, -31.755135 ], [ -60.513327, -31.755205 ], [ -60.51336, -31.755211 ], [ -60.513366, -31.755182 ], [ -60.513371, -31.755182 ], [ -60.513388, -31.755102 ], [ -60.513429, -31.755109 ] ] ] ] } },
{ "type": "Feature", "properties": { "ogc_fid": 24, "nivel": 0.0, "ncp": "0060840022027", "observ": null, "proy nro": 147, "partmuni": 93353, "expte": "27374/2023", "link": "https://tramiteobra.parana.gob.ar/menuAutorizada/informacionAutorizada/NE0q7M6biesIFggqhj_Broctaw", "sup proy": 154.32, "sup_graf": 114, "proyecto": "147", "tramite": "APROBACIÓN", "tipo_obra": "OBRA CIVIL\t" }, "geometry": { "type": "MultiPolygon", "coordinates": [ [ [ [ -60.539564, -31.772729 ], [ -60.539536, -31.772733 ], [ -60.539536, -31.772737 ], [ -60.539509, -31.772741 ], [ -60.539504, -31.772713 ], [ -60.539457, -31.77272 ], [ -60.539454, -31.772702 ], [ -60.539386, -31.772711 ], [ -60.539395, -31.772757 ], [ -60.539358, -31.772762 ], [ -60.539363, -31.772791 ], [ -60.53957, -31.772763 ], [ -60.539564, -31.772729 ] ] ] ] } },
{ "type": "Feature", "properties": { "ogc_fid": 477, "nivel": 0.0, "ncp": "0010000107020", "observ": null, "proy nro": 777, "partmuni": 15033, "expte": "/", "link": "https://tramiteobra.parana.gob.ar/menuAutorizada/informacionAutorizada/ancu5YJAL9j3qD1g26diKqiLbw", "sup proy": 76.72, "sup_graf": null, "proyecto": "777", "tramite": "APROBACIÓN", "tipo_obra": "OBRA CIVIL" }, "geometry": { "type": "MultiPolygon", "coordinates": [ [ [ [ -60.51679, -31.734904 ], [ -60.516772, -31.73487 ], [ -60.516798, -31.734859 ], [ -60.516778, -31.734824 ], [ -60.516807, -31.734811 ], [ -60.516792, -31.734784 ], [ -60.516879, -31.734748 ], [ -60.516935, -31.734843 ], [ -60.516857, -31.734877 ], [ -60.51679, -31.734904 ] ] ] ] } },
{ "type": "Feature", "properties": { "ogc_fid": 21, "nivel": 0.0, "ncp": "0070340011012", "observ": null, "proy nro": 71, "partmuni": 89310, "expte": "16206/2023", "link": "https://tramiteobra.parana.gob.ar/menuAutorizada/informacionAutorizada/NE0q7M6biesIFggqhj_BroEo", "sup proy": 0.0, "sup_graf": 55, "proyecto": "71", "tramite": "APROBACIÓN", "tipo_obra": "OBRA CIVIL\t" }, "geometry": { "type": "MultiPolygon", "coordinates": [ [ [ [ -60.510052, -31.765935 ], [ -60.510027, -31.765824 ], [ -60.509981, -31.765832 ], [ -60.510006, -31.765943 ], [ -60.510052, -31.765935 ] ] ] ] } },
{ "type": "Feature", "properties": { "ogc_fid": 14, "nivel": 2.0, "ncp": "0020000082007", "observ": null, "proy nro": 139, "partmuni": 62005, "expte": "12412/2023", "link": "https://tramiteobra.parana.gob.ar/menuAutorizada/informacionAutorizada/NE0q7M6biesIFggqhj_BrocqZQ", "sup proy": 0.0, "sup_graf": 64, "proyecto": "139", "tramite": "APROBACIÓN", "tipo_obra": "OBRA CIVIL (Con factibilidad previa)\t" }, "geometry": { "type": "MultiPolygon", "coordinates": [ [ [ [ -60.529512, -31.741311 ], [ -60.529414, -31.741347 ], [ -60.529439, -31.741403 ], [ -60.529474, -31.741397 ], [ -60.529477, -31.741396 ], [ -60.529478, -31.741395 ], [ -60.529479, -31.741392 ], [ -60.529479, -31.741391 ], [ -60.529479, -31.741387 ], [ -60.529492, -31.741384 ], [ -60.529491, -31.741381 ], [ -60.52951, -31.741378 ], [ -60.529508, -31.741371 ], [ -60.529522, -31.741368 ], [ -60.529511, -31.741348 ], [ -60.529527, -31.741342 ], [ -60.529512, -31.741311 ] ] ] ] } },
{ "type": "Feature", "properties": { "ogc_fid": 17, "nivel": 1.0, "ncp": "0121190009003", "observ": null, "proy nro": 106, "partmuni": 54433, "expte": "17675/2023", "link": "https://tramiteobra.parana.gob.ar/menuAutorizada/informacionAutorizada/ddqZ5MbbmQORTydDvx62W4QXag", "sup proy": 353.87, "sup_graf": 115, "proyecto": "106", "tramite": "APROBACIÓN", "tipo_obra": "OBRA CIVIL\t" }, "geometry": { "type": "MultiPolygon", "coordinates": [ [ [ [ -60.514289, -31.778755 ], [ -60.514195, -31.77877 ], [ -60.514191, -31.778753 ], [ -60.514193, -31.778753 ], [ -60.514184, -31.778713 ], [ -60.514175, -31.778714 ], [ -60.514175, -31.778718 ], [ -60.514116, -31.778727 ], [ -60.514124, -31.778761 ], [ -60.514106, -31.778764 ], [ -60.514118, -31.77882 ], [ -60.514297, -31.778792 ], [ -60.514289, -31.778755 ] ] ] ] } },
{ "type": "Feature", "properties": { "ogc_fid": 22, "nivel": 0.0, "ncp": "0010000095018", "observ": null, "proy nro": 187, "partmuni": 15673, "expte": "4986/2024", "link": "https://tramiteobra.parana.gob.ar/menuAutorizada/informacionAutorizada/ddqZ5MbbmQORTydDvx62W4Qfaw", "sup proy": 2295.73, "sup_graf": 37, "proyecto": "187", "tramite": "APROBACIÓN", "tipo_obra": "OBRA CIVIL (Con factibilidad previa)\t" }, "geometry": { "type": "MultiPolygon", "coordinates": [ [ [ [ -60.518287, -31.733235 ], [ -60.518218, -31.733258 ], [ -60.518237, -31.733303 ], [ -60.518307, -31.73328 ], [ -60.518287, -31.733235 ] ] ] ] } },
{ "type": "Feature", "properties": { "ogc_fid": 611, "nivel": 0.0, "ncp": "0020000014005", "observ": null, "proy nro": 666, "partmuni": 15474, "expte": "21478/2025", "link": "https://tramiteobra.parana.gob.ar/menuAutorizada/informacionAutorizada/Ib8TLBoOeoLTbKyrv96lSt3VVw", "sup proy": 89.25, "sup_graf": null, "proyecto": "666", "tramite": "APROBACIÓN", "tipo_obra": "OBRA CIVIL" }, "geometry": { "type": "MultiPolygon", "coordinates": [ [ [ [ -60.52501, -31.736359 ], [ -60.524861, -31.736174 ], [ -60.524773, -31.736222 ], [ -60.524774, -31.736225 ], [ -60.524679, -31.736265 ], [ -60.524828, -31.73645 ], [ -60.52501, -31.736359 ] ] ] ] } },
{ "type": "Feature", "properties": { "ogc_fid": 432, "nivel": 0.0, "ncp": "0060340017045", "observ": null, "proy nro": 683, "partmuni": 16407, "expte": "24539/2025", "link": "https://tramiteobra.parana.gob.ar/menuAutorizada/informacionAutorizada/89nTflDtguPEPtpk69c_0s9OuA", "sup proy": 11.0, "sup_graf": null, "proyecto": "683", "tramite": "APROBACIÓN", "tipo_obra": "OBRA CIVIL\t" }, "geometry": { "type": "MultiPolygon", "coordinates": [ [ [ [ -60.536078, -31.745903 ], [ -60.536046, -31.745908 ], [ -60.536053, -31.745934 ], [ -60.535979, -31.745947 ], [ -60.535979, -31.745947 ], [ -60.535961, -31.74595 ], [ -60.535966, -31.745972 ], [ -60.53609, -31.745951 ], [ -60.536078, -31.745903 ] ] ] ] } },
{ "type": "Feature", "properties": { "ogc_fid": 481, "nivel": 5.0, "ncp": "0010000102016", "observ": null, "proy nro": 791, "partmuni": 15444, "expte": "/", "link": "https://tramiteobra.parana.gob.ar/menuAutorizada/informacionAutorizada/glGXruz5gBMzt36LatBThrfi7g", "sup proy": 909.6, "sup_graf": null, "proyecto": "791", "tramite": "FACTIBILIDAD", "tipo_obra": "OBRA CIVIL (Con factibilidad previa)" }, "geometry": { "type": "MultiPolygon", "coordinates": [ [ [ [ -60.522359, -31.733884 ], [ -60.522302, -31.733811 ], [ -60.522158, -31.733891 ], [ -60.522201, -31.733968 ], [ -60.522359, -31.733884 ] ] ] ] } },
{ "type": "Feature", "properties": { "ogc_fid": 29, "nivel": 0.0, "ncp": "0150730014003", "observ": null, "proy nro": 199, "partmuni": 40087, "expte": "1304/2024", "link": "https://tramiteobra.parana.gob.ar/menu/informacionAutorizada/ZEtMb-KwojlgkW8ajht60rJ34Q", "sup proy": 0.0, "sup_graf": 267, "proyecto": "199", "tramite": "APROBACIÓN\t", "tipo_obra": "OBRA CIVIL (Con factibilidad previa)\t" }, "geometry": { "type": "MultiPolygon", "coordinates": [ [ [ [ -60.477898, -31.732637 ], [ -60.477894, -31.732616 ], [ -60.477913, -31.732613 ], [ -60.477904, -31.732569 ], [ -60.477885, -31.732572 ], [ -60.477876, -31.732528 ], [ -60.477895, -31.732525 ], [ -60.477891, -31.732504 ], [ -60.477688, -31.732534 ], [ -60.47769, -31.732543 ], [ -60.477693, -31.732543 ], [ -60.477702, -31.73258 ], [ -60.477705, -31.732602 ], [ -60.477714, -31.732644 ], [ -60.477719, -31.732664 ], [ -60.477898, -31.732637 ] ] ] ] } },
{ "type": "Feature", "properties": { "ogc_fid": 34, "nivel": 1.0, "ncp": "0090150004027", "observ": null, "proy nro": 82, "partmuni": 45118, "expte": "21711/2023", "link": "https://tramiteobra.parana.gob.ar/menuAutorizada/informacionAutorizada/NE0q7M6biesIFggqhj_Bro4r", "sup proy": 206.1, "sup_graf": 110, "proyecto": "82", "tramite": "APROBACIÓN", "tipo_obra": "OBRA CIVIL (Con factibilidad previa)\t" }, "geometry": { "type": "MultiPolygon", "coordinates": [ [ [ [ -60.495502, -31.749248 ], [ -60.495485, -31.74917 ], [ -60.495357, -31.74919 ], [ -60.495368, -31.749239 ], [ -60.495368, -31.749241 ], [ -60.495362, -31.749242 ], [ -60.495368, -31.749269 ], [ -60.495502, -31.749248 ] ] ] ] } },
{ "type": "Feature", "properties": { "ogc_fid": 35, "nivel": 0.0, "ncp": "0090150004027", "observ": null, "proy nro": 82, "partmuni": 45118, "expte": "21711/2023", "link": "https://tramiteobra.parana.gob.ar/menuAutorizada/informacionAutorizada/NE0q7M6biesIFggqhj_Bro4r", "sup proy": 206.1, "sup_graf": 25, "proyecto": "82", "tramite": "APROBACIÓN", "tipo_obra": "OBRA CIVIL (Con factibilidad previa)\t" }, "geometry": { "type": "MultiPolygon", "coordinates": [ [ [ [ -60.49531, -31.749278 ], [ -60.495304, -31.74925 ], [ -60.495221, -31.749264 ], [ -60.495227, -31.749291 ], [ -60.49531, -31.749278 ] ] ] ] } },
{ "type": "Feature", "properties": { "ogc_fid": 33, "nivel": 0.0, "ncp": "0090920001070", "observ": null, "proy nro": 44, "partmuni": 90545, "expte": "19620/2023", "link": "https://tramiteobra.parana.gob.ar/menuAutorizada/informacionAutorizada/NE0q7M6biesIFggqhj_BroIt", "sup proy": 65.95, "sup_graf": 68, "proyecto": "44", "tramite": "APROBACIÓN", "tipo_obra": "OBRA CIVIL (Con factibilidad previa)\t" }, "geometry": { "type": "MultiPolygon", "coordinates": [ [ [ [ -60.49627, -31.780881 ], [ -60.496161, -31.780897 ], [ -60.496178, -31.780982 ], [ -60.496231, -31.780974 ], [ -60.49622, -31.78092 ], [ -60.496276, -31.780912 ], [ -60.49627, -31.780881 ] ] ] ] } },
{ "type": "Feature", "properties": { "ogc_fid": 434, "nivel": 0.0, "ncp": "0040000099037", "observ": null, "proy nro": 680, "partmuni": 3391, "expte": "22243/2025", "link": "https://tramiteobra.parana.gob.ar/menuAutorizada/informacionAutorizada/89nTflDtguPEPtpk69c_0s9Ouw", "sup proy": 94.555, "sup_graf": null, "proyecto": "680", "tramite": "APROBACIÓN", "tipo_obra": "OBRA CIVIL\t" }, "geometry": { "type": "MultiPolygon", "coordinates": [ [ [ [ -60.541261, -31.72758 ], [ -60.541227, -31.727596 ], [ -60.541242, -31.727622 ], [ -60.541276, -31.727606 ], [ -60.541261, -31.72758 ] ] ] ] } },
{ "type": "Feature", "properties": { "ogc_fid": 478, "nivel": 2.0, "ncp": "0050230011002", "observ": null, "proy nro": 843, "partmuni": 80978, "expte": "/", "link": "https://tramiteobra.parana.gob.ar/menuAutorizada/informacionAutorizada/glGXruz5gBMzt36LatBThrjv7A", "sup proy": 2110.65, "sup_graf": null, "proyecto": "843", "tramite": "FACTIBILIDAD", "tipo_obra": "OBRA CIVIL (Con factibilidad previa)" }, "geometry": { "type": "MultiPolygon", "coordinates": [ [ [ [ -60.553252, -31.734182 ], [ -60.553239, -31.734116 ], [ -60.552761, -31.734184 ], [ -60.552773, -31.73425 ], [ -60.552824, -31.734243 ], [ -60.552822, -31.734231 ], [ -60.553165, -31.734183 ], [ -60.553167, -31.734194 ], [ -60.553252, -31.734182 ] ] ] ] } },
{ "type": "Feature", "properties": { "ogc_fid": 479, "nivel": 2.0, "ncp": "0050230011002", "observ": null, "proy nro": 843, "partmuni": 80978, "expte": "/", "link": "https://tramiteobra.parana.gob.ar/menuAutorizada/informacionAutorizada/glGXruz5gBMzt36LatBThrjv7A", "sup proy": 2110.65, "sup_graf": null, "proyecto": "843", "tramite": "FACTIBILIDAD", "tipo_obra": "OBRA CIVIL (Con factibilidad previa)" }, "geometry": { "type": "MultiPolygon", "coordinates": [ [ [ [ -60.552835, -31.734267 ], [ -60.552772, -31.734282 ], [ -60.552883, -31.734621 ], [ -60.552959, -31.734603 ], [ -60.552936, -31.734533 ], [ -60.552923, -31.734536 ], [ -60.552835, -31.734267 ] ] ] ] } },
{ "type": "Feature", "properties": { "ogc_fid": 480, "nivel": 1.0, "ncp": "0040000019042", "observ": null, "proy nro": 790, "partmuni": 10557, "expte": "/", "link": "https://tramiteobra.parana.gob.ar/menuAutorizada/informacionAutorizada/glGXruz5gBMzt36LatBThrfi7w", "sup proy": 305.68, "sup_graf": null, "proyecto": "790", "tramite": "APROBACIÓN", "tipo_obra": "OBRA CIVIL" }, "geometry": { "type": "MultiPolygon", "coordinates": [ [ [ [ -60.530175, -31.721757 ], [ -60.530026, -31.721815 ], [ -60.529991, -31.721746 ], [ -60.530047, -31.721724 ], [ -60.53005, -31.72173 ], [ -60.5301, -31.721711 ], [ -60.530091, -31.721693 ], [ -60.530108, -31.721686 ], [ -60.530112, -31.721692 ], [ -60.530144, -31.721679 ], [ -60.53016, -31.721709 ], [ -60.530152, -31.721712 ], [ -60.530161, -31.721729 ], [ -60.530175, -31.721757 ] ] ] ] } },
{ "type": "Feature", "properties": { "ogc_fid": 40, "nivel": 1.0, "ncp": "0020000031018", "observ": null, "proy nro": 66, "partmuni": 97725, "expte": "16195/2023", "link": "https://tramiteobra.parana.gob.ar/menuAutorizada/informacionAutorizada/NE0q7M6biesIFggqhj_BroAv", "sup proy": 6.7, "sup_graf": 19, "proyecto": "66", "tramite": "APROBACIÓN", "tipo_obra": "OBRA CIVIL (Con factibilidad previa)\t" }, "geometry": { "type": "MultiPolygon", "coordinates": [ [ [ [ -60.518113, -31.741185 ], [ -60.518106, -31.741146 ], [ -60.51806, -31.741152 ], [ -60.518067, -31.741191 ], [ -60.518113, -31.741185 ] ] ] ] } },
{ "type": "Feature", "properties": { "ogc_fid": 677, "nivel": 0.0, "ncp": "0132680005001", "observ": null, "proy nro": 860, "partmuni": 50882, "expte": "8425/2026", "link": "https://tramiteobra.parana.gob.ar/menuAutorizada/informacionAutorizada/qvYZKf2yto_iNACm2_TDntdJ-A", "sup proy": 5532.24, "sup_graf": null, "proyecto": "860", "tramite": "APROBACIÓN", "tipo_obra": "OBRA CIVIL (Con factibilidad previa)" }, "geometry": { "type": "MultiPolygon", "coordinates": [ [ [ [ -60.449279, -31.76487 ], [ -60.449255, -31.764752 ], [ -60.448777, -31.764822 ], [ -60.448802, -31.764938 ], [ -60.449279, -31.76487 ] ] ] ] } },
{ "type": "Feature", "properties": { "ogc_fid": 678, "nivel": 0.0, "ncp": "0132680005001", "observ": null, "proy nro": 860, "partmuni": 50882, "expte": "8425/2026", "link": "https://tramiteobra.parana.gob.ar/menuAutorizada/informacionAutorizada/qvYZKf2yto_iNACm2_TDntdJ-A", "sup proy": 5532.24, "sup_graf": null, "proyecto": "860", "tramite": "APROBACIÓN", "tipo_obra": "OBRA CIVIL (Con factibilidad previa)" }, "geometry": { "type": "MultiPolygon", "coordinates": [ [ [ [ -60.448048, -31.765049 ], [ -60.448036, -31.76499 ], [ -60.447837, -31.765019 ], [ -60.447849, -31.765078 ], [ -60.448048, -31.765049 ] ] ] ] } },
{ "type": "Feature", "properties": { "ogc_fid": 39, "nivel": 0.0, "ncp": "0070390009035", "observ": null, "proy nro": 259, "partmuni": 8360, "expte": "/", "link": "https://tramiteobra.parana.gob.ar/menuAutorizada/informacionAutorizada/NE0q7M6biesIFggqhj_BroQsZQ", "sup proy": 179.85, "sup_graf": 238, "proyecto": "259", "tramite": "APROBACIÓN", "tipo_obra": "OBRA CIVIL (Con factibilidad previa)\t" }, "geometry": { "type": "MultiPolygon", "coordinates": [ [ [ [ -60.514448, -31.740315 ], [ -60.514224, -31.740344 ], [ -60.514236, -31.740399 ], [ -60.51415, -31.74041 ], [ -60.514156, -31.740441 ], [ -60.514466, -31.740402 ], [ -60.514448, -31.740315 ] ] ] ] } },
{ "type": "Feature", "properties": { "ogc_fid": 41, "nivel": 0.0, "ncp": "0020000031018", "observ": null, "proy nro": 66, "partmuni": 97725, "expte": "16195/2023", "link": "https://tramiteobra.parana.gob.ar/menuAutorizada/informacionAutorizada/NE0q7M6biesIFggqhj_BroAv", "sup proy": 6.7, "sup_graf": 60, "proyecto": "66", "tramite": "APROBACIÓN", "tipo_obra": "OBRA CIVIL (Con factibilidad previa)\t" }, "geometry": { "type": "MultiPolygon", "coordinates": [ [ [ [ -60.518106, -31.741146 ], [ -60.518088, -31.741029 ], [ -60.518039, -31.741036 ], [ -60.51806, -31.741152 ], [ -60.518106, -31.741146 ] ] ] ] } },
{ "type": "Feature", "properties": { "ogc_fid": 37, "nivel": 1.0, "ncp": "0060840021014", "observ": null, "proy nro": 222, "partmuni": 91550, "expte": "9258/2024", "link": "https://tramiteobra.parana.gob.ar/menuAutorizada/informacionAutorizada/AehgKdj4ylT4vME-jzRzoTp7zA", "sup proy": 172.3, "sup_graf": 62, "proyecto": "222", "tramite": "APROBACIÓN", "tipo_obra": "OBRA CIVIL\t" }, "geometry": { "type": "MultiPolygon", "coordinates": [ [ [ [ -60.540078, -31.773652 ], [ -60.540069, -31.773608 ], [ -60.53994, -31.773627 ], [ -60.539949, -31.773672 ], [ -60.540078, -31.773652 ] ] ] ] } },
{ "type": "Feature", "properties": { "ogc_fid": 48, "nivel": 0.0, "ncp": "0060860019010", "observ": null, "proy nro": 91, "partmuni": 91393, "expte": "15204/2023", "link": "https://tramiteobra.parana.gob.ar/menuAutorizada/informacionAutorizada/NE0q7M6biesIFggqhj_Bro8o", "sup proy": 206.59, "sup_graf": 124, "proyecto": "91", "tramite": "APROBACIÓN", "tipo_obra": "OBRA CIVIL\t" }, "geometry": { "type": "MultiPolygon", "coordinates": [ [ [ [ -60.525711, -31.775774 ], [ -60.525731, -31.775862 ], [ -60.525809, -31.77585 ], [ -60.525807, -31.775845 ], [ -60.525843, -31.775839 ], [ -60.525819, -31.775729 ], [ -60.525755, -31.775741 ], [ -60.525761, -31.775767 ], [ -60.525711, -31.775774 ] ] ] ] } },
{ "type": "Feature", "properties": { "ogc_fid": 679, "nivel": 0.0, "ncp": "0132680005001", "observ": null, "proy nro": 860, "partmuni": 50882, "expte": "8425/2026", "link": "https://tramiteobra.parana.gob.ar/menuAutorizada/informacionAutorizada/qvYZKf2yto_iNACm2_TDntdJ-A", "sup proy": 5532.24, "sup_graf": null, "proyecto": "860", "tramite": "APROBACIÓN", "tipo_obra": "OBRA CIVIL (Con factibilidad previa)" }, "geometry": { "type": "MultiPolygon", "coordinates": [ [ [ [ -60.447071, -31.765068 ], [ -60.446924, -31.76509 ], [ -60.44697, -31.765311 ], [ -60.447117, -31.76529 ], [ -60.447071, -31.765068 ] ] ] ] } },
{ "type": "Feature", "properties": { "ogc_fid": 482, "nivel": 0.0, "ncp": "0150840017006", "observ": "743", "proy nro": 743, "partmuni": 48747, "expte": "2338/2026", "link": "https://tramiteobra.parana.gob.ar/menuAutorizada/informacionAutorizada/glGXruz5gBMzt36LatBThrfv7A", "sup proy": 25.11, "sup_graf": null, "proyecto": "743", "tramite": "APROBACIÓN", "tipo_obra": "OBRA CIVIL" }, "geometry": { "type": "MultiPolygon", "coordinates": [ [ [ [ -60.49064, -31.711462 ], [ -60.490634, -31.711432 ], [ -60.490641, -31.711431 ], [ -60.490635, -31.711396 ], [ -60.490696, -31.711388 ], [ -60.490684, -31.711328 ], [ -60.49073, -31.711322 ], [ -60.490748, -31.711416 ], [ -60.490715, -31.711421 ], [ -60.490721, -31.711451 ], [ -60.49064, -31.711462 ] ] ] ] } },
{ "type": "Feature", "properties": { "ogc_fid": 222, "nivel": 3.0, "ncp": "0050290015012", "observ": null, "proy nro": 377, "partmuni": 18186, "expte": "/", "link": "https://tramiteobra.parana.gob.ar/menuAutorizada/informacionAutorizada/AehgKdj4ylT4vME-jzRzoTt-yQ", "sup proy": 1310.0, "sup_graf": 295, "proyecto": "377", "tramite": "FACTIBILIDAD", "tipo_obra": "OBRA CIVIL (Con factibilidad previa)\t" }, "geometry": { "type": "MultiPolygon", "coordinates": [ [ [ [ -60.536035, -31.742347 ], [ -60.535965, -31.742356 ], [ -60.535963, -31.742347 ], [ -60.53592, -31.742353 ], [ -60.535921, -31.742361 ], [ -60.535867, -31.742368 ], [ -60.535864, -31.742371 ], [ -60.535868, -31.742394 ], [ -60.535841, -31.742398 ], [ -60.535832, -31.742409 ], [ -60.535851, -31.742516 ], [ -60.535947, -31.742503 ], [ -60.535951, -31.742527 ], [ -60.536024, -31.742517 ], [ -60.536019, -31.74249 ], [ -60.536007, -31.742491 ], [ -60.536002, -31.742468 ], [ -60.536015, -31.742466 ], [ -60.536007, -31.742419 ], [ -60.536047, -31.742414 ], [ -60.536035, -31.742347 ] ] ] ] } },
{ "type": "Feature", "properties": { "ogc_fid": 65, "nivel": 1.0, "ncp": "0010000073034", "observ": null, "proy nro": 49, "partmuni": 10845, "expte": "17673/2023", "link": "https://tramiteobra.parana.gob.ar/menuAutorizada/informacionAutorizada/NE0q7M6biesIFggqhj_BroIg", "sup proy": 226.64, "sup_graf": 52, "proyecto": "49", "tramite": "APROBACIÓN", "tipo_obra": "OBRA CIVIL (Con factibilidad previa)\t" }, "geometry": { "type": "MultiPolygon", "coordinates": [ [ [ [ -60.524948, -31.728841 ], [ -60.52491, -31.728796 ], [ -60.524896, -31.72878 ], [ -60.524842, -31.728811 ], [ -60.524894, -31.728873 ], [ -60.524948, -31.728841 ] ] ] ] } },
{ "type": "Feature", "properties": { "ogc_fid": 67, "nivel": 0.0, "ncp": "0100070053008", "observ": null, "proy nro": 74, "partmuni": 42078, "expte": "27198/2023", "link": "https://tramiteobra.parana.gob.ar/menuAutorizada/informacionAutorizada/NE0q7M6biesIFggqhj_BroEt", "sup proy": 58.92, "sup_graf": 53, "proyecto": "74", "tramite": "APROBACIÓN", "tipo_obra": "OBRA CIVIL\t" }, "geometry": { "type": "MultiPolygon", "coordinates": [ [ [ [ -60.558721, -31.71783 ], [ -60.558745, -31.717913 ], [ -60.558778, -31.717906 ], [ -60.558775, -31.717896 ], [ -60.558807, -31.717889 ], [ -60.55879, -31.717827 ], [ -60.558757, -31.717834 ], [ -60.558754, -31.717823 ], [ -60.558721, -31.71783 ] ] ] ] } },
{ "type": "Feature", "properties": { "ogc_fid": 49, "nivel": 0.0, "ncp": "0080600002002", "observ": null, "proy nro": 200, "partmuni": 48411, "expte": "35978/2023", "link": "https://tramiteobra.parana.gob.ar/menuAutorizada/informacionAutorizada/NE0q7M6biesIFggqhj_BroQpbA", "sup proy": 1424.06, "sup_graf": 296, "proyecto": "200", "tramite": "APROBACIÓN", "tipo_obra": "OBRA CIVIL (Con factibilidad previa)\t" }, "geometry": { "type": "MultiPolygon", "coordinates": [ [ [ [ -60.502441, -31.720239 ], [ -60.502294, -31.720245 ], [ -60.502283, -31.720246 ], [ -60.502263, -31.720254 ], [ -60.502249, -31.720262 ], [ -60.502235, -31.720276 ], [ -60.502226, -31.720293 ], [ -60.502223, -31.720307 ], [ -60.502224, -31.720326 ], [ -60.502226, -31.720335 ], [ -60.502231, -31.720344 ], [ -60.502239, -31.720356 ], [ -60.502243, -31.720359 ], [ -60.502247, -31.720363 ], [ -60.502255, -31.720369 ], [ -60.502264, -31.720374 ], [ -60.502269, -31.720376 ], [ -60.50228, -31.720379 ], [ -60.502285, -31.72038 ], [ -60.502296, -31.720382 ], [ -60.502307, -31.720382 ], [ -60.502448, -31.720376 ], [ -60.502441, -31.720239 ] ] ] ] } },
{ "type": "Feature", "properties": { "ogc_fid": 30, "nivel": 1.0, "ncp": "0090610005013", "observ": null, "proy nro": 266, "partmuni": 81760, "expte": "/", "link": "https://tramiteobra.parana.gob.ar/menuAutorizada/informacionAutorizada/AehgKdj4ylT4vME-jzRzoTp_yA", "sup proy": 33.35, "sup_graf": 98, "proyecto": "266", "tramite": "APROBACIÓN", "tipo_obra": "OBRA CIVIL (Con factibilidad previa)\t" }, "geometry": { "type": "MultiPolygon", "coordinates": [ [ [ [ -60.500804, -31.770718 ], [ -60.500703, -31.770735 ], [ -60.500722, -31.770824 ], [ -60.500811, -31.770809 ], [ -60.50081, -31.770804 ], [ -60.500823, -31.770802 ], [ -60.500804, -31.770718 ] ] ] ] } },
{ "type": "Feature", "properties": { "ogc_fid": 54, "nivel": 1.0, "ncp": "0060510001015", "observ": null, "proy nro": 35, "partmuni": 115638, "expte": "15229/2023", "link": "https://tramiteobra.parana.gob.ar/menuAutorizada/informacionAutorizada/ddqZ5MbbmQORTydDvx62W4YS", "sup proy": 41.91, "sup_graf": 46, "proyecto": "35", "tramite": "APROBACIÓN", "tipo_obra": "OBRA CIVIL (Con factibilidad previa)\t" }, "geometry": { "type": "MultiPolygon", "coordinates": [ [ [ [ -60.524311, -31.751101 ], [ -60.524352, -31.751093 ], [ -60.524362, -31.751091 ], [ -60.52439, -31.751052 ], [ -60.524347, -31.75103 ], [ -60.524296, -31.75104 ], [ -60.524311, -31.751101 ] ] ] ] } },
{ "type": "Feature", "properties": { "ogc_fid": 676, "nivel": 0.0, "ncp": "0132680005001", "observ": null, "proy nro": 860, "partmuni": 50882, "expte": "8425/2026", "link": "https://tramiteobra.parana.gob.ar/menuAutorizada/informacionAutorizada/qvYZKf2yto_iNACm2_TDntdJ-A", "sup proy": 5532.24, "sup_graf": null, "proyecto": "860", "tramite": "APROBACIÓN", "tipo_obra": "OBRA CIVIL (Con factibilidad previa)" }, "geometry": { "type": "MultiPolygon", "coordinates": [ [ [ [ -60.448014, -31.765328 ], [ -60.451054, -31.764888 ], [ -60.451375, -31.766434 ], [ -60.448335, -31.766873 ], [ -60.448014, -31.765328 ] ] ] ] } },
{ "type": "Feature", "properties": { "ogc_fid": 383, "nivel": 2.0, "ncp": "0150830001005", "observ": null, "proy nro": 570, "partmuni": 49985, "expte": "10528/2025", "link": "https://tramiteobra.parana.gob.ar/menuAutorizada/informacionAutorizada/z-yyDEVXLayetp2zJw3FLNjzPA", "sup proy": 1003.3, "sup_graf": null, "proyecto": "570", "tramite": "APROBACIÓN", "tipo_obra": "OBRA CIVIL (Con factibilidad previa)\t" }, "geometry": { "type": "MultiPolygon", "coordinates": [ [ [ [ -60.489078, -31.715989 ], [ -60.489051, -31.715861 ], [ -60.488683, -31.715918 ], [ -60.488709, -31.716045 ], [ -60.489078, -31.715989 ] ] ] ] } },
{ "type": "Feature", "properties": { "ogc_fid": 51, "nivel": 0.0, "ncp": "0121550002006", "observ": null, "proy nro": 193, "partmuni": 51829, "expte": "22939/2024", "link": "https://tramiteobra.parana.gob.ar/menuAutorizada/informacionAutorizada/AehgKdj4ylT4vME-jzRzoTlwzQ", "sup proy": 247.25, "sup_graf": 204, "proyecto": "193", "tramite": "APROBACIÓN", "tipo_obra": "OBRA CIVIL (Con factibilidad previa)\t" }, "geometry": { "type": "MultiPolygon", "coordinates": [ [ [ [ -60.500301, -31.786169 ], [ -60.500305, -31.786192 ], [ -60.500298, -31.786193 ], [ -60.500301, -31.786208 ], [ -60.500309, -31.786207 ], [ -60.500314, -31.78623 ], [ -60.500323, -31.786275 ], [ -60.50033, -31.786311 ], [ -60.500237, -31.786325 ], [ -60.500256, -31.786418 ], [ -60.500393, -31.786397 ], [ -60.500344, -31.786162 ], [ -60.500301, -31.786169 ] ] ] ] } },
{ "type": "Feature", "properties": { "ogc_fid": 55, "nivel": 0.0, "ncp": "0070600016004", "observ": null, "proy nro": 68, "partmuni": 76784, "expte": "12430/2023", "link": "https://tramiteobra.parana.gob.ar/menuAutorizada/informacionAutorizada/NE0q7M6biesIFggqhj_BroAh", "sup proy": 0.0, "sup_graf": 127, "proyecto": "68", "tramite": "APROBACIÓN", "tipo_obra": "OBRA CIVIL\t" }, "geometry": { "type": "MultiPolygon", "coordinates": [ [ [ [ -60.508549, -31.771438 ], [ -60.508534, -31.771373 ], [ -60.508499, -31.771378 ], [ -60.508491, -31.771342 ], [ -60.508477, -31.771344 ], [ -60.508466, -31.771293 ], [ -60.508414, -31.771301 ], [ -60.508448, -31.771455 ], [ -60.508549, -31.771438 ] ] ] ] } },
{ "type": "Feature", "properties": { "ogc_fid": 66, "nivel": 0.0, "ncp": "0010000073034", "observ": null, "proy nro": 49, "partmuni": 10847, "expte": "17673/2023", "link": "https://tramiteobra.parana.gob.ar/menuAutorizada/informacionAutorizada/NE0q7M6biesIFggqhj_BroIg", "sup proy": 226.64, "sup_graf": 7, "proyecto": "49", "tramite": "APROBACIÓN", "tipo_obra": "OBRA CIVIL (Con factibilidad previa)\t" }, "geometry": { "type": "MultiPolygon", "coordinates": [ [ [ [ -60.524839, -31.728795 ], [ -60.524849, -31.728807 ], [ -60.524889, -31.728783 ], [ -60.524881, -31.728774 ], [ -60.524839, -31.728795 ] ] ] ] } },
{ "type": "Feature", "properties": { "ogc_fid": 680, "nivel": 12.0, "ncp": "0010000071008", "observ": null, "proy nro": 856, "partmuni": 2217, "expte": "/", "link": "https://tramiteobra.parana.gob.ar/menuAutorizada/informacionAutorizada/qvYZKf2yto_iNACm2_TDntdK_g", "sup proy": 2394.515, "sup_graf": null, "proyecto": "856", "tramite": "APROBACIÓN", "tipo_obra": "OBRA CIVIL (Con factibilidad previa)" }, "geometry": { "type": "MultiPolygon", "coordinates": [ [ [ [ -60.52754, -31.727859 ], [ -60.527478, -31.727731 ], [ -60.527386, -31.727762 ], [ -60.527448, -31.727891 ], [ -60.52754, -31.727859 ] ] ] ] } },
{ "type": "Feature", "properties": { "ogc_fid": 754, "nivel": 1.0, "ncp": "0150820015009", "observ": null, "proy nro": 510, "partmuni": 49113, "expte": "/", "link": "https://tramiteobra.parana.gob.ar/menuAutorizada/informacionAutorizada/2nPeNAOD82dFjfIp0oEADNRh3g", "sup proy": 264.48, "sup_graf": null, "proyecto": "510", "tramite": "APROBACIÓN", "tipo_obra": "OBRA CIVIL (Con factibilidad previa)" }, "geometry": { "type": "MultiPolygon", "coordinates": [ [ [ [ -60.490056, -31.719713 ], [ -60.490037, -31.71962 ], [ -60.49002, -31.719623 ], [ -60.49002, -31.719625 ], [ -60.4899, -31.719642 ], [ -60.489918, -31.719733 ], [ -60.490056, -31.719713 ] ] ] ] } },
{ "type": "Feature", "properties": { "ogc_fid": 536, "nivel": 1.0, "ncp": "0150780003011", "observ": null, "proy nro": 854, "partmuni": 130960, "expte": "/", "link": "https://tramiteobra.parana.gob.ar/menuAutorizada/informacionAutorizada/hR2SjnS17lPn1kYajUspYwnt1Q", "sup proy": 240.55, "sup_graf": null, "proyecto": "854", "tramite": "APROBACIÓN", "tipo_obra": "OBRA CIVIL" }, "geometry": { "type": "MultiPolygon", "coordinates": [ [ [ [ -60.467923, -31.705771 ], [ -60.467896, -31.705819 ], [ -60.467822, -31.705949 ], [ -60.467741, -31.705911 ], [ -60.467762, -31.705874 ], [ -60.467731, -31.705859 ], [ -60.467826, -31.705688 ], [ -60.467895, -31.705747 ], [ -60.467891, -31.705756 ], [ -60.467923, -31.705771 ] ] ] ] } },
{ "type": "Feature", "properties": { "ogc_fid": 537, "nivel": 0.0, "ncp": "0150780003011", "observ": null, "proy nro": 854, "partmuni": 130960, "expte": "/", "link": "https://tramiteobra.parana.gob.ar/menuAutorizada/informacionAutorizada/hR2SjnS17lPn1kYajUspYwnt1Q", "sup proy": 240.55, "sup_graf": null, "proyecto": "854", "tramite": "APROBACIÓN", "tipo_obra": "OBRA CIVIL" }, "geometry": { "type": "MultiPolygon", "coordinates": [ [ [ [ -60.467822, -31.705949 ], [ -60.467879, -31.705974 ], [ -60.467951, -31.705844 ], [ -60.467896, -31.705819 ], [ -60.467822, -31.705949 ] ] ] ] } },
{ "type": "Feature", "properties": { "ogc_fid": 245, "nivel": 1.0, "ncp": "0060560005015", "observ": null, "proy nro": 440, "partmuni": 125881, "expte": "27528/2024", "link": "https://tramiteobra.parana.gob.ar/menuAutorizada/informacionAutorizada/z-yyDEVXLayetp2zJw3FLNnwPA", "sup proy": 65.13, "sup_graf": 98, "proyecto": "440", "tramite": "APROBACIÓN", "tipo_obra": "OBRA CIVIL\t" }, "geometry": { "type": "MultiPolygon", "coordinates": [ [ [ [ -60.534528, -31.766797 ], [ -60.534323, -31.766832 ], [ -60.534333, -31.766879 ], [ -60.534502, -31.76685 ], [ -60.534499, -31.766833 ], [ -60.534535, -31.766826 ], [ -60.534528, -31.766797 ] ] ] ] } },
{ "type": "Feature", "properties": { "ogc_fid": 81, "nivel": 1.0, "ncp": "0121140007021", "observ": null, "proy nro": 142, "partmuni": 43764, "expte": "27370/2023", "link": "https://tramiteobra.parana.gob.ar/menuAutorizada/informacionAutorizada/NE0q7M6biesIFggqhj_Broctbg", "sup proy": 175.55, "sup_graf": 102, "proyecto": "142", "tramite": "APROBACIÓN", "tipo_obra": "OBRA CIVIL\t" }, "geometry": { "type": "MultiPolygon", "coordinates": [ [ [ [ -60.544942, -31.77419 ], [ -60.544861, -31.774202 ], [ -60.544862, -31.774209 ], [ -60.544842, -31.774212 ], [ -60.544866, -31.774328 ], [ -60.544901, -31.774322 ], [ -60.544892, -31.774278 ], [ -60.544959, -31.774268 ], [ -60.544942, -31.77419 ] ] ] ] } },
{ "type": "Feature", "properties": { "ogc_fid": 80, "nivel": 0.0, "ncp": "0150720004019", "observ": null, "proy nro": 151, "partmuni": 403511, "expte": "28101/2023", "link": "https://tramiteobra.parana.gob.ar/menuAutorizada/informacionAutorizada/NE0q7M6biesIFggqhj_BrocsbQ", "sup proy": 0.0, "sup_graf": 110, "proyecto": "151", "tramite": "FACTIBILIDAD", "tipo_obra": "OBRA CIVIL (Con factibilidad previa)\t" }, "geometry": { "type": "Polygon", "coordinates": [ [ [ -60.494588, -31.712058 ], [ -60.494596, -31.712094 ], [ -60.494637, -31.712087 ], [ -60.494611, -31.711975 ], [ -60.49449, -31.711994 ], [ -60.494506, -31.712062 ], [ -60.49457, -31.712052 ], [ -60.494572, -31.712061 ], [ -60.494588, -31.712058 ] ] ] } },
{ "type": "Feature", "properties": { "ogc_fid": 79, "nivel": 0.0, "ncp": "0150460019003", "observ": null, "proy nro": 123, "partmuni": 44818, "expte": "19314/2023", "link": "https://tramiteobra.parana.gob.ar/menuAutorizada/informacionAutorizada/NE0q7M6biesIFggqhj_Brocrbw", "sup proy": 57.87, "sup_graf": 44, "proyecto": "123", "tramite": "APROBACIÓN", "tipo_obra": "OBRA CIVIL\t" }, "geometry": { "type": "MultiPolygon", "coordinates": [ [ [ [ -60.480401, -31.727103 ], [ -60.480368, -31.727108 ], [ -60.480373, -31.727134 ], [ -60.480324, -31.727142 ], [ -60.480333, -31.727183 ], [ -60.48038, -31.727176 ], [ -60.480378, -31.72717 ], [ -60.480414, -31.727164 ], [ -60.480401, -31.727103 ] ] ] ] } },
{ "type": "Feature", "properties": { "ogc_fid": 74, "nivel": 0.0, "ncp": "0121190009003", "observ": null, "proy nro": 106, "partmuni": 54433, "expte": "17675/2023", "link": "https://tramiteobra.parana.gob.ar/menuAutorizada/informacionAutorizada/ddqZ5MbbmQORTydDvx62W4QXag", "sup proy": 353.87, "sup_graf": 47, "proyecto": "106", "tramite": "APROBACIÓN", "tipo_obra": "OBRA CIVIL\t" }, "geometry": { "type": "MultiPolygon", "coordinates": [ [ [ [ -60.514118, -31.77882 ], [ -60.514106, -31.778764 ], [ -60.514124, -31.778761 ], [ -60.514116, -31.778727 ], [ -60.514115, -31.778723 ], [ -60.514074, -31.77873 ], [ -60.514082, -31.778768 ], [ -60.514056, -31.778772 ], [ -60.514068, -31.778828 ], [ -60.514118, -31.77882 ] ] ] ] } },
{ "type": "Feature", "properties": { "ogc_fid": 75, "nivel": 0.0, "ncp": "0121190009003", "observ": null, "proy nro": 106, "partmuni": 54433, "expte": "17675/2023", "link": "https://tramiteobra.parana.gob.ar/menuAutorizada/informacionAutorizada/ddqZ5MbbmQORTydDvx62W4QXag", "sup proy": 353.87, "sup_graf": 11, "proyecto": "106", "tramite": "APROBACIÓN", "tipo_obra": "OBRA CIVIL\t" }, "geometry": { "type": "MultiPolygon", "coordinates": [ [ [ [ -60.514213, -31.778767 ], [ -60.514201, -31.778711 ], [ -60.514184, -31.778713 ], [ -60.514193, -31.778753 ], [ -60.514191, -31.778753 ], [ -60.514195, -31.77877 ], [ -60.514213, -31.778767 ] ] ] ] } },
{ "type": "Feature", "properties": { "ogc_fid": 68, "nivel": 0.0, "ncp": "0060850021015", "observ": null, "proy nro": 79, "partmuni": 42050, "expte": "26330/2023", "link": "https://tramiteobra.parana.gob.ar/menuAutorizada/informacionAutorizada/NE0q7M6biesIFggqhj_BroEg", "sup proy": 101.39, "sup_graf": 65, "proyecto": "79", "tramite": "APROBACIÓN\t", "tipo_obra": "OBRA CIVIL\t" }, "geometry": { "type": "MultiPolygon", "coordinates": [ [ [ [ -60.535472, -31.773666 ], [ -60.535466, -31.77364 ], [ -60.535457, -31.773641 ], [ -60.535452, -31.773618 ], [ -60.535382, -31.77363 ], [ -60.535381, -31.773625 ], [ -60.53534, -31.773631 ], [ -60.535352, -31.773686 ], [ -60.535472, -31.773666 ] ] ] ] } },
{ "type": "Feature", "properties": { "ogc_fid": 251, "nivel": 0.0, "ncp": "0090910016009", "observ": null, "proy nro": 423, "partmuni": 84212, "expte": "9216/2025", "link": "https://tramiteobra.parana.gob.ar/menuAutorizada/informacionAutorizada/NE0q7M6biesIFggqhj_BroIrbw", "sup proy": 63.595, "sup_graf": 50, "proyecto": "423", "tramite": "APROBACIÓN", "tipo_obra": "OBRA CIVIL\t" }, "geometry": { "type": "MultiPolygon", "coordinates": [ [ [ [ -60.500494, -31.778382 ], [ -60.500486, -31.778342 ], [ -60.500466, -31.778345 ], [ -60.500465, -31.778343 ], [ -60.500457, -31.778345 ], [ -60.500457, -31.778347 ], [ -60.500391, -31.778358 ], [ -60.500391, -31.778356 ], [ -60.500371, -31.778359 ], [ -60.500381, -31.778401 ], [ -60.500494, -31.778382 ] ] ] ] } },
{ "type": "Feature", "properties": { "ogc_fid": 682, "nivel": 11.0, "ncp": "0010000066020", "observ": null, "proy nro": 848, "partmuni": 113959, "expte": "/", "link": "https://tramiteobra.parana.gob.ar/menuAutorizada/informacionAutorizada/J_BlIOxmmMVbvLOSWaYlwaMSNw", "sup proy": 3368.56, "sup_graf": null, "proyecto": "848", "tramite": "FACTIBILIDAD", "tipo_obra": "OBRA CIVIL (Con factibilidad previa)" }, "geometry": { "type": "MultiPolygon", "coordinates": [ [ [ [ -60.523288, -31.728083 ], [ -60.523048, -31.728185 ], [ -60.523031, -31.728193 ], [ -60.523058, -31.72825 ], [ -60.523065, -31.728248 ], [ -60.523084, -31.72828 ], [ -60.52334, -31.728173 ], [ -60.523288, -31.728083 ] ] ] ] } },
{ "type": "Feature", "properties": { "ogc_fid": 76, "nivel": 0.0, "ncp": "0121190009003", "observ": null, "proy nro": 106, "partmuni": 54433, "expte": "17675/2023", "link": "https://tramiteobra.parana.gob.ar/menuAutorizada/informacionAutorizada/ddqZ5MbbmQORTydDvx62W4QXag", "sup proy": 353.87, "sup_graf": 65, "proyecto": "106", "tramite": "APROBACIÓN", "tipo_obra": "OBRA CIVIL\t" }, "geometry": { "type": "MultiPolygon", "coordinates": [ [ [ [ -60.514287, -31.778756 ], [ -60.514289, -31.778755 ], [ -60.514297, -31.778792 ], [ -60.51436, -31.778783 ], [ -60.51434, -31.778689 ], [ -60.514275, -31.778699 ], [ -60.514287, -31.778756 ] ] ] ] } },
{ "type": "Feature", "properties": { "ogc_fid": 77, "nivel": 0.0, "ncp": "0150720011080", "observ": null, "proy nro": 107, "partmuni": 43013, "expte": "20279/2023", "link": "https://tramiteobra.parana.gob.ar/menuAutorizada/informacionAutorizada/ddqZ5MbbmQORTydDvx62W4QXaw", "sup proy": 0.0, "sup_graf": 223, "proyecto": "107", "tramite": "APROBACIÓN", "tipo_obra": "OBRA CIVIL\t" }, "geometry": { "type": "MultiPolygon", "coordinates": [ [ [ [ -60.495998, -31.714489 ], [ -60.495974, -31.714381 ], [ -60.495952, -31.714385 ], [ -60.495951, -31.714382 ], [ -60.495917, -31.714388 ], [ -60.495921, -31.714406 ], [ -60.495884, -31.714413 ], [ -60.495883, -31.714408 ], [ -60.495801, -31.714423 ], [ -60.495802, -31.714428 ], [ -60.495776, -31.714433 ], [ -60.495796, -31.714526 ], [ -60.495834, -31.71452 ], [ -60.495833, -31.714515 ], [ -60.495861, -31.71451 ], [ -60.495863, -31.714522 ], [ -60.495883, -31.714519 ], [ -60.49588, -31.714502 ], [ -60.495905, -31.714498 ], [ -60.495909, -31.714517 ], [ -60.495942, -31.714511 ], [ -60.495939, -31.7145 ], [ -60.495998, -31.714489 ] ] ] ] } },
{ "type": "Feature", "properties": { "ogc_fid": 78, "nivel": 0.0, "ncp": "0150730010006", "observ": null, "proy nro": 118, "partmuni": 48498, "expte": "35628/2023", "link": "https://tramiteobra.parana.gob.ar/menuAutorizada/informacionAutorizada/ddqZ5MbbmQORTydDvx62W4QWZA", "sup proy": 62.5, "sup_graf": 50, "proyecto": "118", "tramite": "APROBACIÓN", "tipo_obra": "OBRA CIVIL\t" }, "geometry": { "type": "MultiPolygon", "coordinates": [ [ [ [ -60.474705, -31.732219 ], [ -60.474764, -31.73221 ], [ -60.474748, -31.732132 ], [ -60.47469, -31.732141 ], [ -60.474705, -31.732219 ] ] ] ] } },
{ "type": "Feature", "properties": { "ogc_fid": 681, "nivel": 1.0, "ncp": "0040000037001", "observ": null, "proy nro": 874, "partmuni": 6496, "expte": "/", "link": "https://tramiteobra.parana.gob.ar/menuAutorizada/informacionAutorizada/J_BlIOxmmMVbvLOSWaYlwaMROw", "sup proy": 75.0, "sup_graf": null, "proyecto": "874", "tramite": "APROBACIÓN", "tipo_obra": "OBRA CIVIL" }, "geometry": { "type": "MultiPolygon", "coordinates": [ [ [ [ -60.533821, -31.722647 ], [ -60.533709, -31.722771 ], [ -60.533766, -31.722815 ], [ -60.533869, -31.722891 ], [ -60.533896, -31.722887 ], [ -60.533964, -31.722872 ], [ -60.533912, -31.722743 ], [ -60.533885, -31.722677 ], [ -60.533883, -31.722676 ], [ -60.533875, -31.722654 ], [ -60.533821, -31.722647 ] ] ] ] } },
{ "type": "Feature", "properties": { "ogc_fid": 683, "nivel": 1.0, "ncp": "0070340018009", "observ": null, "proy nro": 571, "partmuni": 43797, "expte": "29485/2025", "link": "https://tramiteobra.parana.gob.ar/menuAutorizada/informacionAutorizada/J_BlIOxmmMVbvLOSWaYlwa4RPg", "sup proy": 534.745, "sup_graf": null, "proyecto": "571", "tramite": "APROBACIÓN", "tipo_obra": "OBRA CIVIL (Con factibilidad previa)" }, "geometry": { "type": "MultiPolygon", "coordinates": [ [ [ [ -60.50707, -31.767291 ], [ -60.507029, -31.767298 ], [ -60.50702, -31.767259 ], [ -60.506987, -31.767264 ], [ -60.506996, -31.767303 ], [ -60.506954, -31.76731 ], [ -60.506945, -31.767271 ], [ -60.506913, -31.767276 ], [ -60.506921, -31.767315 ], [ -60.506879, -31.767321 ], [ -60.506848, -31.76718 ], [ -60.50689, -31.767173 ], [ -60.506899, -31.767212 ], [ -60.506931, -31.767207 ], [ -60.506923, -31.767168 ], [ -60.506965, -31.767161 ], [ -60.506973, -31.7672 ], [ -60.507006, -31.767195 ], [ -60.506998, -31.767156 ], [ -60.50704, -31.767149 ], [ -60.50707, -31.767291 ] ] ] ] } },
{ "type": "Feature", "properties": { "ogc_fid": 69, "nivel": 2.0, "ncp": "0090420040002", "observ": null, "proy nro": 93, "partmuni": 45307, "expte": "18654/2023", "link": "https://tramiteobra.parana.gob.ar/menuAutorizada/informacionAutorizada/NE0q7M6biesIFggqhj_Bro8q", "sup proy": 0.0, "sup_graf": 97, "proyecto": "93", "tramite": "APROBACIÓN\t", "tipo_obra": "OBRA CIVIL\t" }, "geometry": { "type": "MultiPolygon", "coordinates": [ [ [ [ -60.486304, -31.74634 ], [ -60.486285, -31.746256 ], [ -60.486227, -31.746265 ], [ -60.48623, -31.746276 ], [ -60.486174, -31.746284 ], [ -60.486191, -31.746358 ], [ -60.486304, -31.74634 ] ] ] ] } },
{ "type": "Feature", "properties": { "ogc_fid": 70, "nivel": 0.0, "ncp": "0090420040002", "observ": null, "proy nro": 93, "partmuni": 45307, "expte": "18654/2023", "link": "https://tramiteobra.parana.gob.ar/menuAutorizada/informacionAutorizada/NE0q7M6biesIFggqhj_Bro8q", "sup proy": 0.0, "sup_graf": 44, "proyecto": "93", "tramite": "APROBACIÓN\t", "tipo_obra": "OBRA CIVIL\t" }, "geometry": { "type": "MultiPolygon", "coordinates": [ [ [ [ -60.486304, -31.74634 ], [ -60.486191, -31.746358 ], [ -60.486198, -31.746394 ], [ -60.486312, -31.746376 ], [ -60.486304, -31.74634 ] ] ] ] } },
{ "type": "Feature", "properties": { "ogc_fid": 98, "nivel": 0.0, "ncp": "0090640001120", "observ": null, "proy nro": 84, "partmuni": 445395, "expte": "26003/2023", "link": "https://tramiteobra.parana.gob.ar/menuAutorizada/informacionAutorizada/NE0q7M6biesIFggqhj_Bro4t", "sup proy": 293.1, "sup_graf": 275, "proyecto": "84", "tramite": "APROBACIÓN", "tipo_obra": "OBRA CIVIL (Con factibilidad previa)\t" }, "geometry": { "type": "MultiPolygon", "coordinates": [ [ [ [ -60.487112, -31.773065 ], [ -60.487211, -31.77305 ], [ -60.487155, -31.772792 ], [ -60.487057, -31.772808 ], [ -60.487112, -31.773065 ] ] ] ] } },
{ "type": "Feature", "properties": { "ogc_fid": 274, "nivel": 1.0, "ncp": "0060070007038", "observ": null, "proy nro": 431, "partmuni": 45139, "expte": "/", "link": "https://tramiteobra.parana.gob.ar/menuAutorizada/informacionAutorizada/z-yyDEVXLayetp2zJw3FLNn3PQ", "sup proy": 0.0, "sup_graf": 124, "proyecto": "431", "tramite": "APROBACIÓN", "tipo_obra": "OBRA CIVIL\t" }, "geometry": { "type": "MultiPolygon", "coordinates": [ [ [ [ -60.52622, -31.757751 ], [ -60.526116, -31.757767 ], [ -60.526138, -31.757877 ], [ -60.526242, -31.757862 ], [ -60.52622, -31.757751 ] ] ] ] } },
{ "type": "Feature", "properties": { "ogc_fid": 433, "nivel": 0.0, "ncp": "0040000099037", "observ": null, "proy nro": 680, "partmuni": 3391, "expte": "22243/2025", "link": "https://tramiteobra.parana.gob.ar/menuAutorizada/informacionAutorizada/89nTflDtguPEPtpk69c_0s9Ouw", "sup proy": 94.555, "sup_graf": null, "proyecto": "680", "tramite": "APROBACIÓN", "tipo_obra": "OBRA CIVIL\t" }, "geometry": { "type": "MultiPolygon", "coordinates": [ [ [ [ -60.541393, -31.727927 ], [ -60.541364, -31.727939 ], [ -60.541318, -31.727863 ], [ -60.54132, -31.727861 ], [ -60.541257, -31.727757 ], [ -60.541309, -31.727734 ], [ -60.541329, -31.727767 ], [ -60.541364, -31.727751 ], [ -60.541443, -31.727883 ], [ -60.541383, -31.72791 ], [ -60.541393, -31.727927 ] ] ] ] } },
{ "type": "Feature", "properties": { "ogc_fid": 87, "nivel": 1.0, "ncp": "0150750001028", "observ": null, "proy nro": 121, "partmuni": 42321, "expte": "23476/2023", "link": "https://tramiteobra.parana.gob.ar/menuAutorizada/informacionAutorizada/NE0q7M6biesIFggqhj_BrocrbQ", "sup proy": 246.7, "sup_graf": 296, "proyecto": "121", "tramite": "APROBACIÓN", "tipo_obra": "OBRA CIVIL\t" }, "geometry": { "type": "MultiPolygon", "coordinates": [ [ [ [ -60.473647, -31.724083 ], [ -60.473541, -31.724099 ], [ -60.473588, -31.724319 ], [ -60.473695, -31.724303 ], [ -60.47368, -31.724235 ], [ -60.473726, -31.724227 ], [ -60.473707, -31.724141 ], [ -60.47366, -31.724148 ], [ -60.473647, -31.724083 ] ] ] ] } },
{ "type": "Feature", "properties": { "ogc_fid": 95, "nivel": 0.0, "ncp": "0060840007013", "observ": null, "proy nro": 97, "partmuni": 42133, "expte": "25984/2023", "link": "https://tramiteobra.parana.gob.ar/menuAutorizada/informacionAutorizada/NE0q7M6biesIFggqhj_Bro8u", "sup proy": 129.7, "sup_graf": 162, "proyecto": "97", "tramite": "APROBACIÓN", "tipo_obra": "OBRA CIVIL\t" }, "geometry": { "type": "MultiPolygon", "coordinates": [ [ [ [ -60.540974, -31.770565 ], [ -60.540984, -31.770617 ], [ -60.54104, -31.770609 ], [ -60.541046, -31.770644 ], [ -60.541187, -31.770625 ], [ -60.541171, -31.770538 ], [ -60.540974, -31.770565 ] ] ] ] } },
{ "type": "Feature", "properties": { "ogc_fid": 435, "nivel": 1.0, "ncp": "0060060026030", "observ": null, "proy nro": 731, "partmuni": 84055, "expte": "/", "link": "https://tramiteobra.parana.gob.ar/menuAutorizada/informacionAutorizada/yiUvqz_jSD360cdFLcnb0Unv2A", "sup proy": 132.45, "sup_graf": null, "proyecto": "731", "tramite": "APROBACIÓN", "tipo_obra": "URBANIZACIONES" }, "geometry": { "type": "MultiPolygon", "coordinates": [ [ [ [ -60.533189, -31.759418 ], [ -60.533185, -31.759398 ], [ -60.533191, -31.759397 ], [ -60.533182, -31.759356 ], [ -60.533133, -31.759364 ], [ -60.533087, -31.759371 ], [ -60.5331, -31.759432 ], [ -60.533189, -31.759418 ] ] ] ] } },
{ "type": "Feature", "properties": { "ogc_fid": 96, "nivel": 3.0, "ncp": "0010000011024", "observ": null, "proy nro": 90, "partmuni": 14573, "expte": "30314/2023", "link": "https://tramiteobra.parana.gob.ar/menuAutorizada/informacionAutorizada/NE0q7M6biesIFggqhj_Bro8p", "sup proy": 875.88, "sup_graf": 142, "proyecto": "90", "tramite": "APROBACIÓN", "tipo_obra": "OBRA CIVIL (Con factibilidad previa)\t" }, "geometry": { "type": "MultiPolygon", "coordinates": [ [ [ [ -60.517553, -31.720284 ], [ -60.517508, -31.720353 ], [ -60.517657, -31.720425 ], [ -60.517702, -31.720357 ], [ -60.517553, -31.720284 ] ] ] ] } },
{ "type": "Feature", "properties": { "ogc_fid": 88, "nivel": 0.0, "ncp": "0150750001028", "observ": null, "proy nro": 121, "partmuni": 42321, "expte": "23476/2023", "link": "https://tramiteobra.parana.gob.ar/menuAutorizada/informacionAutorizada/NE0q7M6biesIFggqhj_BrocrbQ", "sup proy": 246.7, "sup_graf": 33, "proyecto": "121", "tramite": "APROBACIÓN", "tipo_obra": "OBRA CIVIL\t" }, "geometry": { "type": "MultiPolygon", "coordinates": [ [ [ [ -60.473647, -31.724083 ], [ -60.47366, -31.724148 ], [ -60.473707, -31.724141 ], [ -60.473694, -31.724076 ], [ -60.473647, -31.724083 ] ] ] ] } },
{ "type": "Feature", "properties": { "ogc_fid": 92, "nivel": 0.0, "ncp": "0070340022001", "observ": null, "proy nro": 111, "partmuni": 43805, "expte": "20970/2023", "link": "https://tramiteobra.parana.gob.ar/menuAutorizada/informacionAutorizada/ddqZ5MbbmQORTydDvx62W4QWbQ", "sup proy": 0.0, "sup_graf": 67, "proyecto": "111", "tramite": "APROBACIÓN", "tipo_obra": "OBRA CIVIL\t" }, "geometry": { "type": "MultiPolygon", "coordinates": [ [ [ [ -60.50694, -31.767751 ], [ -60.506947, -31.767783 ], [ -60.506959, -31.767781 ], [ -60.506965, -31.76781 ], [ -60.50706, -31.767795 ], [ -60.507046, -31.767734 ], [ -60.50694, -31.767751 ] ] ] ] } },
{ "type": "Feature", "properties": { "ogc_fid": 90, "nivel": 0.0, "ncp": "0070390019038", "observ": null, "proy nro": 117, "partmuni": 3544, "expte": "25998/2023", "link": "https://tramiteobra.parana.gob.ar/menuAutorizada/informacionAutorizada/ddqZ5MbbmQORTydDvx62W4QWaw", "sup proy": 0.0, "sup_graf": 129, "proyecto": "117", "tramite": "APROBACIÓN", "tipo_obra": "OBRA CIVIL (Con factibilidad previa)\t" }, "geometry": { "type": "MultiPolygon", "coordinates": [ [ [ [ -60.517483, -31.742123 ], [ -60.517743, -31.74208 ], [ -60.517732, -31.742033 ], [ -60.517511, -31.742069 ], [ -60.517514, -31.742082 ], [ -60.517474, -31.742089 ], [ -60.517483, -31.742123 ] ] ] ] } },
{ "type": "Feature", "properties": { "ogc_fid": 97, "nivel": 1.0, "ncp": "0010000011024", "observ": null, "proy nro": 90, "partmuni": 14573, "expte": "30314/2023", "link": "https://tramiteobra.parana.gob.ar/menuAutorizada/informacionAutorizada/NE0q7M6biesIFggqhj_Bro8p", "sup proy": 875.88, "sup_graf": 53, "proyecto": "90", "tramite": "APROBACIÓN", "tipo_obra": "OBRA CIVIL (Con factibilidad previa)\t" }, "geometry": { "type": "MultiPolygon", "coordinates": [ [ [ [ -60.517702, -31.720357 ], [ -60.517657, -31.720425 ], [ -60.517713, -31.720453 ], [ -60.517759, -31.720384 ], [ -60.517702, -31.720357 ] ] ] ] } },
{ "type": "Feature", "properties": { "ogc_fid": 91, "nivel": 0.0, "ncp": "0070390019038", "observ": null, "proy nro": 117, "partmuni": 3544, "expte": "25998/2023", "link": "https://tramiteobra.parana.gob.ar/menuAutorizada/informacionAutorizada/ddqZ5MbbmQORTydDvx62W4QWaw", "sup proy": 0.0, "sup_graf": 295, "proyecto": "117", "tramite": "APROBACIÓN", "tipo_obra": "OBRA CIVIL (Con factibilidad previa)\t" }, "geometry": { "type": "MultiPolygon", "coordinates": [ [ [ [ -60.517369, -31.742102 ], [ -60.517102, -31.742149 ], [ -60.517092, -31.742109 ], [ -60.516996, -31.742126 ], [ -60.517036, -31.742285 ], [ -60.517138, -31.742268 ], [ -60.517117, -31.742184 ], [ -60.517378, -31.74214 ], [ -60.517408, -31.742135 ], [ -60.517399, -31.742097 ], [ -60.517369, -31.742102 ] ] ] ] } },
{ "type": "Feature", "properties": { "ogc_fid": 684, "nivel": 0.0, "ncp": "0070340018009", "observ": null, "proy nro": 571, "partmuni": 43797, "expte": "29485/2025", "link": "https://tramiteobra.parana.gob.ar/menuAutorizada/informacionAutorizada/J_BlIOxmmMVbvLOSWaYlwa4RPg", "sup proy": 534.745, "sup_graf": null, "proyecto": "571", "tramite": "APROBACIÓN", "tipo_obra": "OBRA CIVIL (Con factibilidad previa)" }, "geometry": { "type": "MultiPolygon", "coordinates": [ [ [ [ -60.506849, -31.767337 ], [ -60.506813, -31.767173 ], [ -60.50676, -31.767181 ], [ -60.506796, -31.767346 ], [ -60.506849, -31.767337 ] ] ] ] } },
{ "type": "Feature", "properties": { "ogc_fid": 755, "nivel": 1.0, "ncp": "0010000055029", "observ": null, "proy nro": 516, "partmuni": 15552, "expte": "/", "link": "https://tramiteobra.parana.gob.ar/menuAutorizada/informacionAutorizada/2nPeNAOD82dFjfIp0oEADNRh2A", "sup proy": 75.26, "sup_graf": null, "proyecto": "516", "tramite": "APROBACIÓN", "tipo_obra": "OBRA CIVIL (Con factibilidad previa)" }, "geometry": { "type": "MultiPolygon", "coordinates": [ [ [ [ -60.524263, -31.726967 ], [ -60.524148, -31.727019 ], [ -60.524157, -31.727039 ], [ -60.524167, -31.727037 ], [ -60.524172, -31.727043 ], [ -60.524178, -31.727049 ], [ -60.524184, -31.727052 ], [ -60.52419, -31.727055 ], [ -60.524208, -31.727057 ], [ -60.524211, -31.727064 ], [ -60.524287, -31.727044 ], [ -60.524263, -31.726967 ] ] ] ] } },
{ "type": "Feature", "properties": { "ogc_fid": 756, "nivel": 0.0, "ncp": "0132660001007", "observ": null, "proy nro": 505, "partmuni": 43604, "expte": "/", "link": "https://tramiteobra.parana.gob.ar/menuAutorizada/informacionAutorizada/2nPeNAOD82dFjfIp0oEADNRg2w", "sup proy": null, "sup_graf": null, "proyecto": "505", "tramite": "FACTIBILIDAD", "tipo_obra": "OBRA CIVIL (Con factibilidad previa)" }, "geometry": { "type": "MultiPolygon", "coordinates": [ [ [ [ -60.4536, -31.774868 ], [ -60.453497, -31.774387 ], [ -60.452877, -31.774485 ], [ -60.452981, -31.774966 ], [ -60.4536, -31.774868 ] ] ] ] } },
{ "type": "Feature", "properties": { "ogc_fid": 539, "nivel": 2.0, "ncp": "0020000050017", "observ": null, "proy nro": 761, "partmuni": 17170, "expte": "28491/2025", "link": "https://tramiteobra.parana.gob.ar/menuAutorizada/informacionAutorizada/hR2SjnS17lPn1kYajUspYwbu0A", "sup proy": 59.375, "sup_graf": null, "proyecto": "761", "tramite": "APROBACIÓN", "tipo_obra": "OBRA CIVIL" }, "geometry": { "type": "MultiPolygon", "coordinates": [ [ [ [ -60.521564, -31.741142 ], [ -60.521514, -31.741069 ], [ -60.521728, -31.740962 ], [ -60.521776, -31.741035 ], [ -60.521661, -31.741093 ], [ -60.521662, -31.741094 ], [ -60.521564, -31.741142 ] ] ] ] } },
{ "type": "Feature", "properties": { "ogc_fid": 540, "nivel": 10.0, "ncp": "0040000020015", "observ": null, "proy nro": 755, "partmuni": 10346, "expte": "26526/2025", "link": "https://tramiteobra.parana.gob.ar/menuAutorizada/informacionAutorizada/hR2SjnS17lPn1kYajUspYwbt1A", "sup proy": 2979.93, "sup_graf": null, "proyecto": "755", "tramite": "APROBACIÓN", "tipo_obra": "OBRA CIVIL (Con factibilidad previa)" }, "geometry": { "type": "MultiPolygon", "coordinates": [ [ [ [ -60.527978, -31.722502 ], [ -60.52801, -31.72259 ], [ -60.528264, -31.722519 ], [ -60.528231, -31.722431 ], [ -60.527978, -31.722502 ] ] ] ] } },
{ "type": "Feature", "properties": { "ogc_fid": 265, "nivel": 0.0, "ncp": "0080400017", "observ": null, "proy nro": 484, "partmuni": 35180, "expte": "/", "link": "https://tramiteobra.parana.gob.ar/menuAutorizada/informacionAutorizada/z-yyDEVXLayetp2zJw3FLNn8OA", "sup proy": 104.04, "sup_graf": 81, "proyecto": "484", "tramite": "APROBACIÓN", "tipo_obra": "OBRA CIVIL\t" }, "geometry": { "type": "MultiPolygon", "coordinates": [ [ [ [ -60.511026, -31.736671 ], [ -60.51117, -31.736648 ], [ -60.511159, -31.736589 ], [ -60.511119, -31.736595 ], [ -60.511122, -31.736615 ], [ -60.511081, -31.736621 ], [ -60.511077, -31.736602 ], [ -60.511031, -31.736609 ], [ -60.511034, -31.736623 ], [ -60.511018, -31.736626 ], [ -60.511026, -31.736671 ] ] ] ] } },
{ "type": "Feature", "properties": { "ogc_fid": 118, "nivel": 1.0, "ncp": "0150620001055", "observ": null, "proy nro": 168, "partmuni": 43506, "expte": "27052/2023", "link": "https://tramiteobra.parana.gob.ar/menuAutorizada/informacionAutorizada/NE0q7M6biesIFggqhj_BrocvZA", "sup proy": 482.13, "sup_graf": 138, "proyecto": "168", "tramite": "APROBACIÓN", "tipo_obra": "OBRA CIVIL (Con factibilidad previa)\t" }, "geometry": { "type": "MultiPolygon", "coordinates": [ [ [ [ -60.502022, -31.71164 ], [ -60.502093, -31.711651 ], [ -60.502108, -31.711579 ], [ -60.502101, -31.711578 ], [ -60.502112, -31.711532 ], [ -60.502119, -31.711533 ], [ -60.502135, -31.711461 ], [ -60.502065, -31.711449 ], [ -60.502049, -31.711521 ], [ -60.502058, -31.711523 ], [ -60.502048, -31.711569 ], [ -60.502038, -31.711567 ], [ -60.502022, -31.71164 ] ] ] ] } },
{ "type": "Feature", "properties": { "ogc_fid": 119, "nivel": 3.0, "ncp": "0030000038032", "observ": null, "proy nro": 176, "partmuni": 8344, "expte": "37186/2023", "link": "https://tramiteobra.parana.gob.ar/menuAutorizada/informacionAutorizada/NE0q7M6biesIFggqhj_Brocuag", "sup proy": 590.73, "sup_graf": 123, "proyecto": "176", "tramite": "FACTIBILIDAD\t", "tipo_obra": "OBRA CIVIL (Con factibilidad previa)\t" }, "geometry": { "type": "MultiPolygon", "coordinates": [ [ [ [ -60.538728, -31.733882 ], [ -60.538897, -31.733825 ], [ -60.538871, -31.733759 ], [ -60.538817, -31.733776 ], [ -60.538828, -31.733804 ], [ -60.538795, -31.733815 ], [ -60.538785, -31.733787 ], [ -60.538702, -31.733815 ], [ -60.538728, -31.733882 ] ] ] ] } },
{ "type": "Feature", "properties": { "ogc_fid": 112, "nivel": 1.0, "ncp": "0060850021013", "observ": null, "proy nro": 153, "partmuni": 42283, "expte": "33940/2023", "link": "https://tramiteobra.parana.gob.ar/menuAutorizada/informacionAutorizada/NE0q7M6biesIFggqhj_Brocsbw", "sup proy": 273.55, "sup_graf": 64, "proyecto": "153", "tramite": "APROBACIÓN", "tipo_obra": "OBRA CIVIL\t" }, "geometry": { "type": "MultiPolygon", "coordinates": [ [ [ [ -60.53555, -31.774278 ], [ -60.535569, -31.774361 ], [ -60.535627, -31.774353 ], [ -60.535619, -31.774319 ], [ -60.535665, -31.774313 ], [ -60.53566, -31.774289 ], [ -60.535613, -31.774295 ], [ -60.535608, -31.77427 ], [ -60.53555, -31.774278 ] ] ] ] } },
{ "type": "Feature", "properties": { "ogc_fid": 107, "nivel": 1.0, "ncp": "0020000031005", "observ": null, "proy nro": 157, "partmuni": 16394, "expte": "32235/2023", "link": "https://tramiteobra.parana.gob.ar/menuAutorizada/informacionAutorizada/NE0q7M6biesIFggqhj_Brocsaw", "sup proy": 101.1, "sup_graf": 90, "proyecto": "157", "tramite": "APROBACIÓN", "tipo_obra": "OBRA CIVIL (Con factibilidad previa)\t" }, "geometry": { "type": "MultiPolygon", "coordinates": [ [ [ [ -60.517695, -31.740382 ], [ -60.517801, -31.740365 ], [ -60.517795, -31.740335 ], [ -60.517789, -31.740336 ], [ -60.517787, -31.740325 ], [ -60.517798, -31.740323 ], [ -60.51779, -31.740281 ], [ -60.51772, -31.740291 ], [ -60.517685, -31.740335 ], [ -60.517695, -31.740382 ] ] ] ] } },
{ "type": "Feature", "properties": { "ogc_fid": 113, "nivel": 11.0, "ncp": "0020000047014", "observ": null, "proy nro": 127, "partmuni": 90959, "expte": "25993/2023", "link": "https://tramiteobra.parana.gob.ar/menuAutorizada/informacionAutorizada/NE0q7M6biesIFggqhj_Brocraw", "sup proy": 1953.26, "sup_graf": 137, "proyecto": "127", "tramite": "APROBACIÓN", "tipo_obra": "OBRA CIVIL (Con factibilidad previa)\t" }, "geometry": { "type": "MultiPolygon", "coordinates": [ [ [ [ -60.526065, -31.739351 ], [ -60.526113, -31.73942 ], [ -60.526204, -31.739376 ], [ -60.526214, -31.73939 ], [ -60.526265, -31.739365 ], [ -60.52625, -31.739343 ], [ -60.526237, -31.739349 ], [ -60.526194, -31.739288 ], [ -60.526065, -31.739351 ] ] ] ] } },
{ "type": "Feature", "properties": { "ogc_fid": 114, "nivel": 0.0, "ncp": "0020000047014", "observ": null, "proy nro": 127, "partmuni": 90959, "expte": "25993/2023", "link": "https://tramiteobra.parana.gob.ar/menuAutorizada/informacionAutorizada/NE0q7M6biesIFggqhj_Brocraw", "sup proy": 1953.26, "sup_graf": 137, "proyecto": "127", "tramite": "APROBACIÓN", "tipo_obra": "OBRA CIVIL (Con factibilidad previa)\t" }, "geometry": { "type": "MultiPolygon", "coordinates": [ [ [ [ -60.526194, -31.739288 ], [ -60.526237, -31.739349 ], [ -60.52625, -31.739343 ], [ -60.526265, -31.739365 ], [ -60.526371, -31.739313 ], [ -60.526313, -31.739228 ], [ -60.526194, -31.739288 ] ] ] ] } },
{ "type": "Feature", "properties": { "ogc_fid": 108, "nivel": 1.0, "ncp": "0090620009014", "observ": null, "proy nro": 155, "partmuni": 91269, "expte": "31176/2023", "link": "https://tramiteobra.parana.gob.ar/menuAutorizada/informacionAutorizada/NE0q7M6biesIFggqhj_BrocsaQ", "sup proy": 515.9, "sup_graf": 218, "proyecto": "155", "tramite": "APROBACIÓN", "tipo_obra": "OBRA CIVIL (Con factibilidad previa)\t" }, "geometry": { "type": "MultiPolygon", "coordinates": [ [ [ [ -60.495038, -31.773668 ], [ -60.495045, -31.773706 ], [ -60.495099, -31.773698 ], [ -60.495108, -31.773742 ], [ -60.49516, -31.773735 ], [ -60.495156, -31.773715 ], [ -60.495276, -31.773699 ], [ -60.495279, -31.773717 ], [ -60.495363, -31.773706 ], [ -60.495348, -31.773626 ], [ -60.495038, -31.773668 ] ] ] ] } },
{ "type": "Feature", "properties": { "ogc_fid": 125, "nivel": 2.0, "ncp": "0080430002027", "observ": null, "proy nro": 137, "partmuni": 7227, "expte": "37288/2023", "link": "https://tramiteobra.parana.gob.ar/menuAutorizada/informacionAutorizada/ddqZ5MbbmQORTydDvx62W4QUaw", "sup proy": 355.6, "sup_graf": 107, "proyecto": "137", "tramite": "APROBACIÓN", "tipo_obra": "OBRA CIVIL (Con factibilidad previa)\t" }, "geometry": { "type": "MultiPolygon", "coordinates": [ [ [ [ -60.511983, -31.719169 ], [ -60.511998, -31.719237 ], [ -60.512145, -31.719215 ], [ -60.512129, -31.719149 ], [ -60.511983, -31.719169 ] ] ] ] } },
{ "type": "Feature", "properties": { "ogc_fid": 115, "nivel": 0.0, "ncp": "0070340019004", "observ": null, "proy nro": 182, "partmuni": 43804, "expte": "35645/2023", "link": "https://tramiteobra.parana.gob.ar/menuAutorizada/informacionAutorizada/ddqZ5MbbmQORTydDvx62W4Qfbg", "sup proy": 331.01, "sup_graf": 626, "proyecto": "182", "tramite": "APROBACIÓN", "tipo_obra": "OBRA CIVIL\t" }, "geometry": { "type": "MultiPolygon", "coordinates": [ [ [ [ -60.5067, -31.767672 ], [ -60.506675, -31.767569 ], [ -60.506681, -31.767568 ], [ -60.506648, -31.767419 ], [ -60.506443, -31.767451 ], [ -60.506508, -31.767739 ], [ -60.506668, -31.767714 ], [ -60.5067, -31.767672 ] ] ] ] } },
{ "type": "Feature", "properties": { "ogc_fid": 120, "nivel": 0.0, "ncp": "0090150002001", "observ": null, "proy nro": 225, "partmuni": 337580, "expte": "36458/2023", "link": "https://tramiteobra.parana.gob.ar/menu/informacionAutorizada/ohHK2T004TmJLXFX9CO9lDtknQ", "sup proy": 615.45, "sup_graf": 494, "proyecto": "225", "tramite": "APROBACIÓN", "tipo_obra": "OBRA CIVIL (Con factibilidad previa)\t" }, "geometry": { "type": "MultiPolygon", "coordinates": [ [ [ [ -60.494874, -31.748216 ], [ -60.494867, -31.748179 ], [ -60.494897, -31.748174 ], [ -60.49488, -31.748084 ], [ -60.494943, -31.748075 ], [ -60.494911, -31.747924 ], [ -60.494818, -31.747936 ], [ -60.494831, -31.747991 ], [ -60.494701, -31.748009 ], [ -60.494747, -31.748234 ], [ -60.494874, -31.748216 ] ] ] ] } },
{ "type": "Feature", "properties": { "ogc_fid": 121, "nivel": 1.0, "ncp": "0070390023018", "observ": null, "proy nro": 221, "partmuni": 138568, "expte": "1820/2023", "link": "https://tramiteobra.parana.gob.ar/menu/informacionAutorizada/ohHK2T004TmJLXFX9CO9lDtkmQ", "sup proy": 199.5, "sup_graf": 108, "proyecto": "221", "tramite": "APROBACIÓN", "tipo_obra": "OBRA CIVIL\t" }, "geometry": { "type": "MultiPolygon", "coordinates": [ [ [ [ -60.512405, -31.742558 ], [ -60.512309, -31.742596 ], [ -60.512324, -31.742624 ], [ -60.512266, -31.742647 ], [ -60.512287, -31.742684 ], [ -60.512441, -31.742624 ], [ -60.512405, -31.742558 ] ] ] ] } },
{ "type": "Feature", "properties": { "ogc_fid": 123, "nivel": 0.0, "ncp": "0060060020001", "observ": null, "proy nro": 239, "partmuni": 833408, "expte": "1125/2024", "link": "https://tramiteobra.parana.gob.ar/menu/informacionAutorizada/ohHK2T004TmJLXFX9CO9lDtlkQ", "sup proy": 98.98, "sup_graf": 116, "proyecto": "239", "tramite": "APROBACIÓN", "tipo_obra": "OBRA CIVIL (Con factibilidad previa)\t" }, "geometry": { "type": "MultiPolygon", "coordinates": [ [ [ [ -60.532897, -31.758012 ], [ -60.533, -31.757995 ], [ -60.532987, -31.757929 ], [ -60.532942, -31.757897 ], [ -60.532861, -31.75791 ], [ -60.532869, -31.757952 ], [ -60.532884, -31.757949 ], [ -60.53289, -31.757977 ], [ -60.532897, -31.758012 ] ] ] ] } },
{ "type": "Feature", "properties": { "ogc_fid": 124, "nivel": 2.0, "ncp": "0040000012027", "observ": null, "proy nro": 230, "partmuni": 160712, "expte": "1812/2024", "link": "https://tramiteobra.parana.gob.ar/menu/informacionAutorizada/ohHK2T004TmJLXFX9CO9lDtlmA", "sup proy": 425.56, "sup_graf": 67, "proyecto": "230", "tramite": "APROBACIÓN", "tipo_obra": "OBRA CIVIL\t" }, "geometry": { "type": "MultiPolygon", "coordinates": [ [ [ [ -60.527117, -31.721751 ], [ -60.52704, -31.721774 ], [ -60.527067, -31.721844 ], [ -60.527119, -31.721828 ], [ -60.527132, -31.721824 ], [ -60.527142, -31.72185 ], [ -60.527154, -31.721846 ], [ -60.527117, -31.721751 ] ] ] ] } },
{ "type": "Feature", "properties": { "ogc_fid": 685, "nivel": 0.0, "ncp": "0121540001050", "observ": null, "proy nro": 802, "partmuni": 46298, "expte": "14853/2026", "link": "https://tramiteobra.parana.gob.ar/menuAutorizada/informacionAutorizada/q1FFVjd49NkY51uFs282QUGTTw", "sup proy": 65.0, "sup_graf": null, "proyecto": "802", "tramite": "APROBACIÓN", "tipo_obra": "OBRA CIVIL" }, "geometry": { "type": "MultiPolygon", "coordinates": [ [ [ [ -60.509904, -31.788329 ], [ -60.509911, -31.788361 ], [ -60.509773, -31.788383 ], [ -60.50976, -31.788325 ], [ -60.509892, -31.788303 ], [ -60.509898, -31.78833 ], [ -60.509904, -31.788329 ] ] ] ] } },
{ "type": "Feature", "properties": { "ogc_fid": 437, "nivel": 1.0, "ncp": "0010000078001", "observ": null, "proy nro": 727, "partmuni": 127812, "expte": "26322/2025", "link": "https://tramiteobra.parana.gob.ar/menuAutorizada/informacionAutorizada/yiUvqz_jSD360cdFLcnb0Unu3g", "sup proy": 74.0, "sup_graf": null, "proyecto": "727", "tramite": "APROBACIÓN", "tipo_obra": "OBRA CIVIL\t" }, "geometry": { "type": "MultiPolygon", "coordinates": [ [ [ [ -60.517617, -31.73032 ], [ -60.517612, -31.730307 ], [ -60.517602, -31.730309 ], [ -60.517579, -31.730242 ], [ -60.517619, -31.730232 ], [ -60.517677, -31.730248 ], [ -60.517712, -31.730296 ], [ -60.517617, -31.73032 ] ] ] ] } },
{ "type": "Feature", "properties": { "ogc_fid": 438, "nivel": 0.0, "ncp": "0010000078001", "observ": null, "proy nro": 727, "partmuni": 127812, "expte": "26322/2025", "link": "https://tramiteobra.parana.gob.ar/menuAutorizada/informacionAutorizada/yiUvqz_jSD360cdFLcnb0Unu3g", "sup proy": 74.0, "sup_graf": null, "proyecto": "727", "tramite": "APROBACIÓN", "tipo_obra": "OBRA CIVIL\t" }, "geometry": { "type": "MultiPolygon", "coordinates": [ [ [ [ -60.517579, -31.730242 ], [ -60.517484, -31.730266 ], [ -60.517535, -31.73034 ], [ -60.517617, -31.73032 ], [ -60.517612, -31.730307 ], [ -60.517602, -31.730309 ], [ -60.517579, -31.730242 ] ] ] ] } },
{ "type": "Feature", "properties": { "ogc_fid": 140, "nivel": 9.0, "ncp": "0010000095018", "observ": null, "proy nro": 187, "partmuni": 15673, "expte": "4986/2024", "link": "https://tramiteobra.parana.gob.ar/menuAutorizada/informacionAutorizada/ddqZ5MbbmQORTydDvx62W4Qfaw", "sup proy": 2295.73, "sup_graf": 157, "proyecto": "187", "tramite": "APROBACIÓN", "tipo_obra": "OBRA CIVIL (Con factibilidad previa)\t" }, "geometry": { "type": "MultiPolygon", "coordinates": [ [ [ [ -60.518206, -31.733356 ], [ -60.518207, -31.733357 ], [ -60.518255, -31.733341 ], [ -60.518323, -31.733319 ], [ -60.518388, -31.733298 ], [ -60.51837, -31.733257 ], [ -60.518381, -31.733254 ], [ -60.518362, -31.733212 ], [ -60.518287, -31.733235 ], [ -60.518307, -31.73328 ], [ -60.518237, -31.733303 ], [ -60.518218, -31.733258 ], [ -60.518156, -31.733278 ], [ -60.518175, -31.733321 ], [ -60.518189, -31.733316 ], [ -60.518206, -31.733356 ] ] ] ] } },
{ "type": "Feature", "properties": { "ogc_fid": 134, "nivel": 1.0, "ncp": "0121170004015", "observ": null, "proy nro": 238, "partmuni": 55245, "expte": "10210/2024", "link": "https://tramiteobra.parana.gob.ar/menuAutorizada/informacionAutorizada/AehgKdj4ylT4vME-jzRzoTp6xg", "sup proy": 209.67, "sup_graf": 89, "proyecto": "238", "tramite": "APROBACIÓN", "tipo_obra": "OBRA CIVIL\t" }, "geometry": { "type": "MultiPolygon", "coordinates": [ [ [ [ -60.525456, -31.776576 ], [ -60.52546, -31.776595 ], [ -60.525485, -31.776592 ], [ -60.525489, -31.776611 ], [ -60.525479, -31.776613 ], [ -60.525486, -31.776645 ], [ -60.525607, -31.776626 ], [ -60.525598, -31.776585 ], [ -60.525581, -31.776588 ], [ -60.525575, -31.776557 ], [ -60.525456, -31.776576 ] ] ] ] } },
{ "type": "Feature", "properties": { "ogc_fid": 138, "nivel": 1.0, "ncp": "0010000032022", "observ": null, "proy nro": 192, "partmuni": 62061, "expte": "35631/2023", "link": "https://tramiteobra.parana.gob.ar/menuAutorizada/informacionAutorizada/AehgKdj4ylT4vME-jzRzoTlwzA", "sup proy": 108.83, "sup_graf": 77, "proyecto": "192", "tramite": "APROBACIÓN", "tipo_obra": "OBRA CIVIL\t" }, "geometry": { "type": "MultiPolygon", "coordinates": [ [ [ [ -60.521592, -31.72284 ], [ -60.521607, -31.72287 ], [ -60.521747, -31.722817 ], [ -60.521722, -31.722766 ], [ -60.521626, -31.722802 ], [ -60.521637, -31.722824 ], [ -60.521592, -31.72284 ] ] ] ] } },
{ "type": "Feature", "properties": { "ogc_fid": 687, "nivel": 1.0, "ncp": "0121200004002", "observ": null, "proy nro": 830, "partmuni": 54628, "expte": "/", "link": "https://tramiteobra.parana.gob.ar/menuAutorizada/informacionAutorizada/q1FFVjd49NkY51uFs282QUGQTQ", "sup proy": null, "sup_graf": null, "proyecto": "830", "tramite": "APROBACIÓN", "tipo_obra": "OBRA CIVIL" }, "geometry": { "type": "MultiPolygon", "coordinates": [ [ [ [ -60.511194, -31.778786 ], [ -60.511194, -31.778786 ], [ -60.511175, -31.778698 ], [ -60.511142, -31.778704 ], [ -60.511158, -31.778772 ], [ -60.511122, -31.778777 ], [ -60.511117, -31.778751 ], [ -60.511082, -31.778757 ], [ -60.511092, -31.778803 ], [ -60.511194, -31.778786 ] ] ] ] } },
{ "type": "Feature", "properties": { "ogc_fid": 130, "nivel": 0.0, "ncp": "0080400007012", "observ": null, "proy nro": 218, "partmuni": 218332, "expte": "35634/2023", "link": "https://tramiteobra.parana.gob.ar/menu/informacionAutorizada/ohHK2T004TmJLXFX9CO9lDtnkA", "sup proy": 130.62, "sup_graf": 104, "proyecto": "218", "tramite": "APROBACIÓN", "tipo_obra": "OBRA CIVIL\t" }, "geometry": { "type": "MultiPolygon", "coordinates": [ [ [ [ -60.513466, -31.734557 ], [ -60.513363, -31.734556 ], [ -60.513368, -31.734579 ], [ -60.513421, -31.734578 ], [ -60.513421, -31.73458 ], [ -60.513423, -31.734641 ], [ -60.513546, -31.734642 ], [ -60.513545, -31.734612 ], [ -60.513493, -31.734612 ], [ -60.513492, -31.734578 ], [ -60.513545, -31.734579 ], [ -60.513545, -31.734557 ], [ -60.513466, -31.734557 ] ] ] ] } },
{ "type": "Feature", "properties": { "ogc_fid": 688, "nivel": 0.0, "ncp": "0121200004002", "observ": null, "proy nro": 830, "partmuni": 54628, "expte": "/", "link": "https://tramiteobra.parana.gob.ar/menuAutorizada/informacionAutorizada/q1FFVjd49NkY51uFs282QUGQTQ", "sup proy": null, "sup_graf": null, "proyecto": "830", "tramite": "APROBACIÓN", "tipo_obra": "OBRA CIVIL" }, "geometry": { "type": "MultiPolygon", "coordinates": [ [ [ [ -60.511194, -31.778786 ], [ -60.511204, -31.778832 ], [ -60.511103, -31.778848 ], [ -60.511092, -31.778803 ], [ -60.511194, -31.778786 ] ] ] ] } },
{ "type": "Feature", "properties": { "ogc_fid": 542, "nivel": 1.0, "ncp": "0090370001015", "observ": null, "proy nro": 749, "partmuni": 84299, "expte": "5694/2026", "link": "https://tramiteobra.parana.gob.ar/menuAutorizada/informacionAutorizada/hR2SjnS17lPn1kYajUspYwbs2A", "sup proy": 61.41, "sup_graf": null, "proyecto": "749", "tramite": "APROBACIÓN", "tipo_obra": "OBRA CIVIL" }, "geometry": { "type": "MultiPolygon", "coordinates": [ [ [ [ -60.493931, -31.769908 ], [ -60.493924, -31.769877 ], [ -60.493864, -31.769886 ], [ -60.493853, -31.769831 ], [ -60.493986, -31.769811 ], [ -60.494004, -31.769897 ], [ -60.493931, -31.769908 ] ] ] ] } },
{ "type": "Feature", "properties": { "ogc_fid": 129, "nivel": 1.0, "ncp": "0040000012027", "observ": null, "proy nro": 230, "partmuni": 160712, "expte": "1812/2024", "link": "https://tramiteobra.parana.gob.ar/menu/informacionAutorizada/ohHK2T004TmJLXFX9CO9lDtlmA", "sup proy": 425.56, "sup_graf": 108, "proyecto": "230", "tramite": "APROBACIÓN", "tipo_obra": "OBRA CIVIL\t" }, "geometry": { "type": "MultiPolygon", "coordinates": [ [ [ [ -60.527119, -31.721976 ], [ -60.527174, -31.721958 ], [ -60.527162, -31.721927 ], [ -60.527183, -31.721921 ], [ -60.527154, -31.721846 ], [ -60.527142, -31.72185 ], [ -60.527132, -31.721824 ], [ -60.527119, -31.721828 ], [ -60.527067, -31.721844 ], [ -60.527119, -31.721976 ] ] ] ] } },
{ "type": "Feature", "properties": { "ogc_fid": 142, "nivel": 0.0, "ncp": "0100010002010", "observ": null, "proy nro": 77, "partmuni": 66353, "expte": "14418/2024", "link": "https://tramiteobra.parana.gob.ar/menuAutorizada/informacionAutorizada/AehgKdj4ylT4vME-jzRzoT9-", "sup proy": 1109.6, "sup_graf": 1077, "proyecto": "77", "tramite": "APROBACIÓN", "tipo_obra": "OBRA CIVIL (Con factibilidad previa)\t" }, "geometry": { "type": "MultiPolygon", "coordinates": [ [ [ [ -60.569387, -31.706572 ], [ -60.568968, -31.706373 ], [ -60.568843, -31.706558 ], [ -60.569263, -31.706758 ], [ -60.569387, -31.706572 ] ] ] ] } },
{ "type": "Feature", "properties": { "ogc_fid": 135, "nivel": 0.0, "ncp": "0070600016014", "observ": null, "proy nro": 206, "partmuni": 839101, "expte": "33946/2023", "link": "https://tramiteobra.parana.gob.ar/menu/informacionAutorizada/ohHK2T004TmJLXFX9CO9lDtmng", "sup proy": 0.0, "sup_graf": 111, "proyecto": "206", "tramite": "APROBACIÓN", "tipo_obra": "OBRA CIVIL\t" }, "geometry": { "type": "MultiPolygon", "coordinates": [ [ [ [ -60.508926, -31.771727 ], [ -60.508929, -31.771726 ], [ -60.508922, -31.771693 ], [ -60.508924, -31.771692 ], [ -60.508919, -31.771669 ], [ -60.508917, -31.77167 ], [ -60.50891, -31.77164 ], [ -60.508849, -31.77165 ], [ -60.508856, -31.77168 ], [ -60.508773, -31.771694 ], [ -60.508784, -31.771742 ], [ -60.508753, -31.771748 ], [ -60.508754, -31.771756 ], [ -60.508926, -31.771727 ] ] ] ] } },
{ "type": "Feature", "properties": { "ogc_fid": 143, "nivel": 0.0, "ncp": "0060500011019", "observ": null, "proy nro": 323, "partmuni": 12087, "expte": "11259/2024", "link": "https://tramiteobra.parana.gob.ar/menuAutorizada/informacionAutorizada/AehgKdj4ylT4vME-jzRzoTt7zQ", "sup proy": 151.66, "sup_graf": 83, "proyecto": "323", "tramite": "APROBACIÓN", "tipo_obra": "OBRA CIVIL\t" }, "geometry": { "type": "MultiPolygon", "coordinates": [ [ [ [ -60.527591, -31.753486 ], [ -60.527713, -31.753572 ], [ -60.52776, -31.753525 ], [ -60.527711, -31.75349 ], [ -60.527693, -31.753508 ], [ -60.527616, -31.753454 ], [ -60.527587, -31.753483 ], [ -60.527591, -31.753486 ] ] ] ] } },
{ "type": "Feature", "properties": { "ogc_fid": 141, "nivel": 0.0, "ncp": "0132010002001", "observ": null, "proy nro": 173, "partmuni": 51988, "expte": "4572/2024", "link": "https://tramiteobra.parana.gob.ar/menuAutorizada/informacionAutorizada/AehgKdj4ylT4vME-jzRzoTl-zQ", "sup proy": 0.0, "sup_graf": 2689, "proyecto": "173", "tramite": "APROBACIÓN", "tipo_obra": "OBRA CIVIL (Con factibilidad previa)\t" }, "geometry": { "type": "MultiPolygon", "coordinates": [ [ [ [ -60.46048, -31.776927 ], [ -60.460524, -31.777151 ], [ -60.461574, -31.77699 ], [ -60.461527, -31.776766 ], [ -60.461566, -31.77676 ], [ -60.461561, -31.776733 ], [ -60.461074, -31.776808 ], [ -60.461079, -31.776835 ], [ -60.46048, -31.776927 ] ] ] ] } },
{ "type": "Feature", "properties": { "ogc_fid": 127, "nivel": 0.0, "ncp": "0080600002002", "observ": null, "proy nro": 200, "partmuni": 48411, "expte": "35978/2023", "link": "https://tramiteobra.parana.gob.ar/menuAutorizada/informacionAutorizada/NE0q7M6biesIFggqhj_BroQpbA", "sup proy": 1424.06, "sup_graf": 295, "proyecto": "200", "tramite": "APROBACIÓN", "tipo_obra": "OBRA CIVIL (Con factibilidad previa)\t" }, "geometry": { "type": "MultiPolygon", "coordinates": [ [ [ [ -60.502543, -31.720846 ], [ -60.502396, -31.720869 ], [ -60.502444, -31.721088 ], [ -60.502545, -31.721073 ], [ -60.502522, -31.720963 ], [ -60.502566, -31.720956 ], [ -60.502543, -31.720846 ] ] ] ] } },
{ "type": "Feature", "properties": { "ogc_fid": 126, "nivel": 0.0, "ncp": "0080600002002", "observ": null, "proy nro": 200, "partmuni": 48411, "expte": "35978/2023", "link": "https://tramiteobra.parana.gob.ar/menuAutorizada/informacionAutorizada/NE0q7M6biesIFggqhj_BroQpbA", "sup proy": 1424.06, "sup_graf": 1294, "proyecto": "200", "tramite": "APROBACIÓN", "tipo_obra": "OBRA CIVIL (Con factibilidad previa)\t" }, "geometry": { "type": "MultiPolygon", "coordinates": [ [ [ [ -60.501861, -31.720643 ], [ -60.501709, -31.720655 ], [ -60.501692, -31.720577 ], [ -60.501613, -31.720583 ], [ -60.501628, -31.720738 ], [ -60.501638, -31.720784 ], [ -60.501647, -31.720783 ], [ -60.501731, -31.721184 ], [ -60.50215, -31.72112 ], [ -60.502114, -31.720951 ], [ -60.501782, -31.721002 ], [ -60.501725, -31.72073 ], [ -60.501869, -31.72072 ], [ -60.501861, -31.720643 ] ] ] ] } },
{ "type": "Feature", "properties": { "ogc_fid": 128, "nivel": 0.0, "ncp": "0080600002002", "observ": null, "proy nro": 200, "partmuni": 48411, "expte": "35978/2023", "link": "https://tramiteobra.parana.gob.ar/menuAutorizada/informacionAutorizada/NE0q7M6biesIFggqhj_BroQpbA", "sup proy": 1424.06, "sup_graf": 536, "proyecto": "200", "tramite": "APROBACIÓN", "tipo_obra": "OBRA CIVIL (Con factibilidad previa)\t" }, "geometry": { "type": "MultiPolygon", "coordinates": [ [ [ [ -60.502405, -31.720906 ], [ -60.502114, -31.720951 ], [ -60.50215, -31.721121 ], [ -60.502441, -31.721075 ], [ -60.502405, -31.720906 ] ] ] ] } },
{ "type": "Feature", "properties": { "ogc_fid": 146, "nivel": 13.0, "ncp": "0040000024006", "observ": null, "proy nro": 110, "partmuni": 8753, "expte": "34688/2023", "link": "https://tramiteobra.parana.gob.ar/menuAutorizada/informacionAutorizada/ddqZ5MbbmQORTydDvx62W4QWbA", "sup proy": 2402.23, "sup_graf": 141, "proyecto": "110", "tramite": "APROBACIÓN", "tipo_obra": "OBRA CIVIL (Con factibilidad previa)\t" }, "geometry": { "type": "MultiPolygon", "coordinates": [ [ [ [ -60.531155, -31.722638 ], [ -60.53112, -31.722648 ], [ -60.531127, -31.722665 ], [ -60.531099, -31.722673 ], [ -60.531151, -31.722802 ], [ -60.53124, -31.722778 ], [ -60.531188, -31.722649 ], [ -60.531161, -31.722656 ], [ -60.531155, -31.722638 ] ] ] ] } },
{ "type": "Feature", "properties": { "ogc_fid": 145, "nivel": 0.0, "ncp": "0080170007022", "observ": null, "proy nro": 180, "partmuni": 37070, "expte": "1120/2024", "link": "https://tramiteobra.parana.gob.ar/menuAutorizada/informacionAutorizada/ddqZ5MbbmQORTydDvx62W4QfbA", "sup proy": 93.36, "sup_graf": 145, "proyecto": "180", "tramite": "APROBACIÓN\t", "tipo_obra": "OBRA CIVIL\t" }, "geometry": { "type": "MultiPolygon", "coordinates": [ [ [ [ -60.492148, -31.739509 ], [ -60.492171, -31.739614 ], [ -60.492263, -31.739599 ], [ -60.492299, -31.739555 ], [ -60.492282, -31.739488 ], [ -60.492148, -31.739509 ] ] ] ] } },
{ "type": "Feature", "properties": { "ogc_fid": 689, "nivel": 1.0, "ncp": "0121200004002", "observ": null, "proy nro": 830, "partmuni": 54628, "expte": "/", "link": "https://tramiteobra.parana.gob.ar/menuAutorizada/informacionAutorizada/q1FFVjd49NkY51uFs282QUGQTQ", "sup proy": null, "sup_graf": null, "proyecto": "830", "tramite": "APROBACIÓN", "tipo_obra": "OBRA CIVIL" }, "geometry": { "type": "MultiPolygon", "coordinates": [ [ [ [ -60.511155, -31.77861 ], [ -60.511134, -31.778521 ], [ -60.511032, -31.778539 ], [ -60.511052, -31.778627 ], [ -60.511155, -31.77861 ] ] ] ] } },
{ "type": "Feature", "properties": { "ogc_fid": 275, "nivel": 0.0, "ncp": "0070390016001", "observ": null, "proy nro": 430, "partmuni": 4292, "expte": "32980/2024", "link": "https://tramiteobra.parana.gob.ar/menuAutorizada/informacionAutorizada/z-yyDEVXLayetp2zJw3FLNn3PA", "sup proy": 0.0, "sup_graf": 97, "proyecto": "430", "tramite": "APROBACIÓN", "tipo_obra": "OBRA CIVIL\t" }, "geometry": { "type": "MultiPolygon", "coordinates": [ [ [ [ -60.513139, -31.740968 ], [ -60.513133, -31.740927 ], [ -60.513086, -31.740896 ], [ -60.513001, -31.740906 ], [ -60.513014, -31.740985 ], [ -60.513139, -31.740968 ] ] ] ] } },
{ "type": "Feature", "properties": { "ogc_fid": 690, "nivel": 0.0, "ncp": "0121200004002", "observ": null, "proy nro": 830, "partmuni": 54628, "expte": "/", "link": "https://tramiteobra.parana.gob.ar/menuAutorizada/informacionAutorizada/q1FFVjd49NkY51uFs282QUGQTQ", "sup proy": null, "sup_graf": null, "proyecto": "830", "tramite": "APROBACIÓN", "tipo_obra": "OBRA CIVIL" }, "geometry": { "type": "MultiPolygon", "coordinates": [ [ [ [ -60.511155, -31.77861 ], [ -60.511162, -31.778644 ], [ -60.51106, -31.778661 ], [ -60.511052, -31.778627 ], [ -60.511155, -31.77861 ] ] ] ] } },
{ "type": "Feature", "properties": { "ogc_fid": 757, "nivel": 1.0, "ncp": "0150460001024", "observ": null, "proy nro": 991, "partmuni": 42109, "expte": "/", "link": "https://tramiteobra.parana.gob.ar/menuAutorizada/informacionAutorizada/Qj2uEVAf2oSOjEu_O_FHn5pH-Q", "sup proy": 253.855, "sup_graf": null, "proyecto": "991", "tramite": "APROBACIÓN", "tipo_obra": "OBRA CIVIL" }, "geometry": { "type": "MultiPolygon", "coordinates": [ [ [ [ -60.482596, -31.726486 ], [ -60.482587, -31.726442 ], [ -60.482553, -31.726447 ], [ -60.482536, -31.726367 ], [ -60.482489, -31.726374 ], [ -60.482513, -31.726491 ], [ -60.48254, -31.726487 ], [ -60.482542, -31.726494 ], [ -60.482596, -31.726486 ] ] ] ] } },
{ "type": "Feature", "properties": { "ogc_fid": 147, "nivel": 0.0, "ncp": "0150760017017", "observ": null, "proy nro": 207, "partmuni": 45327, "expte": "35183/2023", "link": "https://tramiteobra.parana.gob.ar/menu/informacionAutorizada/ZEtMb-KwojlgkW8ajht60rF-7w", "sup proy": 254.62, "sup_graf": 198, "proyecto": "207", "tramite": "APROBACIÓN", "tipo_obra": "OBRA CIVIL\t" }, "geometry": { "type": "MultiPolygon", "coordinates": [ [ [ [ -60.476646, -31.718108 ], [ -60.476657, -31.718163 ], [ -60.476624, -31.718168 ], [ -60.476636, -31.718227 ], [ -60.476692, -31.718218 ], [ -60.47671, -31.718303 ], [ -60.476728, -31.718301 ], [ -60.476735, -31.718336 ], [ -60.476784, -31.718329 ], [ -60.476738, -31.718109 ], [ -60.476704, -31.718115 ], [ -60.476705, -31.718121 ], [ -60.476671, -31.718126 ], [ -60.476667, -31.718109 ], [ -60.476666, -31.718105 ], [ -60.476646, -31.718108 ] ] ] ] } },
{ "type": "Feature", "properties": { "ogc_fid": 148, "nivel": 0.0, "ncp": "0090670004007", "observ": null, "proy nro": 198, "partmuni": 65155, "expte": "2230/2024", "link": "https://tramiteobra.parana.gob.ar/menu/informacionAutorizada/ZEtMb-KwojlgkW8ajht60rJ34A", "sup proy": 1819.0, "sup_graf": 1745, "proyecto": "198", "tramite": "FACTIBILIDAD", "tipo_obra": "OBRA CIVIL (Con factibilidad previa)\t" }, "geometry": { "type": "MultiPolygon", "coordinates": [ [ [ [ -60.481044, -31.758722 ], [ -60.481189, -31.759421 ], [ -60.481364, -31.759398 ], [ -60.481389, -31.759516 ], [ -60.481543, -31.759496 ], [ -60.481451, -31.759055 ], [ -60.481221, -31.759086 ], [ -60.481144, -31.758709 ], [ -60.481044, -31.758722 ] ] ] ] } },
{ "type": "Feature", "properties": { "ogc_fid": 151, "nivel": 0.0, "ncp": "0140990001013", "observ": null, "proy nro": 184, "partmuni": 41493, "expte": "37286/2023", "link": "https://tramiteobra.parana.gob.ar/menu/informacionAutorizada/ZEtMb-KwojlgkW8ajht60rJ27A", "sup proy": 3262.95, "sup_graf": 2714, "proyecto": "184", "tramite": "APROBACIÓN", "tipo_obra": "OBRA CIVIL (Con factibilidad previa)\t" }, "geometry": { "type": "MultiPolygon", "coordinates": [ [ [ [ -60.476561, -31.758885 ], [ -60.476857, -31.758839 ], [ -60.47697, -31.758823 ], [ -60.476961, -31.758778 ], [ -60.47685, -31.75824 ], [ -60.476844, -31.758209 ], [ -60.476503, -31.75826 ], [ -60.476435, -31.75827 ], [ -60.476561, -31.758885 ] ] ] ] } },
{ "type": "Feature", "properties": { "ogc_fid": 758, "nivel": 0.0, "ncp": "0150460001024", "observ": null, "proy nro": 991, "partmuni": 42109, "expte": "/", "link": "https://tramiteobra.parana.gob.ar/menuAutorizada/informacionAutorizada/Qj2uEVAf2oSOjEu_O_FHn5pH-Q", "sup proy": 253.855, "sup_graf": null, "proyecto": "991", "tramite": "APROBACIÓN", "tipo_obra": "OBRA CIVIL" }, "geometry": { "type": "MultiPolygon", "coordinates": [ [ [ [ -60.482587, -31.726442 ], [ -60.482547, -31.726255 ], [ -60.482493, -31.726263 ], [ -60.482499, -31.72629 ], [ -60.482472, -31.726294 ], [ -60.482489, -31.726374 ], [ -60.482536, -31.726367 ], [ -60.482553, -31.726447 ], [ -60.482587, -31.726442 ] ] ] ] } },
{ "type": "Feature", "properties": { "ogc_fid": 759, "nivel": 0.0, "ncp": "0150460001024", "observ": null, "proy nro": 991, "partmuni": 42109, "expte": "/", "link": "https://tramiteobra.parana.gob.ar/menuAutorizada/informacionAutorizada/Qj2uEVAf2oSOjEu_O_FHn5pH-Q", "sup proy": 253.855, "sup_graf": null, "proyecto": "991", "tramite": "APROBACIÓN", "tipo_obra": "OBRA CIVIL" }, "geometry": { "type": "MultiPolygon", "coordinates": [ [ [ [ -60.482623, -31.726311 ], [ -60.48261, -31.726245 ], [ -60.482577, -31.72625 ], [ -60.482589, -31.726303 ], [ -60.482598, -31.726302 ], [ -60.4826, -31.726314 ], [ -60.482623, -31.726311 ] ] ] ] } },
{ "type": "Feature", "properties": { "ogc_fid": 154, "nivel": 0.0, "ncp": "0150740014005", "observ": null, "proy nro": 237, "partmuni": 40295, "expte": "1527/2024", "link": "https://tramiteobra.parana.gob.ar/menu/informacionAutorizada/ZEtMb-KwojlgkW8ajht60rF97w", "sup proy": 277.8, "sup_graf": 453, "proyecto": "237", "tramite": "APROBACIÓN", "tipo_obra": "OBRA CIVIL\t" }, "geometry": { "type": "MultiPolygon", "coordinates": [ [ [ [ -60.47716, -31.7271 ], [ -60.477077, -31.727114 ], [ -60.477083, -31.727142 ], [ -60.477041, -31.727149 ], [ -60.477108, -31.727503 ], [ -60.477244, -31.727481 ], [ -60.477214, -31.72734 ], [ -60.477158, -31.727349 ], [ -60.47713, -31.72722 ], [ -60.477187, -31.727211 ], [ -60.47716, -31.7271 ] ] ] ] } },
{ "type": "Feature", "properties": { "ogc_fid": 155, "nivel": 1.0, "ncp": "0150740014005", "observ": null, "proy nro": 237, "partmuni": 40295, "expte": "1527/2024", "link": "https://tramiteobra.parana.gob.ar/menu/informacionAutorizada/ZEtMb-KwojlgkW8ajht60rF97w", "sup proy": 277.8, "sup_graf": 79, "proyecto": "237", "tramite": "APROBACIÓN", "tipo_obra": "OBRA CIVIL\t" }, "geometry": { "type": "MultiPolygon", "coordinates": [ [ [ [ -60.477158, -31.727349 ], [ -60.477214, -31.72734 ], [ -60.477187, -31.727211 ], [ -60.47713, -31.72722 ], [ -60.477158, -31.727349 ] ] ] ] } },
{ "type": "Feature", "properties": { "ogc_fid": 156, "nivel": 1.0, "ncp": "0060560002011", "observ": null, "proy nro": 227, "partmuni": 24484, "expte": "3360/2024", "link": "https://tramiteobra.parana.gob.ar/menu/informacionAutorizada/ZEtMb-KwojlgkW8ajht60rF87w", "sup proy": 203.47, "sup_graf": 119, "proyecto": "227", "tramite": "APROBACIÓN\t", "tipo_obra": "OBRA CIVIL\t" }, "geometry": { "type": "MultiPolygon", "coordinates": [ [ [ [ -60.53159, -31.765199 ], [ -60.531562, -31.765203 ], [ -60.531608, -31.76541 ], [ -60.531667, -31.765401 ], [ -60.531662, -31.765378 ], [ -60.531667, -31.765377 ], [ -60.531652, -31.765309 ], [ -60.531642, -31.765262 ], [ -60.531613, -31.765267 ], [ -60.531601, -31.765215 ], [ -60.531593, -31.765216 ], [ -60.53159, -31.765199 ] ] ] ] } },
{ "type": "Feature", "properties": { "ogc_fid": 157, "nivel": 0.0, "ncp": "0060560002011", "observ": null, "proy nro": 227, "partmuni": 24484, "expte": "3360/2024", "link": "https://tramiteobra.parana.gob.ar/menu/informacionAutorizada/ZEtMb-KwojlgkW8ajht60rF87w", "sup proy": 203.47, "sup_graf": 95, "proyecto": "227", "tramite": "APROBACIÓN\t", "tipo_obra": "OBRA CIVIL\t" }, "geometry": { "type": "MultiPolygon", "coordinates": [ [ [ [ -60.531668, -31.765499 ], [ -60.531629, -31.765506 ], [ -60.531654, -31.765614 ], [ -60.531749, -31.765598 ], [ -60.531731, -31.765518 ], [ -60.531674, -31.765527 ], [ -60.531668, -31.765499 ] ] ] ] } },
{ "type": "Feature", "properties": { "ogc_fid": 158, "nivel": 0.0, "ncp": "0080600002002", "observ": null, "proy nro": 200, "partmuni": 48411, "expte": "35978/2023", "link": "https://tramiteobra.parana.gob.ar/menuAutorizada/informacionAutorizada/NE0q7M6biesIFggqhj_BroQpbA", "sup proy": 1424.06, "sup_graf": 128, "proyecto": "200", "tramite": "APROBACIÓN", "tipo_obra": "OBRA CIVIL (Con factibilidad previa)\t" }, "geometry": { "type": "MultiPolygon", "coordinates": [ [ [ [ -60.502667, -31.721136 ], [ -60.502476, -31.721166 ], [ -60.502489, -31.721228 ], [ -60.50268, -31.721198 ], [ -60.502667, -31.721136 ] ] ] ] } },
{ "type": "Feature", "properties": { "ogc_fid": 760, "nivel": 1.0, "ncp": "0150780001002", "observ": null, "proy nro": 923, "partmuni": 130909, "expte": "/", "link": "https://tramiteobra.parana.gob.ar/menuAutorizada/informacionAutorizada/Qj2uEVAf2oSOjEu_O_FHn5pM-w", "sup proy": 173.3, "sup_graf": null, "proyecto": "923", "tramite": "APROBACIÓN", "tipo_obra": "OBRA CIVIL" }, "geometry": { "type": "MultiPolygon", "coordinates": [ [ [ [ -60.472607, -31.707993 ], [ -60.47259, -31.707917 ], [ -60.472547, -31.707924 ], [ -60.472556, -31.707962 ], [ -60.472442, -31.707982 ], [ -60.472441, -31.707973 ], [ -60.472385, -31.707983 ], [ -60.472395, -31.708028 ], [ -60.472429, -31.708023 ], [ -60.472548, -31.708003 ], [ -60.472556, -31.708036 ], [ -60.472585, -31.708031 ], [ -60.472577, -31.707998 ], [ -60.472607, -31.707993 ] ] ] ] } },
{ "type": "Feature", "properties": { "ogc_fid": 691, "nivel": 0.0, "ncp": "0090620013010", "observ": null, "proy nro": 598, "partmuni": 46492, "expte": "/", "link": "https://tramiteobra.parana.gob.ar/menuAutorizada/informacionAutorizada/q1FFVjd49NkY51uFs282QUyaRQ", "sup proy": 94.9, "sup_graf": null, "proyecto": "598", "tramite": "APROBACIÓN", "tipo_obra": "OBRA CIVIL (Con factibilidad previa)" }, "geometry": { "type": "MultiPolygon", "coordinates": [ [ [ [ -60.496353, -31.773975 ], [ -60.496211, -31.773997 ], [ -60.496218, -31.774034 ], [ -60.496315, -31.774019 ], [ -60.496325, -31.774067 ], [ -60.49637, -31.77406 ], [ -60.496353, -31.773975 ] ] ] ] } },
{ "type": "Feature", "properties": { "ogc_fid": 692, "nivel": 1.0, "ncp": "0060070027002", "observ": null, "proy nro": 589, "partmuni": 62834, "expte": "29209/2025", "link": "https://tramiteobra.parana.gob.ar/menuAutorizada/informacionAutorizada/q1FFVjd49NkY51uFs282QUybRA", "sup proy": 257.57, "sup_graf": null, "proyecto": "589", "tramite": "APROBACIÓN", "tipo_obra": "OBRA CIVIL (Con factibilidad previa)" }, "geometry": { "type": "MultiPolygon", "coordinates": [ [ [ [ -60.524474, -31.760737 ], [ -60.52437, -31.760753 ], [ -60.524337, -31.760596 ], [ -60.524376, -31.76059 ], [ -60.524385, -31.760634 ], [ -60.52445, -31.760625 ], [ -60.524474, -31.760737 ] ] ] ] } },
{ "type": "Feature", "properties": { "ogc_fid": 693, "nivel": 11.0, "ncp": "0040000079046", "observ": null, "proy nro": 578, "partmuni": 9183, "expte": "22553/2025", "link": "https://tramiteobra.parana.gob.ar/menuAutorizada/informacionAutorizada/q1FFVjd49NkY51uFs282QUyURQ", "sup proy": 3733.045, "sup_graf": null, "proyecto": "578", "tramite": "FACTIBILIDAD", "tipo_obra": "OBRA CIVIL (Con factibilidad previa)" }, "geometry": { "type": "MultiPolygon", "coordinates": [ [ [ [ -60.535308, -31.727214 ], [ -60.535367, -31.727294 ], [ -60.535513, -31.727247 ], [ -60.535498, -31.727217 ], [ -60.535532, -31.727206 ], [ -60.535531, -31.727203 ], [ -60.535619, -31.727175 ], [ -60.535635, -31.727208 ], [ -60.535734, -31.727176 ], [ -60.53572, -31.72715 ], [ -60.535726, -31.727148 ], [ -60.535698, -31.727093 ], [ -60.535308, -31.727214 ] ] ] ] } },
{ "type": "Feature", "properties": { "ogc_fid": 340, "nivel": 0.0, "ncp": "0030000047042", "observ": null, "proy nro": 368, "partmuni": 23497, "expte": "7531/2025", "link": "https://tramiteobra.parana.gob.ar/menuAutorizada/informacionAutorizada/AehgKdj4ylT4vME-jzRzoTt_xg", "sup proy": 0.0, "sup_graf": 24, "proyecto": "368", "tramite": "APROBACIÓN", "tipo_obra": "OBRA CIVIL\t" }, "geometry": { "type": "MultiPolygon", "coordinates": [ [ [ [ -60.536688, -31.736268 ], [ -60.536674, -31.736272 ], [ -60.536693, -31.736315 ], [ -60.536741, -31.736299 ], [ -60.536722, -31.736257 ], [ -60.536688, -31.736268 ] ] ] ] } },
{ "type": "Feature", "properties": { "ogc_fid": 168, "nivel": 1.0, "ncp": "0120820005006", "observ": null, "proy nro": 267, "partmuni": 40597, "expte": "8358/2024", "link": "https://tramiteobra.parana.gob.ar/menuAutorizada/informacionAutorizada/AehgKdj4ylT4vME-jzRzoTp_yQ", "sup proy": 278.41, "sup_graf": 131, "proyecto": "267", "tramite": "APROBACIÓN", "tipo_obra": "OBRA CIVIL\t" }, "geometry": { "type": "MultiPolygon", "coordinates": [ [ [ [ -60.549931, -31.767831 ], [ -60.549922, -31.767788 ], [ -60.549893, -31.767792 ], [ -60.549896, -31.767804 ], [ -60.549748, -31.767825 ], [ -60.54975, -31.767833 ], [ -60.54976, -31.767831 ], [ -60.549774, -31.767898 ], [ -60.549925, -31.767877 ], [ -60.549916, -31.767833 ], [ -60.549931, -31.767831 ] ] ] ] } },
{ "type": "Feature", "properties": { "ogc_fid": 166, "nivel": 1.0, "ncp": "0090420020008", "observ": null, "proy nro": 274, "partmuni": 93535, "expte": "10381/2024", "link": "https://tramiteobra.parana.gob.ar/menuAutorizada/informacionAutorizada/AehgKdj4ylT4vME-jzRzoTp-yg", "sup proy": 95.33, "sup_graf": 96, "proyecto": "274", "tramite": "APROBACIÓN", "tipo_obra": "OBRA CIVIL\t" }, "geometry": { "type": "MultiPolygon", "coordinates": [ [ [ [ -60.485299, -31.744542 ], [ -60.485272, -31.744414 ], [ -60.485204, -31.744424 ], [ -60.48523, -31.744553 ], [ -60.485299, -31.744542 ] ] ] ] } },
{ "type": "Feature", "properties": { "ogc_fid": 164, "nivel": 0.0, "ncp": "0150730003004", "observ": null, "proy nro": 315, "partmuni": 48469, "expte": "26607/2024", "link": "https://tramiteobra.parana.gob.ar/menuAutorizada/informacionAutorizada/AehgKdj4ylT4vME-jzRzoTt4yw", "sup proy": 386.98, "sup_graf": 265, "proyecto": "315", "tramite": "APROBACIÓN", "tipo_obra": "OBRA CIVIL\t" }, "geometry": { "type": "MultiPolygon", "coordinates": [ [ [ [ -60.47637, -31.730559 ], [ -60.47633, -31.730565 ], [ -60.476349, -31.730655 ], [ -60.476483, -31.730635 ], [ -60.476479, -31.730613 ], [ -60.4765, -31.73061 ], [ -60.476553, -31.730602 ], [ -60.476557, -31.730624 ], [ -60.476623, -31.730614 ], [ -60.476618, -31.730592 ], [ -60.476648, -31.730588 ], [ -60.476643, -31.730563 ], [ -60.47663, -31.730565 ], [ -60.476625, -31.730541 ], [ -60.476608, -31.730543 ], [ -60.476602, -31.730513 ], [ -60.476427, -31.730539 ], [ -60.476435, -31.730578 ], [ -60.476376, -31.730587 ], [ -60.47637, -31.730559 ] ] ] ] } },
{ "type": "Feature", "properties": { "ogc_fid": 333, "nivel": 0.0, "ncp": "0121210007004", "observ": null, "proy nro": 416, "partmuni": 55280, "expte": "5032/2025", "link": "https://tramiteobra.parana.gob.ar/menuAutorizada/informacionAutorizada/AehgKdj4ylT4vME-jzRzoTx4yA", "sup proy": 0.0, "sup_graf": 94, "proyecto": "416", "tramite": "APROBACIÓN", "tipo_obra": "OBRA CIVIL\t" }, "geometry": { "type": "MultiPolygon", "coordinates": [ [ [ [ -60.507833, -31.780884 ], [ -60.507796, -31.78089 ], [ -60.507803, -31.780921 ], [ -60.507753, -31.780929 ], [ -60.507772, -31.781016 ], [ -60.507858, -31.781002 ], [ -60.507833, -31.780884 ] ] ] ] } },
{ "type": "Feature", "properties": { "ogc_fid": 179, "nivel": 0.0, "ncp": "0121560008014", "observ": null, "proy nro": 332, "partmuni": 40454, "expte": "26988/2024", "link": "https://tramiteobra.parana.gob.ar/menuAutorizada/informacionAutorizada/AehgKdj4ylT4vME-jzRzoTt6zA", "sup proy": 105.95, "sup_graf": 76, "proyecto": "332", "tramite": "APROBACIÓN", "tipo_obra": "OBRA CIVIL\t" }, "geometry": { "type": "MultiPolygon", "coordinates": [ [ [ [ -60.492643, -31.787537 ], [ -60.492662, -31.787534 ], [ -60.492663, -31.78754 ], [ -60.49269, -31.787536 ], [ -60.492664, -31.787411 ], [ -60.492607, -31.78742 ], [ -60.492613, -31.787449 ], [ -60.492592, -31.787452 ], [ -60.492599, -31.787485 ], [ -60.49263, -31.78748 ], [ -60.492643, -31.787537 ] ] ] ] } },
{ "type": "Feature", "properties": { "ogc_fid": 339, "nivel": 1.0, "ncp": "0030000047042", "observ": null, "proy nro": 368, "partmuni": 23497, "expte": "7531/2025", "link": "https://tramiteobra.parana.gob.ar/menuAutorizada/informacionAutorizada/AehgKdj4ylT4vME-jzRzoTt_xg", "sup proy": 0.0, "sup_graf": 13, "proyecto": "368", "tramite": "APROBACIÓN", "tipo_obra": "OBRA CIVIL\t" }, "geometry": { "type": "MultiPolygon", "coordinates": [ [ [ [ -60.536708, -31.736225 ], [ -60.536674, -31.736236 ], [ -60.536688, -31.736268 ], [ -60.536722, -31.736257 ], [ -60.536708, -31.736225 ] ] ] ] } },
{ "type": "Feature", "properties": { "ogc_fid": 167, "nivel": 0.0, "ncp": "0150750001032", "observ": null, "proy nro": 273, "partmuni": 44226, "expte": "6857/2024", "link": "https://tramiteobra.parana.gob.ar/menuAutorizada/informacionAutorizada/AehgKdj4ylT4vME-jzRzoTp-zQ", "sup proy": 124.96, "sup_graf": 129, "proyecto": "273", "tramite": "APROBACIÓN", "tipo_obra": "OBRA CIVIL\t" }, "geometry": { "type": "MultiPolygon", "coordinates": [ [ [ [ -60.474797, -31.719594 ], [ -60.474778, -31.719596 ], [ -60.474783, -31.719617 ], [ -60.4747, -31.719629 ], [ -60.474707, -31.719665 ], [ -60.474734, -31.719661 ], [ -60.474741, -31.719693 ], [ -60.474729, -31.719695 ], [ -60.47474, -31.71975 ], [ -60.474789, -31.719743 ], [ -60.474792, -31.71976 ], [ -60.474832, -31.719754 ], [ -60.474797, -31.719594 ] ] ] ] } },
{ "type": "Feature", "properties": { "ogc_fid": 338, "nivel": 1.0, "ncp": "0030000047043", "observ": null, "proy nro": 367, "partmuni": 17576, "expte": "7532/2025", "link": "https://tramiteobra.parana.gob.ar/menuAutorizada/informacionAutorizada/DhnkYICkSuhs_SbBWT8eWjSlnA", "sup proy": 49.825, "sup_graf": 39, "proyecto": "367", "tramite": "APROBACIÓN", "tipo_obra": "OBRA CIVIL\t" }, "geometry": { "type": "MultiPolygon", "coordinates": [ [ [ [ -60.536688, -31.736183 ], [ -60.536627, -31.736201 ], [ -60.536638, -31.736225 ], [ -60.536634, -31.736226 ], [ -60.536639, -31.736237 ], [ -60.536619, -31.736244 ], [ -60.53663, -31.736267 ], [ -60.536681, -31.736251 ], [ -60.536674, -31.736236 ], [ -60.536669, -31.736225 ], [ -60.536703, -31.736214 ], [ -60.536688, -31.736183 ] ] ] ] } },
{ "type": "Feature", "properties": { "ogc_fid": 169, "nivel": 1.0, "ncp": "0060850010024", "observ": null, "proy nro": 264, "partmuni": 41418, "expte": "10380/2024", "link": "https://tramiteobra.parana.gob.ar/menuAutorizada/informacionAutorizada/AehgKdj4ylT4vME-jzRzoTp_yg", "sup proy": 217.35, "sup_graf": 134, "proyecto": "264", "tramite": "APROBACIÓN", "tipo_obra": "OBRA CIVIL\t" }, "geometry": { "type": "MultiPolygon", "coordinates": [ [ [ [ -60.535175, -31.772298 ], [ -60.535092, -31.772311 ], [ -60.535098, -31.772339 ], [ -60.535004, -31.772354 ], [ -60.535017, -31.772412 ], [ -60.535171, -31.772388 ], [ -60.535167, -31.772372 ], [ -60.535191, -31.772369 ], [ -60.535175, -31.772298 ] ] ] ] } },
{ "type": "Feature", "properties": { "ogc_fid": 170, "nivel": 0.0, "ncp": "0060850010024", "observ": null, "proy nro": 264, "partmuni": 41418, "expte": "10380/2024", "link": "https://tramiteobra.parana.gob.ar/menuAutorizada/informacionAutorizada/AehgKdj4ylT4vME-jzRzoTp_yg", "sup proy": 217.35, "sup_graf": 35, "proyecto": "264", "tramite": "APROBACIÓN", "tipo_obra": "OBRA CIVIL\t" }, "geometry": { "type": "MultiPolygon", "coordinates": [ [ [ [ -60.535017, -31.772412 ], [ -60.53501, -31.772381 ], [ -60.534906, -31.772398 ], [ -60.534912, -31.772429 ], [ -60.535017, -31.772412 ] ] ] ] } },
{ "type": "Feature", "properties": { "ogc_fid": 165, "nivel": 0.0, "ncp": "0121140011010", "observ": null, "proy nro": 279, "partmuni": 41379, "expte": "11455/2024", "link": "https://tramiteobra.parana.gob.ar/menuAutorizada/informacionAutorizada/AehgKdj4ylT4vME-jzRzoTp-xw", "sup proy": 95.61, "sup_graf": 136, "proyecto": "279", "tramite": "APROBACIÓN", "tipo_obra": "OBRA CIVIL\t" }, "geometry": { "type": "MultiPolygon", "coordinates": [ [ [ [ -60.544485, -31.774619 ], [ -60.544522, -31.774751 ], [ -60.544568, -31.77474 ], [ -60.544562, -31.774712 ], [ -60.544622, -31.774703 ], [ -60.5446, -31.774602 ], [ -60.544563, -31.774608 ], [ -60.544566, -31.774622 ], [ -60.544548, -31.774625 ], [ -60.544542, -31.774605 ], [ -60.544485, -31.774619 ] ] ] ] } },
{ "type": "Feature", "properties": { "ogc_fid": 696, "nivel": 0.0, "ncp": "0121900001020", "observ": null, "proy nro": 928, "partmuni": 44156, "expte": "/", "link": "https://tramiteobra.parana.gob.ar/menuAutorizada/informacionAutorizada/FtmK_dBdhQkTYNALPQbvM5m63A", "sup proy": 1155.0, "sup_graf": null, "proyecto": "928", "tramite": "FACTIBILIDAD", "tipo_obra": "OBRA CIVIL (Con factibilidad previa)" }, "geometry": { "type": "MultiPolygon", "coordinates": [ [ [ [ -60.508525, -31.789981 ], [ -60.508341, -31.790008 ], [ -60.508242, -31.789535 ], [ -60.508424, -31.789507 ], [ -60.508525, -31.789981 ] ] ] ] } },
{ "type": "Feature", "properties": { "ogc_fid": 761, "nivel": 0.0, "ncp": "0150780001002", "observ": null, "proy nro": 923, "partmuni": 130909, "expte": "/", "link": "https://tramiteobra.parana.gob.ar/menuAutorizada/informacionAutorizada/Qj2uEVAf2oSOjEu_O_FHn5pM-w", "sup proy": 173.3, "sup_graf": null, "proyecto": "923", "tramite": "APROBACIÓN", "tipo_obra": "OBRA CIVIL" }, "geometry": { "type": "MultiPolygon", "coordinates": [ [ [ [ -60.472607, -31.707993 ], [ -60.472645, -31.707986 ], [ -60.472655, -31.708026 ], [ -60.472586, -31.708037 ], [ -60.472585, -31.708031 ], [ -60.472577, -31.707998 ], [ -60.472607, -31.707993 ] ] ] ] } },
{ "type": "Feature", "properties": { "ogc_fid": 962, "nivel": 0.0, "ncp": "0150780001002", "observ": null, "proy nro": 923, "partmuni": 130909, "expte": "/", "link": "https://tramiteobra.parana.gob.ar/menuAutorizada/informacionAutorizada/Qj2uEVAf2oSOjEu_O_FHn5pM-w", "sup proy": 173.3, "sup_graf": null, "proyecto": "923", "tramite": "APROBACIÓN", "tipo_obra": "OBRA CIVIL" }, "geometry": { "type": "MultiPolygon", "coordinates": [ [ [ [ -60.472429, -31.708023 ], [ -60.472548, -31.708003 ], [ -60.472556, -31.708036 ], [ -60.472557, -31.708042 ], [ -60.472438, -31.708062 ], [ -60.472429, -31.708023 ] ] ] ] } },
{ "type": "Feature", "properties": { "ogc_fid": 606, "nivel": 0.0, "ncp": "0121170004016", "observ": null, "proy nro": 865, "partmuni": 55246, "expte": "11932/2026", "link": "https://tramiteobra.parana.gob.ar/menuAutorizada/informacionAutorizada/cqbRqEsPtpQ6l4sJcUBi4fXdrw", "sup proy": 252.535, "sup_graf": null, "proyecto": "865", "tramite": "APROBACIÓN", "tipo_obra": "OBRA CIVIL" }, "geometry": { "type": "MultiPolygon", "coordinates": [ [ [ [ -60.525737, -31.776623 ], [ -60.525686, -31.77663 ], [ -60.525705, -31.776718 ], [ -60.525756, -31.77671 ], [ -60.525737, -31.776623 ] ] ] ] } },
{ "type": "Feature", "properties": { "ogc_fid": 607, "nivel": 0.0, "ncp": "0090380017043", "observ": null, "proy nro": 895, "partmuni": 92792, "expte": "7999/2026", "link": "https://tramiteobra.parana.gob.ar/menuAutorizada/informacionAutorizada/Ib8TLBoOeoLTbKyrv96lStPaVA", "sup proy": 90.62, "sup_graf": null, "proyecto": "895", "tramite": "APROBACIÓN", "tipo_obra": "OBRA CIVIL" }, "geometry": { "type": "MultiPolygon", "coordinates": [ [ [ [ -60.489781, -31.764707 ], [ -60.489756, -31.764589 ], [ -60.48969, -31.764599 ], [ -60.489715, -31.764718 ], [ -60.489781, -31.764707 ] ] ] ] } },
{ "type": "Feature", "properties": { "ogc_fid": 641, "nivel": 0.0, "ncp": "0150690001001", "observ": null, "proy nro": 916, "partmuni": 48405, "expte": "12998/2026", "link": "https://tramiteobra.parana.gob.ar/menuAutorizada/informacionAutorizada/CgRw8S_TFTxu7fuD0I55XSDIJQ", "sup proy": 0.0, "sup_graf": null, "proyecto": "916", "tramite": "APROBACIÓN", "tipo_obra": "OBRA CIVIL" }, "geometry": { "type": "MultiPolygon", "coordinates": [ [ [ [ -60.499244, -31.726009 ], [ -60.499201, -31.725817 ], [ -60.498826, -31.725871 ], [ -60.498869, -31.726063 ], [ -60.499244, -31.726009 ] ] ] ] } },
{ "type": "Feature", "properties": { "ogc_fid": 643, "nivel": 1.0, "ncp": "0090360017012", "observ": null, "proy nro": 888, "partmuni": 80689, "expte": "11575/2026", "link": "https://tramiteobra.parana.gob.ar/menuAutorizada/informacionAutorizada/CgRw8S_TFTxu7fuD0I55XSHBKw", "sup proy": 26.0, "sup_graf": null, "proyecto": "888", "tramite": "APROBACIÓN", "tipo_obra": "OBRA CIVIL" }, "geometry": { "type": "MultiPolygon", "coordinates": [ [ [ [ -60.495806, -31.769912 ], [ -60.495778, -31.7698 ], [ -60.495802, -31.769797 ], [ -60.495809, -31.769825 ], [ -60.495836, -31.76982 ], [ -60.495837, -31.769823 ], [ -60.495888, -31.769815 ], [ -60.495905, -31.769885 ], [ -60.495854, -31.769892 ], [ -60.495857, -31.769905 ], [ -60.495806, -31.769912 ] ] ] ] } },
{ "type": "Feature", "properties": { "ogc_fid": 360, "nivel": 0.0, "ncp": "0143110001010", "observ": null, "proy nro": 303, "partmuni": 43037, "expte": "1552/2025", "link": "https://tramiteobra.parana.gob.ar/menu/informacionAutorizada/wMS9CyLbTvvogYhUaDqXy11ydw", "sup proy": 4800.0, "sup_graf": 198, "proyecto": "303", "tramite": "APROBACIÓN", "tipo_obra": "OBRA CIVIL (Con factibilidad previa)\t" }, "geometry": { "type": "MultiPolygon", "coordinates": [ [ [ [ -60.433128, -31.738827 ], [ -60.433247, -31.738809 ], [ -60.433279, -31.738961 ], [ -60.433159, -31.73898 ], [ -60.433128, -31.738827 ] ] ] ] } },
{ "type": "Feature", "properties": { "ogc_fid": 644, "nivel": 0.0, "ncp": "0090360017012", "observ": null, "proy nro": 888, "partmuni": 80689, "expte": "11575/2026", "link": "https://tramiteobra.parana.gob.ar/menuAutorizada/informacionAutorizada/CgRw8S_TFTxu7fuD0I55XSHBKw", "sup proy": 26.0, "sup_graf": null, "proyecto": "888", "tramite": "APROBACIÓN", "tipo_obra": "OBRA CIVIL" }, "geometry": { "type": "MultiPolygon", "coordinates": [ [ [ [ -60.495778, -31.7698 ], [ -60.495769, -31.769765 ], [ -60.495871, -31.769749 ], [ -60.495881, -31.76979 ], [ -60.49583, -31.769799 ], [ -60.495836, -31.76982 ], [ -60.495809, -31.769825 ], [ -60.495802, -31.769797 ], [ -60.495778, -31.7698 ] ] ] ] } },
{ "type": "Feature", "properties": { "ogc_fid": 361, "nivel": 0.0, "ncp": "0143110001010", "observ": null, "proy nro": 303, "partmuni": 43037, "expte": "1552/2025", "link": "https://tramiteobra.parana.gob.ar/menu/informacionAutorizada/wMS9CyLbTvvogYhUaDqXy11ydw", "sup proy": 4800.0, "sup_graf": 199, "proyecto": "303", "tramite": "APROBACIÓN", "tipo_obra": "OBRA CIVIL (Con factibilidad previa)\t" }, "geometry": { "type": "MultiPolygon", "coordinates": [ [ [ [ -60.433504, -31.738769 ], [ -60.433384, -31.738788 ], [ -60.433416, -31.738941 ], [ -60.433536, -31.738922 ], [ -60.433504, -31.738769 ] ] ] ] } },
{ "type": "Feature", "properties": { "ogc_fid": 362, "nivel": 0.0, "ncp": "0143110001010", "observ": null, "proy nro": 303, "partmuni": 43037, "expte": "1552/2025", "link": "https://tramiteobra.parana.gob.ar/menu/informacionAutorizada/wMS9CyLbTvvogYhUaDqXy11ydw", "sup proy": 4800.0, "sup_graf": 199, "proyecto": "303", "tramite": "APROBACIÓN", "tipo_obra": "OBRA CIVIL (Con factibilidad previa)\t" }, "geometry": { "type": "MultiPolygon", "coordinates": [ [ [ [ -60.433504, -31.738769 ], [ -60.433624, -31.738751 ], [ -60.433656, -31.738903 ], [ -60.433536, -31.738922 ], [ -60.433504, -31.738769 ] ] ] ] } },
{ "type": "Feature", "properties": { "ogc_fid": 183, "nivel": 0.0, "ncp": "0121140011012", "observ": null, "proy nro": 291, "partmuni": 41658, "expte": "12040/2024", "link": "https://tramiteobra.parana.gob.ar/menuAutorizada/informacionAutorizada/AehgKdj4ylT4vME-jzRzoTpwzw", "sup proy": 72.82, "sup_graf": 66, "proyecto": "291", "tramite": "APROBACIÓN", "tipo_obra": "OBRA CIVIL\t" }, "geometry": { "type": "MultiPolygon", "coordinates": [ [ [ [ -60.545591, -31.774724 ], [ -60.545558, -31.77473 ], [ -60.545555, -31.774715 ], [ -60.545516, -31.774721 ], [ -60.545534, -31.774806 ], [ -60.545572, -31.774799 ], [ -60.545575, -31.774814 ], [ -60.545609, -31.774809 ], [ -60.545591, -31.774724 ] ] ] ] } },
{ "type": "Feature", "properties": { "ogc_fid": 181, "nivel": 1.0, "ncp": "0070340018004", "observ": null, "proy nro": 314, "partmuni": 43793, "expte": "12403/2024", "link": "https://tramiteobra.parana.gob.ar/menuAutorizada/informacionAutorizada/AehgKdj4ylT4vME-jzRzoTt4yg", "sup proy": 160.9, "sup_graf": 102, "proyecto": "314", "tramite": "APROBACIÓN", "tipo_obra": "OBRA CIVIL (Con factibilidad previa)\t" }, "geometry": { "type": "MultiPolygon", "coordinates": [ [ [ [ -60.506839, -31.766801 ], [ -60.506763, -31.766813 ], [ -60.506767, -31.766837 ], [ -60.506753, -31.766839 ], [ -60.506762, -31.766881 ], [ -60.506772, -31.766879 ], [ -60.506778, -31.766903 ], [ -60.506857, -31.76689 ], [ -60.506882, -31.766886 ], [ -60.506876, -31.766857 ], [ -60.506863, -31.766859 ], [ -60.506857, -31.766828 ], [ -60.50687, -31.766826 ], [ -60.506864, -31.766797 ], [ -60.506839, -31.766801 ] ] ] ] } },
{ "type": "Feature", "properties": { "ogc_fid": 182, "nivel": 1.0, "ncp": "0080430012006", "observ": null, "proy nro": 310, "partmuni": 13907, "expte": "14544/2024", "link": "https://tramiteobra.parana.gob.ar/menuAutorizada/informacionAutorizada/AehgKdj4ylT4vME-jzRzoTt4zg", "sup proy": 215.48, "sup_graf": 109, "proyecto": "310", "tramite": "APROBACIÓN", "tipo_obra": "OBRA CIVIL (Con factibilidad previa)\t" }, "geometry": { "type": "MultiPolygon", "coordinates": [ [ [ [ -60.511732, -31.721273 ], [ -60.511701, -31.721122 ], [ -60.511634, -31.721133 ], [ -60.511667, -31.721284 ], [ -60.511732, -31.721273 ] ] ] ] } },
{ "type": "Feature", "properties": { "ogc_fid": 184, "nivel": 0.0, "ncp": "0090900017010", "observ": null, "proy nro": 244, "partmuni": 90463, "expte": "17008/2024", "link": "https://tramiteobra.parana.gob.ar/menuAutorizada/informacionAutorizada/AehgKdj4ylT4vME-jzRzoTp9yg", "sup proy": 318.84, "sup_graf": 144, "proyecto": "244", "tramite": "APROBACIÓN", "tipo_obra": "OBRA CIVIL (Con factibilidad previa)\t" }, "geometry": { "type": "MultiPolygon", "coordinates": [ [ [ [ -60.502029, -31.777932 ], [ -60.501994, -31.777789 ], [ -60.501961, -31.777795 ], [ -60.501966, -31.777817 ], [ -60.501888, -31.77783 ], [ -60.501902, -31.77789 ], [ -60.501954, -31.777945 ], [ -60.502029, -31.777932 ] ] ] ] } },
{ "type": "Feature", "properties": { "ogc_fid": 193, "nivel": 0.0, "ncp": "0132010002001", "observ": null, "proy nro": 173, "partmuni": 51988, "expte": "4572/2024", "link": "https://tramiteobra.parana.gob.ar/menuAutorizada/informacionAutorizada/AehgKdj4ylT4vME-jzRzoTl-zQ", "sup proy": 0.0, "sup_graf": 2628, "proyecto": "173", "tramite": "APROBACIÓN", "tipo_obra": "OBRA CIVIL (Con factibilidad previa)\t" }, "geometry": { "type": "MultiPolygon", "coordinates": [ [ [ [ -60.461406, -31.777373 ], [ -60.461154, -31.777274 ], [ -60.461069, -31.777443 ], [ -60.461076, -31.777446 ], [ -60.461055, -31.777487 ], [ -60.461048, -31.777485 ], [ -60.460985, -31.777611 ], [ -60.460991, -31.777614 ], [ -60.460969, -31.777656 ], [ -60.460964, -31.777654 ], [ -60.460899, -31.77778 ], [ -60.460905, -31.777782 ], [ -60.460884, -31.777824 ], [ -60.460877, -31.777822 ], [ -60.460814, -31.777947 ], [ -60.460822, -31.77795 ], [ -60.4608, -31.777992 ], [ -60.460794, -31.777989 ], [ -60.460729, -31.778115 ], [ -60.460977, -31.778213 ], [ -60.461406, -31.777373 ] ] ] ] } },
{ "type": "Feature", "properties": { "ogc_fid": 207, "nivel": 1.0, "ncp": "0121190008003", "observ": null, "proy nro": 372, "partmuni": 87541, "expte": "18760/2024", "link": "https://tramiteobra.parana.gob.ar/menu/informacionAutorizada/OJAemlk4sszYbo086aeakI4r1g", "sup proy": 42.85, "sup_graf": 111, "proyecto": "372", "tramite": "APROBACIÓN", "tipo_obra": "OBRA CIVIL\t" }, "geometry": { "type": "MultiPolygon", "coordinates": [ [ [ [ -60.51538, -31.779132 ], [ -60.51536, -31.779238 ], [ -60.515374, -31.77924 ], [ -60.51537, -31.779263 ], [ -60.515411, -31.779268 ], [ -60.515414, -31.779253 ], [ -60.515446, -31.779257 ], [ -60.515468, -31.77914 ], [ -60.515436, -31.779136 ], [ -60.515434, -31.779149 ], [ -60.515418, -31.779148 ], [ -60.51542, -31.779138 ], [ -60.51538, -31.779132 ] ] ] ] } },
{ "type": "Feature", "properties": { "ogc_fid": 208, "nivel": 0.0, "ncp": "0121190008003", "observ": null, "proy nro": 372, "partmuni": 87541, "expte": "18760/2024", "link": "https://tramiteobra.parana.gob.ar/menu/informacionAutorizada/OJAemlk4sszYbo086aeakI4r1g", "sup proy": 42.85, "sup_graf": 33, "proyecto": "372", "tramite": "APROBACIÓN", "tipo_obra": "OBRA CIVIL\t" }, "geometry": { "type": "MultiPolygon", "coordinates": [ [ [ [ -60.515432, -31.77932 ], [ -60.515347, -31.779308 ], [ -60.515341, -31.779344 ], [ -60.515426, -31.779356 ], [ -60.515432, -31.77932 ] ] ] ] } },
{ "type": "Feature", "properties": { "ogc_fid": 209, "nivel": 0.0, "ncp": "0150230015016", "observ": null, "proy nro": 354, "partmuni": 42116, "expte": "20805/2024", "link": "https://tramiteobra.parana.gob.ar/menu/informacionAutorizada/OJAemlk4sszYbo086aeakI4p0A", "sup proy": 303.42, "sup_graf": 256, "proyecto": "354", "tramite": "APROBACIÓN", "tipo_obra": "OBRA CIVIL\t" }, "geometry": { "type": "MultiPolygon", "coordinates": [ [ [ [ -60.484599, -31.711916 ], [ -60.48456, -31.711922 ], [ -60.484549, -31.711869 ], [ -60.484469, -31.711881 ], [ -60.48448, -31.711933 ], [ -60.484443, -31.711938 ], [ -60.484371, -31.711948 ], [ -60.484386, -31.712013 ], [ -60.484344, -31.712019 ], [ -60.484348, -31.712035 ], [ -60.484619, -31.711997 ], [ -60.484603, -31.711916 ], [ -60.484599, -31.711916 ] ] ] ] } },
{ "type": "Feature", "properties": { "ogc_fid": 210, "nivel": 0.0, "ncp": "0070530018023", "observ": null, "proy nro": 363, "partmuni": 65976, "expte": "18592/2024", "link": "https://tramiteobra.parana.gob.ar/menu/informacionAutorizada/OJAemlk4sszYbo086aeakI4q1w", "sup proy": 59.5, "sup_graf": 196, "proyecto": "363", "tramite": "APROBACIÓN", "tipo_obra": "OBRA CIVIL\t" }, "geometry": { "type": "MultiPolygon", "coordinates": [ [ [ [ -60.513397, -31.756586 ], [ -60.513295, -31.756602 ], [ -60.513344, -31.756818 ], [ -60.513396, -31.75681 ], [ -60.513378, -31.756729 ], [ -60.513427, -31.756722 ], [ -60.513397, -31.756586 ] ] ] ] } },
{ "type": "Feature", "properties": { "ogc_fid": 192, "nivel": 0.0, "ncp": "0090930001005", "observ": null, "proy nro": 243, "partmuni": 25478, "expte": "7600/2024", "link": "https://tramiteobra.parana.gob.ar/menuAutorizada/informacionAutorizada/AehgKdj4ylT4vME-jzRzoTp9zQ", "sup proy": 1034.0, "sup_graf": 1155, "proyecto": "243", "tramite": "APROBACIÓN", "tipo_obra": "OBRA CIVIL (Con factibilidad previa)\t" }, "geometry": { "type": "MultiPolygon", "coordinates": [ [ [ [ -60.489288, -31.777555 ], [ -60.489014, -31.777597 ], [ -60.489096, -31.777987 ], [ -60.489369, -31.777945 ], [ -60.489288, -31.777555 ] ] ] ] } },
{ "type": "Feature", "properties": { "ogc_fid": 185, "nivel": 1.0, "ncp": "0040000021037", "observ": null, "proy nro": 254, "partmuni": 1966, "expte": "9022/2024", "link": "https://tramiteobra.parana.gob.ar/menuAutorizada/informacionAutorizada/AehgKdj4ylT4vME-jzRzoTp8yg", "sup proy": 4808.69, "sup_graf": 286, "proyecto": "254", "tramite": "FACTIBILIDAD", "tipo_obra": "OBRA CIVIL (Con factibilidad previa)\t" }, "geometry": { "type": "MultiPolygon", "coordinates": [ [ [ [ -60.52747, -31.722794 ], [ -60.527508, -31.72288 ], [ -60.527786, -31.722795 ], [ -60.527748, -31.722708 ], [ -60.52747, -31.722794 ] ] ] ] } },
{ "type": "Feature", "properties": { "ogc_fid": 186, "nivel": 0.0, "ncp": "0040000021037", "observ": null, "proy nro": 254, "partmuni": 1966, "expte": "9022/2024", "link": "https://tramiteobra.parana.gob.ar/menuAutorizada/informacionAutorizada/AehgKdj4ylT4vME-jzRzoTp8yg", "sup proy": 4808.69, "sup_graf": 916, "proyecto": "254", "tramite": "FACTIBILIDAD", "tipo_obra": "OBRA CIVIL (Con factibilidad previa)\t" }, "geometry": { "type": "MultiPolygon", "coordinates": [ [ [ [ -60.52747, -31.722794 ], [ -60.526952, -31.72295 ], [ -60.526955, -31.722996 ], [ -60.526979, -31.723054 ], [ -60.527015, -31.72311 ], [ -60.527432, -31.722987 ], [ -60.527406, -31.722915 ], [ -60.527508, -31.72288 ], [ -60.52747, -31.722794 ] ] ] ] } },
{ "type": "Feature", "properties": { "ogc_fid": 382, "nivel": 1.0, "ncp": "0150830001006", "observ": null, "proy nro": 570, "partmuni": 49953, "expte": "10528/2025", "link": "https://tramiteobra.parana.gob.ar/menuAutorizada/informacionAutorizada/z-yyDEVXLayetp2zJw3FLNjzPA", "sup proy": 1003.3, "sup_graf": null, "proyecto": "570", "tramite": "APROBACIÓN", "tipo_obra": "OBRA CIVIL (Con factibilidad previa)\t" }, "geometry": { "type": "MultiPolygon", "coordinates": [ [ [ [ -60.488743, -31.716205 ], [ -60.488716, -31.716078 ], [ -60.489084, -31.716021 ], [ -60.489111, -31.716148 ], [ -60.488743, -31.716205 ] ] ] ] } },
{ "type": "Feature", "properties": { "ogc_fid": 187, "nivel": 2.0, "ncp": "0040000016040", "observ": null, "proy nro": 272, "partmuni": 28085, "expte": "14302/2024", "link": "https://tramiteobra.parana.gob.ar/menuAutorizada/informacionAutorizada/AehgKdj4ylT4vME-jzRzoTp-zA", "sup proy": 210.93, "sup_graf": 93, "proyecto": "272", "tramite": "APROBACIÓN", "tipo_obra": "OBRA CIVIL (Con factibilidad previa)\t" }, "geometry": { "type": "MultiPolygon", "coordinates": [ [ [ [ -60.53375, -31.721456 ], [ -60.533715, -31.721408 ], [ -60.533619, -31.721459 ], [ -60.533625, -31.721467 ], [ -60.533588, -31.721487 ], [ -60.533596, -31.7215 ], [ -60.533583, -31.721507 ], [ -60.533603, -31.721532 ], [ -60.53375, -31.721456 ] ] ] ] } },
{ "type": "Feature", "properties": { "ogc_fid": 700, "nivel": 0.0, "ncp": "0100020001017", "observ": null, "proy nro": 911, "partmuni": 86945, "expte": "/", "link": "https://tramiteobra.parana.gob.ar/menuAutorizada/informacionAutorizada/OLdp_m8afLVTuNrVyUg752r0CQ", "sup proy": 4076.79, "sup_graf": null, "proyecto": "911", "tramite": "FACTIBILIDAD", "tipo_obra": "OBRA CIVIL (Con factibilidad previa)" }, "geometry": { "type": "MultiPolygon", "coordinates": [ [ [ [ -60.547863, -31.710116 ], [ -60.547828, -31.710006 ], [ -60.547524, -31.710101 ], [ -60.547559, -31.710212 ], [ -60.547863, -31.710116 ] ] ] ] } },
{ "type": "Feature", "properties": { "ogc_fid": 701, "nivel": 0.0, "ncp": "0100020001017", "observ": "", "proy nro": 911, "partmuni": 86945, "expte": "/", "link": "https://tramiteobra.parana.gob.ar/menuAutorizada/informacionAutorizada/OLdp_m8afLVTuNrVyUg752r0CQ", "sup proy": 4076.79, "sup_graf": null, "proyecto": "911", "tramite": "FACTIBILIDAD", "tipo_obra": "OBRA CIVIL (Con factibilidad previa)" }, "geometry": { "type": "MultiPolygon", "coordinates": [ [ [ [ -60.548803, -31.709823 ], [ -60.548769, -31.709713 ], [ -60.548468, -31.709805 ], [ -60.548501, -31.709916 ], [ -60.548803, -31.709823 ] ] ] ] } },
{ "type": "Feature", "properties": { "ogc_fid": 702, "nivel": 0.0, "ncp": "0100020001017", "observ": null, "proy nro": 911, "partmuni": 86945, "expte": "/", "link": "https://tramiteobra.parana.gob.ar/menuAutorizada/informacionAutorizada/OLdp_m8afLVTuNrVyUg752r0CQ", "sup proy": 4076.79, "sup_graf": null, "proyecto": "911", "tramite": "FACTIBILIDAD", "tipo_obra": "OBRA CIVIL (Con factibilidad previa)" }, "geometry": { "type": "MultiPolygon", "coordinates": [ [ [ [ -60.549273, -31.709677 ], [ -60.549239, -31.709563 ], [ -60.548938, -31.70966 ], [ -60.548973, -31.709771 ], [ -60.549273, -31.709677 ] ] ] ] } },
{ "type": "Feature", "properties": { "ogc_fid": 703, "nivel": 0.0, "ncp": "0100020001017", "observ": null, "proy nro": 911, "partmuni": 86945, "expte": "/", "link": "https://tramiteobra.parana.gob.ar/menuAutorizada/informacionAutorizada/OLdp_m8afLVTuNrVyUg752r0CQ", "sup proy": 4076.79, "sup_graf": null, "proyecto": "911", "tramite": "FACTIBILIDAD", "tipo_obra": "OBRA CIVIL (Con factibilidad previa)" }, "geometry": { "type": "MultiPolygon", "coordinates": [ [ [ [ -60.549533, -31.709597 ], [ -60.549478, -31.709407 ], [ -60.549304, -31.709459 ], [ -60.549362, -31.709649 ], [ -60.549533, -31.709597 ] ] ] ] } },
{ "type": "Feature", "properties": { "ogc_fid": 545, "nivel": 0.0, "ncp": "0150200001007", "observ": null, "proy nro": 740, "partmuni": 40331, "expte": "28933/2025", "link": "https://tramiteobra.parana.gob.ar/menuAutorizada/informacionAutorizada/hR2SjnS17lPn1kYajUspYwbs0Q", "sup proy": 191.27, "sup_graf": null, "proyecto": "740", "tramite": "APROBACIÓN", "tipo_obra": "OBRA CIVIL" }, "geometry": { "type": "MultiPolygon", "coordinates": [ [ [ [ -60.489833, -31.723259 ], [ -60.489721, -31.723277 ], [ -60.489709, -31.723223 ], [ -60.489666, -31.72323 ], [ -60.489657, -31.723192 ], [ -60.489599, -31.723201 ], [ -60.489629, -31.723339 ], [ -60.489843, -31.723304 ], [ -60.489833, -31.723259 ] ] ] ] } },
{ "type": "Feature", "properties": { "ogc_fid": 546, "nivel": 1.0, "ncp": "0090740006019", "observ": null, "proy nro": 738, "partmuni": 91016, "expte": "/", "link": "https://tramiteobra.parana.gob.ar/menuAutorizada/informacionAutorizada/hR2SjnS17lPn1kYajUspYwbr2Q", "sup proy": 278.72, "sup_graf": null, "proyecto": "738", "tramite": "APROBACIÓN", "tipo_obra": "OBRA CIVIL" }, "geometry": { "type": "MultiPolygon", "coordinates": [ [ [ [ -60.502881, -31.756455 ], [ -60.503005, -31.756419 ], [ -60.503015, -31.756445 ], [ -60.503009, -31.756446 ], [ -60.503019, -31.756471 ], [ -60.503013, -31.756473 ], [ -60.503023, -31.756498 ], [ -60.502899, -31.756533 ], [ -60.502889, -31.756509 ], [ -60.502896, -31.756507 ], [ -60.502886, -31.756482 ], [ -60.502892, -31.75648 ], [ -60.502881, -31.756455 ] ] ] ] } },
{ "type": "Feature", "properties": { "ogc_fid": 704, "nivel": 0.0, "ncp": "0100020001017", "observ": null, "proy nro": 911, "partmuni": 86945, "expte": "/", "link": "https://tramiteobra.parana.gob.ar/menuAutorizada/informacionAutorizada/OLdp_m8afLVTuNrVyUg752r0CQ", "sup proy": 4076.79, "sup_graf": null, "proyecto": "911", "tramite": "FACTIBILIDAD", "tipo_obra": "OBRA CIVIL (Con factibilidad previa)" }, "geometry": { "type": "MultiPolygon", "coordinates": [ [ [ [ -60.55289, -31.707962 ], [ -60.55286, -31.707923 ], [ -60.551925, -31.708414 ], [ -60.551959, -31.708454 ], [ -60.55289, -31.707962 ] ] ] ] } },
{ "type": "Feature", "properties": { "ogc_fid": 389, "nivel": 0.0, "ncp": "0010000036013", "observ": null, "proy nro": 595, "partmuni": 9071, "expte": "16856/2025", "link": "https://tramiteobra.parana.gob.ar/menuAutorizada/informacionAutorizada/z-yyDEVXLayetp2zJw3FLNj9OQ", "sup proy": 203.0, "sup_graf": null, "proyecto": "595", "tramite": "APROBACIÓN", "tipo_obra": "OBRA CIVIL (Con factibilidad previa)\t" }, "geometry": { "type": "MultiPolygon", "coordinates": [ [ [ [ -60.514801, -31.725508 ], [ -60.514612, -31.725574 ], [ -60.51465, -31.725653 ], [ -60.51484, -31.725588 ], [ -60.514801, -31.725508 ] ] ] ] } },
{ "type": "Feature", "properties": { "ogc_fid": 215, "nivel": 2.0, "ncp": "0010000031046", "observ": null, "proy nro": 231, "partmuni": 26897, "expte": "17004/2024", "link": "https://tramiteobra.parana.gob.ar/menuAutorizada/informacionAutorizada/AehgKdj4ylT4vME-jzRzoTp6zw", "sup proy": 249.34, "sup_graf": 108, "proyecto": "231", "tramite": "APROBACIÓN", "tipo_obra": "OBRA CIVIL\t" }, "geometry": { "type": "MultiPolygon", "coordinates": [ [ [ [ -60.523569, -31.722583 ], [ -60.523528, -31.722504 ], [ -60.523419, -31.722543 ], [ -60.52346, -31.722623 ], [ -60.523569, -31.722583 ] ] ] ] } },
{ "type": "Feature", "properties": { "ogc_fid": 614, "nivel": 0.0, "ncp": "0020000014021", "observ": null, "proy nro": 666, "partmuni": 13135, "expte": "21478/2025", "link": "https://tramiteobra.parana.gob.ar/menuAutorizada/informacionAutorizada/Ib8TLBoOeoLTbKyrv96lSt3VVw", "sup proy": 89.25, "sup_graf": null, "proyecto": "666", "tramite": "APROBACIÓN", "tipo_obra": "OBRA CIVIL" }, "geometry": { "type": "MultiPolygon", "coordinates": [ [ [ [ -60.525111, -31.736958 ], [ -60.525027, -31.736824 ], [ -60.524882, -31.736882 ], [ -60.524894, -31.736901 ], [ -60.524898, -31.7369 ], [ -60.524993, -31.737051 ], [ -60.525022, -31.73704 ], [ -60.524979, -31.736973 ], [ -60.525048, -31.736945 ], [ -60.525066, -31.736975 ], [ -60.525111, -31.736958 ] ] ] ] } },
{ "type": "Feature", "properties": { "ogc_fid": 705, "nivel": 1.0, "ncp": "0100020024013", "observ": null, "proy nro": 949, "partmuni": 42242, "expte": "/", "link": "https://tramiteobra.parana.gob.ar/menuAutorizada/informacionAutorizada/OLdp_m8afLVTuNrVyUg752rxAQ", "sup proy": 274.85, "sup_graf": null, "proyecto": "949", "tramite": "APROBACIÓN", "tipo_obra": "OBRA CIVIL" }, "geometry": { "type": "MultiPolygon", "coordinates": [ [ [ [ -60.549207, -31.712041 ], [ -60.549072, -31.712136 ], [ -60.549107, -31.712172 ], [ -60.549175, -31.712125 ], [ -60.54921, -31.712161 ], [ -60.549277, -31.712113 ], [ -60.549207, -31.712041 ] ] ] ] } },
{ "type": "Feature", "properties": { "ogc_fid": 216, "nivel": 2.0, "ncp": "0010000089042", "observ": null, "proy nro": 318, "partmuni": 8097, "expte": "23853/2024", "link": "https://tramiteobra.parana.gob.ar/menu/informacionAutorizada/xbhQtw4YioMBwj-ERraLdKuQuQ", "sup proy": 858.0, "sup_graf": 253, "proyecto": "318", "tramite": "APROBACIÓN", "tipo_obra": "OBRA CIVIL (Con factibilidad previa)\t" }, "geometry": { "type": "MultiPolygon", "coordinates": [ [ [ [ -60.526077, -31.731325 ], [ -60.526066, -31.731297 ], [ -60.526064, -31.731296 ], [ -60.526034, -31.731236 ], [ -60.525986, -31.731252 ], [ -60.525973, -31.731225 ], [ -60.52602, -31.731209 ], [ -60.525983, -31.731136 ], [ -60.525938, -31.731151 ], [ -60.525925, -31.731125 ], [ -60.52597, -31.73111 ], [ -60.525914, -31.730998 ], [ -60.525871, -31.731013 ], [ -60.525877, -31.731026 ], [ -60.525851, -31.731034 ], [ -60.526003, -31.731349 ], [ -60.526077, -31.731325 ] ] ] ] } },
{ "type": "Feature", "properties": { "ogc_fid": 219, "nivel": 0.0, "ncp": "0090420035001", "observ": null, "proy nro": 390, "partmuni": 41492, "expte": "24124/2024", "link": "https://tramiteobra.parana.gob.ar/menuAutorizada/informacionAutorizada/AehgKdj4ylT4vME-jzRzoTtwzg", "sup proy": 394.85, "sup_graf": 104, "proyecto": "390", "tramite": "APROBACIÓN", "tipo_obra": "OBRA CIVIL\t" }, "geometry": { "type": "MultiPolygon", "coordinates": [ [ [ [ -60.486277, -31.745656 ], [ -60.486179, -31.745669 ], [ -60.486196, -31.745751 ], [ -60.486181, -31.745754 ], [ -60.486183, -31.74577 ], [ -60.486158, -31.745773 ], [ -60.486162, -31.745797 ], [ -60.48624, -31.745786 ], [ -60.48624, -31.745788 ], [ -60.486258, -31.745786 ], [ -60.486258, -31.745784 ], [ -60.486274, -31.745781 ], [ -60.486266, -31.745742 ], [ -60.486238, -31.745746 ], [ -60.486227, -31.745694 ], [ -60.486299, -31.745685 ], [ -60.486295, -31.745664 ], [ -60.486277, -31.745656 ] ] ] ] } },
{ "type": "Feature", "properties": { "ogc_fid": 220, "nivel": 1.0, "ncp": "0121530010010", "observ": null, "proy nro": 385, "partmuni": 46562, "expte": "/", "link": "https://tramiteobra.parana.gob.ar/menuAutorizada/informacionAutorizada/AehgKdj4ylT4vME-jzRzoTtxyw", "sup proy": 190.42, "sup_graf": 88, "proyecto": "385", "tramite": "APROBACIÓN", "tipo_obra": "OBRA CIVIL\t" }, "geometry": { "type": "MultiPolygon", "coordinates": [ [ [ [ -60.514737, -31.784982 ], [ -60.514632, -31.784999 ], [ -60.514645, -31.785077 ], [ -60.51475, -31.785061 ], [ -60.514737, -31.784982 ] ] ] ] } },
{ "type": "Feature", "properties": { "ogc_fid": 211, "nivel": 0.0, "ncp": "0010000082008", "observ": null, "proy nro": 381, "partmuni": 6083, "expte": "19664/2024", "link": "https://tramiteobra.parana.gob.ar/menuAutorizada/informacionAutorizada/AehgKdj4ylT4vME-jzRzoTtxzw", "sup proy": 0.0, "sup_graf": 152, "proyecto": "381", "tramite": "APROBACIÓN", "tipo_obra": "OBRA CIVIL\t" }, "geometry": { "type": "MultiPolygon", "coordinates": [ [ [ [ -60.524877, -31.729707 ], [ -60.524799, -31.72973 ], [ -60.524874, -31.729878 ], [ -60.524931, -31.72986 ], [ -60.524955, -31.729912 ], [ -60.524977, -31.729904 ], [ -60.524917, -31.729786 ], [ -60.524877, -31.729707 ] ] ] ] } },
{ "type": "Feature", "properties": { "ogc_fid": 214, "nivel": 0.0, "ncp": "0060300026016", "observ": null, "proy nro": 163, "partmuni": 64389, "expte": "19668/2024", "link": "https://tramiteobra.parana.gob.ar/menuAutorizada/informacionAutorizada/NE0q7M6biesIFggqhj_Brocvbw", "sup proy": 0.0, "sup_graf": 213, "proyecto": "163", "tramite": "APROBACIÓN", "tipo_obra": "OBRA CIVIL\t" }, "geometry": { "type": "MultiPolygon", "coordinates": [ [ [ [ -60.529904, -31.765234 ], [ -60.529938, -31.765189 ], [ -60.529931, -31.765156 ], [ -60.529919, -31.765158 ], [ -60.529914, -31.765131 ], [ -60.529895, -31.765044 ], [ -60.529887, -31.76501 ], [ -60.529798, -31.765023 ], [ -60.529846, -31.765244 ], [ -60.529904, -31.765235 ], [ -60.529904, -31.765234 ] ] ] ] } },
{ "type": "Feature", "properties": { "ogc_fid": 213, "nivel": 3.0, "ncp": "0070640002002", "observ": null, "proy nro": 347, "partmuni": 22639, "expte": "15251/2024", "link": "https://tramiteobra.parana.gob.ar/menu/informacionAutorizada/xbhQtw4YioMBwj-ERraLdKuVtg", "sup proy": 0.0, "sup_graf": 124, "proyecto": "347", "tramite": "APROBACIÓN", "tipo_obra": "OBRA CIVIL\t" }, "geometry": { "type": "MultiPolygon", "coordinates": [ [ [ [ -60.506163, -31.74977 ], [ -60.506105, -31.749683 ], [ -60.506056, -31.749707 ], [ -60.506069, -31.749727 ], [ -60.506046, -31.749739 ], [ -60.506048, -31.749744 ], [ -60.506021, -31.749757 ], [ -60.506029, -31.749768 ], [ -60.506011, -31.749777 ], [ -60.506028, -31.749803 ], [ -60.506016, -31.749809 ], [ -60.506034, -31.749836 ], [ -60.506163, -31.74977 ] ] ] ] } },
{ "type": "Feature", "properties": { "ogc_fid": 221, "nivel": 0.0, "ncp": "0150720005013", "observ": null, "proy nro": 388, "partmuni": 40739, "expte": "20494/2024", "link": "https://tramiteobra.parana.gob.ar/menuAutorizada/informacionAutorizada/AehgKdj4ylT4vME-jzRzoTtxxg", "sup proy": 160.43, "sup_graf": 148, "proyecto": "388", "tramite": "APROBACIÓN", "tipo_obra": "OBRA CIVIL\t" }, "geometry": { "type": "MultiPolygon", "coordinates": [ [ [ [ -60.497427, -31.713598 ], [ -60.497541, -31.713582 ], [ -60.497492, -31.713356 ], [ -60.497451, -31.713361 ], [ -60.497458, -31.713393 ], [ -60.497448, -31.713394 ], [ -60.497453, -31.713423 ], [ -60.497464, -31.713422 ], [ -60.497489, -31.713538 ], [ -60.497435, -31.713545 ], [ -60.497431, -31.713522 ], [ -60.497411, -31.713525 ], [ -60.497427, -31.713598 ] ] ] ] } },
{ "type": "Feature", "properties": { "ogc_fid": 388, "nivel": 2.0, "ncp": "0080420001022", "observ": null, "proy nro": 586, "partmuni": 14322, "expte": "/", "link": "https://tramiteobra.parana.gob.ar/menuAutorizada/informacionAutorizada/z-yyDEVXLayetp2zJw3FLNj8Og", "sup proy": 351.475, "sup_graf": null, "proyecto": "586", "tramite": "APROBACIÓN", "tipo_obra": "OBRA CIVIL (Con factibilidad previa)\t" }, "geometry": { "type": "MultiPolygon", "coordinates": [ [ [ [ -60.511502, -31.723881 ], [ -60.511489, -31.723821 ], [ -60.511459, -31.723826 ], [ -60.511458, -31.723819 ], [ -60.511366, -31.723834 ], [ -60.511371, -31.723862 ], [ -60.511345, -31.723866 ], [ -60.511353, -31.723906 ], [ -60.511502, -31.723881 ] ] ] ] } },
{ "type": "Feature", "properties": { "ogc_fid": 217, "nivel": 0.0, "ncp": "0090360001040", "observ": null, "proy nro": 329, "partmuni": 31209, "expte": "26990/2024", "link": "https://tramiteobra.parana.gob.ar/menuAutorizada/informacionAutorizada/NE0q7M6biesIFggqhj_BroUrZQ", "sup proy": 184.11, "sup_graf": 160, "proyecto": "329", "tramite": "APROBACIÓN", "tipo_obra": "OBRA CIVIL\t" }, "geometry": { "type": "MultiPolygon", "coordinates": [ [ [ [ -60.499053, -31.767717 ], [ -60.499028, -31.767721 ], [ -60.49902, -31.767685 ], [ -60.498868, -31.76771 ], [ -60.498878, -31.767756 ], [ -60.498834, -31.767763 ], [ -60.49884, -31.767793 ], [ -60.499063, -31.767764 ], [ -60.499053, -31.767717 ] ] ] ] } },
{ "type": "Feature", "properties": { "ogc_fid": 612, "nivel": 0.0, "ncp": "0020000014005", "observ": null, "proy nro": 666, "partmuni": 15474, "expte": "21478/2025", "link": "https://tramiteobra.parana.gob.ar/menuAutorizada/informacionAutorizada/Ib8TLBoOeoLTbKyrv96lSt3VVw", "sup proy": 89.25, "sup_graf": null, "proyecto": "666", "tramite": "APROBACIÓN", "tipo_obra": "OBRA CIVIL" }, "geometry": { "type": "MultiPolygon", "coordinates": [ [ [ [ -60.525127, -31.736348 ], [ -60.524816, -31.735963 ], [ -60.524761, -31.73599 ], [ -60.525075, -31.736375 ], [ -60.525127, -31.736348 ] ] ] ] } },
{ "type": "Feature", "properties": { "ogc_fid": 613, "nivel": 0.0, "ncp": "0020000014021", "observ": null, "proy nro": 666, "partmuni": 13135, "expte": "21478/2025", "link": "https://tramiteobra.parana.gob.ar/menuAutorizada/informacionAutorizada/Ib8TLBoOeoLTbKyrv96lSt3VVw", "sup proy": 89.25, "sup_graf": null, "proyecto": "666", "tramite": "APROBACIÓN", "tipo_obra": "OBRA CIVIL" }, "geometry": { "type": "MultiPolygon", "coordinates": [ [ [ [ -60.524808, -31.736759 ], [ -60.524668, -31.736535 ], [ -60.524525, -31.736585 ], [ -60.52467, -31.736821 ], [ -60.524808, -31.736759 ] ] ] ] } },
{ "type": "Feature", "properties": { "ogc_fid": 615, "nivel": 0.0, "ncp": "0150210001001", "observ": null, "proy nro": 665, "partmuni": 48130, "expte": "22537 / 2025", "link": "https://tramiteobra.parana.gob.ar/menuAutorizada/informacionAutorizada/SPEwC-VJgF3DESj_cygpCtyuDQ", "sup proy": 296.0, "sup_graf": null, "proyecto": "665", "tramite": "APROBACIÓN", "tipo_obra": "OBRA CIVIL" }, "geometry": { "type": "MultiPolygon", "coordinates": [ [ [ [ -60.488712, -31.717427 ], [ -60.488694, -31.717342 ], [ -60.488654, -31.717321 ], [ -60.488539, -31.717337 ], [ -60.488543, -31.717356 ], [ -60.488511, -31.717361 ], [ -60.488535, -31.717479 ], [ -60.488717, -31.717453 ], [ -60.488712, -31.717427 ] ] ] ] } },
{ "type": "Feature", "properties": { "ogc_fid": 706, "nivel": 0.0, "ncp": "0090660020020", "observ": null, "proy nro": 953, "partmuni": 91356, "expte": "/", "link": "https://tramiteobra.parana.gob.ar/menuAutorizada/informacionAutorizada/opxaK4z9gk3V0zJ-2eDVhNGs2Q", "sup proy": 60.74, "sup_graf": null, "proyecto": "953", "tramite": "APROBACIÓN", "tipo_obra": "OBRA CIVIL" }, "geometry": { "type": "MultiPolygon", "coordinates": [ [ [ [ -60.484812, -31.767791 ], [ -60.484701, -31.767808 ], [ -60.484713, -31.767863 ], [ -60.48474, -31.767859 ], [ -60.484744, -31.76788 ], [ -60.484829, -31.767867 ], [ -60.484812, -31.767791 ] ] ] ] } },
{ "type": "Feature", "properties": { "ogc_fid": 238, "nivel": 1.0, "ncp": "0142500003001", "observ": null, "proy nro": 389, "partmuni": 40264, "expte": "21024/2024", "link": "https://tramiteobra.parana.gob.ar/menu/informacionAutorizada/u1JivpsUARSF_S8_eQDRJbRXiA", "sup proy": 231.42, "sup_graf": 100, "proyecto": "389", "tramite": "APROBACIÓN", "tipo_obra": "OBRA CIVIL\t" }, "geometry": { "type": "MultiPolygon", "coordinates": [ [ [ [ -60.456588, -31.759676 ], [ -60.45657, -31.759591 ], [ -60.456519, -31.75956 ], [ -60.456481, -31.759566 ], [ -60.456506, -31.759689 ], [ -60.456588, -31.759676 ] ] ] ] } },
{ "type": "Feature", "properties": { "ogc_fid": 229, "nivel": 0.0, "ncp": "0050290015001", "observ": null, "proy nro": 392, "partmuni": 18757, "expte": "22303/2024", "link": "https://tramiteobra.parana.gob.ar/menuAutorizada/informacionAutorizada/AehgKdj4ylT4vME-jzRzoTtwzA", "sup proy": 0.0, "sup_graf": 122, "proyecto": "392", "tramite": "APROBACIÓN", "tipo_obra": "OBRA CIVIL\t" }, "geometry": { "type": "MultiPolygon", "coordinates": [ [ [ [ -60.537184, -31.742217 ], [ -60.537096, -31.742227 ], [ -60.537099, -31.742248 ], [ -60.537097, -31.742248 ], [ -60.5371, -31.742265 ], [ -60.537125, -31.742262 ], [ -60.53713, -31.742291 ], [ -60.537136, -31.74229 ], [ -60.537141, -31.742319 ], [ -60.537247, -31.742306 ], [ -60.537231, -31.742212 ], [ -60.537184, -31.742217 ] ] ] ] } },
{ "type": "Feature", "properties": { "ogc_fid": 411, "nivel": 1.0, "ncp": "0090360019027", "observ": null, "proy nro": 545, "partmuni": 25104, "expte": "16332/2025", "link": "https://tramiteobra.parana.gob.ar/menuAutorizada/informacionAutorizada/z-yyDEVXLayetp2zJw3FLNjwOQ", "sup proy": null, "sup_graf": null, "proyecto": "545", "tramite": "APROBACIÓN", "tipo_obra": "OBRA CIVIL (Con factibilidad previa)\t" }, "geometry": { "type": "MultiPolygon", "coordinates": [ [ [ [ -60.499932, -31.770166 ], [ -60.499951, -31.770256 ], [ -60.499657, -31.770301 ], [ -60.499638, -31.770211 ], [ -60.499932, -31.770166 ] ] ] ] } },
{ "type": "Feature", "properties": { "ogc_fid": 616, "nivel": 0.0, "ncp": "0020000060004", "observ": null, "proy nro": 662, "partmuni": 10977, "expte": "19071/2025", "link": "https://tramiteobra.parana.gob.ar/menuAutorizada/informacionAutorizada/SPEwC-VJgF3DESj_cygpCtyuCg", "sup proy": 69.24, "sup_graf": null, "proyecto": "662", "tramite": "APROBACIÓN", "tipo_obra": "OBRA CIVIL" }, "geometry": { "type": "MultiPolygon", "coordinates": [ [ [ [ -60.523053, -31.741881 ], [ -60.522925, -31.741693 ], [ -60.522837, -31.741736 ], [ -60.522966, -31.741925 ], [ -60.523053, -31.741881 ] ] ] ] } },
{ "type": "Feature", "properties": { "ogc_fid": 547, "nivel": 0.0, "ncp": "0020000048003", "observ": null, "proy nro": 736, "partmuni": 3691, "expte": "29706/2025", "link": "https://tramiteobra.parana.gob.ar/menuAutorizada/informacionAutorizada/hR2SjnS17lPn1kYajUspYwbr1w", "sup proy": 2865.035, "sup_graf": null, "proyecto": "736", "tramite": "APROBACIÓN", "tipo_obra": "OBRA CIVIL (Con factibilidad previa)" }, "geometry": { "type": "MultiPolygon", "coordinates": [ [ [ [ -60.52494, -31.738988 ], [ -60.525187, -31.739346 ], [ -60.525211, -31.739333 ], [ -60.525269, -31.73942 ], [ -60.52518, -31.739465 ], [ -60.525211, -31.739517 ], [ -60.52527, -31.739487 ], [ -60.52546, -31.739391 ], [ -60.525359, -31.739258 ], [ -60.525286, -31.739166 ], [ -60.525105, -31.738906 ], [ -60.52494, -31.738988 ] ] ] ] } },
{ "type": "Feature", "properties": { "ogc_fid": 236, "nivel": 0.0, "ncp": "0090120004032", "observ": null, "proy nro": 369, "partmuni": 91614, "expte": "23392/2024", "link": "https://tramiteobra.parana.gob.ar/menu/informacionAutorizada/u1JivpsUARSF_S8_eQDRJbRZiA", "sup proy": 183.0, "sup_graf": 177, "proyecto": "369", "tramite": "APROBACIÓN", "tipo_obra": "OBRA CIVIL\t" }, "geometry": { "type": "MultiPolygon", "coordinates": [ [ [ [ -60.493669, -31.762539 ], [ -60.493967, -31.762495 ], [ -60.493959, -31.762452 ], [ -60.493914, -31.762459 ], [ -60.493912, -31.762444 ], [ -60.493658, -31.762483 ], [ -60.493669, -31.762539 ] ] ] ] } },
{ "type": "Feature", "properties": { "ogc_fid": 548, "nivel": 0.0, "ncp": "0020000048003", "observ": null, "proy nro": 736, "partmuni": 3691, "expte": "29706/2025", "link": "https://tramiteobra.parana.gob.ar/menuAutorizada/informacionAutorizada/hR2SjnS17lPn1kYajUspYwbr1w", "sup proy": 2865.035, "sup_graf": null, "proyecto": "736", "tramite": "APROBACIÓN", "tipo_obra": "OBRA CIVIL (Con factibilidad previa)" }, "geometry": { "type": "MultiPolygon", "coordinates": [ [ [ [ -60.52527, -31.739487 ], [ -60.525338, -31.739586 ], [ -60.5258, -31.739353 ], [ -60.525679, -31.739175 ], [ -60.525575, -31.739027 ], [ -60.525286, -31.739166 ], [ -60.525359, -31.739258 ], [ -60.52546, -31.739391 ], [ -60.52527, -31.739487 ] ] ] ] } },
{ "type": "Feature", "properties": { "ogc_fid": 233, "nivel": 0.0, "ncp": "0060310009013", "observ": null, "proy nro": 398, "partmuni": 37158, "expte": "23834/2024", "link": "https://tramiteobra.parana.gob.ar/menu/informacionAutorizada/Q7J-tpD2AVPorim6Ht-Sc76C0A", "sup proy": 30.0, "sup_graf": 129, "proyecto": "398", "tramite": "APROBACIÓN", "tipo_obra": "OBRA CIVIL\t" }, "geometry": { "type": "MultiPolygon", "coordinates": [ [ [ [ -60.525291, -31.763033 ], [ -60.525237, -31.763042 ], [ -60.525291, -31.763261 ], [ -60.525345, -31.763252 ], [ -60.525291, -31.763033 ] ] ] ] } },
{ "type": "Feature", "properties": { "ogc_fid": 234, "nivel": 0.0, "ncp": "0121180001125", "observ": null, "proy nro": 397, "partmuni": 41717, "expte": "25101/2024", "link": "https://tramiteobra.parana.gob.ar/menu/informacionAutorizada/Q7J-tpD2AVPorim6Ht-Sc76C3w", "sup proy": null, "sup_graf": 158, "proyecto": "397", "tramite": "APROBACIÓN", "tipo_obra": "OBRA CIVIL\t" }, "geometry": { "type": "MultiPolygon", "coordinates": [ [ [ [ -60.523559, -31.776955 ], [ -60.523553, -31.776927 ], [ -60.523505, -31.776934 ], [ -60.523499, -31.776905 ], [ -60.523336, -31.77693 ], [ -60.52334, -31.776952 ], [ -60.523279, -31.776961 ], [ -60.523281, -31.776969 ], [ -60.52326, -31.776973 ], [ -60.523258, -31.776966 ], [ -60.523227, -31.77697 ], [ -60.523234, -31.777005 ], [ -60.523559, -31.776955 ] ] ] ] } },
{ "type": "Feature", "properties": { "ogc_fid": 235, "nivel": 1.0, "ncp": "0010000066018", "observ": null, "proy nro": 396, "partmuni": 5701, "expte": "22308/2024", "link": "https://tramiteobra.parana.gob.ar/menu/informacionAutorizada/Q7J-tpD2AVPorim6Ht-Sc76C3g", "sup proy": 245.93, "sup_graf": 164, "proyecto": "396", "tramite": "APROBACIÓN", "tipo_obra": "OBRA CIVIL\t" }, "geometry": { "type": "MultiPolygon", "coordinates": [ [ [ [ -60.522974, -31.728041 ], [ -60.523008, -31.728097 ], [ -60.523226, -31.727996 ], [ -60.523193, -31.72794 ], [ -60.522974, -31.728041 ] ] ] ] } },
{ "type": "Feature", "properties": { "ogc_fid": 231, "nivel": 1.0, "ncp": "0150620001030", "observ": null, "proy nro": 48, "partmuni": 40176, "expte": "14724/2023", "link": "https://tramiteobra.parana.gob.ar/menuAutorizada/informacionAutorizada/NE0q7M6biesIFggqhj_BroIh", "sup proy": 398.05, "sup_graf": 162, "proyecto": "48", "tramite": "APROBACIÓN", "tipo_obra": "OBRA CIVIL (Con factibilidad previa)\t" }, "geometry": { "type": "MultiPolygon", "coordinates": [ [ [ [ -60.500734, -31.710209 ], [ -60.500776, -31.710234 ], [ -60.500791, -31.710217 ], [ -60.500815, -31.710229 ], [ -60.50084, -31.710192 ], [ -60.500825, -31.710182 ], [ -60.500837, -31.710168 ], [ -60.500853, -31.710176 ], [ -60.500878, -31.710137 ], [ -60.500862, -31.710131 ], [ -60.500889, -31.710098 ], [ -60.500847, -31.710073 ], [ -60.500827, -31.710097 ], [ -60.500787, -31.710069 ], [ -60.500771, -31.710092 ], [ -60.500775, -31.710095 ], [ -60.500753, -31.710131 ], [ -60.500746, -31.710128 ], [ -60.500713, -31.710177 ], [ -60.500729, -31.710167 ], [ -60.500742, -31.710175 ], [ -60.50074, -31.710179 ], [ -60.500753, -31.710187 ], [ -60.500734, -31.710209 ] ] ] ] } },
{ "type": "Feature", "properties": { "ogc_fid": 237, "nivel": 0.0, "ncp": "0090120004032", "observ": null, "proy nro": 369, "partmuni": 91614, "expte": "23392/2024", "link": "https://tramiteobra.parana.gob.ar/menu/informacionAutorizada/u1JivpsUARSF_S8_eQDRJbRZiA", "sup proy": 183.0, "sup_graf": 50, "proyecto": "369", "tramite": "APROBACIÓN", "tipo_obra": "OBRA CIVIL\t" }, "geometry": { "type": "MultiPolygon", "coordinates": [ [ [ [ -60.494023, -31.762397 ], [ -60.494026, -31.762412 ], [ -60.494046, -31.762409 ], [ -60.494056, -31.762455 ], [ -60.494036, -31.762458 ], [ -60.494041, -31.762484 ], [ -60.494105, -31.762474 ], [ -60.494087, -31.762387 ], [ -60.494023, -31.762397 ] ] ] ] } },
{ "type": "Feature", "properties": { "ogc_fid": 232, "nivel": 0.0, "ncp": "0070340018010", "observ": null, "proy nro": 409, "partmuni": 43798, "expte": "22522/2024", "link": "https://tramiteobra.parana.gob.ar/menu/informacionAutorizada/Q7J-tpD2AVPorim6Ht-Sc7mL0Q", "sup proy": 110.858, "sup_graf": 147, "proyecto": "409", "tramite": "APROBACIÓN", "tipo_obra": "OBRA CIVIL\t" }, "geometry": { "type": "MultiPolygon", "coordinates": [ [ [ [ -60.506859, -31.76744 ], [ -60.507027, -31.767413 ], [ -60.507008, -31.767326 ], [ -60.506859, -31.76735 ], [ -60.506866, -31.767378 ], [ -60.506873, -31.767408 ], [ -60.506853, -31.767412 ], [ -60.506859, -31.76744 ] ] ] ] } },
{ "type": "Feature", "properties": { "ogc_fid": 662, "nivel": 0.0, "ncp": "0020000060004", "observ": null, "proy nro": 662, "partmuni": 10977, "expte": "19071/2025", "link": "https://tramiteobra.parana.gob.ar/menuAutorizada/informacionAutorizada/SPEwC-VJgF3DESj_cygpCtyuCg", "sup proy": 69.24, "sup_graf": null, "proyecto": "662", "tramite": "APROBACIÓN", "tipo_obra": "OBRA CIVIL" }, "geometry": { "type": "MultiPolygon", "coordinates": [ [ [ [ -60.523076, -31.741913 ], [ -60.523041, -31.74193 ], [ -60.523073, -31.741977 ], [ -60.523107, -31.741959 ], [ -60.523076, -31.741913 ] ] ] ] } },
{ "type": "Feature", "properties": { "ogc_fid": 617, "nivel": 1.0, "ncp": "0070100022021", "observ": null, "proy nro": 749, "partmuni": 92444, "expte": "/", "link": "https://tramiteobra.parana.gob.ar/menuAutorizada/informacionAutorizada/SPEwC-VJgF3DESj_cygpCtysAQ", "sup proy": 70.9, "sup_graf": null, "proyecto": "749", "tramite": "APROBACIÓN", "tipo_obra": "OBRA CIVIL" }, "geometry": { "type": "MultiPolygon", "coordinates": [ [ [ [ -60.507791, -31.763295 ], [ -60.507719, -31.763306 ], [ -60.507682, -31.763137 ], [ -60.507713, -31.763132 ], [ -60.50771, -31.763117 ], [ -60.507741, -31.763112 ], [ -60.507744, -31.763127 ], [ -60.507755, -31.763125 ], [ -60.507791, -31.763295 ] ] ] ] } },
{ "type": "Feature", "properties": { "ogc_fid": 555, "nivel": 1.0, "ncp": "0070870003043", "observ": null, "proy nro": 710, "partmuni": 90700, "expte": "24537/2025", "link": "https://tramiteobra.parana.gob.ar/menuAutorizada/informacionAutorizada/ZFlgpwD4X_zv5hu-2WrxVSb0vg", "sup proy": 175.5, "sup_graf": null, "proyecto": "710", "tramite": "APROBACIÓN", "tipo_obra": "OBRA CIVIL" }, "geometry": { "type": "MultiPolygon", "coordinates": [ [ [ [ -60.524792, -31.774951 ], [ -60.524621, -31.774976 ], [ -60.524608, -31.774919 ], [ -60.524603, -31.77492 ], [ -60.524596, -31.774891 ], [ -60.524647, -31.774883 ], [ -60.52465, -31.774898 ], [ -60.524689, -31.774892 ], [ -60.52468, -31.774852 ], [ -60.524752, -31.774841 ], [ -60.524758, -31.774867 ], [ -60.524729, -31.774871 ], [ -60.524736, -31.7749 ], [ -60.52472, -31.774902 ], [ -60.524727, -31.774931 ], [ -60.524786, -31.774923 ], [ -60.524792, -31.774951 ] ] ] ] } },
{ "type": "Feature", "properties": { "ogc_fid": 247, "nivel": 1.0, "ncp": "0090950012013", "observ": null, "proy nro": 432, "partmuni": 91114, "expte": "2235/25", "link": "https://tramiteobra.parana.gob.ar/menuAutorizada/informacionAutorizada/z-yyDEVXLayetp2zJw3FLNn3Pg", "sup proy": 216.705, "sup_graf": 95, "proyecto": "432", "tramite": "APROBACIÓN", "tipo_obra": "OBRA CIVIL\t" }, "geometry": { "type": "MultiPolygon", "coordinates": [ [ [ [ -60.478291, -31.776966 ], [ -60.478284, -31.77693 ], [ -60.478246, -31.776936 ], [ -60.478243, -31.776924 ], [ -60.478235, -31.77688 ], [ -60.47814, -31.776894 ], [ -60.478149, -31.776937 ], [ -60.478174, -31.776934 ], [ -60.478184, -31.776981 ], [ -60.478291, -31.776966 ] ] ] ] } },
{ "type": "Feature", "properties": { "ogc_fid": 550, "nivel": 0.0, "ncp": "0121200004004", "observ": null, "proy nro": 729, "partmuni": 54626, "expte": "28628/2025", "link": "https://tramiteobra.parana.gob.ar/menuAutorizada/informacionAutorizada/ZFlgpwD4X_zv5hu-2WrxVSb3tw", "sup proy": 70.0, "sup_graf": null, "proyecto": "729", "tramite": "APROBACIÓN", "tipo_obra": "OBRA CIVIL" }, "geometry": { "type": "MultiPolygon", "coordinates": [ [ [ [ -60.510927, -31.778698 ], [ -60.510858, -31.77871 ], [ -60.510838, -31.778623 ], [ -60.510907, -31.778611 ], [ -60.510927, -31.778698 ] ] ] ] } },
{ "type": "Feature", "properties": { "ogc_fid": 551, "nivel": 0.0, "ncp": "0121140007024", "observ": null, "proy nro": 725, "partmuni": 43767, "expte": "26522/2025", "link": "https://tramiteobra.parana.gob.ar/menuAutorizada/informacionAutorizada/ZFlgpwD4X_zv5hu-2WrxVSb3uw", "sup proy": 55.46, "sup_graf": null, "proyecto": "725", "tramite": "APROBACIÓN", "tipo_obra": "OBRA CIVIL" }, "geometry": { "type": "MultiPolygon", "coordinates": [ [ [ [ -60.545278, -31.774253 ], [ -60.545245, -31.774258 ], [ -60.545237, -31.774218 ], [ -60.545228, -31.77422 ], [ -60.54521, -31.774135 ], [ -60.545252, -31.774129 ], [ -60.545278, -31.774253 ] ] ] ] } },
{ "type": "Feature", "properties": { "ogc_fid": 556, "nivel": 0.0, "ncp": "0070870003043", "observ": null, "proy nro": 710, "partmuni": 90700, "expte": "24537/2025", "link": "https://tramiteobra.parana.gob.ar/menuAutorizada/informacionAutorizada/ZFlgpwD4X_zv5hu-2WrxVSb0vg", "sup proy": 175.5, "sup_graf": null, "proyecto": "710", "tramite": "APROBACIÓN", "tipo_obra": "OBRA CIVIL" }, "geometry": { "type": "MultiPolygon", "coordinates": [ [ [ [ -60.524753, -31.774779 ], [ -60.524647, -31.774795 ], [ -60.524654, -31.774826 ], [ -60.52476, -31.77481 ], [ -60.524753, -31.774779 ] ] ] ] } },
{ "type": "Feature", "properties": { "ogc_fid": 553, "nivel": 0.0, "ncp": "0150220016014", "observ": null, "proy nro": 714, "partmuni": 49732, "expte": "23283/2025", "link": "https://tramiteobra.parana.gob.ar/menuAutorizada/informacionAutorizada/ZFlgpwD4X_zv5hu-2WrxVSb0ug", "sup proy": 271.02, "sup_graf": null, "proyecto": "714", "tramite": "APROBACIÓN", "tipo_obra": "OBRA CIVIL" }, "geometry": { "type": "MultiPolygon", "coordinates": [ [ [ [ -60.485066, -31.715051 ], [ -60.485062, -31.71503 ], [ -60.485106, -31.715023 ], [ -60.48511, -31.715044 ], [ -60.485066, -31.715051 ] ] ] ] } },
{ "type": "Feature", "properties": { "ogc_fid": 552, "nivel": 1.0, "ncp": "0150220016014", "observ": null, "proy nro": 714, "partmuni": 49732, "expte": "23283/2025", "link": "https://tramiteobra.parana.gob.ar/menuAutorizada/informacionAutorizada/ZFlgpwD4X_zv5hu-2WrxVSb0ug", "sup proy": 271.02, "sup_graf": null, "proyecto": "714", "tramite": "APROBACIÓN", "tipo_obra": "OBRA CIVIL" }, "geometry": { "type": "MultiPolygon", "coordinates": [ [ [ [ -60.485275, -31.715063 ], [ -60.485266, -31.715021 ], [ -60.485227, -31.715026 ], [ -60.48522, -31.714995 ], [ -60.48516, -31.715005 ], [ -60.485168, -31.715041 ], [ -60.485146, -31.715045 ], [ -60.485144, -31.715039 ], [ -60.48511, -31.715044 ], [ -60.485066, -31.715051 ], [ -60.485071, -31.715074 ], [ -60.485074, -31.715093 ], [ -60.485275, -31.715063 ] ] ] ] } },
{ "type": "Feature", "properties": { "ogc_fid": 554, "nivel": 0.0, "ncp": "0150220016014", "observ": null, "proy nro": 714, "partmuni": 49732, "expte": "23283/2025", "link": "https://tramiteobra.parana.gob.ar/menuAutorizada/informacionAutorizada/ZFlgpwD4X_zv5hu-2WrxVSb0ug", "sup proy": 271.02, "sup_graf": null, "proyecto": "714", "tramite": "APROBACIÓN", "tipo_obra": "OBRA CIVIL" }, "geometry": { "type": "MultiPolygon", "coordinates": [ [ [ [ -60.485071, -31.715074 ], [ -60.485038, -31.715079 ], [ -60.485042, -31.715098 ], [ -60.485074, -31.715093 ], [ -60.485071, -31.715074 ] ] ] ] } },
{ "type": "Feature", "properties": { "ogc_fid": 557, "nivel": 0.0, "ncp": "0070870003043", "observ": null, "proy nro": 710, "partmuni": 90700, "expte": "24537/2025", "link": "https://tramiteobra.parana.gob.ar/menuAutorizada/informacionAutorizada/ZFlgpwD4X_zv5hu-2WrxVSb0vg", "sup proy": 175.5, "sup_graf": null, "proyecto": "710", "tramite": "APROBACIÓN", "tipo_obra": "OBRA CIVIL" }, "geometry": { "type": "MultiPolygon", "coordinates": [ [ [ [ -60.524537, -31.77481 ], [ -60.524431, -31.774826 ], [ -60.524445, -31.77489 ], [ -60.524552, -31.774875 ], [ -60.524537, -31.77481 ] ] ] ] } },
{ "type": "Feature", "properties": { "ogc_fid": 558, "nivel": 0.0, "ncp": "0121240004003", "observ": null, "proy nro": 709, "partmuni": 54577, "expte": "23291/2025", "link": "https://tramiteobra.parana.gob.ar/menuAutorizada/informacionAutorizada/ZFlgpwD4X_zv5hu-2WrxVSb1tw", "sup proy": 69.94, "sup_graf": null, "proyecto": "709", "tramite": "APROBACIÓN", "tipo_obra": "OBRA CIVIL" }, "geometry": { "type": "MultiPolygon", "coordinates": [ [ [ [ -60.487777, -31.782725 ], [ -60.487829, -31.782973 ], [ -60.487775, -31.782982 ], [ -60.487761, -31.782913 ], [ -60.487746, -31.782915 ], [ -60.487714, -31.782765 ], [ -60.487738, -31.782761 ], [ -60.487749, -31.782759 ], [ -60.487743, -31.78273 ], [ -60.487777, -31.782725 ] ] ] ] } },
{ "type": "Feature", "properties": { "ogc_fid": 259, "nivel": 0.0, "ncp": "0121140011009", "observ": null, "proy nro": 360, "partmuni": 41657, "expte": "32981/2024", "link": "https://tramiteobra.parana.gob.ar/menu/informacionAutorizada/PCwhIO_oL8Q1OHPAkRyQES4VuQ", "sup proy": 74.025, "sup_graf": 78, "proyecto": "360", "tramite": "APROBACIÓN", "tipo_obra": "OBRA CIVIL\t" }, "geometry": { "type": "MultiPolygon", "coordinates": [ [ [ [ -60.544595, -31.774571 ], [ -60.544616, -31.774674 ], [ -60.544649, -31.774669 ], [ -60.544651, -31.774681 ], [ -60.544688, -31.774675 ], [ -60.544667, -31.774571 ], [ -60.54463, -31.774576 ], [ -60.544627, -31.774566 ], [ -60.544595, -31.774571 ] ] ] ] } },
{ "type": "Feature", "properties": { "ogc_fid": 248, "nivel": 0.0, "ncp": "0090950012013", "observ": null, "proy nro": 432, "partmuni": 91114, "expte": "2235/25", "link": "https://tramiteobra.parana.gob.ar/menuAutorizada/informacionAutorizada/z-yyDEVXLayetp2zJw3FLNn3Pg", "sup proy": 216.705, "sup_graf": 75, "proyecto": "432", "tramite": "APROBACIÓN", "tipo_obra": "OBRA CIVIL\t" }, "geometry": { "type": "MultiPolygon", "coordinates": [ [ [ [ -60.478437, -31.776851 ], [ -60.47836, -31.776862 ], [ -60.478379, -31.776953 ], [ -60.478455, -31.776941 ], [ -60.478437, -31.776851 ] ] ] ] } },
{ "type": "Feature", "properties": { "ogc_fid": 249, "nivel": 3.0, "ncp": "0020000051048", "observ": null, "proy nro": 364, "partmuni": 16291, "expte": "29777/2024", "link": "https://tramiteobra.parana.gob.ar/menuAutorizada/informacionAutorizada/AehgKdj4ylT4vME-jzRzoTt_yg", "sup proy": 513.968, "sup_graf": 160, "proyecto": "364", "tramite": "APROBACIÓN", "tipo_obra": "OBRA CIVIL\t" }, "geometry": { "type": "MultiPolygon", "coordinates": [ [ [ [ -60.521365, -31.741305 ], [ -60.521353, -31.741287 ], [ -60.521346, -31.741291 ], [ -60.521324, -31.741259 ], [ -60.521094, -31.741383 ], [ -60.521123, -31.741429 ], [ -60.521365, -31.741305 ] ] ] ] } },
{ "type": "Feature", "properties": { "ogc_fid": 258, "nivel": 0.0, "ncp": "0090680004040", "observ": null, "proy nro": 391, "partmuni": 72905, "expte": "29887/2024", "link": "https://tramiteobra.parana.gob.ar/menu/informacionAutorizada/tUNVWGWeS2xbpa-NE3IFGa-YHg", "sup proy": 93.55, "sup_graf": 379, "proyecto": "391", "tramite": "APROBACIÓN", "tipo_obra": "OBRA CIVIL\t" }, "geometry": { "type": "MultiPolygon", "coordinates": [ [ [ [ -60.483716, -31.757999 ], [ -60.483641, -31.757648 ], [ -60.483543, -31.757665 ], [ -60.483615, -31.758015 ], [ -60.483716, -31.757999 ] ] ] ] } },
{ "type": "Feature", "properties": { "ogc_fid": 549, "nivel": 0.0, "ncp": "0141320030008", "observ": null, "proy nro": 869, "partmuni": 47158, "expte": "8431/2026", "link": "https://tramiteobra.parana.gob.ar/menuAutorizada/informacionAutorizada/ZFlgpwD4X_zv5hu-2WrxVSnztw", "sup proy": 69.44, "sup_graf": null, "proyecto": "869", "tramite": "APROBACIÓN", "tipo_obra": "OBRA CIVIL" }, "geometry": { "type": "MultiPolygon", "coordinates": [ [ [ [ -60.468794, -31.76 ], [ -60.468775, -31.759904 ], [ -60.468837, -31.759896 ], [ -60.468856, -31.759991 ], [ -60.468794, -31.76 ] ] ] ] } },
{ "type": "Feature", "properties": { "ogc_fid": 709, "nivel": 1.0, "ncp": "0090420044017", "observ": null, "proy nro": 936, "partmuni": 41616, "expte": "13549/2026", "link": "https://tramiteobra.parana.gob.ar/menuAutorizada/informacionAutorizada/opxaK4z9gk3V0zJ-2eDVhNGq3A", "sup proy": 452.5, "sup_graf": null, "proyecto": "936", "tramite": "APROBACIÓN", "tipo_obra": "OBRA CIVIL" }, "geometry": { "type": "MultiPolygon", "coordinates": [ [ [ [ -60.485126, -31.747473 ], [ -60.4849, -31.747512 ], [ -60.484931, -31.747654 ], [ -60.485013, -31.74764 ], [ -60.485043, -31.747635 ], [ -60.485051, -31.747669 ], [ -60.485161, -31.74765 ], [ -60.485163, -31.747649 ], [ -60.485126, -31.747473 ] ] ] ] } },
{ "type": "Feature", "properties": { "ogc_fid": 710, "nivel": 0.0, "ncp": "0090420044017", "observ": null, "proy nro": 936, "partmuni": 41616, "expte": "13549/2026", "link": "https://tramiteobra.parana.gob.ar/menuAutorizada/informacionAutorizada/opxaK4z9gk3V0zJ-2eDVhNGq3A", "sup proy": 452.5, "sup_graf": null, "proyecto": "936", "tramite": "APROBACIÓN", "tipo_obra": "OBRA CIVIL" }, "geometry": { "type": "MultiPolygon", "coordinates": [ [ [ [ -60.485013, -31.74764 ], [ -60.485029, -31.747718 ], [ -60.48517, -31.747694 ], [ -60.485161, -31.74765 ], [ -60.485051, -31.747669 ], [ -60.485043, -31.747635 ], [ -60.485013, -31.74764 ] ] ] ] } },
{ "type": "Feature", "properties": { "ogc_fid": 559, "nivel": 1.0, "ncp": "0030000008009", "observ": null, "proy nro": 708, "partmuni": 3652, "expte": "/", "link": "https://tramiteobra.parana.gob.ar/menuAutorizada/informacionAutorizada/ZFlgpwD4X_zv5hu-2WrxVSb1tg", "sup proy": 55.5, "sup_graf": null, "proyecto": "708", "tramite": "APROBACIÓN", "tipo_obra": "OBRA CIVIL" }, "geometry": { "type": "MultiPolygon", "coordinates": [ [ [ [ -60.534888, -31.730519 ], [ -60.534782, -31.730559 ], [ -60.534814, -31.730615 ], [ -60.534852, -31.7306 ], [ -60.534865, -31.730594 ], [ -60.534873, -31.73061 ], [ -60.534928, -31.730587 ], [ -60.534888, -31.730519 ] ] ] ] } },
{ "type": "Feature", "properties": { "ogc_fid": 560, "nivel": 0.0, "ncp": "0030000008009", "observ": null, "proy nro": 708, "partmuni": 3652, "expte": "/", "link": "https://tramiteobra.parana.gob.ar/menuAutorizada/informacionAutorizada/ZFlgpwD4X_zv5hu-2WrxVSb1tg", "sup proy": 55.5, "sup_graf": null, "proyecto": "708", "tramite": "APROBACIÓN", "tipo_obra": "OBRA CIVIL" }, "geometry": { "type": "MultiPolygon", "coordinates": [ [ [ [ -60.534852, -31.7306 ], [ -60.534881, -31.730651 ], [ -60.534874, -31.730654 ], [ -60.534899, -31.730697 ], [ -60.534973, -31.730667 ], [ -60.534928, -31.730587 ], [ -60.534873, -31.73061 ], [ -60.534865, -31.730594 ], [ -60.534852, -31.7306 ] ] ] ] } },
{ "type": "Feature", "properties": { "ogc_fid": 561, "nivel": 0.0, "ncp": "0030000008009", "observ": null, "proy nro": 708, "partmuni": 3652, "expte": "/", "link": "https://tramiteobra.parana.gob.ar/menuAutorizada/informacionAutorizada/ZFlgpwD4X_zv5hu-2WrxVSb1tg", "sup proy": 55.5, "sup_graf": null, "proyecto": "708", "tramite": "APROBACIÓN", "tipo_obra": "OBRA CIVIL" }, "geometry": { "type": "MultiPolygon", "coordinates": [ [ [ [ -60.53506, -31.73082 ], [ -60.535026, -31.73076 ], [ -60.534967, -31.730784 ], [ -60.534979, -31.730806 ], [ -60.534976, -31.730808 ], [ -60.534987, -31.730827 ], [ -60.534991, -31.730825 ], [ -60.535002, -31.730844 ], [ -60.53506, -31.73082 ] ] ] ] } },
{ "type": "Feature", "properties": { "ogc_fid": 562, "nivel": 0.0, "ncp": "0020000065049", "observ": null, "proy nro": 701, "partmuni": 14730, "expte": "22252/2025", "link": "https://tramiteobra.parana.gob.ar/menuAutorizada/informacionAutorizada/ZFlgpwD4X_zv5hu-2WrxVSb1vw", "sup proy": 200.5, "sup_graf": null, "proyecto": "701", "tramite": "APROBACIÓN", "tipo_obra": "OBRA CIVIL" }, "geometry": { "type": "MultiPolygon", "coordinates": [ [ [ [ -60.532966, -31.738474 ], [ -60.53291, -31.738376 ], [ -60.533058, -31.73832 ], [ -60.533114, -31.738418 ], [ -60.532966, -31.738474 ] ] ] ] } },
{ "type": "Feature", "properties": { "ogc_fid": 563, "nivel": 0.0, "ncp": "0020000065049", "observ": null, "proy nro": 701, "partmuni": 14730, "expte": "22252/2025", "link": "https://tramiteobra.parana.gob.ar/menuAutorizada/informacionAutorizada/ZFlgpwD4X_zv5hu-2WrxVSb1vw", "sup proy": 200.5, "sup_graf": null, "proyecto": "701", "tramite": "APROBACIÓN", "tipo_obra": "OBRA CIVIL" }, "geometry": { "type": "MultiPolygon", "coordinates": [ [ [ [ -60.533098, -31.738384 ], [ -60.533138, -31.738369 ], [ -60.533128, -31.738351 ], [ -60.533249, -31.738305 ], [ -60.533235, -31.738279 ], [ -60.533319, -31.738252 ], [ -60.533359, -31.738325 ], [ -60.533117, -31.738417 ], [ -60.533098, -31.738384 ] ] ] ] } },
{ "type": "Feature", "properties": { "ogc_fid": 564, "nivel": 0.0, "ncp": "0040000093019", "observ": null, "proy nro": 693, "partmuni": 16886, "expte": "25646/2025", "link": "https://tramiteobra.parana.gob.ar/menuAutorizada/informacionAutorizada/ZFlgpwD4X_zv5hu-2WrxVSf8vQ", "sup proy": 52.5, "sup_graf": null, "proyecto": "693", "tramite": "APROBACIÓN", "tipo_obra": "OBRA CIVIL" }, "geometry": { "type": "MultiPolygon", "coordinates": [ [ [ [ -60.532584, -31.730144 ], [ -60.532553, -31.730155 ], [ -60.532542, -31.730127 ], [ -60.532376, -31.730188 ], [ -60.532387, -31.730215 ], [ -60.53241, -31.730206 ], [ -60.532416, -31.730221 ], [ -60.532393, -31.73023 ], [ -60.532408, -31.730267 ], [ -60.532612, -31.730193 ], [ -60.532584, -31.730144 ] ] ] ] } },
{ "type": "Feature", "properties": { "ogc_fid": 565, "nivel": 0.0, "ncp": "0141680014034", "observ": null, "proy nro": 686, "partmuni": 52183, "expte": "22954/2025", "link": "https://tramiteobra.parana.gob.ar/menuAutorizada/informacionAutorizada/ZFlgpwD4X_zv5hu-2WrxVSf9uA", "sup proy": 4.69, "sup_graf": null, "proyecto": "686", "tramite": "APROBACIÓN", "tipo_obra": "OBRA CIVIL" }, "geometry": { "type": "MultiPolygon", "coordinates": [ [ [ [ -60.465907, -31.754022 ], [ -60.465918, -31.754079 ], [ -60.465862, -31.754088 ], [ -60.465869, -31.754117 ], [ -60.465792, -31.754129 ], [ -60.465786, -31.754098 ], [ -60.465814, -31.754094 ], [ -60.465808, -31.754061 ], [ -60.46577, -31.754067 ], [ -60.465766, -31.754043 ], [ -60.465907, -31.754022 ] ] ] ] } },
{ "type": "Feature", "properties": { "ogc_fid": 619, "nivel": 0.0, "ncp": "0080180006009", "observ": null, "proy nro": 643, "partmuni": 46828, "expte": "28322/2025", "link": "https://tramiteobra.parana.gob.ar/menuAutorizada/informacionAutorizada/bQQX4gzH5VXFq_6lbeJ-Glvxog", "sup proy": 95.18, "sup_graf": null, "proyecto": "643", "tramite": "APROBACIÓN", "tipo_obra": "OBRA CIVIL" }, "geometry": { "type": "MultiPolygon", "coordinates": [ [ [ [ -60.486569, -31.733246 ], [ -60.486502, -31.733334 ], [ -60.486436, -31.733296 ], [ -60.48647, -31.733252 ], [ -60.486527, -31.733242 ], [ -60.486538, -31.733247 ], [ -60.486548, -31.733233 ], [ -60.486569, -31.733246 ] ] ] ] } },
{ "type": "Feature", "properties": { "ogc_fid": 266, "nivel": 2.0, "ncp": "0040000042001", "observ": null, "proy nro": 462, "partmuni": 15258, "expte": "31480/2024", "link": "https://tramiteobra.parana.gob.ar/menuAutorizada/informacionAutorizada/z-yyDEVXLayetp2zJw3FLNnyPg", "sup proy": 0.0, "sup_graf": 61, "proyecto": "462", "tramite": "APROBACIÓN", "tipo_obra": "OBRA CIVIL\t" }, "geometry": { "type": "MultiPolygon", "coordinates": [ [ [ [ -60.529058, -31.726005 ], [ -60.529069, -31.726036 ], [ -60.529066, -31.726037 ], [ -60.529076, -31.726065 ], [ -60.529135, -31.726048 ], [ -60.529124, -31.726021 ], [ -60.529098, -31.726029 ], [ -60.529088, -31.726 ], [ -60.52907, -31.726005 ], [ -60.529048, -31.725948 ], [ -60.529045, -31.725939 ], [ -60.529001, -31.725952 ], [ -60.529019, -31.725998 ], [ -60.529025, -31.726014 ], [ -60.529058, -31.726005 ] ] ] ] } },
{ "type": "Feature", "properties": { "ogc_fid": 270, "nivel": 5.0, "ncp": "0040000078039", "observ": null, "proy nro": 418, "partmuni": 17068, "expte": "32451/24", "link": "https://tramiteobra.parana.gob.ar/menuAutorizada/informacionAutorizada/NE0q7M6biesIFggqhj_BroIoZA", "sup proy": 0.0, "sup_graf": 247, "proyecto": "418", "tramite": "APROBACIÓN", "tipo_obra": "OBRA CIVIL (Con factibilidad previa)\t" }, "geometry": { "type": "MultiPolygon", "coordinates": [ [ [ [ -60.536738, -31.727083 ], [ -60.536646, -31.727115 ], [ -60.536758, -31.727367 ], [ -60.536827, -31.727343 ], [ -60.536812, -31.727302 ], [ -60.536796, -31.727254 ], [ -60.536785, -31.727214 ], [ -60.53677, -31.727172 ], [ -60.536741, -31.727096 ], [ -60.536738, -31.727083 ] ] ] ] } },
{ "type": "Feature", "properties": { "ogc_fid": 276, "nivel": 2.0, "ncp": "0010000083023", "observ": null, "proy nro": 362, "partmuni": 126685, "expte": "31992/24", "link": "https://tramiteobra.parana.gob.ar/menuAutorizada/informacionAutorizada/NE0q7M6biesIFggqhj_BroUvbg", "sup proy": 485.86, "sup_graf": 103, "proyecto": "362", "tramite": "APROBACIÓN\t", "tipo_obra": "OBRA CIVIL\t" }, "geometry": { "type": "MultiPolygon", "coordinates": [ [ [ [ -60.522974, -31.731052 ], [ -60.522876, -31.731084 ], [ -60.522921, -31.731172 ], [ -60.522923, -31.731171 ], [ -60.522971, -31.731153 ], [ -60.523017, -31.731136 ], [ -60.522974, -31.731052 ] ] ] ] } },
{ "type": "Feature", "properties": { "ogc_fid": 711, "nivel": 1.0, "ncp": "0040000070038", "observ": null, "proy nro": 929, "partmuni": 74329, "expte": "14469/2026", "link": "https://tramiteobra.parana.gob.ar/menuAutorizada/informacionAutorizada/opxaK4z9gk3V0zJ-2eDVhNGr0w", "sup proy": 103.16, "sup_graf": null, "proyecto": "929", "tramite": "APROBACIÓN", "tipo_obra": "OBRA CIVIL" }, "geometry": { "type": "MultiPolygon", "coordinates": [ [ [ [ -60.530892, -31.726658 ], [ -60.53075, -31.726697 ], [ -60.530744, -31.726699 ], [ -60.530765, -31.726749 ], [ -60.530911, -31.726705 ], [ -60.530892, -31.726658 ] ] ] ] } },
{ "type": "Feature", "properties": { "ogc_fid": 712, "nivel": 0.0, "ncp": "0040000070038", "observ": null, "proy nro": 929, "partmuni": 74329, "expte": "14469/2026", "link": "https://tramiteobra.parana.gob.ar/menuAutorizada/informacionAutorizada/opxaK4z9gk3V0zJ-2eDVhNGr0w", "sup proy": 103.16, "sup_graf": null, "proyecto": "929", "tramite": "APROBACIÓN", "tipo_obra": "OBRA CIVIL" }, "geometry": { "type": "MultiPolygon", "coordinates": [ [ [ [ -60.53075, -31.726697 ], [ -60.530735, -31.726678 ], [ -60.53065, -31.726716 ], [ -60.530691, -31.726771 ], [ -60.530765, -31.726749 ], [ -60.530744, -31.726699 ], [ -60.53075, -31.726697 ] ] ] ] } },
{ "type": "Feature", "properties": { "ogc_fid": 713, "nivel": 2.0, "ncp": "0150810001017", "observ": null, "proy nro": 939, "partmuni": 48728, "expte": "/", "link": "https://tramiteobra.parana.gob.ar/menuAutorizada/informacionAutorizada/opxaK4z9gk3V0zJ-2eDVhNGq0w", "sup proy": 1402.83, "sup_graf": null, "proyecto": "939", "tramite": "FACTIBILIDAD", "tipo_obra": "OBRA CIVIL (Con factibilidad previa)" }, "geometry": { "type": "MultiPolygon", "coordinates": [ [ [ [ -60.490523, -31.722164 ], [ -60.490515, -31.722122 ], [ -60.490489, -31.722005 ], [ -60.490583, -31.721991 ], [ -60.490605, -31.722089 ], [ -60.49061, -31.722089 ], [ -60.490619, -31.722128 ], [ -60.490613, -31.722129 ], [ -60.490617, -31.72215 ], [ -60.490523, -31.722164 ] ] ] ] } },
{ "type": "Feature", "properties": { "ogc_fid": 319, "nivel": 1.0, "ncp": "0090660012001", "observ": null, "proy nro": 537, "partmuni": 41898, "expte": "5919/2025", "link": "https://tramiteobra.parana.gob.ar/menuAutorizada/informacionAutorizada/z-yyDEVXLayetp2zJw3FLNj3Ow", "sup proy": 244.28, "sup_graf": 204, "proyecto": "537", "tramite": "APROBACIÓN", "tipo_obra": "OBRA CIVIL\t" }, "geometry": { "type": "MultiPolygon", "coordinates": [ [ [ [ -60.482927, -31.764788 ], [ -60.482984, -31.76478 ], [ -60.482986, -31.76479 ], [ -60.483031, -31.764783 ], [ -60.483065, -31.764964 ], [ -60.482965, -31.76498 ], [ -60.482927, -31.764788 ] ] ] ] } },
{ "type": "Feature", "properties": { "ogc_fid": 714, "nivel": 2.0, "ncp": "0150810001017", "observ": null, "proy nro": 939, "partmuni": 48728, "expte": "/", "link": "https://tramiteobra.parana.gob.ar/menuAutorizada/informacionAutorizada/opxaK4z9gk3V0zJ-2eDVhNGq0w", "sup proy": 1402.83, "sup_graf": null, "proyecto": "939", "tramite": "FACTIBILIDAD", "tipo_obra": "OBRA CIVIL (Con factibilidad previa)" }, "geometry": { "type": "MultiPolygon", "coordinates": [ [ [ [ -60.490179, -31.722054 ], [ -60.490085, -31.722068 ], [ -60.490122, -31.722241 ], [ -60.490216, -31.722227 ], [ -60.490204, -31.722172 ], [ -60.490179, -31.722054 ] ] ] ] } },
{ "type": "Feature", "properties": { "ogc_fid": 571, "nivel": 0.0, "ncp": "0140990001009", "observ": null, "proy nro": 797, "partmuni": 47504, "expte": "/", "link": "https://tramiteobra.parana.gob.ar/menuAutorizada/informacionAutorizada/RSXOOKfBNfMmVCzSuenrA2Y_qg", "sup proy": 118.7, "sup_graf": null, "proyecto": "797", "tramite": "APROBACIÓN", "tipo_obra": "OBRA CIVIL" }, "geometry": { "type": "MultiPolygon", "coordinates": [ [ [ [ -60.474529, -31.759061 ], [ -60.474515, -31.758994 ], [ -60.474356, -31.759017 ], [ -60.474365, -31.759066 ], [ -60.474415, -31.759059 ], [ -60.474419, -31.759077 ], [ -60.474529, -31.759061 ] ] ] ] } },
{ "type": "Feature", "properties": { "ogc_fid": 715, "nivel": 0.0, "ncp": "0150810001017", "observ": null, "proy nro": 939, "partmuni": 48728, "expte": "/", "link": "https://tramiteobra.parana.gob.ar/menuAutorizada/informacionAutorizada/opxaK4z9gk3V0zJ-2eDVhNGq0w", "sup proy": 1402.83, "sup_graf": null, "proyecto": "939", "tramite": "FACTIBILIDAD", "tipo_obra": "OBRA CIVIL (Con factibilidad previa)" }, "geometry": { "type": "MultiPolygon", "coordinates": [ [ [ [ -60.490179, -31.722054 ], [ -60.490489, -31.722005 ], [ -60.490515, -31.722122 ], [ -60.490204, -31.722172 ], [ -60.490179, -31.722054 ] ] ] ] } },
{ "type": "Feature", "properties": { "ogc_fid": 307, "nivel": 3.0, "ncp": "0030000038032", "observ": null, "proy nro": 451, "partmuni": 8344, "expte": "/", "link": "https://tramiteobra.parana.gob.ar/menuAutorizada/informacionAutorizada/z-yyDEVXLayetp2zJw3FLNnxPQ", "sup proy": 635.86, "sup_graf": 174, "proyecto": "451", "tramite": "APROBACIÓN", "tipo_obra": "OBRA CIVIL (Con factibilidad previa)\t" }, "geometry": { "type": "MultiPolygon", "coordinates": [ [ [ [ -60.53891, -31.733746 ], [ -60.538692, -31.733818 ], [ -60.538719, -31.733885 ], [ -60.538938, -31.733812 ], [ -60.53891, -31.733746 ] ] ] ] } },
{ "type": "Feature", "properties": { "ogc_fid": 716, "nivel": 0.0, "ncp": "0090660005010", "observ": null, "proy nro": 918, "partmuni": 41438, "expte": "/", "link": "https://tramiteobra.parana.gob.ar/menuAutorizada/informacionAutorizada/1CQ4XpcmgUk_xVhOP_UR75wdmA", "sup proy": 56.35, "sup_graf": null, "proyecto": "918", "tramite": "APROBACIÓN", "tipo_obra": "OBRA CIVIL" }, "geometry": { "type": "MultiPolygon", "coordinates": [ [ [ [ -60.482407, -31.764043 ], [ -60.482391, -31.763971 ], [ -60.482288, -31.763988 ], [ -60.48229, -31.764001 ], [ -60.482207, -31.764014 ], [ -60.48222, -31.764073 ], [ -60.482322, -31.764057 ], [ -60.482315, -31.764024 ], [ -60.482355, -31.764018 ], [ -60.482362, -31.76405 ], [ -60.482407, -31.764043 ] ] ] ] } },
{ "type": "Feature", "properties": { "ogc_fid": 322, "nivel": 1.0, "ncp": "0020000045026", "observ": null, "proy nro": 508, "partmuni": 14151, "expte": "4186/2025", "link": "https://tramiteobra.parana.gob.ar/menuAutorizada/informacionAutorizada/z-yyDEVXLayetp2zJw3FLNj0NA", "sup proy": 10.975, "sup_graf": 43, "proyecto": "508", "tramite": "APROBACIÓN", "tipo_obra": "OBRA CIVIL\t" }, "geometry": { "type": "MultiPolygon", "coordinates": [ [ [ [ -60.528697, -31.738325 ], [ -60.5287, -31.738331 ], [ -60.528659, -31.738351 ], [ -60.528674, -31.738376 ], [ -60.528761, -31.738333 ], [ -60.528761, -31.738332 ], [ -60.528792, -31.738316 ], [ -60.528778, -31.738294 ], [ -60.528748, -31.73831 ], [ -60.528742, -31.738302 ], [ -60.528697, -31.738325 ] ] ] ] } },
{ "type": "Feature", "properties": { "ogc_fid": 306, "nivel": 1.0, "ncp": "0150460018014", "observ": null, "proy nro": 483, "partmuni": 44812, "expte": "31514/2024", "link": "https://tramiteobra.parana.gob.ar/menuAutorizada/informacionAutorizada/z-yyDEVXLayetp2zJw3FLNn8Pw", "sup proy": 92.0, "sup_graf": 150, "proyecto": "483", "tramite": "APROBACIÓN", "tipo_obra": "OBRA CIVIL\t" }, "geometry": { "type": "MultiPolygon", "coordinates": [ [ [ [ -60.480004, -31.726823 ], [ -60.48002, -31.726899 ], [ -60.480087, -31.726889 ], [ -60.480089, -31.726894 ], [ -60.480117, -31.72689 ], [ -60.480112, -31.726866 ], [ -60.480179, -31.726856 ], [ -60.480163, -31.726773 ], [ -60.480067, -31.726787 ], [ -60.480072, -31.726813 ], [ -60.480013, -31.726822 ], [ -60.480013, -31.726821 ], [ -60.480004, -31.726823 ] ] ] ] } },
{ "type": "Feature", "properties": { "ogc_fid": 576, "nivel": 0.0, "ncp": "0060840014030", "observ": null, "proy nro": 881, "partmuni": 43302, "expte": "7346/2026", "link": "https://tramiteobra.parana.gob.ar/menuAutorizada/informacionAutorizada/zlKMJVKwBopr2QV8gwT93dBxAQ", "sup proy": 84.19, "sup_graf": null, "proyecto": "881", "tramite": "APROBACIÓN", "tipo_obra": "OBRA CIVIL" }, "geometry": { "type": "MultiPolygon", "coordinates": [ [ [ [ -60.540765, -31.770913 ], [ -60.540644, -31.770929 ], [ -60.54065, -31.770959 ], [ -60.540673, -31.770956 ], [ -60.540684, -31.771014 ], [ -60.540751, -31.771005 ], [ -60.540745, -31.770976 ], [ -60.540761, -31.770974 ], [ -60.540756, -31.770945 ], [ -60.540771, -31.770943 ], [ -60.540765, -31.770913 ] ] ] ] } },
{ "type": "Feature", "properties": { "ogc_fid": 572, "nivel": 0.0, "ncp": "0140990001009", "observ": null, "proy nro": 797, "partmuni": 47504, "expte": "/", "link": "https://tramiteobra.parana.gob.ar/menuAutorizada/informacionAutorizada/RSXOOKfBNfMmVCzSuenrA2Y_qg", "sup proy": 118.7, "sup_graf": null, "proyecto": "797", "tramite": "APROBACIÓN", "tipo_obra": "OBRA CIVIL" }, "geometry": { "type": "MultiPolygon", "coordinates": [ [ [ [ -60.474907, -31.759311 ], [ -60.474856, -31.759038 ], [ -60.474383, -31.759107 ], [ -60.474436, -31.759381 ], [ -60.474907, -31.759311 ] ] ] ] } },
{ "type": "Feature", "properties": { "ogc_fid": 573, "nivel": 0.0, "ncp": "0140990001009", "observ": null, "proy nro": 797, "partmuni": 47504, "expte": "/", "link": "https://tramiteobra.parana.gob.ar/menuAutorizada/informacionAutorizada/RSXOOKfBNfMmVCzSuenrA2Y_qg", "sup proy": 118.7, "sup_graf": null, "proyecto": "797", "tramite": "APROBACIÓN", "tipo_obra": "OBRA CIVIL" }, "geometry": { "type": "MultiPolygon", "coordinates": [ [ [ [ -60.474945, -31.758773 ], [ -60.474788, -31.757951 ], [ -60.474479, -31.757994 ], [ -60.474635, -31.758816 ], [ -60.474945, -31.758773 ] ] ] ] } },
{ "type": "Feature", "properties": { "ogc_fid": 574, "nivel": 0.0, "ncp": "0090620009021", "observ": null, "proy nro": 682, "partmuni": 91080, "expte": "23776/2025", "link": "https://tramiteobra.parana.gob.ar/menuAutorizada/informacionAutorizada/RSXOOKfBNfMmVCzSuenrA2c-rw", "sup proy": null, "sup_graf": null, "proyecto": "682", "tramite": "APROBACIÓN", "tipo_obra": "OBRA CIVIL" }, "geometry": { "type": "MultiPolygon", "coordinates": [ [ [ [ -60.496133, -31.773603 ], [ -60.496031, -31.773617 ], [ -60.495982, -31.773363 ], [ -60.496084, -31.773348 ], [ -60.496133, -31.773603 ] ] ] ] } },
{ "type": "Feature", "properties": { "ogc_fid": 310, "nivel": 14.0, "ncp": "0100020001046", "observ": null, "proy nro": 336, "partmuni": 45172, "expte": "32881/2024", "link": "https://tramiteobra.parana.gob.ar/menu/informacionAutorizada/r3A0Stswhz2_BFB6Ks2Q7kVu8A", "sup proy": 14633.0, "sup_graf": 538, "proyecto": "336", "tramite": "APROBACIÓN\t", "tipo_obra": "OBRA CIVIL (Con factibilidad previa)\t" }, "geometry": { "type": "MultiPolygon", "coordinates": [ [ [ [ -60.555486, -31.710029 ], [ -60.555287, -31.710127 ], [ -60.555325, -31.710184 ], [ -60.555374, -31.710255 ], [ -60.555385, -31.710249 ], [ -60.555434, -31.710322 ], [ -60.555611, -31.710234 ], [ -60.555562, -31.710162 ], [ -60.555574, -31.710157 ], [ -60.555526, -31.710086 ], [ -60.555486, -31.710029 ] ] ] ] } },
{ "type": "Feature", "properties": { "ogc_fid": 311, "nivel": 14.0, "ncp": "0100020001046", "observ": null, "proy nro": 336, "partmuni": 45172, "expte": "32881/2024", "link": "https://tramiteobra.parana.gob.ar/menu/informacionAutorizada/r3A0Stswhz2_BFB6Ks2Q7kVu8A", "sup proy": 14633.0, "sup_graf": 539, "proyecto": "336", "tramite": "APROBACIÓN\t", "tipo_obra": "OBRA CIVIL (Con factibilidad previa)\t" }, "geometry": { "type": "MultiPolygon", "coordinates": [ [ [ [ -60.555578, -31.709415 ], [ -60.555378, -31.709515 ], [ -60.555465, -31.709643 ], [ -60.555477, -31.709637 ], [ -60.555526, -31.709709 ], [ -60.555703, -31.709621 ], [ -60.555653, -31.709549 ], [ -60.555665, -31.709543 ], [ -60.555616, -31.709472 ], [ -60.555578, -31.709415 ] ] ] ] } },
{ "type": "Feature", "properties": { "ogc_fid": 566, "nivel": 0.0, "ncp": "0030000033026", "observ": null, "proy nro": 868, "partmuni": 9869, "expte": "3150/2026", "link": "https://tramiteobra.parana.gob.ar/menuAutorizada/informacionAutorizada/RSXOOKfBNfMmVCzSuenrA2kwpQ", "sup proy": 18.9, "sup_graf": null, "proyecto": "868", "tramite": "APROBACIÓN", "tipo_obra": "OBRA CIVIL" }, "geometry": { "type": "MultiPolygon", "coordinates": [ [ [ [ -60.535241, -31.734619 ], [ -60.535299, -31.734592 ], [ -60.535256, -31.734511 ], [ -60.535124, -31.73457 ], [ -60.535154, -31.734623 ], [ -60.535222, -31.734591 ], [ -60.535241, -31.734619 ] ] ] ] } },
{ "type": "Feature", "properties": { "ogc_fid": 320, "nivel": 0.0, "ncp": "0080400010050", "observ": null, "proy nro": 524, "partmuni": 5460, "expte": "9407/2025", "link": "https://tramiteobra.parana.gob.ar/menuAutorizada/informacionAutorizada/z-yyDEVXLayetp2zJw3FLNj2OA", "sup proy": 307.26, "sup_graf": 297, "proyecto": "524", "tramite": "APROBACIÓN", "tipo_obra": "OBRA CIVIL\t" }, "geometry": { "type": "MultiPolygon", "coordinates": [ [ [ [ -60.516357, -31.735712 ], [ -60.516354, -31.735645 ], [ -60.515933, -31.735714 ], [ -60.515947, -31.735779 ], [ -60.516357, -31.735712 ] ] ] ] } },
{ "type": "Feature", "properties": { "ogc_fid": 626, "nivel": 0.0, "ncp": "0090910028001", "observ": null, "proy nro": 599, "partmuni": 25486, "expte": "/", "link": "https://tramiteobra.parana.gob.ar/menuAutorizada/informacionAutorizada/bQQX4gzH5VXFq_6lbeJ-Glj8qA", "sup proy": null, "sup_graf": null, "proyecto": "599", "tramite": "USO CONFORME PREVIO", "tipo_obra": "URBANIZACIONES" }, "geometry": { "type": "MultiPolygon", "coordinates": [ [ [ [ -60.497648, -31.779805 ], [ -60.496388, -31.779996 ], [ -60.496481, -31.780447 ], [ -60.496533, -31.780478 ], [ -60.497703, -31.780301 ], [ -60.49774, -31.780256 ], [ -60.497648, -31.779805 ] ] ] ] } },
{ "type": "Feature", "properties": { "ogc_fid": 627, "nivel": 0.0, "ncp": "0090910028001", "observ": null, "proy nro": 599, "partmuni": 25486, "expte": "/", "link": "https://tramiteobra.parana.gob.ar/menuAutorizada/informacionAutorizada/bQQX4gzH5VXFq_6lbeJ-Glj8qA", "sup proy": null, "sup_graf": null, "proyecto": "599", "tramite": "USO CONFORME PREVIO", "tipo_obra": "URBANIZACIONES" }, "geometry": { "type": "MultiPolygon", "coordinates": [ [ [ [ -60.497877, -31.780924 ], [ -60.497782, -31.780466 ], [ -60.49773, -31.780433 ], [ -60.49656, -31.780611 ], [ -60.496522, -31.780655 ], [ -60.496618, -31.781115 ], [ -60.49667, -31.781146 ], [ -60.497841, -31.780968 ], [ -60.497877, -31.780924 ] ] ] ] } },
{ "type": "Feature", "properties": { "ogc_fid": 628, "nivel": 0.0, "ncp": "0090910028001", "observ": null, "proy nro": 599, "partmuni": 25486, "expte": "/", "link": "https://tramiteobra.parana.gob.ar/menuAutorizada/informacionAutorizada/bQQX4gzH5VXFq_6lbeJ-Glj8qA", "sup proy": null, "sup_graf": null, "proyecto": "599", "tramite": "USO CONFORME PREVIO", "tipo_obra": "URBANIZACIONES" }, "geometry": { "type": "MultiPolygon", "coordinates": [ [ [ [ -60.499271, -31.780711 ], [ -60.499188, -31.780252 ], [ -60.499137, -31.780219 ], [ -60.497979, -31.780395 ], [ -60.49794, -31.780441 ], [ -60.498033, -31.780898 ], [ -60.498086, -31.78093 ], [ -60.499235, -31.780756 ], [ -60.499271, -31.780711 ] ] ] ] } },
{ "type": "Feature", "properties": { "ogc_fid": 461, "nivel": 0.0, "ncp": "0090420034009", "observ": null, "proy nro": 734, "partmuni": 91199, "expte": "1640/2026", "link": "https://tramiteobra.parana.gob.ar/menuAutorizada/informacionAutorizada/NOaQRDebR8Z1QW6_E4qhshnrmg", "sup proy": 58.6, "sup_graf": null, "proyecto": "734", "tramite": "APROBACIÓN", "tipo_obra": "OBRA CIVIL" }, "geometry": { "type": "MultiPolygon", "coordinates": [ [ [ [ -60.486669, -31.745822 ], [ -60.48666, -31.745778 ], [ -60.48668, -31.745775 ], [ -60.486682, -31.745787 ], [ -60.486767, -31.745774 ], [ -60.486773, -31.745805 ], [ -60.486669, -31.745822 ] ] ] ] } },
{ "type": "Feature", "properties": { "ogc_fid": 467, "nivel": 0.0, "ncp": "0070600003012", "observ": null, "proy nro": 842, "partmuni": 34999, "expte": "4633/2026", "link": "https://tramiteobra.parana.gob.ar/menuAutorizada/informacionAutorizada/ey9wRDJzHzCZpUGGQnuf8uGvUQ", "sup proy": 96.15, "sup_graf": null, "proyecto": "842", "tramite": "APROBACIÓN", "tipo_obra": "OBRA CIVIL" }, "geometry": { "type": "MultiPolygon", "coordinates": [ [ [ [ -60.507688, -31.769738 ], [ -60.507676, -31.769679 ], [ -60.507524, -31.769703 ], [ -60.507536, -31.769763 ], [ -60.507688, -31.769738 ] ] ] ] } },
{ "type": "Feature", "properties": { "ogc_fid": 717, "nivel": 3.0, "ncp": "0020000085001", "observ": null, "proy nro": 897, "partmuni": 13079, "expte": "14856/2026", "link": "https://tramiteobra.parana.gob.ar/menuAutorizada/informacionAutorizada/1CQ4XpcmgUk_xVhOP_UR750Vlw", "sup proy": 721.37, "sup_graf": null, "proyecto": "897", "tramite": "APROBACIÓN", "tipo_obra": "OBRA CIVIL" }, "geometry": { "type": "MultiPolygon", "coordinates": [ [ [ [ -60.527731, -31.742168 ], [ -60.527644, -31.742037 ], [ -60.527585, -31.742027 ], [ -60.527543, -31.74206 ], [ -60.527596, -31.74213 ], [ -60.527623, -31.742114 ], [ -60.527642, -31.742139 ], [ -60.527615, -31.742155 ], [ -60.527655, -31.742208 ], [ -60.527731, -31.742168 ] ] ] ] } },
{ "type": "Feature", "properties": { "ogc_fid": 718, "nivel": 0.0, "ncp": "0090640001005", "observ": null, "proy nro": 800, "partmuni": 25090, "expte": "14424/2026", "link": "https://tramiteobra.parana.gob.ar/menuAutorizada/informacionAutorizada/1CQ4XpcmgUk_xVhOP_UR750ckA", "sup proy": 1278.9, "sup_graf": null, "proyecto": "800", "tramite": "APROBACIÓN", "tipo_obra": "URBANIZACIONES ESPECIALES" }, "geometry": { "type": "MultiPolygon", "coordinates": [ [ [ [ -60.486558, -31.772972 ], [ -60.486465, -31.772987 ], [ -60.48646, -31.772966 ], [ -60.486484, -31.772962 ], [ -60.486477, -31.772926 ], [ -60.486546, -31.772916 ], [ -60.486558, -31.772972 ] ] ] ] } },
{ "type": "Feature", "properties": { "ogc_fid": 326, "nivel": 0.0, "ncp": "0150480004021", "observ": null, "proy nro": 466, "partmuni": 41084, "expte": "11940/2025", "link": "https://tramiteobra.parana.gob.ar/menuAutorizada/informacionAutorizada/z-yyDEVXLayetp2zJw3FLNnyOg", "sup proy": 146.385, "sup_graf": 235, "proyecto": "466", "tramite": "APROBACIÓN", "tipo_obra": "OBRA CIVIL\t" }, "geometry": { "type": "MultiPolygon", "coordinates": [ [ [ [ -60.479471, -31.717115 ], [ -60.479314, -31.717138 ], [ -60.479345, -31.717264 ], [ -60.479404, -31.717255 ], [ -60.479407, -31.717266 ], [ -60.479478, -31.717256 ], [ -60.479475, -31.717244 ], [ -60.479519, -31.717238 ], [ -60.479504, -31.717173 ], [ -60.479486, -31.717176 ], [ -60.479471, -31.717115 ] ] ] ] } },
{ "type": "Feature", "properties": { "ogc_fid": 327, "nivel": 0.0, "ncp": "0060850010026", "observ": null, "proy nro": 465, "partmuni": 41416, "expte": "/", "link": "https://tramiteobra.parana.gob.ar/menuAutorizada/informacionAutorizada/z-yyDEVXLayetp2zJw3FLNnyOQ", "sup proy": 71.71, "sup_graf": 69, "proyecto": "465", "tramite": "APROBACIÓN", "tipo_obra": "OBRA CIVIL\t" }, "geometry": { "type": "MultiPolygon", "coordinates": [ [ [ [ -60.535132, -31.772119 ], [ -60.535013, -31.772139 ], [ -60.535019, -31.772166 ], [ -60.535042, -31.772163 ], [ -60.535047, -31.772189 ], [ -60.535034, -31.772192 ], [ -60.535037, -31.772208 ], [ -60.535118, -31.772195 ], [ -60.535109, -31.772152 ], [ -60.535134, -31.772148 ], [ -60.535128, -31.772124 ], [ -60.535133, -31.772124 ], [ -60.535132, -31.772119 ] ] ] ] } },
{ "type": "Feature", "properties": { "ogc_fid": 575, "nivel": 3.0, "ncp": "0060340019003", "observ": null, "proy nro": 365, "partmuni": 46711, "expte": "/", "link": "https://tramiteobra.parana.gob.ar/menuAutorizada/informacionAutorizada/RSXOOKfBNfMmVCzSuenrA2IwqA", "sup proy": 1684.6, "sup_graf": null, "proyecto": "365", "tramite": "FACTIBILIDAD", "tipo_obra": "OBRA CIVIL (Con factibilidad previa)" }, "geometry": { "type": "MultiPolygon", "coordinates": [ [ [ [ -60.534682, -31.749755 ], [ -60.534523, -31.749658 ], [ -60.53437, -31.749848 ], [ -60.534529, -31.749944 ], [ -60.534682, -31.749755 ] ] ] ] } },
{ "type": "Feature", "properties": { "ogc_fid": 620, "nivel": 3.0, "ncp": "0010000029006", "observ": null, "proy nro": 641, "partmuni": 23106, "expte": "19972/2025", "link": "https://tramiteobra.parana.gob.ar/menuAutorizada/informacionAutorizada/bQQX4gzH5VXFq_6lbeJ-GlvxoA", "sup proy": 6755.235, "sup_graf": null, "proyecto": "641", "tramite": "FACTIBILIDAD", "tipo_obra": "OBRA CIVIL (Con factibilidad previa)" }, "geometry": { "type": "MultiPolygon", "coordinates": [ [ [ [ -60.521413, -31.722183 ], [ -60.521205, -31.721796 ], [ -60.520875, -31.721915 ], [ -60.521065, -31.722309 ], [ -60.521413, -31.722183 ] ] ] ] } },
{ "type": "Feature", "properties": { "ogc_fid": 621, "nivel": 10.0, "ncp": "0040000020015", "observ": null, "proy nro": 640, "partmuni": 10346, "expte": "17967/2025", "link": "https://tramiteobra.parana.gob.ar/menuAutorizada/informacionAutorizada/bQQX4gzH5VXFq_6lbeJ-GlvxoQ", "sup proy": 3314.51, "sup_graf": null, "proyecto": "640", "tramite": "FACTIBILIDAD", "tipo_obra": "OBRA CIVIL (Con factibilidad previa)" }, "geometry": { "type": "MultiPolygon", "coordinates": [ [ [ [ -60.527978, -31.722502 ], [ -60.528231, -31.722431 ], [ -60.528264, -31.722519 ], [ -60.52801, -31.72259 ], [ -60.527978, -31.722502 ] ] ] ] } },
{ "type": "Feature", "properties": { "ogc_fid": 622, "nivel": 14.0, "ncp": "0040000018012", "observ": null, "proy nro": 636, "partmuni": 13305, "expte": "24765/2025", "link": "https://tramiteobra.parana.gob.ar/menuAutorizada/informacionAutorizada/bQQX4gzH5VXFq_6lbeJ-Glv2pw", "sup proy": 3143.355, "sup_graf": null, "proyecto": "636", "tramite": "FACTIBILIDAD", "tipo_obra": "OBRA CIVIL (Con factibilidad previa)" }, "geometry": { "type": "MultiPolygon", "coordinates": [ [ [ [ -60.530532, -31.72146 ], [ -60.530509, -31.721383 ], [ -60.530287, -31.72143 ], [ -60.53031, -31.721507 ], [ -60.530532, -31.72146 ] ] ] ] } },
{ "type": "Feature", "properties": { "ogc_fid": 623, "nivel": 1.0, "ncp": "0070600017006", "observ": null, "proy nro": 623, "partmuni": 90199, "expte": "29206/2025", "link": "https://tramiteobra.parana.gob.ar/menuAutorizada/informacionAutorizada/bQQX4gzH5VXFq_6lbeJ-Glv3og", "sup proy": 357.24, "sup_graf": null, "proyecto": "623", "tramite": "APROBACIÓN", "tipo_obra": "OBRA CIVIL (Con factibilidad previa)" }, "geometry": { "type": "MultiPolygon", "coordinates": [ [ [ [ -60.50762, -31.771989 ], [ -60.507595, -31.771873 ], [ -60.507439, -31.771897 ], [ -60.507445, -31.771927 ], [ -60.507454, -31.771926 ], [ -60.507458, -31.771944 ], [ -60.507449, -31.771945 ], [ -60.507456, -31.771976 ], [ -60.507464, -31.771974 ], [ -60.507466, -31.771982 ], [ -60.507458, -31.771984 ], [ -60.507464, -31.772015 ], [ -60.50762, -31.771989 ] ] ] ] } },
{ "type": "Feature", "properties": { "ogc_fid": 625, "nivel": 0.0, "ncp": "0090910028001", "observ": null, "proy nro": 599, "partmuni": 25486, "expte": "/", "link": "https://tramiteobra.parana.gob.ar/menuAutorizada/informacionAutorizada/bQQX4gzH5VXFq_6lbeJ-Glj8qA", "sup proy": null, "sup_graf": null, "proyecto": "599", "tramite": "USO CONFORME PREVIO", "tipo_obra": "URBANIZACIONES" }, "geometry": { "type": "MultiPolygon", "coordinates": [ [ [ [ -60.497802, -31.779782 ], [ -60.497897, -31.780231 ], [ -60.49795, -31.780262 ], [ -60.499089, -31.780088 ], [ -60.499127, -31.780045 ], [ -60.499033, -31.779593 ], [ -60.497802, -31.779782 ] ] ] ] } },
{ "type": "Feature", "properties": { "ogc_fid": 473, "nivel": 0.0, "ncp": "0060500032022", "observ": null, "proy nro": 828, "partmuni": 46438, "expte": "2653/2026", "link": "https://tramiteobra.parana.gob.ar/menuAutorizada/informacionAutorizada/ancu5YJAL9j3qD1g26diKqeOYA", "sup proy": 261.44, "sup_graf": null, "proyecto": "828", "tramite": "APROBACIÓN", "tipo_obra": "OBRA CIVIL" }, "geometry": { "type": "MultiPolygon", "coordinates": [ [ [ [ -60.53195, -31.753883 ], [ -60.531923, -31.75382 ], [ -60.531975, -31.753766 ], [ -60.532025, -31.753776 ], [ -60.532042, -31.753842 ], [ -60.531999, -31.753861 ], [ -60.532006, -31.753873 ], [ -60.531969, -31.75389 ], [ -60.531963, -31.753877 ], [ -60.53195, -31.753883 ] ] ] ] } },
{ "type": "Feature", "properties": { "ogc_fid": 346, "nivel": 0.0, "ncp": "0143110001010", "observ": null, "proy nro": 303, "partmuni": 43037, "expte": "1552/2025", "link": "https://tramiteobra.parana.gob.ar/menu/informacionAutorizada/wMS9CyLbTvvogYhUaDqXy11ydw", "sup proy": 4800.0, "sup_graf": 199, "proyecto": "303", "tramite": "APROBACIÓN", "tipo_obra": "OBRA CIVIL (Con factibilidad previa)\t" }, "geometry": { "type": "MultiPolygon", "coordinates": [ [ [ [ -60.433948, -31.739028 ], [ -60.433827, -31.739047 ], [ -60.43386, -31.7392 ], [ -60.43398, -31.739181 ], [ -60.433948, -31.739028 ] ] ] ] } },
{ "type": "Feature", "properties": { "ogc_fid": 347, "nivel": 0.0, "ncp": "0143110001010", "observ": null, "proy nro": 303, "partmuni": 43037, "expte": "1552/2025", "link": "https://tramiteobra.parana.gob.ar/menu/informacionAutorizada/wMS9CyLbTvvogYhUaDqXy11ydw", "sup proy": 4800.0, "sup_graf": 199, "proyecto": "303", "tramite": "APROBACIÓN", "tipo_obra": "OBRA CIVIL (Con factibilidad previa)\t" }, "geometry": { "type": "MultiPolygon", "coordinates": [ [ [ [ -60.433691, -31.739068 ], [ -60.433571, -31.739087 ], [ -60.433603, -31.739239 ], [ -60.433723, -31.739221 ], [ -60.433691, -31.739068 ] ] ] ] } },
{ "type": "Feature", "properties": { "ogc_fid": 348, "nivel": 0.0, "ncp": "0143110001010", "observ": null, "proy nro": 303, "partmuni": 43037, "expte": "1552/2025", "link": "https://tramiteobra.parana.gob.ar/menu/informacionAutorizada/wMS9CyLbTvvogYhUaDqXy11ydw", "sup proy": 4800.0, "sup_graf": 199, "proyecto": "303", "tramite": "APROBACIÓN", "tipo_obra": "OBRA CIVIL (Con factibilidad previa)\t" }, "geometry": { "type": "MultiPolygon", "coordinates": [ [ [ [ -60.433571, -31.739087 ], [ -60.433451, -31.739105 ], [ -60.433483, -31.739258 ], [ -60.433603, -31.739239 ], [ -60.433571, -31.739087 ] ] ] ] } },
{ "type": "Feature", "properties": { "ogc_fid": 349, "nivel": 0.0, "ncp": "0143110001010", "observ": null, "proy nro": 303, "partmuni": 43037, "expte": "1552/2025", "link": "https://tramiteobra.parana.gob.ar/menu/informacionAutorizada/wMS9CyLbTvvogYhUaDqXy11ydw", "sup proy": 4800.0, "sup_graf": 199, "proyecto": "303", "tramite": "APROBACIÓN", "tipo_obra": "OBRA CIVIL (Con factibilidad previa)\t" }, "geometry": { "type": "MultiPolygon", "coordinates": [ [ [ [ -60.433315, -31.739127 ], [ -60.433194, -31.739145 ], [ -60.433227, -31.739298 ], [ -60.433347, -31.739279 ], [ -60.433315, -31.739127 ] ] ] ] } },
{ "type": "Feature", "properties": { "ogc_fid": 350, "nivel": 0.0, "ncp": "0143110001010", "observ": null, "proy nro": 303, "partmuni": 43037, "expte": "1552/2025", "link": "https://tramiteobra.parana.gob.ar/menu/informacionAutorizada/wMS9CyLbTvvogYhUaDqXy11ydw", "sup proy": 4800.0, "sup_graf": 199, "proyecto": "303", "tramite": "APROBACIÓN", "tipo_obra": "OBRA CIVIL (Con factibilidad previa)\t" }, "geometry": { "type": "MultiPolygon", "coordinates": [ [ [ [ -60.433194, -31.739145 ], [ -60.433074, -31.739164 ], [ -60.433106, -31.739317 ], [ -60.433227, -31.739298 ], [ -60.433194, -31.739145 ] ] ] ] } },
{ "type": "Feature", "properties": { "ogc_fid": 351, "nivel": 0.0, "ncp": "0143110001010", "observ": null, "proy nro": 303, "partmuni": 43037, "expte": "1552/2025", "link": "https://tramiteobra.parana.gob.ar/menu/informacionAutorizada/wMS9CyLbTvvogYhUaDqXy11ydw", "sup proy": 4800.0, "sup_graf": 199, "proyecto": "303", "tramite": "APROBACIÓN", "tipo_obra": "OBRA CIVIL (Con factibilidad previa)\t" }, "geometry": { "type": "MultiPolygon", "coordinates": [ [ [ [ -60.432938, -31.739185 ], [ -60.432818, -31.739204 ], [ -60.43285, -31.739356 ], [ -60.43297, -31.739337 ], [ -60.432938, -31.739185 ] ] ] ] } },
{ "type": "Feature", "properties": { "ogc_fid": 352, "nivel": 0.0, "ncp": "0143110001010", "observ": null, "proy nro": 303, "partmuni": 43037, "expte": "1552/2025", "link": "https://tramiteobra.parana.gob.ar/menu/informacionAutorizada/wMS9CyLbTvvogYhUaDqXy11ydw", "sup proy": 4800.0, "sup_graf": 199, "proyecto": "303", "tramite": "APROBACIÓN", "tipo_obra": "OBRA CIVIL (Con factibilidad previa)\t" }, "geometry": { "type": "MultiPolygon", "coordinates": [ [ [ [ -60.432818, -31.739204 ], [ -60.432697, -31.739222 ], [ -60.432729, -31.739375 ], [ -60.43285, -31.739356 ], [ -60.432818, -31.739204 ] ] ] ] } },
{ "type": "Feature", "properties": { "ogc_fid": 353, "nivel": 0.0, "ncp": "0143110001010", "observ": null, "proy nro": 303, "partmuni": 43037, "expte": "1552/2025", "link": "https://tramiteobra.parana.gob.ar/menu/informacionAutorizada/wMS9CyLbTvvogYhUaDqXy11ydw", "sup proy": 4800.0, "sup_graf": 202, "proyecto": "303", "tramite": "APROBACIÓN", "tipo_obra": "OBRA CIVIL (Con factibilidad previa)\t" }, "geometry": { "type": "MultiPolygon", "coordinates": [ [ [ [ -60.432186, -31.739301 ], [ -60.432064, -31.73932 ], [ -60.432096, -31.739473 ], [ -60.432218, -31.739454 ], [ -60.432186, -31.739301 ] ] ] ] } },
{ "type": "Feature", "properties": { "ogc_fid": 354, "nivel": 0.0, "ncp": "0143110001010", "observ": null, "proy nro": 303, "partmuni": 43037, "expte": "1552/2025", "link": "https://tramiteobra.parana.gob.ar/menu/informacionAutorizada/wMS9CyLbTvvogYhUaDqXy11ydw", "sup proy": 4800.0, "sup_graf": 202, "proyecto": "303", "tramite": "APROBACIÓN", "tipo_obra": "OBRA CIVIL (Con factibilidad previa)\t" }, "geometry": { "type": "MultiPolygon", "coordinates": [ [ [ [ -60.432119, -31.738984 ], [ -60.431997, -31.739003 ], [ -60.432029, -31.739156 ], [ -60.432151, -31.739137 ], [ -60.432119, -31.738984 ] ] ] ] } },
{ "type": "Feature", "properties": { "ogc_fid": 355, "nivel": 0.0, "ncp": "0143110001010", "observ": null, "proy nro": 303, "partmuni": 43037, "expte": "1552/2025", "link": "https://tramiteobra.parana.gob.ar/menu/informacionAutorizada/wMS9CyLbTvvogYhUaDqXy11ydw", "sup proy": 4800.0, "sup_graf": 200, "proyecto": "303", "tramite": "APROBACIÓN", "tipo_obra": "OBRA CIVIL (Con factibilidad previa)\t" }, "geometry": { "type": "MultiPolygon", "coordinates": [ [ [ [ -60.432406, -31.739097 ], [ -60.432374, -31.738944 ], [ -60.432253, -31.738963 ], [ -60.432285, -31.739116 ], [ -60.432406, -31.739097 ] ] ] ] } },
{ "type": "Feature", "properties": { "ogc_fid": 577, "nivel": 0.0, "ncp": "0090620017010", "observ": null, "proy nro": 679, "partmuni": 41826, "expte": "27581/2025", "link": "https://tramiteobra.parana.gob.ar/menuAutorizada/informacionAutorizada/zlKMJVKwBopr2QV8gwT93d5-CQ", "sup proy": 44.3, "sup_graf": null, "proyecto": "679", "tramite": "APROBACIÓN", "tipo_obra": "OBRA CIVIL" }, "geometry": { "type": "MultiPolygon", "coordinates": [ [ [ [ -60.496633, -31.774967 ], [ -60.496557, -31.774978 ], [ -60.496552, -31.774955 ], [ -60.496504, -31.774962 ], [ -60.496504, -31.774966 ], [ -60.496325, -31.774992 ], [ -60.496334, -31.775038 ], [ -60.496638, -31.774995 ], [ -60.496633, -31.774967 ] ] ] ] } },
{ "type": "Feature", "properties": { "ogc_fid": 578, "nivel": 1.0, "ncp": "0090620017010", "observ": null, "proy nro": 679, "partmuni": 41826, "expte": "27581/2025", "link": "https://tramiteobra.parana.gob.ar/menuAutorizada/informacionAutorizada/zlKMJVKwBopr2QV8gwT93d5-CQ", "sup proy": 44.3, "sup_graf": null, "proyecto": "679", "tramite": "APROBACIÓN", "tipo_obra": "OBRA CIVIL" }, "geometry": { "type": "MultiPolygon", "coordinates": [ [ [ [ -60.496633, -31.774967 ], [ -60.496622, -31.774909 ], [ -60.496545, -31.77492 ], [ -60.496552, -31.774955 ], [ -60.496557, -31.774978 ], [ -60.496633, -31.774967 ] ] ] ] } },
{ "type": "Feature", "properties": { "ogc_fid": 579, "nivel": 0.0, "ncp": "0150830001001", "observ": null, "proy nro": 678, "partmuni": 48118, "expte": "23372/2025", "link": "https://tramiteobra.parana.gob.ar/menuAutorizada/informacionAutorizada/zlKMJVKwBopr2QV8gwT93d5-CA", "sup proy": 343.85, "sup_graf": null, "proyecto": "678", "tramite": "APROBACIÓN", "tipo_obra": "OBRA CIVIL" }, "geometry": { "type": "MultiPolygon", "coordinates": [ [ [ [ -60.488422, -31.714452 ], [ -60.488434, -31.714517 ], [ -60.488605, -31.714493 ], [ -60.488621, -31.714575 ], [ -60.488846, -31.714543 ], [ -60.488817, -31.714395 ], [ -60.488422, -31.714452 ] ] ] ] } },
{ "type": "Feature", "properties": { "ogc_fid": 581, "nivel": 1.0, "ncp": "0080790017023", "observ": null, "proy nro": 676, "partmuni": 63282, "expte": "29481/2025", "link": "https://tramiteobra.parana.gob.ar/menuAutorizada/informacionAutorizada/zlKMJVKwBopr2QV8gwT93d5-Bg", "sup proy": 52.35, "sup_graf": null, "proyecto": "676", "tramite": "APROBACIÓN", "tipo_obra": "OBRA CIVIL" }, "geometry": { "type": "MultiPolygon", "coordinates": [ [ [ [ -60.496497, -31.734066 ], [ -60.496487, -31.73402 ], [ -60.496518, -31.734015 ], [ -60.496509, -31.733976 ], [ -60.496413, -31.733992 ], [ -60.496426, -31.73405 ], [ -60.49647, -31.734043 ], [ -60.496476, -31.734069 ], [ -60.496497, -31.734066 ] ] ] ] } },
{ "type": "Feature", "properties": { "ogc_fid": 522, "nivel": 2.0, "ncp": "0040000054009", "observ": null, "proy nro": 619, "partmuni": 15772, "expte": "27336/2025", "link": "https://tramiteobra.parana.gob.ar/menuAutorizada/informacionAutorizada/z-yyDEVXLayetp2zJw3FLNv1NQ", "sup proy": 5199.74, "sup_graf": null, "proyecto": "619", "tramite": "APROBACIÓN", "tipo_obra": "OBRA CIVIL (Con factibilidad previa)\t" }, "geometry": { "type": "MultiPolygon", "coordinates": [ [ [ [ -60.532154, -31.724973 ], [ -60.532168, -31.725025 ], [ -60.532018, -31.725086 ], [ -60.531991, -31.725039 ], [ -60.532154, -31.724973 ] ] ] ] } },
{ "type": "Feature", "properties": { "ogc_fid": 583, "nivel": 0.0, "ncp": "0121240001054", "observ": null, "proy nro": 845, "partmuni": 54942, "expte": "8015/2026", "link": "https://tramiteobra.parana.gob.ar/menuAutorizada/informacionAutorizada/_MzIrVzFtATSEnMMnuPZs9uH1w", "sup proy": 337.33, "sup_graf": null, "proyecto": "845", "tramite": "APROBACIÓN", "tipo_obra": "OBRA CIVIL" }, "geometry": { "type": "MultiPolygon", "coordinates": [ [ [ [ -60.489714, -31.787203 ], [ -60.489641, -31.786845 ], [ -60.489768, -31.786826 ], [ -60.489826, -31.78711 ], [ -60.489752, -31.787121 ], [ -60.489767, -31.787195 ], [ -60.489714, -31.787203 ] ] ] ] } },
{ "type": "Feature", "properties": { "ogc_fid": 356, "nivel": 0.0, "ncp": "0143110001010", "observ": null, "proy nro": 303, "partmuni": 43037, "expte": "1552/2025", "link": "https://tramiteobra.parana.gob.ar/menu/informacionAutorizada/wMS9CyLbTvvogYhUaDqXy11ydw", "sup proy": 4800.0, "sup_graf": 199, "proyecto": "303", "tramite": "APROBACIÓN", "tipo_obra": "OBRA CIVIL (Con factibilidad previa)\t" }, "geometry": { "type": "MultiPolygon", "coordinates": [ [ [ [ -60.432374, -31.738944 ], [ -60.432494, -31.738926 ], [ -60.432526, -31.739078 ], [ -60.432406, -31.739097 ], [ -60.432374, -31.738944 ] ] ] ] } },
{ "type": "Feature", "properties": { "ogc_fid": 357, "nivel": 0.0, "ncp": "0143110001010", "observ": null, "proy nro": 303, "partmuni": 43037, "expte": "1552/2025", "link": "https://tramiteobra.parana.gob.ar/menu/informacionAutorizada/wMS9CyLbTvvogYhUaDqXy11ydw", "sup proy": 4800.0, "sup_graf": 199, "proyecto": "303", "tramite": "APROBACIÓN", "tipo_obra": "OBRA CIVIL (Con factibilidad previa)\t" }, "geometry": { "type": "MultiPolygon", "coordinates": [ [ [ [ -60.432782, -31.739039 ], [ -60.432751, -31.738886 ], [ -60.43263, -31.738905 ], [ -60.432662, -31.739057 ], [ -60.432782, -31.739039 ] ] ] ] } },
{ "type": "Feature", "properties": { "ogc_fid": 358, "nivel": 0.0, "ncp": "0143110001010", "observ": null, "proy nro": 303, "partmuni": 43037, "expte": "1552/2025", "link": "https://tramiteobra.parana.gob.ar/menu/informacionAutorizada/wMS9CyLbTvvogYhUaDqXy11ydw", "sup proy": 4800.0, "sup_graf": 199, "proyecto": "303", "tramite": "APROBACIÓN", "tipo_obra": "OBRA CIVIL (Con factibilidad previa)\t" }, "geometry": { "type": "MultiPolygon", "coordinates": [ [ [ [ -60.432751, -31.738886 ], [ -60.43287, -31.738868 ], [ -60.432903, -31.73902 ], [ -60.432782, -31.739039 ], [ -60.432751, -31.738886 ] ] ] ] } },
{ "type": "Feature", "properties": { "ogc_fid": 719, "nivel": 0.0, "ncp": "0090640001005", "observ": null, "proy nro": 800, "partmuni": 25090, "expte": "14424/2026", "link": "https://tramiteobra.parana.gob.ar/menuAutorizada/informacionAutorizada/1CQ4XpcmgUk_xVhOP_UR750ckA", "sup proy": 1278.9, "sup_graf": null, "proyecto": "800", "tramite": "APROBACIÓN", "tipo_obra": "URBANIZACIONES ESPECIALES" }, "geometry": { "type": "MultiPolygon", "coordinates": [ [ [ [ -60.486651, -31.772958 ], [ -60.486558, -31.772972 ], [ -60.486546, -31.772916 ], [ -60.486615, -31.772905 ], [ -60.486622, -31.77294 ], [ -60.486647, -31.772937 ], [ -60.486651, -31.772958 ] ] ] ] } },
{ "type": "Feature", "properties": { "ogc_fid": 720, "nivel": 0.0, "ncp": "0090640001005", "observ": null, "proy nro": 800, "partmuni": 25090, "expte": "14424/2026", "link": "https://tramiteobra.parana.gob.ar/menuAutorizada/informacionAutorizada/1CQ4XpcmgUk_xVhOP_UR750ckA", "sup proy": 1278.9, "sup_graf": null, "proyecto": "800", "tramite": "APROBACIÓN", "tipo_obra": "URBANIZACIONES ESPECIALES" }, "geometry": { "type": "MultiPolygon", "coordinates": [ [ [ [ -60.486594, -31.773166 ], [ -60.486523, -31.773177 ], [ -60.48651, -31.773122 ], [ -60.486556, -31.773115 ], [ -60.486552, -31.773096 ], [ -60.486578, -31.773092 ], [ -60.48659, -31.773145 ], [ -60.486594, -31.773166 ] ] ] ] } },
{ "type": "Feature", "properties": { "ogc_fid": 721, "nivel": 0.0, "ncp": "0090640001005", "observ": null, "proy nro": 800, "partmuni": 25090, "expte": "14424/2026", "link": "https://tramiteobra.parana.gob.ar/menuAutorizada/informacionAutorizada/1CQ4XpcmgUk_xVhOP_UR750ckA", "sup proy": 1278.9, "sup_graf": null, "proyecto": "800", "tramite": "APROBACIÓN", "tipo_obra": "URBANIZACIONES ESPECIALES" }, "geometry": { "type": "MultiPolygon", "coordinates": [ [ [ [ -60.486088, -31.772987 ], [ -60.486157, -31.772976 ], [ -60.486169, -31.773033 ], [ -60.486076, -31.773048 ], [ -60.486071, -31.773027 ], [ -60.486096, -31.773023 ], [ -60.486088, -31.772987 ] ] ] ] } },
{ "type": "Feature", "properties": { "ogc_fid": 584, "nivel": 0.0, "ncp": "0121240001041", "observ": null, "proy nro": 845, "partmuni": 54942, "expte": "8015/2026", "link": "https://tramiteobra.parana.gob.ar/menuAutorizada/informacionAutorizada/_MzIrVzFtATSEnMMnuPZs9uH1w", "sup proy": 337.33, "sup_graf": null, "proyecto": "845", "tramite": "APROBACIÓN", "tipo_obra": "OBRA CIVIL" }, "geometry": { "type": "MultiPolygon", "coordinates": [ [ [ [ -60.489877, -31.787117 ], [ -60.489817, -31.786965 ], [ -60.48987, -31.786952 ], [ -60.489884, -31.786989 ], [ -60.489916, -31.786981 ], [ -60.489918, -31.786986 ], [ -60.490031, -31.786959 ], [ -60.490051, -31.787009 ], [ -60.49, -31.787021 ], [ -60.490004, -31.787032 ], [ -60.48991, -31.787055 ], [ -60.48993, -31.787104 ], [ -60.489877, -31.787117 ] ] ] ] } },
{ "type": "Feature", "properties": { "ogc_fid": -23, "nivel": 1.0, "ncp": "0070560004007", "observ": null, "proy nro": 555, "partmuni": 21456, "expte": "10528/2025", "link": "https://tramiteobra.parana.gob.ar/menuAutorizada/informacionAutorizada/z-yyDEVXLayetp2zJw3FLNjxOQ", "sup proy": 113.15, "sup_graf": 176, "proyecto": "555", "tramite": "APROBACIÓN\t", "tipo_obra": "OBRA CIVIL\t" }, "geometry": { "type": "MultiPolygon", "coordinates": [ [ [ [ -60.506597, -31.739611 ], [ -60.506423, -31.739634 ], [ -60.506429, -31.739662 ], [ -60.50642, -31.739664 ], [ -60.506433, -31.739727 ], [ -60.506616, -31.739699 ], [ -60.506597, -31.739611 ] ] ] ] } },
{ "type": "Feature", "properties": { "ogc_fid": -19, "nivel": 0.0, "ncp": "0060840007005", "observ": null, "proy nro": 89, "partmuni": 93257, "expte": "15200/2023", "link": "https://tramiteobra.parana.gob.ar/menuAutorizada/informacionAutorizada/AehgKdj4ylT4vME-jzRzoTBw", "sup proy": 0.0, "sup_graf": 126, "proyecto": "89", "tramite": "APROBACIÓN", "tipo_obra": "OBRA CIVIL\t" }, "geometry": { "type": "MultiPolygon", "coordinates": [ [ [ [ -60.541106, -31.769817 ], [ -60.540981, -31.769834 ], [ -60.540847, -31.769852 ], [ -60.540854, -31.769884 ], [ -60.540858, -31.769884 ], [ -60.540866, -31.769922 ], [ -60.54086, -31.769923 ], [ -60.540863, -31.769938 ], [ -60.540933, -31.769929 ], [ -60.540923, -31.769875 ], [ -60.540988, -31.769866 ], [ -60.540988, -31.769864 ], [ -60.541111, -31.769848 ], [ -60.541106, -31.769817 ] ] ] ] } },
{ "type": "Feature", "properties": { "ogc_fid": 585, "nivel": 0.0, "ncp": "0121240001041", "observ": null, "proy nro": 845, "partmuni": 54942, "expte": "8015/2026", "link": "https://tramiteobra.parana.gob.ar/menuAutorizada/informacionAutorizada/_MzIrVzFtATSEnMMnuPZs9uH1w", "sup proy": 337.33, "sup_graf": null, "proyecto": "845", "tramite": "APROBACIÓN", "tipo_obra": "OBRA CIVIL" }, "geometry": { "type": "MultiPolygon", "coordinates": [ [ [ [ -60.489932, -31.787124 ], [ -60.489941, -31.787169 ], [ -60.490026, -31.787156 ], [ -60.49002, -31.787122 ], [ -60.489992, -31.787126 ], [ -60.489989, -31.787115 ], [ -60.489932, -31.787124 ] ] ] ] } },
{ "type": "Feature", "properties": { "ogc_fid": -18, "nivel": 0.0, "ncp": "0150460002038", "observ": null, "proy nro": 94, "partmuni": 40035, "expte": "17696/2023", "link": "https://tramiteobra.parana.gob.ar/menuAutorizada/informacionAutorizada/AehgKdj4ylT4vME-jzRzoTF9", "sup proy": 446.21, "sup_graf": 47, "proyecto": "94", "tramite": "APROBACIÓN", "tipo_obra": "OBRA CIVIL\t" }, "geometry": { "type": "MultiPolygon", "coordinates": [ [ [ [ -60.479654, -31.725127 ], [ -60.479647, -31.725095 ], [ -60.479505, -31.725114 ], [ -60.479513, -31.725155 ], [ -60.479581, -31.725145 ], [ -60.479577, -31.725124 ], [ -60.479637, -31.725116 ], [ -60.479639, -31.725129 ], [ -60.479654, -31.725127 ] ] ] ] } },
{ "type": "Feature", "properties": { "ogc_fid": 591, "nivel": 1.0, "ncp": "0010000069048", "observ": null, "proy nro": 655, "partmuni": 4228, "expte": "27827/2025", "link": "https://tramiteobra.parana.gob.ar/menuAutorizada/informacionAutorizada/_MzIrVzFtATSEnMMnuPZs9WG1w", "sup proy": 255.85, "sup_graf": null, "proyecto": "655", "tramite": "APROBACIÓN", "tipo_obra": "OBRA CIVIL" }, "geometry": { "type": "MultiPolygon", "coordinates": [ [ [ [ -60.518687, -31.729667 ], [ -60.518779, -31.729642 ], [ -60.518819, -31.729746 ], [ -60.518727, -31.72977 ], [ -60.518687, -31.729667 ] ] ] ] } },
{ "type": "Feature", "properties": { "ogc_fid": -17, "nivel": 0.0, "ncp": "0150460002038", "observ": null, "proy nro": 94, "partmuni": 40035, "expte": "17693/2023", "link": "https://tramiteobra.parana.gob.ar/menuAutorizada/informacionAutorizada/AehgKdj4ylT4vME-jzRzoTF9", "sup proy": 446.21, "sup_graf": 39, "proyecto": "94", "tramite": "APROBACIÓN", "tipo_obra": "OBRA CIVIL\t" }, "geometry": { "type": "MultiPolygon", "coordinates": [ [ [ [ -60.47961, -31.725284 ], [ -60.479532, -31.725294 ], [ -60.479541, -31.72534 ], [ -60.47962, -31.725329 ], [ -60.47961, -31.725284 ] ] ] ] } },
{ "type": "Feature", "properties": { "ogc_fid": -16, "nivel": 1.0, "ncp": "0150460002038", "observ": null, "proy nro": 94, "partmuni": 40035, "expte": "17693/2023", "link": "https://tramiteobra.parana.gob.ar/menuAutorizada/informacionAutorizada/AehgKdj4ylT4vME-jzRzoTF9", "sup proy": 446.21, "sup_graf": 173, "proyecto": "94", "tramite": "APROBACIÓN", "tipo_obra": "OBRA CIVIL\t" }, "geometry": { "type": "MultiPolygon", "coordinates": [ [ [ [ -60.479622, -31.725337 ], [ -60.47962, -31.725329 ], [ -60.47961, -31.725284 ], [ -60.47959, -31.725185 ], [ -60.479581, -31.725144 ], [ -60.479577, -31.725124 ], [ -60.479637, -31.725116 ], [ -60.479639, -31.725129 ], [ -60.479654, -31.725127 ], [ -60.479664, -31.72517 ], [ -60.479686, -31.725274 ], [ -60.479698, -31.725336 ], [ -60.479673, -31.725339 ], [ -60.479671, -31.725331 ], [ -60.479622, -31.725337 ] ] ] ] } },
{ "type": "Feature", "properties": { "ogc_fid": -10, "nivel": 0.0, "ncp": "0080800004003", "observ": null, "proy nro": 322, "partmuni": 84830, "expte": "15406/2024", "link": "https://tramiteobra.parana.gob.ar/menu/informacionAutorizada/zBIGf7UVnXv7ccmZ5YVPI04vMw", "sup proy": 40.99, "sup_graf": 101, "proyecto": "322", "tramite": "APROBACIÓN", "tipo_obra": "OBRA CIVIL\t" }, "geometry": { "type": "MultiPolygon", "coordinates": [ [ [ [ -60.492415, -31.730764 ], [ -60.492529, -31.730748 ], [ -60.492512, -31.730665 ], [ -60.492471, -31.730671 ], [ -60.492472, -31.730677 ], [ -60.49245, -31.73068 ], [ -60.492449, -31.730674 ], [ -60.492397, -31.730682 ], [ -60.492415, -31.730764 ] ] ] ] } },
{ "type": "Feature", "properties": { "ogc_fid": -11, "nivel": 7.0, "ncp": "0030000015001", "observ": null, "proy nro": 229, "partmuni": 10982, "expte": "17536/2024", "link": "https://tramiteobra.parana.gob.ar/menu/informacionAutorizada/zBIGf7UVnXv7ccmZ5YVPI08vOA", "sup proy": 1127.46, "sup_graf": 132, "proyecto": "229", "tramite": "APROBACIÓN", "tipo_obra": "OBRA CIVIL (Con factibilidad previa)\t" }, "geometry": { "type": "MultiPolygon", "coordinates": [ [ [ [ -60.537454, -31.730844 ], [ -60.537499, -31.730829 ], [ -60.537524, -31.730839 ], [ -60.537585, -31.730963 ], [ -60.53756, -31.730971 ], [ -60.537573, -31.730998 ], [ -60.537524, -31.731015 ], [ -60.53746, -31.730868 ], [ -60.537463, -31.730867 ], [ -60.537454, -31.730844 ] ] ] ] } },
{ "type": "Feature", "properties": { "ogc_fid": -14, "nivel": 0.0, "ncp": "0150460002034", "observ": null, "proy nro": 100, "partmuni": 49840, "expte": "/", "link": "-", "sup proy": 184.07, "sup_graf": 145, "proyecto": "100", "tramite": "-", "tipo_obra": "-" }, "geometry": { "type": "MultiPolygon", "coordinates": [ [ [ [ -60.479384, -31.724266 ], [ -60.479331, -31.724274 ], [ -60.479336, -31.724295 ], [ -60.479369, -31.72429 ], [ -60.4794, -31.724438 ], [ -60.479333, -31.724449 ], [ -60.479323, -31.724401 ], [ -60.479316, -31.724367 ], [ -60.479302, -31.7243 ], [ -60.479296, -31.724301 ], [ -60.47929, -31.724269 ], [ -60.47931, -31.724266 ], [ -60.479305, -31.724245 ], [ -60.479377, -31.724234 ], [ -60.479384, -31.724266 ] ] ] ] } },
{ "type": "Feature", "properties": { "ogc_fid": -12, "nivel": 1.0, "ncp": "0150780002003", "observ": null, "proy nro": 219, "partmuni": 130914, "expte": "37001/2023", "link": "https://tramiteobra.parana.gob.ar/menu/informacionAutorizada/zBIGf7UVnXv7ccmZ5YVPI08sOA", "sup proy": 0.0, "sup_graf": 217, "proyecto": "219", "tramite": "APROBACIÓN", "tipo_obra": "OBRA CIVIL\t" }, "geometry": { "type": "MultiPolygon", "coordinates": [ [ [ [ -60.471684, -31.707187 ], [ -60.471452, -31.707226 ], [ -60.471475, -31.707328 ], [ -60.471581, -31.70731 ], [ -60.471577, -31.70729 ], [ -60.471689, -31.707271 ], [ -60.471681, -31.707236 ], [ -60.47166, -31.707239 ], [ -60.471655, -31.707218 ], [ -60.47169, -31.707212 ], [ -60.471684, -31.707187 ] ] ] ] } },
{ "type": "Feature", "properties": { "ogc_fid": -13, "nivel": 1.0, "ncp": "0131660005038", "observ": null, "proy nro": 135, "partmuni": 40990, "expte": "/", "link": "-", "sup proy": 168.27, "sup_graf": 108, "proyecto": "135", "tramite": "-", "tipo_obra": "-" }, "geometry": { "type": "MultiPolygon", "coordinates": [ [ [ [ -60.463564, -31.762386 ], [ -60.463577, -31.762446 ], [ -60.463427, -31.76247 ], [ -60.463422, -31.762447 ], [ -60.463395, -31.762452 ], [ -60.463387, -31.762415 ], [ -60.463564, -31.762386 ] ] ] ] } },
{ "type": "Feature", "properties": { "ogc_fid": 592, "nivel": 0.0, "ncp": "0010000069048", "observ": null, "proy nro": 655, "partmuni": 4228, "expte": "27827/2025", "link": "https://tramiteobra.parana.gob.ar/menuAutorizada/informacionAutorizada/_MzIrVzFtATSEnMMnuPZs9WG1w", "sup proy": 255.85, "sup_graf": null, "proyecto": "655", "tramite": "APROBACIÓN", "tipo_obra": "OBRA CIVIL" }, "geometry": { "type": "MultiPolygon", "coordinates": [ [ [ [ -60.518719, -31.72949 ], [ -60.518715, -31.729478 ], [ -60.518672, -31.729489 ], [ -60.518677, -31.729501 ], [ -60.518719, -31.72949 ] ] ] ] } },
{ "type": "Feature", "properties": { "ogc_fid": 593, "nivel": 1.0, "ncp": "0150740014001", "observ": null, "proy nro": 645, "partmuni": 40770, "expte": "24065/2025", "link": "https://tramiteobra.parana.gob.ar/menuAutorizada/informacionAutorizada/_MzIrVzFtATSEnMMnuPZs9WH1w", "sup proy": 226.15, "sup_graf": null, "proyecto": "645", "tramite": "APROBACIÓN", "tipo_obra": "OBRA CIVIL" }, "geometry": { "type": "MultiPolygon", "coordinates": [ [ [ [ -60.477765, -31.727006 ], [ -60.477776, -31.72707 ], [ -60.477787, -31.727122 ], [ -60.477877, -31.727108 ], [ -60.477863, -31.72703 ], [ -60.477856, -31.726991 ], [ -60.477765, -31.727006 ] ] ] ] } },
{ "type": "Feature", "properties": { "ogc_fid": 594, "nivel": 0.0, "ncp": "0150740014001", "observ": null, "proy nro": 645, "partmuni": 407, "expte": "24065/2025", "link": "https://tramiteobra.parana.gob.ar/menuAutorizada/informacionAutorizada/_MzIrVzFtATSEnMMnuPZs9WH1w", "sup proy": 226.15, "sup_graf": null, "proyecto": "645", "tramite": "APROBACIÓN", "tipo_obra": "OBRA CIVIL" }, "geometry": { "type": "MultiPolygon", "coordinates": [ [ [ [ -60.477643, -31.727091 ], [ -60.477653, -31.727143 ], [ -60.477787, -31.727122 ], [ -60.477776, -31.72707 ], [ -60.477643, -31.727091 ] ] ] ] } },
{ "type": "Feature", "properties": { "ogc_fid": 588, "nivel": 1.0, "ncp": "0010000047014", "observ": null, "proy nro": 817, "partmuni": 10383, "expte": "4243/2026", "link": "https://tramiteobra.parana.gob.ar/menuAutorizada/informacionAutorizada/_MzIrVzFtATSEnMMnuPZs9uC1Q", "sup proy": 52.87, "sup_graf": null, "proyecto": "817", "tramite": "APROBACIÓN", "tipo_obra": "OBRA CIVIL" }, "geometry": { "type": "MultiPolygon", "coordinates": [ [ [ [ -60.522759, -31.725636 ], [ -60.522874, -31.725596 ], [ -60.522883, -31.725613 ], [ -60.522867, -31.725618 ], [ -60.522888, -31.72566 ], [ -60.522857, -31.725671 ], [ -60.522841, -31.725638 ], [ -60.522771, -31.725663 ], [ -60.522759, -31.725636 ] ] ] ] } },
{ "type": "Feature", "properties": { "ogc_fid": -22, "nivel": 0.0, "ncp": "0020000090040", "observ": null, "proy nro": 51, "partmuni": 66107, "expte": "/", "link": "-", "sup proy": 0.0, "sup_graf": 50, "proyecto": "51", "tramite": "-", "tipo_obra": "-" }, "geometry": { "type": "MultiPolygon", "coordinates": [ [ [ [ -60.524135, -31.745286 ], [ -60.524202, -31.745349 ], [ -60.524239, -31.745319 ], [ -60.524202, -31.745278 ], [ -60.524177, -31.745251 ], [ -60.524135, -31.745286 ] ] ] ] } },
{ "type": "Feature", "properties": { "ogc_fid": -21, "nivel": 0.0, "ncp": "0020000090040", "observ": null, "proy nro": 51, "partmuni": 66107, "expte": "/", "link": "-", "sup proy": 0.0, "sup_graf": 266, "proyecto": "51", "tramite": "-", "tipo_obra": "-" }, "geometry": { "type": "MultiPolygon", "coordinates": [ [ [ [ -60.524202, -31.745349 ], [ -60.524135, -31.745286 ], [ -60.52406, -31.745347 ], [ -60.523983, -31.74541 ], [ -60.523984, -31.745412 ], [ -60.523978, -31.745416 ], [ -60.523905, -31.745471 ], [ -60.523957, -31.745524 ], [ -60.524036, -31.74546 ], [ -60.524052, -31.745474 ], [ -60.524202, -31.745349 ] ] ] ] } },
{ "type": "Feature", "properties": { "ogc_fid": -20, "nivel": 1.0, "ncp": "0121890010004", "observ": null, "proy nro": 75, "partmuni": 55440, "expte": "/", "link": "-", "sup proy": 146.0, "sup_graf": 67, "proyecto": "75", "tramite": "-", "tipo_obra": "-" }, "geometry": { "type": "MultiPolygon", "coordinates": [ [ [ [ -60.511714, -31.790773 ], [ -60.511629, -31.790786 ], [ -60.511637, -31.790825 ], [ -60.511635, -31.790826 ], [ -60.51164, -31.790851 ], [ -60.511761, -31.790833 ], [ -60.511756, -31.790811 ], [ -60.511742, -31.790813 ], [ -60.511743, -31.790819 ], [ -60.511724, -31.790821 ], [ -60.511714, -31.790773 ] ] ] ] } },
{ "type": "Feature", "properties": { "ogc_fid": -15, "nivel": 0.0, "ncp": "0150460002034", "observ": null, "proy nro": 100, "partmuni": 49840, "expte": "/", "link": "-", "sup proy": 184.07, "sup_graf": 21, "proyecto": "100", "tramite": "-", "tipo_obra": "-" }, "geometry": { "type": "MultiPolygon", "coordinates": [ [ [ [ -60.479456, -31.724503 ], [ -60.479442, -31.724433 ], [ -60.479418, -31.724437 ], [ -60.479422, -31.724456 ], [ -60.479416, -31.724457 ], [ -60.479427, -31.724508 ], [ -60.479456, -31.724503 ] ] ] ] } },
{ "type": "Feature", "properties": { "ogc_fid": -9, "nivel": 0.0, "ncp": "0020000085031", "observ": null, "proy nro": 437, "partmuni": 4334, "expte": "2752/2025", "link": "https://tramiteobra.parana.gob.ar/menuAutorizada/informacionAutorizada/z-yyDEVXLayetp2zJw3FLNn3Ow", "sup proy": 6.055, "sup_graf": 73, "proyecto": "437", "tramite": "APROBACIÓN", "tipo_obra": "OBRA CIVIL\t" }, "geometry": { "type": "MultiPolygon", "coordinates": [ [ [ [ -60.527654, -31.743041 ], [ -60.52757, -31.743098 ], [ -60.52759, -31.743121 ], [ -60.527623, -31.743097 ], [ -60.527669, -31.743145 ], [ -60.527719, -31.743109 ], [ -60.527654, -31.743041 ] ] ] ] } },
{ "type": "Feature", "properties": { "ogc_fid": 409, "nivel": 1.0, "ncp": "0150230014003", "observ": null, "proy nro": 603, "partmuni": 48332, "expte": "1395/2026", "link": "https://tramiteobra.parana.gob.ar/menuAutorizada/informacionAutorizada/z-yyDEVXLayetp2zJw3FLNv0Pw", "sup proy": 107.0, "sup_graf": null, "proyecto": "603", "tramite": "APROBACIÓN", "tipo_obra": "OBRA CIVIL (Con factibilidad previa)\t" }, "geometry": { "type": "MultiPolygon", "coordinates": [ [ [ [ -60.485655, -31.711759 ], [ -60.485631, -31.711636 ], [ -60.485711, -31.711625 ], [ -60.485732, -31.711735 ], [ -60.485689, -31.711741 ], [ -60.485692, -31.711754 ], [ -60.485655, -31.711759 ] ] ] ] } },
{ "type": "Feature", "properties": { "ogc_fid": 568, "nivel": 0.0, "ncp": "0030000033026", "observ": null, "proy nro": 868, "partmuni": 98693, "expte": "3150/2026", "link": "https://tramiteobra.parana.gob.ar/menuAutorizada/informacionAutorizada/RSXOOKfBNfMmVCzSuenrA2kwpQ", "sup proy": 18.9, "sup_graf": null, "proyecto": "868", "tramite": "APROBACIÓN", "tipo_obra": "OBRA CIVIL" }, "geometry": { "type": "MultiPolygon", "coordinates": [ [ [ [ -60.535374, -31.735004 ], [ -60.535298, -31.734873 ], [ -60.535356, -31.73485 ], [ -60.535377, -31.734887 ], [ -60.535407, -31.734875 ], [ -60.535432, -31.734918 ], [ -60.535412, -31.734926 ], [ -60.535426, -31.734952 ], [ -60.535396, -31.734963 ], [ -60.535411, -31.734989 ], [ -60.535374, -31.735004 ] ] ] ] } },
{ "type": "Feature", "properties": { "ogc_fid": 523, "nivel": 1.0, "ncp": "0040000017002", "observ": null, "proy nro": 675, "partmuni": 23849, "expte": "26524/2025", "link": "https://tramiteobra.parana.gob.ar/menuAutorizada/informacionAutorizada/6Ydr5mzoHKATBLDhZIEVG_p1vA", "sup proy": 76.15, "sup_graf": null, "proyecto": "675", "tramite": "APROBACIÓN", "tipo_obra": "OBRA CIVIL\t" }, "geometry": { "type": "MultiPolygon", "coordinates": [ [ [ [ -60.532801, -31.72055 ], [ -60.532751, -31.720423 ], [ -60.532787, -31.720381 ], [ -60.532782, -31.720369 ], [ -60.532822, -31.720357 ], [ -60.532887, -31.720524 ], [ -60.532801, -31.72055 ] ] ] ] } },
{ "type": "Feature", "properties": { "ogc_fid": 524, "nivel": 0.0, "ncp": "0090680002029", "observ": null, "proy nro": 779, "partmuni": 26182, "expte": "26957/2025", "link": "https://tramiteobra.parana.gob.ar/menuAutorizada/informacionAutorizada/6Ydr5mzoHKATBLDhZIEVG_t1sA", "sup proy": 16.5, "sup_graf": null, "proyecto": "779", "tramite": "APROBACIÓN", "tipo_obra": "OBRA CIVIL\t" }, "geometry": { "type": "MultiPolygon", "coordinates": [ [ [ [ -60.485302, -31.75736 ], [ -60.485291, -31.75731 ], [ -60.485189, -31.757325 ], [ -60.485199, -31.757375 ], [ -60.485302, -31.75736 ] ] ] ] } },
{ "type": "Feature", "properties": { "ogc_fid": 525, "nivel": 0.0, "ncp": "0090680002029", "observ": null, "proy nro": 779, "partmuni": 26182, "expte": "26957/2025", "link": "https://tramiteobra.parana.gob.ar/menuAutorizada/informacionAutorizada/6Ydr5mzoHKATBLDhZIEVG_t1sA", "sup proy": 16.5, "sup_graf": null, "proyecto": "779", "tramite": "APROBACIÓN", "tipo_obra": "OBRA CIVIL\t" }, "geometry": { "type": "MultiPolygon", "coordinates": [ [ [ [ -60.48523, -31.757252 ], [ -60.485223, -31.757219 ], [ -60.484783, -31.757284 ], [ -60.484795, -31.757337 ], [ -60.484893, -31.757322 ], [ -60.484896, -31.757335 ], [ -60.485014, -31.757318 ], [ -60.485007, -31.757285 ], [ -60.48523, -31.757252 ] ] ] ] } },
{ "type": "Feature", "properties": { "ogc_fid": 529, "nivel": 0.0, "ncp": "0060840020020", "observ": null, "proy nro": 767, "partmuni": 93323, "expte": "29204/2025", "link": "https://tramiteobra.parana.gob.ar/menuAutorizada/informacionAutorizada/xjotPKdDwwLVxmGr4NHl9tgb7g", "sup proy": 103.8, "sup_graf": null, "proyecto": "767", "tramite": "APROBACIÓN", "tipo_obra": "OBRA CIVIL" }, "geometry": { "type": "MultiPolygon", "coordinates": [ [ [ [ -60.54097, -31.77303 ], [ -60.540963, -31.772989 ], [ -60.541014, -31.772982 ], [ -60.541005, -31.772935 ], [ -60.541116, -31.77292 ], [ -60.541126, -31.772976 ], [ -60.541177, -31.772969 ], [ -60.541183, -31.773001 ], [ -60.54097, -31.77303 ] ] ] ] } },
{ "type": "Feature", "properties": { "ogc_fid": 530, "nivel": 0.0, "ncp": "0150780001016", "observ": null, "proy nro": 769, "partmuni": 130918, "expte": "2334/2026", "link": "https://tramiteobra.parana.gob.ar/menuAutorizada/informacionAutorizada/xjotPKdDwwLVxmGr4NHl9tgb4A", "sup proy": 174.975, "sup_graf": null, "proyecto": "769", "tramite": "APROBACIÓN", "tipo_obra": "OBRA CIVIL" }, "geometry": { "type": "MultiPolygon", "coordinates": [ [ [ [ -60.470507, -31.707543 ], [ -60.470507, -31.707536 ], [ -60.470445, -31.707537 ], [ -60.470445, -31.707498 ], [ -60.47048, -31.707497 ], [ -60.47048, -31.707482 ], [ -60.470539, -31.707481 ], [ -60.470537, -31.707385 ], [ -60.470589, -31.707385 ], [ -60.470591, -31.707541 ], [ -60.470556, -31.707542 ], [ -60.470556, -31.707529 ], [ -60.47054, -31.707529 ], [ -60.47054, -31.707542 ], [ -60.470507, -31.707543 ] ] ] ] } },
{ "type": "Feature", "properties": { "ogc_fid": 533, "nivel": 1.0, "ncp": "0090900027015", "observ": null, "proy nro": 853, "partmuni": 90525, "expte": "4627/2026", "link": "https://tramiteobra.parana.gob.ar/menuAutorizada/informacionAutorizada/hR2SjnS17lPn1kYajUspYwnt0g", "sup proy": 41.91, "sup_graf": null, "proyecto": "853", "tramite": "APROBACIÓN", "tipo_obra": "OBRA CIVIL" }, "geometry": { "type": "MultiPolygon", "coordinates": [ [ [ [ -60.502131, -31.778452 ], [ -60.502143, -31.778509 ], [ -60.502158, -31.778506 ], [ -60.502169, -31.778557 ], [ -60.502201, -31.778552 ], [ -60.502186, -31.778479 ], [ -60.502153, -31.778484 ], [ -60.502146, -31.778451 ], [ -60.502146, -31.778449 ], [ -60.502131, -31.778452 ] ] ] ] } },
{ "type": "Feature", "properties": { "ogc_fid": 534, "nivel": 0.0, "ncp": "0090900027015", "observ": null, "proy nro": 853, "partmuni": 90525, "expte": "4627/2026", "link": "https://tramiteobra.parana.gob.ar/menuAutorizada/informacionAutorizada/hR2SjnS17lPn1kYajUspYwnt0g", "sup proy": 41.91, "sup_graf": null, "proyecto": "853", "tramite": "APROBACIÓN", "tipo_obra": "OBRA CIVIL" }, "geometry": { "type": "MultiPolygon", "coordinates": [ [ [ [ -60.502143, -31.778509 ], [ -60.502113, -31.778514 ], [ -60.5021, -31.778453 ], [ -60.50213, -31.778448 ], [ -60.502131, -31.778452 ], [ -60.502143, -31.778509 ] ] ] ] } },
{ "type": "Feature", "properties": { "ogc_fid": 535, "nivel": 0.0, "ncp": "0090900027015", "observ": "853", "proy nro": 853, "partmuni": 90525, "expte": "4627/2026", "link": "https://tramiteobra.parana.gob.ar/menuAutorizada/informacionAutorizada/hR2SjnS17lPn1kYajUspYwnt0g", "sup proy": 41.91, "sup_graf": null, "proyecto": "853", "tramite": "APROBACIÓN", "tipo_obra": "OBRA CIVIL" }, "geometry": { "type": "MultiPolygon", "coordinates": [ [ [ [ -60.502178, -31.778446 ], [ -60.502186, -31.778479 ], [ -60.502153, -31.778484 ], [ -60.502146, -31.778451 ], [ -60.502178, -31.778446 ] ] ] ] } },
{ "type": "Feature", "properties": { "ogc_fid": 541, "nivel": 0.0, "ncp": "0150220024001", "observ": null, "proy nro": 750, "partmuni": 49988, "expte": "3547/2026", "link": "https://tramiteobra.parana.gob.ar/menuAutorizada/informacionAutorizada/hR2SjnS17lPn1kYajUspYwbt0Q", "sup proy": 166.5, "sup_graf": null, "proyecto": "750", "tramite": "APROBACIÓN", "tipo_obra": "OBRA CIVIL" }, "geometry": { "type": "MultiPolygon", "coordinates": [ [ [ [ -60.488386, -31.716588 ], [ -60.488373, -31.716524 ], [ -60.488364, -31.716525 ], [ -60.488361, -31.71651 ], [ -60.488352, -31.716511 ], [ -60.488347, -31.716485 ], [ -60.488355, -31.716484 ], [ -60.48835, -31.716458 ], [ -60.488256, -31.716472 ], [ -60.488261, -31.716499 ], [ -60.488293, -31.716494 ], [ -60.488314, -31.7166 ], [ -60.488386, -31.716588 ] ] ] ] } },
{ "type": "Feature", "properties": { "ogc_fid": 567, "nivel": 1.0, "ncp": "0030000033026", "observ": null, "proy nro": 868, "partmuni": 9869, "expte": "3150/2026", "link": "https://tramiteobra.parana.gob.ar/menuAutorizada/informacionAutorizada/RSXOOKfBNfMmVCzSuenrA2kwpQ", "sup proy": 18.9, "sup_graf": null, "proyecto": "868", "tramite": "APROBACIÓN", "tipo_obra": "OBRA CIVIL" }, "geometry": { "type": "MultiPolygon", "coordinates": [ [ [ [ -60.535426, -31.735093 ], [ -60.535374, -31.735004 ], [ -60.535411, -31.734989 ], [ -60.53542, -31.734986 ], [ -60.53543, -31.735005 ], [ -60.535452, -31.734997 ], [ -60.535465, -31.73502 ], [ -60.535485, -31.735012 ], [ -60.535477, -31.734997 ], [ -60.535505, -31.734986 ], [ -60.535534, -31.735042 ], [ -60.535426, -31.735093 ] ] ] ] } },
{ "type": "Feature", "properties": { "ogc_fid": 580, "nivel": 0.0, "ncp": "0100070053018", "observ": null, "proy nro": 677, "partmuni": 92310, "expte": "4241/2026", "link": "https://tramiteobra.parana.gob.ar/menuAutorizada/informacionAutorizada/zlKMJVKwBopr2QV8gwT93d5-Bw", "sup proy": 69.76, "sup_graf": null, "proyecto": "677", "tramite": "APROBACIÓN", "tipo_obra": "OBRA CIVIL" }, "geometry": { "type": "MultiPolygon", "coordinates": [ [ [ [ -60.559038, -31.718176 ], [ -60.559012, -31.718086 ], [ -60.558962, -31.718096 ], [ -60.558951, -31.718059 ], [ -60.558898, -31.718071 ], [ -60.558929, -31.718185 ], [ -60.559007, -31.718168 ], [ -60.55901, -31.718182 ], [ -60.559038, -31.718176 ] ] ] ] } },
{ "type": "Feature", "properties": { "ogc_fid": 589, "nivel": 0.0, "ncp": "0010000047014", "observ": null, "proy nro": 817, "partmuni": 10383, "expte": "4243 / 2026", "link": "https://tramiteobra.parana.gob.ar/menuAutorizada/informacionAutorizada/_MzIrVzFtATSEnMMnuPZs9uC1Q", "sup proy": 52.87, "sup_graf": null, "proyecto": "817", "tramite": "APROBACIÓN", "tipo_obra": "OBRA CIVIL" }, "geometry": { "type": "MultiPolygon", "coordinates": [ [ [ [ -60.522857, -31.725671 ], [ -60.52279, -31.725695 ], [ -60.522771, -31.725663 ], [ -60.522841, -31.725638 ], [ -60.522857, -31.725671 ] ] ] ] } },
{ "type": "Feature", "properties": { "ogc_fid": 590, "nivel": 4.0, "ncp": "0010000081023", "observ": null, "proy nro": 601, "partmuni": 15011, "expte": "4666/2026", "link": "https://tramiteobra.parana.gob.ar/menuAutorizada/informacionAutorizada/_MzIrVzFtATSEnMMnuPZs9WD0w", "sup proy": 722.87, "sup_graf": null, "proyecto": "601", "tramite": "APROBACIÓN", "tipo_obra": "OBRA CIVIL (Con factibilidad previa)" }, "geometry": { "type": "MultiPolygon", "coordinates": [ [ [ [ -60.526708, -31.729767 ], [ -60.526846, -31.729702 ], [ -60.526763, -31.729581 ], [ -60.526703, -31.729609 ], [ -60.526711, -31.729621 ], [ -60.526634, -31.729658 ], [ -60.526708, -31.729767 ] ] ] ] } },
{ "type": "Feature", "properties": { "ogc_fid": 387, "nivel": 0.0, "ncp": "0050280004001", "observ": null, "proy nro": 610, "partmuni": 44926, "expte": "12572/2025", "link": "https://tramiteobra.parana.gob.ar/menuAutorizada/informacionAutorizada/z-yyDEVXLayetp2zJw3FLNv1PA", "sup proy": 204.5, "sup_graf": null, "proyecto": "610", "tramite": "APROBACIÓN", "tipo_obra": "OBRA CIVIL (Con factibilidad previa)\t" }, "geometry": { "type": "MultiPolygon", "coordinates": [ [ [ [ -60.545254, -31.739905 ], [ -60.545259, -31.739925 ], [ -60.545365, -31.739909 ], [ -60.545354, -31.739856 ], [ -60.545319, -31.739862 ], [ -60.545322, -31.739874 ], [ -60.545305, -31.739876 ], [ -60.545308, -31.739897 ], [ -60.545254, -31.739905 ] ] ] ] } },
{ "type": "Feature", "properties": { "ogc_fid": 160, "nivel": 0.0, "ncp": "0080600002002", "observ": null, "proy nro": 200, "partmuni": 48411, "expte": "35978/2023", "link": "https://tramiteobra.parana.gob.ar/menuAutorizada/informacionAutorizada/NE0q7M6biesIFggqhj_BroQpbA", "sup proy": 1424.06, "sup_graf": 129, "proyecto": "200", "tramite": "APROBACIÓN", "tipo_obra": "OBRA CIVIL (Con factibilidad previa)\t" }, "geometry": { "type": "MultiPolygon", "coordinates": [ [ [ [ -60.50225, -31.721193 ], [ -60.502058, -31.721223 ], [ -60.502071, -31.721285 ], [ -60.502263, -31.721255 ], [ -60.50225, -31.721193 ] ] ] ] } },
{ "type": "Feature", "properties": { "ogc_fid": 587, "nivel": 0.0, "ncp": "0121240001041", "observ": null, "proy nro": 845, "partmuni": 54942, "expte": "8015/2026", "link": "https://tramiteobra.parana.gob.ar/menuAutorizada/informacionAutorizada/_MzIrVzFtATSEnMMnuPZs9uH1w", "sup proy": 337.33, "sup_graf": null, "proyecto": "845", "tramite": "APROBACIÓN", "tipo_obra": "OBRA CIVIL" }, "geometry": { "type": "MultiPolygon", "coordinates": [ [ [ [ -60.49021, -31.78672 ], [ -60.490098, -31.786737 ], [ -60.490143, -31.786958 ], [ -60.490255, -31.78694 ], [ -60.49021, -31.78672 ] ] ] ] } },
{ "type": "Feature", "properties": { "ogc_fid": 392, "nivel": 0.0, "ncp": "0060340003006", "observ": null, "proy nro": 600, "partmuni": 22194, "expte": "15076/2025", "link": "https://tramiteobra.parana.gob.ar/menuAutorizada/informacionAutorizada/z-yyDEVXLayetp2zJw3FLNv0PA", "sup proy": 137.35, "sup_graf": null, "proyecto": "600", "tramite": "APROBACIÓN", "tipo_obra": "OBRA CIVIL (Con factibilidad previa)\t" }, "geometry": { "type": "MultiPolygon", "coordinates": [ [ [ [ -60.535266, -31.743582 ], [ -60.535257, -31.743529 ], [ -60.535241, -31.743531 ], [ -60.535233, -31.743479 ], [ -60.535276, -31.743473 ], [ -60.535262, -31.743394 ], [ -60.535301, -31.743389 ], [ -60.535329, -31.743552 ], [ -60.535295, -31.743557 ], [ -60.535299, -31.743578 ], [ -60.535266, -31.743582 ] ] ] ] } },
{ "type": "Feature", "properties": { "ogc_fid": 393, "nivel": 0.0, "ncp": "0060340003006", "observ": null, "proy nro": 600, "partmuni": 22194, "expte": "15076/2025", "link": "https://tramiteobra.parana.gob.ar/menuAutorizada/informacionAutorizada/z-yyDEVXLayetp2zJw3FLNv0PA", "sup proy": 137.35, "sup_graf": null, "proyecto": "600", "tramite": "APROBACIÓN", "tipo_obra": "OBRA CIVIL (Con factibilidad previa)\t" }, "geometry": { "type": "MultiPolygon", "coordinates": [ [ [ [ -60.53529, -31.743327 ], [ -60.535272, -31.743225 ], [ -60.535191, -31.743235 ], [ -60.535209, -31.743337 ], [ -60.53529, -31.743327 ] ] ] ] } },
{ "type": "Feature", "properties": { "ogc_fid": 413, "nivel": 1.0, "ncp": "0040000037052", "observ": null, "proy nro": 612, "partmuni": 12811, "expte": "22532/2025", "link": "https://tramiteobra.parana.gob.ar/menuAutorizada/informacionAutorizada/z-yyDEVXLayetp2zJw3FLNv1Pg", "sup proy": 59.93, "sup_graf": null, "proyecto": "612", "tramite": "APROBACIÓN", "tipo_obra": "OBRA CIVIL (Con factibilidad previa)\t" }, "geometry": { "type": "MultiPolygon", "coordinates": [ [ [ [ -60.534245, -31.723876 ], [ -60.534244, -31.723875 ], [ -60.534217, -31.723808 ], [ -60.534109, -31.723839 ], [ -60.534136, -31.723907 ], [ -60.534245, -31.723876 ] ] ] ] } },
{ "type": "Feature", "properties": { "ogc_fid": 415, "nivel": 1.0, "ncp": "0040000037052", "observ": null, "proy nro": 612, "partmuni": 12811, "expte": "22532/2025", "link": "https://tramiteobra.parana.gob.ar/menuAutorizada/informacionAutorizada/z-yyDEVXLayetp2zJw3FLNv1Pg", "sup proy": 59.93, "sup_graf": null, "proyecto": "612", "tramite": "APROBACIÓN", "tipo_obra": "OBRA CIVIL (Con factibilidad previa)\t" }, "geometry": { "type": "MultiPolygon", "coordinates": [ [ [ [ -60.534247, -31.723739 ], [ -60.534227, -31.723688 ], [ -60.534115, -31.72372 ], [ -60.534134, -31.723766 ], [ -60.534206, -31.723745 ], [ -60.534208, -31.72375 ], [ -60.534247, -31.723739 ] ] ] ] } },
{ "type": "Feature", "properties": { "ogc_fid": 416, "nivel": 0.0, "ncp": "0040000037052", "observ": null, "proy nro": 612, "partmuni": 12811, "expte": "22532/2025", "link": "https://tramiteobra.parana.gob.ar/menuAutorizada/informacionAutorizada/z-yyDEVXLayetp2zJw3FLNv1Pg", "sup proy": 59.93, "sup_graf": null, "proyecto": "612", "tramite": "APROBACIÓN", "tipo_obra": "OBRA CIVIL (Con factibilidad previa)\t" }, "geometry": { "type": "MultiPolygon", "coordinates": [ [ [ [ -60.534104, -31.723777 ], [ -60.534085, -31.723729 ], [ -60.533974, -31.72376 ], [ -60.533993, -31.723808 ], [ -60.534104, -31.723777 ] ] ] ] } },
{ "type": "Feature", "properties": { "ogc_fid": 417, "nivel": 0.0, "ncp": "0040000037052", "observ": null, "proy nro": 612, "partmuni": 12811, "expte": "22532/2025", "link": "https://tramiteobra.parana.gob.ar/menuAutorizada/informacionAutorizada/z-yyDEVXLayetp2zJw3FLNv1Pg", "sup proy": 59.93, "sup_graf": null, "proyecto": "612", "tramite": "APROBACIÓN", "tipo_obra": "OBRA CIVIL (Con factibilidad previa)\t" }, "geometry": { "type": "MultiPolygon", "coordinates": [ [ [ [ -60.534002, -31.723902 ], [ -60.534099, -31.723875 ], [ -60.53408, -31.723827 ], [ -60.534232, -31.723784 ], [ -60.534266, -31.723869 ], [ -60.534244, -31.723875 ], [ -60.534217, -31.723808 ], [ -60.534109, -31.723839 ], [ -60.534136, -31.723907 ], [ -60.534052, -31.72393 ], [ -60.534042, -31.723904 ], [ -60.534006, -31.723914 ], [ -60.534002, -31.723902 ] ] ] ] } },
{ "type": "Feature", "properties": { "ogc_fid": 421, "nivel": 2.0, "ncp": "0040000054009", "observ": null, "proy nro": 619, "partmuni": 15772, "expte": "27336/2025", "link": "https://tramiteobra.parana.gob.ar/menuAutorizada/informacionAutorizada/z-yyDEVXLayetp2zJw3FLNv1NQ", "sup proy": 5199.74, "sup_graf": null, "proyecto": "619", "tramite": "APROBACIÓN", "tipo_obra": "OBRA CIVIL (Con factibilidad previa)\t" }, "geometry": { "type": "MultiPolygon", "coordinates": [ [ [ [ -60.532116, -31.724829 ], [ -60.531915, -31.724911 ], [ -60.531927, -31.724932 ], [ -60.531879, -31.724952 ], [ -60.5319, -31.724989 ], [ -60.531911, -31.724985 ], [ -60.531946, -31.725048 ], [ -60.531951, -31.725054 ], [ -60.531987, -31.72504 ], [ -60.531987, -31.725041 ], [ -60.531991, -31.725039 ], [ -60.532154, -31.724973 ], [ -60.532116, -31.724829 ] ] ] ] } },
{ "type": "Feature", "properties": { "ogc_fid": 423, "nivel": 17.0, "ncp": "0040000054009", "observ": null, "proy nro": 619, "partmuni": 15772, "expte": "27336/2025", "link": "https://tramiteobra.parana.gob.ar/menuAutorizada/informacionAutorizada/z-yyDEVXLayetp2zJw3FLNv1NQ", "sup proy": 5199.74, "sup_graf": null, "proyecto": "619", "tramite": "APROBACIÓN", "tipo_obra": "OBRA CIVIL (Con factibilidad previa)\t" }, "geometry": { "type": "MultiPolygon", "coordinates": [ [ [ [ -60.532039, -31.724856 ], [ -60.53207, -31.724823 ], [ -60.532054, -31.724812 ], [ -60.532079, -31.724786 ], [ -60.532062, -31.724775 ], [ -60.532063, -31.724773 ], [ -60.53206, -31.724761 ], [ -60.532034, -31.724743 ], [ -60.532042, -31.724734 ], [ -60.532041, -31.724721 ], [ -60.532022, -31.724708 ], [ -60.532005, -31.724708 ], [ -60.531972, -31.724685 ], [ -60.531907, -31.724755 ], [ -60.53195, -31.724785 ], [ -60.531939, -31.724797 ], [ -60.531986, -31.724828 ], [ -60.531991, -31.724823 ], [ -60.532039, -31.724856 ] ] ] ] } },
{ "type": "Feature", "properties": { "ogc_fid": 379, "nivel": 0.0, "ncp": "0060860014002", "observ": null, "proy nro": 585, "partmuni": 84459, "expte": "11327/2025", "link": "https://tramiteobra.parana.gob.ar/menuAutorizada/informacionAutorizada/z-yyDEVXLayetp2zJw3FLNj8OQ", "sup proy": 236.42, "sup_graf": null, "proyecto": "585", "tramite": "APROBACIÓN", "tipo_obra": "OBRA CIVIL" }, "geometry": { "type": "MultiPolygon", "coordinates": [ [ [ [ -60.528723, -31.773354 ], [ -60.528884, -31.773376 ], [ -60.528901, -31.773292 ], [ -60.528788, -31.773275 ], [ -60.52878, -31.773319 ], [ -60.528768, -31.773318 ], [ -60.528765, -31.77333 ], [ -60.528728, -31.773325 ], [ -60.528723, -31.773354 ] ] ] ] } },
{ "type": "Feature", "properties": { "ogc_fid": 371, "nivel": 0.0, "ncp": "0121140003020", "observ": null, "proy nro": 563, "partmuni": 43737, "expte": "27825/2025", "link": "https://tramiteobra.parana.gob.ar/menuAutorizada/informacionAutorizada/z-yyDEVXLayetp2zJw3FLNjyPw", "sup proy": 89.17, "sup_graf": null, "proyecto": "563", "tramite": "APROBACIÓN", "tipo_obra": "OBRA CIVIL\t" }, "geometry": { "type": "MultiPolygon", "coordinates": [ [ [ [ -60.544686, -31.773682 ], [ -60.544656, -31.773538 ], [ -60.544624, -31.773542 ], [ -60.544625, -31.773549 ], [ -60.544597, -31.773554 ], [ -60.544585, -31.773497 ], [ -60.544687, -31.773482 ], [ -60.544728, -31.773676 ], [ -60.544686, -31.773682 ] ] ] ] } },
{ "type": "Feature", "properties": { "ogc_fid": 385, "nivel": 1.0, "ncp": "0150210001041", "observ": null, "proy nro": 559, "partmuni": 48604, "expte": "23285/2025", "link": "https://tramiteobra.parana.gob.ar/menuAutorizada/informacionAutorizada/z-yyDEVXLayetp2zJw3FLNjxNQ", "sup proy": 438.45, "sup_graf": null, "proyecto": "559", "tramite": "APROBACIÓN", "tipo_obra": "OBRA CIVIL (Con factibilidad previa)\t" }, "geometry": { "type": "MultiPolygon", "coordinates": [ [ [ [ -60.48844, -31.718062 ], [ -60.488467, -31.718185 ], [ -60.488749, -31.718142 ], [ -60.488722, -31.718019 ], [ -60.48844, -31.718062 ] ] ] ] } },
{ "type": "Feature", "properties": { "ogc_fid": 317, "nivel": 3.0, "ncp": "0010000060050", "observ": null, "proy nro": 513, "partmuni": 28860, "expte": "/", "link": "https://tramiteobra.parana.gob.ar/menuAutorizada/informacionAutorizada/z-yyDEVXLayetp2zJw3FLNj1Pw", "sup proy": 358.25, "sup_graf": 124, "proyecto": "513", "tramite": "APROBACIÓN", "tipo_obra": "OBRA CIVIL\t" }, "geometry": { "type": "MultiPolygon", "coordinates": [ [ [ [ -60.518675, -31.727865 ], [ -60.518635, -31.727875 ], [ -60.518634, -31.727871 ], [ -60.518495, -31.727907 ], [ -60.518508, -31.727946 ], [ -60.518497, -31.727949 ], [ -60.518505, -31.727971 ], [ -60.518689, -31.727923 ], [ -60.518679, -31.727896 ], [ -60.518685, -31.727894 ], [ -60.518675, -31.727865 ] ] ] ] } },
{ "type": "Feature", "properties": { "ogc_fid": 328, "nivel": 0.0, "ncp": "0120820003011", "observ": null, "proy nro": 558, "partmuni": 46707, "expte": "8906/2025", "link": "https://tramiteobra.parana.gob.ar/menuAutorizada/informacionAutorizada/z-yyDEVXLayetp2zJw3FLNjxNA", "sup proy": 0.0, "sup_graf": 329, "proyecto": "558", "tramite": "APROBACIÓN", "tipo_obra": "OBRA CIVIL\t" }, "geometry": { "type": "MultiPolygon", "coordinates": [ [ [ [ -60.5516, -31.767827 ], [ -60.551264, -31.767877 ], [ -60.551283, -31.767972 ], [ -60.551589, -31.767926 ], [ -60.551583, -31.767895 ], [ -60.551588, -31.767894 ], [ -60.551585, -31.767878 ], [ -60.551609, -31.767875 ], [ -60.5516, -31.767827 ] ] ] ] } },
{ "type": "Feature", "properties": { "ogc_fid": 329, "nivel": 1.0, "ncp": "0150820014007", "observ": null, "proy nro": 534, "partmuni": 41209, "expte": "/", "link": "https://tramiteobra.parana.gob.ar/menuAutorizada/informacionAutorizada/z-yyDEVXLayetp2zJw3FLNj3OA", "sup proy": 236.5, "sup_graf": 90, "proyecto": "534", "tramite": "APROBACIÓN", "tipo_obra": "OBRA CIVIL\t" }, "geometry": { "type": "MultiPolygon", "coordinates": [ [ [ [ -60.491024, -31.719309 ], [ -60.491, -31.719189 ], [ -60.490916, -31.7192 ], [ -60.490925, -31.719246 ], [ -60.49092, -31.719247 ], [ -60.490925, -31.719272 ], [ -60.490969, -31.719266 ], [ -60.490978, -31.719315 ], [ -60.491024, -31.719309 ] ] ] ] } },
{ "type": "Feature", "properties": { "ogc_fid": 330, "nivel": 0.0, "ncp": "0150820014007", "observ": null, "proy nro": 534, "partmuni": 41209, "expte": "/", "link": "https://tramiteobra.parana.gob.ar/menuAutorizada/informacionAutorizada/z-yyDEVXLayetp2zJw3FLNj3OA", "sup proy": 236.5, "sup_graf": 55, "proyecto": "534", "tramite": "APROBACIÓN", "tipo_obra": "OBRA CIVIL\t" }, "geometry": { "type": "MultiPolygon", "coordinates": [ [ [ [ -60.491, -31.719189 ], [ -60.491043, -31.719183 ], [ -60.491067, -31.719303 ], [ -60.491024, -31.719309 ], [ -60.491, -31.719189 ] ] ] ] } },
{ "type": "Feature", "properties": { "ogc_fid": 218, "nivel": 3.0, "ncp": "0010000083019", "observ": null, "proy nro": 486, "partmuni": 13365, "expte": "20806/2024", "link": "https://tramiteobra.parana.gob.ar/menuAutorizada/informacionAutorizada/z-yyDEVXLayetp2zJw3FLNn8Og", "sup proy": 1014.84, "sup_graf": 213, "proyecto": "486", "tramite": "APROBACIÓN", "tipo_obra": "OBRA CIVIL (Con factibilidad previa)\t" }, "geometry": { "type": "MultiPolygon", "coordinates": [ [ [ [ -60.522864, -31.730823 ], [ -60.52285, -31.730797 ], [ -60.522882, -31.730785 ], [ -60.522895, -31.730811 ], [ -60.522895, -31.730811 ], [ -60.523013, -31.730765 ], [ -60.522928, -31.730697 ], [ -60.522927, -31.730696 ], [ -60.522908, -31.730709 ], [ -60.52291, -31.730712 ], [ -60.522855, -31.730733 ], [ -60.522868, -31.730759 ], [ -60.522837, -31.730771 ], [ -60.522824, -31.730745 ], [ -60.522718, -31.730786 ], [ -60.522758, -31.730864 ], [ -60.522864, -31.730823 ] ] ] ] } },
{ "type": "Feature", "properties": { "ogc_fid": 260, "nivel": 1.0, "ncp": "0090430011012", "observ": "503", "proy nro": 503, "partmuni": 90596, "expte": "1197/2025", "link": "https://tramiteobra.parana.gob.ar/menuAutorizada/informacionAutorizada/z-yyDEVXLayetp2zJw3FLNj0Pw", "sup proy": 91.45, "sup_graf": 65, "proyecto": "503", "tramite": "APROBACIÓN", "tipo_obra": "OBRA CIVIL\t" }, "geometry": { "type": "MultiPolygon", "coordinates": [ [ [ [ -60.486069, -31.739748 ], [ -60.486014, -31.739756 ], [ -60.486021, -31.739792 ], [ -60.486031, -31.739791 ], [ -60.486039, -31.73983 ], [ -60.486003, -31.739835 ], [ -60.486008, -31.739863 ], [ -60.486089, -31.739851 ], [ -60.486069, -31.739748 ] ] ] ] } },
{ "type": "Feature", "properties": { "ogc_fid": 261, "nivel": 1.0, "ncp": "0090430011012", "observ": null, "proy nro": 503, "partmuni": 90596, "expte": "1197/2025", "link": "https://tramiteobra.parana.gob.ar/menuAutorizada/informacionAutorizada/z-yyDEVXLayetp2zJw3FLNj0Pw", "sup proy": 91.45, "sup_graf": 75, "proyecto": "503", "tramite": "APROBACIÓN", "tipo_obra": "OBRA CIVIL\t" }, "geometry": { "type": "MultiPolygon", "coordinates": [ [ [ [ -60.485851, -31.739816 ], [ -60.485752, -31.73983 ], [ -60.485752, -31.739833 ], [ -60.485749, -31.739834 ], [ -60.485761, -31.739898 ], [ -60.485864, -31.739883 ], [ -60.485851, -31.739816 ] ] ] ] } },
{ "type": "Feature", "properties": { "ogc_fid": 262, "nivel": 1.0, "ncp": "0080790028008", "observ": null, "proy nro": 496, "partmuni": 33962, "expte": "14488/2025", "link": "https://tramiteobra.parana.gob.ar/menuAutorizada/informacionAutorizada/z-yyDEVXLayetp2zJw3FLNn9Og", "sup proy": 27.6, "sup_graf": 57, "proyecto": "496", "tramite": "APROBACIÓN", "tipo_obra": "OBRA CIVIL\t" }, "geometry": { "type": "MultiPolygon", "coordinates": [ [ [ [ -60.495673, -31.735059 ], [ -60.495628, -31.735067 ], [ -60.495636, -31.735108 ], [ -60.495618, -31.735111 ], [ -60.495628, -31.735164 ], [ -60.495692, -31.735153 ], [ -60.495682, -31.735103 ], [ -60.495673, -31.735059 ] ] ] ] } },
{ "type": "Feature", "properties": { "ogc_fid": 264, "nivel": 1.0, "ncp": "0121160005006", "observ": null, "proy nro": 480, "partmuni": 43326, "expte": "31521/2024", "link": "https://tramiteobra.parana.gob.ar/menuAutorizada/informacionAutorizada/z-yyDEVXLayetp2zJw3FLNn8PA", "sup proy": 184.47, "sup_graf": 110, "proyecto": "480", "tramite": "APROBACIÓN", "tipo_obra": "OBRA CIVIL (Con factibilidad previa)\t" }, "geometry": { "type": "MultiPolygon", "coordinates": [ [ [ [ -60.535453, -31.775869 ], [ -60.535322, -31.775888 ], [ -60.535336, -31.775955 ], [ -60.535369, -31.77595 ], [ -60.535374, -31.775973 ], [ -60.535438, -31.775964 ], [ -60.535433, -31.775941 ], [ -60.535466, -31.775936 ], [ -60.535453, -31.775869 ] ] ] ] } },
{ "type": "Feature", "properties": { "ogc_fid": 269, "nivel": 0.0, "ncp": "0090420040022", "observ": null, "proy nro": 495, "partmuni": 47813, "expte": "29751/2024", "link": "https://tramiteobra.parana.gob.ar/menuAutorizada/informacionAutorizada/z-yyDEVXLayetp2zJw3FLNn9OQ", "sup proy": 229.4, "sup_graf": 122, "proyecto": "495", "tramite": "APROBACIÓN", "tipo_obra": "OBRA CIVIL\t" }, "geometry": { "type": "MultiPolygon", "coordinates": [ [ [ [ -60.485321, -31.746635 ], [ -60.48535, -31.746771 ], [ -60.485304, -31.746779 ], [ -60.485312, -31.746816 ], [ -60.48537, -31.746807 ], [ -60.48537, -31.746807 ], [ -60.485413, -31.7468 ], [ -60.485376, -31.746627 ], [ -60.485321, -31.746635 ] ] ] ] } },
{ "type": "Feature", "properties": { "ogc_fid": 372, "nivel": 0.0, "ncp": "0121140011019", "observ": null, "proy nro": 482, "partmuni": 42092, "expte": "10903/2025", "link": "https://tramiteobra.parana.gob.ar/menuAutorizada/informacionAutorizada/z-yyDEVXLayetp2zJw3FLNn8Pg", "sup proy": 77.3, "sup_graf": null, "proyecto": "482", "tramite": "APROBACIÓN", "tipo_obra": "OBRA CIVIL\t" }, "geometry": { "type": "MultiPolygon", "coordinates": [ [ [ [ -60.544872, -31.774879 ], [ -60.54484, -31.774884 ], [ -60.544841, -31.77489 ], [ -60.544772, -31.7749 ], [ -60.544784, -31.774958 ], [ -60.544821, -31.774953 ], [ -60.544827, -31.774983 ], [ -60.544859, -31.774978 ], [ -60.544859, -31.774973 ], [ -60.544891, -31.774969 ], [ -60.544872, -31.774879 ] ] ] ] } },
{ "type": "Feature", "properties": { "ogc_fid": 374, "nivel": 0.0, "ncp": "0142100010013", "observ": null, "proy nro": 470, "partmuni": 40999, "expte": "10521/2025", "link": "https://tramiteobra.parana.gob.ar/menuAutorizada/informacionAutorizada/z-yyDEVXLayetp2zJw3FLNnzPA", "sup proy": 2520.0, "sup_graf": null, "proyecto": "470", "tramite": "FACTIBILIDAD", "tipo_obra": "OBRA CIVIL (Con factibilidad previa)" }, "geometry": { "type": "MultiPolygon", "coordinates": [ [ [ [ -60.455546, -31.737159 ], [ -60.455508, -31.73698 ], [ -60.45547, -31.736799 ], [ -60.455433, -31.736619 ], [ -60.455395, -31.736439 ], [ -60.455358, -31.736258 ], [ -60.45532, -31.736079 ], [ -60.454943, -31.736137 ], [ -60.45498, -31.736317 ], [ -60.455017, -31.736497 ], [ -60.455055, -31.736677 ], [ -60.455093, -31.736857 ], [ -60.45513, -31.737037 ], [ -60.455192, -31.737028 ], [ -60.455229, -31.737208 ], [ -60.455546, -31.737159 ] ] ] ] } },
{ "type": "Feature", "properties": { "ogc_fid": 267, "nivel": 1.0, "ncp": "0040000042001", "observ": null, "proy nro": 462, "partmuni": 15258, "expte": "31480/2024", "link": "https://tramiteobra.parana.gob.ar/menuAutorizada/informacionAutorizada/z-yyDEVXLayetp2zJw3FLNnyPg", "sup proy": 0.0, "sup_graf": 54, "proyecto": "462", "tramite": "APROBACIÓN", "tipo_obra": "OBRA CIVIL\t" }, "geometry": { "type": "MultiPolygon", "coordinates": [ [ [ [ -60.529048, -31.725948 ], [ -60.52907, -31.726005 ], [ -60.529088, -31.726 ], [ -60.529098, -31.726029 ], [ -60.529124, -31.726021 ], [ -60.529135, -31.726048 ], [ -60.529148, -31.726044 ], [ -60.529105, -31.725933 ], [ -60.529048, -31.725948 ] ] ] ] } },
{ "type": "Feature", "properties": { "ogc_fid": 268, "nivel": 0.0, "ncp": "0040000042001", "observ": null, "proy nro": 462, "partmuni": 15258, "expte": "31480/2024", "link": "https://tramiteobra.parana.gob.ar/menuAutorizada/informacionAutorizada/z-yyDEVXLayetp2zJw3FLNnyPg", "sup proy": 0.0, "sup_graf": 46, "proyecto": "462", "tramite": "APROBACIÓN", "tipo_obra": "OBRA CIVIL\t" }, "geometry": { "type": "MultiPolygon", "coordinates": [ [ [ [ -60.529019, -31.725998 ], [ -60.52899, -31.726007 ], [ -60.529019, -31.726081 ], [ -60.529076, -31.726065 ], [ -60.529066, -31.726037 ], [ -60.529069, -31.726036 ], [ -60.529058, -31.726005 ], [ -60.529025, -31.726014 ], [ -60.529019, -31.725998 ] ] ] ] } },
{ "type": "Feature", "properties": { "ogc_fid": 271, "nivel": 1.0, "ncp": "0140720001004", "observ": null, "proy nro": 463, "partmuni": 46428, "expte": "29761/2024", "link": "https://tramiteobra.parana.gob.ar/menuAutorizada/informacionAutorizada/z-yyDEVXLayetp2zJw3FLNnyPw", "sup proy": 156.0, "sup_graf": 95, "proyecto": "463", "tramite": "APROBACIÓN", "tipo_obra": "OBRA CIVIL\t" }, "geometry": { "type": "MultiPolygon", "coordinates": [ [ [ [ -60.476631, -31.734233 ], [ -60.476558, -31.734245 ], [ -60.47658, -31.734366 ], [ -60.476602, -31.734362 ], [ -60.476653, -31.734353 ], [ -60.476646, -31.734314 ], [ -60.476631, -31.734233 ] ] ] ] } },
{ "type": "Feature", "properties": { "ogc_fid": 272, "nivel": 0.0, "ncp": "0140720001004", "observ": null, "proy nro": 463, "partmuni": 46428, "expte": "29761/2024", "link": "https://tramiteobra.parana.gob.ar/menuAutorizada/informacionAutorizada/z-yyDEVXLayetp2zJw3FLNnyPw", "sup proy": 156.0, "sup_graf": 91, "proyecto": "463", "tramite": "APROBACIÓN", "tipo_obra": "OBRA CIVIL\t" }, "geometry": { "type": "MultiPolygon", "coordinates": [ [ [ [ -60.476608, -31.734397 ], [ -60.476749, -31.734374 ], [ -60.476735, -31.7343 ], [ -60.476646, -31.734314 ], [ -60.476653, -31.734353 ], [ -60.476602, -31.734362 ], [ -60.476608, -31.734397 ] ] ] ] } },
{ "type": "Feature", "properties": { "ogc_fid": 38, "nivel": 0.0, "ncp": "0060840021014", "observ": null, "proy nro": 222, "partmuni": 91550, "expte": "9258/2024", "link": "https://tramiteobra.parana.gob.ar/menuAutorizada/informacionAutorizada/AehgKdj4ylT4vME-jzRzoTp7zA", "sup proy": 172.3, "sup_graf": 139, "proyecto": "222", "tramite": "APROBACIÓN", "tipo_obra": "OBRA CIVIL\t" }, "geometry": { "type": "MultiPolygon", "coordinates": [ [ [ [ -60.540078, -31.773652 ], [ -60.540178, -31.773638 ], [ -60.540171, -31.773605 ], [ -60.540116, -31.773613 ], [ -60.540099, -31.773561 ], [ -60.539888, -31.773589 ], [ -60.539897, -31.773633 ], [ -60.53994, -31.773627 ], [ -60.540069, -31.773608 ], [ -60.540078, -31.773652 ] ] ] ] } },
{ "type": "Feature", "properties": { "ogc_fid": 175, "nivel": 2.0, "ncp": "0060360013059", "observ": null, "proy nro": 305, "partmuni": 90435, "expte": "11152/2024", "link": "https://tramiteobra.parana.gob.ar/menuAutorizada/informacionAutorizada/AehgKdj4ylT4vME-jzRzoTt5yw", "sup proy": 0.0, "sup_graf": 281, "proyecto": "305", "tramite": "FACTIBILIDAD", "tipo_obra": "OBRA CIVIL (Con factibilidad previa)\t" }, "geometry": { "type": "MultiPolygon", "coordinates": [ [ [ [ -60.521777, -31.750319 ], [ -60.521651, -31.750225 ], [ -60.521534, -31.750334 ], [ -60.521637, -31.750446 ], [ -60.521777, -31.750319 ] ] ] ] } },
{ "type": "Feature", "properties": { "ogc_fid": 201, "nivel": 1.0, "ncp": "0030000008045", "observ": null, "proy nro": 164, "partmuni": 34742, "expte": "37181/2023", "link": "https://tramiteobra.parana.gob.ar/menuAutorizada/informacionAutorizada/AehgKdj4ylT4vME-jzRzoTl_yg", "sup proy": 375.83, "sup_graf": 184, "proyecto": "164", "tramite": "APROBACIÓN", "tipo_obra": "OBRA CIVIL (Con factibilidad previa)\t" }, "geometry": { "type": "MultiPolygon", "coordinates": [ [ [ [ -60.534476, -31.730888 ], [ -60.534482, -31.730902 ], [ -60.534496, -31.730896 ], [ -60.534543, -31.730976 ], [ -60.534461, -31.731008 ], [ -60.534424, -31.730931 ], [ -60.534379, -31.730947 ], [ -60.534434, -31.731064 ], [ -60.53461, -31.730996 ], [ -60.53453, -31.730862 ], [ -60.534476, -31.730888 ] ] ] ] } },
{ "type": "Feature", "properties": { "ogc_fid": 202, "nivel": 0.0, "ncp": "0030000008045", "observ": null, "proy nro": 164, "partmuni": 34742, "expte": "37181/2023", "link": "https://tramiteobra.parana.gob.ar/menuAutorizada/informacionAutorizada/AehgKdj4ylT4vME-jzRzoTl_yg", "sup proy": 0.0, "sup_graf": 64, "proyecto": "164", "tramite": "APROBACIÓN", "tipo_obra": "OBRA CIVIL (Con factibilidad previa)\t" }, "geometry": { "type": "MultiPolygon", "coordinates": [ [ [ [ -60.534482, -31.730902 ], [ -60.534495, -31.730928 ], [ -60.534451, -31.730949 ], [ -60.534439, -31.730925 ], [ -60.534424, -31.730931 ], [ -60.534461, -31.731008 ], [ -60.534543, -31.730976 ], [ -60.534496, -31.730896 ], [ -60.534482, -31.730902 ] ] ] ] } },
{ "type": "Feature", "properties": { "ogc_fid": 230, "nivel": 1.0, "ncp": "0050290015001", "observ": null, "proy nro": 392, "partmuni": 18757, "expte": "22303/2024", "link": "https://tramiteobra.parana.gob.ar/menuAutorizada/informacionAutorizada/AehgKdj4ylT4vME-jzRzoTtwzA", "sup proy": 0.0, "sup_graf": 171, "proyecto": "392", "tramite": "APROBACIÓN", "tipo_obra": "OBRA CIVIL\t" }, "geometry": { "type": "MultiPolygon", "coordinates": [ [ [ [ -60.537209, -31.742511 ], [ -60.53728, -31.742501 ], [ -60.53726, -31.742381 ], [ -60.537247, -31.742382 ], [ -60.53724, -31.742338 ], [ -60.537252, -31.742337 ], [ -60.537247, -31.742306 ], [ -60.537141, -31.742319 ], [ -60.537145, -31.742345 ], [ -60.537156, -31.742344 ], [ -60.537162, -31.74238 ], [ -60.537179, -31.742378 ], [ -60.537187, -31.742422 ], [ -60.537157, -31.742426 ], [ -60.537174, -31.742454 ], [ -60.53722, -31.742449 ], [ -60.537225, -31.742477 ], [ -60.537191, -31.742481 ], [ -60.537209, -31.742511 ] ] ] ] } },
{ "type": "Feature", "properties": { "ogc_fid": 101, "nivel": 0.0, "ncp": "0090660016002", "observ": null, "proy nro": 190, "partmuni": 91343, "expte": "33935/2023", "link": "https://tramiteobra.parana.gob.ar/menuAutorizada/informacionAutorizada/AehgKdj4ylT4vME-jzRzoTlwzg", "sup proy": 103.17, "sup_graf": 61, "proyecto": "190", "tramite": "APROBACIÓN", "tipo_obra": "OBRA CIVIL\t" }, "geometry": { "type": "MultiPolygon", "coordinates": [ [ [ [ -60.484254, -31.765644 ], [ -60.484262, -31.765682 ], [ -60.484284, -31.765679 ], [ -60.48429, -31.765705 ], [ -60.484364, -31.765693 ], [ -60.48435, -31.765629 ], [ -60.484312, -31.765635 ], [ -60.484254, -31.765644 ] ] ] ] } },
{ "type": "Feature", "properties": { "ogc_fid": 139, "nivel": 0.0, "ncp": "0010000032022", "observ": null, "proy nro": 192, "partmuni": 62061, "expte": "35631/2023", "link": "https://tramiteobra.parana.gob.ar/menuAutorizada/informacionAutorizada/AehgKdj4ylT4vME-jzRzoTlwzA", "sup proy": 119.79, "sup_graf": 38, "proyecto": "192", "tramite": "APROBACIÓN", "tipo_obra": "OBRA CIVIL\t" }, "geometry": { "type": "MultiPolygon", "coordinates": [ [ [ [ -60.521565, -31.722886 ], [ -60.521607, -31.72287 ], [ -60.521592, -31.72284 ], [ -60.521637, -31.722824 ], [ -60.521626, -31.722802 ], [ -60.521543, -31.722834 ], [ -60.521546, -31.722842 ], [ -60.521545, -31.722843 ], [ -60.521565, -31.722886 ] ] ] ] } },
{ "type": "Feature", "properties": { "ogc_fid": 188, "nivel": 1.0, "ncp": "0090610005013", "observ": null, "proy nro": 266, "partmuni": 81760, "expte": "/", "link": "https://tramiteobra.parana.gob.ar/menuAutorizada/informacionAutorizada/AehgKdj4ylT4vME-jzRzoTp_yA", "sup proy": 33.35, "sup_graf": 73, "proyecto": "266", "tramite": "APROBACIÓN", "tipo_obra": "OBRA CIVIL (Con factibilidad previa)\t" }, "geometry": { "type": "MultiPolygon", "coordinates": [ [ [ [ -60.500753, -31.77049 ], [ -60.500652, -31.770506 ], [ -60.500668, -31.770581 ], [ -60.500703, -31.770575 ], [ -60.500702, -31.770566 ], [ -60.500721, -31.770563 ], [ -60.500721, -31.770558 ], [ -60.500767, -31.770551 ], [ -60.500753, -31.77049 ] ] ] ] } },
{ "type": "Feature", "properties": { "ogc_fid": 189, "nivel": 0.0, "ncp": "0090610005013", "observ": null, "proy nro": 266, "partmuni": 81760, "expte": "/", "link": "https://tramiteobra.parana.gob.ar/menuAutorizada/informacionAutorizada/AehgKdj4ylT4vME-jzRzoTp_yA", "sup proy": 33.35, "sup_graf": 141, "proyecto": "266", "tramite": "APROBACIÓN", "tipo_obra": "OBRA CIVIL (Con factibilidad previa)\t" }, "geometry": { "type": "MultiPolygon", "coordinates": [ [ [ [ -60.50069, -31.77068 ], [ -60.500703, -31.770735 ], [ -60.500804, -31.770718 ], [ -60.500767, -31.770551 ], [ -60.500721, -31.770558 ], [ -60.500721, -31.770563 ], [ -60.500702, -31.770566 ], [ -60.500703, -31.770575 ], [ -60.500715, -31.770628 ], [ -60.500726, -31.770674 ], [ -60.50069, -31.77068 ] ] ] ] } },
{ "type": "Feature", "properties": { "ogc_fid": 190, "nivel": 0.0, "ncp": "0030000018013", "observ": null, "proy nro": 258, "partmuni": 4725, "expte": "7874/2025", "link": "https://tramiteobra.parana.gob.ar/menuAutorizada/informacionAutorizada/AehgKdj4ylT4vME-jzRzoTp8xg", "sup proy": 370.8, "sup_graf": 458, "proyecto": "258", "tramite": "APROBACIÓN", "tipo_obra": "OBRA CIVIL (Con factibilidad previa)\t" }, "geometry": { "type": "MultiPolygon", "coordinates": [ [ [ [ -60.531925, -31.732934 ], [ -60.531993, -31.733081 ], [ -60.531998, -31.733092 ], [ -60.53202, -31.733137 ], [ -60.532283, -31.733047 ], [ -60.53226, -31.733004 ], [ -60.532164, -31.733036 ], [ -60.532083, -31.732877 ], [ -60.531925, -31.732934 ] ] ] ] } },
{ "type": "Feature", "properties": { "ogc_fid": 191, "nivel": 1.0, "ncp": "0080170003013", "observ": null, "proy nro": 65, "partmuni": 87191, "expte": "12038/24", "link": "https://tramiteobra.parana.gob.ar/menuAutorizada/informacionAutorizada/AehgKdj4ylT4vME-jzRzoT58", "sup proy": 240.0, "sup_graf": 239, "proyecto": "65", "tramite": "APROBACIÓN", "tipo_obra": "OBRA CIVIL (Con factibilidad previa)\t" }, "geometry": { "type": "MultiPolygon", "coordinates": [ [ [ [ -60.49012, -31.737742 ], [ -60.490165, -31.737958 ], [ -60.490267, -31.737942 ], [ -60.490222, -31.737726 ], [ -60.49012, -31.737742 ] ] ] ] } },
{ "type": "Feature", "properties": { "ogc_fid": 144, "nivel": 0.0, "ncp": "0060500011018", "observ": null, "proy nro": 323, "partmuni": 12086, "expte": "11259/2024", "link": "https://tramiteobra.parana.gob.ar/menuAutorizada/informacionAutorizada/AehgKdj4ylT4vME-jzRzoTt7zQ", "sup proy": 151.66, "sup_graf": 58, "proyecto": "323", "tramite": "APROBACIÓN", "tipo_obra": "OBRA CIVIL\t" }, "geometry": { "type": "MultiPolygon", "coordinates": [ [ [ [ -60.527713, -31.753572 ], [ -60.527591, -31.753486 ], [ -60.527599, -31.753493 ], [ -60.527572, -31.753521 ], [ -60.527685, -31.753601 ], [ -60.527713, -31.753572 ] ] ] ] } },
{ "type": "Feature", "properties": { "ogc_fid": 336, "nivel": 0.0, "ncp": "0132480002006", "observ": null, "proy nro": 384, "partmuni": 53608, "expte": "1204/2025", "link": "https://tramiteobra.parana.gob.ar/menuAutorizada/informacionAutorizada/AehgKdj4ylT4vME-jzRzoTtxyg", "sup proy": 2493.34, "sup_graf": 1388, "proyecto": "384", "tramite": "APROBACIÓN", "tipo_obra": "OBRA CIVIL (Con factibilidad previa)\t" }, "geometry": { "type": "MultiPolygon", "coordinates": [ [ [ [ -60.453855, -31.770457 ], [ -60.453277, -31.770549 ], [ -60.453364, -31.770936 ], [ -60.453527, -31.77091 ], [ -60.453476, -31.770679 ], [ -60.45389, -31.770611 ], [ -60.453855, -31.770457 ] ] ] ] } },
{ "type": "Feature", "properties": { "ogc_fid": 337, "nivel": 0.0, "ncp": "0132480002006", "observ": null, "proy nro": 384, "partmuni": 53608, "expte": "1204/2025", "link": "https://tramiteobra.parana.gob.ar/menuAutorizada/informacionAutorizada/AehgKdj4ylT4vME-jzRzoTtxyg", "sup proy": 2493.34, "sup_graf": 260, "proyecto": "384", "tramite": "APROBACIÓN", "tipo_obra": "OBRA CIVIL (Con factibilidad previa)\t" }, "geometry": { "type": "MultiPolygon", "coordinates": [ [ [ [ -60.453865, -31.770685 ], [ -60.453555, -31.770735 ], [ -60.453574, -31.770821 ], [ -60.453781, -31.770788 ], [ -60.453777, -31.770762 ], [ -60.453879, -31.770745 ], [ -60.453865, -31.770685 ] ] ] ] } },
{ "type": "Feature", "properties": { "ogc_fid": 582, "nivel": 0.0, "ncp": "0060840021002", "observ": null, "proy nro": 863, "partmuni": 93331, "expte": "5423/2026", "link": "https://tramiteobra.parana.gob.ar/menuAutorizada/informacionAutorizada/_MzIrVzFtATSEnMMnuPZs9uF0Q", "sup proy": 141.27, "sup_graf": null, "proyecto": "863", "tramite": "APROBACIÓN", "tipo_obra": "OBRA CIVIL" }, "geometry": { "type": "MultiPolygon", "coordinates": [ [ [ [ -60.539991, -31.772434 ], [ -60.540007, -31.77252 ], [ -60.539697, -31.772564 ], [ -60.53969, -31.772525 ], [ -60.539697, -31.772524 ], [ -60.539694, -31.772506 ], [ -60.539724, -31.77247 ], [ -60.539846, -31.772454 ], [ -60.539847, -31.772458 ], [ -60.539884, -31.772453 ], [ -60.539885, -31.772458 ], [ -60.539938, -31.772451 ], [ -60.539936, -31.772441 ], [ -60.539991, -31.772434 ] ] ] ] } },
{ "type": "Feature", "properties": { "ogc_fid": 601, "nivel": 1.0, "ncp": "0150620001059", "observ": null, "proy nro": 892, "partmuni": 43508, "expte": "8003/2026", "link": "https://tramiteobra.parana.gob.ar/menuAutorizada/informacionAutorizada/cqbRqEsPtpQ6l4sJcUBi4fXSqA", "sup proy": 270.5, "sup_graf": null, "proyecto": "892", "tramite": "APROBACIÓN", "tipo_obra": "OBRA CIVIL" }, "geometry": { "type": "MultiPolygon", "coordinates": [ [ [ [ -60.501509, -31.711043 ], [ -60.501496, -31.711102 ], [ -60.501404, -31.71107 ], [ -60.501388, -31.711103 ], [ -60.501346, -31.711088 ], [ -60.501407, -31.710962 ], [ -60.501413, -31.710964 ], [ -60.501419, -31.710953 ], [ -60.501454, -31.710965 ], [ -60.501449, -31.710977 ], [ -60.501517, -31.711001 ], [ -60.501499, -31.711039 ], [ -60.501509, -31.711043 ] ] ] ] } },
{ "type": "Feature", "properties": { "ogc_fid": 603, "nivel": 0.0, "ncp": "0070630004052", "observ": "", "proy nro": 872, "partmuni": 91048, "expte": "9061/2026", "link": "https://tramiteobra.parana.gob.ar/menuAutorizada/informacionAutorizada/cqbRqEsPtpQ6l4sJcUBi4fXcqA", "sup proy": 59.0, "sup_graf": null, "proyecto": "872", "tramite": "APROBACIÓN", "tipo_obra": "OBRA CIVIL" }, "geometry": { "type": "MultiPolygon", "coordinates": [ [ [ [ -60.505651, -31.755199 ], [ -60.50564, -31.755151 ], [ -60.505589, -31.755162 ], [ -60.505585, -31.755144 ], [ -60.505552, -31.755151 ], [ -60.50556, -31.755183 ], [ -60.505549, -31.755185 ], [ -60.505558, -31.75522 ], [ -60.505651, -31.755199 ] ] ] ] } },
{ "type": "Feature", "properties": { "ogc_fid": 20, "nivel": 0.0, "ncp": "0010000073034", "observ": null, "proy nro": 49, "partmuni": 10847, "expte": "17673/2023", "link": "https://tramiteobra.parana.gob.ar/menuAutorizada/informacionAutorizada/NE0q7M6biesIFggqhj_BroIg", "sup proy": 226.64, "sup_graf": 28, "proyecto": "49", "tramite": "APROBACIÓN", "tipo_obra": "OBRA CIVIL (Con factibilidad previa)\t" }, "geometry": { "type": "GeometryCollection", "geometries": [ { "type": "Polygon", "coordinates": [ [ [ -60.524987, -31.728817 ], [ -60.524949, -31.728771 ], [ -60.52491, -31.728796 ], [ -60.524948, -31.728841 ], [ -60.524987, -31.728817 ] ] ] }, { "type": "LineString", "coordinates": [ [ -60.524948, -31.728841 ], [ -60.524945, -31.728842 ] ] } ] } },
{ "type": "Feature", "properties": { "ogc_fid": 64, "nivel": 0.0, "ncp": "0132040005008", "observ": null, "proy nro": 74, "partmuni": 42078, "expte": "27198/2023", "link": "https://tramiteobra.parana.gob.ar/menuAutorizada/informacionAutorizada/NE0q7M6biesIFggqhj_BroEt", "sup proy": 58.92, "sup_graf": 106, "proyecto": "74", "tramite": "APROBACIÓN", "tipo_obra": "OBRA CIVIL\t" }, "geometry": { "type": "MultiPolygon", "coordinates": [ [ [ [ -60.462361, -31.763345 ], [ -60.462354, -31.763313 ], [ -60.462332, -31.763316 ], [ -60.462327, -31.763288 ], [ -60.462187, -31.763309 ], [ -60.462193, -31.763337 ], [ -60.46217, -31.763341 ], [ -60.462176, -31.763373 ], [ -60.462361, -31.763345 ] ] ] ] } },
{ "type": "Feature", "properties": { "ogc_fid": 63, "nivel": 0.0, "ncp": "0132040013005", "observ": null, "proy nro": 70, "partmuni": 43127, "expte": "26335/2023", "link": "https://tramiteobra.parana.gob.ar/menuAutorizada/informacionAutorizada/NE0q7M6biesIFggqhj_BroEp", "sup proy": 301.85, "sup_graf": 19, "proyecto": "70", "tramite": "APROBACIÓN", "tipo_obra": "OBRA CIVIL\t" }, "geometry": { "type": "MultiPolygon", "coordinates": [ [ [ [ -60.462828, -31.765525 ], [ -60.462794, -31.76553 ], [ -60.46278, -31.765532 ], [ -60.462784, -31.765554 ], [ -60.462787, -31.765568 ], [ -60.462835, -31.765561 ], [ -60.462828, -31.765525 ] ] ] ] } },
{ "type": "Feature", "properties": { "ogc_fid": 42, "nivel": 0.0, "ncp": "0020000031018", "observ": null, "proy nro": 66, "partmuni": 97725, "expte": "16195/2023", "link": "https://tramiteobra.parana.gob.ar/menuAutorizada/informacionAutorizada/NE0q7M6biesIFggqhj_BroAv", "sup proy": 6.7, "sup_graf": 13, "proyecto": "66", "tramite": "APROBACIÓN", "tipo_obra": "OBRA CIVIL (Con factibilidad previa)\t" }, "geometry": { "type": "MultiPolygon", "coordinates": [ [ [ [ -60.51808, -31.740986 ], [ -60.518076, -31.740961 ], [ -60.518028, -31.740969 ], [ -60.518031, -31.740992 ], [ -60.51808, -31.740986 ] ] ] ] } },
{ "type": "Feature", "properties": { "ogc_fid": 99, "nivel": 8.0, "ncp": "0020000007023", "observ": null, "proy nro": 63, "partmuni": 44605, "expte": "24934/2023", "link": "https://tramiteobra.parana.gob.ar/menuAutorizada/informacionAutorizada/NE0q7M6biesIFggqhj_BroAq", "sup proy": 2043.76, "sup_graf": 214, "proyecto": "63", "tramite": "APROBACIÓN", "tipo_obra": "OBRA CIVIL (Con factibilidad previa)\t" }, "geometry": { "type": "MultiPolygon", "coordinates": [ [ [ [ -60.520336, -31.73656 ], [ -60.52042, -31.736527 ], [ -60.520395, -31.736488 ], [ -60.520468, -31.736461 ], [ -60.520491, -31.736499 ], [ -60.520574, -31.736467 ], [ -60.520524, -31.736386 ], [ -60.520286, -31.736479 ], [ -60.520336, -31.73656 ] ] ] ] } },
{ "type": "Feature", "properties": { "ogc_fid": 71, "nivel": 0.0, "ncp": "0090420040002", "observ": null, "proy nro": 93, "partmuni": 45307, "expte": "18654/2023", "link": "https://tramiteobra.parana.gob.ar/menuAutorizada/informacionAutorizada/NE0q7M6biesIFggqhj_Bro8q", "sup proy": 0.0, "sup_graf": 7, "proyecto": "93", "tramite": "APROBACIÓN\t", "tipo_obra": "OBRA CIVIL\t" }, "geometry": { "type": "MultiPolygon", "coordinates": [ [ [ [ -60.486227, -31.746265 ], [ -60.486172, -31.746274 ], [ -60.486174, -31.746284 ], [ -60.48623, -31.746276 ], [ -60.486227, -31.746265 ] ] ] ] } },
{ "type": "Feature", "properties": { "ogc_fid": 72, "nivel": 1.0, "ncp": "0150720011076", "observ": null, "proy nro": 95, "partmuni": 42994, "expte": "17827/2023", "link": "https://tramiteobra.parana.gob.ar/menuAutorizada/informacionAutorizada/NE0q7M6biesIFggqhj_Bro8s", "sup proy": 0.0, "sup_graf": 93, "proyecto": "95", "tramite": "APROBACIÓN\t", "tipo_obra": "OBRA CIVIL\t" }, "geometry": { "type": "MultiPolygon", "coordinates": [ [ [ [ -60.495352, -31.714232 ], [ -60.495352, -31.714232 ], [ -60.495481, -31.71421 ], [ -60.495469, -31.71415 ], [ -60.49541, -31.71416 ], [ -60.495406, -31.714135 ], [ -60.495353, -31.714143 ], [ -60.495364, -31.7142 ], [ -60.495347, -31.714203 ], [ -60.495352, -31.714232 ] ] ] ] } },
{ "type": "Feature", "properties": { "ogc_fid": 73, "nivel": 0.0, "ncp": "0150720011076", "observ": null, "proy nro": 95, "partmuni": 42994, "expte": "17827/2023", "link": "https://tramiteobra.parana.gob.ar/menuAutorizada/informacionAutorizada/NE0q7M6biesIFggqhj_Bro8s", "sup proy": 0.0, "sup_graf": 63, "proyecto": "95", "tramite": "APROBACIÓN\t", "tipo_obra": "OBRA CIVIL\t" }, "geometry": { "type": "MultiPolygon", "coordinates": [ [ [ [ -60.49572, -31.714214 ], [ -60.495609, -31.714233 ], [ -60.49562, -31.714285 ], [ -60.495729, -31.714267 ], [ -60.49572, -31.714214 ] ] ] ] } },
{ "type": "Feature", "properties": { "ogc_fid": 730, "nivel": 0.0, "ncp": "0090640001005", "observ": null, "proy nro": 800, "partmuni": 25090, "expte": "14424/2026", "link": "https://tramiteobra.parana.gob.ar/menuAutorizada/informacionAutorizada/1CQ4XpcmgUk_xVhOP_UR750ckA", "sup proy": 1278.9, "sup_graf": null, "proyecto": "800", "tramite": "APROBACIÓN", "tipo_obra": "URBANIZACIONES ESPECIALES" }, "geometry": { "type": "MultiPolygon", "coordinates": [ [ [ [ -60.486772, -31.773978 ], [ -60.486745, -31.773982 ], [ -60.486741, -31.773963 ], [ -60.486696, -31.77397 ], [ -60.486685, -31.773915 ], [ -60.486756, -31.773903 ], [ -60.486758, -31.773913 ], [ -60.486762, -31.773932 ], [ -60.486772, -31.773978 ] ] ] ] } },
{ "type": "Feature", "properties": { "ogc_fid": 645, "nivel": 0.0, "ncp": "0090360017012", "observ": null, "proy nro": 888, "partmuni": 80689, "expte": "11575/2026", "link": "https://tramiteobra.parana.gob.ar/menuAutorizada/informacionAutorizada/CgRw8S_TFTxu7fuD0I55XSHBKw", "sup proy": 26.0, "sup_graf": null, "proyecto": "888", "tramite": "APROBACIÓN", "tipo_obra": "OBRA CIVIL" }, "geometry": { "type": "MultiPolygon", "coordinates": [ [ [ [ -60.495855, -31.769646 ], [ -60.495742, -31.769662 ], [ -60.495753, -31.769708 ], [ -60.495795, -31.769702 ], [ -60.495787, -31.76967 ], [ -60.495811, -31.769666 ], [ -60.495813, -31.769672 ], [ -60.495858, -31.769666 ], [ -60.495855, -31.769646 ] ] ] ] } },
{ "type": "Feature", "properties": { "ogc_fid": 649, "nivel": 3.0, "ncp": "0020000036039", "observ": null, "proy nro": 906, "partmuni": 16001, "expte": "11584/2026", "link": "https://tramiteobra.parana.gob.ar/menuAutorizada/informacionAutorizada/qyWq3LGWw7GGE9kC7BOlzeUVYA", "sup proy": 204.2, "sup_graf": null, "proyecto": "906", "tramite": "APROBACIÓN", "tipo_obra": "OBRA CIVIL" }, "geometry": { "type": "MultiPolygon", "coordinates": [ [ [ [ -60.526108, -31.736944 ], [ -60.526072, -31.736887 ], [ -60.525955, -31.73694 ], [ -60.525993, -31.736995 ], [ -60.526022, -31.73698 ], [ -60.526108, -31.736944 ] ] ] ] } },
{ "type": "Feature", "properties": { "ogc_fid": 650, "nivel": 0.0, "ncp": "0020000036039", "observ": null, "proy nro": 906, "partmuni": 16001, "expte": "11584/2026", "link": "https://tramiteobra.parana.gob.ar/menuAutorizada/informacionAutorizada/qyWq3LGWw7GGE9kC7BOlzeUVYA", "sup proy": 204.2, "sup_graf": null, "proyecto": "906", "tramite": "APROBACIÓN", "tipo_obra": "OBRA CIVIL" }, "geometry": { "type": "MultiPolygon", "coordinates": [ [ [ [ -60.525993, -31.736995 ], [ -60.525955, -31.737014 ], [ -60.525917, -31.736958 ], [ -60.525955, -31.73694 ], [ -60.525993, -31.736995 ] ] ] ] } },
{ "type": "Feature", "properties": { "ogc_fid": 651, "nivel": 0.0, "ncp": "0060840020010", "observ": null, "proy nro": 899, "partmuni": 43296, "expte": "12610/2026", "link": "https://tramiteobra.parana.gob.ar/menuAutorizada/informacionAutorizada/qyWq3LGWw7GGE9kC7BOlzeQcbw", "sup proy": 69.95, "sup_graf": null, "proyecto": "899", "tramite": "APROBACIÓN", "tipo_obra": "OBRA CIVIL" }, "geometry": { "type": "MultiPolygon", "coordinates": [ [ [ [ -60.54076, -31.773148 ], [ -60.540753, -31.773108 ], [ -60.54076, -31.773107 ], [ -60.540754, -31.773076 ], [ -60.540716, -31.773081 ], [ -60.540716, -31.773078 ], [ -60.540698, -31.77308 ], [ -60.540698, -31.773084 ], [ -60.540661, -31.773089 ], [ -60.540667, -31.77312 ], [ -60.54068, -31.773118 ], [ -60.540682, -31.773131 ], [ -60.540678, -31.773132 ], [ -60.540683, -31.773158 ], [ -60.54076, -31.773148 ] ] ] ] } },
{ "type": "Feature", "properties": { "ogc_fid": 658, "nivel": 1.0, "ncp": "0010000084009", "observ": null, "proy nro": 907, "partmuni": 15913, "expte": "15091/2026", "link": "https://tramiteobra.parana.gob.ar/menuAutorizada/informacionAutorizada/5D0ogvWc6znLgooQ1IzD7RgsJg", "sup proy": 278.16, "sup_graf": null, "proyecto": "907", "tramite": "APROBACIÓN", "tipo_obra": "OBRA CIVIL" }, "geometry": { "type": "MultiPolygon", "coordinates": [ [ [ [ -60.521538, -31.730759 ], [ -60.521518, -31.730707 ], [ -60.521505, -31.730675 ], [ -60.521504, -31.730672 ], [ -60.521592, -31.730647 ], [ -60.521612, -31.730695 ], [ -60.521611, -31.730695 ], [ -60.521623, -31.730723 ], [ -60.521604, -31.730729 ], [ -60.521608, -31.730739 ], [ -60.521538, -31.730759 ] ] ] ] } },
{ "type": "Feature", "properties": { "ogc_fid": 659, "nivel": 2.0, "ncp": "0010000084009", "observ": null, "proy nro": 907, "partmuni": 15913, "expte": "15091/2026", "link": "https://tramiteobra.parana.gob.ar/menuAutorizada/informacionAutorizada/5D0ogvWc6znLgooQ1IzD7RgsJg", "sup proy": 278.16, "sup_graf": null, "proyecto": "907", "tramite": "APROBACIÓN", "tipo_obra": "OBRA CIVIL" }, "geometry": { "type": "MultiPolygon", "coordinates": [ [ [ [ -60.521518, -31.730811 ], [ -60.521493, -31.730818 ], [ -60.521464, -31.730825 ], [ -60.521411, -31.730702 ], [ -60.521505, -31.730675 ], [ -60.521518, -31.730707 ], [ -60.521538, -31.730759 ], [ -60.521501, -31.73077 ], [ -60.521518, -31.730811 ] ] ] ] } },
{ "type": "Feature", "properties": { "ogc_fid": 660, "nivel": 0.0, "ncp": "0070550016003", "observ": null, "proy nro": 885, "partmuni": 83942, "expte": "11151/2026", "link": "https://tramiteobra.parana.gob.ar/menuAutorizada/informacionAutorizada/5D0ogvWc6znLgooQ1IzD7RkkJA", "sup proy": 275.645, "sup_graf": null, "proyecto": "885", "tramite": "APROBACIÓN", "tipo_obra": "OBRA CIVIL" }, "geometry": { "type": "MultiPolygon", "coordinates": [ [ [ [ -60.508749, -31.747434 ], [ -60.508663, -31.747474 ], [ -60.5086, -31.747378 ], [ -60.508613, -31.747371 ], [ -60.508479, -31.747166 ], [ -60.508551, -31.747133 ], [ -60.508717, -31.747386 ], [ -60.508749, -31.747434 ] ] ] ] } },
{ "type": "Feature", "properties": { "ogc_fid": 665, "nivel": 3.0, "ncp": "0020000039042", "observ": null, "proy nro": 846, "partmuni": 7736, "expte": "14924/2026", "link": "https://tramiteobra.parana.gob.ar/menuAutorizada/informacionAutorizada/5D0ogvWc6znLgooQ1IzD7RkoJw", "sup proy": 832.515, "sup_graf": null, "proyecto": "846", "tramite": "APROBACIÓN", "tipo_obra": "OBRA CIVIL" }, "geometry": { "type": "MultiPolygon", "coordinates": [ [ [ [ -60.521959, -31.739544 ], [ -60.521905, -31.739485 ], [ -60.521874, -31.739506 ], [ -60.521875, -31.739509 ], [ -60.52181, -31.739552 ], [ -60.521853, -31.739613 ], [ -60.521959, -31.739544 ] ] ] ] } },
{ "type": "Feature", "properties": { "ogc_fid": 666, "nivel": 3.0, "ncp": "0020000039042", "observ": null, "proy nro": 846, "partmuni": 7736, "expte": "14924/2026", "link": "https://tramiteobra.parana.gob.ar/menuAutorizada/informacionAutorizada/5D0ogvWc6znLgooQ1IzD7RkoJw", "sup proy": 832.515, "sup_graf": null, "proyecto": "846", "tramite": "APROBACIÓN", "tipo_obra": "OBRA CIVIL" }, "geometry": { "type": "MultiPolygon", "coordinates": [ [ [ [ -60.522082, -31.739463 ], [ -60.522036, -31.739395 ], [ -60.521939, -31.739461 ], [ -60.521994, -31.739521 ], [ -60.522082, -31.739463 ] ] ] ] } },
{ "type": "Feature", "properties": { "ogc_fid": 668, "nivel": 1.0, "ncp": "0150210001096", "observ": null, "proy nro": 861, "partmuni": 46791, "expte": "11369/2026", "link": "https://tramiteobra.parana.gob.ar/menuAutorizada/informacionAutorizada/qvYZKf2yto_iNACm2_TDntdJ-Q", "sup proy": 72.28, "sup_graf": null, "proyecto": "861", "tramite": "APROBACIÓN", "tipo_obra": "OBRA CIVIL" }, "geometry": { "type": "MultiPolygon", "coordinates": [ [ [ [ -60.489155, -31.721859 ], [ -60.489034, -31.721877 ], [ -60.489045, -31.721926 ], [ -60.489132, -31.721913 ], [ -60.489126, -31.721883 ], [ -60.489159, -31.721878 ], [ -60.489155, -31.721859 ] ] ] ] } },
{ "type": "Feature", "properties": { "ogc_fid": 669, "nivel": 0.0, "ncp": "0150210001096", "observ": null, "proy nro": 861, "partmuni": 46791, "expte": "11369/2026", "link": "https://tramiteobra.parana.gob.ar/menuAutorizada/informacionAutorizada/qvYZKf2yto_iNACm2_TDntdJ-Q", "sup proy": 72.28, "sup_graf": null, "proyecto": "861", "tramite": "APROBACIÓN", "tipo_obra": "OBRA CIVIL" }, "geometry": { "type": "MultiPolygon", "coordinates": [ [ [ [ -60.489155, -31.721859 ], [ -60.489138, -31.721781 ], [ -60.489017, -31.7218 ], [ -60.489034, -31.721877 ], [ -60.489155, -31.721859 ] ] ] ] } },
{ "type": "Feature", "properties": { "ogc_fid": 686, "nivel": 0.0, "ncp": "0132040005017", "observ": null, "proy nro": 882, "partmuni": 42241, "expte": "14480/2026", "link": "https://tramiteobra.parana.gob.ar/menuAutorizada/informacionAutorizada/q1FFVjd49NkY51uFs282QUGbTw", "sup proy": 70.4, "sup_graf": null, "proyecto": "882", "tramite": "APROBACIÓN", "tipo_obra": "OBRA CIVIL" }, "geometry": { "type": "MultiPolygon", "coordinates": [ [ [ [ -60.462665, -31.763715 ], [ -60.462627, -31.763532 ], [ -60.46256, -31.763542 ], [ -60.462573, -31.763604 ], [ -60.46259, -31.763602 ], [ -60.462615, -31.763721 ], [ -60.462665, -31.763715 ] ] ] ] } },
{ "type": "Feature", "properties": { "ogc_fid": 694, "nivel": 0.0, "ncp": "0020000062054", "observ": null, "proy nro": 912, "partmuni": 16635, "expte": "14854/2026", "link": "https://tramiteobra.parana.gob.ar/menuAutorizada/informacionAutorizada/FtmK_dBdhQkTYNALPQbvM5m51g", "sup proy": 13.3, "sup_graf": null, "proyecto": "912", "tramite": "APROBACIÓN", "tipo_obra": "OBRA CIVIL" }, "geometry": { "type": "MultiPolygon", "coordinates": [ [ [ [ -60.520859, -31.743174 ], [ -60.520876, -31.743199 ], [ -60.520882, -31.743196 ], [ -60.520902, -31.743225 ], [ -60.520887, -31.743232 ], [ -60.520905, -31.74326 ], [ -60.520827, -31.7433 ], [ -60.520808, -31.743272 ], [ -60.520774, -31.743289 ], [ -60.520793, -31.743317 ], [ -60.520664, -31.743382 ], [ -60.520652, -31.743363 ], [ -60.520707, -31.743336 ], [ -60.520697, -31.743322 ], [ -60.520692, -31.743324 ], [ -60.520673, -31.743296 ], [ -60.520709, -31.743278 ], [ -60.520717, -31.74329 ], [ -60.520752, -31.743272 ], [ -60.520733, -31.743244 ], [ -60.520859, -31.743174 ] ] ] ] } },
{ "type": "Feature", "properties": { "ogc_fid": 695, "nivel": 0.0, "ncp": "0132640001010", "observ": null, "proy nro": 958, "partmuni": 41107, "expte": "13055/2026", "link": "https://tramiteobra.parana.gob.ar/menuAutorizada/informacionAutorizada/FtmK_dBdhQkTYNALPQbvM5m93A", "sup proy": 1250.0, "sup_graf": null, "proyecto": "958", "tramite": "FACTIBILIDAD", "tipo_obra": "OBRA CIVIL (Con factibilidad previa)" }, "geometry": { "type": "MultiPolygon", "coordinates": [ [ [ [ -60.45596, -31.786244 ], [ -60.455895, -31.786029 ], [ -60.455647, -31.786069 ], [ -60.455635, -31.786033 ], [ -60.455378, -31.786075 ], [ -60.455388, -31.786114 ], [ -60.455171, -31.786151 ], [ -60.455239, -31.786367 ], [ -60.45596, -31.786244 ] ] ] ] } },
{ "type": "Feature", "properties": { "ogc_fid": 697, "nivel": 0.0, "ncp": "0121900001020", "observ": null, "proy nro": 928, "partmuni": 44156, "expte": "/", "link": "https://tramiteobra.parana.gob.ar/menuAutorizada/informacionAutorizada/FtmK_dBdhQkTYNALPQbvM5m63A", "sup proy": 1155.0, "sup_graf": null, "proyecto": "928", "tramite": "FACTIBILIDAD", "tipo_obra": "OBRA CIVIL (Con factibilidad previa)" }, "geometry": { "type": "MultiPolygon", "coordinates": [ [ [ [ -60.508457, -31.78917 ], [ -60.508433, -31.789054 ], [ -60.508269, -31.789079 ], [ -60.508265, -31.789061 ], [ -60.508106, -31.789085 ], [ -60.508135, -31.78922 ], [ -60.508457, -31.78917 ] ] ] ] } },
{ "type": "Feature", "properties": { "ogc_fid": 707, "nivel": 1.0, "ncp": "0080420007034", "observ": null, "proy nro": 955, "partmuni": 20858, "expte": "14670/2026", "link": "https://tramiteobra.parana.gob.ar/menuAutorizada/informacionAutorizada/opxaK4z9gk3V0zJ-2eDVhNGs3w", "sup proy": null, "sup_graf": null, "proyecto": "955", "tramite": "APROBACIÓN", "tipo_obra": "OBRA CIVIL" }, "geometry": { "type": "MultiPolygon", "coordinates": [ [ [ [ -60.512174, -31.725744 ], [ -60.5121, -31.725756 ], [ -60.512109, -31.725797 ], [ -60.512189, -31.725784 ], [ -60.512182, -31.725752 ], [ -60.512176, -31.725753 ], [ -60.512174, -31.725744 ] ] ] ] } },
{ "type": "Feature", "properties": { "ogc_fid": 708, "nivel": 0.0, "ncp": "0080420007034", "observ": null, "proy nro": 955, "partmuni": 20858, "expte": "14670/2026", "link": "https://tramiteobra.parana.gob.ar/menuAutorizada/informacionAutorizada/opxaK4z9gk3V0zJ-2eDVhNGs3w", "sup proy": null, "sup_graf": null, "proyecto": "955", "tramite": "APROBACIÓN", "tipo_obra": "OBRA CIVIL" }, "geometry": { "type": "MultiPolygon", "coordinates": [ [ [ [ -60.5121, -31.725756 ], [ -60.512077, -31.725653 ], [ -60.512151, -31.725641 ], [ -60.512174, -31.725744 ], [ -60.5121, -31.725756 ] ] ] ] } },
{ "type": "Feature", "properties": { "ogc_fid": 586, "nivel": 0.0, "ncp": "0121240001041", "observ": null, "proy nro": 845, "partmuni": 54942, "expte": "8015/2026", "link": "https://tramiteobra.parana.gob.ar/menuAutorizada/informacionAutorizada/_MzIrVzFtATSEnMMnuPZs9uH1w", "sup proy": 337.33, "sup_graf": null, "proyecto": "845", "tramite": "APROBACIÓN", "tipo_obra": "OBRA CIVIL" }, "geometry": { "type": "MultiPolygon", "coordinates": [ [ [ [ -60.490056, -31.786877 ], [ -60.490034, -31.786772 ], [ -60.490005, -31.786776 ], [ -60.490026, -31.786882 ], [ -60.490056, -31.786877 ] ] ] ] } },
{ "type": "Feature", "properties": { "ogc_fid": 466, "nivel": 0.0, "ncp": "0141010001045", "observ": null, "proy nro": 835, "partmuni": 41102, "expte": "9060/2026", "link": "https://tramiteobra.parana.gob.ar/menuAutorizada/informacionAutorizada/ey9wRDJzHzCZpUGGQnuf8uGoVg", "sup proy": 214.695, "sup_graf": null, "proyecto": "835", "tramite": "APROBACIÓN", "tipo_obra": "OBRA CIVIL" }, "geometry": { "type": "MultiPolygon", "coordinates": [ [ [ [ -60.471958, -31.747491 ], [ -60.471953, -31.747466 ], [ -60.472056, -31.747451 ], [ -60.47206, -31.747476 ], [ -60.471958, -31.747491 ] ] ] ] } },
{ "type": "Feature", "properties": { "ogc_fid": 538, "nivel": 0.0, "ncp": "0070320003005", "observ": null, "proy nro": 774, "partmuni": 43923, "expte": "5061/2026", "link": "https://tramiteobra.parana.gob.ar/menuAutorizada/informacionAutorizada/hR2SjnS17lPn1kYajUspYwbv1Q", "sup proy": 730.0, "sup_graf": null, "proyecto": "744", "tramite": "APROBACIÓN", "tipo_obra": "OBRA CIVIL" }, "geometry": { "type": "MultiPolygon", "coordinates": [ [ [ [ -60.517034, -31.762469 ], [ -60.516531, -31.76255 ], [ -60.5165, -31.762593 ], [ -60.516537, -31.762766 ], [ -60.516641, -31.762748 ], [ -60.516633, -31.762711 ], [ -60.516938, -31.762662 ], [ -60.516927, -31.762615 ], [ -60.516959, -31.76261 ], [ -60.517041, -31.762502 ], [ -60.517034, -31.762469 ] ] ] ] } },
{ "type": "Feature", "properties": { "ogc_fid": 671, "nivel": 0.0, "ncp": "0040000021029", "observ": null, "proy nro": 823, "partmuni": 26848, "expte": "1270/2026", "link": "https://tramiteobra.parana.gob.ar/menuAutorizada/informacionAutorizada/ey9wRDJzHzCZpUGGQnuf8uGpUA", "sup proy": 200.5, "sup_graf": null, "proyecto": "823", "tramite": "APROBACIÓN", "tipo_obra": "OBRA CIVIL" }, "geometry": { "type": "MultiPolygon", "coordinates": [ [ [ [ -60.527904, -31.72332 ], [ -60.527846, -31.723184 ], [ -60.527727, -31.723218 ], [ -60.527791, -31.723358 ], [ -60.527883, -31.723332 ], [ -60.527895, -31.723329 ], [ -60.527892, -31.723323 ], [ -60.527904, -31.72332 ] ] ] ] } },
{ "type": "Feature", "properties": { "ogc_fid": 722, "nivel": 0.0, "ncp": "0090640001005", "observ": null, "proy nro": 800, "partmuni": 25090, "expte": "14424/2026", "link": "https://tramiteobra.parana.gob.ar/menuAutorizada/informacionAutorizada/1CQ4XpcmgUk_xVhOP_UR750ckA", "sup proy": 1278.9, "sup_graf": null, "proyecto": "800", "tramite": "APROBACIÓN", "tipo_obra": "URBANIZACIONES ESPECIALES" }, "geometry": { "type": "MultiPolygon", "coordinates": [ [ [ [ -60.48661, -31.77324 ], [ -60.486584, -31.773244 ], [ -60.48658, -31.773225 ], [ -60.486535, -31.773232 ], [ -60.486523, -31.773177 ], [ -60.486594, -31.773166 ], [ -60.486606, -31.773219 ], [ -60.48661, -31.77324 ] ] ] ] } },
{ "type": "Feature", "properties": { "ogc_fid": 723, "nivel": 0.0, "ncp": "0090640001005", "observ": null, "proy nro": 800, "partmuni": 25090, "expte": "14424/2026", "link": "https://tramiteobra.parana.gob.ar/menuAutorizada/informacionAutorizada/1CQ4XpcmgUk_xVhOP_UR750ckA", "sup proy": 1278.9, "sup_graf": null, "proyecto": "800", "tramite": "APROBACIÓN", "tipo_obra": "URBANIZACIONES ESPECIALES" }, "geometry": { "type": "MultiPolygon", "coordinates": [ [ [ [ -60.486796, -31.774087 ], [ -60.486725, -31.774098 ], [ -60.486712, -31.774043 ], [ -60.486757, -31.774035 ], [ -60.486753, -31.774016 ], [ -60.48678, -31.774012 ], [ -60.486796, -31.774087 ] ] ] ] } },
{ "type": "Feature", "properties": { "ogc_fid": 724, "nivel": 0.0, "ncp": "0090640001005", "observ": null, "proy nro": 800, "partmuni": 25090, "expte": "14424/2026", "link": "https://tramiteobra.parana.gob.ar/menuAutorizada/informacionAutorizada/1CQ4XpcmgUk_xVhOP_UR750ckA", "sup proy": 1278.9, "sup_graf": null, "proyecto": "800", "tramite": "APROBACIÓN", "tipo_obra": "URBANIZACIONES ESPECIALES" }, "geometry": { "type": "MultiPolygon", "coordinates": [ [ [ [ -60.486635, -31.77335 ], [ -60.486564, -31.773361 ], [ -60.486551, -31.773306 ], [ -60.486596, -31.773299 ], [ -60.486592, -31.77328 ], [ -60.486619, -31.773276 ], [ -60.486635, -31.77335 ] ] ] ] } },
{ "type": "Feature", "properties": { "ogc_fid": 725, "nivel": 0.0, "ncp": "0090640001005", "observ": null, "proy nro": 800, "partmuni": 25090, "expte": "14424/2026", "link": "https://tramiteobra.parana.gob.ar/menuAutorizada/informacionAutorizada/1CQ4XpcmgUk_xVhOP_UR750ckA", "sup proy": 1278.9, "sup_graf": null, "proyecto": "800", "tramite": "APROBACIÓN", "tipo_obra": "URBANIZACIONES ESPECIALES" }, "geometry": { "type": "MultiPolygon", "coordinates": [ [ [ [ -60.486651, -31.773425 ], [ -60.486624, -31.773429 ], [ -60.48662, -31.77341 ], [ -60.486575, -31.773416 ], [ -60.486564, -31.773361 ], [ -60.486635, -31.77335 ], [ -60.486651, -31.773425 ] ] ] ] } },
{ "type": "Feature", "properties": { "ogc_fid": 726, "nivel": 0.0, "ncp": "0090640001005", "observ": null, "proy nro": 800, "partmuni": 25090, "expte": "14424/2026", "link": "https://tramiteobra.parana.gob.ar/menuAutorizada/informacionAutorizada/1CQ4XpcmgUk_xVhOP_UR750ckA", "sup proy": 1278.9, "sup_graf": null, "proyecto": "800", "tramite": "APROBACIÓN", "tipo_obra": "URBANIZACIONES ESPECIALES" }, "geometry": { "type": "MultiPolygon", "coordinates": [ [ [ [ -60.486675, -31.773535 ], [ -60.486604, -31.773546 ], [ -60.486591, -31.773491 ], [ -60.486636, -31.773483 ], [ -60.486632, -31.773464 ], [ -60.486659, -31.77346 ], [ -60.486675, -31.773535 ] ] ] ] } },
{ "type": "Feature", "properties": { "ogc_fid": 727, "nivel": 0.0, "ncp": "0090640001005", "observ": null, "proy nro": 800, "partmuni": 25090, "expte": "14424/2026", "link": "https://tramiteobra.parana.gob.ar/menuAutorizada/informacionAutorizada/1CQ4XpcmgUk_xVhOP_UR750ckA", "sup proy": 1278.9, "sup_graf": null, "proyecto": "800", "tramite": "APROBACIÓN", "tipo_obra": "URBANIZACIONES ESPECIALES" }, "geometry": { "type": "MultiPolygon", "coordinates": [ [ [ [ -60.486692, -31.77361 ], [ -60.486665, -31.773614 ], [ -60.486661, -31.773594 ], [ -60.486616, -31.773601 ], [ -60.486604, -31.773546 ], [ -60.486675, -31.773535 ], [ -60.486692, -31.77361 ] ] ] ] } },
{ "type": "Feature", "properties": { "ogc_fid": 728, "nivel": 0.0, "ncp": "0090640001005", "observ": null, "proy nro": 800, "partmuni": 25090, "expte": "14424/2026", "link": "https://tramiteobra.parana.gob.ar/menuAutorizada/informacionAutorizada/1CQ4XpcmgUk_xVhOP_UR750ckA", "sup proy": 1278.9, "sup_graf": null, "proyecto": "800", "tramite": "APROBACIÓN", "tipo_obra": "URBANIZACIONES ESPECIALES" }, "geometry": { "type": "MultiPolygon", "coordinates": [ [ [ [ -60.486732, -31.773794 ], [ -60.486705, -31.773798 ], [ -60.486701, -31.773779 ], [ -60.486656, -31.773785 ], [ -60.486644, -31.77373 ], [ -60.486715, -31.773719 ], [ -60.486732, -31.773794 ] ] ] ] } },
{ "type": "Feature", "properties": { "ogc_fid": 729, "nivel": 0.0, "ncp": "0090640001005", "observ": null, "proy nro": 800, "partmuni": 25090, "expte": "14424/2026", "link": "https://tramiteobra.parana.gob.ar/menuAutorizada/informacionAutorizada/1CQ4XpcmgUk_xVhOP_UR750ckA", "sup proy": 1278.9, "sup_graf": null, "proyecto": "800", "tramite": "APROBACIÓN", "tipo_obra": "URBANIZACIONES ESPECIALES" }, "geometry": { "type": "MultiPolygon", "coordinates": [ [ [ [ -60.486715, -31.773719 ], [ -60.486644, -31.77373 ], [ -60.486631, -31.773675 ], [ -60.486676, -31.773668 ], [ -60.486672, -31.773649 ], [ -60.486699, -31.773645 ], [ -60.486715, -31.773719 ] ] ] ] } },
{ "type": "Feature", "properties": { "ogc_fid": 731, "nivel": 0.0, "ncp": "0090640001005", "observ": null, "proy nro": 800, "partmuni": 25090, "expte": "14424/2026", "link": "https://tramiteobra.parana.gob.ar/menuAutorizada/informacionAutorizada/1CQ4XpcmgUk_xVhOP_UR750ckA", "sup proy": 1278.9, "sup_graf": null, "proyecto": "800", "tramite": "APROBACIÓN", "tipo_obra": "URBANIZACIONES ESPECIALES" }, "geometry": { "type": "MultiPolygon", "coordinates": [ [ [ [ -60.486756, -31.773903 ], [ -60.486685, -31.773915 ], [ -60.486672, -31.773859 ], [ -60.486716, -31.773852 ], [ -60.486713, -31.773833 ], [ -60.48674, -31.773829 ], [ -60.486756, -31.773903 ] ] ] ] } },
{ "type": "Feature", "properties": { "ogc_fid": 732, "nivel": 0.0, "ncp": "0090640001005", "observ": null, "proy nro": 800, "partmuni": 25090, "expte": "14424/2026", "link": "https://tramiteobra.parana.gob.ar/menuAutorizada/informacionAutorizada/1CQ4XpcmgUk_xVhOP_UR750ckA", "sup proy": 1278.9, "sup_graf": null, "proyecto": "800", "tramite": "APROBACIÓN", "tipo_obra": "URBANIZACIONES ESPECIALES" }, "geometry": { "type": "MultiPolygon", "coordinates": [ [ [ [ -60.486813, -31.774162 ], [ -60.486786, -31.774166 ], [ -60.486782, -31.774147 ], [ -60.486737, -31.774153 ], [ -60.486725, -31.774098 ], [ -60.486796, -31.774087 ], [ -60.486813, -31.774162 ] ] ] ] } },
{ "type": "Feature", "properties": { "ogc_fid": 733, "nivel": 0.0, "ncp": "0090640001005", "observ": null, "proy nro": 800, "partmuni": 25090, "expte": "14424/2026", "link": "https://tramiteobra.parana.gob.ar/menuAutorizada/informacionAutorizada/1CQ4XpcmgUk_xVhOP_UR750ckA", "sup proy": 1278.9, "sup_graf": null, "proyecto": "800", "tramite": "APROBACIÓN", "tipo_obra": "URBANIZACIONES ESPECIALES" }, "geometry": { "type": "MultiPolygon", "coordinates": [ [ [ [ -60.486525, -31.774284 ], [ -60.486481, -31.774291 ], [ -60.486484, -31.77431 ], [ -60.486458, -31.774314 ], [ -60.486442, -31.77424 ], [ -60.486512, -31.774229 ], [ -60.486525, -31.774284 ] ] ] ] } },
{ "type": "Feature", "properties": { "ogc_fid": 734, "nivel": 0.0, "ncp": "0090640001005", "observ": null, "proy nro": 800, "partmuni": 25090, "expte": "14424/2026", "link": "https://tramiteobra.parana.gob.ar/menuAutorizada/informacionAutorizada/1CQ4XpcmgUk_xVhOP_UR750ckA", "sup proy": 1278.9, "sup_graf": null, "proyecto": "800", "tramite": "APROBACIÓN", "tipo_obra": "URBANIZACIONES ESPECIALES" }, "geometry": { "type": "MultiPolygon", "coordinates": [ [ [ [ -60.486301, -31.773269 ], [ -60.486256, -31.773275 ], [ -60.486261, -31.773295 ], [ -60.486234, -31.773299 ], [ -60.486217, -31.773225 ], [ -60.486289, -31.773214 ], [ -60.486301, -31.773269 ] ] ] ] } },
{ "type": "Feature", "properties": { "ogc_fid": 735, "nivel": 0.0, "ncp": "0090640001005", "observ": null, "proy nro": 800, "partmuni": 25090, "expte": "14424/2026", "link": "https://tramiteobra.parana.gob.ar/menuAutorizada/informacionAutorizada/1CQ4XpcmgUk_xVhOP_UR750ckA", "sup proy": 1278.9, "sup_graf": null, "proyecto": "800", "tramite": "APROBACIÓN", "tipo_obra": "URBANIZACIONES ESPECIALES" }, "geometry": { "type": "MultiPolygon", "coordinates": [ [ [ [ -60.486504, -31.774191 ], [ -60.48646, -31.774197 ], [ -60.486464, -31.774216 ], [ -60.486437, -31.774221 ], [ -60.486421, -31.774146 ], [ -60.486492, -31.774135 ], [ -60.486504, -31.774191 ] ] ] ] } },
{ "type": "Feature", "properties": { "ogc_fid": 736, "nivel": 0.0, "ncp": "0090640001005", "observ": null, "proy nro": 800, "partmuni": 25090, "expte": "14424/2026", "link": "https://tramiteobra.parana.gob.ar/menuAutorizada/informacionAutorizada/1CQ4XpcmgUk_xVhOP_UR750ckA", "sup proy": 1278.9, "sup_graf": null, "proyecto": "800", "tramite": "APROBACIÓN", "tipo_obra": "URBANIZACIONES ESPECIALES" }, "geometry": { "type": "MultiPolygon", "coordinates": [ [ [ [ -60.486436, -31.774087 ], [ -60.48648, -31.77408 ], [ -60.486492, -31.774135 ], [ -60.486421, -31.774146 ], [ -60.486405, -31.774072 ], [ -60.486432, -31.774067 ], [ -60.486436, -31.774087 ] ] ] ] } },
{ "type": "Feature", "properties": { "ogc_fid": 737, "nivel": 0.0, "ncp": "0090640001005", "observ": null, "proy nro": 800, "partmuni": 25090, "expte": "14424/2026", "link": "https://tramiteobra.parana.gob.ar/menuAutorizada/informacionAutorizada/1CQ4XpcmgUk_xVhOP_UR750ckA", "sup proy": 1278.9, "sup_graf": null, "proyecto": "800", "tramite": "APROBACIÓN", "tipo_obra": "URBANIZACIONES ESPECIALES" }, "geometry": { "type": "MultiPolygon", "coordinates": [ [ [ [ -60.486464, -31.774006 ], [ -60.48642, -31.774013 ], [ -60.486423, -31.774032 ], [ -60.486396, -31.774036 ], [ -60.48638, -31.773962 ], [ -60.486451, -31.773951 ], [ -60.486464, -31.774006 ] ] ] ] } },
{ "type": "Feature", "properties": { "ogc_fid": 738, "nivel": 0.0, "ncp": "0090640001005", "observ": null, "proy nro": 800, "partmuni": 25090, "expte": "14424/2026", "link": "https://tramiteobra.parana.gob.ar/menuAutorizada/informacionAutorizada/1CQ4XpcmgUk_xVhOP_UR750ckA", "sup proy": 1278.9, "sup_graf": null, "proyecto": "800", "tramite": "APROBACIÓN", "tipo_obra": "URBANIZACIONES ESPECIALES" }, "geometry": { "type": "MultiPolygon", "coordinates": [ [ [ [ -60.486395, -31.773903 ], [ -60.486439, -31.773896 ], [ -60.486451, -31.773951 ], [ -60.48638, -31.773962 ], [ -60.486364, -31.773887 ], [ -60.486391, -31.773883 ], [ -60.486395, -31.773903 ] ] ] ] } },
{ "type": "Feature", "properties": { "ogc_fid": 739, "nivel": 0.0, "ncp": "0090640001005", "observ": null, "proy nro": 800, "partmuni": 25090, "expte": "14424/2026", "link": "https://tramiteobra.parana.gob.ar/menuAutorizada/informacionAutorizada/1CQ4XpcmgUk_xVhOP_UR750ckA", "sup proy": 1278.9, "sup_graf": null, "proyecto": "800", "tramite": "APROBACIÓN", "tipo_obra": "URBANIZACIONES ESPECIALES" }, "geometry": { "type": "MultiPolygon", "coordinates": [ [ [ [ -60.486355, -31.773718 ], [ -60.486399, -31.773711 ], [ -60.486411, -31.773766 ], [ -60.48634, -31.773778 ], [ -60.486323, -31.773703 ], [ -60.48635, -31.773699 ], [ -60.486355, -31.773718 ] ] ] ] } },
{ "type": "Feature", "properties": { "ogc_fid": 740, "nivel": 0.0, "ncp": "0090640001005", "observ": null, "proy nro": 800, "partmuni": 25090, "expte": "14424/2026", "link": "https://tramiteobra.parana.gob.ar/menuAutorizada/informacionAutorizada/1CQ4XpcmgUk_xVhOP_UR750ckA", "sup proy": 1278.9, "sup_graf": null, "proyecto": "800", "tramite": "APROBACIÓN", "tipo_obra": "URBANIZACIONES ESPECIALES" }, "geometry": { "type": "MultiPolygon", "coordinates": [ [ [ [ -60.486423, -31.773822 ], [ -60.486379, -31.773829 ], [ -60.486383, -31.773848 ], [ -60.486356, -31.773852 ], [ -60.48634, -31.773778 ], [ -60.486411, -31.773766 ], [ -60.486423, -31.773822 ] ] ] ] } },
{ "type": "Feature", "properties": { "ogc_fid": 741, "nivel": 0.0, "ncp": "0090640001005", "observ": null, "proy nro": 800, "partmuni": 25090, "expte": "14424/2026", "link": "https://tramiteobra.parana.gob.ar/menuAutorizada/informacionAutorizada/1CQ4XpcmgUk_xVhOP_UR750ckA", "sup proy": 1278.9, "sup_graf": null, "proyecto": "800", "tramite": "APROBACIÓN", "tipo_obra": "URBANIZACIONES ESPECIALES" }, "geometry": { "type": "MultiPolygon", "coordinates": [ [ [ [ -60.486314, -31.773533 ], [ -60.486358, -31.773527 ], [ -60.48637, -31.773582 ], [ -60.486299, -31.773593 ], [ -60.486282, -31.773518 ], [ -60.486309, -31.773515 ], [ -60.486314, -31.773533 ] ] ] ] } },
{ "type": "Feature", "properties": { "ogc_fid": 742, "nivel": 0.0, "ncp": "0090640001005", "observ": null, "proy nro": 800, "partmuni": 25090, "expte": "14424/2026", "link": "https://tramiteobra.parana.gob.ar/menuAutorizada/informacionAutorizada/1CQ4XpcmgUk_xVhOP_UR750ckA", "sup proy": 1278.9, "sup_graf": null, "proyecto": "800", "tramite": "APROBACIÓN", "tipo_obra": "URBANIZACIONES ESPECIALES" }, "geometry": { "type": "MultiPolygon", "coordinates": [ [ [ [ -60.486382, -31.773638 ], [ -60.486338, -31.773645 ], [ -60.486342, -31.773663 ], [ -60.486315, -31.773668 ], [ -60.486299, -31.773593 ], [ -60.48637, -31.773582 ], [ -60.486382, -31.773638 ] ] ] ] } },
{ "type": "Feature", "properties": { "ogc_fid": 743, "nivel": 0.0, "ncp": "0090640001005", "observ": null, "proy nro": 800, "partmuni": 25090, "expte": "14424/2026", "link": "https://tramiteobra.parana.gob.ar/menuAutorizada/informacionAutorizada/1CQ4XpcmgUk_xVhOP_UR750ckA", "sup proy": 1278.9, "sup_graf": null, "proyecto": "800", "tramite": "APROBACIÓN", "tipo_obra": "URBANIZACIONES ESPECIALES" }, "geometry": { "type": "MultiPolygon", "coordinates": [ [ [ [ -60.486273, -31.773349 ], [ -60.486318, -31.773343 ], [ -60.486329, -31.773397 ], [ -60.486258, -31.773409 ], [ -60.486242, -31.773334 ], [ -60.486269, -31.77333 ], [ -60.486273, -31.773349 ] ] ] ] } },
{ "type": "Feature", "properties": { "ogc_fid": 744, "nivel": 0.0, "ncp": "0090640001005", "observ": null, "proy nro": 800, "partmuni": 25090, "expte": "14424/2026", "link": "https://tramiteobra.parana.gob.ar/menuAutorizada/informacionAutorizada/1CQ4XpcmgUk_xVhOP_UR750ckA", "sup proy": 1278.9, "sup_graf": null, "proyecto": "800", "tramite": "APROBACIÓN", "tipo_obra": "URBANIZACIONES ESPECIALES" }, "geometry": { "type": "MultiPolygon", "coordinates": [ [ [ [ -60.486342, -31.773453 ], [ -60.486298, -31.77346 ], [ -60.486301, -31.773479 ], [ -60.486274, -31.773483 ], [ -60.486258, -31.773409 ], [ -60.486329, -31.773397 ], [ -60.486342, -31.773453 ] ] ] ] } },
{ "type": "Feature", "properties": { "ogc_fid": 308, "nivel": 0.0, "ncp": "0132480002001", "observ": null, "proy nro": 491, "partmuni": 53414, "expte": "6427/2026", "link": "https://tramiteobra.parana.gob.ar/menuAutorizada/informacionAutorizada/z-yyDEVXLayetp2zJw3FLNn9PQ", "sup proy": 417.0, "sup_graf": 2398, "proyecto": "491", "tramite": "APROBACIÓN", "tipo_obra": "OBRA CIVIL (Con factibilidad previa)\t" }, "geometry": { "type": "MultiPolygon", "coordinates": [ [ [ [ -60.457808, -31.769985 ], [ -60.458475, -31.769878 ], [ -60.458562, -31.770273 ], [ -60.458271, -31.770322 ], [ -60.458256, -31.770251 ], [ -60.458418, -31.770226 ], [ -60.45841, -31.770193 ], [ -60.457873, -31.77028 ], [ -60.457808, -31.769985 ] ] ] ] } },
{ "type": "Feature", "properties": { "ogc_fid": 309, "nivel": 0.0, "ncp": "0132480002001", "observ": null, "proy nro": 491, "partmuni": 53414, "expte": "6427/2026", "link": "https://tramiteobra.parana.gob.ar/menuAutorizada/informacionAutorizada/z-yyDEVXLayetp2zJw3FLNn9PQ", "sup proy": 417.0, "sup_graf": 1295, "proyecto": "491", "tramite": "APROBACIÓN", "tipo_obra": "OBRA CIVIL (Con factibilidad previa)\t" }, "geometry": { "type": "MultiPolygon", "coordinates": [ [ [ [ -60.457699, -31.770723 ], [ -60.458622, -31.770573 ], [ -60.458651, -31.770702 ], [ -60.457728, -31.770851 ], [ -60.457699, -31.770723 ] ] ] ] } },
{ "type": "Feature", "properties": { "ogc_fid": 543, "nivel": 0.0, "ncp": "0090370001015", "observ": null, "proy nro": 749, "partmuni": 84299, "expte": "5694/2026", "link": "https://tramiteobra.parana.gob.ar/menuAutorizada/informacionAutorizada/hR2SjnS17lPn1kYajUspYwbs2A", "sup proy": 61.41, "sup_graf": null, "proyecto": "749", "tramite": "APROBACIÓN", "tipo_obra": "OBRA CIVIL" }, "geometry": { "type": "MultiPolygon", "coordinates": [ [ [ [ -60.493931, -31.769908 ], [ -60.493822, -31.769925 ], [ -60.493804, -31.769838 ], [ -60.493853, -31.769831 ], [ -60.493864, -31.769886 ], [ -60.493924, -31.769877 ], [ -60.493931, -31.769908 ] ] ] ] } },
{ "type": "Feature", "properties": { "ogc_fid": 544, "nivel": 1.0, "ncp": "0090160003016", "observ": null, "proy nro": 748, "partmuni": 92130, "expte": "6433/2026", "link": "https://tramiteobra.parana.gob.ar/menuAutorizada/informacionAutorizada/hR2SjnS17lPn1kYajUspYwbs2Q", "sup proy": 132.4, "sup_graf": null, "proyecto": "748", "tramite": "APROBACIÓN", "tipo_obra": "OBRA CIVIL" }, "geometry": { "type": "MultiPolygon", "coordinates": [ [ [ [ -60.4916, -31.742484 ], [ -60.491613, -31.742541 ], [ -60.491871, -31.7425 ], [ -60.491861, -31.742454 ], [ -60.491824, -31.74246 ], [ -60.491821, -31.742448 ], [ -60.491723, -31.742464 ], [ -60.491725, -31.742476 ], [ -60.491652, -31.742487 ], [ -60.491649, -31.742476 ], [ -60.4916, -31.742484 ] ] ] ] } },
{ "type": "Feature", "properties": { "ogc_fid": 624, "nivel": 3.0, "ncp": "0040000102016", "observ": null, "proy nro": 613, "partmuni": 10050, "expte": "7342/2026", "link": "https://tramiteobra.parana.gob.ar/menuAutorizada/informacionAutorizada/bQQX4gzH5VXFq_6lbeJ-Glv0og", "sup proy": 593.29, "sup_graf": null, "proyecto": "613", "tramite": "APROBACIÓN", "tipo_obra": "OBRA CIVIL (Con factibilidad previa)" }, "geometry": { "type": "MultiPolygon", "coordinates": [ [ [ [ -60.535557, -31.729537 ], [ -60.535436, -31.729586 ], [ -60.535433, -31.729581 ], [ -60.53539, -31.729598 ], [ -60.535439, -31.729689 ], [ -60.53552, -31.729655 ], [ -60.535507, -31.729631 ], [ -60.535536, -31.729618 ], [ -60.53555, -31.729643 ], [ -60.535603, -31.729622 ], [ -60.535584, -31.729586 ], [ -60.535565, -31.729552 ], [ -60.535557, -31.729537 ] ] ] ] } },
{ "type": "Feature", "properties": { "ogc_fid": 698, "nivel": 0.0, "ncp": "0020000051029", "observ": null, "proy nro": 672, "partmuni": 6035, "expte": "14925/2026", "link": "https://tramiteobra.parana.gob.ar/menuAutorizada/informacionAutorizada/OLdp_m8afLVTuNrVyUg752ryCg", "sup proy": 71.17, "sup_graf": null, "proyecto": "672", "tramite": "APROBACIÓN", "tipo_obra": "OBRA CIVIL" }, "geometry": { "type": "MultiPolygon", "coordinates": [ [ [ [ -60.520612, -31.742187 ], [ -60.520564, -31.742118 ], [ -60.520493, -31.742168 ], [ -60.520535, -31.74223 ], [ -60.520612, -31.742187 ] ] ] ] } },
{ "type": "Feature", "properties": { "ogc_fid": 699, "nivel": 0.0, "ncp": "0020000051029", "observ": null, "proy nro": 672, "partmuni": 6035, "expte": "14925/2026", "link": "https://tramiteobra.parana.gob.ar/menuAutorizada/informacionAutorizada/OLdp_m8afLVTuNrVyUg752ryCg", "sup proy": 71.17, "sup_graf": null, "proyecto": "672", "tramite": "APROBACIÓN", "tipo_obra": "OBRA CIVIL" }, "geometry": { "type": "MultiPolygon", "coordinates": [ [ [ [ -60.520796, -31.74253 ], [ -60.520771, -31.742494 ], [ -60.520779, -31.742489 ], [ -60.520771, -31.742477 ], [ -60.520788, -31.742469 ], [ -60.520722, -31.74237 ], [ -60.520652, -31.742408 ], [ -60.52075, -31.742555 ], [ -60.520796, -31.74253 ] ] ] ] } },
{ "type": "Feature", "properties": { "ogc_fid": 762, "nivel": 0.0, "ncp": "0090620013010", "observ": null, "proy nro": 1022, "partmuni": 46492, "expte": "/", "link": "https://tramiteobra.parana.gob.ar/menuAutorizada/informacionAutorizada/dnUDwtAocUhX0OcMkNLysWu3f8k", "sup proy": 156.68, "sup_graf": null, "proyecto": "1022", "tramite": "APROBACIÓN", "tipo_obra": "OBRA CIVIL" }, "geometry": { "type": "MultiPolygon", "coordinates": [ [ [ [ -60.496367, -31.773972 ], [ -60.496183, -31.774 ], [ -60.4962, -31.774087 ], [ -60.496385, -31.774059 ], [ -60.496367, -31.773972 ] ] ] ] } },
{ "type": "Feature", "properties": { "ogc_fid": 763, "nivel": 0.0, "ncp": "0150480008007", "observ": null, "proy nro": 990, "partmuni": 49342, "expte": "/", "link": "https://tramiteobra.parana.gob.ar/menuAutorizada/informacionAutorizada/dnUDwtAocUhX0OcMkNLysWO-fQ", "sup proy": 103.76, "sup_graf": null, "proyecto": "990", "tramite": "APROBACIÓN", "tipo_obra": "OBRA CIVIL" }, "geometry": { "type": "MultiPolygon", "coordinates": [ [ [ [ -60.482161, -31.717339 ], [ -60.482139, -31.717234 ], [ -60.482003, -31.717255 ], [ -60.482006, -31.71727 ], [ -60.482013, -31.717269 ], [ -60.482022, -31.717313 ], [ -60.48204, -31.71731 ], [ -60.48205, -31.717356 ], [ -60.482161, -31.717339 ] ] ] ] } },
{ "type": "Feature", "properties": { "ogc_fid": 764, "nivel": 1.0, "ncp": "0020000048031", "observ": null, "proy nro": 1006, "partmuni": 14734, "expte": "/", "link": "https://tramiteobra.parana.gob.ar/menuAutorizada/informacionAutorizada/MlAfoCh76oXl-q-dT2PHSyr7goI", "sup proy": 720.0, "sup_graf": null, "proyecto": "1006", "tramite": "FACTIBILIDAD", "tipo_obra": "OBRA CIVIL (Con factibilidad previa)" }, "geometry": { "type": "MultiPolygon", "coordinates": [ [ [ [ -60.525828, -31.739863 ], [ -60.525796, -31.739815 ], [ -60.525732, -31.739851 ], [ -60.525765, -31.739899 ], [ -60.525828, -31.739863 ] ] ] ] } },
{ "type": "Feature", "properties": { "ogc_fid": 765, "nivel": 1.0, "ncp": "0020000048041", "observ": null, "proy nro": 1006, "partmuni": 80511, "expte": "/", "link": "https://tramiteobra.parana.gob.ar/menuAutorizada/informacionAutorizada/MlAfoCh76oXl-q-dT2PHSyr7goI", "sup proy": 720.0, "sup_graf": null, "proyecto": "80511", "tramite": "FACTIBILIDAD", "tipo_obra": "OBRA CIVIL (Con factibilidad previa)" }, "geometry": { "type": "MultiPolygon", "coordinates": [ [ [ [ -60.525782, -31.739646 ], [ -60.525708, -31.739688 ], [ -60.525783, -31.739797 ], [ -60.525858, -31.739755 ], [ -60.525804, -31.73968 ], [ -60.525782, -31.739646 ] ] ] ] } },
{ "type": "Feature", "properties": { "ogc_fid": 766, "nivel": 0.0, "ncp": "0020000048041", "observ": null, "proy nro": 1006, "partmuni": 80511, "expte": "/", "link": "https://tramiteobra.parana.gob.ar/menuAutorizada/informacionAutorizada/MlAfoCh76oXl-q-dT2PHSyr7goI", "sup proy": 720.0, "sup_graf": null, "proyecto": "80511", "tramite": "FACTIBILIDAD", "tipo_obra": "OBRA CIVIL (Con factibilidad previa)" }, "geometry": { "type": "MultiPolygon", "coordinates": [ [ [ [ -60.525858, -31.739755 ], [ -60.526013, -31.739668 ], [ -60.525962, -31.739591 ], [ -60.525804, -31.73968 ], [ -60.525858, -31.739755 ] ] ] ] } },
{ "type": "Feature", "properties": { "ogc_fid": 767, "nivel": 3.0, "ncp": "0010000017014", "observ": null, "proy nro": 987, "partmuni": 10127, "expte": "/", "link": "https://tramiteobra.parana.gob.ar/menuAutorizada/informacionAutorizada/MlAfoCh76oXl-q-dT2PHSyLzhQ", "sup proy": 46.715, "sup_graf": null, "proyecto": "987", "tramite": "APROBACIÓN", "tipo_obra": "OBRA CIVIL" }, "geometry": { "type": "MultiPolygon", "coordinates": [ [ [ [ -60.521131, -31.720382 ], [ -60.521046, -31.720412 ], [ -60.521005, -31.720326 ], [ -60.521089, -31.720296 ], [ -60.521131, -31.720382 ] ] ] ] } },
{ "type": "Feature", "properties": { "ogc_fid": 769, "nivel": 0.0, "ncp": "0143140001001", "observ": null, "proy nro": 983, "partmuni": 50837, "expte": "/", "link": "https://tramiteobra.parana.gob.ar/menuAutorizada/informacionAutorizada/Djt0xF8qLnzkD8kg9Jvl0fXsmw", "sup proy": null, "sup_graf": null, "proyecto": "983", "tramite": "USO CONFORME PREVIO", "tipo_obra": "OBRA CIVIL (Con factibilidad previa)" }, "geometry": { "type": "MultiPolygon", "coordinates": [ [ [ [ -60.429957, -31.723296 ], [ -60.429961, -31.723275 ], [ -60.429972, -31.723256 ], [ -60.42999, -31.723241 ], [ -60.430012, -31.723232 ], [ -60.430036, -31.723228 ], [ -60.430061, -31.723232 ], [ -60.430083, -31.723241 ], [ -60.4301, -31.723256 ], [ -60.430111, -31.723275 ], [ -60.430115, -31.723296 ], [ -60.430112, -31.723316 ], [ -60.4301, -31.723335 ], [ -60.430083, -31.72335 ], [ -60.430061, -31.72336 ], [ -60.430037, -31.723363 ], [ -60.430012, -31.72336 ], [ -60.42999, -31.723351 ], [ -60.429973, -31.723336 ], [ -60.429961, -31.723317 ], [ -60.429957, -31.723296 ] ] ] ] } },
{ "type": "Feature", "properties": { "ogc_fid": 768, "nivel": 0.0, "ncp": "0143140001001", "observ": null, "proy nro": 983, "partmuni": 50837, "expte": "/", "link": "https://tramiteobra.parana.gob.ar/menuAutorizada/informacionAutorizada/Djt0xF8qLnzkD8kg9Jvl0fXsmw", "sup proy": null, "sup_graf": null, "proyecto": "983", "tramite": "USO CONFORME PREVIO", "tipo_obra": "OBRA CIVIL (Con factibilidad previa)" }, "geometry": { "type": "MultiPolygon", "coordinates": [ [ [ [ -60.429486, -31.722564 ], [ -60.42949, -31.722543 ], [ -60.429501, -31.722525 ], [ -60.429518, -31.72251 ], [ -60.42954, -31.722501 ], [ -60.429564, -31.722497 ], [ -60.429588, -31.7225 ], [ -60.429609, -31.72251 ], [ -60.429626, -31.722524 ], [ -60.429638, -31.722543 ], [ -60.429641, -31.722563 ], [ -60.429638, -31.722584 ], [ -60.429627, -31.722602 ], [ -60.42961, -31.722617 ], [ -60.429588, -31.722627 ], [ -60.429564, -31.72263 ], [ -60.42954, -31.722627 ], [ -60.429518, -31.722617 ], [ -60.429501, -31.722603 ], [ -60.42949, -31.722584 ], [ -60.429486, -31.722564 ] ] ] ] } },
{ "type": "Feature", "properties": { "ogc_fid": 770, "nivel": 0.0, "ncp": "0143140001001", "observ": null, "proy nro": 983, "partmuni": 50837, "expte": "/", "link": "https://tramiteobra.parana.gob.ar/menuAutorizada/informacionAutorizada/Djt0xF8qLnzkD8kg9Jvl0fXsmw", "sup proy": null, "sup_graf": null, "proyecto": "983", "tramite": "USO CONFORME PREVIO", "tipo_obra": "OBRA CIVIL (Con factibilidad previa)" }, "geometry": { "type": "MultiPolygon", "coordinates": [ [ [ [ -60.430666, -31.723616 ], [ -60.43067, -31.723595 ], [ -60.430681, -31.723575 ], [ -60.430699, -31.72356 ], [ -60.430721, -31.72355 ], [ -60.430746, -31.723547 ], [ -60.430771, -31.72355 ], [ -60.430793, -31.72356 ], [ -60.430811, -31.723575 ], [ -60.430822, -31.723594 ], [ -60.430826, -31.723615 ], [ -60.430823, -31.723636 ], [ -60.430811, -31.723655 ], [ -60.430794, -31.723671 ], [ -60.430771, -31.72368 ], [ -60.430747, -31.723684 ], [ -60.430722, -31.723681 ], [ -60.4307, -31.723671 ], [ -60.430682, -31.723656 ], [ -60.43067, -31.723637 ], [ -60.430666, -31.723616 ] ] ] ] } },
{ "type": "Feature", "properties": { "ogc_fid": 771, "nivel": 0.0, "ncp": "0143140001001", "observ": null, "proy nro": 983, "partmuni": 50837, "expte": "/", "link": "https://tramiteobra.parana.gob.ar/menuAutorizada/informacionAutorizada/Djt0xF8qLnzkD8kg9Jvl0fXsmw", "sup proy": null, "sup_graf": null, "proyecto": "983", "tramite": "USO CONFORME PREVIO", "tipo_obra": "OBRA CIVIL (Con factibilidad previa)" }, "geometry": { "type": "MultiPolygon", "coordinates": [ [ [ [ -60.430382, -31.723543 ], [ -60.430386, -31.723522 ], [ -60.430397, -31.723503 ], [ -60.430414, -31.723488 ], [ -60.430436, -31.723479 ], [ -60.430461, -31.723475 ], [ -60.430485, -31.723479 ], [ -60.430507, -31.723488 ], [ -60.430525, -31.723503 ], [ -60.430536, -31.723522 ], [ -60.43054, -31.723543 ], [ -60.430537, -31.723564 ], [ -60.430525, -31.723583 ], [ -60.430508, -31.723598 ], [ -60.430486, -31.723607 ], [ -60.430461, -31.723611 ], [ -60.430437, -31.723608 ], [ -60.430415, -31.723598 ], [ -60.430397, -31.723583 ], [ -60.430386, -31.723564 ], [ -60.430382, -31.723543 ] ] ] ] } },
{ "type": "Feature", "properties": { "ogc_fid": 772, "nivel": 0.0, "ncp": "0143140001001", "observ": null, "proy nro": 983, "partmuni": 50837, "expte": "/", "link": "https://tramiteobra.parana.gob.ar/menuAutorizada/informacionAutorizada/Djt0xF8qLnzkD8kg9Jvl0fXsmw", "sup proy": null, "sup_graf": null, "proyecto": "983", "tramite": "USO CONFORME PREVIO", "tipo_obra": "OBRA CIVIL (Con factibilidad previa)" }, "geometry": { "type": "MultiPolygon", "coordinates": [ [ [ [ -60.430143, -31.723699 ], [ -60.430147, -31.723678 ], [ -60.430159, -31.723658 ], [ -60.430176, -31.723643 ], [ -60.430199, -31.723633 ], [ -60.430224, -31.72363 ], [ -60.430248, -31.723633 ], [ -60.430271, -31.723643 ], [ -60.430289, -31.723658 ], [ -60.4303, -31.723677 ], [ -60.430304, -31.723698 ], [ -60.4303, -31.72372 ], [ -60.430289, -31.723739 ], [ -60.430271, -31.723754 ], [ -60.430249, -31.723764 ], [ -60.430224, -31.723767 ], [ -60.430199, -31.723764 ], [ -60.430177, -31.723754 ], [ -60.430159, -31.723739 ], [ -60.430148, -31.72372 ], [ -60.430143, -31.723699 ] ] ] ] } },
{ "type": "Feature", "properties": { "ogc_fid": 773, "nivel": 0.0, "ncp": "0143140001001", "observ": null, "proy nro": 983, "partmuni": 50837, "expte": "/", "link": "https://tramiteobra.parana.gob.ar/menuAutorizada/informacionAutorizada/Djt0xF8qLnzkD8kg9Jvl0fXsmw", "sup proy": null, "sup_graf": null, "proyecto": "983", "tramite": "USO CONFORME PREVIO", "tipo_obra": "OBRA CIVIL (Con factibilidad previa)" }, "geometry": { "type": "MultiPolygon", "coordinates": [ [ [ [ -60.428284, -31.723988 ], [ -60.428288, -31.723967 ], [ -60.428299, -31.723948 ], [ -60.428317, -31.723932 ], [ -60.428339, -31.723923 ], [ -60.428364, -31.723919 ], [ -60.428389, -31.723922 ], [ -60.428412, -31.723932 ], [ -60.428429, -31.723947 ], [ -60.428441, -31.723966 ], [ -60.428445, -31.723988 ], [ -60.428441, -31.724009 ], [ -60.42843, -31.724028 ], [ -60.428412, -31.724043 ], [ -60.42839, -31.724053 ], [ -60.428365, -31.724057 ], [ -60.42834, -31.724053 ], [ -60.428318, -31.724044 ], [ -60.4283, -31.724028 ], [ -60.428288, -31.724009 ], [ -60.428284, -31.723988 ] ] ] ] } },
{ "type": "Feature", "properties": { "ogc_fid": 774, "nivel": 0.0, "ncp": "0143140001001", "observ": null, "proy nro": 983, "partmuni": 50837, "expte": "/", "link": "https://tramiteobra.parana.gob.ar/menuAutorizada/informacionAutorizada/Djt0xF8qLnzkD8kg9Jvl0fXsmw", "sup proy": null, "sup_graf": null, "proyecto": "983", "tramite": "USO CONFORME PREVIO", "tipo_obra": "OBRA CIVIL (Con factibilidad previa)" }, "geometry": { "type": "MultiPolygon", "coordinates": [ [ [ [ -60.428002, -31.723913 ], [ -60.428006, -31.723892 ], [ -60.428017, -31.723873 ], [ -60.428034, -31.723859 ], [ -60.428055, -31.723849 ], [ -60.428079, -31.723846 ], [ -60.428103, -31.723849 ], [ -60.428125, -31.723858 ], [ -60.428142, -31.723873 ], [ -60.428154, -31.723892 ], [ -60.428157, -31.723912 ], [ -60.428154, -31.723933 ], [ -60.428143, -31.723951 ], [ -60.428126, -31.723966 ], [ -60.428104, -31.723975 ], [ -60.42808, -31.723979 ], [ -60.428056, -31.723976 ], [ -60.428034, -31.723966 ], [ -60.428017, -31.723952 ], [ -60.428006, -31.723933 ], [ -60.428002, -31.723913 ] ] ] ] } },
{ "type": "Feature", "properties": { "ogc_fid": 775, "nivel": 0.0, "ncp": "0143140001001", "observ": null, "proy nro": 983, "partmuni": 50837, "expte": "/", "link": "https://tramiteobra.parana.gob.ar/menuAutorizada/informacionAutorizada/Djt0xF8qLnzkD8kg9Jvl0fXsmw", "sup proy": null, "sup_graf": null, "proyecto": "983", "tramite": "USO CONFORME PREVIO", "tipo_obra": "OBRA CIVIL (Con factibilidad previa)" }, "geometry": { "type": "MultiPolygon", "coordinates": [ [ [ [ -60.427767, -31.724068 ], [ -60.42777, -31.724048 ], [ -60.427781, -31.724029 ], [ -60.427798, -31.724014 ], [ -60.42782, -31.724005 ], [ -60.427844, -31.724002 ], [ -60.427868, -31.724005 ], [ -60.427889, -31.724014 ], [ -60.427907, -31.724029 ], [ -60.427918, -31.724047 ], [ -60.427922, -31.724067 ], [ -60.427918, -31.724088 ], [ -60.427907, -31.724106 ], [ -60.42789, -31.724121 ], [ -60.427868, -31.724131 ], [ -60.427844, -31.724134 ], [ -60.427821, -31.724131 ], [ -60.427799, -31.724121 ], [ -60.427782, -31.724107 ], [ -60.427771, -31.724088 ], [ -60.427767, -31.724068 ] ] ] ] } },
{ "type": "Feature", "properties": { "ogc_fid": 776, "nivel": null, "ncp": "0143140001001", "observ": null, "proy nro": 983, "partmuni": 50837, "expte": "/", "link": "https://tramiteobra.parana.gob.ar/menuAutorizada/informacionAutorizada/Djt0xF8qLnzkD8kg9Jvl0fXsmw", "sup proy": null, "sup_graf": null, "proyecto": "983", "tramite": "USO CONFORME PREVIO", "tipo_obra": "OBRA CIVIL (Con factibilidad previa)" }, "geometry": { "type": "MultiPolygon", "coordinates": [ [ [ [ -60.430065, -31.723921 ], [ -60.429937, -31.72394 ], [ -60.429932, -31.723916 ], [ -60.429949, -31.723914 ], [ -60.429945, -31.723891 ], [ -60.430038, -31.723877 ], [ -60.430043, -31.7239 ], [ -60.430059, -31.723897 ], [ -60.430065, -31.723921 ] ] ] ] } },
{ "type": "Feature", "properties": { "ogc_fid": 777, "nivel": null, "ncp": "0143140001001", "observ": null, "proy nro": 983, "partmuni": 50837, "expte": "/", "link": "https://tramiteobra.parana.gob.ar/menuAutorizada/informacionAutorizada/Djt0xF8qLnzkD8kg9Jvl0fXsmw", "sup proy": null, "sup_graf": null, "proyecto": "983", "tramite": "USO CONFORME PREVIO", "tipo_obra": "OBRA CIVIL (Con factibilidad previa)" }, "geometry": { "type": "MultiPolygon", "coordinates": [ [ [ [ -60.428726, -31.724128 ], [ -60.428722, -31.724105 ], [ -60.428705, -31.724107 ], [ -60.428701, -31.724085 ], [ -60.428607, -31.724099 ], [ -60.428612, -31.724121 ], [ -60.428595, -31.724124 ], [ -60.4286, -31.724147 ], [ -60.428726, -31.724128 ] ] ] ] } },
{ "type": "Feature", "properties": { "ogc_fid": 778, "nivel": null, "ncp": "0143140001001", "observ": null, "proy nro": 983, "partmuni": 50837, "expte": "/", "link": "https://tramiteobra.parana.gob.ar/menuAutorizada/informacionAutorizada/Djt0xF8qLnzkD8kg9Jvl0fXsmw", "sup proy": null, "sup_graf": null, "proyecto": "983", "tramite": "USO CONFORME PREVIO", "tipo_obra": "OBRA CIVIL (Con factibilidad previa)" }, "geometry": { "type": "MultiPolygon", "coordinates": [ [ [ [ -60.428649, -31.723747 ], [ -60.428522, -31.723767 ], [ -60.428527, -31.723789 ], [ -60.428543, -31.723786 ], [ -60.428548, -31.723809 ], [ -60.428642, -31.723794 ], [ -60.428637, -31.723772 ], [ -60.428653, -31.723769 ], [ -60.428649, -31.723747 ] ] ] ] } },
{ "type": "Feature", "properties": { "ogc_fid": 280, "nivel": 2.0, "ncp": "0040000025006", "observ": null, "proy nro": 506, "partmuni": 16625, "expte": "/", "link": "https://tramiteobra.parana.gob.ar/menuAutorizada/informacionAutorizada/z-yyDEVXLayetp2zJw3FLNj0Og", "sup proy": 109.735, "sup_graf": 59, "proyecto": "506", "tramite": "APROBACIÓN", "tipo_obra": "OBRA CIVIL\t" }, "geometry": { "type": "MultiPolygon", "coordinates": [ [ [ [ -60.531553, -31.724619 ], [ -60.531488, -31.724635 ], [ -60.531514, -31.7247 ], [ -60.53158, -31.724683 ], [ -60.531594, -31.724629 ], [ -60.531594, -31.724629 ], [ -60.531561, -31.724637 ], [ -60.531553, -31.724619 ] ] ] ] } },
{ "type": "Feature", "properties": { "ogc_fid": 779, "nivel": 2.0, "ncp": "0040000025006", "observ": null, "proy nro": 977, "partmuni": 16625, "expte": "/", "link": "https://tramiteobra.parana.gob.ar/menuAutorizada/informacionAutorizada/Djt0xF8qLnzkD8kg9Jvl0fXjnw", "sup proy": 62.59, "sup_graf": null, "proyecto": "977", "tramite": "APROBACIÓN", "tipo_obra": "OBRA CIVIL" }, "geometry": { "type": "MultiPolygon", "coordinates": [ [ [ [ -60.531554, -31.724618 ], [ -60.531495, -31.724633 ], [ -60.531521, -31.724699 ], [ -60.531581, -31.724684 ], [ -60.531594, -31.724629 ], [ -60.531561, -31.724637 ], [ -60.531554, -31.724618 ] ] ] ] } }
]
}
