{
"type": "FeatureCollection",
"name": "grupo",
"crs": { "type": "name", "properties": { "name": "urn:ogc:def:crs:OGC:1.3:CRS84" } },
"features": [
{ "type": "Feature", "properties": { "ogc_fid": 103, "sec": 8.0, "gru": 79.0, "etiq": "8-79" }, "geometry": { "type": "Polygon", "coordinates": [ [ [ -60.491926583681249, -31.73169792896924 ], [ -60.492971544362568, -31.736581913385425 ], [ -60.49879264249217, -31.735663882863037 ], [ -60.498080314491816, -31.732369529888242 ], [ -60.497734932443976, -31.730786769814181 ], [ -60.491926583681249, -31.73169792896924 ] ] ] } },
{ "type": "Feature", "properties": { "ogc_fid": 232, "sec": 12.0, "gru": 230.0, "etiq": "12-230" }, "geometry": { "type": "Polygon", "coordinates": [ [ [ -60.49962236713327, -31.795860098374046 ], [ -60.494713479568475, -31.796603837787476 ], [ -60.49393843678542, -31.796727666656395 ], [ -60.494634994078858, -31.800148484967028 ], [ -60.499245872607865, -31.799402883148399 ], [ -60.500389827680479, -31.799216528635398 ], [ -60.49962236713327, -31.795860098374046 ] ] ] } },
{ "type": "Feature", "properties": { "ogc_fid": 242, "sec": 12.0, "gru": 231.0, "etiq": "12-231" }, "geometry": { "type": "Polygon", "coordinates": [ [ [ -60.488162891290806, -31.797614855699173 ], [ -60.488839793947797, -31.801085344034018 ], [ -60.493491015279503, -31.800334787975441 ], [ -60.494634994078858, -31.800148484967028 ], [ -60.49393843678542, -31.796727666656395 ], [ -60.488162891290806, -31.797614855699173 ] ] ] } },
{ "type": "Feature", "properties": { "ogc_fid": 36, "sec": 15.0, "gru": 72.0, "etiq": "15-72" }, "geometry": { "type": "Polygon", "coordinates": [ [ [ -60.494458583964288, -31.715782481931257 ], [ -60.497214856145327, -31.715476827544627 ], [ -60.500157869652973, -31.715170032013532 ], [ -60.499104221685435, -31.710126698308873 ], [ -60.499052303618249, -31.71010934882402 ], [ -60.498324820617363, -31.710689511408901 ], [ -60.496365874794918, -31.710990263819976 ], [ -60.496124314362739, -31.710998966045643 ], [ -60.493595878232156, -31.711414292915052 ], [ -60.49347566425903, -31.711492276643948 ], [ -60.49417288527107, -31.714682181250073 ], [ -60.494458583964288, -31.715782481931257 ] ] ] } },
{ "type": "Feature", "properties": { "ogc_fid": 37, "sec": 15.0, "gru": 70.0, "etiq": "15-70" }, "geometry": { "type": "Polygon", "coordinates": [ [ [ -60.495660731774954, -31.721060089702771 ], [ -60.495697022005302, -31.721222148666286 ], [ -60.496698384387145, -31.725939301582812 ], [ -60.502281428442167, -31.725052876931468 ], [ -60.501733197016264, -31.722530568408793 ], [ -60.501331322193302, -31.720700934517172 ], [ -60.501208849569828, -31.720118010257551 ], [ -60.501106819383772, -31.720193278094239 ], [ -60.495660731774954, -31.721060089702771 ] ] ] } },
{ "type": "Feature", "properties": { "ogc_fid": 38, "sec": 15.0, "gru": 730.0, "etiq": "15-730" }, "geometry": { "type": "Polygon", "coordinates": [ [ [ -60.492460003760137, -31.706735992604759 ], [ -60.49247637011603, -31.707046062919233 ], [ -60.493300201859661, -31.710693058782716 ], [ -60.49347566425903, -31.711492276643948 ], [ -60.493595878232156, -31.711414292915052 ], [ -60.496124314362739, -31.710998966045643 ], [ -60.496365874794918, -31.710990263819976 ], [ -60.498324820617363, -31.710689511408901 ], [ -60.499052303618249, -31.71010934882402 ], [ -60.499104221685435, -31.710126698308873 ], [ -60.499079375409302, -31.710007763511136 ], [ -60.49914692364127, -31.71000850167249 ], [ -60.4990430959582, -31.709774776948215 ], [ -60.498778435403949, -31.708669538308037 ], [ -60.49862552607388, -31.707859476735873 ], [ -60.498422063766277, -31.707144547962535 ], [ -60.498467696776288, -31.706769220935016 ], [ -60.497465392944662, -31.706214008569454 ], [ -60.495747200896766, -31.705436613237996 ], [ -60.494963637365345, -31.705123604986678 ], [ -60.493139524090473, -31.704498128231556 ], [ -60.49302394677418, -31.704747970305021 ], [ -60.492892350852074, -31.705051562986299 ], [ -60.49262682748347, -31.704869961423583 ], [ -60.49244273991507, -31.704759296379386 ], [ -60.491850724450352, -31.704501321442851 ], [ -60.491780089024097, -31.705166765227723 ], [ -60.492018435221667, -31.705424403612838 ], [ -60.49228064512171, -31.705906975686545 ], [ -60.492449181351063, -31.706530954356715 ], [ -60.492460003760137, -31.706735992604759 ] ] ] } },
{ "type": "Feature", "properties": { "ogc_fid": 202, "sec": 12.0, "gru": 183.0, "etiq": "12-183" }, "geometry": { "type": "Polygon", "coordinates": [ [ [ -60.545392799140529, -31.787994135571509 ], [ -60.54812226032044, -31.78755370552695 ], [ -60.551122420775663, -31.787061184937723 ], [ -60.551086511997582, -31.786889615528246 ], [ -60.550093797645836, -31.782297342785217 ], [ -60.547542250103767, -31.782670112301542 ], [ -60.544375879431826, -31.783128246737686 ], [ -60.545356517308484, -31.787831332806359 ], [ -60.545392799140529, -31.787994135571509 ] ] ] } },
{ "type": "Feature", "properties": { "ogc_fid": 268, "sec": 13.0, "gru": 203.0, "etiq": "13-203" }, "geometry": { "type": "Polygon", "coordinates": [ [ [ -60.459278112302421, -31.771949903068208 ], [ -60.459675051398847, -31.771939064925277 ], [ -60.46496095168888, -31.771083320330295 ], [ -60.464909496490399, -31.770838671535543 ], [ -60.463934583322633, -31.76638556810272 ], [ -60.463911495231329, -31.766178696807621 ], [ -60.458259279146155, -31.767079532942137 ], [ -60.459278112302421, -31.771949903068208 ] ] ] } },
{ "type": "Feature", "properties": { "ogc_fid": 348, "sec": 14.0, "gru": 319.0, "etiq": "14-319" }, "geometry": { "type": "Polygon", "coordinates": [ [ [ -60.419628271472959, -31.722806953667764 ], [ -60.420613350881489, -31.727573137998188 ], [ -60.42635244537999, -31.726736712085646 ], [ -60.425348253605122, -31.721897436549138 ], [ -60.419628271472959, -31.722806953667764 ] ] ] } },
{ "type": "Feature", "properties": { "ogc_fid": 39, "sec": 15.0, "gru": 62.0, "etiq": "15-62" }, "geometry": { "type": "Polygon", "coordinates": [ [ [ -60.501621193083501, -31.714986989082313 ], [ -60.50146285287417, -31.714595326176411 ], [ -60.501435404636084, -31.71433983915648 ], [ -60.501442930166249, -31.713888900937707 ], [ -60.501479376283775, -31.713413005549409 ], [ -60.50159973100331, -31.712810013558347 ], [ -60.501895344633866, -31.711521997725043 ], [ -60.502047552103321, -31.710873884603593 ], [ -60.502488254145966, -31.709232710064942 ], [ -60.502383351408731, -31.709111426404277 ], [ -60.501965877442316, -31.708663349740533 ], [ -60.501212412319781, -31.708040313547489 ], [ -60.500550346962591, -31.708077344353164 ], [ -60.500436500897322, -31.708029445129363 ], [ -60.500434404663217, -31.707639082422393 ], [ -60.498683623762851, -31.707051614085856 ], [ -60.498536378027346, -31.706807265430381 ], [ -60.498467696776288, -31.706769220935016 ], [ -60.498422063766277, -31.707144547962535 ], [ -60.49862552607388, -31.707859476735873 ], [ -60.498778435403949, -31.708669538308037 ], [ -60.4990430959582, -31.709774776948215 ], [ -60.49914692364127, -31.71000850167249 ], [ -60.499079375409302, -31.710007763511136 ], [ -60.499104221685435, -31.710126698308873 ], [ -60.500157869652973, -31.715170032013532 ], [ -60.501621193083501, -31.714986989082313 ] ] ] } },
{ "type": "Feature", "properties": { "ogc_fid": 40, "sec": 15.0, "gru": 61.0, "etiq": "15-61" }, "geometry": { "type": "Polygon", "coordinates": [ [ [ -60.500157869652973, -31.715170032013532 ], [ -60.500761906434342, -31.71812997014111 ], [ -60.500955910649331, -31.718914090378526 ], [ -60.501208849569828, -31.720118010257551 ], [ -60.502810384119741, -31.719850896560171 ], [ -60.503138320971296, -31.71981964401456 ], [ -60.503080255054719, -31.719249851776933 ], [ -60.503000457768195, -31.718885938002252 ], [ -60.502840710469236, -31.718288029910436 ], [ -60.502692279314857, -31.717738033386492 ], [ -60.502480041451037, -31.716976404680949 ], [ -60.502222672308264, -31.716291163890421 ], [ -60.501992285971639, -31.715770446866436 ], [ -60.501764808880274, -31.715300148192025 ], [ -60.501621193083501, -31.714986989082313 ], [ -60.500157869652973, -31.715170032013532 ] ] ] } },
{ "type": "Feature", "properties": { "ogc_fid": 41, "sec": 15.0, "gru": 60.0, "etiq": "15-60" }, "geometry": { "type": "Polygon", "coordinates": [ [ [ -60.503138320971296, -31.71981964401456 ], [ -60.502810384119741, -31.719850896560171 ], [ -60.501208849569828, -31.720118010257551 ], [ -60.501331322193302, -31.720700934517172 ], [ -60.501733197016264, -31.722530568408793 ], [ -60.502281428442167, -31.725052876931468 ], [ -60.502340055249043, -31.725322599161949 ], [ -60.502968033715952, -31.725137838497339 ], [ -60.503652117484492, -31.724948254479955 ], [ -60.503497414828146, -31.723398053949136 ], [ -60.503388301748856, -31.722277297723391 ], [ -60.503344343433859, -31.721841251101047 ], [ -60.503138320971296, -31.71981964401456 ] ] ] } },
{ "type": "Feature", "properties": { "ogc_fid": 42, "sec": 5.0, "gru": 30.0, "etiq": "5-30" }, "geometry": { "type": "Polygon", "coordinates": [ [ [ -60.552727941248904, -31.741896393396143 ], [ -60.552944971195387, -31.742314408265834 ], [ -60.552950782118103, -31.742325600451753 ], [ -60.553354587673546, -31.74308112501663 ], [ -60.553543143230044, -31.743415631839657 ], [ -60.553613592194061, -31.743666476197642 ], [ -60.553754617534779, -31.744263860903065 ], [ -60.553805459142779, -31.744557049922413 ], [ -60.553786619131785, -31.744691262053962 ], [ -60.553914026889586, -31.745168236142959 ], [ -60.554115769071871, -31.74606111844275 ], [ -60.554217893871794, -31.746468946018798 ], [ -60.554335376213317, -31.746948616889931 ], [ -60.55486120374681, -31.746856427237308 ], [ -60.555905532657071, -31.746671128482738 ], [ -60.556981810094854, -31.746451639758984 ], [ -60.558302709205044, -31.746203858424547 ], [ -60.558293643708524, -31.746133149489982 ], [ -60.558410283602306, -31.746112026503809 ], [ -60.558437195205819, -31.744819479299338 ], [ -60.558395295198032, -31.744142627201409 ], [ -60.558188189237733, -31.74306111334927 ], [ -60.557933921602199, -31.741699138703627 ], [ -60.558126320035356, -31.741696412067512 ], [ -60.558106578176272, -31.741087461011016 ], [ -60.557178590969656, -31.741078305121963 ], [ -60.556943495329861, -31.741063049265847 ], [ -60.556828928346398, -31.741022841143643 ], [ -60.556758755597279, -31.740971583306173 ], [ -60.556710763748633, -31.740912086783428 ], [ -60.556691385221306, -31.740857893088855 ], [ -60.55658043243217, -31.740890944720682 ], [ -60.556520306132349, -31.740926488227949 ], [ -60.555960801568965, -31.74125002265103 ], [ -60.554797586190091, -31.741429481934659 ], [ -60.554197900820355, -31.741523183365498 ], [ -60.553621208445136, -31.741616892890189 ], [ -60.553643953226626, -31.741689189275352 ], [ -60.553565777184133, -31.741712426532768 ], [ -60.553440221944477, -31.741741713444085 ], [ -60.55329436524201, -31.741767913905505 ], [ -60.553222482793991, -31.741781212447005 ], [ -60.553188602439988, -31.741787483002987 ], [ -60.553099678992091, -31.741804715314558 ], [ -60.552827018683999, -31.741863327473489 ], [ -60.552727941248904, -31.741896393396143 ] ] ] } },
{ "type": "Feature", "properties": { "ogc_fid": 203, "sec": 12.0, "gru": 184.0, "etiq": "12-184" }, "geometry": { "type": "Polygon", "coordinates": [ [ [ -60.545392799140529, -31.787994135571509 ], [ -60.545356517308484, -31.787831332806359 ], [ -60.544375879431826, -31.783128246737686 ], [ -60.542540505040883, -31.783401159009486 ], [ -60.541741396158812, -31.783572940882635 ], [ -60.538674773195503, -31.78403873896448 ], [ -60.539327717428279, -31.787039609560466 ], [ -60.53972723224544, -31.788932795337718 ], [ -60.544103097015544, -31.788202222120159 ], [ -60.545392799140529, -31.787994135571509 ] ] ] } },
{ "type": "Feature", "properties": { "ogc_fid": 385, "sec": 14.0, "gru": 315.0, "etiq": "14-315" }, "geometry": { "type": "Polygon", "coordinates": [ [ [ -60.424446936550233, -31.717126490324755 ], [ -60.425348253605122, -31.721897436549138 ], [ -60.427608368260096, -31.721537986996537 ], [ -60.431072458203168, -31.720998290604307 ], [ -60.431059235336491, -31.720932615870652 ], [ -60.430229038060169, -31.716877143330205 ], [ -60.430056286959299, -31.716286119979284 ], [ -60.429681635265439, -31.716326161155489 ], [ -60.424446936550233, -31.717126490324755 ] ] ] } },
{ "type": "Feature", "properties": { "ogc_fid": 43, "sec": 5.0, "gru": 31.0, "etiq": "5-31" }, "geometry": { "type": "Polygon", "coordinates": [ [ [ -60.552944971195387, -31.742314408265834 ], [ -60.551964039884048, -31.742460217799938 ], [ -60.550978265590871, -31.742600908651603 ], [ -60.54911001281036, -31.742873037202976 ], [ -60.548266569211471, -31.743006095547802 ], [ -60.547700693513498, -31.743078298642544 ], [ -60.548251170412435, -31.745715703679664 ], [ -60.548738707963203, -31.747914020928615 ], [ -60.549053062117679, -31.747856673056152 ], [ -60.551697236554062, -31.747408675769396 ], [ -60.552902196835163, -31.747203667134187 ], [ -60.554335376213317, -31.746948616889931 ], [ -60.554217893871794, -31.746468946018798 ], [ -60.554115769071871, -31.74606111844275 ], [ -60.553914026889586, -31.745168236142959 ], [ -60.553786619131785, -31.744691262053962 ], [ -60.553805459142779, -31.744557049922413 ], [ -60.553754617534779, -31.744263860903065 ], [ -60.553613592194061, -31.743666476197642 ], [ -60.553543143230044, -31.743415631839657 ], [ -60.553354587673546, -31.74308112501663 ], [ -60.552950782118103, -31.742325600451753 ], [ -60.552944971195387, -31.742314408265834 ] ] ] } },
{ "type": "Feature", "properties": { "ogc_fid": 204, "sec": 12.0, "gru": 185.0, "etiq": "12-185" }, "geometry": { "type": "Polygon", "coordinates": [ [ [ -60.53972723224544, -31.788932795337718 ], [ -60.539327717428279, -31.787039609560466 ], [ -60.538674773195503, -31.78403873896448 ], [ -60.538411463811578, -31.784078730121681 ], [ -60.534539033773115, -31.784679942919826 ], [ -60.533008461706999, -31.784944246041231 ], [ -60.533085089732261, -31.785289378696316 ], [ -60.533973930894675, -31.789566365797562 ], [ -60.534028164229966, -31.789815934835598 ], [ -60.536547527027082, -31.78943665560573 ], [ -60.539580800417326, -31.788957240093868 ], [ -60.53972723224544, -31.788932795337718 ] ] ] } },
{ "type": "Feature", "properties": { "ogc_fid": 44, "sec": 5.0, "gru": 32.0, "etiq": "5-32" }, "geometry": { "type": "Polygon", "coordinates": [ [ [ -60.545786915125483, -31.748413489173242 ], [ -60.547193785968936, -31.748195849974262 ], [ -60.548738707963203, -31.747914020928615 ], [ -60.548251170412435, -31.745715703679664 ], [ -60.547700693513498, -31.743078298642544 ], [ -60.546624419574371, -31.7432350423373 ], [ -60.542440258463337, -31.743882098460421 ], [ -60.541795961125075, -31.743976214103505 ], [ -60.54179987901378, -31.744061972220067 ], [ -60.541848610487783, -31.744264718806445 ], [ -60.54192975211226, -31.744445963880064 ], [ -60.542129200313369, -31.744681285046497 ], [ -60.542786962418567, -31.74529104899241 ], [ -60.543520342144497, -31.746028583635681 ], [ -60.54383395926439, -31.746286546336599 ], [ -60.543895076288031, -31.74634102877199 ], [ -60.544447339010958, -31.74695971276903 ], [ -60.545168365424708, -31.747740631557349 ], [ -60.545786915125483, -31.748413489173242 ] ] ] } },
{ "type": "Feature", "properties": { "ogc_fid": 45, "sec": 5.0, "gru": 33.0, "etiq": "5-33" }, "geometry": { "type": "Polygon", "coordinates": [ [ [ -60.543198290485414, -31.748826417659007 ], [ -60.54423117279385, -31.748678334610545 ], [ -60.545024792909032, -31.748539289777554 ], [ -60.545786915125483, -31.748413489173242 ], [ -60.545168365424708, -31.747740631557349 ], [ -60.544447339010958, -31.74695971276903 ], [ -60.543895076288031, -31.74634102877199 ], [ -60.54383395926439, -31.746286546336599 ], [ -60.543520342144497, -31.746028583635681 ], [ -60.542786962418567, -31.74529104899241 ], [ -60.542129200313369, -31.744681285046497 ], [ -60.54192975211226, -31.744445963880064 ], [ -60.541848610487783, -31.744264718806445 ], [ -60.54179987901378, -31.744061972220067 ], [ -60.541795961125075, -31.743976214103505 ], [ -60.539254200622253, -31.744347467838757 ], [ -60.536781472978639, -31.744743089770569 ], [ -60.536141104831906, -31.744817883076724 ], [ -60.53648450838152, -31.746254773156025 ], [ -60.536732377422091, -31.747525920748764 ], [ -60.537426626637348, -31.746831098496916 ], [ -60.537696581189536, -31.746645860491324 ], [ -60.538028117716692, -31.746457519675094 ], [ -60.538971173612453, -31.74589867483013 ], [ -60.539177017879261, -31.745743791752965 ], [ -60.539833445412221, -31.74629245277286 ], [ -60.540456409650517, -31.746736412717748 ], [ -60.541722954541584, -31.747631410580176 ], [ -60.542468194550182, -31.748135986811217 ], [ -60.543283688296171, -31.748718773963891 ], [ -60.543198290485414, -31.748826417659007 ] ] ] } },
{ "type": "Feature", "properties": { "ogc_fid": 46, "sec": 5.0, "gru": 29.0, "etiq": "5-29" }, "geometry": { "type": "Polygon", "coordinates": [ [ [ -60.538627717714142, -31.73863274885769 ], [ -60.537965235803583, -31.739114299662376 ], [ -60.537168048710534, -31.739873016898038 ], [ -60.537111419915675, -31.73992374668606 ], [ -60.53623736847868, -31.740810252353079 ], [ -60.536127760567091, -31.740895842807888 ], [ -60.53540507450024, -31.741525614669065 ], [ -60.535304308623047, -31.74159698182109 ], [ -60.535708342326629, -31.742290704959743 ], [ -60.535751581807055, -31.742636590673406 ], [ -60.536095940300804, -31.744628899386942 ], [ -60.536141104831906, -31.744817883076724 ], [ -60.536781472978639, -31.744743089770569 ], [ -60.539254200622253, -31.744347467838757 ], [ -60.541795961125075, -31.743976214103505 ], [ -60.541788386219203, -31.74381040752381 ], [ -60.541657320948232, -31.743221330677645 ], [ -60.541495112799325, -31.742459857521872 ], [ -60.541302262356524, -31.741586867372842 ], [ -60.541299595462462, -31.741517894320889 ], [ -60.541293425220452, -31.74135831479807 ], [ -60.541199630964897, -31.740752433256972 ], [ -60.541078548070793, -31.740623203930678 ], [ -60.540434836187139, -31.740098255298559 ], [ -60.539548467987366, -31.739352990953417 ], [ -60.539480809365713, -31.739282743488658 ], [ -60.538627717714142, -31.73863274885769 ] ] ] } },
{ "type": "Feature", "properties": { "ogc_fid": 47, "sec": 5.0, "gru": 28.0, "etiq": "5-28" }, "geometry": { "type": "Polygon", "coordinates": [ [ [ -60.546740661890766, -31.738540344951055 ], [ -60.546609187355358, -31.737923152047546 ], [ -60.546499725936506, -31.73741096569303 ], [ -60.546039743667905, -31.737741926093953 ], [ -60.545237022111706, -31.738301065846169 ], [ -60.545124178340551, -31.738379885178496 ], [ -60.544991397962669, -31.738468133445945 ], [ -60.544890296256746, -31.738542575862283 ], [ -60.544717340045864, -31.738663046755832 ], [ -60.544538362290638, -31.738855901516366 ], [ -60.543411395203485, -31.739948184686689 ], [ -60.541545283686688, -31.741484011745371 ], [ -60.541299595462462, -31.741517894320889 ], [ -60.541302262356524, -31.741586867372842 ], [ -60.541495112799325, -31.742459857521872 ], [ -60.541657320948232, -31.743221330677645 ], [ -60.541788386219203, -31.74381040752381 ], [ -60.541795961125075, -31.743976214103505 ], [ -60.542440258463337, -31.743882098460421 ], [ -60.546624419574371, -31.7432350423373 ], [ -60.547700693513498, -31.743078298642544 ], [ -60.547437799106213, -31.741818682018121 ], [ -60.547228947074878, -31.740878199656855 ], [ -60.547180418960444, -31.740604673554696 ], [ -60.546740661890766, -31.738540344951055 ] ] ] } },
{ "type": "Feature", "properties": { "ogc_fid": 48, "sec": 5.0, "gru": 25.0, "etiq": "5-25" }, "geometry": { "type": "Polygon", "coordinates": [ [ [ -60.545532000083071, -31.732738307162638 ], [ -60.545385632717824, -31.731989079922297 ], [ -60.544949393009134, -31.732495767803815 ], [ -60.543875008602313, -31.733612196905455 ], [ -60.543765518635496, -31.733682178510829 ], [ -60.543128036795039, -31.73412226806758 ], [ -60.542748203903074, -31.734329647803659 ], [ -60.542063875605713, -31.734564914430646 ], [ -60.541311720643826, -31.734812465020457 ], [ -60.540788168299102, -31.735748647921962 ], [ -60.540299455235271, -31.736115880715634 ], [ -60.540468319751803, -31.736604624854994 ], [ -60.540497729774359, -31.73678808432679 ], [ -60.540040656937343, -31.737185323782857 ], [ -60.539705772255132, -31.737585879631418 ], [ -60.538627717714142, -31.73863274885769 ], [ -60.539480809365713, -31.739282743488658 ], [ -60.539548467987366, -31.739352990953417 ], [ -60.540434836187139, -31.740098255298559 ], [ -60.541078548070793, -31.740623203930678 ], [ -60.541199630964897, -31.740752433256972 ], [ -60.541293425220452, -31.74135831479807 ], [ -60.541299595462462, -31.741517894320889 ], [ -60.541545283686688, -31.741484011745371 ], [ -60.543411395203485, -31.739948184686689 ], [ -60.544538362290638, -31.738855901516366 ], [ -60.544717340045864, -31.738663046755832 ], [ -60.544890296256746, -31.738542575862283 ], [ -60.544991397962669, -31.738468133445945 ], [ -60.545124178340551, -31.738379885178496 ], [ -60.545237022111706, -31.738301065846169 ], [ -60.546039743667905, -31.737741926093953 ], [ -60.546499725936506, -31.73741096569303 ], [ -60.545860550326928, -31.734420047943772 ], [ -60.545532000083071, -31.732738307162638 ] ] ] } },
{ "type": "Feature", "properties": { "ogc_fid": 205, "sec": 12.0, "gru": 187.0, "etiq": "12-187" }, "geometry": { "type": "Polygon", "coordinates": [ [ [ -60.527279306943427, -31.785885703061741 ], [ -60.521617309426659, -31.786765236538567 ], [ -60.522666271462143, -31.791659269314597 ], [ -60.52378360364564, -31.79149212471739 ], [ -60.526902682729833, -31.790985210550655 ], [ -60.528288384050207, -31.790740274214119 ], [ -60.527556925078684, -31.787156724131822 ], [ -60.527279306943427, -31.785885703061741 ] ] ] } },
{ "type": "Feature", "properties": { "ogc_fid": 14, "sec": 15.0, "gru": 79.0, "etiq": "15-79" }, "geometry": { "type": "Polygon", "coordinates": [ [ [ -60.474435020238296, -31.704332622397114 ], [ -60.474131724592176, -31.702930672720115 ], [ -60.474026504058642, -31.702444292344602 ], [ -60.473908413710397, -31.702408142631807 ], [ -60.473854281828466, -31.702394157377466 ], [ -60.47384228530683, -31.702390716647287 ], [ -60.47383265937237, -31.702387408293209 ], [ -60.473821840157356, -31.702383040995219 ], [ -60.473807256140951, -31.702376336167148 ], [ -60.473766157289432, -31.702356760969327 ], [ -60.473739104774396, -31.70234501619241 ], [ -60.473708821453073, -31.702333689256353 ], [ -60.473677269066783, -31.702324236815389 ], [ -60.473646382745898, -31.702316649575717 ], [ -60.473504557827475, -31.702298303187586 ], [ -60.473444572534561, -31.702292932839359 ], [ -60.473390971118505, -31.702287424705023 ], [ -60.473246046819561, -31.702273210100284 ], [ -60.473149120369172, -31.702268889893144 ], [ -60.473131452735096, -31.70226838474014 ], [ -60.473110064752618, -31.702267423631252 ], [ -60.473092421517784, -31.702265972438276 ], [ -60.47307265805722, -31.702263473094938 ], [ -60.473022951731814, -31.702256447996849 ], [ -60.472998744529313, -31.702252886358028 ], [ -60.472949531500227, -31.702244861844108 ], [ -60.472894803120411, -31.702235530328679 ], [ -60.472864241877083, -31.702231359418057 ], [ -60.472809999188151, -31.702224551464731 ], [ -60.472726409509512, -31.702213220998491 ], [ -60.472695243302304, -31.702209212734843 ], [ -60.472660947878325, -31.702205535018557 ], [ -60.472623551849821, -31.702202836955795 ], [ -60.472491239878359, -31.702206431280413 ], [ -60.472371568226386, -31.702219765551042 ], [ -60.472224749672257, -31.702238606274662 ], [ -60.472137423170707, -31.702249167561252 ], [ -60.472102222942475, -31.702255429520971 ], [ -60.472070562206078, -31.702262826146928 ], [ -60.47204283985144, -31.702269992336497 ], [ -60.471994423666715, -31.702282925757896 ], [ -60.471974580629237, -31.702287998365019 ], [ -60.471927486674282, -31.702298385011471 ], [ -60.471865850391701, -31.702313575781538 ], [ -60.471856217520539, -31.702316155660224 ], [ -60.471830827505258, -31.702323967192729 ], [ -60.471806923738846, -31.702331642512686 ], [ -60.471762613967428, -31.702346708446807 ], [ -60.471722387844174, -31.702359961414171 ], [ -60.47170550350873, -31.702364730842461 ], [ -60.471659767409065, -31.702375889449467 ], [ -60.471586025022091, -31.70239462052033 ], [ -60.471569316069264, -31.702398548717884 ], [ -60.471552650146158, -31.702401094842354 ], [ -60.471482385019897, -31.702410457406586 ], [ -60.471462528844654, -31.702412860484092 ], [ -60.471443719026325, -31.702414553374215 ], [ -60.471355412269368, -31.702420772775255 ], [ -60.471337105894797, -31.702421729658521 ], [ -60.471270817242569, -31.70242433764771 ], [ -60.471241731735589, -31.702426579746145 ], [ -60.471214780550099, -31.702429731566596 ], [ -60.471120120510356, -31.7024419036468 ], [ -60.471094375371422, -31.702445723766342 ], [ -60.471070326944421, -31.70244956074071 ], [ -60.4710469138899, -31.702453398102318 ], [ -60.471006326511684, -31.702460471794037 ], [ -60.470993900883094, -31.702462207435193 ], [ -60.470981846032842, -31.702463218738011 ], [ -60.470966770787065, -31.702463985633536 ], [ -60.470951572214638, -31.702464497764826 ], [ -60.470938117522323, -31.702464576785836 ], [ -60.470908860942167, -31.702451134910998 ], [ -60.47089473524607, -31.702444933596155 ], [ -60.470884324801553, -31.702440181717549 ], [ -60.470872272939481, -31.702434083166708 ], [ -60.470836745965336, -31.702415618517303 ], [ -60.470782356575334, -31.702388918417448 ], [ -60.47070757027052, -31.702360706591907 ], [ -60.470634381420965, -31.702340269808055 ], [ -60.470569449399186, -31.702324240547313 ], [ -60.470487344369339, -31.702309981811673 ], [ -60.470416735520317, -31.702303409321946 ], [ -60.470348978286367, -31.702298605966003 ], [ -60.470267180655028, -31.70229997750754 ], [ -60.470192608015481, -31.702307938416382 ], [ -60.470150430154156, -31.702313326472975 ], [ -60.47010423661407, -31.702318913895716 ], [ -60.470052711822305, -31.702324907689682 ], [ -60.469999520200915, -31.70233415125826 ], [ -60.469944675269886, -31.702347747174137 ], [ -60.469931165796396, -31.702351352546994 ], [ -60.469907074167779, -31.702357490613092 ], [ -60.469829427544752, -31.702376661755697 ], [ -60.469780979573159, -31.702388239886997 ], [ -60.469762085878763, -31.702392036699262 ], [ -60.469743306868637, -31.702395148196899 ], [ -60.469602995739592, -31.702413205897297 ], [ -60.469450203477642, -31.702435191073072 ], [ -60.46942544952762, -31.702442116873744 ], [ -60.469391407012033, -31.702454849495226 ], [ -60.469363775880673, -31.702466159810569 ], [ -60.469314513604715, -31.702486733590938 ], [ -60.469287831511465, -31.702497340734968 ], [ -60.469234789022316, -31.70252073022947 ], [ -60.469190233538328, -31.702543467499719 ], [ -60.469149915187188, -31.702564703639613 ], [ -60.469130077728799, -31.702574946762041 ], [ -60.469111206301399, -31.702584467620813 ], [ -60.469092839338025, -31.702592986674428 ], [ -60.469072339024585, -31.702601883956191 ], [ -60.469025235754486, -31.702621628276365 ], [ -60.469002162782587, -31.702631461619799 ], [ -60.468983230503959, -31.702639198371891 ], [ -60.468967459188569, -31.702644737934953 ], [ -60.468950113729065, -31.702649739624853 ], [ -60.468929163402009, -31.702654959514469 ], [ -60.468881959395283, -31.702665847484223 ], [ -60.468860754696813, -31.702670342136177 ], [ -60.468839812713519, -31.702674323835581 ], [ -60.468819878110502, -31.702677774951301 ], [ -60.468802560245251, -31.702680156580456 ], [ -60.468786911717245, -31.702681589123351 ], [ -60.468771183559042, -31.702682251606259 ], [ -60.46875323588305, -31.702682251067777 ], [ -60.468732994682682, -31.702681705673285 ], [ -60.468710928569436, -31.702680630607826 ], [ -60.468687218675264, -31.702679158969925 ], [ -60.468662449835676, -31.702677428516036 ], [ -60.468580862737113, -31.702671050852359 ], [ -60.46843196869478, -31.702661081950477 ], [ -60.468925597873813, -31.705135042112687 ], [ -60.46910604550785, -31.705082961212362 ], [ -60.473051894951404, -31.704440279953896 ], [ -60.473503171942646, -31.70445764420753 ], [ -60.474435020238296, -31.704332622397114 ] ] ] } },
{ "type": "Feature", "properties": { "ogc_fid": 1, "sec": 15.0, "gru": 110.0, "etiq": "15-110" }, "geometry": { "type": "Polygon", "coordinates": [ [ [ -60.468925597873813, -31.705135042112687 ], [ -60.46843196869478, -31.702661081950477 ], [ -60.46836138561747, -31.702656356140601 ], [ -60.468309082834914, -31.702661641184132 ], [ -60.468280568221495, -31.702661283777722 ], [ -60.468255085806199, -31.702661578283358 ], [ -60.468233485915121, -31.70266164936378 ], [ -60.468213666685941, -31.702661434829999 ], [ -60.468195601706348, -31.70266074774382 ], [ -60.468178697978871, -31.702659555542713 ], [ -60.468160236602159, -31.702657481622392 ], [ -60.468113688415997, -31.702651216308709 ], [ -60.468067258929153, -31.702644430306393 ], [ -60.4680478139949, -31.70264114258228 ], [ -60.468029854648627, -31.702637652832074 ], [ -60.46801387247028, -31.702634051970648 ], [ -60.46799984356845, -31.702630290469003 ], [ -60.467986752052454, -31.702626181929421 ], [ -60.467977247657828, -31.702622721541843 ], [ -60.46796872853929, -31.702618892947694 ], [ -60.467960724968243, -31.702614835070889 ], [ -60.467954370227908, -31.70261103794434 ], [ -60.467947270121712, -31.702606165066658 ], [ -60.467938230537143, -31.702599318761735 ], [ -60.467913263652328, -31.702579723758284 ], [ -60.467889697572119, -31.702560802190764 ], [ -60.467880047800548, -31.70255274210875 ], [ -60.467871246329935, -31.702544969790583 ], [ -60.467864363487202, -31.702538532573911 ], [ -60.467857819792009, -31.702531658699218 ], [ -60.467850280833957, -31.702523334025848 ], [ -60.46784535365223, -31.70251751217873 ], [ -60.467842344727799, -31.70251333819278 ], [ -60.467839218409885, -31.70250819915961 ], [ -60.467836181441314, -31.702502017778201 ], [ -60.467824344388426, -31.702471373285846 ], [ -60.467814616083366, -31.702447318465619 ], [ -60.467790093963195, -31.702393076496598 ], [ -60.467785742395911, -31.702384022675407 ], [ -60.467772427833829, -31.702353995798681 ], [ -60.467744137996029, -31.702292008661271 ], [ -60.467706531142639, -31.702235605975964 ], [ -60.467676378239169, -31.702197674183573 ], [ -60.467636492382162, -31.702153732407627 ], [ -60.467585667896493, -31.702107111391616 ], [ -60.467494781271689, -31.702057558660904 ], [ -60.467384357564029, -31.702043435535249 ], [ -60.467299521131821, -31.702063040858679 ], [ -60.467296055662608, -31.702059143660151 ], [ -60.467223952581143, -31.702010418610506 ], [ -60.467145750533859, -31.701986439524678 ], [ -60.467003399320177, -31.701964452716126 ], [ -60.466951241999531, -31.701958945027634 ], [ -60.466871931511207, -31.701954451517196 ], [ -60.466840987391983, -31.701954951721561 ], [ -60.466737044243949, -31.701959723447509 ], [ -60.466727135579262, -31.701960427485439 ], [ -60.466720580046818, -31.701960479856311 ], [ -60.46669272805331, -31.701959411410751 ], [ -60.466681573159129, -31.701958690662856 ], [ -60.466674975050175, -31.701957956176333 ], [ -60.466663886607265, -31.701953761581077 ], [ -60.466636077953105, -31.701942580205216 ], [ -60.466562948564224, -31.701915221856993 ], [ -60.466440594181044, -31.70188810192942 ], [ -60.466430610597264, -31.701886493096719 ], [ -60.46640050922985, -31.701882629520469 ], [ -60.466366798361612, -31.701880188236888 ], [ -60.466329740812895, -31.701880056270479 ], [ -60.466294896137484, -31.701883030034313 ], [ -60.466224945229172, -31.701892206710191 ], [ -60.466208211741915, -31.701893977604271 ], [ -60.466196387836852, -31.701894832198484 ], [ -60.466190068286025, -31.701894831072426 ], [ -60.466182070802489, -31.701894122640194 ], [ -60.466167876451486, -31.701892032431626 ], [ -60.46612547845784, -31.701884967388519 ], [ -60.466066057246024, -31.701876309173414 ], [ -60.466056007091133, -31.701874357522914 ], [ -60.465949840073414, -31.701845786457319 ], [ -60.465847086257668, -31.701835488911879 ], [ -60.465812848284415, -31.701835509405569 ], [ -60.465799217966605, -31.70183512570085 ], [ -60.465784711528819, -31.701833977932758 ], [ -60.465715567191431, -31.701829103189649 ], [ -60.465701331129587, -31.701828677142732 ], [ -60.46566752806568, -31.701830641594139 ], [ -60.465640196294167, -31.701833419879033 ], [ -60.465593643386931, -31.701839190966286 ], [ -60.465570009661413, -31.70184238335284 ], [ -60.465546298994504, -31.701845841124598 ], [ -60.465503510493676, -31.701852533644896 ], [ -60.465413219171332, -31.701864065610224 ], [ -60.465388831359682, -31.701867524051913 ], [ -60.465368050897126, -31.70187064503488 ], [ -60.465356195386832, -31.70187224950023 ], [ -60.465349721829796, -31.701872587572534 ], [ -60.465336524079191, -31.701872261113543 ], [ -60.465291973173095, -31.701870383321527 ], [ -60.465265032379669, -31.701869558341251 ], [ -60.465195773231102, -31.701869474415709 ], [ -60.465155135996746, -31.701868492672439 ], [ -60.465133054127044, -31.701867636527421 ], [ -60.465106909278745, -31.701866876265605 ], [ -60.465077772604445, -31.701866778162216 ], [ -60.465045793920964, -31.701867919904785 ], [ -60.465014098883621, -31.701870780767202 ], [ -60.464940168166763, -31.701880211856796 ], [ -60.464868894946221, -31.701889634076412 ], [ -60.464848193770692, -31.701892209215654 ], [ -60.464830379180292, -31.7018939455325 ], [ -60.46481124158236, -31.701895057498508 ], [ -60.464789667517969, -31.701896013092529 ], [ -60.464768197297879, -31.701896704406 ], [ -60.46474504933925, -31.70189725286701 ], [ -60.464721033619448, -31.701898080056683 ], [ -60.464695426223685, -31.701899175497907 ], [ -60.46465028591966, -31.701902665556958 ], [ -60.464630810311284, -31.70190403779732 ], [ -60.464592038927691, -31.701906423691916 ], [ -60.464554750882826, -31.701908158991337 ], [ -60.46450170338575, -31.701910133774799 ], [ -60.464470632450968, -31.701910704279385 ], [ -60.464460547889786, -31.701910674900088 ], [ -60.464454618592285, -31.701910371835787 ], [ -60.464449900360592, -31.701909697066036 ], [ -60.464445200761382, -31.70190832230308 ], [ -60.464415909451098, -31.701898186561795 ], [ -60.464395378293489, -31.701891267485866 ], [ -60.464371570206204, -31.70188425230474 ], [ -60.464345133864455, -31.701877834236146 ], [ -60.464314290809604, -31.701872501391207 ], [ -60.464283260396329, -31.701870075139119 ], [ -60.464253925125497, -31.701869647353075 ], [ -60.464224202881645, -31.701871348619466 ], [ -60.464178952551201, -31.701851919368387 ], [ -60.464109338538115, -31.701806372611973 ], [ -60.464108128134882, -31.701805018097033 ], [ -60.464088961136206, -31.701787378515451 ], [ -60.464073150033549, -31.701774410382377 ], [ -60.464048879043581, -31.701755474697912 ], [ -60.464038068738304, -31.701746827231531 ], [ -60.463999457454861, -31.701715399682076 ], [ -60.463980799314349, -31.701701036719538 ], [ -60.463958629764512, -31.701686112040992 ], [ -60.46393558290913, -31.701672656679012 ], [ -60.463913476701123, -31.701661570432734 ], [ -60.463894486824422, -31.701653013498589 ], [ -60.463877103522826, -31.701645539304518 ], [ -60.463859857532704, -31.701638463108214 ], [ -60.463826100369495, -31.701625086010029 ], [ -60.463805701558357, -31.701617510502029 ], [ -60.463717162779844, -31.701587890912005 ], [ -60.463693646325545, -31.701580534005807 ], [ -60.463668211122531, -31.701573632678176 ], [ -60.463641650385661, -31.701567142785308 ], [ -60.463614419024957, -31.701561510569306 ], [ -60.463586940375897, -31.701556445477031 ], [ -60.463559820335377, -31.701552319061882 ], [ -60.463510903816712, -31.701545539263073 ], [ -60.463438102130254, -31.701535785924591 ], [ -60.463411490279505, -31.701531819333134 ], [ -60.463363651047246, -31.70152653446678 ], [ -60.463347889715827, -31.701524119108974 ], [ -60.463330525138879, -31.701520835377952 ], [ -60.463290762898531, -31.701512658536739 ], [ -60.463274023852861, -31.701508844852288 ], [ -60.463256914121636, -31.701504434805162 ], [ -60.463217082673104, -31.701493606995928 ], [ -60.463195111161419, -31.701487483869794 ], [ -60.463171019969238, -31.701481172965501 ], [ -60.463146794310454, -31.701475199800409 ], [ -60.463121545383942, -31.701469351666319 ], [ -60.463093974147725, -31.701463638345572 ], [ -60.463064554673608, -31.701458460159575 ], [ -60.463032621030081, -31.70145339717606 ], [ -60.462975798701237, -31.701447083673742 ], [ -60.462953600685452, -31.701444402250392 ], [ -60.462934435809515, -31.70144118731131 ], [ -60.462913572911226, -31.701436799626322 ], [ -60.462891034096209, -31.70143154503085 ], [ -60.462821252538525, -31.701414081806863 ], [ -60.462777129207012, -31.701402406329052 ], [ -60.46275095102019, -31.701395988555312 ], [ -60.462723891304478, -31.701390127474603 ], [ -60.462678691149996, -31.701381331530996 ], [ -60.462634551077635, -31.701371738351966 ], [ -60.462614723908978, -31.701366862575018 ], [ -60.46259404525626, -31.701361126103553 ], [ -60.462572511730599, -31.701354560129111 ], [ -60.462549407436342, -31.701346872895872 ], [ -60.462524613147778, -31.701338249845328 ], [ -60.462499395651641, -31.701329166141001 ], [ -60.462474757661546, -31.701320002011201 ], [ -60.462450482633102, -31.701310512479694 ], [ -60.462399685037902, -31.701290273626171 ], [ -60.462373847749511, -31.701280236561125 ], [ -60.462348342946058, -31.701270598359109 ], [ -60.462322418225028, -31.701261089494835 ], [ -60.462295299545779, -31.701251673128251 ], [ -60.462039964826964, -31.701169410765825 ], [ -60.462764008622017, -31.704745738291582 ], [ -60.463051542798368, -31.706072654604203 ], [ -60.465393282402296, -31.7057059993545 ], [ -60.468814391499016, -31.705167138404967 ], [ -60.468925597873813, -31.705135042112687 ] ] ] } },
{ "type": "Feature", "properties": { "ogc_fid": 2, "sec": 15.0, "gru": 109.0, "etiq": "15-109" }, "geometry": { "type": "Polygon", "coordinates": [ [ [ -60.46410283336558, -31.71092382393018 ], [ -60.467149229847927, -31.710467191094622 ], [ -60.469902438791451, -31.710048931775329 ], [ -60.469864425712068, -31.709839856671479 ], [ -60.468925597873813, -31.705135042112687 ], [ -60.468814391499016, -31.705167138404967 ], [ -60.465393282402296, -31.7057059993545 ], [ -60.463051542798368, -31.706072654604203 ], [ -60.46410283336558, -31.71092382393018 ] ] ] } },
{ "type": "Feature", "properties": { "ogc_fid": 3, "sec": 15.0, "gru": 108.0, "etiq": "15-108" }, "geometry": { "type": "Polygon", "coordinates": [ [ [ -60.470795055455177, -31.714902115970929 ], [ -60.470676881282515, -31.714308214142758 ], [ -60.469902438791451, -31.710048931775329 ], [ -60.467149229847927, -31.710467191094622 ], [ -60.46410283336558, -31.71092382393018 ], [ -60.464454816406999, -31.71254792684072 ], [ -60.465168281350145, -31.715765101523306 ], [ -60.470795055455177, -31.714902115970929 ] ] ] } },
{ "type": "Feature", "properties": { "ogc_fid": 4, "sec": 15.0, "gru": 107.0, "etiq": "15-107" }, "geometry": { "type": "Polygon", "coordinates": [ [ [ -60.471774388403013, -31.719728892521953 ], [ -60.471600374481547, -31.718949153214982 ], [ -60.470795055455177, -31.714902115970929 ], [ -60.465168281350145, -31.715765101523306 ], [ -60.466174414513695, -31.72030158464198 ], [ -60.466193208983363, -31.720624088899626 ], [ -60.467182969133859, -31.720467506800588 ], [ -60.47151402416192, -31.719796003890156 ], [ -60.471774388403013, -31.719728892521953 ] ] ] } },
{ "type": "Feature", "properties": { "ogc_fid": 5, "sec": 15.0, "gru": 106.0, "etiq": "15-106" }, "geometry": { "type": "Polygon", "coordinates": [ [ [ -60.47285884484706, -31.724627583852325 ], [ -60.47274322812644, -31.724069916115827 ], [ -60.471774388403013, -31.719728892521953 ], [ -60.47151402416192, -31.719796003890156 ], [ -60.467182969133859, -31.720467506800588 ], [ -60.466193208983363, -31.720624088899626 ], [ -60.466205028825136, -31.720826910541078 ], [ -60.467178062887875, -31.725122384034584 ], [ -60.467235461830917, -31.725465301427121 ], [ -60.468058793011181, -31.725278048494722 ], [ -60.46877241054176, -31.725133180822088 ], [ -60.472579912446967, -31.724672065013678 ], [ -60.47285884484706, -31.724627583852325 ] ] ] } },
{ "type": "Feature", "properties": { "ogc_fid": 6, "sec": 15.0, "gru": 105.0, "etiq": "15-105" }, "geometry": { "type": "Polygon", "coordinates": [ [ [ -60.468206523257983, -31.730460371381568 ], [ -60.470365184687687, -31.730146823173133 ], [ -60.47335741544601, -31.72967941338446 ], [ -60.473887452569898, -31.729588677996588 ], [ -60.47285884484706, -31.724627583852325 ], [ -60.472579912446967, -31.724672065013678 ], [ -60.46877241054176, -31.725133180822088 ], [ -60.468058793011181, -31.725278048494722 ], [ -60.467235461830917, -31.725465301427121 ], [ -60.467497144244405, -31.727028631746943 ], [ -60.468041968993383, -31.729629934789202 ], [ -60.468206523257983, -31.730460371381568 ] ] ] } },
{ "type": "Feature", "properties": { "ogc_fid": 7, "sec": 15.0, "gru": 104.0, "etiq": "15-104" }, "geometry": { "type": "Polygon", "coordinates": [ [ [ -60.474867344257525, -31.734347123337088 ], [ -60.474307071470562, -31.731612388189443 ], [ -60.473887452569898, -31.729588677996588 ], [ -60.47335741544601, -31.72967941338446 ], [ -60.470365184687687, -31.730146823173133 ], [ -60.468206523257983, -31.730460371381568 ], [ -60.469156611568735, -31.735203631975153 ], [ -60.474867344257525, -31.734347123337088 ] ] ] } },
{ "type": "Feature", "properties": { "ogc_fid": 8, "sec": 15.0, "gru": 73.0, "etiq": "15-73" }, "geometry": { "type": "Polygon", "coordinates": [ [ [ -60.479526578930248, -31.728543270992947 ], [ -60.478513181992739, -31.728793130481325 ], [ -60.474719834645882, -31.729446180329958 ], [ -60.473887452569898, -31.729588677996588 ], [ -60.474307071470562, -31.731612388189443 ], [ -60.474867344257525, -31.734347123337088 ], [ -60.475096663204518, -31.734335519282283 ], [ -60.480257341919959, -31.733502206222703 ], [ -60.480541250298373, -31.733423941795206 ], [ -60.480382455791108, -31.732685179926051 ], [ -60.479526578930248, -31.728543270992947 ] ] ] } },
{ "type": "Feature", "properties": { "ogc_fid": 9, "sec": 15.0, "gru": 74.0, "etiq": "15-74" }, "geometry": { "type": "Polygon", "coordinates": [ [ [ -60.47285884484706, -31.724627583852325 ], [ -60.473887452569898, -31.729588677996588 ], [ -60.474719834645882, -31.729446180329958 ], [ -60.478513181992739, -31.728793130481325 ], [ -60.479526578930248, -31.728543270992947 ], [ -60.479178044038989, -31.726856468440545 ], [ -60.478526515106701, -31.723725149310042 ], [ -60.47285884484706, -31.724627583852325 ] ] ] } },
{ "type": "Feature", "properties": { "ogc_fid": 10, "sec": 15.0, "gru": 75.0, "etiq": "15-75" }, "geometry": { "type": "Polygon", "coordinates": [ [ [ -60.471774388403013, -31.719728892521953 ], [ -60.47274322812644, -31.724069916115827 ], [ -60.47285884484706, -31.724627583852325 ], [ -60.478526515106701, -31.723725149310042 ], [ -60.478163168895662, -31.72197877113663 ], [ -60.477490953293547, -31.718842575466869 ], [ -60.477235135999884, -31.718873323929657 ], [ -60.471919503483853, -31.719691487452604 ], [ -60.471774388403013, -31.719728892521953 ] ] ] } },
{ "type": "Feature", "properties": { "ogc_fid": 11, "sec": 15.0, "gru": 76.0, "etiq": "15-76" }, "geometry": { "type": "Polygon", "coordinates": [ [ [ -60.471774388403013, -31.719728892521953 ], [ -60.471919503483853, -31.719691487452604 ], [ -60.477235135999884, -31.718873323929657 ], [ -60.477490953293547, -31.718842575466869 ], [ -60.47691762292601, -31.716167548678207 ], [ -60.476493474032864, -31.714030695009548 ], [ -60.471890971740173, -31.71473400317954 ], [ -60.470795055455177, -31.714902115970929 ], [ -60.471600374481547, -31.718949153214982 ], [ -60.471774388403013, -31.719728892521953 ] ] ] } },
{ "type": "Feature", "properties": { "ogc_fid": 12, "sec": 15.0, "gru": 77.0, "etiq": "15-77" }, "geometry": { "type": "Polygon", "coordinates": [ [ [ -60.476493474032864, -31.714030695009548 ], [ -60.475883079463728, -31.711237129995222 ], [ -60.475460513706238, -31.709173001043769 ], [ -60.472838444377018, -31.709588545137315 ], [ -60.469902438791451, -31.710048931775329 ], [ -60.470676881282515, -31.714308214142758 ], [ -60.470795055455177, -31.714902115970929 ], [ -60.471890971740173, -31.71473400317954 ], [ -60.476493474032864, -31.714030695009548 ] ] ] } },
{ "type": "Feature", "properties": { "ogc_fid": 13, "sec": 15.0, "gru": 78.0, "etiq": "15-78" }, "geometry": { "type": "Polygon", "coordinates": [ [ [ -60.475460513706238, -31.709173001043769 ], [ -60.475386943499387, -31.709063606281472 ], [ -60.474713413074632, -31.70584561359485 ], [ -60.474435020238296, -31.704332622397114 ], [ -60.473503171942646, -31.70445764420753 ], [ -60.473051894951404, -31.704440279953896 ], [ -60.46910604550785, -31.705082961212362 ], [ -60.468925597873813, -31.705135042112687 ], [ -60.469864425712068, -31.709839856671479 ], [ -60.469902438791451, -31.710048931775329 ], [ -60.472838444377018, -31.709588545137315 ], [ -60.475460513706238, -31.709173001043769 ] ] ] } },
{ "type": "Feature", "properties": { "ogc_fid": 15, "sec": 15.0, "gru": 46.0, "etiq": "15-46" }, "geometry": { "type": "Polygon", "coordinates": [ [ [ -60.48420128303971, -31.722866491865048 ], [ -60.484012347890221, -31.722897296128952 ], [ -60.478526515106701, -31.723725149310042 ], [ -60.479178044038989, -31.726856468440545 ], [ -60.479526578930248, -31.728543270992947 ], [ -60.479752320022222, -31.728487611807481 ], [ -60.481440068302305, -31.728407686357954 ], [ -60.481985673732233, -31.728270690194574 ], [ -60.485201498074147, -31.72772282431216 ], [ -60.484793093510874, -31.725687491091357 ], [ -60.484287498498688, -31.723275527579823 ], [ -60.48420128303971, -31.722866491865048 ] ] ] } },
{ "type": "Feature", "properties": { "ogc_fid": 16, "sec": 15.0, "gru": 47.0, "etiq": "15-47" }, "geometry": { "type": "Polygon", "coordinates": [ [ [ -60.483155215388102, -31.718026470862196 ], [ -60.481445200067171, -31.718292974822567 ], [ -60.477717655236674, -31.718815326135502 ], [ -60.477490953293547, -31.718842575466869 ], [ -60.478163168895662, -31.72197877113663 ], [ -60.478526515106701, -31.723725149310042 ], [ -60.484012347890221, -31.722897296128952 ], [ -60.48420128303971, -31.722866491865048 ], [ -60.483433923896662, -31.719225709513331 ], [ -60.483155215388102, -31.718026470862196 ] ] ] } },
{ "type": "Feature", "properties": { "ogc_fid": 17, "sec": 15.0, "gru": 48.0, "etiq": "15-48" }, "geometry": { "type": "Polygon", "coordinates": [ [ [ -60.482078409427601, -31.713194486156155 ], [ -60.478600586017365, -31.713708648424451 ], [ -60.476493474032864, -31.714030695009548 ], [ -60.47691762292601, -31.716167548678207 ], [ -60.477490953293547, -31.718842575466869 ], [ -60.477717655236674, -31.718815326135502 ], [ -60.481445200067171, -31.718292974822567 ], [ -60.483155215388102, -31.718026470862196 ], [ -60.482611186019078, -31.715685504410907 ], [ -60.482078409427601, -31.713194486156155 ] ] ] } },
{ "type": "Feature", "properties": { "ogc_fid": 18, "sec": 15.0, "gru": 49.0, "etiq": "15-49" }, "geometry": { "type": "Polygon", "coordinates": [ [ [ -60.482078409427601, -31.713194486156155 ], [ -60.481892168513895, -31.712323676108305 ], [ -60.481172875706569, -31.70869448309702 ], [ -60.481103646842321, -31.708309406484059 ], [ -60.478996224393988, -31.708591922523613 ], [ -60.475460513706238, -31.709173001043769 ], [ -60.475883079463728, -31.711237129995222 ], [ -60.476493474032864, -31.714030695009548 ], [ -60.478600586017365, -31.713708648424451 ], [ -60.482078409427601, -31.713194486156155 ] ] ] } },
{ "type": "Feature", "properties": { "ogc_fid": 98, "sec": 8.0, "gru": 78.0, "etiq": "8-78" }, "geometry": { "type": "Polygon", "coordinates": [ [ [ -60.504541295227334, -31.73477606188861 ], [ -60.50297503332439, -31.735004113658224 ], [ -60.49879264249217, -31.735663882863037 ], [ -60.499841489765991, -31.740514110966696 ], [ -60.500586369293494, -31.740396757141383 ], [ -60.501379825044125, -31.740232139921289 ], [ -60.502124072958431, -31.739978696432299 ], [ -60.502569055557871, -31.73977956081999 ], [ -60.505447070985888, -31.739389504498813 ], [ -60.50465941321643, -31.735694337813527 ], [ -60.504541295227334, -31.73477606188861 ] ] ] } },
{ "type": "Feature", "properties": { "ogc_fid": 19, "sec": 15.0, "gru": 50.0, "etiq": "15-50" }, "geometry": { "type": "Polygon", "coordinates": [ [ [ -60.474435020238296, -31.704332622397114 ], [ -60.474713413074632, -31.70584561359485 ], [ -60.475386943499387, -31.709063606281472 ], [ -60.475460513706238, -31.709173001043769 ], [ -60.478996224393988, -31.708591922523613 ], [ -60.481103646842321, -31.708309406484059 ], [ -60.480664577249414, -31.706270395566268 ], [ -60.480533992580661, -31.706290524178208 ], [ -60.479918942780017, -31.70314336565708 ], [ -60.479910918032751, -31.702733383240062 ], [ -60.479837483283603, -31.702384779794109 ], [ -60.47980943808151, -31.702390696965644 ], [ -60.479796188192481, -31.7023932679292 ], [ -60.47973665865316, -31.702400872941819 ], [ -60.479692116845371, -31.702406961626195 ], [ -60.479673892627524, -31.702409104143506 ], [ -60.479656448428379, -31.70241050735763 ], [ -60.479637613848674, -31.702411442344786 ], [ -60.479619010280203, -31.702412017192263 ], [ -60.479601340500594, -31.702412193865428 ], [ -60.479582948963369, -31.70241196347936 ], [ -60.479558961646127, -31.702411372813462 ], [ -60.479532304299354, -31.702411633720818 ], [ -60.479512489209775, -31.702412368725867 ], [ -60.479499051629013, -31.702412430969162 ], [ -60.479486667267288, -31.702411919841666 ], [ -60.479471569542994, -31.702410540323445 ], [ -60.479426876831354, -31.702405410107438 ], [ -60.47939666262868, -31.702402636342011 ], [ -60.479361181647285, -31.702401430667621 ], [ -60.479323755854708, -31.702402985626396 ], [ -60.479292741235852, -31.702406744335516 ], [ -60.4792231666666, -31.70241563382994 ], [ -60.479204555562347, -31.702417449029578 ], [ -60.479184140509382, -31.702418899694635 ], [ -60.479121025150455, -31.702422682797817 ], [ -60.479106082880577, -31.702423305802057 ], [ -60.479071929046974, -31.702424371190958 ], [ -60.479049929181528, -31.702425359513761 ], [ -60.479024509625852, -31.702427449378998 ], [ -60.478994515962007, -31.702431414065103 ], [ -60.478963860894218, -31.702438066479537 ], [ -60.47893879988316, -31.702444887413058 ], [ -60.478900243675923, -31.702455984197965 ], [ -60.478890849639832, -31.70245809996749 ], [ -60.478852192618149, -31.702463044597234 ], [ -60.478802411036007, -31.702469080840839 ], [ -60.478773756370671, -31.702472834270221 ], [ -60.47874150152559, -31.702478010146258 ], [ -60.478709702124434, -31.702485039509625 ], [ -60.478682812262292, -31.702492135758337 ], [ -60.478643246822692, -31.70250311485778 ], [ -60.47863369917409, -31.702505339733882 ], [ -60.478618850933501, -31.702504491462964 ], [ -60.478557848654098, -31.702499983383969 ], [ -60.478538747293854, -31.702498447122746 ], [ -60.478519648225252, -31.702496458559885 ], [ -60.478447649598465, -31.70248810790924 ], [ -60.478418102432521, -31.702485569556639 ], [ -60.478387961497624, -31.702483829078066 ], [ -60.478354838731505, -31.70248301961966 ], [ -60.478300815456791, -31.702484861832065 ], [ -60.478279135555894, -31.702485432812956 ], [ -60.47826031962061, -31.702485367171697 ], [ -60.478215317620972, -31.702483584338442 ], [ -60.478190677856361, -31.70248229957156 ], [ -60.478162379767731, -31.702481114289714 ], [ -60.478132959378655, -31.702480663578694 ], [ -60.478103320648927, -31.702480818016138 ], [ -60.478052770681082, -31.702482751712839 ], [ -60.478032156257008, -31.702483407299852 ], [ -60.478012967984448, -31.702483415476618 ], [ -60.477966153688286, -31.70248225138679 ], [ -60.477940829815829, -31.702481358695803 ], [ -60.477915676628065, -31.7024807022846 ], [ -60.477864422931454, -31.702478767639551 ], [ -60.477835020012463, -31.702478056836036 ], [ -60.477805898953754, -31.702478283440897 ], [ -60.477778065235604, -31.702478974322471 ], [ -60.47772829081574, -31.702481446814087 ], [ -60.477703719998793, -31.702483077179856 ], [ -60.477677359672739, -31.702485113920329 ], [ -60.477649927283778, -31.702488222359744 ], [ -60.477612816214794, -31.702493229829621 ], [ -60.477525880967249, -31.702517820065005 ], [ -60.477436203875101, -31.702545922756702 ], [ -60.477411076343856, -31.702554196750306 ], [ -60.477386189164378, -31.70256284016795 ], [ -60.477362009993485, -31.702571699983448 ], [ -60.477337492244395, -31.702581289856095 ], [ -60.477314611756213, -31.702590965212426 ], [ -60.477257103158614, -31.702616259391252 ], [ -60.477243086940163, -31.702622022919858 ], [ -60.477231472915676, -31.702626016191665 ], [ -60.477220556479573, -31.702629109960192 ], [ -60.477206997521165, -31.702631963704331 ], [ -60.477166720002764, -31.702639106918973 ], [ -60.477146390450329, -31.702642408431064 ], [ -60.477127658050499, -31.702645128872355 ], [ -60.477110855915434, -31.702647048834425 ], [ -60.477094408622733, -31.702648216792518 ], [ -60.47707667946483, -31.702648805648863 ], [ -60.477056797615205, -31.702648763103927 ], [ -60.477035011215079, -31.702648390547083 ], [ -60.47701357248858, -31.702647777634116 ], [ -60.476986950622319, -31.702646747958173 ], [ -60.476984844445674, -31.702646780809779 ], [ -60.476966754266051, -31.702617255226304 ], [ -60.476938228703837, -31.702584469404702 ], [ -60.476902448567003, -31.702558028614355 ], [ -60.476864635014884, -31.702536112371536 ], [ -60.476818148138776, -31.702518533973873 ], [ -60.476774926498578, -31.702508140603641 ], [ -60.476738803982478, -31.702501731832527 ], [ -60.476706977801229, -31.702497284628716 ], [ -60.476621498225938, -31.702486086988905 ], [ -60.47659124378827, -31.702482427088412 ], [ -60.476560967261364, -31.702479151882994 ], [ -60.476534684150877, -31.702476622056786 ], [ -60.476509555491383, -31.702473587787384 ], [ -60.47648064926485, -31.702470524202141 ], [ -60.476455180526315, -31.702468389466116 ], [ -60.476435186487315, -31.702466480304729 ], [ -60.476417329117169, -31.702464212606241 ], [ -60.476374234956687, -31.702457537387467 ], [ -60.476347276471614, -31.702453752234934 ], [ -60.476316238987927, -31.70245057321198 ], [ -60.476283856803214, -31.702449069085372 ], [ -60.476254918395277, -31.702449224422612 ], [ -60.476225283911198, -31.702450042753085 ], [ -60.47619943933708, -31.70245245566786 ], [ -60.476183734646632, -31.702453731661336 ], [ -60.476177690287898, -31.702453973239987 ], [ -60.476172223490394, -31.702452900390345 ], [ -60.47615603051041, -31.702449104865664 ], [ -60.476138151842413, -31.702444437992767 ], [ -60.476116719008658, -31.702438614711976 ], [ -60.476093251491697, -31.702432797934421 ], [ -60.476069648177436, -31.7024272209588 ], [ -60.476044954123338, -31.702421928096193 ], [ -60.476020543903289, -31.702417166729361 ], [ -60.475995108805279, -31.70241251124369 ], [ -60.475966893035142, -31.702408102108464 ], [ -60.475936420096673, -31.702404520437785 ], [ -60.475902681449512, -31.702402139611344 ], [ -60.475869174797538, -31.702402147084442 ], [ -60.475837741141532, -31.702403457112588 ], [ -60.475716775452703, -31.702414489141503 ], [ -60.475691578039786, -31.702417024229632 ], [ -60.475621017130436, -31.702424812749726 ], [ -60.475596316783815, -31.7024277010219 ], [ -60.475569684241016, -31.702431516937537 ], [ -60.475543098027345, -31.702436394363364 ], [ -60.475519826981106, -31.70244150739185 ], [ -60.475485303113423, -31.702449567850287 ], [ -60.475436287180209, -31.702459776256209 ], [ -60.47538787407386, -31.702470233726707 ], [ -60.475383897322082, -31.702470960003698 ], [ -60.475377427643714, -31.702470814240691 ], [ -60.475321169154824, -31.702467402020797 ], [ -60.475300958344747, -31.702466011818004 ], [ -60.475280244410953, -31.702464460433671 ], [ -60.475259455436614, -31.702462732787755 ], [ -60.475235996833668, -31.702460579470753 ], [ -60.475209830145999, -31.702458579884397 ], [ -60.475163562791785, -31.702455900196139 ], [ -60.475143645191238, -31.702454544981471 ], [ -60.475103194476624, -31.702451286913313 ], [ -60.475087943090585, -31.702449783737471 ], [ -60.475076720011387, -31.702448145490941 ], [ -60.475066331562303, -31.702445975272518 ], [ -60.475052116768218, -31.702442188015894 ], [ -60.47503380894512, -31.702436828925361 ], [ -60.474965379663658, -31.702416055350671 ], [ -60.474932508267628, -31.70240797353928 ], [ -60.474792010302082, -31.702384600081594 ], [ -60.47483206495577, -31.702651109396303 ], [ -60.47491804594123, -31.70305664654288 ], [ -60.474950322938454, -31.703231724360389 ], [ -60.47512006005195, -31.704061523603588 ], [ -60.475141871656689, -31.704172700633013 ], [ -60.474435020238296, -31.704332622397114 ] ] ] } },
{ "type": "Feature", "properties": { "ogc_fid": 20, "sec": 15.0, "gru": 45.0, "etiq": "15-45" }, "geometry": { "type": "Polygon", "coordinates": [ [ [ -60.486239013997334, -31.732614969986933 ], [ -60.486004359715203, -31.73132052518336 ], [ -60.485942620190251, -31.731156270811727 ], [ -60.485884134377713, -31.730960049778965 ], [ -60.485775667808284, -31.730562264550866 ], [ -60.485620281081161, -31.730047050193281 ], [ -60.485485793275053, -31.729139588086401 ], [ -60.485201498074147, -31.72772282431216 ], [ -60.481985673732233, -31.728270690194574 ], [ -60.481440068302305, -31.728407686357954 ], [ -60.479752320022222, -31.728487611807481 ], [ -60.479526578930248, -31.728543270992947 ], [ -60.480382455791108, -31.732685179926051 ], [ -60.480541250298373, -31.733423941795206 ], [ -60.481900790914182, -31.73319917213384 ], [ -60.486239013997334, -31.732614969986933 ] ] ] } },
{ "type": "Feature", "properties": { "ogc_fid": 21, "sec": 15.0, "gru": 51.0, "etiq": "15-51" }, "geometry": { "type": "Polygon", "coordinates": [ [ [ -60.474435020238296, -31.704332622397114 ], [ -60.475141871656689, -31.704172700633013 ], [ -60.47512006005195, -31.704061523603588 ], [ -60.474950322938454, -31.703231724360389 ], [ -60.47491804594123, -31.70305664654288 ], [ -60.47483206495577, -31.702651109396303 ], [ -60.474792010302082, -31.702384600081594 ], [ -60.474711354566793, -31.702559397235458 ], [ -60.474131724592176, -31.702930672720115 ], [ -60.474435020238296, -31.704332622397114 ] ] ] } },
{ "type": "Feature", "properties": { "ogc_fid": 22, "sec": 15.0, "gru": 20.0, "etiq": "15-20" }, "geometry": { "type": "Polygon", "coordinates": [ [ [ -60.489834441128416, -31.72195989324717 ], [ -60.489404471273119, -31.72201803856704 ], [ -60.48420128303971, -31.722866491865048 ], [ -60.484287498498688, -31.723275527579823 ], [ -60.484793093510874, -31.725687491091357 ], [ -60.485201498074147, -31.72772282431216 ], [ -60.487655696265051, -31.727345732036298 ], [ -60.490858544019275, -31.726824258450765 ], [ -60.490448520084499, -31.724794482725887 ], [ -60.489834441128416, -31.72195989324717 ] ] ] } },
{ "type": "Feature", "properties": { "ogc_fid": 23, "sec": 15.0, "gru": 21.0, "etiq": "15-21" }, "geometry": { "type": "Polygon", "coordinates": [ [ [ -60.489834441128416, -31.72195989324717 ], [ -60.48924914676622, -31.719258003668152 ], [ -60.488802476957417, -31.717185508134456 ], [ -60.488370686515701, -31.717213494729624 ], [ -60.483155215388102, -31.718026470862196 ], [ -60.483433923896662, -31.719225709513331 ], [ -60.48420128303971, -31.722866491865048 ], [ -60.489404471273119, -31.72201803856704 ], [ -60.489834441128416, -31.72195989324717 ] ] ] } },
{ "type": "Feature", "properties": { "ogc_fid": 24, "sec": 15.0, "gru": 22.0, "etiq": "15-22" }, "geometry": { "type": "Polygon", "coordinates": [ [ [ -60.482078409427601, -31.713194486156155 ], [ -60.482611186019078, -31.715685504410907 ], [ -60.483155215388102, -31.718026470862196 ], [ -60.488370686515701, -31.717213494729624 ], [ -60.488802476957417, -31.717185508134456 ], [ -60.488168897154758, -31.714245604891939 ], [ -60.487777229216753, -31.712378518753251 ], [ -60.484278597480682, -31.712869157970648 ], [ -60.482078409427601, -31.713194486156155 ] ] ] } },
{ "type": "Feature", "properties": { "ogc_fid": 25, "sec": 15.0, "gru": 23.0, "etiq": "15-23" }, "geometry": { "type": "Polygon", "coordinates": [ [ [ -60.487777229216753, -31.712378518753251 ], [ -60.48675474035543, -31.707504082959645 ], [ -60.482480382976725, -31.708109452575627 ], [ -60.481103646842321, -31.708309406484059 ], [ -60.481172875706569, -31.70869448309702 ], [ -60.481892168513895, -31.712323676108305 ], [ -60.482078409427601, -31.713194486156155 ], [ -60.484278597480682, -31.712869157970648 ], [ -60.487777229216753, -31.712378518753251 ] ] ] } },
{ "type": "Feature", "properties": { "ogc_fid": 26, "sec": 15.0, "gru": 24.0, "etiq": "15-24" }, "geometry": { "type": "Polygon", "coordinates": [ [ [ -60.48675474035543, -31.707504082959645 ], [ -60.486144526894513, -31.704594976015692 ], [ -60.486104778372621, -31.704317240852049 ], [ -60.485973233585895, -31.703425763211314 ], [ -60.484820609197556, -31.702993998717155 ], [ -60.48381176976563, -31.702774609167886 ], [ -60.482804964165659, -31.702399626124663 ], [ -60.482682371429448, -31.702487242328313 ], [ -60.482486908824228, -31.702514169786518 ], [ -60.482426414263699, -31.702508752286548 ], [ -60.482404977955511, -31.702499757336831 ], [ -60.48231453806028, -31.702412860185177 ], [ -60.482253850531585, -31.702291310659266 ], [ -60.482062505998947, -31.702198779074912 ], [ -60.481090649689975, -31.702291818810529 ], [ -60.480055314205742, -31.702462608963824 ], [ -60.480018108889723, -31.70247901602588 ], [ -60.479991415899015, -31.70235230189876 ], [ -60.479837483283603, -31.702384779794109 ], [ -60.479910918032751, -31.702733383240062 ], [ -60.479918942780017, -31.70314336565708 ], [ -60.480533992580661, -31.706290524178208 ], [ -60.480664577249414, -31.706270395566268 ], [ -60.481103646842321, -31.708309406484059 ], [ -60.482480382976725, -31.708109452575627 ], [ -60.48675474035543, -31.707504082959645 ] ] ] } },
{ "type": "Feature", "properties": { "ogc_fid": 27, "sec": 15.0, "gru": 19.0, "etiq": "15-19" }, "geometry": { "type": "Polygon", "coordinates": [ [ [ -60.488603108046334, -31.732292364709028 ], [ -60.489892322728032, -31.731158210496378 ], [ -60.490622846262035, -31.730671130642854 ], [ -60.491532630504842, -31.730200760953377 ], [ -60.491466282522538, -31.729839828319072 ], [ -60.491193355783743, -31.728481635687533 ], [ -60.490858544019275, -31.726824258450765 ], [ -60.487655696265051, -31.727345732036298 ], [ -60.485201498074147, -31.72772282431216 ], [ -60.485485793275053, -31.729139588086401 ], [ -60.485620281081161, -31.730047050193281 ], [ -60.485775667808284, -31.730562264550866 ], [ -60.485884134377713, -31.730960049778965 ], [ -60.485942620190251, -31.731156270811727 ], [ -60.486004359715203, -31.73132052518336 ], [ -60.486239013997334, -31.732614969986933 ], [ -60.488603108046334, -31.732292364709028 ] ] ] } },
{ "type": "Feature", "properties": { "ogc_fid": 28, "sec": 15.0, "gru": 80.0, "etiq": "15-80" }, "geometry": { "type": "Polygon", "coordinates": [ [ [ -60.49705303108874, -31.727608827044186 ], [ -60.496698384387145, -31.725939301582812 ], [ -60.494967964580709, -31.72617306814487 ], [ -60.49240664293751, -31.726572172901193 ], [ -60.490858544019275, -31.726824258450765 ], [ -60.491193355783743, -31.728481635687533 ], [ -60.491466282522538, -31.729839828319072 ], [ -60.491532630504842, -31.730200760953377 ], [ -60.494472177556055, -31.728823857024327 ], [ -60.494937555312937, -31.728604993663257 ], [ -60.495746421379998, -31.728234543226705 ], [ -60.49705303108874, -31.727608827044186 ] ] ] } },
{ "type": "Feature", "properties": { "ogc_fid": 29, "sec": 15.0, "gru": 81.0, "etiq": "15-81" }, "geometry": { "type": "Polygon", "coordinates": [ [ [ -60.490858544019275, -31.726824258450765 ], [ -60.49240664293751, -31.726572172901193 ], [ -60.494967964580709, -31.72617306814487 ], [ -60.496698384387145, -31.725939301582812 ], [ -60.495697022005302, -31.721222148666286 ], [ -60.495660731774954, -31.721060089702771 ], [ -60.49539988451329, -31.721100767212793 ], [ -60.490641745229389, -31.721850716473881 ], [ -60.489834441128416, -31.72195989324717 ], [ -60.490448520084499, -31.724794482725887 ], [ -60.490858544019275, -31.726824258450765 ] ] ] } },
{ "type": "Feature", "properties": { "ogc_fid": 30, "sec": 15.0, "gru": 82.0, "etiq": "15-82" }, "geometry": { "type": "Polygon", "coordinates": [ [ [ -60.494587591977535, -31.716279316632953 ], [ -60.488984960001289, -31.717173680010362 ], [ -60.488802476957417, -31.717185508134456 ], [ -60.48924914676622, -31.719258003668152 ], [ -60.489834441128416, -31.72195989324717 ], [ -60.490641745229389, -31.721850716473881 ], [ -60.49539988451329, -31.721100767212793 ], [ -60.495660731774954, -31.721060089702771 ], [ -60.494606696457481, -31.716352891186506 ], [ -60.494587591977535, -31.716279316632953 ] ] ] } },
{ "type": "Feature", "properties": { "ogc_fid": 31, "sec": 15.0, "gru": 83.0, "etiq": "15-83" }, "geometry": { "type": "Polygon", "coordinates": [ [ [ -60.494458583964288, -31.715782481931257 ], [ -60.49417288527107, -31.714682181250073 ], [ -60.49347566425903, -31.711492276643948 ], [ -60.493344117277324, -31.711577611903959 ], [ -60.49130556661131, -31.711883611380721 ], [ -60.487777229216753, -31.712378518753251 ], [ -60.488168897154758, -31.714245604891939 ], [ -60.488802476957417, -31.717185508134456 ], [ -60.488984960001289, -31.717173680010362 ], [ -60.494587591977535, -31.716279316632953 ], [ -60.494458583964288, -31.715782481931257 ] ] ] } },
{ "type": "Feature", "properties": { "ogc_fid": 32, "sec": 15.0, "gru": 84.0, "etiq": "15-84" }, "geometry": { "type": "Polygon", "coordinates": [ [ [ -60.492460003760137, -31.706735992604759 ], [ -60.48675474035543, -31.707504082959645 ], [ -60.487777229216753, -31.712378518753251 ], [ -60.49130556661131, -31.711883611380721 ], [ -60.493344117277324, -31.711577611903959 ], [ -60.49347566425903, -31.711492276643948 ], [ -60.493300201859661, -31.710693058782716 ], [ -60.49247637011603, -31.707046062919233 ], [ -60.492460003760137, -31.706735992604759 ] ] ] } },
{ "type": "Feature", "properties": { "ogc_fid": 33, "sec": 15.0, "gru": 85.0, "etiq": "15-85" }, "geometry": { "type": "Polygon", "coordinates": [ [ [ -60.492460003760137, -31.706735992604759 ], [ -60.492449181351063, -31.706530954356715 ], [ -60.49228064512171, -31.705906975686545 ], [ -60.492018435221667, -31.705424403612838 ], [ -60.491780089024097, -31.705166765227723 ], [ -60.491850724450352, -31.704501321442851 ], [ -60.491754218462766, -31.704459267875581 ], [ -60.490945815558966, -31.704061947707654 ], [ -60.490371156860576, -31.703790513995735 ], [ -60.490069380184849, -31.703675612142526 ], [ -60.489785959993412, -31.703636710389343 ], [ -60.489763163818012, -31.703655536625305 ], [ -60.489597444988839, -31.703559399351384 ], [ -60.489390028377912, -31.703506536380015 ], [ -60.488564996383658, -31.703075230613926 ], [ -60.488292851037954, -31.703065407984202 ], [ -60.488118010342099, -31.703117264860186 ], [ -60.487796539315845, -31.703209226295275 ], [ -60.487461159757864, -31.703169141190795 ], [ -60.487090777223749, -31.703134670555688 ], [ -60.486937232833512, -31.703101055278616 ], [ -60.486748542478594, -31.70302142466667 ], [ -60.486134644524775, -31.702945382834457 ], [ -60.485901097512567, -31.702933367920124 ], [ -60.485973233585895, -31.703425763211314 ], [ -60.486104778372621, -31.704317240852049 ], [ -60.486144526894513, -31.704594976015692 ], [ -60.48675474035543, -31.707504082959645 ], [ -60.492460003760137, -31.706735992604759 ] ] ] } },
{ "type": "Feature", "properties": { "ogc_fid": 34, "sec": 15.0, "gru": 69.0, "etiq": "15-69" }, "geometry": { "type": "Polygon", "coordinates": [ [ [ -60.502340055249043, -31.725322599161949 ], [ -60.502281428442167, -31.725052876931468 ], [ -60.496698384387145, -31.725939301582812 ], [ -60.49705303108874, -31.727608827044186 ], [ -60.497356482253863, -31.727465860164308 ], [ -60.498504331371116, -31.726922827044699 ], [ -60.499769159481112, -31.726319531034783 ], [ -60.500175321414751, -31.726147473533722 ], [ -60.5003570896139, -31.726070472631449 ], [ -60.501060786894094, -31.725789442811575 ], [ -60.501840261481455, -31.725486423611322 ], [ -60.502258858524236, -31.725346488175003 ], [ -60.502340055249043, -31.725322599161949 ] ] ] } },
{ "type": "Feature", "properties": { "ogc_fid": 35, "sec": 15.0, "gru": 71.0, "etiq": "15-71" }, "geometry": { "type": "Polygon", "coordinates": [ [ [ -60.494458583964288, -31.715782481931257 ], [ -60.494587591977535, -31.716279316632953 ], [ -60.494606696457481, -31.716352891186506 ], [ -60.495660731774954, -31.721060089702771 ], [ -60.501106819383772, -31.720193278094239 ], [ -60.501208849569828, -31.720118010257551 ], [ -60.500955910649331, -31.718914090378526 ], [ -60.500761906434342, -31.71812997014111 ], [ -60.500157869652973, -31.715170032013532 ], [ -60.497214856145327, -31.715476827544627 ], [ -60.494458583964288, -31.715782481931257 ] ] ] } },
{ "type": "Feature", "properties": { "ogc_fid": 49, "sec": 5.0, "gru": 21.0, "etiq": "5-21" }, "geometry": { "type": "Polygon", "coordinates": [ [ [ -60.544671960283139, -31.729667412028942 ], [ -60.544656434703306, -31.729725141361207 ], [ -60.544614691887062, -31.729787176528362 ], [ -60.544455728665952, -31.729970266608909 ], [ -60.544236990795831, -31.730240816125548 ], [ -60.543963661725634, -31.730507936458615 ], [ -60.543689293907129, -31.730705313682758 ], [ -60.543568552968388, -31.730839514344069 ], [ -60.543257949198129, -31.731224132617982 ], [ -60.543085596342983, -31.731452332861551 ], [ -60.542953624551728, -31.731625439727694 ], [ -60.542779198860373, -31.731831415961558 ], [ -60.542836409318056, -31.731859691594195 ], [ -60.542678699197573, -31.732080384874742 ], [ -60.542456071940094, -31.73240493630832 ], [ -60.542368563376741, -31.732564993376197 ], [ -60.542343055499678, -31.732651328785558 ], [ -60.542307062590517, -31.732659256877103 ], [ -60.542030116205353, -31.733072531217537 ], [ -60.541960626080218, -31.733185325263417 ], [ -60.541882993402361, -31.733302131343741 ], [ -60.541408210476149, -31.733968387078811 ], [ -60.541206862831281, -31.734214609581823 ], [ -60.541139689526204, -31.734529374330098 ], [ -60.541311720643826, -31.734812465020457 ], [ -60.542063875605713, -31.734564914430646 ], [ -60.542748203903074, -31.734329647803659 ], [ -60.543128036795039, -31.73412226806758 ], [ -60.543765518635496, -31.733682178510829 ], [ -60.543875008602313, -31.733612196905455 ], [ -60.544949393009134, -31.732495767803815 ], [ -60.545385632717824, -31.731989079922297 ], [ -60.545627794806883, -31.731701774507112 ], [ -60.545792225098978, -31.731522385043228 ], [ -60.545919664680973, -31.731366397043125 ], [ -60.546033630330307, -31.731232257948967 ], [ -60.546495284988978, -31.730646827674857 ], [ -60.546617714179327, -31.730465504090059 ], [ -60.545651600749366, -31.730172947784251 ], [ -60.545000941022593, -31.729825806989091 ], [ -60.544768851262319, -31.729761851715836 ], [ -60.544671960283139, -31.729667412028942 ] ] ] } },
{ "type": "Feature", "properties": { "ogc_fid": 50, "sec": 5.0, "gru": 17.0, "etiq": "5-17" }, "geometry": { "type": "Polygon", "coordinates": [ [ [ -60.546617714179327, -31.730465504090059 ], [ -60.547403548290106, -31.729429800604816 ], [ -60.547584936009862, -31.729194623465037 ], [ -60.547929228490098, -31.728813532891891 ], [ -60.548113489288355, -31.728608334737316 ], [ -60.54825885176718, -31.728428332931188 ], [ -60.548452651156012, -31.728185549304072 ], [ -60.548952131206853, -31.727636926127833 ], [ -60.549209202165343, -31.727364667993449 ], [ -60.549538815060053, -31.726979464753462 ], [ -60.549870273546375, -31.726698992556752 ], [ -60.549978422797359, -31.726419392117716 ], [ -60.550097612714247, -31.726082974158711 ], [ -60.550337759609619, -31.725359141515039 ], [ -60.55040155048782, -31.725016714079466 ], [ -60.550009729349263, -31.724789436849903 ], [ -60.549889219973466, -31.724598529053861 ], [ -60.549838649844958, -31.724417263690675 ], [ -60.549771902013688, -31.723996115326905 ], [ -60.549545487081133, -31.723534959505763 ], [ -60.54955290231868, -31.722401686260149 ], [ -60.549687341815684, -31.721871887174519 ], [ -60.549717865813328, -31.721807169836303 ], [ -60.549943855092003, -31.721229354510108 ], [ -60.550231839801327, -31.720637598943227 ], [ -60.549851368745543, -31.720819170743955 ], [ -60.548697963729339, -31.72123044611001 ], [ -60.548393305464323, -31.721325848896758 ], [ -60.547710481239861, -31.721541728328237 ], [ -60.546754915475731, -31.721850208491961 ], [ -60.546463551040596, -31.721938779427731 ], [ -60.546151846062919, -31.722043029994385 ], [ -60.545569962352921, -31.722427337850881 ], [ -60.545069276539195, -31.723103482327165 ], [ -60.545103327577579, -31.723123476992093 ], [ -60.545201150835673, -31.72325336116625 ], [ -60.545351167012136, -31.723356902090572 ], [ -60.545420006643788, -31.723455261788239 ], [ -60.545615226604703, -31.723550204038776 ], [ -60.546657026054184, -31.723971586347172 ], [ -60.547145144110026, -31.724849011824411 ], [ -60.546905203623702, -31.725240177018783 ], [ -60.54690511432041, -31.725256714820887 ], [ -60.546897964037413, -31.725325684701101 ], [ -60.546880547010154, -31.725412737418992 ], [ -60.546875602104478, -31.725416593688344 ], [ -60.546869767962278, -31.725427365463585 ], [ -60.546865869013139, -31.725457757456464 ], [ -60.546830011200932, -31.725598170493864 ], [ -60.546709939788059, -31.725713462769718 ], [ -60.546108864880303, -31.726062188964711 ], [ -60.546072509953817, -31.726072628096357 ], [ -60.545883833220323, -31.726142449826948 ], [ -60.544844564956556, -31.726457395532613 ], [ -60.544632352811369, -31.726511060615003 ], [ -60.544440579830372, -31.726251993240361 ], [ -60.544388460406154, -31.726311312111704 ], [ -60.544365163666107, -31.726334650350005 ], [ -60.544312317398266, -31.72640368147994 ], [ -60.544283573005451, -31.726425247735044 ], [ -60.54425334150109, -31.726448603077642 ], [ -60.544238218692293, -31.726466993907046 ], [ -60.544218146249094, -31.726488679146708 ], [ -60.544185395050661, -31.726532811306708 ], [ -60.544123734223142, -31.726574178495834 ], [ -60.543940033506644, -31.726614707141323 ], [ -60.544101202083034, -31.726940022146341 ], [ -60.544259335821152, -31.727331481609259 ], [ -60.544324356998075, -31.727392428527597 ], [ -60.544397310475631, -31.72745338762363 ], [ -60.544484509789669, -31.727538461778813 ], [ -60.54448337863024, -31.727559481877822 ], [ -60.544484109367474, -31.727560281781304 ], [ -60.544519512923976, -31.727644634648716 ], [ -60.544532426246569, -31.727717742238596 ], [ -60.544522717113814, -31.727749498020778 ], [ -60.544523910535716, -31.72775626232907 ], [ -60.544511431373621, -31.727810565056267 ], [ -60.544491882765911, -31.727845642608735 ], [ -60.544488626587082, -31.727849959214993 ], [ -60.544503344571403, -31.727879655602134 ], [ -60.544562798925995, -31.728002265151346 ], [ -60.544533612846003, -31.728039050859511 ], [ -60.544553950423087, -31.728099252840028 ], [ -60.544580408824281, -31.728124894145367 ], [ -60.544618250921644, -31.728165387347588 ], [ -60.544644994619759, -31.728243987282234 ], [ -60.544663437590891, -31.728314180216969 ], [ -60.544664757200614, -31.728386847966636 ], [ -60.544656300703991, -31.728455460448618 ], [ -60.544666852218768, -31.728470438471916 ], [ -60.544687974698824, -31.728529556091345 ], [ -60.544699506959788, -31.72858854164128 ], [ -60.544697164585408, -31.728632424706433 ], [ -60.544675195632522, -31.728688879729749 ], [ -60.54472030816995, -31.728738238630882 ], [ -60.544716165524079, -31.728958785711811 ], [ -60.544732936921584, -31.72907555115723 ], [ -60.544772383507329, -31.729209397479689 ], [ -60.544746635976225, -31.729389741660036 ], [ -60.544671960283139, -31.729667412028942 ], [ -60.544768851262319, -31.729761851715836 ], [ -60.545000941022593, -31.729825806989091 ], [ -60.545651600749366, -31.730172947784251 ], [ -60.546617714179327, -31.730465504090059 ] ] ] } },
{ "type": "Feature", "properties": { "ogc_fid": 51, "sec": 5.0, "gru": 20.0, "etiq": "5-20" }, "geometry": { "type": "Polygon", "coordinates": [ [ [ -60.55046378942334, -31.732380939750371 ], [ -60.552013661971067, -31.731893914976624 ], [ -60.552330565577073, -31.731794578248497 ], [ -60.552071514653385, -31.731299163007524 ], [ -60.551896283748796, -31.731191720021947 ], [ -60.551733950281786, -31.730884648752561 ], [ -60.551186906078271, -31.729927992213856 ], [ -60.550705377203556, -31.729069803071528 ], [ -60.550672696004305, -31.728781405971819 ], [ -60.550146027240487, -31.727872779056852 ], [ -60.550029596427066, -31.72769336134543 ], [ -60.5492232266839, -31.728023781768439 ], [ -60.548962533860291, -31.728144915700483 ], [ -60.54848543767234, -31.728836524553085 ], [ -60.548113489288355, -31.728608334737316 ], [ -60.547929228490098, -31.728813532891891 ], [ -60.547584936009862, -31.729194623465037 ], [ -60.547403548290106, -31.729429800604816 ], [ -60.546617714179327, -31.730465504090059 ], [ -60.546495284988978, -31.730646827674857 ], [ -60.546033630330307, -31.731232257948967 ], [ -60.545919664680973, -31.731366397043125 ], [ -60.545792225098978, -31.731522385043228 ], [ -60.545627794806883, -31.731701774507112 ], [ -60.545385632717824, -31.731989079922297 ], [ -60.545532000083071, -31.732738307162638 ], [ -60.545841142980706, -31.733025272185426 ], [ -60.546029238123303, -31.732862375972228 ], [ -60.54635422202751, -31.732593691623869 ], [ -60.547202455568673, -31.732433686341647 ], [ -60.547525905263264, -31.732375527379777 ], [ -60.547844301788828, -31.732158337664174 ], [ -60.548295140127465, -31.73216363042447 ], [ -60.548340109354974, -31.73227951995305 ], [ -60.548439390840834, -31.732621189693575 ], [ -60.549099974045404, -31.732520062645758 ], [ -60.549669477255705, -31.732513551249266 ], [ -60.550402597662192, -31.732247623902978 ], [ -60.55046378942334, -31.732380939750371 ] ] ] } },
{ "type": "Feature", "properties": { "ogc_fid": 52, "sec": 5.0, "gru": 16.0, "etiq": "5-16" }, "geometry": { "type": "Polygon", "coordinates": [ [ [ -60.549717865813328, -31.721807169836303 ], [ -60.549687341815684, -31.721871887174519 ], [ -60.54955290231868, -31.722401686260149 ], [ -60.549545487081133, -31.723534959505763 ], [ -60.549771902013688, -31.723996115326905 ], [ -60.549838649844958, -31.724417263690675 ], [ -60.549889219973466, -31.724598529053861 ], [ -60.550009729349263, -31.724789436849903 ], [ -60.55040155048782, -31.725016714079466 ], [ -60.550337759609619, -31.725359141515039 ], [ -60.550097612714247, -31.726082974158711 ], [ -60.549978422797359, -31.726419392117716 ], [ -60.549870273546375, -31.726698992556752 ], [ -60.549538815060053, -31.726979464753462 ], [ -60.549209202165343, -31.727364667993449 ], [ -60.548952131206853, -31.727636926127833 ], [ -60.548452651156012, -31.728185549304072 ], [ -60.54825885176718, -31.728428332931188 ], [ -60.548113489288355, -31.728608334737316 ], [ -60.54848543767234, -31.728836524553085 ], [ -60.548962533860291, -31.728144915700483 ], [ -60.549089701497948, -31.728009031183539 ], [ -60.549404709191606, -31.727648173173968 ], [ -60.549595444989166, -31.727441992836148 ], [ -60.549786647729626, -31.727272709126467 ], [ -60.549884390767296, -31.72723120394857 ], [ -60.549993527174095, -31.727123030205718 ], [ -60.550541295981482, -31.726682819818407 ], [ -60.5515337637488, -31.726261079495011 ], [ -60.552573718319024, -31.728096225539304 ], [ -60.552597794048978, -31.728139795392664 ], [ -60.553321250407045, -31.727811843376841 ], [ -60.553576418443591, -31.727708884896664 ], [ -60.553407312954953, -31.727398995773214 ], [ -60.552875550803222, -31.726619082316784 ], [ -60.552706449745635, -31.726309192211836 ], [ -60.55219238634956, -31.725188634540878 ], [ -60.551905439844262, -31.724704888895111 ], [ -60.551687993145045, -31.72436883013911 ], [ -60.551681166792882, -31.723523967929534 ], [ -60.551529613792681, -31.722337681853631 ], [ -60.550866517416019, -31.722478431933606 ], [ -60.550687125314205, -31.72196968508182 ], [ -60.55005666884152, -31.721863480860325 ], [ -60.549717865813328, -31.721807169836303 ] ] ] } },
{ "type": "Feature", "properties": { "ogc_fid": 53, "sec": 5.0, "gru": 19.0, "etiq": "5-19" }, "geometry": { "type": "Polygon", "coordinates": [ [ [ -60.553576418443591, -31.727708884896664 ], [ -60.553321250407045, -31.727811843376841 ], [ -60.552597794048978, -31.728139795392664 ], [ -60.552573718319024, -31.728096225539304 ], [ -60.5515337637488, -31.726261079495011 ], [ -60.550541295981482, -31.726682819818407 ], [ -60.549993527174095, -31.727123030205718 ], [ -60.549884390767296, -31.72723120394857 ], [ -60.549786647729626, -31.727272709126467 ], [ -60.549595444989166, -31.727441992836148 ], [ -60.549404709191606, -31.727648173173968 ], [ -60.549089701497948, -31.728009031183539 ], [ -60.548962533860291, -31.728144915700483 ], [ -60.5492232266839, -31.728023781768439 ], [ -60.550029596427066, -31.72769336134543 ], [ -60.550146027240487, -31.727872779056852 ], [ -60.550672696004305, -31.728781405971819 ], [ -60.550705377203556, -31.729069803071528 ], [ -60.551186906078271, -31.729927992213856 ], [ -60.551733950281786, -31.730884648752561 ], [ -60.551896283748796, -31.731191720021947 ], [ -60.552071514653385, -31.731299163007524 ], [ -60.552330565577073, -31.731794578248497 ], [ -60.554309071058022, -31.731174601989256 ], [ -60.554438604480744, -31.731401876994312 ], [ -60.554867709364522, -31.732196692821159 ], [ -60.555812547192488, -31.731968994454459 ], [ -60.55691834710575, -31.731664548025982 ], [ -60.557585701904351, -31.731535585348176 ], [ -60.559357991014878, -31.731247498905706 ], [ -60.560337929802635, -31.731085104396296 ], [ -60.560830464583134, -31.731014574740474 ], [ -60.561332967334856, -31.730946845610916 ], [ -60.561541064125706, -31.73144195376717 ], [ -60.561979182752395, -31.730657944863875 ], [ -60.562054618703954, -31.728999747175884 ], [ -60.562623446414847, -31.728194371997734 ], [ -60.561636332153867, -31.727437270266243 ], [ -60.563001992733312, -31.726201176470923 ], [ -60.56260914655099, -31.725827545077124 ], [ -60.560313345354196, -31.725943535329534 ], [ -60.559989060595335, -31.725915449221183 ], [ -60.559510648676707, -31.725865534869527 ], [ -60.558586854282794, -31.725801566405078 ], [ -60.558137454733064, -31.725899562894519 ], [ -60.557236767916834, -31.726236738488101 ], [ -60.555572255748984, -31.726940206544601 ], [ -60.554939880895915, -31.727200469707402 ], [ -60.554006862004755, -31.727534756798374 ], [ -60.553576418443591, -31.727708884896664 ] ] ] } },
{ "type": "Feature", "properties": { "ogc_fid": 54, "sec": 5.0, "gru": 23.0, "etiq": "5-23" }, "geometry": { "type": "Polygon", "coordinates": [ [ [ -60.558964163853382, -31.736052996044855 ], [ -60.561541064125706, -31.73144195376717 ], [ -60.561332967334856, -31.730946845610916 ], [ -60.560830464583134, -31.731014574740474 ], [ -60.560337929802635, -31.731085104396296 ], [ -60.559357991014878, -31.731247498905706 ], [ -60.557585701904351, -31.731535585348176 ], [ -60.55691834710575, -31.731664548025982 ], [ -60.555812547192488, -31.731968994454459 ], [ -60.554867709364522, -31.732196692821159 ], [ -60.554438604480744, -31.731401876994312 ], [ -60.554309071058022, -31.731174601989256 ], [ -60.552330565577073, -31.731794578248497 ], [ -60.552013661971067, -31.731893914976624 ], [ -60.55046378942334, -31.732380939750371 ], [ -60.550673090857281, -31.732836932559671 ], [ -60.550968345336493, -31.733410519594454 ], [ -60.551110508986163, -31.73365301651198 ], [ -60.551435074867435, -31.734351129539739 ], [ -60.551959855974943, -31.735484089519044 ], [ -60.552483674278946, -31.73660694705578 ], [ -60.552327453477112, -31.737306220150629 ], [ -60.552319955682364, -31.737417726471346 ], [ -60.552687523218459, -31.737369770376922 ], [ -60.552813037090026, -31.737393232458004 ], [ -60.553490493784352, -31.73729426623299 ], [ -60.553684217982038, -31.73722355441291 ], [ -60.554421523051033, -31.737106037372126 ], [ -60.554484016385878, -31.737052831375024 ], [ -60.554754966457942, -31.73700800409696 ], [ -60.554934158262654, -31.737022500885644 ], [ -60.55607390492024, -31.736848575094267 ], [ -60.556400514898328, -31.73673537428779 ], [ -60.557825958881068, -31.736339131971341 ], [ -60.558415733097569, -31.736207689258812 ], [ -60.558964163853382, -31.736052996044855 ] ] ] } },
{ "type": "Feature", "properties": { "ogc_fid": 55, "sec": 5.0, "gru": 26.0, "etiq": "5-26" }, "geometry": { "type": "Polygon", "coordinates": [ [ [ -60.550824623422841, -31.737605605343237 ], [ -60.550865154054982, -31.737678072356392 ], [ -60.551359337251597, -31.738667264779519 ], [ -60.55164494231807, -31.739364624717595 ], [ -60.551774580073996, -31.739678704419749 ], [ -60.552073765797978, -31.740363898964738 ], [ -60.552138803817684, -31.740516924095459 ], [ -60.552172215369467, -31.740634661663677 ], [ -60.552295183633014, -31.740926693733893 ], [ -60.552372841640548, -31.741142230296639 ], [ -60.55251532013267, -31.741502348014635 ], [ -60.552635630243003, -31.74171859465762 ], [ -60.552727941248904, -31.741896393396143 ], [ -60.552827018683999, -31.741863327473489 ], [ -60.553099678992091, -31.741804715314558 ], [ -60.553188602439988, -31.741787483002987 ], [ -60.553222482793991, -31.741781212447005 ], [ -60.55329436524201, -31.741767913905505 ], [ -60.553440221944477, -31.741741713444085 ], [ -60.553565777184133, -31.741712426532768 ], [ -60.553643953226626, -31.741689189275352 ], [ -60.553621208445136, -31.741616892890189 ], [ -60.554197900820355, -31.741523183365498 ], [ -60.554797586190091, -31.741429481934659 ], [ -60.555960801568965, -31.74125002265103 ], [ -60.556520306132349, -31.740926488227949 ], [ -60.55658043243217, -31.740890944720682 ], [ -60.556691385221306, -31.740857893088855 ], [ -60.556710763748633, -31.740912086783428 ], [ -60.556758755597279, -31.740971583306173 ], [ -60.556828928346398, -31.741022841143643 ], [ -60.556943495329861, -31.741063049265847 ], [ -60.557178590969656, -31.741078305121963 ], [ -60.558106578176272, -31.741087461011016 ], [ -60.558059976015961, -31.739649946180933 ], [ -60.557345821247978, -31.739735304160853 ], [ -60.558964163853382, -31.736052996044855 ], [ -60.558415733097569, -31.736207689258812 ], [ -60.557825958881068, -31.736339131971341 ], [ -60.556400514898328, -31.73673537428779 ], [ -60.55607390492024, -31.736848575094267 ], [ -60.554934158262654, -31.737022500885644 ], [ -60.554754966457942, -31.73700800409696 ], [ -60.554484016385878, -31.737052831375024 ], [ -60.554421523051033, -31.737106037372126 ], [ -60.553684217982038, -31.73722355441291 ], [ -60.553490493784352, -31.73729426623299 ], [ -60.552813037090026, -31.737393232458004 ], [ -60.552687523218459, -31.737369770376922 ], [ -60.552319955682364, -31.737417726471346 ], [ -60.551699169293791, -31.737498717209778 ], [ -60.551621616551884, -31.737444952570751 ], [ -60.550891301836607, -31.737560585372538 ], [ -60.550824623422841, -31.737605605343237 ] ] ] } },
{ "type": "Feature", "properties": { "ogc_fid": 56, "sec": 5.0, "gru": 27.0, "etiq": "5-27" }, "geometry": { "type": "Polygon", "coordinates": [ [ [ -60.552727941248904, -31.741896393396143 ], [ -60.552635630243003, -31.74171859465762 ], [ -60.55251532013267, -31.741502348014635 ], [ -60.552372841640548, -31.741142230296639 ], [ -60.552295183633014, -31.740926693733893 ], [ -60.552172215369467, -31.740634661663677 ], [ -60.552138803817684, -31.740516924095459 ], [ -60.552073765797978, -31.740363898964738 ], [ -60.551774580073996, -31.739678704419749 ], [ -60.55164494231807, -31.739364624717595 ], [ -60.551359337251597, -31.738667264779519 ], [ -60.550865154054982, -31.737678072356392 ], [ -60.550824623422841, -31.737605605343237 ], [ -60.550741347845666, -31.737661831286729 ], [ -60.548838152723391, -31.73793830232443 ], [ -60.548504621271768, -31.737990037102296 ], [ -60.547452152262998, -31.73822929068362 ], [ -60.54718440402727, -31.738336627155164 ], [ -60.546740661890766, -31.738540344951055 ], [ -60.547180418960444, -31.740604673554696 ], [ -60.547228947074878, -31.740878199656855 ], [ -60.547437799106213, -31.741818682018121 ], [ -60.547700693513498, -31.743078298642544 ], [ -60.548266569211471, -31.743006095547802 ], [ -60.54911001281036, -31.742873037202976 ], [ -60.550978265590871, -31.742600908651603 ], [ -60.551964039884048, -31.742460217799938 ], [ -60.552944971195387, -31.742314408265834 ], [ -60.552727941248904, -31.741896393396143 ] ] ] } },
{ "type": "Feature", "properties": { "ogc_fid": 57, "sec": 5.0, "gru": 24.0, "etiq": "5-24" }, "geometry": { "type": "Polygon", "coordinates": [ [ [ -60.546499725936506, -31.73741096569303 ], [ -60.546609187355358, -31.737923152047546 ], [ -60.546740661890766, -31.738540344951055 ], [ -60.54718440402727, -31.738336627155164 ], [ -60.547452152262998, -31.73822929068362 ], [ -60.548504621271768, -31.737990037102296 ], [ -60.548838152723391, -31.73793830232443 ], [ -60.550741347845666, -31.737661831286729 ], [ -60.550824623422841, -31.737605605343237 ], [ -60.550891301836607, -31.737560585372538 ], [ -60.551621616551884, -31.737444952570751 ], [ -60.551699169293791, -31.737498717209778 ], [ -60.552319955682364, -31.737417726471346 ], [ -60.552327453477112, -31.737306220150629 ], [ -60.552483674278946, -31.73660694705578 ], [ -60.551959855974943, -31.735484089519044 ], [ -60.551435074867435, -31.734351129539739 ], [ -60.551110508986163, -31.73365301651198 ], [ -60.550968345336493, -31.733410519594454 ], [ -60.550673090857281, -31.732836932559671 ], [ -60.55046378942334, -31.732380939750371 ], [ -60.550402597662192, -31.732247623902978 ], [ -60.549669477255705, -31.732513551249266 ], [ -60.549099974045404, -31.732520062645758 ], [ -60.548439390840834, -31.732621189693575 ], [ -60.548340109354974, -31.73227951995305 ], [ -60.548295140127465, -31.73216363042447 ], [ -60.547844301788828, -31.732158337664174 ], [ -60.547525905263264, -31.732375527379777 ], [ -60.547202455568673, -31.732433686341647 ], [ -60.54635422202751, -31.732593691623869 ], [ -60.546029238123303, -31.732862375972228 ], [ -60.545841142980706, -31.733025272185426 ], [ -60.545532000083071, -31.732738307162638 ], [ -60.545860550326928, -31.734420047943772 ], [ -60.546499725936506, -31.73741096569303 ] ] ] } },
{ "type": "Feature", "properties": { "ogc_fid": 58, "sec": 5.0, "gru": 22.0, "etiq": "5-22" }, "geometry": { "type": "Polygon", "coordinates": [ [ [ -60.538627717714142, -31.73863274885769 ], [ -60.539705772255132, -31.737585879631418 ], [ -60.540040656937343, -31.737185323782857 ], [ -60.540497729774359, -31.73678808432679 ], [ -60.540468319751803, -31.736604624854994 ], [ -60.540299455235271, -31.736115880715634 ], [ -60.540788168299102, -31.735748647921962 ], [ -60.541311720643826, -31.734812465020457 ], [ -60.540049766918656, -31.735316747783163 ], [ -60.539779109384256, -31.735447003244627 ], [ -60.53906265449708, -31.735973035988049 ], [ -60.538655201270664, -31.736276058271876 ], [ -60.537325316848225, -31.737343771280312 ], [ -60.534282367074901, -31.739770947590706 ], [ -60.533307501818605, -31.740558676835779 ], [ -60.533255906953563, -31.740598338034378 ], [ -60.533326971267535, -31.740748459228005 ], [ -60.533401958575354, -31.740907701910572 ], [ -60.534082903437358, -31.741534022742368 ], [ -60.53410486271796, -31.74155422028986 ], [ -60.534808821784367, -31.741870172556599 ], [ -60.535060720787399, -31.741977524011705 ], [ -60.53525898792541, -31.742076967260079 ], [ -60.535549937604003, -31.742220659345044 ], [ -60.535708342326629, -31.742290704959743 ], [ -60.535304308623047, -31.74159698182109 ], [ -60.53540507450024, -31.741525614669065 ], [ -60.536127760567091, -31.740895842807888 ], [ -60.53623736847868, -31.740810252353079 ], [ -60.537111419915675, -31.73992374668606 ], [ -60.537168048710534, -31.739873016898038 ], [ -60.537965235803583, -31.739114299662376 ], [ -60.538627717714142, -31.73863274885769 ] ] ] } },
{ "type": "Feature", "properties": { "ogc_fid": 59, "sec": 6.0, "gru": 86.0, "etiq": "6-86" }, "geometry": { "type": "Polygon", "coordinates": [ [ [ -60.529856675882769, -31.770397249756179 ], [ -60.529836915560601, -31.770400479201879 ], [ -60.527923169759134, -31.770684429915782 ], [ -60.527210966885406, -31.770799694438761 ], [ -60.526562379456159, -31.770899370446532 ], [ -60.525531975099454, -31.771062771729053 ], [ -60.524130563786173, -31.771281480175908 ], [ -60.524966651372132, -31.775215889482247 ], [ -60.525160218694566, -31.776127547005025 ], [ -60.528666274581923, -31.775634814345661 ], [ -60.53089598941834, -31.775299642898794 ], [ -60.530426783234041, -31.773073844066964 ], [ -60.530247365838235, -31.772262493579927 ], [ -60.529856675882769, -31.770397249756179 ] ] ] } },
{ "type": "Feature", "properties": { "ogc_fid": 60, "sec": 6.0, "gru": 85.0, "etiq": "6-85" }, "geometry": { "type": "Polygon", "coordinates": [ [ [ -60.53657993577626, -31.774381232819792 ], [ -60.535845015327382, -31.770856667416304 ], [ -60.535557368722316, -31.769471316109705 ], [ -60.534207251101748, -31.769686494416074 ], [ -60.532795555728647, -31.769919272959083 ], [ -60.531092967179688, -31.770195216372922 ], [ -60.529856675882769, -31.770397249756179 ], [ -60.530247365838235, -31.772262493579927 ], [ -60.530426783234041, -31.773073844066964 ], [ -60.53089598941834, -31.775299642898794 ], [ -60.53657972003613, -31.774381294376177 ], [ -60.536576309111084, -31.774364931670231 ], [ -60.53657993577626, -31.774381232819792 ] ] ] } },
{ "type": "Feature", "properties": { "ogc_fid": 61, "sec": 6.0, "gru": 57.0, "etiq": "6-57" }, "geometry": { "type": "Polygon", "coordinates": [ [ [ -60.523040772516723, -31.766420202898352 ], [ -60.523084016400411, -31.766553991852199 ], [ -60.523247180551863, -31.767266670645501 ], [ -60.523411156843778, -31.768058159041939 ], [ -60.523586977653792, -31.768806696909696 ], [ -60.523798392753513, -31.76974265492073 ], [ -60.524108282759912, -31.771284646805803 ], [ -60.524130563786173, -31.771281480175908 ], [ -60.525531975099454, -31.771062771729053 ], [ -60.526562379456159, -31.770899370446532 ], [ -60.527210966885406, -31.770799694438761 ], [ -60.527923169759134, -31.770684429915782 ], [ -60.529836915560601, -31.770400479201879 ], [ -60.529856675882769, -31.770397249756179 ], [ -60.529825954828105, -31.770237438902907 ], [ -60.529453217021334, -31.768528220790433 ], [ -60.529198008999401, -31.76733720354779 ], [ -60.529142493006844, -31.767092750895856 ], [ -60.528977038625825, -31.766307847776812 ], [ -60.528804108147135, -31.765522460494498 ], [ -60.524719438247821, -31.766158550673712 ], [ -60.524079448497865, -31.766261786602609 ], [ -60.523085183401278, -31.766413007940017 ], [ -60.523040772516723, -31.766420202898352 ] ] ] } },
{ "type": "Feature", "properties": { "ogc_fid": 62, "sec": 6.0, "gru": 56.0, "etiq": "6-56" }, "geometry": { "type": "Polygon", "coordinates": [ [ [ -60.528804108147135, -31.765522460494498 ], [ -60.528977038625825, -31.766307847776812 ], [ -60.529142493006844, -31.767092750895856 ], [ -60.529198008999401, -31.76733720354779 ], [ -60.529453217021334, -31.768528220790433 ], [ -60.529825954828105, -31.770237438902907 ], [ -60.529856675882769, -31.770397249756179 ], [ -60.531092967179688, -31.770195216372922 ], [ -60.532795555728647, -31.769919272959083 ], [ -60.534207251101748, -31.769686494416074 ], [ -60.535557368722316, -31.769471316109705 ], [ -60.535306821662552, -31.768150291982522 ], [ -60.535070460468411, -31.766908040606658 ], [ -60.534558945347221, -31.764626125434333 ], [ -60.533447277903868, -31.764800217344732 ], [ -60.533077100588443, -31.764856894332443 ], [ -60.528804108147135, -31.765522460494498 ] ] ] } },
{ "type": "Feature", "properties": { "ogc_fid": 63, "sec": 6.0, "gru": 30.0, "etiq": "6-30" }, "geometry": { "type": "Polygon", "coordinates": [ [ [ -60.534558945347221, -31.764626125434333 ], [ -60.534318842914267, -31.763316033830279 ], [ -60.533892389096842, -31.760968394643367 ], [ -60.533693273276832, -31.759873182362188 ], [ -60.533401434768798, -31.759751981941555 ], [ -60.533115606307284, -31.759809383213277 ], [ -60.53044019198726, -31.760227761730153 ], [ -60.529647473410265, -31.760352013683626 ], [ -60.527742039647528, -31.760658576461779 ], [ -60.527762894199746, -31.760749227237362 ], [ -60.528135627322776, -31.762466411394303 ], [ -60.528363170769822, -31.763519999082433 ], [ -60.528804108147135, -31.765522460494498 ], [ -60.533077100588443, -31.764856894332443 ], [ -60.533447277903868, -31.764800217344732 ], [ -60.534558945347221, -31.764626125434333 ] ] ] } },
{ "type": "Feature", "properties": { "ogc_fid": 64, "sec": 6.0, "gru": 31.0, "etiq": "6-31" }, "geometry": { "type": "Polygon", "coordinates": [ [ [ -60.521968650967978, -31.761562773931288 ], [ -60.522254620613616, -31.762789347270562 ], [ -60.522448489038553, -31.763700938531187 ], [ -60.522642231134817, -31.764592700955284 ], [ -60.522792397897106, -31.765277494032762 ], [ -60.52300538745807, -31.766310727457526 ], [ -60.523040772516723, -31.766420202898352 ], [ -60.523085183401278, -31.766413007940017 ], [ -60.524079448497865, -31.766261786602609 ], [ -60.524719438247821, -31.766158550673712 ], [ -60.528804108147135, -31.765522460494498 ], [ -60.528363170769822, -31.763519999082433 ], [ -60.528135627322776, -31.762466411394303 ], [ -60.527762894199746, -31.760749227237362 ], [ -60.527742039647528, -31.760658576461779 ], [ -60.527378219850142, -31.760717107495484 ], [ -60.525702963900024, -31.760953843650505 ], [ -60.524787452564091, -31.761100061708163 ], [ -60.523150100532973, -31.761360799022661 ], [ -60.522930275278178, -31.76139687318835 ], [ -60.521968650967978, -31.761562773931288 ] ] ] } },
{ "type": "Feature", "properties": { "ogc_fid": 65, "sec": 6.0, "gru": 6.0, "etiq": "6-6" }, "geometry": { "type": "Polygon", "coordinates": [ [ [ -60.526682776337481, -31.755768250248568 ], [ -60.526983294196441, -31.757176820477547 ], [ -60.527162225373395, -31.757949785937615 ], [ -60.527549506993005, -31.759821664749008 ], [ -60.527742039647528, -31.760658576461779 ], [ -60.529647473410265, -31.760352013683626 ], [ -60.53044019198726, -31.760227761730153 ], [ -60.533115606307284, -31.759809383213277 ], [ -60.533401434768798, -31.759751981941555 ], [ -60.533237070724546, -31.759154507950122 ], [ -60.533093495323889, -31.758588960402548 ], [ -60.53301316109394, -31.758266641329691 ], [ -60.533140581907467, -31.758144705434603 ], [ -60.532545345169417, -31.755561648636348 ], [ -60.53237504582858, -31.754861053957022 ], [ -60.530668537037052, -31.755119644188156 ], [ -60.529770685066744, -31.75526422552262 ], [ -60.528317623308133, -31.75549635233752 ], [ -60.526968759570018, -31.755721719140791 ], [ -60.526682776337481, -31.755768250248568 ] ] ] } },
{ "type": "Feature", "properties": { "ogc_fid": 66, "sec": 6.0, "gru": 7.0, "etiq": "6-7" }, "geometry": { "type": "Polygon", "coordinates": [ [ [ -60.521968650967978, -31.761562773931288 ], [ -60.522930275278178, -31.76139687318835 ], [ -60.523150100532973, -31.761360799022661 ], [ -60.524787452564091, -31.761100061708163 ], [ -60.525702963900024, -31.760953843650505 ], [ -60.527378219850142, -31.760717107495484 ], [ -60.527742039647528, -31.760658576461779 ], [ -60.527549506993005, -31.759821664749008 ], [ -60.527162225373395, -31.757949785937615 ], [ -60.526983294196441, -31.757176820477547 ], [ -60.526682776337481, -31.755768250248568 ], [ -60.526548025982422, -31.755790174663922 ], [ -60.524578834353065, -31.756103693820847 ], [ -60.524009173217664, -31.756192397591384 ], [ -60.522114834272053, -31.756430167547965 ], [ -60.521859312336673, -31.756465528384506 ], [ -60.521018051509536, -31.756592424689646 ], [ -60.521026688192251, -31.756639168077278 ], [ -60.521155796629678, -31.757320743600285 ], [ -60.521322738523935, -31.758231821816018 ], [ -60.521567348727622, -31.759463692850463 ], [ -60.521788482187674, -31.760647518664609 ], [ -60.521968483906569, -31.761562057366 ], [ -60.521968650967978, -31.761562773931288 ] ] ] } },
{ "type": "Feature", "properties": { "ogc_fid": 67, "sec": 6.0, "gru": 51.0, "etiq": "6-51" }, "geometry": { "type": "Polygon", "coordinates": [ [ [ -60.526098555041195, -31.753068243943854 ], [ -60.525706651068951, -31.751238191685754 ], [ -60.525490183811563, -31.750181018146222 ], [ -60.52535720398415, -31.750362756862835 ], [ -60.524076457579405, -31.750568580800337 ], [ -60.523594206888134, -31.750641077310206 ], [ -60.522682247883722, -31.750765495227935 ], [ -60.521962521905024, -31.751423656263949 ], [ -60.52110752595113, -31.752198458483896 ], [ -60.520367458269881, -31.75284109988257 ], [ -60.520228625536205, -31.75296553669336 ], [ -60.520427383560147, -31.75387497115381 ], [ -60.520477774516607, -31.754109026998282 ], [ -60.520680575334374, -31.754855619099111 ], [ -60.520906375938402, -31.755959442754161 ], [ -60.520959136308676, -31.75626695328322 ], [ -60.521018051509536, -31.756592424689646 ], [ -60.521859312336673, -31.756465528384506 ], [ -60.522114834272053, -31.756430167547965 ], [ -60.524009173217664, -31.756192397591384 ], [ -60.524578834353065, -31.756103693820847 ], [ -60.526548025982422, -31.755790174663922 ], [ -60.526682776337481, -31.755768250248568 ], [ -60.526527639635177, -31.755041084618302 ], [ -60.526154998135041, -31.753331806844269 ], [ -60.526098555041195, -31.753068243943854 ] ] ] } },
{ "type": "Feature", "properties": { "ogc_fid": 68, "sec": 6.0, "gru": 36.0, "etiq": "6-36" }, "geometry": { "type": "Polygon", "coordinates": [ [ [ -60.519963572267621, -31.751755532539406 ], [ -60.520228625536205, -31.75296553669336 ], [ -60.520367458269881, -31.75284109988257 ], [ -60.52110752595113, -31.752198458483896 ], [ -60.521962521905024, -31.751423656263949 ], [ -60.522682247883722, -31.750765495227935 ], [ -60.523594206888134, -31.750641077310206 ], [ -60.524076457579405, -31.750568580800337 ], [ -60.52535720398415, -31.750362756862835 ], [ -60.525490183811563, -31.750181018146222 ], [ -60.525291861446185, -31.749212437501726 ], [ -60.525023078393183, -31.747956168016692 ], [ -60.524838603702364, -31.747104070675483 ], [ -60.524738644685073, -31.746620104423076 ], [ -60.520972624858949, -31.747202767454233 ], [ -60.519098479135472, -31.747483226586279 ], [ -60.519053861682451, -31.747490318430081 ], [ -60.519242732598187, -31.74839903667068 ], [ -60.519458609959763, -31.749426226816848 ], [ -60.51958363042192, -31.750035236202876 ], [ -60.519857476268122, -31.751276042295867 ], [ -60.519963572267621, -31.751755532539406 ] ] ] } },
{ "type": "Feature", "properties": { "ogc_fid": 69, "sec": 6.0, "gru": 35.0, "etiq": "6-35" }, "geometry": { "type": "Polygon", "coordinates": [ [ [ -60.524738644685073, -31.746620104423076 ], [ -60.524838603702364, -31.747104070675483 ], [ -60.525023078393183, -31.747956168016692 ], [ -60.525291861446185, -31.749212437501726 ], [ -60.525490183811563, -31.750181018146222 ], [ -60.525706651068951, -31.751238191685754 ], [ -60.526098555041195, -31.753068243943854 ], [ -60.52624389804663, -31.752685731715921 ], [ -60.526260305927003, -31.752626050238781 ], [ -60.526289351693876, -31.752576720821128 ], [ -60.526352397187466, -31.752494476846255 ], [ -60.526405015688582, -31.752411417891899 ], [ -60.526457307357617, -31.752326632601406 ], [ -60.526503508738706, -31.75223262442589 ], [ -60.526536659114633, -31.752158600952022 ], [ -60.526619646148148, -31.75198472245501 ], [ -60.526685959194744, -31.751856413784747 ], [ -60.526722768291535, -31.751802730616689 ], [ -60.526764686116323, -31.751753303618926 ], [ -60.526811123270576, -31.751727103847077 ], [ -60.526838364106929, -31.751715736214489 ], [ -60.526875085803908, -31.751701310667865 ], [ -60.52695216617451, -31.751688280438334 ], [ -60.527017537995633, -31.751696768004408 ], [ -60.527073636889057, -31.751711020454785 ], [ -60.527133679418817, -31.751683146254198 ], [ -60.527129479783873, -31.751659399415768 ], [ -60.527202060377988, -31.751640772270424 ], [ -60.527225920648277, -31.751634325701758 ], [ -60.527326248980728, -31.751612909835927 ], [ -60.52736394821688, -31.751601254824799 ], [ -60.527438142080094, -31.751575458295957 ], [ -60.527482359470952, -31.751557712420549 ], [ -60.527530601480429, -31.751517600670038 ], [ -60.527615587278781, -31.751426506158573 ], [ -60.527694030525673, -31.751330335340842 ], [ -60.527789285963429, -31.75120961312307 ], [ -60.52784201619891, -31.751128555371089 ], [ -60.527919535441285, -31.75100170241695 ], [ -60.528000172487722, -31.750939529873904 ], [ -60.528022362842925, -31.750898894552801 ], [ -60.528009683208793, -31.750874386130679 ], [ -60.52801156670828, -31.7508126615046 ], [ -60.52803386504133, -31.750707811903617 ], [ -60.528048716373526, -31.750663474316589 ], [ -60.528067947123098, -31.750626354210077 ], [ -60.528096079997304, -31.750589372992163 ], [ -60.528128792253085, -31.750557004710164 ], [ -60.528213564140515, -31.750482611544918 ], [ -60.528243220898354, -31.750499054261496 ], [ -60.528309947511332, -31.750464555468582 ], [ -60.528289651965487, -31.750427863793849 ], [ -60.528401316678661, -31.750358943391355 ], [ -60.52854826392997, -31.750281991816436 ], [ -60.528783005398367, -31.750157989972898 ], [ -60.528865558322956, -31.750099770992961 ], [ -60.528925135474772, -31.75003170922573 ], [ -60.52894592978506, -31.750036711575735 ], [ -60.528959357694845, -31.750016681469784 ], [ -60.528974228456761, -31.749993843318745 ], [ -60.529021299762967, -31.749870964589817 ], [ -60.529057153446587, -31.749815775684848 ], [ -60.529091552173291, -31.7497689711799 ], [ -60.529123163418944, -31.749730211227156 ], [ -60.529118215282054, -31.749716004734598 ], [ -60.529139922145767, -31.749662135845462 ], [ -60.52915817370441, -31.749620813420659 ], [ -60.52917316079715, -31.749581131947526 ], [ -60.52918682305959, -31.749452271215304 ], [ -60.529229382695313, -31.749455686287632 ], [ -60.529259144415015, -31.74941291331767 ], [ -60.529287960021151, -31.749366344600304 ], [ -60.529306501652435, -31.749354298229768 ], [ -60.529294123277815, -31.749343979171538 ], [ -60.529303782404114, -31.749295943711186 ], [ -60.529327309646781, -31.749251760138339 ], [ -60.529371177081956, -31.749210904006382 ], [ -60.529409386157191, -31.74918741675565 ], [ -60.529458395777432, -31.749166273178588 ], [ -60.529510742041047, -31.749165169098173 ], [ -60.529562368412684, -31.749165864254902 ], [ -60.529619734478629, -31.749165483683974 ], [ -60.529683561530753, -31.749172096999775 ], [ -60.529719419490007, -31.749172808978422 ], [ -60.529795275706476, -31.749178318248397 ], [ -60.529847323332994, -31.749174563822628 ], [ -60.5299063941602, -31.74917791488528 ], [ -60.529937740992516, -31.74917954431384 ], [ -60.529998746189634, -31.749176050969172 ], [ -60.530041194134213, -31.749177374500569 ], [ -60.530130178292637, -31.749168833382107 ], [ -60.530301604482695, -31.749173648596347 ], [ -60.530478634055477, -31.749161540601165 ], [ -60.530572481029012, -31.749154268085302 ], [ -60.530707009854453, -31.749160710532408 ], [ -60.530714642761843, -31.749118785053426 ], [ -60.530789909928188, -31.74909559692345 ], [ -60.530882733387173, -31.74907001951307 ], [ -60.530931371374365, -31.749054301746568 ], [ -60.531301028866793, -31.749046443830391 ], [ -60.531284394520867, -31.748986252179638 ], [ -60.531256337581191, -31.748801918717145 ], [ -60.531278978517342, -31.74862890200939 ], [ -60.531308683004148, -31.74851061462147 ], [ -60.531245988019428, -31.747867365865378 ], [ -60.531233718643698, -31.747797690289836 ], [ -60.531153336127524, -31.747316724930236 ], [ -60.531021962289536, -31.746841812857934 ], [ -60.530875957056331, -31.746417248070099 ], [ -60.530674537579493, -31.746289444731737 ], [ -60.532018006108132, -31.744369981656977 ], [ -60.532844472130122, -31.743244861586074 ], [ -60.533267820798869, -31.742649711784452 ], [ -60.534082903437358, -31.741534022742368 ], [ -60.533401958575354, -31.740907701910572 ], [ -60.533326971267535, -31.740748459228005 ], [ -60.532980196812652, -31.740810276702749 ], [ -60.532672029460542, -31.740725421263829 ], [ -60.532437832842483, -31.740773472776141 ], [ -60.532016097854758, -31.74134393852886 ], [ -60.530878666014459, -31.742895545001982 ], [ -60.530877939162664, -31.742895906831546 ], [ -60.529587591065948, -31.74470628208579 ], [ -60.528698331032338, -31.745958060529485 ], [ -60.526823207484107, -31.74629435263272 ], [ -60.526823085901064, -31.746294164415009 ], [ -60.524738644685073, -31.746620104423076 ] ] ] } },
{ "type": "Feature", "properties": { "ogc_fid": 70, "sec": 6.0, "gru": 34.0, "etiq": "6-34" }, "geometry": { "type": "Polygon", "coordinates": [ [ [ -60.533568650931088, -31.751367449832543 ], [ -60.534104022520381, -31.750667558062791 ], [ -60.534570650869391, -31.750048355638235 ], [ -60.53528981110631, -31.749171162667796 ], [ -60.53582929525264, -31.748534586097765 ], [ -60.536732377422091, -31.747525920748764 ], [ -60.53648450838152, -31.746254773156025 ], [ -60.536141104831906, -31.744817883076724 ], [ -60.536095940300804, -31.744628899386942 ], [ -60.535751581807055, -31.742636590673406 ], [ -60.535708342326629, -31.742290704959743 ], [ -60.535549937604003, -31.742220659345044 ], [ -60.53525898792541, -31.742076967260079 ], [ -60.535060720787399, -31.741977524011705 ], [ -60.534808821784367, -31.741870172556599 ], [ -60.53410486271796, -31.74155422028986 ], [ -60.534082903437358, -31.741534022742368 ], [ -60.533267820798869, -31.742649711784452 ], [ -60.532844472130122, -31.743244861586074 ], [ -60.532018006108132, -31.744369981656977 ], [ -60.530674537579493, -31.746289444731737 ], [ -60.530875957056331, -31.746417248070099 ], [ -60.531021962289536, -31.746841812857934 ], [ -60.531153336127524, -31.747316724930236 ], [ -60.531233718643698, -31.747797690289836 ], [ -60.531245988019428, -31.747867365865378 ], [ -60.531308683004148, -31.74851061462147 ], [ -60.531278978517342, -31.74862890200939 ], [ -60.531256337581191, -31.748801918717145 ], [ -60.531284394520867, -31.748986252179638 ], [ -60.531301028866793, -31.749046443830391 ], [ -60.531353399534773, -31.749235947401353 ], [ -60.531440546130383, -31.74951349773789 ], [ -60.531573536007073, -31.7497293771975 ], [ -60.531722062741473, -31.749899856537336 ], [ -60.531875662268249, -31.750052090450815 ], [ -60.532232628729346, -31.750335439498429 ], [ -60.532602293238142, -31.750636508817607 ], [ -60.533114377312863, -31.751049380555642 ], [ -60.533568650931088, -31.751367449832543 ] ] ] } },
{ "type": "Feature", "properties": { "ogc_fid": 99, "sec": 8.0, "gru": 57.0, "etiq": "8-57" }, "geometry": { "type": "Polygon", "coordinates": [ [ [ -60.505447070985888, -31.739389504498813 ], [ -60.506259977362312, -31.739279997219707 ], [ -60.508301574574268, -31.738978668812564 ], [ -60.511230025014676, -31.738557120193949 ], [ -60.510453259967484, -31.734592550661404 ], [ -60.510298741011241, -31.733925591614838 ], [ -60.510296029338377, -31.733830905019968 ], [ -60.50579026704817, -31.734553018307519 ], [ -60.504541295227334, -31.73477606188861 ], [ -60.50465941321643, -31.735694337813527 ], [ -60.505447070985888, -31.739389504498813 ] ] ] } },
{ "type": "Feature", "properties": { "ogc_fid": 71, "sec": 6.0, "gru": 50.0, "etiq": "6-50" }, "geometry": { "type": "Polygon", "coordinates": [ [ [ -60.533568650931088, -31.751367449832543 ], [ -60.533114377312863, -31.751049380555642 ], [ -60.532602293238142, -31.750636508817607 ], [ -60.532232628729346, -31.750335439498429 ], [ -60.531875662268249, -31.750052090450815 ], [ -60.531722062741473, -31.749899856537336 ], [ -60.531573536007073, -31.7497293771975 ], [ -60.531440546130383, -31.74951349773789 ], [ -60.531353399534773, -31.749235947401353 ], [ -60.531301028866793, -31.749046443830391 ], [ -60.530931371374365, -31.749054301746568 ], [ -60.530882733387173, -31.74907001951307 ], [ -60.530789909928188, -31.74909559692345 ], [ -60.530714642761843, -31.749118785053426 ], [ -60.530707009854453, -31.749160710532408 ], [ -60.530572481029012, -31.749154268085302 ], [ -60.530478634055477, -31.749161540601165 ], [ -60.530301604482695, -31.749173648596347 ], [ -60.530130178292637, -31.749168833382107 ], [ -60.530041194134213, -31.749177374500569 ], [ -60.529998746189634, -31.749176050969172 ], [ -60.529937740992516, -31.74917954431384 ], [ -60.5299063941602, -31.74917791488528 ], [ -60.529847323332994, -31.749174563822628 ], [ -60.529795275706476, -31.749178318248397 ], [ -60.529719419490007, -31.749172808978422 ], [ -60.529683561530753, -31.749172096999775 ], [ -60.529619734478629, -31.749165483683974 ], [ -60.529562368412684, -31.749165864254902 ], [ -60.529510742041047, -31.749165169098173 ], [ -60.529458395777432, -31.749166273178588 ], [ -60.529409386157191, -31.74918741675565 ], [ -60.529371177081956, -31.749210904006382 ], [ -60.529327309646781, -31.749251760138339 ], [ -60.529303782404114, -31.749295943711186 ], [ -60.529294123277815, -31.749343979171538 ], [ -60.529306501652435, -31.749354298229768 ], [ -60.529287960021151, -31.749366344600304 ], [ -60.529259144415015, -31.74941291331767 ], [ -60.529229382695313, -31.749455686287632 ], [ -60.52918682305959, -31.749452271215304 ], [ -60.52917316079715, -31.749581131947526 ], [ -60.52915817370441, -31.749620813420659 ], [ -60.529139922145767, -31.749662135845462 ], [ -60.529118215282054, -31.749716004734598 ], [ -60.529123163418944, -31.749730211227156 ], [ -60.529091552173291, -31.7497689711799 ], [ -60.529057153446587, -31.749815775684848 ], [ -60.529021299762967, -31.749870964589817 ], [ -60.528974228456761, -31.749993843318745 ], [ -60.528959357694845, -31.750016681469784 ], [ -60.52894592978506, -31.750036711575735 ], [ -60.528925135474772, -31.75003170922573 ], [ -60.528865558322956, -31.750099770992961 ], [ -60.528783005398367, -31.750157989972898 ], [ -60.52854826392997, -31.750281991816436 ], [ -60.528401316678661, -31.750358943391355 ], [ -60.528289651965487, -31.750427863793849 ], [ -60.528309947511332, -31.750464555468582 ], [ -60.528243220898354, -31.750499054261496 ], [ -60.528213564140515, -31.750482611544918 ], [ -60.528128792253085, -31.750557004710164 ], [ -60.528096079997304, -31.750589372992163 ], [ -60.528067947123098, -31.750626354210077 ], [ -60.528048716373526, -31.750663474316589 ], [ -60.52803386504133, -31.750707811903617 ], [ -60.52801156670828, -31.7508126615046 ], [ -60.528009683208793, -31.750874386130679 ], [ -60.528022362842925, -31.750898894552801 ], [ -60.528000172487722, -31.750939529873904 ], [ -60.527919535441285, -31.75100170241695 ], [ -60.52784201619891, -31.751128555371089 ], [ -60.527789285963429, -31.75120961312307 ], [ -60.527694030525673, -31.751330335340842 ], [ -60.527615587278781, -31.751426506158573 ], [ -60.527530601480429, -31.751517600670038 ], [ -60.527482359470952, -31.751557712420549 ], [ -60.527438142080094, -31.751575458295957 ], [ -60.52736394821688, -31.751601254824799 ], [ -60.527326248980728, -31.751612909835927 ], [ -60.527225920648277, -31.751634325701758 ], [ -60.527202060377988, -31.751640772270424 ], [ -60.527129479783873, -31.751659399415768 ], [ -60.527133679418817, -31.751683146254198 ], [ -60.527073636889057, -31.751711020454785 ], [ -60.527017537995633, -31.751696768004408 ], [ -60.52695216617451, -31.751688280438334 ], [ -60.526875085803908, -31.751701310667865 ], [ -60.526838364106929, -31.751715736214489 ], [ -60.526811123270576, -31.751727103847077 ], [ -60.526764686116323, -31.751753303618926 ], [ -60.526722768291535, -31.751802730616689 ], [ -60.526685959194744, -31.751856413784747 ], [ -60.526619646148148, -31.75198472245501 ], [ -60.526536659114633, -31.752158600952022 ], [ -60.526503508738706, -31.75223262442589 ], [ -60.526457307357617, -31.752326632601406 ], [ -60.526405015688582, -31.752411417891899 ], [ -60.526352397187466, -31.752494476846255 ], [ -60.526289351693876, -31.752576720821128 ], [ -60.526260305927003, -31.752626050238781 ], [ -60.52624389804663, -31.752685731715921 ], [ -60.526098555041195, -31.753068243943854 ], [ -60.526154998135041, -31.753331806844269 ], [ -60.526527639635177, -31.755041084618302 ], [ -60.526682776337481, -31.755768250248568 ], [ -60.526968759570018, -31.755721719140791 ], [ -60.528317623308133, -31.75549635233752 ], [ -60.529770685066744, -31.75526422552262 ], [ -60.530668537037052, -31.755119644188156 ], [ -60.53237504582858, -31.754861053957022 ], [ -60.532321016114963, -31.754583390827133 ], [ -60.532038478750636, -31.753350508481841 ], [ -60.532366717545635, -31.752934033644742 ], [ -60.533273655238212, -31.751753092541605 ], [ -60.533568650931088, -31.751367449832543 ] ] ] } },
{ "type": "Feature", "properties": { "ogc_fid": 72, "sec": 7.0, "gru": 89.0, "etiq": "7-89" }, "geometry": { "type": "Polygon", "coordinates": [ [ [ -60.514060379035087, -31.777937141311025 ], [ -60.513329323846939, -31.775139231035922 ], [ -60.513139685222399, -31.774583620037362 ], [ -60.512994682927605, -31.773954613121639 ], [ -60.512807022315684, -31.773149841002393 ], [ -60.511472587681837, -31.773392940849167 ], [ -60.510480545547395, -31.773566356833832 ], [ -60.508509005297505, -31.773828350602695 ], [ -60.507825911714868, -31.773934471419587 ], [ -60.507004605791316, -31.774044143092766 ], [ -60.507063059304535, -31.774241859252754 ], [ -60.507276350601302, -31.775220280274663 ], [ -60.507467609425227, -31.776227666436991 ], [ -60.508050687412151, -31.778907078117246 ], [ -60.509361167977964, -31.778703919255403 ], [ -60.510142103892846, -31.778575677701372 ], [ -60.513707226347776, -31.77799469765279 ], [ -60.514060379035087, -31.777937141311025 ] ] ] } },
{ "type": "Feature", "properties": { "ogc_fid": 73, "sec": 7.0, "gru": 88.0, "etiq": "7-88" }, "geometry": { "type": "Polygon", "coordinates": [ [ [ -60.514060379035087, -31.777937141311025 ], [ -60.517053564406787, -31.777445245674372 ], [ -60.518115678788298, -31.777268102832931 ], [ -60.519507683104848, -31.777032764393752 ], [ -60.519306161281655, -31.776074323838778 ], [ -60.519039153834342, -31.774841292561735 ], [ -60.518856791536251, -31.773909618114335 ], [ -60.518708445122897, -31.773442830593069 ], [ -60.518486944900616, -31.77244201965048 ], [ -60.51843435792992, -31.772188489952306 ], [ -60.517471486831617, -31.772348678292534 ], [ -60.516574875081496, -31.772499773272354 ], [ -60.515809645306369, -31.772614569787109 ], [ -60.515411280287132, -31.772683418943757 ], [ -60.514140270519391, -31.772911060645665 ], [ -60.513089109167758, -31.77310564767312 ], [ -60.512807022315684, -31.773149841002393 ], [ -60.512994682927605, -31.773954613121639 ], [ -60.513139685222399, -31.774583620037362 ], [ -60.513329323846939, -31.775139231035922 ], [ -60.514060379035087, -31.777937141311025 ] ] ] } },
{ "type": "Feature", "properties": { "ogc_fid": 74, "sec": 7.0, "gru": 87.0, "etiq": "7-87" }, "geometry": { "type": "Polygon", "coordinates": [ [ [ -60.520115484341758, -31.776940761889485 ], [ -60.522089637666333, -31.776620774725298 ], [ -60.523607537433818, -31.776376365589446 ], [ -60.525160218694566, -31.776127547005025 ], [ -60.524966651372132, -31.775215889482247 ], [ -60.524130563786173, -31.771281480175908 ], [ -60.524108282759912, -31.771284646805803 ], [ -60.523154923975184, -31.771420136467786 ], [ -60.522482798884262, -31.771511086746489 ], [ -60.521175896659436, -31.771737750573401 ], [ -60.51972504420899, -31.771959233760764 ], [ -60.518573181754178, -31.772165393840229 ], [ -60.51843435792992, -31.772188489952306 ], [ -60.518486944900616, -31.77244201965048 ], [ -60.518708445122897, -31.773442830593069 ], [ -60.518856791536251, -31.773909618114335 ], [ -60.519039153834342, -31.774841292561735 ], [ -60.519306161281655, -31.776074323838778 ], [ -60.519507683104848, -31.777032764393752 ], [ -60.520115484341758, -31.776940761889485 ] ] ] } },
{ "type": "Feature", "properties": { "ogc_fid": 75, "sec": 7.0, "gru": 60.0, "etiq": "7-60" }, "geometry": { "type": "Polygon", "coordinates": [ [ [ -60.511636462306249, -31.768249706358716 ], [ -60.511469485072418, -31.768288384006585 ], [ -60.508397708133174, -31.76879142053636 ], [ -60.506998590889332, -31.76900421919435 ], [ -60.505962876109905, -31.769180668635382 ], [ -60.506086016698823, -31.76980104946939 ], [ -60.50647349100791, -31.771548792766968 ], [ -60.506569067200502, -31.771913029862944 ], [ -60.506671463839979, -31.772291375588441 ], [ -60.506840915642989, -31.773040694911156 ], [ -60.506950448956125, -31.773860959437453 ], [ -60.507004605791316, -31.774044143092766 ], [ -60.507825911714868, -31.773934471419587 ], [ -60.508509005297505, -31.773828350602695 ], [ -60.510480545547395, -31.773566356833832 ], [ -60.511472587681837, -31.773392940849167 ], [ -60.512807022315684, -31.773149841002393 ], [ -60.512624434728544, -31.772272813563735 ], [ -60.511797977441013, -31.769044193733802 ], [ -60.511638486177191, -31.768270640536972 ], [ -60.511636462306249, -31.768249706358716 ] ] ] } },
{ "type": "Feature", "properties": { "ogc_fid": 76, "sec": 7.0, "gru": 59.0, "etiq": "7-59" }, "geometry": { "type": "Polygon", "coordinates": [ [ [ -60.517390541697075, -31.767331956021426 ], [ -60.516017724772297, -31.767552550777758 ], [ -60.515167228175741, -31.767693594850424 ], [ -60.514478005900159, -31.767815027110043 ], [ -60.513824698791524, -31.767915411556423 ], [ -60.512600402212016, -31.768106966192711 ], [ -60.512269349109744, -31.76814458902183 ], [ -60.511763134791181, -31.768220364504423 ], [ -60.511636462306249, -31.768249706358716 ], [ -60.511638486177191, -31.768270640536972 ], [ -60.511797977441013, -31.769044193733802 ], [ -60.512624434728544, -31.772272813563735 ], [ -60.512807022315684, -31.773149841002393 ], [ -60.513089109167758, -31.77310564767312 ], [ -60.514140270519391, -31.772911060645665 ], [ -60.515411280287132, -31.772683418943757 ], [ -60.515809645306369, -31.772614569787109 ], [ -60.516574875081496, -31.772499773272354 ], [ -60.517471486831617, -31.772348678292534 ], [ -60.51843435792992, -31.772188489952306 ], [ -60.518401025419848, -31.772027788147273 ], [ -60.518291432762005, -31.771516732683459 ], [ -60.518197877578963, -31.771042144793949 ], [ -60.518024220401017, -31.770244015520738 ], [ -60.51786910940482, -31.769499646813689 ], [ -60.517703571334756, -31.768753117936846 ], [ -60.517562124731235, -31.768128549371475 ], [ -60.517407269740211, -31.767408545754488 ], [ -60.517390541697075, -31.767331956021426 ] ] ] } },
{ "type": "Feature", "properties": { "ogc_fid": 77, "sec": 7.0, "gru": 58.0, "etiq": "7-58" }, "geometry": { "type": "Polygon", "coordinates": [ [ [ -60.517390541697075, -31.767331956021426 ], [ -60.517407269740211, -31.767408545754488 ], [ -60.517562124731235, -31.768128549371475 ], [ -60.517703571334756, -31.768753117936846 ], [ -60.51786910940482, -31.769499646813689 ], [ -60.518024220401017, -31.770244015520738 ], [ -60.518197877578963, -31.771042144793949 ], [ -60.518291432762005, -31.771516732683459 ], [ -60.518401025419848, -31.772027788147273 ], [ -60.51843435792992, -31.772188489952306 ], [ -60.518573181754178, -31.772165393840229 ], [ -60.51972504420899, -31.771959233760764 ], [ -60.521175896659436, -31.771737750573401 ], [ -60.522482798884262, -31.771511086746489 ], [ -60.523154923975184, -31.771420136467786 ], [ -60.524108282759912, -31.771284646805803 ], [ -60.523798392753513, -31.76974265492073 ], [ -60.523586977653792, -31.768806696909696 ], [ -60.523411156843778, -31.768058159041939 ], [ -60.523247180551863, -31.767266670645501 ], [ -60.523084016400411, -31.766553991852199 ], [ -60.523040772516723, -31.766420202898352 ], [ -60.522996130975343, -31.766427435208449 ], [ -60.521894988373752, -31.766616757301168 ], [ -60.520567736880324, -31.76682457579787 ], [ -60.519701452597133, -31.766963854580538 ], [ -60.519001998297639, -31.76707758205179 ], [ -60.51747248445627, -31.767318788330041 ], [ -60.517390541697075, -31.767331956021426 ] ] ] } },
{ "type": "Feature", "properties": { "ogc_fid": 78, "sec": 7.0, "gru": 34.0, "etiq": "7-34" }, "geometry": { "type": "Polygon", "coordinates": [ [ [ -60.504933574802493, -31.764306002240829 ], [ -60.505187340041871, -31.765490243100437 ], [ -60.505438501993339, -31.766673865205568 ], [ -60.505557697539444, -31.767277586904804 ], [ -60.505683776439518, -31.767841921713529 ], [ -60.505939794277758, -31.769064381661853 ], [ -60.505962876109905, -31.769180668635382 ], [ -60.506998590889332, -31.76900421919435 ], [ -60.508397708133174, -31.76879142053636 ], [ -60.511469485072418, -31.768288384006585 ], [ -60.511636462306249, -31.768249706358716 ], [ -60.511623046851447, -31.768110941558554 ], [ -60.511388204067281, -31.767009499724018 ], [ -60.511178324279321, -31.766075101741503 ], [ -60.510957288515257, -31.765100855204924 ], [ -60.51093972761921, -31.764979450355337 ], [ -60.510866672445047, -31.764634735524286 ], [ -60.510780284081143, -31.764279026348174 ], [ -60.510598598216355, -31.76348010341016 ], [ -60.510586576856774, -31.763393585641357 ], [ -60.510080402966651, -31.763467764831574 ], [ -60.508974289069108, -31.763654396979195 ], [ -60.507929157689247, -31.763820607617369 ], [ -60.507124395853737, -31.763951108432781 ], [ -60.506150554440332, -31.764107998376211 ], [ -60.504933574802493, -31.764306002240829 ] ] ] } },
{ "type": "Feature", "properties": { "ogc_fid": 79, "sec": 7.0, "gru": 33.0, "etiq": "7-33" }, "geometry": { "type": "Polygon", "coordinates": [ [ [ -60.516325669257746, -31.762405642226202 ], [ -60.5161836635029, -31.762486427438272 ], [ -60.515310690628802, -31.76264262074044 ], [ -60.514350398563664, -31.762797597334142 ], [ -60.513555402850265, -31.762925050580328 ], [ -60.512561380255491, -31.76308209314567 ], [ -60.512163182558069, -31.763138529677974 ], [ -60.511589364799839, -31.763227250043247 ], [ -60.511124997164828, -31.763298747890918 ], [ -60.5107283046489, -31.763372815218545 ], [ -60.510586576856774, -31.763393585641357 ], [ -60.510598598216355, -31.76348010341016 ], [ -60.510780284081143, -31.764279026348174 ], [ -60.510866672445047, -31.764634735524286 ], [ -60.51093972761921, -31.764979450355337 ], [ -60.510957288515257, -31.765100855204924 ], [ -60.511178324279321, -31.766075101741503 ], [ -60.511388204067281, -31.767009499724018 ], [ -60.511623046851447, -31.768110941558554 ], [ -60.511636462306249, -31.768249706358716 ], [ -60.511763134791181, -31.768220364504423 ], [ -60.512269349109744, -31.76814458902183 ], [ -60.512600402212016, -31.768106966192711 ], [ -60.513824698791524, -31.767915411556423 ], [ -60.514478005900159, -31.767815027110043 ], [ -60.515167228175741, -31.767693594850424 ], [ -60.516017724772297, -31.767552550777758 ], [ -60.517390541697075, -31.767331956021426 ], [ -60.51715115765559, -31.766235915998934 ], [ -60.517137422529949, -31.766188936290295 ], [ -60.517079296759967, -31.765898470908617 ], [ -60.516499158146452, -31.763180267470624 ], [ -60.516325669257746, -31.762405642226202 ] ] ] } },
{ "type": "Feature", "properties": { "ogc_fid": 80, "sec": 7.0, "gru": 32.0, "etiq": "7-32" }, "geometry": { "type": "Polygon", "coordinates": [ [ [ -60.521968483906569, -31.761562057366 ], [ -60.520782336669072, -31.761744760956482 ], [ -60.519509095277733, -31.761933464994058 ], [ -60.519370095865028, -31.761952159520668 ], [ -60.517112267549336, -31.762273042524438 ], [ -60.516325669257746, -31.762405642226202 ], [ -60.516499158146452, -31.763180267470624 ], [ -60.517079296759967, -31.765898470908617 ], [ -60.517137422529949, -31.766188936290295 ], [ -60.51715115765559, -31.766235915998934 ], [ -60.517390541697075, -31.767331956021426 ], [ -60.51747248445627, -31.767318788330041 ], [ -60.519001998297639, -31.76707758205179 ], [ -60.519701452597133, -31.766963854580538 ], [ -60.520567736880324, -31.76682457579787 ], [ -60.521894988373752, -31.766616757301168 ], [ -60.522996130975343, -31.766427435208449 ], [ -60.523040772516723, -31.766420202898352 ], [ -60.52300538745807, -31.766310727457526 ], [ -60.522792397897106, -31.765277494032762 ], [ -60.522642231134817, -31.764592700955284 ], [ -60.522448489038553, -31.763700938531187 ], [ -60.522254620613616, -31.762789347270562 ], [ -60.521968650967978, -31.761562773931288 ], [ -60.521968483906569, -31.761562057366 ] ] ] } },
{ "type": "Feature", "properties": { "ogc_fid": 81, "sec": 7.0, "gru": 8.0, "etiq": "7-8" }, "geometry": { "type": "Polygon", "coordinates": [ [ [ -60.51527132295508, -31.757520752887526 ], [ -60.515286932944726, -31.757645844156048 ], [ -60.515497252678436, -31.75859504638888 ], [ -60.5155177913649, -31.758690525743376 ], [ -60.515642572500731, -31.759255175565819 ], [ -60.515975158474497, -31.760765941775066 ], [ -60.51627890784588, -31.762200578011011 ], [ -60.516325669257746, -31.762405642226202 ], [ -60.517112267549336, -31.762273042524438 ], [ -60.519370095865028, -31.761952159520668 ], [ -60.519509095277733, -31.761933464994058 ], [ -60.520782336669072, -31.761744760956482 ], [ -60.521968483906569, -31.761562057366 ], [ -60.521788482187674, -31.760647518664609 ], [ -60.521567348727622, -31.759463692850463 ], [ -60.521322738523935, -31.758231821816018 ], [ -60.521155796629678, -31.757320743600285 ], [ -60.521026688192251, -31.756639168077278 ], [ -60.519894174420081, -31.756814745373557 ], [ -60.518737536251372, -31.756996129621459 ], [ -60.517558899888357, -31.757177600970628 ], [ -60.517349158515209, -31.757206798274574 ], [ -60.516917399380695, -31.757275065944917 ], [ -60.516012226356089, -31.757412345419286 ], [ -60.515429024716234, -31.757497042015569 ], [ -60.51527132295508, -31.757520752887526 ] ] ] } },
{ "type": "Feature", "properties": { "ogc_fid": 82, "sec": 7.0, "gru": 9.0, "etiq": "7-9" }, "geometry": { "type": "Polygon", "coordinates": [ [ [ -60.509557532355082, -31.758424924785761 ], [ -60.509591814594657, -31.758536197747713 ], [ -60.509925120992307, -31.760164457275398 ], [ -60.51014677107689, -31.761219393936958 ], [ -60.510286596409685, -31.761873156897625 ], [ -60.510569921177286, -31.763273714371376 ], [ -60.510586576856774, -31.763393585641357 ], [ -60.5107283046489, -31.763372815218545 ], [ -60.511124997164828, -31.763298747890918 ], [ -60.511589364799839, -31.763227250043247 ], [ -60.512163182558069, -31.763138529677974 ], [ -60.512561380255491, -31.76308209314567 ], [ -60.513555402850265, -31.762925050580328 ], [ -60.514350398563664, -31.762797597334142 ], [ -60.515310690628802, -31.76264262074044 ], [ -60.5161836635029, -31.762486427438272 ], [ -60.516325669257746, -31.762405642226202 ], [ -60.51627890784588, -31.762200578011011 ], [ -60.515975158474497, -31.760765941775066 ], [ -60.515642572500731, -31.759255175565819 ], [ -60.5155177913649, -31.758690525743376 ], [ -60.515497252678436, -31.75859504638888 ], [ -60.515286932944726, -31.757645844156048 ], [ -60.51527132295508, -31.757520752887526 ], [ -60.514862310189308, -31.757582248061428 ], [ -60.513793811622783, -31.757750698145905 ], [ -60.513590539384019, -31.757792217417439 ], [ -60.512867253946645, -31.757905683847692 ], [ -60.511992592734991, -31.758049754067134 ], [ -60.511522948028919, -31.758128585755536 ], [ -60.511326554575675, -31.758152760251711 ], [ -60.510611184631848, -31.758272766628334 ], [ -60.510409791859303, -31.758292707709362 ], [ -60.509662339176728, -31.758410715384169 ], [ -60.509557532355082, -31.758424924785761 ] ] ] } },
{ "type": "Feature", "properties": { "ogc_fid": 100, "sec": 8.0, "gru": 40.0, "etiq": "8-40" }, "geometry": { "type": "Polygon", "coordinates": [ [ [ -60.510296029338377, -31.733830905019968 ], [ -60.510298741011241, -31.733925591614838 ], [ -60.510453259967484, -31.734592550661404 ], [ -60.511230025014676, -31.738557120193949 ], [ -60.514838786266004, -31.738050522096284 ], [ -60.515880256620122, -31.737911137549908 ], [ -60.516969040841644, -31.73775110613591 ], [ -60.516512040085203, -31.735612790210624 ], [ -60.51629375636869, -31.734606274437677 ], [ -60.516086484012376, -31.733621638157754 ], [ -60.51595119516346, -31.732926749330417 ], [ -60.515906791936025, -31.732934439747496 ], [ -60.511624322121911, -31.733617994492207 ], [ -60.510296029338377, -31.733830905019968 ] ] ] } },
{ "type": "Feature", "properties": { "ogc_fid": 83, "sec": 7.0, "gru": 10.0, "etiq": "7-10" }, "geometry": { "type": "Polygon", "coordinates": [ [ [ -60.509557532355082, -31.758424924785761 ], [ -60.509339180020994, -31.758454528064597 ], [ -60.507916481197114, -31.758666910217656 ], [ -60.507431786202019, -31.75874112616065 ], [ -60.506626767654197, -31.758882880102053 ], [ -60.505795077330575, -31.75900132389042 ], [ -60.505513089084673, -31.759047074455665 ], [ -60.505247603677724, -31.759080687973714 ], [ -60.505036155654025, -31.759100924004898 ], [ -60.503817462885642, -31.759283924780036 ], [ -60.50404592458748, -31.760398646690692 ], [ -60.504097650697332, -31.760557785045489 ], [ -60.504241975465604, -31.761199978328758 ], [ -60.504530284302952, -31.762455493199813 ], [ -60.504642833136387, -31.762949165031454 ], [ -60.504933574802493, -31.764306002240829 ], [ -60.506150554440332, -31.764107998376211 ], [ -60.507124395853737, -31.763951108432781 ], [ -60.507929157689247, -31.763820607617369 ], [ -60.508974289069108, -31.763654396979195 ], [ -60.510080402966651, -31.763467764831574 ], [ -60.510586576856774, -31.763393585641357 ], [ -60.510569921177286, -31.763273714371376 ], [ -60.510286596409685, -31.761873156897625 ], [ -60.51014677107689, -31.761219393936958 ], [ -60.509925120992307, -31.760164457275398 ], [ -60.509591814594657, -31.758536197747713 ], [ -60.509557532355082, -31.758424924785761 ] ] ] } },
{ "type": "Feature", "properties": { "ogc_fid": 84, "sec": 7.0, "gru": 63.0, "etiq": "7-63" }, "geometry": { "type": "Polygon", "coordinates": [ [ [ -60.50296537515591, -31.755142151382913 ], [ -60.503067097688479, -31.755616480126825 ], [ -60.503317111202584, -31.756869736717537 ], [ -60.503522864295526, -31.757808731438413 ], [ -60.503556550833807, -31.758010834884995 ], [ -60.503817462885642, -31.759283924780036 ], [ -60.505036155654025, -31.759100924004898 ], [ -60.505247603677724, -31.759080687973714 ], [ -60.505513089084673, -31.759047074455665 ], [ -60.505795077330575, -31.75900132389042 ], [ -60.506626767654197, -31.758882880102053 ], [ -60.507431786202019, -31.75874112616065 ], [ -60.507916481197114, -31.758666910217656 ], [ -60.509339180020994, -31.758454528064597 ], [ -60.509557532355082, -31.758424924785761 ], [ -60.50950809416576, -31.758264458288366 ], [ -60.509379146048566, -31.757728005142226 ], [ -60.509169154281722, -31.756697295479619 ], [ -60.509098908617055, -31.756321060572752 ], [ -60.508913350281041, -31.755409438539036 ], [ -60.508650395627726, -31.75425326975904 ], [ -60.508642674747364, -31.754216933424239 ], [ -60.507870556757311, -31.754338419504833 ], [ -60.507571540501573, -31.754388362208029 ], [ -60.505985932800968, -31.754645535612685 ], [ -60.50475311118791, -31.754847629190184 ], [ -60.50296537515591, -31.755142151382913 ] ] ] } },
{ "type": "Feature", "properties": { "ogc_fid": 85, "sec": 7.0, "gru": 53.0, "etiq": "7-53" }, "geometry": { "type": "Polygon", "coordinates": [ [ [ -60.509557532355082, -31.758424924785761 ], [ -60.509662339176728, -31.758410715384169 ], [ -60.510409791859303, -31.758292707709362 ], [ -60.510611184631848, -31.758272766628334 ], [ -60.511326554575675, -31.758152760251711 ], [ -60.511522948028919, -31.758128585755536 ], [ -60.511992592734991, -31.758049754067134 ], [ -60.512867253946645, -31.757905683847692 ], [ -60.513590539384019, -31.757792217417439 ], [ -60.513793811622783, -31.757750698145905 ], [ -60.514862310189308, -31.757582248061428 ], [ -60.51527132295508, -31.757520752887526 ], [ -60.515249384001784, -31.757344943609187 ], [ -60.515097955211118, -31.756630661419408 ], [ -60.514893218677436, -31.755632163482332 ], [ -60.51440764066686, -31.753336054529537 ], [ -60.513714151181517, -31.753448800907755 ], [ -60.513695097024915, -31.753448877730669 ], [ -60.513200615259493, -31.753520235028649 ], [ -60.51279317799613, -31.753582300631582 ], [ -60.512345504838173, -31.753654049132226 ], [ -60.512033903611695, -31.753701655932534 ], [ -60.510930741782083, -31.753878049757532 ], [ -60.510259716534193, -31.753975967579983 ], [ -60.50877465386651, -31.754200144841075 ], [ -60.508642674747364, -31.754216933424239 ], [ -60.508650395627726, -31.75425326975904 ], [ -60.508913350281041, -31.755409438539036 ], [ -60.509098908617055, -31.756321060572752 ], [ -60.509169154281722, -31.756697295479619 ], [ -60.509379146048566, -31.757728005142226 ], [ -60.50950809416576, -31.758264458288366 ], [ -60.509557532355082, -31.758424924785761 ] ] ] } },
{ "type": "Feature", "properties": { "ogc_fid": 86, "sec": 7.0, "gru": 52.0, "etiq": "7-52" }, "geometry": { "type": "Polygon", "coordinates": [ [ [ -60.520228625536205, -31.75296553669336 ], [ -60.519963572267621, -31.751755532539406 ], [ -60.519291129476791, -31.75242724136222 ], [ -60.519119726030262, -31.752579522715102 ], [ -60.519035881444182, -31.752619265420371 ], [ -60.518781677769411, -31.752655862401976 ], [ -60.517416839760223, -31.752861156639906 ], [ -60.517019535913001, -31.752915151956287 ], [ -60.514930939624541, -31.753250951964791 ], [ -60.51440764066686, -31.753336054529537 ], [ -60.514893218677436, -31.755632163482332 ], [ -60.515097955211118, -31.756630661419408 ], [ -60.515249384001784, -31.757344943609187 ], [ -60.51527132295508, -31.757520752887526 ], [ -60.515429024716234, -31.757497042015569 ], [ -60.516012226356089, -31.757412345419286 ], [ -60.516917399380695, -31.757275065944917 ], [ -60.517349158515209, -31.757206798274574 ], [ -60.517558899888357, -31.757177600970628 ], [ -60.518737536251372, -31.756996129621459 ], [ -60.519894174420081, -31.756814745373557 ], [ -60.521026688192251, -31.756639168077278 ], [ -60.521018051509536, -31.756592424689646 ], [ -60.520959136308676, -31.75626695328322 ], [ -60.520906375938402, -31.755959442754161 ], [ -60.520680575334374, -31.754855619099111 ], [ -60.520477774516607, -31.754109026998282 ], [ -60.520427383560147, -31.75387497115381 ], [ -60.520228625536205, -31.75296553669336 ] ] ] } },
{ "type": "Feature", "properties": { "ogc_fid": 87, "sec": 7.0, "gru": 37.0, "etiq": "7-37" }, "geometry": { "type": "Polygon", "coordinates": [ [ [ -60.513371676024342, -31.748598882182748 ], [ -60.513805113545395, -31.750550829310839 ], [ -60.514091822288059, -31.751850840505494 ], [ -60.51440764066686, -31.753336054529537 ], [ -60.514930939624541, -31.753250951964791 ], [ -60.517019535913001, -31.752915151956287 ], [ -60.517416839760223, -31.752861156639906 ], [ -60.518781677769411, -31.752655862401976 ], [ -60.519035881444182, -31.752619265420371 ], [ -60.519119726030262, -31.752579522715102 ], [ -60.519291129476791, -31.75242724136222 ], [ -60.519963572267621, -31.751755532539406 ], [ -60.519857476268122, -31.751276042295867 ], [ -60.51958363042192, -31.750035236202876 ], [ -60.519458609959763, -31.749426226816848 ], [ -60.519242732598187, -31.74839903667068 ], [ -60.519053861682451, -31.747490318430081 ], [ -60.519009331417664, -31.74749739639887 ], [ -60.517963147688292, -31.747667065551337 ], [ -60.5166994407709, -31.747857174282359 ], [ -60.516134346351066, -31.747941386757635 ], [ -60.515921360892541, -31.747958558777615 ], [ -60.514753380229976, -31.748151242886426 ], [ -60.513873710751149, -31.748293614354203 ], [ -60.513664279375355, -31.748378724578671 ], [ -60.513486815394437, -31.748493606443535 ], [ -60.513399430146364, -31.748568274951666 ], [ -60.513371676024342, -31.748598882182748 ] ] ] } },
{ "type": "Feature", "properties": { "ogc_fid": 88, "sec": 7.0, "gru": 54.0, "etiq": "7-54" }, "geometry": { "type": "Polygon", "coordinates": [ [ [ -60.508140377830557, -31.751852937786328 ], [ -60.508642674747364, -31.754216933424239 ], [ -60.50877465386651, -31.754200144841075 ], [ -60.510259716534193, -31.753975967579983 ], [ -60.510930741782083, -31.753878049757532 ], [ -60.512033903611695, -31.753701655932534 ], [ -60.512345504838173, -31.753654049132226 ], [ -60.51279317799613, -31.753582300631582 ], [ -60.513200615259493, -31.753520235028649 ], [ -60.513695097024915, -31.753448877730669 ], [ -60.513714151181517, -31.753448800907755 ], [ -60.51440764066686, -31.753336054529537 ], [ -60.514091822288059, -31.751850840505494 ], [ -60.513805113545395, -31.750550829310839 ], [ -60.513371676024342, -31.748598882182748 ], [ -60.512780857480202, -31.749550485979224 ], [ -60.512536322473643, -31.749720276978842 ], [ -60.512190926725317, -31.749949998910811 ], [ -60.51138692530634, -31.750490418055708 ], [ -60.51054571999876, -31.751062861320413 ], [ -60.510525690958438, -31.75107627116498 ], [ -60.509705482708959, -31.751606054400703 ], [ -60.509567331828521, -31.751662777930328 ], [ -60.50864113436598, -31.751806622761762 ], [ -60.50839810141153, -31.751828447270874 ], [ -60.508140377830557, -31.751852937786328 ] ] ] } },
{ "type": "Feature", "properties": { "ogc_fid": 89, "sec": 7.0, "gru": 64.0, "etiq": "7-64" }, "geometry": { "type": "Polygon", "coordinates": [ [ [ -60.50296537515591, -31.755142151382913 ], [ -60.50475311118791, -31.754847629190184 ], [ -60.505985932800968, -31.754645535612685 ], [ -60.507571540501573, -31.754388362208029 ], [ -60.507870556757311, -31.754338419504833 ], [ -60.508642674747364, -31.754216933424239 ], [ -60.508140377830557, -31.751852937786328 ], [ -60.507451614766474, -31.748703353277346 ], [ -60.507442256983843, -31.748657679193922 ], [ -60.507207976609344, -31.748769610097607 ], [ -60.506483884982728, -31.749102420151555 ], [ -60.506018428128229, -31.74932109172514 ], [ -60.505555275694178, -31.749532409622095 ], [ -60.505404233980578, -31.749606975257219 ], [ -60.504965541135149, -31.749903244735414 ], [ -60.504655112147908, -31.750109731567271 ], [ -60.504060498322715, -31.750516272303503 ], [ -60.503146807655384, -31.751138781685466 ], [ -60.502225563117953, -31.751763943604111 ], [ -60.502242281157436, -31.751805764430127 ], [ -60.502734193705116, -31.754057032607474 ], [ -60.502803127969621, -31.754388594865706 ], [ -60.502883627324366, -31.7547649231409 ], [ -60.50296537515591, -31.755142151382913 ] ] ] } },
{ "type": "Feature", "properties": { "ogc_fid": 90, "sec": 7.0, "gru": 38.0, "etiq": "7-38" }, "geometry": { "type": "Polygon", "coordinates": [ [ [ -60.513371676024342, -31.748598882182748 ], [ -60.513399430146364, -31.748568274951666 ], [ -60.513486815394437, -31.748493606443535 ], [ -60.513664279375355, -31.748378724578671 ], [ -60.513873710751149, -31.748293614354203 ], [ -60.514753380229976, -31.748151242886426 ], [ -60.515921360892541, -31.747958558777615 ], [ -60.516134346351066, -31.747941386757635 ], [ -60.5166994407709, -31.747857174282359 ], [ -60.517963147688292, -31.747667065551337 ], [ -60.519009331417664, -31.74749739639887 ], [ -60.519053861682451, -31.747490318430081 ], [ -60.518606737557299, -31.745386772605812 ], [ -60.518280235130689, -31.74387229675802 ], [ -60.518179342905256, -31.743410112914081 ], [ -60.518043779095393, -31.742807032068281 ], [ -60.518006392877069, -31.742639293146699 ], [ -60.517287711830335, -31.742714207460175 ], [ -60.515826447739833, -31.74295951320202 ], [ -60.515254350749942, -31.743051187456143 ], [ -60.515022169516833, -31.743090845243248 ], [ -60.513578638311962, -31.743322576341466 ], [ -60.512373175863452, -31.743516415903244 ], [ -60.512306124080254, -31.743527464336399 ], [ -60.512336839090786, -31.743671176988922 ], [ -60.512626237713334, -31.745051629894252 ], [ -60.512864306896113, -31.746147461568281 ], [ -60.512337707025772, -31.746387923220635 ], [ -60.511227835043329, -31.746900110314122 ], [ -60.511064494065756, -31.746978925840963 ], [ -60.510309174064417, -31.747324047821053 ], [ -60.509670481323155, -31.747621446410708 ], [ -60.508509503550975, -31.74816131829321 ], [ -60.508300625830252, -31.748260803393254 ], [ -60.507648878801191, -31.748559267493192 ], [ -60.507442256983843, -31.748657679193922 ], [ -60.507451614766474, -31.748703353277346 ], [ -60.508140377830557, -31.751852937786328 ], [ -60.50839810141153, -31.751828447270874 ], [ -60.50864113436598, -31.751806622761762 ], [ -60.509567331828521, -31.751662777930328 ], [ -60.509705482708959, -31.751606054400703 ], [ -60.510525690958438, -31.75107627116498 ], [ -60.51054571999876, -31.751062861320413 ], [ -60.51138692530634, -31.750490418055708 ], [ -60.512190926725317, -31.749949998910811 ], [ -60.512536322473643, -31.749720276978842 ], [ -60.512780857480202, -31.749550485979224 ], [ -60.513371676024342, -31.748598882182748 ] ] ] } },
{ "type": "Feature", "properties": { "ogc_fid": 91, "sec": 7.0, "gru": 55.0, "etiq": "7-55" }, "geometry": { "type": "Polygon", "coordinates": [ [ [ -60.506546788444474, -31.744447520683448 ], [ -60.506571329545658, -31.744562884033382 ], [ -60.506700054832592, -31.745148558070376 ], [ -60.506810425286986, -31.745647913415901 ], [ -60.507081211296295, -31.746943666168288 ], [ -60.50722802031823, -31.747612005745783 ], [ -60.507442256983843, -31.748657679193922 ], [ -60.507648878801191, -31.748559267493192 ], [ -60.508300625830252, -31.748260803393254 ], [ -60.508509503550975, -31.74816131829321 ], [ -60.509670481323155, -31.747621446410708 ], [ -60.510309174064417, -31.747324047821053 ], [ -60.511064494065756, -31.746978925840963 ], [ -60.511227835043329, -31.746900110314122 ], [ -60.512337707025772, -31.746387923220635 ], [ -60.512864306896113, -31.746147461568281 ], [ -60.512626237713334, -31.745051629894252 ], [ -60.512336839090786, -31.743671176988922 ], [ -60.512306124080254, -31.743527464336399 ], [ -60.512110232656241, -31.743559742057666 ], [ -60.511462833957296, -31.743663348711376 ], [ -60.510591049174131, -31.743801755721275 ], [ -60.509522221826295, -31.743967821017257 ], [ -60.508548144872549, -31.74412347051501 ], [ -60.507500976188098, -31.744294476274888 ], [ -60.506637938478178, -31.744433478401149 ], [ -60.506546788444474, -31.744447520683448 ] ] ] } },
{ "type": "Feature", "properties": { "ogc_fid": 92, "sec": 7.0, "gru": 65.0, "etiq": "7-65" }, "geometry": { "type": "Polygon", "coordinates": [ [ [ -60.501915114929879, -31.750163200045094 ], [ -60.502114401622372, -31.751197081539331 ], [ -60.50220884509374, -31.751722122775465 ], [ -60.502225563117953, -31.751763943604111 ], [ -60.503146807655384, -31.751138781685466 ], [ -60.504060498322715, -31.750516272303503 ], [ -60.504655112147908, -31.750109731567271 ], [ -60.504965541135149, -31.749903244735414 ], [ -60.505404233980578, -31.749606975257219 ], [ -60.505555275694178, -31.749532409622095 ], [ -60.506018428128229, -31.74932109172514 ], [ -60.506483884982728, -31.749102420151555 ], [ -60.507207976609344, -31.748769610097607 ], [ -60.507442256983843, -31.748657679193922 ], [ -60.50722802031823, -31.747612005745783 ], [ -60.507081211296295, -31.746943666168288 ], [ -60.506810425286986, -31.745647913415901 ], [ -60.506700054832592, -31.745148558070376 ], [ -60.506571329545658, -31.744562884033382 ], [ -60.506546788444474, -31.744447520683448 ], [ -60.50641360049972, -31.744468039067044 ], [ -60.506053468351055, -31.744521656562309 ], [ -60.505073344436568, -31.744682357148385 ], [ -60.504098747021885, -31.744838030348692 ], [ -60.503213003218946, -31.744976465025189 ], [ -60.502232884073692, -31.745131992213402 ], [ -60.501714805425884, -31.745203481990256 ], [ -60.500880684759423, -31.745346610028065 ], [ -60.501375656344081, -31.747639294873384 ], [ -60.501440241588227, -31.747880900797931 ], [ -60.501558363761632, -31.748464833755321 ], [ -60.501711186629834, -31.749274589903884 ], [ -60.501759264575533, -31.74945475549265 ], [ -60.501779077190143, -31.749548042130005 ], [ -60.501915114929879, -31.750163200045094 ] ] ] } },
{ "type": "Feature", "properties": { "ogc_fid": 93, "sec": 7.0, "gru": 39.0, "etiq": "7-39" }, "geometry": { "type": "Polygon", "coordinates": [ [ [ -60.511230025014676, -31.738557120193949 ], [ -60.511436862312408, -31.739425364618352 ], [ -60.511527246096968, -31.739854679013074 ], [ -60.511588822598135, -31.740135579625402 ], [ -60.511781621827545, -31.741034603574963 ], [ -60.511959657723999, -31.741873147080145 ], [ -60.512015184277452, -31.742159375311665 ], [ -60.512205343471912, -31.743055918024094 ], [ -60.512306124080254, -31.743527464336399 ], [ -60.512373175863452, -31.743516415903244 ], [ -60.513578638311962, -31.743322576341466 ], [ -60.515022169516833, -31.743090845243248 ], [ -60.515254350749942, -31.743051187456143 ], [ -60.515826447739833, -31.74295951320202 ], [ -60.517287711830335, -31.742714207460175 ], [ -60.518006392877069, -31.742639293146699 ], [ -60.518005249949375, -31.742634165218671 ], [ -60.517980832978623, -31.742509898721668 ], [ -60.517945160107374, -31.742289460692682 ], [ -60.517730478608527, -31.741302162374478 ], [ -60.517678080898001, -31.74104677930616 ], [ -60.517458231034055, -31.740036521306212 ], [ -60.517289343407143, -31.739255324890451 ], [ -60.516969040841644, -31.73775110613591 ], [ -60.515880256620122, -31.737911137549908 ], [ -60.514838786266004, -31.738050522096284 ], [ -60.511230025014676, -31.738557120193949 ] ] ] } },
{ "type": "Feature", "properties": { "ogc_fid": 94, "sec": 7.0, "gru": 56.0, "etiq": "7-56" }, "geometry": { "type": "Polygon", "coordinates": [ [ [ -60.505447070985888, -31.739389504498813 ], [ -60.505607666994322, -31.740142358751918 ], [ -60.505754472748599, -31.740827660021395 ], [ -60.505901444157288, -31.741460474690573 ], [ -60.506045980294765, -31.742127633076226 ], [ -60.506227130643744, -31.742971536735716 ], [ -60.506434548044083, -31.743919894673827 ], [ -60.506546788444474, -31.744447520683448 ], [ -60.506637938478178, -31.744433478401149 ], [ -60.507500976188098, -31.744294476274888 ], [ -60.508548144872549, -31.74412347051501 ], [ -60.509522221826295, -31.743967821017257 ], [ -60.510591049174131, -31.743801755721275 ], [ -60.511462833957296, -31.743663348711376 ], [ -60.512110232656241, -31.743559742057666 ], [ -60.512306124080254, -31.743527464336399 ], [ -60.512205343471912, -31.743055918024094 ], [ -60.512015184277452, -31.742159375311665 ], [ -60.511959657723999, -31.741873147080145 ], [ -60.511781621827545, -31.741034603574963 ], [ -60.511588822598135, -31.740135579625402 ], [ -60.511527246096968, -31.739854679013074 ], [ -60.511436862312408, -31.739425364618352 ], [ -60.511230025014676, -31.738557120193949 ], [ -60.508301574574268, -31.738978668812564 ], [ -60.506259977362312, -31.739279997219707 ], [ -60.505447070985888, -31.739389504498813 ] ] ] } },
{ "type": "Feature", "properties": { "ogc_fid": 95, "sec": 7.0, "gru": 66.0, "etiq": "7-66" }, "geometry": { "type": "Polygon", "coordinates": [ [ [ -60.499841489765991, -31.740514110966696 ], [ -60.500179853554378, -31.742095029632011 ], [ -60.500495565387553, -31.743559932561972 ], [ -60.50084795095718, -31.745215764426671 ], [ -60.500880684759423, -31.745346610028065 ], [ -60.501714805425884, -31.745203481990256 ], [ -60.502232884073692, -31.745131992213402 ], [ -60.503213003218946, -31.744976465025189 ], [ -60.504098747021885, -31.744838030348692 ], [ -60.505073344436568, -31.744682357148385 ], [ -60.506053468351055, -31.744521656562309 ], [ -60.50641360049972, -31.744468039067044 ], [ -60.506546788444474, -31.744447520683448 ], [ -60.506434548044083, -31.743919894673827 ], [ -60.506227130643744, -31.742971536735716 ], [ -60.506045980294765, -31.742127633076226 ], [ -60.505901444157288, -31.741460474690573 ], [ -60.505754472748599, -31.740827660021395 ], [ -60.505607666994322, -31.740142358751918 ], [ -60.505447070985888, -31.739389504498813 ], [ -60.502569055557871, -31.73977956081999 ], [ -60.502124072958431, -31.739978696432299 ], [ -60.501379825044125, -31.740232139921289 ], [ -60.500586369293494, -31.740396757141383 ], [ -60.499841489765991, -31.740514110966696 ] ] ] } },
{ "type": "Feature", "properties": { "ogc_fid": 96, "sec": 8.0, "gru": 17.0, "etiq": "8-17" }, "geometry": { "type": "Polygon", "coordinates": [ [ [ -60.487164919154409, -31.737374700961677 ], [ -60.487226592832428, -31.737535487493339 ], [ -60.487732694277945, -31.739922089007116 ], [ -60.48823295685041, -31.742313716480794 ], [ -60.490242651782502, -31.741991973289814 ], [ -60.491439929385116, -31.741807766805479 ], [ -60.493871203462163, -31.741464660410212 ], [ -60.494011724146617, -31.741443014371555 ], [ -60.492971544362568, -31.736581913385425 ], [ -60.488004724840138, -31.737272763891095 ], [ -60.487164919154409, -31.737374700961677 ] ] ] } },
{ "type": "Feature", "properties": { "ogc_fid": 97, "sec": 8.0, "gru": 78.0, "etiq": "8-78" }, "geometry": { "type": "Polygon", "coordinates": [ [ [ -60.49879264249217, -31.735663882863037 ], [ -60.492971544362568, -31.736581913385425 ], [ -60.494011724146617, -31.741443014371555 ], [ -60.494013060212843, -31.741442808560908 ], [ -60.496568102555607, -31.741049196852167 ], [ -60.497188944309883, -31.740951601086241 ], [ -60.498365941158752, -31.740761405154142 ], [ -60.499841489765991, -31.740514110966696 ], [ -60.49879264249217, -31.735663882863037 ] ] ] } },
{ "type": "Feature", "properties": { "ogc_fid": 101, "sec": 8.0, "gru": 58.0, "etiq": "8-58" }, "geometry": { "type": "Polygon", "coordinates": [ [ [ -60.503270567806283, -31.731082476582515 ], [ -60.502292975360575, -31.731230847910059 ], [ -60.502339346609716, -31.731766383547747 ], [ -60.502377228837041, -31.732166836151464 ], [ -60.502384564406441, -31.732249673417314 ], [ -60.502554320958509, -31.733093575717668 ], [ -60.502775842080055, -31.734110716092424 ], [ -60.50297503332439, -31.735004113658224 ], [ -60.504541295227334, -31.73477606188861 ], [ -60.50579026704817, -31.734553018307519 ], [ -60.510296029338377, -31.733830905019968 ], [ -60.510292619843661, -31.733711851433647 ], [ -60.509595188822168, -31.730498642409593 ], [ -60.509428543291698, -31.729740343671441 ], [ -60.50927526783191, -31.729024621643568 ], [ -60.509222738472602, -31.72897587184405 ], [ -60.507830111524378, -31.729196656388662 ], [ -60.50801266887489, -31.72996968516069 ], [ -60.507226945095297, -31.730096948412072 ], [ -60.50715981562297, -31.730143054712929 ], [ -60.506934865040208, -31.730486070587435 ], [ -60.506884216150659, -31.730545108107357 ], [ -60.506810500430468, -31.730580267178496 ], [ -60.506527366020606, -31.730629472158896 ], [ -60.504083421510465, -31.731022371993184 ], [ -60.503843659955855, -31.731028678530837 ], [ -60.503476863663934, -31.731062111341519 ], [ -60.503270567806283, -31.731082476582515 ] ] ] } },
{ "type": "Feature", "properties": { "ogc_fid": 102, "sec": 8.0, "gru": 68.0, "etiq": "8-68" }, "geometry": { "type": "Polygon", "coordinates": [ [ [ -60.497734932443976, -31.730786769814181 ], [ -60.498080314491816, -31.732369529888242 ], [ -60.49879264249217, -31.735663882863037 ], [ -60.50297503332439, -31.735004113658224 ], [ -60.502775842080055, -31.734110716092424 ], [ -60.502554320958509, -31.733093575717668 ], [ -60.502384564406441, -31.732249673417314 ], [ -60.502377228837041, -31.732166836151464 ], [ -60.502339346609716, -31.731766383547747 ], [ -60.502292975360575, -31.731230847910059 ], [ -60.502021166285076, -31.730613776386583 ], [ -60.501762915452574, -31.730022109457515 ], [ -60.501186264097242, -31.730323131785326 ], [ -60.501052526365648, -31.730331530848556 ], [ -60.50091306562723, -31.730343707449258 ], [ -60.500700461719532, -31.730339764676128 ], [ -60.500463934256743, -31.7303429141813 ], [ -60.499653303388065, -31.730502568476641 ], [ -60.499375027483843, -31.730551331202687 ], [ -60.49884173276817, -31.73060885687125 ], [ -60.497734932443976, -31.730786769814181 ] ] ] } },
{ "type": "Feature", "properties": { "ogc_fid": 104, "sec": 8.0, "gru": 18.0, "etiq": "8-18" }, "geometry": { "type": "Polygon", "coordinates": [ [ [ -60.488603108046334, -31.732292364709028 ], [ -60.486239013997334, -31.732614969986933 ], [ -60.486521250247186, -31.734193344619054 ], [ -60.486460390550491, -31.734249314185799 ], [ -60.487113022168174, -31.737239402316025 ], [ -60.487164919154409, -31.737374700961677 ], [ -60.488004724840138, -31.737272763891095 ], [ -60.492971544362568, -31.736581913385425 ], [ -60.491926583681249, -31.73169792896924 ], [ -60.491789560924573, -31.731057465629871 ], [ -60.491666811970219, -31.730747487514602 ], [ -60.491543551750233, -31.730260172180333 ], [ -60.491532630504842, -31.730200760953377 ], [ -60.490622846262035, -31.730671130642854 ], [ -60.489892322728032, -31.731158210496378 ], [ -60.488603108046334, -31.732292364709028 ] ] ] } },
{ "type": "Feature", "properties": { "ogc_fid": 105, "sec": 8.0, "gru": 41.0, "etiq": "8-41" }, "geometry": { "type": "Polygon", "coordinates": [ [ [ -60.51595119516346, -31.732926749330417 ], [ -60.515784870654066, -31.732161479706804 ], [ -60.515431471977685, -31.730498669482458 ], [ -60.515257287337342, -31.729611236373447 ], [ -60.515110076379017, -31.728845583365228 ], [ -60.514957099287869, -31.728060407421211 ], [ -60.514912551517341, -31.728067344081598 ], [ -60.513500444130337, -31.728300154986471 ], [ -60.512105160361692, -31.728518846343441 ], [ -60.509222738472602, -31.72897587184405 ], [ -60.50927526783191, -31.729024621643568 ], [ -60.509428543291698, -31.729740343671441 ], [ -60.509595188822168, -31.730498642409593 ], [ -60.510292619843661, -31.733711851433647 ], [ -60.510296029338377, -31.733830905019968 ], [ -60.511624322121911, -31.733617994492207 ], [ -60.515906791936025, -31.732934439747496 ], [ -60.51595119516346, -31.732926749330417 ] ] ] } },
{ "type": "Feature", "properties": { "ogc_fid": 106, "sec": 8.0, "gru": 59.0, "etiq": "8-59" }, "geometry": { "type": "Polygon", "coordinates": [ [ [ -60.500175321414751, -31.726147473533722 ], [ -60.500624714965184, -31.726556374252205 ], [ -60.50117061598263, -31.726509408747223 ], [ -60.501238608441724, -31.726521635910778 ], [ -60.501718074689911, -31.726805370104493 ], [ -60.502344479207679, -31.727069120809297 ], [ -60.502463735348663, -31.727493326482616 ], [ -60.502657445050986, -31.727480345038984 ], [ -60.502902990309259, -31.728594793237995 ], [ -60.502726229936755, -31.72862430435833 ], [ -60.503115446024999, -31.730386233168073 ], [ -60.503270567806283, -31.731082476582515 ], [ -60.503476863663934, -31.731062111341519 ], [ -60.503843659955855, -31.731028678530837 ], [ -60.504083421510465, -31.731022371993184 ], [ -60.506527366020606, -31.730629472158896 ], [ -60.506810500430468, -31.730580267178496 ], [ -60.506884216150659, -31.730545108107357 ], [ -60.506934865040208, -31.730486070587435 ], [ -60.50715981562297, -31.730143054712929 ], [ -60.507226945095297, -31.730096948412072 ], [ -60.50801266887489, -31.72996968516069 ], [ -60.507830111524378, -31.729196656388662 ], [ -60.509222738472602, -31.72897587184405 ], [ -60.509140519439484, -31.728899568435732 ], [ -60.508181159256985, -31.724442401359603 ], [ -60.508126940539533, -31.724136899483067 ], [ -60.506751130301296, -31.724345219099447 ], [ -60.505810330250199, -31.724499742904715 ], [ -60.504983144272494, -31.724648197085603 ], [ -60.503844216705858, -31.724905538592317 ], [ -60.503652117484492, -31.724948254479955 ], [ -60.502968033715952, -31.725137838497339 ], [ -60.502340055249043, -31.725322599161949 ], [ -60.502258858524236, -31.725346488175003 ], [ -60.501840261481455, -31.725486423611322 ], [ -60.501060786894094, -31.725789442811575 ], [ -60.5003570896139, -31.726070472631449 ], [ -60.500175321414751, -31.726147473533722 ] ] ] } },
{ "type": "Feature", "properties": { "ogc_fid": 107, "sec": 8.0, "gru": 69.0, "etiq": "8-69" }, "geometry": { "type": "Polygon", "coordinates": [ [ [ -60.497734932443976, -31.730786769814181 ], [ -60.49884173276817, -31.73060885687125 ], [ -60.499375027483843, -31.730551331202687 ], [ -60.499653303388065, -31.730502568476641 ], [ -60.500463934256743, -31.7303429141813 ], [ -60.500700461719532, -31.730339764676128 ], [ -60.50091306562723, -31.730343707449258 ], [ -60.501052526365648, -31.730331530848556 ], [ -60.501186264097242, -31.730323131785326 ], [ -60.501762915452574, -31.730022109457515 ], [ -60.502021166285076, -31.730613776386583 ], [ -60.502292975360575, -31.731230847910059 ], [ -60.503270567806283, -31.731082476582515 ], [ -60.503115446024999, -31.730386233168073 ], [ -60.502726229936755, -31.72862430435833 ], [ -60.502902990309259, -31.728594793237995 ], [ -60.502657445050986, -31.727480345038984 ], [ -60.502463735348663, -31.727493326482616 ], [ -60.502344479207679, -31.727069120809297 ], [ -60.501718074689911, -31.726805370104493 ], [ -60.501238608441724, -31.726521635910778 ], [ -60.50117061598263, -31.726509408747223 ], [ -60.500624714965184, -31.726556374252205 ], [ -60.500175321414751, -31.726147473533722 ], [ -60.499769159481112, -31.726319531034783 ], [ -60.498504331371116, -31.726922827044699 ], [ -60.497356482253863, -31.727465860164308 ], [ -60.49705303108874, -31.727608827044186 ], [ -60.497100329589699, -31.727878467757801 ], [ -60.49724230204788, -31.728529125694838 ], [ -60.497357101181429, -31.729048900806163 ], [ -60.497599631819348, -31.730162506616743 ], [ -60.497734932443976, -31.730786769814181 ] ] ] } },
{ "type": "Feature", "properties": { "ogc_fid": 108, "sec": 8.0, "gru": 80.0, "etiq": "8-80" }, "geometry": { "type": "Polygon", "coordinates": [ [ [ -60.49705303108874, -31.727608827044186 ], [ -60.495746421379998, -31.728234543226705 ], [ -60.494937555312937, -31.728604993663257 ], [ -60.494472177556055, -31.728823857024327 ], [ -60.491532630504842, -31.730200760953377 ], [ -60.491543551750233, -31.730260172180333 ], [ -60.491666811970219, -31.730747487514602 ], [ -60.491789560924573, -31.731057465629871 ], [ -60.491926583681249, -31.73169792896924 ], [ -60.497734932443976, -31.730786769814181 ], [ -60.497599631819348, -31.730162506616743 ], [ -60.497357101181429, -31.729048900806163 ], [ -60.49724230204788, -31.728529125694838 ], [ -60.497100329589699, -31.727878467757801 ], [ -60.49705303108874, -31.727608827044186 ] ] ] } },
{ "type": "Feature", "properties": { "ogc_fid": 109, "sec": 8.0, "gru": 42.0, "etiq": "8-42" }, "geometry": { "type": "Polygon", "coordinates": [ [ [ -60.508326706338536, -31.724106650444668 ], [ -60.508126940539533, -31.724136899483067 ], [ -60.508181159256985, -31.724442401359603 ], [ -60.509140519439484, -31.728899568435732 ], [ -60.509222738472602, -31.72897587184405 ], [ -60.512105160361692, -31.728518846343441 ], [ -60.513500444130337, -31.728300154986471 ], [ -60.514912551517341, -31.728067344081598 ], [ -60.514957099287869, -31.728060407421211 ], [ -60.514653082214366, -31.726636947065529 ], [ -60.514506286731539, -31.725969215338971 ], [ -60.514426631311451, -31.725563024900008 ], [ -60.514374115113121, -31.725307823628423 ], [ -60.514261837243787, -31.724787519432883 ], [ -60.514158287452304, -31.724305657096959 ], [ -60.514099639308299, -31.724005818145741 ], [ -60.513897473219266, -31.723098986385377 ], [ -60.513852926753273, -31.723105922808976 ], [ -60.513365456345525, -31.723270056781015 ], [ -60.513053538436537, -31.723338570698573 ], [ -60.511201245394645, -31.72364417639033 ], [ -60.511211335298562, -31.723693968246263 ], [ -60.51108285253386, -31.723715165259751 ], [ -60.509255859710322, -31.723965951345107 ], [ -60.508326706338536, -31.724106650444668 ] ] ] } },
{ "type": "Feature", "properties": { "ogc_fid": 110, "sec": 8.0, "gru": 60.0, "etiq": "8-60" }, "geometry": { "type": "Polygon", "coordinates": [ [ [ -60.503138320971296, -31.71981964401456 ], [ -60.503344343433859, -31.721841251101047 ], [ -60.503388301748856, -31.722277297723391 ], [ -60.503497414828146, -31.723398053949136 ], [ -60.503652117484492, -31.724948254479955 ], [ -60.503844216705858, -31.724905538592317 ], [ -60.504983144272494, -31.724648197085603 ], [ -60.505810330250199, -31.724499742904715 ], [ -60.506751130301296, -31.724345219099447 ], [ -60.508126940539533, -31.724136899483067 ], [ -60.508326706338536, -31.724106650444668 ], [ -60.508250640933944, -31.723739654174278 ], [ -60.507751061018283, -31.721586527275921 ], [ -60.508870167131839, -31.721409857471834 ], [ -60.507688642821279, -31.720694194423778 ], [ -60.507533176175663, -31.720611094831767 ], [ -60.507236213194616, -31.720289651010692 ], [ -60.50702929612801, -31.719998823415441 ], [ -60.506781673337109, -31.719291600938174 ], [ -60.504095127852892, -31.719682390859951 ], [ -60.503138320971296, -31.71981964401456 ] ] ] } },
{ "type": "Feature", "properties": { "ogc_fid": 111, "sec": 8.0, "gru": 43.0, "etiq": "8-43" }, "geometry": { "type": "Polygon", "coordinates": [ [ [ -60.512914379357767, -31.718333812323543 ], [ -60.512075652991491, -31.718468398319594 ], [ -60.510281839460433, -31.718762200068678 ], [ -60.509120087380403, -31.718518393062727 ], [ -60.509272990597751, -31.719257170362003 ], [ -60.507738090765898, -31.719163651038873 ], [ -60.507155912377961, -31.719232253324389 ], [ -60.506976894987304, -31.71926320130196 ], [ -60.506781673337109, -31.719291600938174 ], [ -60.50702929612801, -31.719998823415441 ], [ -60.507236213194616, -31.720289651010692 ], [ -60.507533176175663, -31.720611094831767 ], [ -60.507688642821279, -31.720694194423778 ], [ -60.508870167131839, -31.721409857471834 ], [ -60.507751061018283, -31.721586527275921 ], [ -60.508250640933944, -31.723739654174278 ], [ -60.508326706338536, -31.724106650444668 ], [ -60.509255859710322, -31.723965951345107 ], [ -60.51108285253386, -31.723715165259751 ], [ -60.511211335298562, -31.723693968246263 ], [ -60.511201245394645, -31.72364417639033 ], [ -60.513053538436537, -31.723338570698573 ], [ -60.513365456345525, -31.723270056781015 ], [ -60.513852926753273, -31.723105922808976 ], [ -60.513897473219266, -31.723098986385377 ], [ -60.513636445437449, -31.721839940964049 ], [ -60.512914379357767, -31.718333812323543 ] ] ] } },
{ "type": "Feature", "properties": { "ogc_fid": 112, "sec": 8.0, "gru": 44.0, "etiq": "8-44" }, "geometry": { "type": "Polygon", "coordinates": [ [ [ -60.506595534458725, -31.713505544497881 ], [ -60.506573385263721, -31.713615242143401 ], [ -60.506345590880287, -31.713971282261337 ], [ -60.506365578621548, -31.71417043473539 ], [ -60.506276390453209, -31.714278881804169 ], [ -60.506159262703569, -31.714388854749284 ], [ -60.506000978136449, -31.714509902284234 ], [ -60.506145720046412, -31.714664797910455 ], [ -60.506330986762684, -31.715348894069436 ], [ -60.506406566735258, -31.715442798708814 ], [ -60.506467432257473, -31.715670422586186 ], [ -60.506645362579931, -31.716600992938201 ], [ -60.506450041131565, -31.716587303632299 ], [ -60.506499036350576, -31.717001235221648 ], [ -60.5066127600263, -31.717662255934467 ], [ -60.506652629498177, -31.717807742850749 ], [ -60.50677208361332, -31.718109736054242 ], [ -60.506976894987304, -31.71926320130196 ], [ -60.507155912377961, -31.719232253324389 ], [ -60.507738090765898, -31.719163651038873 ], [ -60.509272990597751, -31.719257170362003 ], [ -60.509120087380403, -31.718518393062727 ], [ -60.510281839460433, -31.718762200068678 ], [ -60.512075652991491, -31.718468398319594 ], [ -60.512914379357767, -31.718333812323543 ], [ -60.512634376974134, -31.716968239058762 ], [ -60.512516250110004, -31.716504405192136 ], [ -60.511552093465326, -31.715868304857391 ], [ -60.510861574921933, -31.715385737687818 ], [ -60.510450813508676, -31.714859677188773 ], [ -60.509873482657959, -31.71433242416165 ], [ -60.509390031558169, -31.713913481475601 ], [ -60.5088273157874, -31.713466844085996 ], [ -60.5085800174394, -31.713274396789139 ], [ -60.50831598577161, -31.712956365696922 ], [ -60.508327213701385, -31.712684692868336 ], [ -60.507490371840987, -31.712409652952324 ], [ -60.507334364134934, -31.712896272934167 ], [ -60.507161415865689, -31.713071855594716 ], [ -60.506821647778523, -31.713410859139959 ], [ -60.506595534458725, -31.713505544497881 ] ] ] } },
{ "type": "Feature", "properties": { "ogc_fid": 113, "sec": 8.0, "gru": 61.0, "etiq": "8-61" }, "geometry": { "type": "Polygon", "coordinates": [ [ [ -60.502488254145966, -31.709232710064942 ], [ -60.502047552103321, -31.710873884603593 ], [ -60.501895344633866, -31.711521997725043 ], [ -60.50159973100331, -31.712810013558347 ], [ -60.501479376283775, -31.713413005549409 ], [ -60.501442930166249, -31.713888900937707 ], [ -60.501435404636084, -31.71433983915648 ], [ -60.50146285287417, -31.714595326176411 ], [ -60.501621193083501, -31.714986989082313 ], [ -60.501764808880274, -31.715300148192025 ], [ -60.501992285971639, -31.715770446866436 ], [ -60.502222672308264, -31.716291163890421 ], [ -60.502480041451037, -31.716976404680949 ], [ -60.502692279314857, -31.717738033386492 ], [ -60.502840710469236, -31.718288029910436 ], [ -60.503000457768195, -31.718885938002252 ], [ -60.503080255054719, -31.719249851776933 ], [ -60.503138320971296, -31.71981964401456 ], [ -60.504095127852892, -31.719682390859951 ], [ -60.506781673337109, -31.719291600938174 ], [ -60.506976894987304, -31.71926320130196 ], [ -60.50677208361332, -31.718109736054242 ], [ -60.506652629498177, -31.717807742850749 ], [ -60.5066127600263, -31.717662255934467 ], [ -60.506499036350576, -31.717001235221648 ], [ -60.506450041131565, -31.716587303632299 ], [ -60.506645362579931, -31.716600992938201 ], [ -60.506467432257473, -31.715670422586186 ], [ -60.506406566735258, -31.715442798708814 ], [ -60.506330986762684, -31.715348894069436 ], [ -60.506145720046412, -31.714664797910455 ], [ -60.506000978136449, -31.714509902284234 ], [ -60.506159262703569, -31.714388854749284 ], [ -60.506276390453209, -31.714278881804169 ], [ -60.506365578621548, -31.71417043473539 ], [ -60.506345590880287, -31.713971282261337 ], [ -60.506573385263721, -31.713615242143401 ], [ -60.506595534458725, -31.713505544497881 ], [ -60.505723914652862, -31.712742436164543 ], [ -60.504734617892062, -31.711820197184537 ], [ -60.503982404310008, -31.711373572124948 ], [ -60.50375320623715, -31.711327029122042 ], [ -60.503660656755713, -31.71114674032982 ], [ -60.503430984394207, -31.710838803687306 ], [ -60.503204592074809, -31.710323488462798 ], [ -60.50313019215298, -31.710164499917045 ], [ -60.502885469053737, -31.709754978745533 ], [ -60.502488254145966, -31.709232710064942 ] ] ] } },
{ "type": "Feature", "properties": { "ogc_fid": 114, "sec": 9.0, "gru": 93.0, "etiq": "9-93" }, "geometry": { "type": "Polygon", "coordinates": [ [ [ -60.489803655461799, -31.777302378813491 ], [ -60.48929328855629, -31.777379573241554 ], [ -60.485722805055012, -31.777926663716492 ], [ -60.484233550930909, -31.778151265885651 ], [ -60.484111123897172, -31.778178853230862 ], [ -60.484136162931733, -31.778304600358002 ], [ -60.484440425430769, -31.779780938162627 ], [ -60.48496476542509, -31.782346035685272 ], [ -60.485082537774382, -31.782973232954788 ], [ -60.485093487063558, -31.783029154487551 ], [ -60.486818071080258, -31.782766821121058 ], [ -60.48828880289738, -31.782547048945908 ], [ -60.490855515588869, -31.782152423197136 ], [ -60.490610700089917, -31.781059033907514 ], [ -60.490038849944234, -31.778351476189908 ], [ -60.489803655461799, -31.777302378813491 ] ] ] } },
{ "type": "Feature", "properties": { "ogc_fid": 115, "sec": 9.0, "gru": 92.0, "etiq": "9-92" }, "geometry": { "type": "Polygon", "coordinates": [ [ [ -60.495529698471294, -31.776433889131575 ], [ -60.49274742077597, -31.776856991579631 ], [ -60.489803655461799, -31.777302378813491 ], [ -60.490038849944234, -31.778351476189908 ], [ -60.490610700089917, -31.781059033907514 ], [ -60.490855515588869, -31.782152423197136 ], [ -60.491435826610214, -31.782064109639098 ], [ -60.491991289701282, -31.781979983642415 ], [ -60.493722015528782, -31.781716162892742 ], [ -60.496513794277995, -31.781291225943136 ], [ -60.496195387635915, -31.779727246207703 ], [ -60.496176628474373, -31.779643663557167 ], [ -60.4957425141952, -31.777494216198448 ], [ -60.495529698471294, -31.776433889131575 ] ] ] } },
{ "type": "Feature", "properties": { "ogc_fid": 116, "sec": 9.0, "gru": 91.0, "etiq": "9-91" }, "geometry": { "type": "Polygon", "coordinates": [ [ [ -60.502305434136304, -31.780410318851516 ], [ -60.502192311102895, -31.779865849689557 ], [ -60.502108975775045, -31.779464746542907 ], [ -60.501949693500798, -31.778755853865814 ], [ -60.501907353522405, -31.778552465378834 ], [ -60.501784784581972, -31.777982273615326 ], [ -60.501690667853644, -31.777550539954152 ], [ -60.50159265857797, -31.77712870744973 ], [ -60.501522135168884, -31.776776344796573 ], [ -60.501484058104374, -31.776601426812228 ], [ -60.501249428053363, -31.775544328703269 ], [ -60.499445600606983, -31.775835214772663 ], [ -60.498394661432989, -31.775991554632423 ], [ -60.496951716978643, -31.776216657467199 ], [ -60.495818593753548, -31.77638995297438 ], [ -60.495529698471294, -31.776433889131575 ], [ -60.4957425141952, -31.777494216198448 ], [ -60.496176628474373, -31.779643663557167 ], [ -60.496195387635915, -31.779727246207703 ], [ -60.496513794277995, -31.781291225943136 ], [ -60.499394456972936, -31.780852424682646 ], [ -60.500669135100374, -31.78065922790098 ], [ -60.502305434136304, -31.780410318851516 ] ] ] } },
{ "type": "Feature", "properties": { "ogc_fid": 198, "sec": 12.0, "gru": 152.0, "etiq": "12-152" }, "geometry": { "type": "Polygon", "coordinates": [ [ [ -60.515814565840842, -31.787700684350064 ], [ -60.516549270721796, -31.787581330263968 ], [ -60.519984839993299, -31.787032683857767 ], [ -60.521617309426659, -31.786765236538567 ], [ -60.521451694746141, -31.785992495454988 ], [ -60.520549907334015, -31.781911227807441 ], [ -60.519262163877173, -31.782117859024464 ], [ -60.518821965628177, -31.782189764505222 ], [ -60.51821391664209, -31.782270623289371 ], [ -60.517555038151457, -31.782368145408519 ], [ -60.514869260662124, -31.782777737418947 ], [ -60.514700831935095, -31.782802747764524 ], [ -60.515305551176283, -31.785427612536274 ], [ -60.515814565840842, -31.787700684350064 ] ] ] } },
{ "type": "Feature", "properties": { "ogc_fid": 117, "sec": 9.0, "gru": 90.0, "etiq": "9-90" }, "geometry": { "type": "Polygon", "coordinates": [ [ [ -60.508050687412151, -31.778907078117246 ], [ -60.507467609425227, -31.776227666436991 ], [ -60.507276350601302, -31.775220280274663 ], [ -60.507063059304535, -31.774241859252754 ], [ -60.507004605791316, -31.774044143092766 ], [ -60.505066892902775, -31.774372027474641 ], [ -60.504194230208604, -31.774520127066186 ], [ -60.503074080683199, -31.774708140539722 ], [ -60.501134325970888, -31.775038291828174 ], [ -60.501193433305815, -31.775292047190526 ], [ -60.501249428053363, -31.775544328703269 ], [ -60.501484058104374, -31.776601426812228 ], [ -60.501522135168884, -31.776776344796573 ], [ -60.50159265857797, -31.77712870744973 ], [ -60.501690667853644, -31.777550539954152 ], [ -60.501784784581972, -31.777982273615326 ], [ -60.501907353522405, -31.778552465378834 ], [ -60.501949693500798, -31.778755853865814 ], [ -60.502108975775045, -31.779464746542907 ], [ -60.502192311102895, -31.779865849689557 ], [ -60.508050687412151, -31.778907078117246 ] ] ] } },
{ "type": "Feature", "properties": { "ogc_fid": 118, "sec": 9.0, "gru": 95.0, "etiq": "9-95" }, "geometry": { "type": "Polygon", "coordinates": [ [ [ -60.484111123897172, -31.778178853230862 ], [ -60.48387388811598, -31.776987426909205 ], [ -60.483229726364314, -31.773922924265115 ], [ -60.483099827740318, -31.773313731010106 ], [ -60.482952277475086, -31.773333929794749 ], [ -60.480820146638266, -31.773665027088267 ], [ -60.479003802399021, -31.77393891218853 ], [ -60.477357302032928, -31.774203517061824 ], [ -60.477447978975171, -31.774679368525813 ], [ -60.477764923592218, -31.77628234909912 ], [ -60.477963929827084, -31.777091318022542 ], [ -60.478137337234088, -31.778056024685359 ], [ -60.478348762656971, -31.779062938007929 ], [ -60.481781432417321, -31.77854697576182 ], [ -60.483995008814816, -31.77820501813601 ], [ -60.484111123897172, -31.778178853230862 ] ] ] } },
{ "type": "Feature", "properties": { "ogc_fid": 119, "sec": 9.0, "gru": 64.0, "etiq": "9-64" }, "geometry": { "type": "Polygon", "coordinates": [ [ [ -60.484111123897172, -31.778178853230862 ], [ -60.484233550930909, -31.778151265885651 ], [ -60.485722805055012, -31.777926663716492 ], [ -60.48929328855629, -31.777379573241554 ], [ -60.489803655461799, -31.777302378813491 ], [ -60.489772644178586, -31.777164049482284 ], [ -60.489435301168044, -31.775532969748483 ], [ -60.48913067205693, -31.774097434330923 ], [ -60.488844647485188, -31.772737652281982 ], [ -60.488779888749988, -31.772432467521927 ], [ -60.48788262527107, -31.772580867685392 ], [ -60.486572497968808, -31.772776623095723 ], [ -60.483334428138555, -31.773281615192268 ], [ -60.483099827740318, -31.773313731010106 ], [ -60.483229726364314, -31.773922924265115 ], [ -60.48387388811598, -31.776987426909205 ], [ -60.484111123897172, -31.778178853230862 ] ] ] } },
{ "type": "Feature", "properties": { "ogc_fid": 120, "sec": 9.0, "gru": 63.0, "etiq": "9-63" }, "geometry": { "type": "Polygon", "coordinates": [ [ [ -60.495529698471294, -31.776433889131575 ], [ -60.495518637627427, -31.776378779195085 ], [ -60.495394869435735, -31.775904678915065 ], [ -60.495321764261718, -31.775523156622079 ], [ -60.495150784967876, -31.774818130626048 ], [ -60.495095201945013, -31.774586408131562 ], [ -60.494850620016841, -31.773427986624935 ], [ -60.49466200608915, -31.772550920790028 ], [ -60.494541782692593, -31.771955483762586 ], [ -60.494491386916437, -31.771809740759988 ], [ -60.494460767138342, -31.771593171773016 ], [ -60.493880695487519, -31.771686854633963 ], [ -60.492244222357648, -31.771935518303572 ], [ -60.490020907013808, -31.772249281012503 ], [ -60.48901843690799, -31.7723930124336 ], [ -60.488779888749988, -31.772432467521927 ], [ -60.488844647485188, -31.772737652281982 ], [ -60.48913067205693, -31.774097434330923 ], [ -60.489435301168044, -31.775532969748483 ], [ -60.489772644178586, -31.777164049482284 ], [ -60.489803655461799, -31.777302378813491 ], [ -60.49274742077597, -31.776856991579631 ], [ -60.495529698471294, -31.776433889131575 ] ] ] } },
{ "type": "Feature", "properties": { "ogc_fid": 121, "sec": 9.0, "gru": 62.0, "etiq": "9-62" }, "geometry": { "type": "Polygon", "coordinates": [ [ [ -60.500217253345653, -31.770694262202884 ], [ -60.499153762884205, -31.770868339077026 ], [ -60.497630315684461, -31.771098953713988 ], [ -60.496548049076992, -31.771265299162373 ], [ -60.495401452482703, -31.771440890546874 ], [ -60.494714339992562, -31.771552218305793 ], [ -60.494460767138342, -31.771593171773016 ], [ -60.494491386916437, -31.771809740759988 ], [ -60.494541782692593, -31.771955483762586 ], [ -60.49466200608915, -31.772550920790028 ], [ -60.494850620016841, -31.773427986624935 ], [ -60.495095201945013, -31.774586408131562 ], [ -60.495150784967876, -31.774818130626048 ], [ -60.495321764261718, -31.775523156622079 ], [ -60.495394869435735, -31.775904678915065 ], [ -60.495518637627427, -31.776378779195085 ], [ -60.495529698471294, -31.776433889131575 ], [ -60.495818593753548, -31.77638995297438 ], [ -60.496951716978643, -31.776216657467199 ], [ -60.498394661432989, -31.775991554632423 ], [ -60.499445600606983, -31.775835214772663 ], [ -60.501249428053363, -31.775544328703269 ], [ -60.501193433305815, -31.775292047190526 ], [ -60.501134325970888, -31.775038291828174 ], [ -60.501065750034272, -31.774743884707636 ], [ -60.50072068540063, -31.773083404760808 ], [ -60.500341387753799, -31.771300022528379 ], [ -60.500217253345653, -31.770694262202884 ] ] ] } },
{ "type": "Feature", "properties": { "ogc_fid": 122, "sec": 9.0, "gru": 61.0, "etiq": "9-61" }, "geometry": { "type": "Polygon", "coordinates": [ [ [ -60.50010754723548, -31.770158903206713 ], [ -60.500217253345653, -31.770694262202884 ], [ -60.500341387753799, -31.771300022528379 ], [ -60.50072068540063, -31.773083404760808 ], [ -60.501065750034272, -31.774743884707636 ], [ -60.501134325970888, -31.775038291828174 ], [ -60.503074080683199, -31.774708140539722 ], [ -60.504194230208604, -31.774520127066186 ], [ -60.505066892902775, -31.774372027474641 ], [ -60.507004605791316, -31.774044143092766 ], [ -60.506950448956125, -31.773860959437453 ], [ -60.506840915642989, -31.773040694911156 ], [ -60.506671463839979, -31.772291375588441 ], [ -60.506569067200502, -31.771913029862944 ], [ -60.50647349100791, -31.771548792766968 ], [ -60.506086016698823, -31.76980104946939 ], [ -60.505962876109905, -31.769180668635382 ], [ -60.505331954797732, -31.769280345176515 ], [ -60.504680250518334, -31.769382221894936 ], [ -60.502942515332791, -31.769684403976516 ], [ -60.50010754723548, -31.770158903206713 ] ] ] } },
{ "type": "Feature", "properties": { "ogc_fid": 123, "sec": 9.0, "gru": 96.0, "etiq": "9-96" }, "geometry": { "type": "Polygon", "coordinates": [ [ [ -60.482078504860873, -31.768465385225348 ], [ -60.479740749361973, -31.76882596562562 ], [ -60.479227799137519, -31.768904163224253 ], [ -60.47897535857679, -31.768935606674038 ], [ -60.477996251101594, -31.769059922643969 ], [ -60.477480604709143, -31.769043756115629 ], [ -60.476293100247027, -31.768983959769443 ], [ -60.476359624260603, -31.769346820379457 ], [ -60.476391811495091, -31.769522387177187 ], [ -60.476471455386879, -31.769981484889559 ], [ -60.476639028113482, -31.770790692907674 ], [ -60.476708104589683, -31.771103019918776 ], [ -60.476931708009062, -31.772101412975424 ], [ -60.476992708362559, -31.772389823110792 ], [ -60.477099484982084, -31.772850525121747 ], [ -60.477357302032928, -31.774203517061824 ], [ -60.479003802399021, -31.77393891218853 ], [ -60.480820146638266, -31.773665027088267 ], [ -60.482952277475086, -31.773333929794749 ], [ -60.483099827740318, -31.773313731010106 ], [ -60.483074211471958, -31.773193595886067 ], [ -60.482670437875676, -31.771253314406248 ], [ -60.482309903399482, -31.769553498310685 ], [ -60.482078504860873, -31.768465385225348 ] ] ] } },
{ "type": "Feature", "properties": { "ogc_fid": 124, "sec": 9.0, "gru": 65.0, "etiq": "9-65" }, "geometry": { "type": "Polygon", "coordinates": [ [ [ -60.488779888749988, -31.772432467521927 ], [ -60.488768494012255, -31.772378767978758 ], [ -60.488596197660961, -31.771472027506171 ], [ -60.4883611405632, -31.770316168838434 ], [ -60.488228572744738, -31.7698201681381 ], [ -60.488081685136486, -31.769051414461615 ], [ -60.487802130333918, -31.767668598314739 ], [ -60.487769431225658, -31.767575555404367 ], [ -60.487124172149983, -31.767671205853233 ], [ -60.485085093874652, -31.767997263464341 ], [ -60.482240600708316, -31.768440381524051 ], [ -60.482078504860873, -31.768465385225348 ], [ -60.482309903399482, -31.769553498310685 ], [ -60.482670437875676, -31.771253314406248 ], [ -60.483074211471958, -31.773193595886067 ], [ -60.483099827740318, -31.773313731010106 ], [ -60.483334428138555, -31.773281615192268 ], [ -60.486572497968808, -31.772776623095723 ], [ -60.48788262527107, -31.772580867685392 ], [ -60.488779888749988, -31.772432467521927 ] ] ] } },
{ "type": "Feature", "properties": { "ogc_fid": 125, "sec": 9.0, "gru": 37.0, "etiq": "9-37" }, "geometry": { "type": "Polygon", "coordinates": [ [ [ -60.493452564016835, -31.766714750653986 ], [ -60.492296690067036, -31.766892871755786 ], [ -60.489891750785397, -31.767260927413201 ], [ -60.487769431225658, -31.767575555404367 ], [ -60.487802130333918, -31.767668598314739 ], [ -60.488081685136486, -31.769051414461615 ], [ -60.488228572744738, -31.7698201681381 ], [ -60.4883611405632, -31.770316168838434 ], [ -60.488596197660961, -31.771472027506171 ], [ -60.488768494012255, -31.772378767978758 ], [ -60.488779888749988, -31.772432467521927 ], [ -60.48901843690799, -31.7723930124336 ], [ -60.490020907013808, -31.772249281012503 ], [ -60.492244222357648, -31.771935518303572 ], [ -60.493880695487519, -31.771686854633963 ], [ -60.494460767138342, -31.771593171773016 ], [ -60.494445295556602, -31.771483743243412 ], [ -60.49402605111564, -31.769548209805826 ], [ -60.493819303066012, -31.768512962588549 ], [ -60.493489330609279, -31.766879289393088 ], [ -60.493452564016835, -31.766714750653986 ] ] ] } },
{ "type": "Feature", "properties": { "ogc_fid": 126, "sec": 9.0, "gru": 36.0, "etiq": "9-36" }, "geometry": { "type": "Polygon", "coordinates": [ [ [ -60.499199115683773, -31.765837931697035 ], [ -60.49787028799485, -31.766036255105512 ], [ -60.496210550657842, -31.766285778374147 ], [ -60.493886970172497, -31.766647805433916 ], [ -60.493452564016835, -31.766714750653986 ], [ -60.493489330609279, -31.766879289393088 ], [ -60.493819303066012, -31.768512962588549 ], [ -60.49402605111564, -31.769548209805826 ], [ -60.494445295556602, -31.771483743243412 ], [ -60.494460767138342, -31.771593171773016 ], [ -60.494714339992562, -31.771552218305793 ], [ -60.495401452482703, -31.771440890546874 ], [ -60.496548049076992, -31.771265299162373 ], [ -60.497630315684461, -31.771098953713988 ], [ -60.499153762884205, -31.770868339077026 ], [ -60.500217253345653, -31.770694262202884 ], [ -60.50010754723548, -31.770158903206713 ], [ -60.499917177472554, -31.769229895117409 ], [ -60.499488586487132, -31.767229500966813 ], [ -60.499199115683773, -31.765837931697035 ] ] ] } },
{ "type": "Feature", "properties": { "ogc_fid": 127, "sec": 9.0, "gru": 35.0, "etiq": "9-35" }, "geometry": { "type": "Polygon", "coordinates": [ [ [ -60.50010754723548, -31.770158903206713 ], [ -60.502942515332791, -31.769684403976516 ], [ -60.504680250518334, -31.769382221894936 ], [ -60.505331954797732, -31.769280345176515 ], [ -60.505962876109905, -31.769180668635382 ], [ -60.505939794277758, -31.769064381661853 ], [ -60.505683776439518, -31.767841921713529 ], [ -60.505557697539444, -31.767277586904804 ], [ -60.505438501993339, -31.766673865205568 ], [ -60.505187340041871, -31.765490243100437 ], [ -60.504933574802493, -31.764306002240829 ], [ -60.503333803022976, -31.764587401941661 ], [ -60.50250817826474, -31.76471740603689 ], [ -60.50178512445715, -31.764833051911108 ], [ -60.500559199689931, -31.765052723952607 ], [ -60.49908926351668, -31.765309829251496 ], [ -60.499199115683773, -31.765837931697035 ], [ -60.499488586487132, -31.767229500966813 ], [ -60.499917177472554, -31.769229895117409 ], [ -60.50010754723548, -31.770158903206713 ] ] ] } },
{ "type": "Feature", "properties": { "ogc_fid": 128, "sec": 9.0, "gru": 97.0, "etiq": "9-97" }, "geometry": { "type": "Polygon", "coordinates": [ [ [ -60.482078504860873, -31.768465385225348 ], [ -60.481969549251787, -31.767953030300468 ], [ -60.481747125996115, -31.766890444327547 ], [ -60.481672598328565, -31.766541406779837 ], [ -60.481551172431118, -31.765950221188035 ], [ -60.481492132594539, -31.765682323849308 ], [ -60.481355533818068, -31.765057336714872 ], [ -60.481269077819647, -31.764646955739089 ], [ -60.481127355357927, -31.763911685095184 ], [ -60.481057306674678, -31.763582341020992 ], [ -60.480865412396589, -31.763611550668674 ], [ -60.479564874639301, -31.763803572175849 ], [ -60.479136846380648, -31.763873956949134 ], [ -60.478128270647169, -31.764032688939711 ], [ -60.477050461442204, -31.764204571962715 ], [ -60.476997638996586, -31.764212537208977 ], [ -60.475364968659498, -31.764455574495422 ], [ -60.475463835035804, -31.764913328847054 ], [ -60.475836609854618, -31.766736662232173 ], [ -60.476270026630871, -31.768820363581622 ], [ -60.476293100247027, -31.768983959769443 ], [ -60.477480604709143, -31.769043756115629 ], [ -60.477996251101594, -31.769059922643969 ], [ -60.47897535857679, -31.768935606674038 ], [ -60.479227799137519, -31.768904163224253 ], [ -60.479740749361973, -31.76882596562562 ], [ -60.482078504860873, -31.768465385225348 ] ] ] } },
{ "type": "Feature", "properties": { "ogc_fid": 129, "sec": 9.0, "gru": 66.0, "etiq": "9-66" }, "geometry": { "type": "Polygon", "coordinates": [ [ [ -60.481057306674678, -31.763582341020992 ], [ -60.481127355357927, -31.763911685095184 ], [ -60.481269077819647, -31.764646955739089 ], [ -60.481355533818068, -31.765057336714872 ], [ -60.481492132594539, -31.765682323849308 ], [ -60.481551172431118, -31.765950221188035 ], [ -60.481672598328565, -31.766541406779837 ], [ -60.481747125996115, -31.766890444327547 ], [ -60.481969549251787, -31.767953030300468 ], [ -60.482078504860873, -31.768465385225348 ], [ -60.482240600708316, -31.768440381524051 ], [ -60.485085093874652, -31.767997263464341 ], [ -60.487124172149983, -31.767671205853233 ], [ -60.487769431225658, -31.767575555404367 ], [ -60.487726322930371, -31.767452893611434 ], [ -60.487479231256323, -31.766242321507772 ], [ -60.48714112663248, -31.764570802740298 ], [ -60.486849528098979, -31.763246131527037 ], [ -60.486731846164467, -31.762719609580916 ], [ -60.486019230199233, -31.762826508311313 ], [ -60.485120335107254, -31.762970273585925 ], [ -60.483890085380814, -31.763151107108129 ], [ -60.481057306674678, -31.763582341020992 ] ] ] } },
{ "type": "Feature", "properties": { "ogc_fid": 130, "sec": 9.0, "gru": 38.0, "etiq": "9-38" }, "geometry": { "type": "Polygon", "coordinates": [ [ [ -60.493452564016835, -31.766714750653986 ], [ -60.493437795793312, -31.766648659371398 ], [ -60.492944417778212, -31.764272908035608 ], [ -60.492707952220677, -31.763147540915909 ], [ -60.492598148079715, -31.762600415841771 ], [ -60.492439938936172, -31.761841665085573 ], [ -60.492259144648642, -31.76186912630115 ], [ -60.491118363499815, -31.762037258073494 ], [ -60.489705259563138, -31.7622540210598 ], [ -60.489580360473198, -31.762273708386957 ], [ -60.488971301140225, -31.762373796768543 ], [ -60.488447673326476, -31.762451067950604 ], [ -60.487892888299093, -31.762545709107499 ], [ -60.486731846164467, -31.762719609580916 ], [ -60.486849528098979, -31.763246131527037 ], [ -60.48714112663248, -31.764570802740298 ], [ -60.487479231256323, -31.766242321507772 ], [ -60.487726322930371, -31.767452893611434 ], [ -60.487769431225658, -31.767575555404367 ], [ -60.489891750785397, -31.767260927413201 ], [ -60.492296690067036, -31.766892871755786 ], [ -60.493452564016835, -31.766714750653986 ] ] ] } },
{ "type": "Feature", "properties": { "ogc_fid": 131, "sec": 9.0, "gru": 12.0, "etiq": "9-12" }, "geometry": { "type": "Polygon", "coordinates": [ [ [ -60.498156403990684, -31.760966327589294 ], [ -60.496583564888525, -31.761208201646799 ], [ -60.495064169774082, -31.76145191186632 ], [ -60.49359475118824, -31.76164863051191 ], [ -60.493180870554085, -31.761729120615357 ], [ -60.492439938936172, -31.761841665085573 ], [ -60.492598148079715, -31.762600415841771 ], [ -60.492707952220677, -31.763147540915909 ], [ -60.492944417778212, -31.764272908035608 ], [ -60.493437795793312, -31.766648659371398 ], [ -60.493452564016835, -31.766714750653986 ], [ -60.493886970172497, -31.766647805433916 ], [ -60.496210550657842, -31.766285778374147 ], [ -60.49787028799485, -31.766036255105512 ], [ -60.499199115683773, -31.765837931697035 ], [ -60.49908926351668, -31.765309829251496 ], [ -60.499039967149031, -31.765072840217645 ], [ -60.498916976172197, -31.764500089018238 ], [ -60.498537582026934, -31.762740514567131 ], [ -60.498365206797757, -31.761901811947794 ], [ -60.498156403990684, -31.760966327589294 ] ] ] } },
{ "type": "Feature", "properties": { "ogc_fid": 132, "sec": 9.0, "gru": 11.0, "etiq": "9-11" }, "geometry": { "type": "Polygon", "coordinates": [ [ [ -60.497999702656607, -31.760209958342685 ], [ -60.498050124129726, -31.760490161843084 ], [ -60.498156403990684, -31.760966327589294 ], [ -60.498365206797757, -31.761901811947794 ], [ -60.498537582026934, -31.762740514567131 ], [ -60.498916976172197, -31.764500089018238 ], [ -60.499039967149031, -31.765072840217645 ], [ -60.49908926351668, -31.765309829251496 ], [ -60.500559199689931, -31.765052723952607 ], [ -60.50178512445715, -31.764833051911108 ], [ -60.50250817826474, -31.76471740603689 ], [ -60.503333803022976, -31.764587401941661 ], [ -60.504933574802493, -31.764306002240829 ], [ -60.504642833136387, -31.762949165031454 ], [ -60.504530284302952, -31.762455493199813 ], [ -60.504241975465604, -31.761199978328758 ], [ -60.504097650697332, -31.760557785045489 ], [ -60.50404592458748, -31.760398646690692 ], [ -60.503817462885642, -31.759283924780036 ], [ -60.503120985755238, -31.759420541195919 ], [ -60.502235830096041, -31.759560474453203 ], [ -60.500406991627514, -31.759857165430933 ], [ -60.497999702656607, -31.760209958342685 ] ] ] } },
{ "type": "Feature", "properties": { "ogc_fid": 133, "sec": 9.0, "gru": 98.0, "etiq": "9-98" }, "geometry": { "type": "Polygon", "coordinates": [ [ [ -60.475364968659498, -31.764455574495422 ], [ -60.476997638996586, -31.764212537208977 ], [ -60.477050461442204, -31.764204571962715 ], [ -60.478128270647169, -31.764032688939711 ], [ -60.479136846380648, -31.763873956949134 ], [ -60.479564874639301, -31.763803572175849 ], [ -60.480865412396589, -31.763611550668674 ], [ -60.481057306674678, -31.763582341020992 ], [ -60.480752564402174, -31.762149522203945 ], [ -60.480320985515625, -31.760115070473127 ], [ -60.480116004509853, -31.759144578468366 ], [ -60.480074828872745, -31.758911649342707 ], [ -60.480046423715834, -31.75877006969062 ], [ -60.480023363742866, -31.758680177482667 ], [ -60.479710914821993, -31.75872759544399 ], [ -60.47832730227767, -31.758935051571189 ], [ -60.478263102784375, -31.758945006421158 ], [ -60.478196616009903, -31.758955315903357 ], [ -60.477724435208565, -31.759030608400241 ], [ -60.477196396627967, -31.760854902097257 ], [ -60.477135691855345, -31.761063985508954 ], [ -60.476999496417498, -31.76136235999439 ], [ -60.476754909120991, -31.76173770614329 ], [ -60.476204392218698, -31.762242833065162 ], [ -60.475733011394581, -31.762596369059963 ], [ -60.475110136472367, -31.763085528689864 ], [ -60.475184908336765, -31.763627931956844 ], [ -60.475364968659498, -31.764455574495422 ] ] ] } },
{ "type": "Feature", "properties": { "ogc_fid": 199, "sec": 12.0, "gru": 180.0, "etiq": "12-180" }, "geometry": { "type": "Polygon", "coordinates": [ [ [ -60.562553031579348, -31.785328571929455 ], [ -60.566622231152969, -31.784695400435922 ], [ -60.566606915713919, -31.784622409415661 ], [ -60.568039910501824, -31.784403021152343 ], [ -60.566964631402456, -31.779619460377194 ], [ -60.561679123452045, -31.780491227201157 ], [ -60.56146189825116, -31.780508540102332 ], [ -60.562553031579348, -31.785328571929455 ] ] ] } },
{ "type": "Feature", "properties": { "ogc_fid": 134, "sec": 9.0, "gru": 67.0, "etiq": "9-67" }, "geometry": { "type": "Polygon", "coordinates": [ [ [ -60.480016654714319, -31.758654024364983 ], [ -60.480023363742866, -31.758680177482667 ], [ -60.480046423715834, -31.75877006969062 ], [ -60.480074828872745, -31.758911649342707 ], [ -60.480116004509853, -31.759144578468366 ], [ -60.480320985515625, -31.760115070473127 ], [ -60.480752564402174, -31.762149522203945 ], [ -60.481057306674678, -31.763582341020992 ], [ -60.483890085380814, -31.763151107108129 ], [ -60.485120335107254, -31.762970273585925 ], [ -60.486019230199233, -31.762826508311313 ], [ -60.486731846164467, -31.762719609580916 ], [ -60.486722542809943, -31.762677985078497 ], [ -60.486614471034322, -31.762129068221402 ], [ -60.486505828196641, -31.76162996614929 ], [ -60.486440640235315, -31.761362871287108 ], [ -60.486418110850551, -31.761263567161908 ], [ -60.48620809605972, -31.760197638498063 ], [ -60.486023926512196, -31.759295116000683 ], [ -60.485814375108042, -31.758271203261902 ], [ -60.485706739381904, -31.757818475235865 ], [ -60.484736191870944, -31.757964274822168 ], [ -60.483888237366472, -31.758097539200506 ], [ -60.480845312471466, -31.758539896446521 ], [ -60.480349931209744, -31.758604850439276 ], [ -60.480016654714319, -31.758654024364983 ] ] ] } },
{ "type": "Feature", "properties": { "ogc_fid": 135, "sec": 9.0, "gru": 39.0, "etiq": "9-39" }, "geometry": { "type": "Polygon", "coordinates": [ [ [ -60.492439938936172, -31.761841665085573 ], [ -60.492430384780512, -31.761795844161451 ], [ -60.492183242126174, -31.760631931365026 ], [ -60.491945753376214, -31.759537392736842 ], [ -60.491908901597945, -31.759309315094111 ], [ -60.491652914320689, -31.75817472214311 ], [ -60.49140599921158, -31.757106169115978 ], [ -60.49136310998999, -31.756958057773584 ], [ -60.491178205319926, -31.756983729182377 ], [ -60.489666206913341, -31.757218762413327 ], [ -60.489346286235481, -31.757265561416897 ], [ -60.487388810356272, -31.757565769142182 ], [ -60.485706739381904, -31.757818475235865 ], [ -60.485814375108042, -31.758271203261902 ], [ -60.486023926512196, -31.759295116000683 ], [ -60.48620809605972, -31.760197638498063 ], [ -60.486418110850551, -31.761263567161908 ], [ -60.486440640235315, -31.761362871287108 ], [ -60.486505828196641, -31.76162996614929 ], [ -60.486614471034322, -31.762129068221402 ], [ -60.486722542809943, -31.762677985078497 ], [ -60.486731846164467, -31.762719609580916 ], [ -60.487892888299093, -31.762545709107499 ], [ -60.488447673326476, -31.762451067950604 ], [ -60.488971301140225, -31.762373796768543 ], [ -60.489580360473198, -31.762273708386957 ], [ -60.489705259563138, -31.7622540210598 ], [ -60.491118363499815, -31.762037258073494 ], [ -60.492259144648642, -31.76186912630115 ], [ -60.492439938936172, -31.761841665085573 ] ] ] } },
{ "type": "Feature", "properties": { "ogc_fid": 136, "sec": 9.0, "gru": 13.0, "etiq": "9-13" }, "geometry": { "type": "Polygon", "coordinates": [ [ [ -60.497087924968717, -31.755943586597247 ], [ -60.497035789542785, -31.755690157739675 ], [ -60.496956730940639, -31.755339047333869 ], [ -60.496484527389264, -31.755650059292112 ], [ -60.496028219308201, -31.755945792840514 ], [ -60.495662751471706, -31.756185197996551 ], [ -60.495440883280978, -31.756319232759139 ], [ -60.494850029940309, -31.75644365041822 ], [ -60.493802788056044, -31.756602684065104 ], [ -60.493416585037117, -31.756663616282875 ], [ -60.492991471387626, -31.756728412764517 ], [ -60.492549210113921, -31.756774901444608 ], [ -60.49136310998999, -31.756958057773584 ], [ -60.49140599921158, -31.757106169115978 ], [ -60.491652914320689, -31.75817472214311 ], [ -60.491908901597945, -31.759309315094111 ], [ -60.491945753376214, -31.759537392736842 ], [ -60.492183242126174, -31.760631931365026 ], [ -60.492430384780512, -31.761795844161451 ], [ -60.492439938936172, -31.761841665085573 ], [ -60.493180870554085, -31.761729120615357 ], [ -60.49359475118824, -31.76164863051191 ], [ -60.495064169774082, -31.76145191186632 ], [ -60.496583564888525, -31.761208201646799 ], [ -60.498156403990684, -31.760966327589294 ], [ -60.498050124129726, -31.760490161843084 ], [ -60.497999702656607, -31.760209958342685 ], [ -60.497980914359452, -31.760105547079831 ], [ -60.497528357349999, -31.75805526322592 ], [ -60.497341393646131, -31.757175669982264 ], [ -60.497087924968717, -31.755943586597247 ] ] ] } },
{ "type": "Feature", "properties": { "ogc_fid": 137, "sec": 9.0, "gru": 74.0, "etiq": "9-74" }, "geometry": { "type": "Polygon", "coordinates": [ [ [ -60.503817462885642, -31.759283924780036 ], [ -60.503556550833807, -31.758010834884995 ], [ -60.503522864295526, -31.757808731438413 ], [ -60.503317111202584, -31.756869736717537 ], [ -60.503067097688479, -31.755616480126825 ], [ -60.50296537515591, -31.755142151382913 ], [ -60.501635189165057, -31.75534163716112 ], [ -60.50081606596769, -31.755477843352278 ], [ -60.500000945852385, -31.755596530579481 ], [ -60.498969792735366, -31.755758764527503 ], [ -60.498715716129325, -31.75577375766003 ], [ -60.498354910358024, -31.755761171121566 ], [ -60.498055873523221, -31.755800835507262 ], [ -60.497087924968717, -31.755943586597247 ], [ -60.497341393646131, -31.757175669982264 ], [ -60.497528357349999, -31.75805526322592 ], [ -60.497980914359452, -31.760105547079831 ], [ -60.497999702656607, -31.760209958342685 ], [ -60.500406991627514, -31.759857165430933 ], [ -60.502235830096041, -31.759560474453203 ], [ -60.503120985755238, -31.759420541195919 ], [ -60.503817462885642, -31.759283924780036 ] ] ] } },
{ "type": "Feature", "properties": { "ogc_fid": 138, "sec": 9.0, "gru": 99.0, "etiq": "9-99" }, "geometry": { "type": "Polygon", "coordinates": [ [ [ -60.480016654714319, -31.758654024364983 ], [ -60.479982878425993, -31.758522357488861 ], [ -60.479565062478578, -31.756613817014763 ], [ -60.479505164157949, -31.756502670704347 ], [ -60.479363225695408, -31.755885542589319 ], [ -60.47911764235495, -31.754856576525121 ], [ -60.478263102784375, -31.758945006421158 ], [ -60.47832730227767, -31.758935051571189 ], [ -60.479710914821993, -31.75872759544399 ], [ -60.480023363742866, -31.758680177482667 ], [ -60.480016654714319, -31.758654024364983 ] ] ] } },
{ "type": "Feature", "properties": { "ogc_fid": 139, "sec": 9.0, "gru": 68.0, "etiq": "9-68" }, "geometry": { "type": "Polygon", "coordinates": [ [ [ -60.47911764235495, -31.754856576525121 ], [ -60.479363225695408, -31.755885542589319 ], [ -60.479505164157949, -31.756502670704347 ], [ -60.479565062478578, -31.756613817014763 ], [ -60.479982878425993, -31.758522357488861 ], [ -60.480016654714319, -31.758654024364983 ], [ -60.480349931209744, -31.758604850439276 ], [ -60.480845312471466, -31.758539896446521 ], [ -60.483888237366472, -31.758097539200506 ], [ -60.484736191870944, -31.757964274822168 ], [ -60.485706739381904, -31.757818475235865 ], [ -60.485443467998522, -31.756687946589594 ], [ -60.485113761349034, -31.755071905760719 ], [ -60.484799769329499, -31.753542900160614 ], [ -60.484669363679295, -31.752940254934849 ], [ -60.483810714968357, -31.753068681920972 ], [ -60.482360840827752, -31.753286651897461 ], [ -60.479949980240519, -31.753656924774759 ], [ -60.479350876154783, -31.75374597704721 ], [ -60.47911764235495, -31.754856576525121 ] ] ] } },
{ "type": "Feature", "properties": { "ogc_fid": 140, "sec": 9.0, "gru": 40.0, "etiq": "9-40" }, "geometry": { "type": "Polygon", "coordinates": [ [ [ -60.490320172608101, -31.752061233284053 ], [ -60.490181805734018, -31.752095728300826 ], [ -60.487399742513581, -31.752520384059409 ], [ -60.486433228096018, -31.752676416761648 ], [ -60.484669363679295, -31.752940254934849 ], [ -60.484799769329499, -31.753542900160614 ], [ -60.485113761349034, -31.755071905760719 ], [ -60.485443467998522, -31.756687946589594 ], [ -60.485706739381904, -31.757818475235865 ], [ -60.487388810356272, -31.757565769142182 ], [ -60.489346286235481, -31.757265561416897 ], [ -60.489666206913341, -31.757218762413327 ], [ -60.491178205319926, -31.756983729182377 ], [ -60.49136310998999, -31.756958057773584 ], [ -60.491333385117244, -31.756855407194688 ], [ -60.491131881639589, -31.755821586300364 ], [ -60.491012586857764, -31.755167815226752 ], [ -60.490857155544219, -31.754447663487209 ], [ -60.490746293853078, -31.75370257128515 ], [ -60.490417730500994, -31.7522280122745 ], [ -60.490320172608101, -31.752061233284053 ] ] ] } },
{ "type": "Feature", "properties": { "ogc_fid": 141, "sec": 9.0, "gru": 14.0, "etiq": "9-14" }, "geometry": { "type": "Polygon", "coordinates": [ [ [ -60.496084277455509, -31.751210446052482 ], [ -60.494487349559904, -31.751449064868801 ], [ -60.493121964134595, -31.751650793627977 ], [ -60.491690790728889, -31.751844743615802 ], [ -60.491445613786084, -31.751844284152355 ], [ -60.491354407932221, -31.75184265870654 ], [ -60.491129101637028, -31.751859562859067 ], [ -60.490320172608101, -31.752061233284053 ], [ -60.490417730500994, -31.7522280122745 ], [ -60.490746293853078, -31.75370257128515 ], [ -60.490857155544219, -31.754447663487209 ], [ -60.491012586857764, -31.755167815226752 ], [ -60.491131881639589, -31.755821586300364 ], [ -60.491333385117244, -31.756855407194688 ], [ -60.49136310998999, -31.756958057773584 ], [ -60.492549210113921, -31.756774901444608 ], [ -60.492991471387626, -31.756728412764517 ], [ -60.493416585037117, -31.756663616282875 ], [ -60.493802788056044, -31.756602684065104 ], [ -60.494850029940309, -31.75644365041822 ], [ -60.495440883280978, -31.756319232759139 ], [ -60.495662751471706, -31.756185197996551 ], [ -60.496028219308201, -31.755945792840514 ], [ -60.496484527389264, -31.755650059292112 ], [ -60.496956730940639, -31.755339047333869 ], [ -60.49691788329595, -31.75516651843548 ], [ -60.496573073294954, -31.753538032688009 ], [ -60.496114923976052, -31.751361304264172 ], [ -60.496084277455509, -31.751210446052482 ] ] ] } },
{ "type": "Feature", "properties": { "ogc_fid": 142, "sec": 9.0, "gru": 75.0, "etiq": "9-75" }, "geometry": { "type": "Polygon", "coordinates": [ [ [ -60.501915114929879, -31.750163200045094 ], [ -60.500452714521337, -31.750433481477831 ], [ -60.498599704606697, -31.750765468290368 ], [ -60.497606233836493, -31.750951138974209 ], [ -60.496255120460283, -31.751184916809233 ], [ -60.496084277455509, -31.751210446052482 ], [ -60.496114923976052, -31.751361304264172 ], [ -60.496573073294954, -31.753538032688009 ], [ -60.49691788329595, -31.75516651843548 ], [ -60.496956730940639, -31.755339047333869 ], [ -60.497035789542785, -31.755690157739675 ], [ -60.497087924968717, -31.755943586597247 ], [ -60.498055873523221, -31.755800835507262 ], [ -60.498354910358024, -31.755761171121566 ], [ -60.498715716129325, -31.75577375766003 ], [ -60.498969792735366, -31.755758764527503 ], [ -60.500000945852385, -31.755596530579481 ], [ -60.50081606596769, -31.755477843352278 ], [ -60.501635189165057, -31.75534163716112 ], [ -60.50296537515591, -31.755142151382913 ], [ -60.502883627324366, -31.7547649231409 ], [ -60.502803127969621, -31.754388594865706 ], [ -60.502734193705116, -31.754057032607474 ], [ -60.502242281157436, -31.751805764430127 ], [ -60.502225563117953, -31.751763943604111 ], [ -60.50220884509374, -31.751722122775465 ], [ -60.502114401622372, -31.751197081539331 ], [ -60.501915114929879, -31.750163200045094 ] ] ] } },
{ "type": "Feature", "properties": { "ogc_fid": 143, "sec": 9.0, "gru": 69.0, "etiq": "9-69" }, "geometry": { "type": "Polygon", "coordinates": [ [ [ -60.481953809932314, -31.748272952876075 ], [ -60.481855468229831, -31.748541458698028 ], [ -60.481721630562916, -31.748808225430786 ], [ -60.481194186867796, -31.749725335205309 ], [ -60.48071463106406, -31.750428714680481 ], [ -60.480082301359069, -31.751524729129908 ], [ -60.479849721420173, -31.752001828984888 ], [ -60.47973378744841, -31.752300087235003 ], [ -60.479628001352701, -31.752614774847508 ], [ -60.47948991776402, -31.753211680705199 ], [ -60.479350876154783, -31.75374597704721 ], [ -60.479949980240519, -31.753656924774759 ], [ -60.482360840827752, -31.753286651897461 ], [ -60.483810714968357, -31.753068681920972 ], [ -60.484669363679295, -31.752940254934849 ], [ -60.484508101414853, -31.752195000246079 ], [ -60.484209348503967, -31.750790341297954 ], [ -60.48405259250022, -31.750069378580065 ], [ -60.483895215055007, -31.749324168532635 ], [ -60.483656318137747, -31.748217856222141 ], [ -60.483614885921696, -31.748007546139245 ], [ -60.483432084191151, -31.748029061919386 ], [ -60.48256533294478, -31.748174816698565 ], [ -60.482034447505882, -31.748259600441234 ], [ -60.481953809932314, -31.748272952876075 ] ] ] } },
{ "type": "Feature", "properties": { "ogc_fid": 144, "sec": 9.0, "gru": 41.0, "etiq": "9-41" }, "geometry": { "type": "Polygon", "coordinates": [ [ [ -60.489270571993885, -31.747143346568592 ], [ -60.48719339647694, -31.747456582432473 ], [ -60.484879547042262, -31.747808956389509 ], [ -60.483834236820464, -31.747981728159882 ], [ -60.483614885921696, -31.748007546139245 ], [ -60.483656318137747, -31.748217856222141 ], [ -60.483895215055007, -31.749324168532635 ], [ -60.48405259250022, -31.750069378580065 ], [ -60.484209348503967, -31.750790341297954 ], [ -60.484508101414853, -31.752195000246079 ], [ -60.484669363679295, -31.752940254934849 ], [ -60.486433228096018, -31.752676416761648 ], [ -60.487399742513581, -31.752520384059409 ], [ -60.490181805734018, -31.752095728300826 ], [ -60.490320172608101, -31.752061233284053 ], [ -60.490237245550603, -31.751919465733206 ], [ -60.489907775179411, -31.750269939499962 ], [ -60.489568450227424, -31.748478896499492 ], [ -60.489270878742751, -31.747144851718673 ], [ -60.489270571993885, -31.747143346568592 ] ] ] } },
{ "type": "Feature", "properties": { "ogc_fid": 145, "sec": 9.0, "gru": 15.0, "etiq": "9-15" }, "geometry": { "type": "Polygon", "coordinates": [ [ [ -60.489270878742751, -31.747144851718673 ], [ -60.489568450227424, -31.748478896499492 ], [ -60.489907775179411, -31.750269939499962 ], [ -60.490237245550603, -31.751919465733206 ], [ -60.490320172608101, -31.752061233284053 ], [ -60.491129101637028, -31.751859562859067 ], [ -60.491354407932221, -31.75184265870654 ], [ -60.491445613786084, -31.751844284152355 ], [ -60.491690790728889, -31.751844743615802 ], [ -60.493121964134595, -31.751650793627977 ], [ -60.494487349559904, -31.751449064868801 ], [ -60.496084277455509, -31.751210446052482 ], [ -60.495981942668003, -31.750706696926059 ], [ -60.495661911053304, -31.749225698656449 ], [ -60.495534014766172, -31.748624299956681 ], [ -60.495194490616356, -31.747053175597607 ], [ -60.495091036799415, -31.746537666160997 ], [ -60.49503894745564, -31.746280585047796 ], [ -60.494864802686749, -31.746307960056111 ], [ -60.494030893141137, -31.746435893935399 ], [ -60.492431667487295, -31.746674242746618 ], [ -60.491755603379566, -31.74677864768779 ], [ -60.491391339740851, -31.746833139215767 ], [ -60.490691060053258, -31.74693566938916 ], [ -60.490525075117645, -31.746962722472201 ], [ -60.489796022401016, -31.747071775564677 ], [ -60.489270878742751, -31.747144851718673 ] ] ] } },
{ "type": "Feature", "properties": { "ogc_fid": 146, "sec": 9.0, "gru": 76.0, "etiq": "9-76" }, "geometry": { "type": "Polygon", "coordinates": [ [ [ -60.501915114929879, -31.750163200045094 ], [ -60.501779077190143, -31.749548042130005 ], [ -60.501759264575533, -31.74945475549265 ], [ -60.501711186629834, -31.749274589903884 ], [ -60.501558363761632, -31.748464833755321 ], [ -60.501440241588227, -31.747880900797931 ], [ -60.501375656344081, -31.747639294873384 ], [ -60.500880684759423, -31.745346610028065 ], [ -60.500210145252936, -31.745460940706064 ], [ -60.499581720416167, -31.745552476033687 ], [ -60.497544843719112, -31.74588704672037 ], [ -60.496728825597074, -31.746014928360012 ], [ -60.49503894745564, -31.746280585047796 ], [ -60.495091036799415, -31.746537666160997 ], [ -60.495194490616356, -31.747053175597607 ], [ -60.495534014766172, -31.748624299956681 ], [ -60.495661911053304, -31.749225698656449 ], [ -60.495981942668003, -31.750706696926059 ], [ -60.496084277455509, -31.751210446052482 ], [ -60.496255120460283, -31.751184916809233 ], [ -60.497606233836493, -31.750951138974209 ], [ -60.498599704606697, -31.750765468290368 ], [ -60.500452714521337, -31.750433481477831 ], [ -60.501915114929879, -31.750163200045094 ] ] ] } },
{ "type": "Feature", "properties": { "ogc_fid": 147, "sec": 9.0, "gru": 77.0, "etiq": "9-77" }, "geometry": { "type": "Polygon", "coordinates": [ [ [ -60.500880684759423, -31.745346610028065 ], [ -60.50084795095718, -31.745215764426671 ], [ -60.500495565387553, -31.743559932561972 ], [ -60.500179853554378, -31.742095029632011 ], [ -60.499841489765991, -31.740514110966696 ], [ -60.498365941158752, -31.740761405154142 ], [ -60.497188944309883, -31.740951601086241 ], [ -60.496568102555607, -31.741049196852167 ], [ -60.494013060212843, -31.741442808560908 ], [ -60.494298004802573, -31.742795165470323 ], [ -60.494415902087091, -31.743322903177148 ], [ -60.494524666454168, -31.743882984811179 ], [ -60.494544479448116, -31.744001649295459 ], [ -60.494636465160539, -31.744165073662323 ], [ -60.494839139391459, -31.744401769848086 ], [ -60.494950678364411, -31.744634725265904 ], [ -60.495068777221277, -31.745199312221825 ], [ -60.49510913282738, -31.745432071837243 ], [ -60.495109699241986, -31.745538527673315 ], [ -60.495091279372218, -31.745681907792264 ], [ -60.495044324837643, -31.74587043875653 ], [ -60.495006569918949, -31.745985232321257 ], [ -60.495007310476836, -31.746124443554297 ], [ -60.49503894745564, -31.746280585047796 ], [ -60.496728825597074, -31.746014928360012 ], [ -60.497544843719112, -31.74588704672037 ], [ -60.499581720416167, -31.745552476033687 ], [ -60.500210145252936, -31.745460940706064 ], [ -60.500880684759423, -31.745346610028065 ] ] ] } },
{ "type": "Feature", "properties": { "ogc_fid": 148, "sec": 9.0, "gru": 16.0, "etiq": "9-16" }, "geometry": { "type": "Polygon", "coordinates": [ [ [ -60.489270571993885, -31.747143346568592 ], [ -60.489270878742751, -31.747144851718673 ], [ -60.489796022401016, -31.747071775564677 ], [ -60.490525075117645, -31.746962722472201 ], [ -60.490691060053258, -31.74693566938916 ], [ -60.491391339740851, -31.746833139215767 ], [ -60.491755603379566, -31.74677864768779 ], [ -60.492431667487295, -31.746674242746618 ], [ -60.494030893141137, -31.746435893935399 ], [ -60.494864802686749, -31.746307960056111 ], [ -60.49503894745564, -31.746280585047796 ], [ -60.495007310476836, -31.746124443554297 ], [ -60.495006569918949, -31.745985232321257 ], [ -60.495044324837643, -31.74587043875653 ], [ -60.495091279372218, -31.745681907792264 ], [ -60.495109699241986, -31.745538527673315 ], [ -60.49510913282738, -31.745432071837243 ], [ -60.495068777221277, -31.745199312221825 ], [ -60.494950678364411, -31.744634725265904 ], [ -60.494839139391459, -31.744401769848086 ], [ -60.494636465160539, -31.744165073662323 ], [ -60.494544479448116, -31.744001649295459 ], [ -60.494524666454168, -31.743882984811179 ], [ -60.494415902087091, -31.743322903177148 ], [ -60.494298004802573, -31.742795165470323 ], [ -60.494013060212843, -31.741442808560908 ], [ -60.494011724146617, -31.741443014371555 ], [ -60.493871203462163, -31.741464660410212 ], [ -60.491439929385116, -31.741807766805479 ], [ -60.490242651782502, -31.741991973289814 ], [ -60.48823295685041, -31.742313716480794 ], [ -60.488791661416577, -31.744853544633575 ], [ -60.488798336239, -31.744884832700095 ], [ -60.488803384732059, -31.744909736771167 ], [ -60.48886225547394, -31.74516868552811 ], [ -60.489050954616147, -31.746011828536663 ], [ -60.489065712769637, -31.746138135339745 ], [ -60.489270571993885, -31.747143346568592 ] ] ] } },
{ "type": "Feature", "properties": { "ogc_fid": 200, "sec": 12.0, "gru": 181.0, "etiq": "12-181" }, "geometry": { "type": "Polygon", "coordinates": [ [ [ -60.556829711986417, -31.786221353757423 ], [ -60.559482647130871, -31.785813866592143 ], [ -60.562397785044851, -31.785352725703618 ], [ -60.562553031579348, -31.785328571929455 ], [ -60.56146189825116, -31.780508540102332 ], [ -60.561326009579631, -31.78051937027092 ], [ -60.559367609025145, -31.780786636584537 ], [ -60.556481447403442, -31.781198075049225 ], [ -60.555741229781923, -31.781317533827089 ], [ -60.555974238733597, -31.78240962069443 ], [ -60.556351401048261, -31.783915087315378 ], [ -60.556829711986417, -31.786221353757423 ] ] ] } },
{ "type": "Feature", "properties": { "ogc_fid": 149, "sec": 9.0, "gru": 42.0, "etiq": "9-42" }, "geometry": { "type": "Polygon", "coordinates": [ [ [ -60.48823295685041, -31.742313716480794 ], [ -60.487196518704359, -31.742479632368394 ], [ -60.485645500827388, -31.742734658204736 ], [ -60.484648756415439, -31.742889922339518 ], [ -60.483785413908947, -31.74302961610805 ], [ -60.482588474981945, -31.743210828666061 ], [ -60.482789342234618, -31.744090682772114 ], [ -60.4831327313317, -31.745681788015627 ], [ -60.483219245873833, -31.746088105136732 ], [ -60.483327494974297, -31.746609709310771 ], [ -60.483588969429448, -31.747875993417232 ], [ -60.483614885921696, -31.748007546139245 ], [ -60.483834236820464, -31.747981728159882 ], [ -60.484879547042262, -31.747808956389509 ], [ -60.48719339647694, -31.747456582432473 ], [ -60.489270571993885, -31.747143346568592 ], [ -60.489065712769637, -31.746138135339745 ], [ -60.489050954616147, -31.746011828536663 ], [ -60.48886225547394, -31.74516868552811 ], [ -60.488803384732059, -31.744909736771167 ], [ -60.488798336239, -31.744884832700095 ], [ -60.488791661416577, -31.744853544633575 ], [ -60.48823295685041, -31.742313716480794 ] ] ] } },
{ "type": "Feature", "properties": { "ogc_fid": 150, "sec": 9.0, "gru": 70.0, "etiq": "9-70" }, "geometry": { "type": "Polygon", "coordinates": [ [ [ -60.482093013451419, -31.743282353776511 ], [ -60.482093197963074, -31.743290406806473 ], [ -60.482090980505312, -31.743466137589188 ], [ -60.482185368173113, -31.744687811046099 ], [ -60.482337386322918, -31.746210614673977 ], [ -60.482317603050944, -31.74677164075953 ], [ -60.482223198042242, -31.747351581936091 ], [ -60.482111689308567, -31.747769512855427 ], [ -60.481953809932314, -31.748272952876075 ], [ -60.482034447505882, -31.748259600441234 ], [ -60.48256533294478, -31.748174816698565 ], [ -60.483432084191151, -31.748029061919386 ], [ -60.483614885921696, -31.748007546139245 ], [ -60.483588969429448, -31.747875993417232 ], [ -60.483327494974297, -31.746609709310771 ], [ -60.483219245873833, -31.746088105136732 ], [ -60.4831327313317, -31.745681788015627 ], [ -60.482789342234618, -31.744090682772114 ], [ -60.482588474981945, -31.743210828666061 ], [ -60.482093013451419, -31.743282353776511 ] ] ] } },
{ "type": "Feature", "properties": { "ogc_fid": 151, "sec": 9.0, "gru": 43.0, "etiq": "9-43" }, "geometry": { "type": "Polygon", "coordinates": [ [ [ -60.48823295685041, -31.742313716480794 ], [ -60.487732694277945, -31.739922089007116 ], [ -60.487226592832428, -31.737535487493339 ], [ -60.487164919154409, -31.737374700961677 ], [ -60.486174129737712, -31.737521572354424 ], [ -60.484903997652516, -31.737696691933817 ], [ -60.484187210050543, -31.737821122475317 ], [ -60.48405814655424, -31.737841578407682 ], [ -60.481573626339738, -31.738235335522628 ], [ -60.482112146121537, -31.740688822541554 ], [ -60.482308879632939, -31.741749170012664 ], [ -60.482279086251012, -31.741946270478476 ], [ -60.482223765359976, -31.742366835782676 ], [ -60.482176378205516, -31.742772562461038 ], [ -60.482093013451419, -31.743282353776511 ], [ -60.482588474981945, -31.743210828666061 ], [ -60.483785413908947, -31.74302961610805 ], [ -60.484648756415439, -31.742889922339518 ], [ -60.485645500827388, -31.742734658204736 ], [ -60.487196518704359, -31.742479632368394 ], [ -60.48823295685041, -31.742313716480794 ] ] ] } },
{ "type": "Feature", "properties": { "ogc_fid": 152, "sec": 9.0, "gru": 130.0, "etiq": "9-130" }, "geometry": { "type": "Polygon", "coordinates": [ [ [ -60.475110136472367, -31.763085528689864 ], [ -60.473170649839602, -31.764785973775687 ], [ -60.472910942540217, -31.76533864549285 ], [ -60.470793860314224, -31.767307246122435 ], [ -60.47024736408892, -31.767772235559502 ], [ -60.470551671900985, -31.769706905621209 ], [ -60.470670209457126, -31.770232725461213 ], [ -60.476359624260603, -31.769346820379457 ], [ -60.476293100247027, -31.768983959769443 ], [ -60.476270026630871, -31.768820363581622 ], [ -60.475836609854618, -31.766736662232173 ], [ -60.475463835035804, -31.764913328847054 ], [ -60.475364968659498, -31.764455574495422 ], [ -60.475184908336765, -31.763627931956844 ], [ -60.475110136472367, -31.763085528689864 ] ] ] } },
{ "type": "Feature", "properties": { "ogc_fid": 153, "sec": 12.0, "gru": 45.0, "etiq": "12-45" }, "geometry": { "type": "Polygon", "coordinates": [ [ [ -60.56064943572661, -31.750073473056002 ], [ -60.560712553304292, -31.750036924582634 ], [ -60.559990660984681, -31.745925871987993 ], [ -60.558381517228518, -31.746257348567987 ], [ -60.55831981586681, -31.746269152871594 ], [ -60.558302709205044, -31.746203858424547 ], [ -60.556981810094854, -31.746451639758984 ], [ -60.555905532657071, -31.746671128482738 ], [ -60.55486120374681, -31.746856427237308 ], [ -60.555579792213955, -31.751357355987114 ], [ -60.556503780040842, -31.751121996573925 ], [ -60.560206996502501, -31.75019109266211 ], [ -60.56064943572661, -31.750073473056002 ] ] ] } },
{ "type": "Feature", "properties": { "ogc_fid": 154, "sec": 12.0, "gru": 46.0, "etiq": "12-46" }, "geometry": { "type": "Polygon", "coordinates": [ [ [ -60.548738707963203, -31.747914020928615 ], [ -60.549633343538147, -31.752273158795106 ], [ -60.551070730360813, -31.752060310206566 ], [ -60.555457735331608, -31.751388445890626 ], [ -60.555579792213955, -31.751357355987114 ], [ -60.55486120374681, -31.746856427237308 ], [ -60.554335376213317, -31.746948616889931 ], [ -60.552902196835163, -31.747203667134187 ], [ -60.551697236554062, -31.747408675769396 ], [ -60.549053062117679, -31.747856673056152 ], [ -60.548738707963203, -31.747914020928615 ] ] ] } },
{ "type": "Feature", "properties": { "ogc_fid": 155, "sec": 12.0, "gru": 47.0, "etiq": "12-47" }, "geometry": { "type": "Polygon", "coordinates": [ [ [ -60.543198290485414, -31.748826417659007 ], [ -60.544027258517616, -31.753123521362774 ], [ -60.548934974720382, -31.752376567225028 ], [ -60.549633343538147, -31.752273158795106 ], [ -60.548738707963203, -31.747914020928615 ], [ -60.547193785968936, -31.748195849974262 ], [ -60.545786915125483, -31.748413489173242 ], [ -60.545024792909032, -31.748539289777554 ], [ -60.54423117279385, -31.748678334610545 ], [ -60.543198290485414, -31.748826417659007 ] ] ] } },
{ "type": "Feature", "properties": { "ogc_fid": 156, "sec": 12.0, "gru": 48.0, "etiq": "12-48" }, "geometry": { "type": "Polygon", "coordinates": [ [ [ -60.543198290485414, -31.748826417659007 ], [ -60.537302438103822, -31.749852893833797 ], [ -60.537329723829579, -31.749955814358962 ], [ -60.53815065260585, -31.753455859051289 ], [ -60.5382516565505, -31.753976107613642 ], [ -60.541547350370095, -31.753493645082848 ], [ -60.544027258517616, -31.753123521362774 ], [ -60.543198290485414, -31.748826417659007 ] ] ] } },
{ "type": "Feature", "properties": { "ogc_fid": 157, "sec": 12.0, "gru": 49.0, "etiq": "12-49" }, "geometry": { "type": "Polygon", "coordinates": [ [ [ -60.533568650931088, -31.751367449832543 ], [ -60.533273655238212, -31.751753092541605 ], [ -60.532366717545635, -31.752934033644742 ], [ -60.532038478750636, -31.753350508481841 ], [ -60.532321016114963, -31.754583390827133 ], [ -60.53237504582858, -31.754861053957022 ], [ -60.534412479232309, -31.754555292466829 ], [ -60.534941127730079, -31.754471799364708 ], [ -60.535289772650643, -31.754370999121885 ], [ -60.538102574940858, -31.75399792980798 ], [ -60.5382516565505, -31.753976107613642 ], [ -60.53815065260585, -31.753455859051289 ], [ -60.537329723829579, -31.749955814358962 ], [ -60.537302438103822, -31.749852893833797 ], [ -60.536732377422091, -31.747525920748764 ], [ -60.53582929525264, -31.748534586097765 ], [ -60.53528981110631, -31.749171162667796 ], [ -60.534570650869391, -31.750048355638235 ], [ -60.534104022520381, -31.750667558062791 ], [ -60.533568650931088, -31.751367449832543 ] ] ] } },
{ "type": "Feature", "properties": { "ogc_fid": 158, "sec": 12.0, "gru": 33.0, "etiq": "12-33" }, "geometry": { "type": "Polygon", "coordinates": [ [ [ -60.537302438103822, -31.749852893833797 ], [ -60.543198290485414, -31.748826417659007 ], [ -60.543283688296171, -31.748718773963891 ], [ -60.542468194550182, -31.748135986811217 ], [ -60.541722954541584, -31.747631410580176 ], [ -60.540456409650517, -31.746736412717748 ], [ -60.539833445412221, -31.74629245277286 ], [ -60.539177017879261, -31.745743791752965 ], [ -60.538971173612453, -31.74589867483013 ], [ -60.538028117716692, -31.746457519675094 ], [ -60.537696581189536, -31.746645860491324 ], [ -60.537426626637348, -31.746831098496916 ], [ -60.536732377422091, -31.747525920748764 ], [ -60.537302438103822, -31.749852893833797 ] ] ] } },
{ "type": "Feature", "properties": { "ogc_fid": 159, "sec": 12.0, "gru": 1.0, "etiq": "12-1" }, "geometry": { "type": "Polygon", "coordinates": [ [ [ -60.555579792213955, -31.751357355987114 ], [ -60.555647719629974, -31.751782265848636 ], [ -60.55653365299446, -31.756212522192644 ], [ -60.560199041194245, -31.755655587797378 ], [ -60.560046832776877, -31.755577955395367 ], [ -60.56003799732472, -31.751720774852135 ], [ -60.560586318099055, -31.750110021498468 ], [ -60.56064943572661, -31.750073473056002 ], [ -60.560206996502501, -31.75019109266211 ], [ -60.556503780040842, -31.751121996573925 ], [ -60.555579792213955, -31.751357355987114 ] ] ] } },
{ "type": "Feature", "properties": { "ogc_fid": 160, "sec": 12.0, "gru": 2.0, "etiq": "12-2" }, "geometry": { "type": "Polygon", "coordinates": [ [ [ -60.55653365299446, -31.756212522192644 ], [ -60.555647719629974, -31.751782265848636 ], [ -60.555579792213955, -31.751357355987114 ], [ -60.555457735331608, -31.751388445890626 ], [ -60.551070730360813, -31.752060310206566 ], [ -60.549633343538147, -31.752273158795106 ], [ -60.549697344743613, -31.752584989909884 ], [ -60.550093977679339, -31.754310187976188 ], [ -60.550705551756849, -31.757090177774366 ], [ -60.552981932105233, -31.756752078741517 ], [ -60.55653365299446, -31.756212522192644 ] ] ] } },
{ "type": "Feature", "properties": { "ogc_fid": 161, "sec": 12.0, "gru": 3.0, "etiq": "12-3" }, "geometry": { "type": "Polygon", "coordinates": [ [ [ -60.544964306472764, -31.757980369167928 ], [ -60.550521973244784, -31.757117441867951 ], [ -60.550705551756849, -31.757090177774366 ], [ -60.550093977679339, -31.754310187976188 ], [ -60.549697344743613, -31.752584989909884 ], [ -60.549633343538147, -31.752273158795106 ], [ -60.548934974720382, -31.752376567225028 ], [ -60.544027258517616, -31.753123521362774 ], [ -60.544964306472764, -31.757980369167928 ] ] ] } },
{ "type": "Feature", "properties": { "ogc_fid": 162, "sec": 12.0, "gru": 4.0, "etiq": "12-4" }, "geometry": { "type": "Polygon", "coordinates": [ [ [ -60.544964306472764, -31.757980369167928 ], [ -60.544027258517616, -31.753123521362774 ], [ -60.541547350370095, -31.753493645082848 ], [ -60.5382516565505, -31.753976107613642 ], [ -60.538383491587147, -31.754655150893829 ], [ -60.539032986991984, -31.758751608137164 ], [ -60.539060870688559, -31.758881514028232 ], [ -60.540904898830398, -31.758599100103712 ], [ -60.544312633687696, -31.758075259007217 ], [ -60.544964306472764, -31.757980369167928 ] ] ] } },
{ "type": "Feature", "properties": { "ogc_fid": 163, "sec": 12.0, "gru": 5.0, "etiq": "12-5" }, "geometry": { "type": "Polygon", "coordinates": [ [ [ -60.533401434768798, -31.759751981941555 ], [ -60.536184069481713, -31.759322041092322 ], [ -60.539060870688559, -31.758881514028232 ], [ -60.539032986991984, -31.758751608137164 ], [ -60.538383491587147, -31.754655150893829 ], [ -60.5382516565505, -31.753976107613642 ], [ -60.538102574940858, -31.75399792980798 ], [ -60.535289772650643, -31.754370999121885 ], [ -60.534941127730079, -31.754471799364708 ], [ -60.534412479232309, -31.754555292466829 ], [ -60.53237504582858, -31.754861053957022 ], [ -60.532545345169417, -31.755561648636348 ], [ -60.533140581907467, -31.758144705434603 ], [ -60.53301316109394, -31.758266641329691 ], [ -60.533093495323889, -31.758588960402548 ], [ -60.533237070724546, -31.759154507950122 ], [ -60.533401434768798, -31.759751981941555 ] ] ] } },
{ "type": "Feature", "properties": { "ogc_fid": 164, "sec": 12.0, "gru": 25.0, "etiq": "12-25" }, "geometry": { "type": "Polygon", "coordinates": [ [ [ -60.55653365299446, -31.756212522192644 ], [ -60.556887339866407, -31.757981066702659 ], [ -60.557467295211779, -31.760993513396294 ], [ -60.563105330991725, -31.760186744144011 ], [ -60.563121404258105, -31.760060866599627 ], [ -60.562126918545005, -31.758713742676765 ], [ -60.560342913058498, -31.755728967933702 ], [ -60.560199041194245, -31.755655587797378 ], [ -60.55653365299446, -31.756212522192644 ] ] ] } },
{ "type": "Feature", "properties": { "ogc_fid": 165, "sec": 12.0, "gru": 26.0, "etiq": "12-26" }, "geometry": { "type": "Polygon", "coordinates": [ [ [ -60.557467295211779, -31.760993513396294 ], [ -60.556887339866407, -31.757981066702659 ], [ -60.55653365299446, -31.756212522192644 ], [ -60.552981932105233, -31.756752078741517 ], [ -60.550705551756849, -31.757090177774366 ], [ -60.551270040967346, -31.759985009720214 ], [ -60.551710824751829, -31.761905840468099 ], [ -60.556223833771647, -31.761171409898235 ], [ -60.557467295211779, -31.760993513396294 ] ] ] } },
{ "type": "Feature", "properties": { "ogc_fid": 166, "sec": 12.0, "gru": 27.0, "etiq": "12-27" }, "geometry": { "type": "Polygon", "coordinates": [ [ [ -60.544964306472764, -31.757980369167928 ], [ -60.545876372159903, -31.762838745207418 ], [ -60.548342475192577, -31.762446430727298 ], [ -60.551458903656169, -31.761946832141728 ], [ -60.551710824751829, -31.761905840468099 ], [ -60.551270040967346, -31.759985009720214 ], [ -60.550705551756849, -31.757090177774366 ], [ -60.550521973244784, -31.757117441867951 ], [ -60.544964306472764, -31.757980369167928 ] ] ] } },
{ "type": "Feature", "properties": { "ogc_fid": 167, "sec": 12.0, "gru": 28.0, "etiq": "12-28" }, "geometry": { "type": "Polygon", "coordinates": [ [ [ -60.544964306472764, -31.757980369167928 ], [ -60.544312633687696, -31.758075259007217 ], [ -60.540904898830398, -31.758599100103712 ], [ -60.539060870688559, -31.758881514028232 ], [ -60.540067358019762, -31.763570327336534 ], [ -60.540114124757672, -31.763756005552409 ], [ -60.540269862459418, -31.763730454651487 ], [ -60.545876372159903, -31.762838745207418 ], [ -60.544964306472764, -31.757980369167928 ] ] ] } },
{ "type": "Feature", "properties": { "ogc_fid": 168, "sec": 12.0, "gru": 29.0, "etiq": "12-29" }, "geometry": { "type": "Polygon", "coordinates": [ [ [ -60.534558945347221, -31.764626125434333 ], [ -60.540114124757672, -31.763756005552409 ], [ -60.540067358019762, -31.763570327336534 ], [ -60.539060870688559, -31.758881514028232 ], [ -60.536184069481713, -31.759322041092322 ], [ -60.533401434768798, -31.759751981941555 ], [ -60.533693273276832, -31.759873182362188 ], [ -60.533892389096842, -31.760968394643367 ], [ -60.534318842914267, -31.763316033830279 ], [ -60.534558945347221, -31.764626125434333 ] ] ] } },
{ "type": "Feature", "properties": { "ogc_fid": 169, "sec": 12.0, "gru": 51.0, "etiq": "12-51" }, "geometry": { "type": "Polygon", "coordinates": [ [ [ -60.557467295211779, -31.760993513396294 ], [ -60.558063461581696, -31.764089948410987 ], [ -60.558433510079169, -31.765813142027771 ], [ -60.558616805947594, -31.765782683496795 ], [ -60.564688118217504, -31.764910917061215 ], [ -60.564666902331062, -31.764829620508522 ], [ -60.564665533074752, -31.764824373689013 ], [ -60.564599822817335, -31.764235510492004 ], [ -60.56374735133091, -31.763677261034147 ], [ -60.563091674995377, -31.760293690620099 ], [ -60.563105330991725, -31.760186744144011 ], [ -60.557467295211779, -31.760993513396294 ] ] ] } },
{ "type": "Feature", "properties": { "ogc_fid": 170, "sec": 12.0, "gru": 52.0, "etiq": "12-52" }, "geometry": { "type": "Polygon", "coordinates": [ [ [ -60.558433510079169, -31.765813142027771 ], [ -60.558063461581696, -31.764089948410987 ], [ -60.557467295211779, -31.760993513396294 ], [ -60.556223833771647, -31.761171409898235 ], [ -60.551710824751829, -31.761905840468099 ], [ -60.551781027225907, -31.762211758352329 ], [ -60.552735840316245, -31.766762449387077 ], [ -60.554460588515539, -31.766473258385126 ], [ -60.558433510079169, -31.765813142027771 ] ] ] } },
{ "type": "Feature", "properties": { "ogc_fid": 171, "sec": 12.0, "gru": 53.0, "etiq": "12-53" }, "geometry": { "type": "Polygon", "coordinates": [ [ [ -60.545876372159903, -31.762838745207418 ], [ -60.546369268320234, -31.765072080407158 ], [ -60.546916254433071, -31.76752599511665 ], [ -60.546956574966806, -31.767682205609258 ], [ -60.550035541236817, -31.767173721747866 ], [ -60.552523303736457, -31.766798083962705 ], [ -60.552735840316245, -31.766762449387077 ], [ -60.551781027225907, -31.762211758352329 ], [ -60.551710824751829, -31.761905840468099 ], [ -60.551458903656169, -31.761946832141728 ], [ -60.548342475192577, -31.762446430727298 ], [ -60.545876372159903, -31.762838745207418 ] ] ] } },
{ "type": "Feature", "properties": { "ogc_fid": 172, "sec": 12.0, "gru": 54.0, "etiq": "12-54" }, "geometry": { "type": "Polygon", "coordinates": [ [ [ -60.546956574966806, -31.767682205609258 ], [ -60.546916254433071, -31.76752599511665 ], [ -60.546369268320234, -31.765072080407158 ], [ -60.545876372159903, -31.762838745207418 ], [ -60.540269862459418, -31.763730454651487 ], [ -60.540114124757672, -31.763756005552409 ], [ -60.540662205035062, -31.765931992748467 ], [ -60.541303932841409, -31.768550376550944 ], [ -60.543800715465252, -31.768149521469699 ], [ -60.546956574966806, -31.767682205609258 ] ] ] } },
{ "type": "Feature", "properties": { "ogc_fid": 173, "sec": 6.0, "gru": 55.0, "etiq": "6-55" }, "geometry": { "type": "Polygon", "coordinates": [ [ [ -60.535557368722316, -31.769471316109705 ], [ -60.541303932841409, -31.768550376550944 ], [ -60.540662205035062, -31.765931992748467 ], [ -60.540114124757672, -31.763756005552409 ], [ -60.534558945347221, -31.764626125434333 ], [ -60.535070460468411, -31.766908040606658 ], [ -60.535306821662552, -31.768150291982522 ], [ -60.535557368722316, -31.769471316109705 ] ] ] } },
{ "type": "Feature", "properties": { "ogc_fid": 201, "sec": 12.0, "gru": 182.0, "etiq": "12-182" }, "geometry": { "type": "Polygon", "coordinates": [ [ [ -60.556829711986417, -31.786221353757423 ], [ -60.556351401048261, -31.783915087315378 ], [ -60.555974238733597, -31.78240962069443 ], [ -60.555741229781923, -31.781317533827089 ], [ -60.550093797645836, -31.782297342785217 ], [ -60.551086511997582, -31.786889615528246 ], [ -60.551122420775663, -31.787061184937723 ], [ -60.551347067429774, -31.78702430282716 ], [ -60.554980701259225, -31.786505324511541 ], [ -60.556829711986417, -31.786221353757423 ] ] ] } },
{ "type": "Feature", "properties": { "ogc_fid": 174, "sec": 12.0, "gru": 80.0, "etiq": "12-80" }, "geometry": { "type": "Polygon", "coordinates": [ [ [ -60.559462290455805, -31.770680707043812 ], [ -60.55975330860673, -31.770634467294627 ], [ -60.567270827882943, -31.769478883757159 ], [ -60.567257933239119, -31.769415872191715 ], [ -60.567680246919572, -31.769352796011731 ], [ -60.567865977720658, -31.769318290582426 ], [ -60.56786172988491, -31.769317403428527 ], [ -60.567814504167885, -31.769293481434055 ], [ -60.5677041927242, -31.769234260149688 ], [ -60.567641142961833, -31.769200984322808 ], [ -60.567605500137368, -31.769188203187202 ], [ -60.567512368178292, -31.769158076949576 ], [ -60.567446016748626, -31.769085974977045 ], [ -60.567379616330278, -31.769005829011405 ], [ -60.567285263649246, -31.768974072551604 ], [ -60.567228279073042, -31.768893884569692 ], [ -60.567190027676304, -31.768797524795584 ], [ -60.567114261149214, -31.768725464565716 ], [ -60.567019810721398, -31.76867761998869 ], [ -60.566962973723413, -31.768621563752365 ], [ -60.566900860774474, -31.768595376162541 ], [ -60.566886103347024, -31.768589729176036 ], [ -60.566856072001798, -31.76858986282414 ], [ -60.566839614237786, -31.768590589241938 ], [ -60.566793542027838, -31.768630361958099 ], [ -60.566755928675178, -31.768638573496041 ], [ -60.566671090229576, -31.768622862594626 ], [ -60.5666234729621, -31.768534588483302 ], [ -60.566623031732433, -31.768462192859225 ], [ -60.566603808381252, -31.768397924958347 ], [ -60.566660007655315, -31.768349409903131 ], [ -60.566611753230518, -31.76815656432019 ], [ -60.566724053357042, -31.768043446260798 ], [ -60.566826790558345, -31.767906238125953 ], [ -60.56676980704357, -31.767826049913303 ], [ -60.566703457150808, -31.767753947521122 ], [ -60.566712480405457, -31.767689553959372 ], [ -60.566768237872381, -31.767568643224092 ], [ -60.566824830434761, -31.767470673110008 ], [ -60.566848003172005, -31.767423285279417 ], [ -60.566898485213869, -31.767310649955931 ], [ -60.566954340321551, -31.767205827056351 ], [ -60.56704795519267, -31.767116924402732 ], [ -60.56700970474251, -31.767020564536956 ], [ -60.567052853739561, -31.766945866398714 ], [ -60.567093435678416, -31.766859369940732 ], [ -60.567121316112242, -31.766794830693637 ], [ -60.567148630060586, -31.766641869699889 ], [ -60.567138478668141, -31.766521252220862 ], [ -60.567081152326566, -31.766384756401923 ], [ -60.567061880052982, -31.766312444587602 ], [ -60.566976406014533, -31.766192162372477 ], [ -60.566891275507594, -31.766128187821383 ], [ -60.566871954395246, -31.766047832012095 ], [ -60.566802845178174, -31.765965105331219 ], [ -60.566713782342141, -31.765861606231326 ], [ -60.566701252661652, -31.765847487050909 ], [ -60.566636712248176, -31.765765702867089 ], [ -60.566565285798937, -31.76567800001494 ], [ -60.566503911278048, -31.765605549542489 ], [ -60.566435663651838, -31.765526901113475 ], [ -60.566416343065406, -31.76544654522149 ], [ -60.566378289975013, -31.765382360975355 ], [ -60.566311942156787, -31.765310258327826 ], [ -60.56625510767153, -31.765254201717148 ], [ -60.566254764759677, -31.765197893976989 ], [ -60.566273203349979, -31.765133458567043 ], [ -60.566272076612492, -31.764948447416014 ], [ -60.566215144408986, -31.764876302854816 ], [ -60.566158261272562, -31.764812202229862 ], [ -60.566120355550325, -31.764772149786108 ], [ -60.566006491685705, -31.764627860491533 ], [ -60.565993478637154, -31.76461961211167 ], [ -60.564666902331062, -31.764829620508522 ], [ -60.564688118217504, -31.764910917061215 ], [ -60.558616805947594, -31.765782683496795 ], [ -60.558433510079169, -31.765813142027771 ], [ -60.559343877900808, -31.770052135555122 ], [ -60.559462290455805, -31.770680707043812 ] ] ] } },
{ "type": "Feature", "properties": { "ogc_fid": 175, "sec": 12.0, "gru": 81.0, "etiq": "12-81" }, "geometry": { "type": "Polygon", "coordinates": [ [ [ -60.552735840316245, -31.766762449387077 ], [ -60.552880091163466, -31.767449915639123 ], [ -60.553787175426088, -31.771630856555714 ], [ -60.558326943244538, -31.770861095091579 ], [ -60.559462290455805, -31.770680707043812 ], [ -60.559343877900808, -31.770052135555122 ], [ -60.558433510079169, -31.765813142027771 ], [ -60.554460588515539, -31.766473258385126 ], [ -60.552735840316245, -31.766762449387077 ] ] ] } },
{ "type": "Feature", "properties": { "ogc_fid": 176, "sec": 12.0, "gru": 82.0, "etiq": "12-82" }, "geometry": { "type": "Polygon", "coordinates": [ [ [ -60.546956574966806, -31.767682205609258 ], [ -60.54701007180104, -31.767893058935702 ], [ -60.547897119702327, -31.772111199629393 ], [ -60.547994049349406, -31.772553778966806 ], [ -60.548301730180867, -31.772510131969874 ], [ -60.553382435250818, -31.771699475702214 ], [ -60.553787175426088, -31.771630856555714 ], [ -60.552880091163466, -31.767449915639123 ], [ -60.552735840316245, -31.766762449387077 ], [ -60.552523303736457, -31.766798083962705 ], [ -60.550035541236817, -31.767173721747866 ], [ -60.546956574966806, -31.767682205609258 ] ] ] } },
{ "type": "Feature", "properties": { "ogc_fid": 177, "sec": 12.0, "gru": 83.0, "etiq": "12-83" }, "geometry": { "type": "Polygon", "coordinates": [ [ [ -60.547994049349406, -31.772553778966806 ], [ -60.547897119702327, -31.772111199629393 ], [ -60.54701007180104, -31.767893058935702 ], [ -60.546956574966806, -31.767682205609258 ], [ -60.543800715465252, -31.768149521469699 ], [ -60.541303932841409, -31.768550376550944 ], [ -60.541441444916714, -31.769111434236663 ], [ -60.541971976870137, -31.771930948299214 ], [ -60.542273684446457, -31.773416736308921 ], [ -60.542405395835097, -31.773398878190843 ], [ -60.545312601706726, -31.772934130707295 ], [ -60.547994049349406, -31.772553778966806 ] ] ] } },
{ "type": "Feature", "properties": { "ogc_fid": 178, "sec": 6.0, "gru": 84.0, "etiq": "6-84" }, "geometry": { "type": "Polygon", "coordinates": [ [ [ -60.535557368722316, -31.769471316109705 ], [ -60.535845015327382, -31.770856667416304 ], [ -60.53657993577626, -31.774381232819792 ], [ -60.538139748009343, -31.774101271883151 ], [ -60.541345603108674, -31.773542566375546 ], [ -60.542273684446457, -31.773416736308921 ], [ -60.541971976870137, -31.771930948299214 ], [ -60.541441444916714, -31.769111434236663 ], [ -60.541303932841409, -31.768550376550944 ], [ -60.535557368722316, -31.769471316109705 ] ] ] } },
{ "type": "Feature", "properties": { "ogc_fid": 179, "sec": 12.0, "gru": 111.0, "etiq": "12-111" }, "geometry": { "type": "Polygon", "coordinates": [ [ [ -60.560393650693804, -31.775711576019884 ], [ -60.56049995691793, -31.77569568893168 ], [ -60.565876527052694, -31.774780912218382 ], [ -60.565854557659861, -31.774685863211989 ], [ -60.569013748601442, -31.774152937558604 ], [ -60.568951473922425, -31.770900919186083 ], [ -60.567293224500162, -31.769588327891348 ], [ -60.567270827882943, -31.769478883757159 ], [ -60.55975330860673, -31.770634467294627 ], [ -60.559462290455805, -31.770680707043812 ], [ -60.560369203337146, -31.775494589282214 ], [ -60.560393650693804, -31.775711576019884 ] ] ] } },
{ "type": "Feature", "properties": { "ogc_fid": 180, "sec": 12.0, "gru": 112.0, "etiq": "12-112" }, "geometry": { "type": "Polygon", "coordinates": [ [ [ -60.560393650693804, -31.775711576019884 ], [ -60.560369203337146, -31.775494589282214 ], [ -60.559462290455805, -31.770680707043812 ], [ -60.558326943244538, -31.770861095091579 ], [ -60.553787175426088, -31.771630856555714 ], [ -60.553942112637948, -31.772515026618446 ], [ -60.55464426756204, -31.776059973366234 ], [ -60.554742620148872, -31.776566699315769 ], [ -60.558313397324568, -31.776022443593696 ], [ -60.560393650693804, -31.775711576019884 ] ] ] } },
{ "type": "Feature", "properties": { "ogc_fid": 181, "sec": 12.0, "gru": 113.0, "etiq": "12-113" }, "geometry": { "type": "Polygon", "coordinates": [ [ [ -60.549069607717193, -31.777439259512395 ], [ -60.549555425471496, -31.77736944145887 ], [ -60.551614563934791, -31.777043388434276 ], [ -60.554742620148872, -31.776566699315769 ], [ -60.55464426756204, -31.776059973366234 ], [ -60.553942112637948, -31.772515026618446 ], [ -60.553787175426088, -31.771630856555714 ], [ -60.553382435250818, -31.771699475702214 ], [ -60.548301730180867, -31.772510131969874 ], [ -60.547994049349406, -31.772553778966806 ], [ -60.548615639926155, -31.775391846052777 ], [ -60.549029947357944, -31.777250845786387 ], [ -60.549069607717193, -31.777439259512395 ] ] ] } },
{ "type": "Feature", "properties": { "ogc_fid": 182, "sec": 12.0, "gru": 114.0, "etiq": "12-114" }, "geometry": { "type": "Polygon", "coordinates": [ [ [ -60.547994049349406, -31.772553778966806 ], [ -60.545312601706726, -31.772934130707295 ], [ -60.542405395835097, -31.773398878190843 ], [ -60.542273684446457, -31.773416736308921 ], [ -60.542618053416142, -31.775112552864211 ], [ -60.543261427530673, -31.77810317197379 ], [ -60.543325986769446, -31.778278196808614 ], [ -60.544587906721659, -31.778083243496567 ], [ -60.549069607717193, -31.777439259512395 ], [ -60.549029947357944, -31.777250845786387 ], [ -60.548615639926155, -31.775391846052777 ], [ -60.547994049349406, -31.772553778966806 ] ] ] } },
{ "type": "Feature", "properties": { "ogc_fid": 183, "sec": 12.0, "gru": 115.0, "etiq": "12-115" }, "geometry": { "type": "Polygon", "coordinates": [ [ [ -60.53657993577626, -31.774381232819792 ], [ -60.537610921994762, -31.779015068023661 ], [ -60.537649220896398, -31.779196083207513 ], [ -60.542114701314404, -31.778465315117508 ], [ -60.543325986769446, -31.778278196808614 ], [ -60.543261427530673, -31.77810317197379 ], [ -60.542618053416142, -31.775112552864211 ], [ -60.542273684446457, -31.773416736308921 ], [ -60.541345603108674, -31.773542566375546 ], [ -60.538139748009343, -31.774101271883151 ], [ -60.53657993577626, -31.774381232819792 ] ] ] } },
{ "type": "Feature", "properties": { "ogc_fid": 184, "sec": 12.0, "gru": 116.0, "etiq": "12-116" }, "geometry": { "type": "Polygon", "coordinates": [ [ [ -60.531940859322795, -31.780101840665996 ], [ -60.533675660946464, -31.779827461418357 ], [ -60.536180759412389, -31.779436357718268 ], [ -60.537649220896398, -31.779196083207513 ], [ -60.537610921994762, -31.779015068023661 ], [ -60.53657993577626, -31.774381232819792 ], [ -60.536576309111084, -31.774364931670231 ], [ -60.53657972003613, -31.774381294376177 ], [ -60.53089598941834, -31.775299642898794 ], [ -60.531545005259673, -31.778158104542914 ], [ -60.531940859322795, -31.780101840665996 ] ] ] } },
{ "type": "Feature", "properties": { "ogc_fid": 185, "sec": 12.0, "gru": 117.0, "etiq": "12-117" }, "geometry": { "type": "Polygon", "coordinates": [ [ [ -60.531940859322795, -31.780101840665996 ], [ -60.531545005259673, -31.778158104542914 ], [ -60.53089598941834, -31.775299642898794 ], [ -60.528666274581923, -31.775634814345661 ], [ -60.525160218694566, -31.776127547005025 ], [ -60.525906743976961, -31.779627922698051 ], [ -60.52621741192533, -31.781030561386117 ], [ -60.528538481399643, -31.780639893491355 ], [ -60.531940859322795, -31.780101840665996 ] ] ] } },
{ "type": "Feature", "properties": { "ogc_fid": 186, "sec": 12.0, "gru": 118.0, "etiq": "12-118" }, "geometry": { "type": "Polygon", "coordinates": [ [ [ -60.520549907334015, -31.781911227807441 ], [ -60.526054717921745, -31.781057943316547 ], [ -60.52621741192533, -31.781030561386117 ], [ -60.525906743976961, -31.779627922698051 ], [ -60.525160218694566, -31.776127547005025 ], [ -60.523607537433818, -31.776376365589446 ], [ -60.522089637666333, -31.776620774725298 ], [ -60.520115484341758, -31.776940761889485 ], [ -60.519100982024725, -31.779718997609734 ], [ -60.518798384625299, -31.780612340814432 ], [ -60.51853771137214, -31.781328312583252 ], [ -60.51821391664209, -31.782270623289371 ], [ -60.518821965628177, -31.782189764505222 ], [ -60.519262163877173, -31.782117859024464 ], [ -60.520549907334015, -31.781911227807441 ] ] ] } },
{ "type": "Feature", "properties": { "ogc_fid": 187, "sec": 12.0, "gru": 119.0, "etiq": "12-119" }, "geometry": { "type": "Polygon", "coordinates": [ [ [ -60.514060379035087, -31.777937141311025 ], [ -60.513707226347776, -31.77799469765279 ], [ -60.513902465077152, -31.778692589456661 ], [ -60.514034103057746, -31.779389866281818 ], [ -60.514179507479227, -31.78010039919268 ], [ -60.514256414407441, -31.780526787873821 ], [ -60.514393493294982, -31.781204787339899 ], [ -60.514700831935095, -31.782802747764524 ], [ -60.514869260662124, -31.782777737418947 ], [ -60.517555038151457, -31.782368145408519 ], [ -60.51821391664209, -31.782270623289371 ], [ -60.51853771137214, -31.781328312583252 ], [ -60.518798384625299, -31.780612340814432 ], [ -60.519100982024725, -31.779718997609734 ], [ -60.520115484341758, -31.776940761889485 ], [ -60.519507683104848, -31.777032764393752 ], [ -60.518115678788298, -31.777268102832931 ], [ -60.517053564406787, -31.777445245674372 ], [ -60.514060379035087, -31.777937141311025 ] ] ] } },
{ "type": "Feature", "properties": { "ogc_fid": 188, "sec": 12.0, "gru": 120.0, "etiq": "12-120" }, "geometry": { "type": "Polygon", "coordinates": [ [ [ -60.50910111087029, -31.78367997644899 ], [ -60.511793611450116, -31.78288279845194 ], [ -60.512086344665875, -31.783211040743065 ], [ -60.512799133492791, -31.783085118711011 ], [ -60.514700831935095, -31.782802747764524 ], [ -60.514393493294982, -31.781204787339899 ], [ -60.514256414407441, -31.780526787873821 ], [ -60.514179507479227, -31.78010039919268 ], [ -60.514034103057746, -31.779389866281818 ], [ -60.513902465077152, -31.778692589456661 ], [ -60.513707226347776, -31.77799469765279 ], [ -60.510142103892846, -31.778575677701372 ], [ -60.509361167977964, -31.778703919255403 ], [ -60.508050687412151, -31.778907078117246 ], [ -60.508256543102803, -31.77969398608942 ], [ -60.508415799041472, -31.780546336695156 ], [ -60.509076734641454, -31.783566447626811 ], [ -60.50910111087029, -31.78367997644899 ] ] ] } },
{ "type": "Feature", "properties": { "ogc_fid": 189, "sec": 12.0, "gru": 121.0, "etiq": "12-121" }, "geometry": { "type": "Polygon", "coordinates": [ [ [ -60.502305434136304, -31.780410318851516 ], [ -60.502472505106468, -31.78130424029953 ], [ -60.502625381995152, -31.78201150589387 ], [ -60.503085407998562, -31.784302559429584 ], [ -60.503169333734469, -31.784695871612815 ], [ -60.505379183952478, -31.78433069480613 ], [ -60.508953231326686, -31.783758090583998 ], [ -60.50910111087029, -31.78367997644899 ], [ -60.509076734641454, -31.783566447626811 ], [ -60.508415799041472, -31.780546336695156 ], [ -60.508256543102803, -31.77969398608942 ], [ -60.508050687412151, -31.778907078117246 ], [ -60.502192311102895, -31.779865849689557 ], [ -60.502305434136304, -31.780410318851516 ] ] ] } },
{ "type": "Feature", "properties": { "ogc_fid": 190, "sec": 12.0, "gru": 144.0, "etiq": "12-144" }, "geometry": { "type": "Polygon", "coordinates": [ [ [ -60.566964631402456, -31.779619460377194 ], [ -60.565897673895208, -31.774872402324512 ], [ -60.565876527052694, -31.774780912218382 ], [ -60.56049995691793, -31.77569568893168 ], [ -60.560393650693804, -31.775711576019884 ], [ -60.560413756325218, -31.775890026203143 ], [ -60.56146189825116, -31.780508540102332 ], [ -60.561679123452045, -31.780491227201157 ], [ -60.566964631402456, -31.779619460377194 ] ] ] } },
{ "type": "Feature", "properties": { "ogc_fid": 191, "sec": 12.0, "gru": 145.0, "etiq": "12-145" }, "geometry": { "type": "Polygon", "coordinates": [ [ [ -60.555741229781923, -31.781317533827089 ], [ -60.556481447403442, -31.781198075049225 ], [ -60.559367609025145, -31.780786636584537 ], [ -60.561326009579631, -31.78051937027092 ], [ -60.56146189825116, -31.780508540102332 ], [ -60.560413756325218, -31.775890026203143 ], [ -60.560393650693804, -31.775711576019884 ], [ -60.558313397324568, -31.776022443593696 ], [ -60.554742620148872, -31.776566699315769 ], [ -60.554893602856453, -31.77734457140695 ], [ -60.555741229781923, -31.781317533827089 ] ] ] } },
{ "type": "Feature", "properties": { "ogc_fid": 192, "sec": 12.0, "gru": 146.0, "etiq": "12-146" }, "geometry": { "type": "Polygon", "coordinates": [ [ [ -60.550093797645836, -31.782297342785217 ], [ -60.555741229781923, -31.781317533827089 ], [ -60.554893602856453, -31.77734457140695 ], [ -60.554742620148872, -31.776566699315769 ], [ -60.551614563934791, -31.777043388434276 ], [ -60.549555425471496, -31.77736944145887 ], [ -60.549069607717193, -31.777439259512395 ], [ -60.550049228351554, -31.782092867547913 ], [ -60.550093797645836, -31.782297342785217 ] ] ] } },
{ "type": "Feature", "properties": { "ogc_fid": 193, "sec": 12.0, "gru": 147.0, "etiq": "12-147" }, "geometry": { "type": "Polygon", "coordinates": [ [ [ -60.544375879431826, -31.783128246737686 ], [ -60.547542250103767, -31.782670112301542 ], [ -60.550093797645836, -31.782297342785217 ], [ -60.550049228351554, -31.782092867547913 ], [ -60.549069607717193, -31.777439259512395 ], [ -60.544587906721659, -31.778083243496567 ], [ -60.543325986769446, -31.778278196808614 ], [ -60.543871469794503, -31.780612893426731 ], [ -60.544375879431826, -31.783128246737686 ] ] ] } },
{ "type": "Feature", "properties": { "ogc_fid": 194, "sec": 12.0, "gru": 148.0, "etiq": "12-148" }, "geometry": { "type": "Polygon", "coordinates": [ [ [ -60.543325986769446, -31.778278196808614 ], [ -60.542114701314404, -31.778465315117508 ], [ -60.537649220896398, -31.779196083207513 ], [ -60.538642284490898, -31.78388941854827 ], [ -60.538674773195503, -31.78403873896448 ], [ -60.541741396158812, -31.783572940882635 ], [ -60.542540505040883, -31.783401159009486 ], [ -60.544375879431826, -31.783128246737686 ], [ -60.543871469794503, -31.780612893426731 ], [ -60.543325986769446, -31.778278196808614 ] ] ] } },
{ "type": "Feature", "properties": { "ogc_fid": 195, "sec": 12.0, "gru": 149.0, "etiq": "12-149" }, "geometry": { "type": "Polygon", "coordinates": [ [ [ -60.537649220896398, -31.779196083207513 ], [ -60.536180759412389, -31.779436357718268 ], [ -60.533675660946464, -31.779827461418357 ], [ -60.531940859322795, -31.780101840665996 ], [ -60.532023798825875, -31.780509082118741 ], [ -60.533008461706999, -31.784944246041231 ], [ -60.534539033773115, -31.784679942919826 ], [ -60.538411463811578, -31.784078730121681 ], [ -60.538674773195503, -31.78403873896448 ], [ -60.538642284490898, -31.78388941854827 ], [ -60.537649220896398, -31.779196083207513 ] ] ] } },
{ "type": "Feature", "properties": { "ogc_fid": 196, "sec": 12.0, "gru": 150.0, "etiq": "12-150" }, "geometry": { "type": "Polygon", "coordinates": [ [ [ -60.533008461706999, -31.784944246041231 ], [ -60.532023798825875, -31.780509082118741 ], [ -60.531940859322795, -31.780101840665996 ], [ -60.528538481399643, -31.780639893491355 ], [ -60.52621741192533, -31.781030561386117 ], [ -60.52632484360084, -31.781515595587216 ], [ -60.527279306943427, -31.785885703061741 ], [ -60.533008461706999, -31.784944246041231 ] ] ] } },
{ "type": "Feature", "properties": { "ogc_fid": 197, "sec": 12.0, "gru": 151.0, "etiq": "12-151" }, "geometry": { "type": "Polygon", "coordinates": [ [ [ -60.521617309426659, -31.786765236538567 ], [ -60.527279306943427, -31.785885703061741 ], [ -60.52632484360084, -31.781515595587216 ], [ -60.52621741192533, -31.781030561386117 ], [ -60.526054717921745, -31.781057943316547 ], [ -60.520549907334015, -31.781911227807441 ], [ -60.521451694746141, -31.785992495454988 ], [ -60.521617309426659, -31.786765236538567 ] ] ] } },
{ "type": "Feature", "properties": { "ogc_fid": 206, "sec": 12.0, "gru": 186.0, "etiq": "12-186" }, "geometry": { "type": "Polygon", "coordinates": [ [ [ -60.533008461706999, -31.784944246041231 ], [ -60.527279306943427, -31.785885703061741 ], [ -60.527556925078684, -31.787156724131822 ], [ -60.528288384050207, -31.790740274214119 ], [ -60.529356324520286, -31.790551494083456 ], [ -60.532636154550701, -31.790025473235385 ], [ -60.534028164229966, -31.789815934835598 ], [ -60.533973930894675, -31.789566365797562 ], [ -60.533085089732261, -31.785289378696316 ], [ -60.533008461706999, -31.784944246041231 ] ] ] } },
{ "type": "Feature", "properties": { "ogc_fid": 207, "sec": 12.0, "gru": 188.0, "etiq": "12-188" }, "geometry": { "type": "Polygon", "coordinates": [ [ [ -60.516937677801913, -31.792540273486036 ], [ -60.519007185603435, -31.792237805323083 ], [ -60.522666271462143, -31.791659269314597 ], [ -60.521617309426659, -31.786765236538567 ], [ -60.519984839993299, -31.787032683857767 ], [ -60.516549270721796, -31.787581330263968 ], [ -60.515814565840842, -31.787700684350064 ], [ -60.515986844811714, -31.788469992027647 ], [ -60.51625808099967, -31.789456389510491 ], [ -60.516679938017802, -31.791245586315128 ], [ -60.516937677801913, -31.792540273486036 ] ] ] } },
{ "type": "Feature", "properties": { "ogc_fid": 208, "sec": 12.0, "gru": 226.0, "etiq": "12-226" }, "geometry": { "type": "Polygon", "coordinates": [ [ [ -60.517960787231914, -31.797488564858838 ], [ -60.520315985714085, -31.797108067555435 ], [ -60.523549685665991, -31.796539847856724 ], [ -60.523627515083987, -31.796527308306597 ], [ -60.522673109068663, -31.792138954462644 ], [ -60.522666271462143, -31.791659269314597 ], [ -60.519007185603435, -31.792237805323083 ], [ -60.516937677801913, -31.792540273486036 ], [ -60.517213848686346, -31.793920496033962 ], [ -60.517524843469673, -31.795286524376529 ], [ -60.517931614439526, -31.797331830790302 ], [ -60.517960787231914, -31.797488564858838 ] ] ] } },
{ "type": "Feature", "properties": { "ogc_fid": 209, "sec": 12.0, "gru": 225.0, "etiq": "12-225" }, "geometry": { "type": "Polygon", "coordinates": [ [ [ -60.529438641465724, -31.795590900240168 ], [ -60.529389438796059, -31.795374003575489 ], [ -60.528788002058192, -31.792618419100581 ], [ -60.528654361809913, -31.792060261896697 ], [ -60.528473753236931, -31.791648384911667 ], [ -60.528288384050207, -31.790740274214119 ], [ -60.526902682729833, -31.790985210550655 ], [ -60.52378360364564, -31.79149212471739 ], [ -60.522666271462143, -31.791659269314597 ], [ -60.522673109068663, -31.792138954462644 ], [ -60.523627515083987, -31.796527308306597 ], [ -60.529438641465724, -31.795590900240168 ] ] ] } },
{ "type": "Feature", "properties": { "ogc_fid": 210, "sec": 12.0, "gru": 224.0, "etiq": "12-224" }, "geometry": { "type": "Polygon", "coordinates": [ [ [ -60.535096286621446, -31.794676681363146 ], [ -60.534625669046385, -31.792565417170888 ], [ -60.534028164229966, -31.789815934835598 ], [ -60.532636154550701, -31.790025473235385 ], [ -60.529356324520286, -31.790551494083456 ], [ -60.528288384050207, -31.790740274214119 ], [ -60.528473753236931, -31.791648384911667 ], [ -60.528654361809913, -31.792060261896697 ], [ -60.528788002058192, -31.792618419100581 ], [ -60.529389438796059, -31.795374003575489 ], [ -60.529438641465724, -31.795590900240168 ], [ -60.53242934437116, -31.795108866208597 ], [ -60.535096286621446, -31.794676681363146 ] ] ] } },
{ "type": "Feature", "properties": { "ogc_fid": 211, "sec": 12.0, "gru": 223.0, "etiq": "12-223" }, "geometry": { "type": "Polygon", "coordinates": [ [ [ -60.540780247729558, -31.793795250903127 ], [ -60.540726211092661, -31.793668780884012 ], [ -60.53972723224544, -31.788932795337718 ], [ -60.539580800417326, -31.788957240093868 ], [ -60.536547527027082, -31.78943665560573 ], [ -60.534028164229966, -31.789815934835598 ], [ -60.534625669046385, -31.792565417170888 ], [ -60.535096286621446, -31.794676681363146 ], [ -60.540385472313673, -31.793819378397561 ], [ -60.540780247729558, -31.793795250903127 ] ] ] } },
{ "type": "Feature", "properties": { "ogc_fid": 212, "sec": 12.0, "gru": 222.0, "etiq": "12-222" }, "geometry": { "type": "Polygon", "coordinates": [ [ [ -60.540780247729558, -31.793795250903127 ], [ -60.540899064567618, -31.793787988930923 ], [ -60.542743514345482, -31.793498583044485 ], [ -60.546045701657178, -31.79297331439659 ], [ -60.546420796128629, -31.792914787309108 ], [ -60.546370407418877, -31.792746500446832 ], [ -60.545861677227045, -31.790098016998964 ], [ -60.545392799140529, -31.787994135571509 ], [ -60.544103097015544, -31.788202222120159 ], [ -60.53972723224544, -31.788932795337718 ], [ -60.540726211092661, -31.793668780884012 ], [ -60.540780247729558, -31.793795250903127 ] ] ] } },
{ "type": "Feature", "properties": { "ogc_fid": 213, "sec": 12.0, "gru": 221.0, "etiq": "12-221" }, "geometry": { "type": "Polygon", "coordinates": [ [ [ -60.552149370869593, -31.791990440524202 ], [ -60.552126132926951, -31.791856573033375 ], [ -60.551122420775663, -31.787061184937723 ], [ -60.54812226032044, -31.78755370552695 ], [ -60.545392799140529, -31.787994135571509 ], [ -60.545861677227045, -31.790098016998964 ], [ -60.546370407418877, -31.792746500446832 ], [ -60.546420796128629, -31.792914787309108 ], [ -60.549125482633208, -31.792492732332594 ], [ -60.552149370869593, -31.791990440524202 ] ] ] } },
{ "type": "Feature", "properties": { "ogc_fid": 214, "sec": 12.0, "gru": 220.0, "etiq": "12-220" }, "geometry": { "type": "Polygon", "coordinates": [ [ [ -60.552149370869593, -31.791990440524202 ], [ -60.55468497115406, -31.791569197787325 ], [ -60.557336886593092, -31.791148697750028 ], [ -60.55787521924821, -31.791009644386801 ], [ -60.557717033624641, -31.79039292858867 ], [ -60.557167933723385, -31.787852080293352 ], [ -60.556829711986417, -31.786221353757423 ], [ -60.554980701259225, -31.786505324511541 ], [ -60.551347067429774, -31.78702430282716 ], [ -60.551122420775663, -31.787061184937723 ], [ -60.552126132926951, -31.791856573033375 ], [ -60.552149370869593, -31.791990440524202 ] ] ] } },
{ "type": "Feature", "properties": { "ogc_fid": 215, "sec": 12.0, "gru": 219.0, "etiq": "12-219" }, "geometry": { "type": "Polygon", "coordinates": [ [ [ -60.563375014411662, -31.790182335291277 ], [ -60.56364215963827, -31.790139690966598 ], [ -60.563622144778897, -31.790051282014332 ], [ -60.562553031579348, -31.785328571929455 ], [ -60.562397785044851, -31.785352725703618 ], [ -60.559482647130871, -31.785813866592143 ], [ -60.556829711986417, -31.786221353757423 ], [ -60.557167933723385, -31.787852080293352 ], [ -60.557717033624641, -31.79039292858867 ], [ -60.55787521924821, -31.791009644386801 ], [ -60.562024683333355, -31.790397879140407 ], [ -60.563375014411662, -31.790182335291277 ] ] ] } },
{ "type": "Feature", "properties": { "ogc_fid": 216, "sec": 12.0, "gru": 218.0, "etiq": "12-218" }, "geometry": { "type": "Polygon", "coordinates": [ [ [ -60.566622231152969, -31.784695400435922 ], [ -60.562553031579348, -31.785328571929455 ], [ -60.563622144778897, -31.790051282014332 ], [ -60.565534004742425, -31.789746821489427 ], [ -60.56609989518622, -31.786516097013187 ], [ -60.566199073000234, -31.786097675379363 ], [ -60.566636699475708, -31.785289798332499 ], [ -60.566637476739203, -31.784768058427357 ], [ -60.566622231152969, -31.784695400435922 ] ] ] } },
{ "type": "Feature", "properties": { "ogc_fid": 217, "sec": 12.0, "gru": 235.0, "etiq": "12-235" }, "geometry": { "type": "Polygon", "coordinates": [ [ [ -60.558928383715674, -31.795842151859542 ], [ -60.558964998354348, -31.795773247856751 ], [ -60.561179649272823, -31.793254721558775 ], [ -60.562238410612721, -31.79228636417713 ], [ -60.563597693566521, -31.791247793513033 ], [ -60.563389749660317, -31.790249677256927 ], [ -60.563375014411662, -31.790182335291277 ], [ -60.562024683333355, -31.790397879140407 ], [ -60.55787521924821, -31.791009644386801 ], [ -60.558133656214508, -31.792017189779791 ], [ -60.558835751932484, -31.795499304242831 ], [ -60.558928383715674, -31.795842151859542 ] ] ] } },
{ "type": "Feature", "properties": { "ogc_fid": 218, "sec": 12.0, "gru": 236.0, "etiq": "12-236" }, "geometry": { "type": "Polygon", "coordinates": [ [ [ -60.55787521924821, -31.791009644386801 ], [ -60.557336886593092, -31.791148697750028 ], [ -60.55468497115406, -31.791569197787325 ], [ -60.552149370869593, -31.791990440524202 ], [ -60.5522210651744, -31.792403449399671 ], [ -60.55337397777074, -31.797980598432332 ], [ -60.553477683058873, -31.798448756345735 ], [ -60.553609731182441, -31.79842867062613 ], [ -60.558863570735518, -31.795964121211195 ], [ -60.558928383715674, -31.795842151859542 ], [ -60.558835751932484, -31.795499304242831 ], [ -60.558133656214508, -31.792017189779791 ], [ -60.55787521924821, -31.791009644386801 ] ] ] } },
{ "type": "Feature", "properties": { "ogc_fid": 219, "sec": 12.0, "gru": 237.0, "etiq": "12-237" }, "geometry": { "type": "Polygon", "coordinates": [ [ [ -60.553477683058873, -31.798448756345735 ], [ -60.55337397777074, -31.797980598432332 ], [ -60.5522210651744, -31.792403449399671 ], [ -60.552149370869593, -31.791990440524202 ], [ -60.549125482633208, -31.792492732332594 ], [ -60.546420796128629, -31.792914787309108 ], [ -60.546530048050784, -31.793279661714838 ], [ -60.546964714078563, -31.794955597939147 ], [ -60.547311425828035, -31.796879767263245 ], [ -60.54758198316398, -31.798304250023961 ], [ -60.547708859181562, -31.798303969557658 ], [ -60.553349836389636, -31.798468202847417 ], [ -60.553477683058873, -31.798448756345735 ] ] ] } },
{ "type": "Feature", "properties": { "ogc_fid": 220, "sec": 12.0, "gru": 238.0, "etiq": "12-238" }, "geometry": { "type": "Polygon", "coordinates": [ [ [ -60.542215937330184, -31.799837385426823 ], [ -60.542351380930462, -31.799846425104004 ], [ -60.544248570577572, -31.800023554691322 ], [ -60.545020602924914, -31.800698779500539 ], [ -60.546272663828752, -31.79977435902622 ], [ -60.547034085268741, -31.798744695554156 ], [ -60.547472110317621, -31.798304492801666 ], [ -60.54758198316398, -31.798304250023961 ], [ -60.547311425828035, -31.796879767263245 ], [ -60.546964714078563, -31.794955597939147 ], [ -60.546530048050784, -31.793279661714838 ], [ -60.546420796128629, -31.792914787309108 ], [ -60.546045701657178, -31.79297331439659 ], [ -60.542743514345482, -31.793498583044485 ], [ -60.540899064567618, -31.793787988930923 ], [ -60.540780247729558, -31.793795250903127 ], [ -60.541351287920108, -31.796229093664568 ], [ -60.542215937330184, -31.799837385426823 ] ] ] } },
{ "type": "Feature", "properties": { "ogc_fid": 221, "sec": 12.0, "gru": 239.0, "etiq": "12-239" }, "geometry": { "type": "Polygon", "coordinates": [ [ [ -60.535096286621446, -31.794676681363146 ], [ -60.535415464830137, -31.796105096132305 ], [ -60.535885612950139, -31.798255311289068 ], [ -60.535998389796916, -31.798232132528103 ], [ -60.537579295735078, -31.798804627117317 ], [ -60.542131637127838, -31.799831759050971 ], [ -60.542215937330184, -31.799837385426823 ], [ -60.541351287920108, -31.796229093664568 ], [ -60.540780247729558, -31.793795250903127 ], [ -60.540385472313673, -31.793819378397561 ], [ -60.535096286621446, -31.794676681363146 ] ] ] } },
{ "type": "Feature", "properties": { "ogc_fid": 222, "sec": 12.0, "gru": 240.0, "etiq": "12-240" }, "geometry": { "type": "Polygon", "coordinates": [ [ [ -60.535096286621446, -31.794676681363146 ], [ -60.53242934437116, -31.795108866208597 ], [ -60.529438641465724, -31.795590900240168 ], [ -60.530068677515906, -31.798368148873976 ], [ -60.53013265391624, -31.798611848686981 ], [ -60.530247043717942, -31.798592993280451 ], [ -60.530263228396599, -31.798664609845765 ], [ -60.531887353567193, -31.797650663696761 ], [ -60.535771106440528, -31.79827884542977 ], [ -60.535885612950139, -31.798255311289068 ], [ -60.535415464830137, -31.796105096132305 ], [ -60.535096286621446, -31.794676681363146 ] ] ] } },
{ "type": "Feature", "properties": { "ogc_fid": 223, "sec": 12.0, "gru": 241.0, "etiq": "12-241" }, "geometry": { "type": "Polygon", "coordinates": [ [ [ -60.524284795383913, -31.799935105782538 ], [ -60.527082420790947, -31.800385311838891 ], [ -60.527633120109009, -31.800265774307377 ], [ -60.528604134119973, -31.799800348981289 ], [ -60.52998662080973, -31.798635919847396 ], [ -60.53013265391624, -31.798611848686981 ], [ -60.530068677515906, -31.798368148873976 ], [ -60.529438641465724, -31.795590900240168 ], [ -60.523627515083987, -31.796527308306597 ], [ -60.523556977382533, -31.796710827804944 ], [ -60.524284795383913, -31.799935105782538 ] ] ] } },
{ "type": "Feature", "properties": { "ogc_fid": 224, "sec": 12.0, "gru": 242.0, "etiq": "12-242" }, "geometry": { "type": "Polygon", "coordinates": [ [ [ -60.517960787231914, -31.797488564858838 ], [ -60.518018954333293, -31.79780107240008 ], [ -60.518115067742215, -31.798255977212452 ], [ -60.518184720748657, -31.798244623068953 ], [ -60.51832981833995, -31.798893862107175 ], [ -60.518935199377992, -31.798800460152226 ], [ -60.519290082900092, -31.798941285801913 ], [ -60.519557550239924, -31.798948289366123 ], [ -60.519718914308605, -31.798968366271453 ], [ -60.519901757513956, -31.798967221962076 ], [ -60.520697487237314, -31.799286891524162 ], [ -60.521254393805947, -31.799321052594191 ], [ -60.521397522392512, -31.799212554116544 ], [ -60.522063772459525, -31.799392831318517 ], [ -60.522327817889753, -31.799620141198414 ], [ -60.524284795383913, -31.799935105782538 ], [ -60.523556977382533, -31.796710827804944 ], [ -60.523627515083987, -31.796527308306597 ], [ -60.523549685665991, -31.796539847856724 ], [ -60.520315985714085, -31.797108067555435 ], [ -60.517960787231914, -31.797488564858838 ] ] ] } },
{ "type": "Feature", "properties": { "ogc_fid": 225, "sec": 12.0, "gru": 153.0, "etiq": "12-153" }, "geometry": { "type": "Polygon", "coordinates": [ [ [ -60.514700831935095, -31.782802747764524 ], [ -60.512799133492791, -31.783085118711011 ], [ -60.512086344665875, -31.783211040743065 ], [ -60.511793611450116, -31.78288279845194 ], [ -60.50910111087029, -31.78367997644899 ], [ -60.509768102805033, -31.786786282647366 ], [ -60.510158502531603, -31.788623801723286 ], [ -60.512957011799621, -31.788163027276546 ], [ -60.513648293228123, -31.788052572690201 ], [ -60.515814565840842, -31.787700684350064 ], [ -60.515305551176283, -31.785427612536274 ], [ -60.514700831935095, -31.782802747764524 ] ] ] } },
{ "type": "Feature", "properties": { "ogc_fid": 226, "sec": 12.0, "gru": 154.0, "etiq": "12-154" }, "geometry": { "type": "Polygon", "coordinates": [ [ [ -60.504214500650804, -31.789596871434917 ], [ -60.505398662651096, -31.789393398236193 ], [ -60.508409631931009, -31.788911719713013 ], [ -60.510158502531603, -31.788623801723286 ], [ -60.509768102805033, -31.786786282647366 ], [ -60.50910111087029, -31.78367997644899 ], [ -60.508953231326686, -31.783758090583998 ], [ -60.505379183952478, -31.78433069480613 ], [ -60.503169333734469, -31.784695871612815 ], [ -60.503280036948652, -31.785214669214888 ], [ -60.503483042224303, -31.786166013649126 ], [ -60.503994493828344, -31.788595605093299 ], [ -60.504214500650804, -31.789596871434917 ] ] ] } },
{ "type": "Feature", "properties": { "ogc_fid": 227, "sec": 12.0, "gru": 189.0, "etiq": "12-189" }, "geometry": { "type": "Polygon", "coordinates": [ [ [ -60.511192527071572, -31.793438065925489 ], [ -60.511617943742436, -31.793370077037945 ], [ -60.513255389008236, -31.793119471880093 ], [ -60.513502814626442, -31.79317393211786 ], [ -60.513914519730264, -31.793315945950884 ], [ -60.515176381240366, -31.793323214845692 ], [ -60.515307128121528, -31.792803555854807 ], [ -60.516937677801913, -31.792540273486036 ], [ -60.516679938017802, -31.791245586315128 ], [ -60.51625808099967, -31.789456389510491 ], [ -60.515986844811714, -31.788469992027647 ], [ -60.515814565840842, -31.787700684350064 ], [ -60.513648293228123, -31.788052572690201 ], [ -60.512957011799621, -31.788163027276546 ], [ -60.510158502531603, -31.788623801723286 ], [ -60.51100227031025, -31.792594953972223 ], [ -60.511188938805894, -31.793438639385496 ], [ -60.511192527071572, -31.793438065925489 ] ] ] } },
{ "type": "Feature", "properties": { "ogc_fid": 228, "sec": 12.0, "gru": 190.0, "etiq": "12-190" }, "geometry": { "type": "Polygon", "coordinates": [ [ [ -60.504324090172553, -31.790095612442396 ], [ -60.504652123995683, -31.791588457784023 ], [ -60.504828148890553, -31.79243108079417 ], [ -60.505084231929587, -31.79370300646973 ], [ -60.505227900780241, -31.794406287175168 ], [ -60.509980550245821, -31.793631752305028 ], [ -60.511188938805894, -31.793438639385496 ], [ -60.51100227031025, -31.792594953972223 ], [ -60.510158502531603, -31.788623801723286 ], [ -60.508409631931009, -31.788911719713013 ], [ -60.505398662651096, -31.789393398236193 ], [ -60.504214500650804, -31.789596871434917 ], [ -60.504324090172553, -31.790095612442396 ] ] ] } },
{ "type": "Feature", "properties": { "ogc_fid": 229, "sec": 12.0, "gru": 227.0, "etiq": "12-227" }, "geometry": { "type": "Polygon", "coordinates": [ [ [ -60.511192527071572, -31.793438065925489 ], [ -60.512067132870477, -31.797313622967909 ], [ -60.514237701142633, -31.796959785974632 ], [ -60.514404705117151, -31.797074830235672 ], [ -60.51804022262786, -31.79826817767648 ], [ -60.518115067742215, -31.798255977212452 ], [ -60.518018954333293, -31.79780107240008 ], [ -60.517960787231914, -31.797488564858838 ], [ -60.517931614439526, -31.797331830790302 ], [ -60.517524843469673, -31.795286524376529 ], [ -60.517213848686346, -31.793920496033962 ], [ -60.516937677801913, -31.792540273486036 ], [ -60.515307128121528, -31.792803555854807 ], [ -60.515176381240366, -31.793323214845692 ], [ -60.513914519730264, -31.793315945950884 ], [ -60.513502814626442, -31.79317393211786 ], [ -60.513255389008236, -31.793119471880093 ], [ -60.511617943742436, -31.793370077037945 ], [ -60.511192527071572, -31.793438065925489 ] ] ] } },
{ "type": "Feature", "properties": { "ogc_fid": 230, "sec": 12.0, "gru": 228.0, "etiq": "12-228" }, "geometry": { "type": "Polygon", "coordinates": [ [ [ -60.506186507507124, -31.798272058867695 ], [ -60.512067132870477, -31.797313622967909 ], [ -60.511192527071572, -31.793438065925489 ], [ -60.511188938805894, -31.793438639385496 ], [ -60.509980550245821, -31.793631752305028 ], [ -60.505227900780241, -31.794406287175168 ], [ -60.50533435973631, -31.794968531831923 ], [ -60.505732990013605, -31.796895942976235 ], [ -60.505986908128904, -31.797768425044623 ], [ -60.506186507507124, -31.798272058867695 ] ] ] } },
{ "type": "Feature", "properties": { "ogc_fid": 231, "sec": 12.0, "gru": 229.0, "etiq": "12-229" }, "geometry": { "type": "Polygon", "coordinates": [ [ [ -60.500389827680479, -31.799216528635398 ], [ -60.506186507507124, -31.798272058867695 ], [ -60.505986908128904, -31.797768425044623 ], [ -60.505732990013605, -31.796895942976235 ], [ -60.50533435973631, -31.794968531831923 ], [ -60.504122075894095, -31.795161819678583 ], [ -60.502958080705298, -31.795344035738466 ], [ -60.49962236713327, -31.795860098374046 ], [ -60.500389827680479, -31.799216528635398 ] ] ] } },
{ "type": "Feature", "properties": { "ogc_fid": 233, "sec": 12.0, "gru": 192.0, "etiq": "12-192" }, "geometry": { "type": "Polygon", "coordinates": [ [ [ -60.49393843678542, -31.796727666656395 ], [ -60.494713479568475, -31.796603837787476 ], [ -60.49962236713327, -31.795860098374046 ], [ -60.499549969299892, -31.795543458709034 ], [ -60.498881667568163, -31.792384439924348 ], [ -60.498836877027898, -31.792143860960163 ], [ -60.498607018701804, -31.790963052098459 ], [ -60.49817627134609, -31.791058851519459 ], [ -60.49779071652231, -31.791132734263336 ], [ -60.495565511386516, -31.791460735380262 ], [ -60.494678986711264, -31.791596858945336 ], [ -60.492910028009511, -31.791864798947085 ], [ -60.49393843678542, -31.796727666656395 ] ] ] } },
{ "type": "Feature", "properties": { "ogc_fid": 234, "sec": 12.0, "gru": 191.0, "etiq": "12-191" }, "geometry": { "type": "Polygon", "coordinates": [ [ [ -60.505227900780241, -31.794406287175168 ], [ -60.505084231929587, -31.79370300646973 ], [ -60.504828148890553, -31.79243108079417 ], [ -60.504652123995683, -31.791588457784023 ], [ -60.504324090172553, -31.790095612442396 ], [ -60.503099611445357, -31.790283650256328 ], [ -60.501939749710665, -31.790458201999023 ], [ -60.499807126395751, -31.790782472463601 ], [ -60.499203161715776, -31.790872139092052 ], [ -60.498607018701804, -31.790963052098459 ], [ -60.498836877027898, -31.792143860960163 ], [ -60.498881667568163, -31.792384439924348 ], [ -60.499549969299892, -31.795543458709034 ], [ -60.49962236713327, -31.795860098374046 ], [ -60.502958080705298, -31.795344035738466 ], [ -60.504122075894095, -31.795161819678583 ], [ -60.50533435973631, -31.794968531831923 ], [ -60.505227900780241, -31.794406287175168 ] ] ] } },
{ "type": "Feature", "properties": { "ogc_fid": 235, "sec": 12.0, "gru": 156.0, "etiq": "12-156" }, "geometry": { "type": "Polygon", "coordinates": [ [ [ -60.491881730330363, -31.787001918137172 ], [ -60.492910028009511, -31.791864798947085 ], [ -60.494678986711264, -31.791596858945336 ], [ -60.495565511386516, -31.791460735380262 ], [ -60.49779071652231, -31.791132734263336 ], [ -60.49817627134609, -31.791058851519459 ], [ -60.498607018701804, -31.790963052098459 ], [ -60.498284628149001, -31.789424819012748 ], [ -60.498106919371878, -31.788543849343888 ], [ -60.497562471674023, -31.786122815191352 ], [ -60.497063761837133, -31.786202014470131 ], [ -60.491881730330363, -31.787001918137172 ] ] ] } },
{ "type": "Feature", "properties": { "ogc_fid": 236, "sec": 12.0, "gru": 155.0, "etiq": "12-155" }, "geometry": { "type": "Polygon", "coordinates": [ [ [ -60.497562471674023, -31.786122815191352 ], [ -60.498106919371878, -31.788543849343888 ], [ -60.498284628149001, -31.789424819012748 ], [ -60.498607018701804, -31.790963052098459 ], [ -60.499203161715776, -31.790872139092052 ], [ -60.499807126395751, -31.790782472463601 ], [ -60.501939749710665, -31.790458201999023 ], [ -60.503099611445357, -31.790283650256328 ], [ -60.504324090172553, -31.790095612442396 ], [ -60.504214500650804, -31.789596871434917 ], [ -60.503994493828344, -31.788595605093299 ], [ -60.503483042224303, -31.786166013649126 ], [ -60.503280036948652, -31.785214669214888 ], [ -60.497562471674023, -31.786122815191352 ] ] ] } },
{ "type": "Feature", "properties": { "ogc_fid": 237, "sec": 12.0, "gru": 122.0, "etiq": "12-122" }, "geometry": { "type": "Polygon", "coordinates": [ [ [ -60.502305434136304, -31.780410318851516 ], [ -60.500669135100374, -31.78065922790098 ], [ -60.499394456972936, -31.780852424682646 ], [ -60.496513794277995, -31.781291225943136 ], [ -60.497439748894806, -31.785577076674812 ], [ -60.497562471674023, -31.786122815191352 ], [ -60.503280036948652, -31.785214669214888 ], [ -60.503169333734469, -31.784695871612815 ], [ -60.503085407998562, -31.784302559429584 ], [ -60.502625381995152, -31.78201150589387 ], [ -60.502472505106468, -31.78130424029953 ], [ -60.502305434136304, -31.780410318851516 ] ] ] } },
{ "type": "Feature", "properties": { "ogc_fid": 238, "sec": 12.0, "gru": 123.0, "etiq": "12-123" }, "geometry": { "type": "Polygon", "coordinates": [ [ [ -60.491881730330363, -31.787001918137172 ], [ -60.497063761837133, -31.786202014470131 ], [ -60.497562471674023, -31.786122815191352 ], [ -60.497439748894806, -31.785577076674812 ], [ -60.496513794277995, -31.781291225943136 ], [ -60.493722015528782, -31.781716162892742 ], [ -60.491991289701282, -31.781979983642415 ], [ -60.491435826610214, -31.782064109639098 ], [ -60.490855515588869, -31.782152423197136 ], [ -60.491341151207486, -31.784516598795655 ], [ -60.491881730330363, -31.787001918137172 ] ] ] } },
{ "type": "Feature", "properties": { "ogc_fid": 239, "sec": 12.0, "gru": 124.0, "etiq": "12-124" }, "geometry": { "type": "Polygon", "coordinates": [ [ [ -60.486129705658904, -31.787886042838473 ], [ -60.489052446587635, -31.787438554600531 ], [ -60.491881730330363, -31.787001918137172 ], [ -60.491341151207486, -31.784516598795655 ], [ -60.490855515588869, -31.782152423197136 ], [ -60.48828880289738, -31.782547048945908 ], [ -60.486818071080258, -31.782766821121058 ], [ -60.485093487063558, -31.783029154487551 ], [ -60.485231393710421, -31.783517001774623 ], [ -60.485663406347683, -31.785668483790939 ], [ -60.486129705658904, -31.787886042838473 ] ] ] } },
{ "type": "Feature", "properties": { "ogc_fid": 240, "sec": 12.0, "gru": 157.0, "etiq": "12-157" }, "geometry": { "type": "Polygon", "coordinates": [ [ [ -60.486129705658904, -31.787886042838473 ], [ -60.487147930219471, -31.792727979465923 ], [ -60.490680629620918, -31.792162309934259 ], [ -60.491749231680402, -31.792008537864291 ], [ -60.492910028009511, -31.791864798947085 ], [ -60.491881730330363, -31.787001918137172 ], [ -60.489052446587635, -31.787438554600531 ], [ -60.486129705658904, -31.787886042838473 ] ] ] } },
{ "type": "Feature", "properties": { "ogc_fid": 241, "sec": 12.0, "gru": 193.0, "etiq": "12-193" }, "geometry": { "type": "Polygon", "coordinates": [ [ [ -60.488162891290806, -31.797614855699173 ], [ -60.49393843678542, -31.796727666656395 ], [ -60.492910028009511, -31.791864798947085 ], [ -60.491749231680402, -31.792008537864291 ], [ -60.490680629620918, -31.792162309934259 ], [ -60.487147930219471, -31.792727979465923 ], [ -60.487241941295856, -31.79317500097272 ], [ -60.487510114810931, -31.79436246529346 ], [ -60.487657007040958, -31.795105165969666 ], [ -60.48792609032995, -31.796420532364504 ], [ -60.488162891290806, -31.797614855699173 ] ] ] } },
{ "type": "Feature", "properties": { "ogc_fid": 243, "sec": 12.0, "gru": 232.0, "etiq": "12-232" }, "geometry": { "type": "Polygon", "coordinates": [ [ [ -60.488839793947797, -31.801085344034018 ], [ -60.488162891290806, -31.797614855699173 ], [ -60.485170597705839, -31.798077760827073 ], [ -60.485896470352088, -31.801561202990751 ], [ -60.488839793947797, -31.801085344034018 ] ] ] } },
{ "type": "Feature", "properties": { "ogc_fid": 244, "sec": 13.0, "gru": 94.0, "etiq": "13-94" }, "geometry": { "type": "Polygon", "coordinates": [ [ [ -60.478869683623586, -31.799008623755977 ], [ -60.479531087174152, -31.802716476363827 ], [ -60.485445854752427, -31.801796758857691 ], [ -60.485896470352088, -31.801561202990751 ], [ -60.485170597705839, -31.798077760827073 ], [ -60.488162891290806, -31.797614855699173 ], [ -60.48792609032995, -31.796420532364504 ], [ -60.487657007040958, -31.795105165969666 ], [ -60.487510114810931, -31.79436246529346 ], [ -60.487241941295856, -31.79317500097272 ], [ -60.487147930219471, -31.792727979465923 ], [ -60.486129705658904, -31.787886042838473 ], [ -60.485663406347683, -31.785668483790939 ], [ -60.485231393710421, -31.783517001774623 ], [ -60.485093487063558, -31.783029154487551 ], [ -60.485082537774382, -31.782973232954788 ], [ -60.48496476542509, -31.782346035685272 ], [ -60.484440425430769, -31.779780938162627 ], [ -60.484136162931733, -31.778304600358002 ], [ -60.484111123897172, -31.778178853230862 ], [ -60.483995008814816, -31.77820501813601 ], [ -60.481781432417321, -31.77854697576182 ], [ -60.478348762656971, -31.779062938007929 ], [ -60.475570639179352, -31.77949321265784 ], [ -60.472745722581571, -31.779915966744774 ], [ -60.47195239063781, -31.78003467842019 ], [ -60.469926928622201, -31.780328387686907 ], [ -60.467003374341999, -31.780797772164938 ], [ -60.465809453365857, -31.780989438746545 ], [ -60.461463458392316, -31.7816463924758 ], [ -60.461279071157925, -31.781674499105506 ], [ -60.46188293111674, -31.784436154761789 ], [ -60.462319601520193, -31.786492877842658 ], [ -60.463105522687336, -31.790194334261653 ], [ -60.463359265083668, -31.791386287579403 ], [ -60.469054942234479, -31.790508652127407 ], [ -60.474749997309821, -31.789635047226994 ], [ -60.47575429620435, -31.794502853330158 ], [ -60.477986457454719, -31.79417899212287 ], [ -60.478869683623586, -31.799008623755977 ] ] ] } },
{ "type": "Feature", "properties": { "ogc_fid": 245, "sec": 13.0, "gru": 195.0, "etiq": "13-195" }, "geometry": { "type": "Polygon", "coordinates": [ [ [ -60.47575429620435, -31.794502853330158 ], [ -60.476195058810262, -31.796639046071881 ], [ -60.476773470813747, -31.799328120106537 ], [ -60.478869683623586, -31.799008623755977 ], [ -60.477986457454719, -31.79417899212287 ], [ -60.47575429620435, -31.794502853330158 ] ] ] } },
{ "type": "Feature", "properties": { "ogc_fid": 246, "sec": 13.0, "gru": 233.0, "etiq": "13-233" }, "geometry": { "type": "Polygon", "coordinates": [ [ [ -60.479531087174152, -31.802716476363827 ], [ -60.478869683623586, -31.799008623755977 ], [ -60.476773470813747, -31.799328120106537 ], [ -60.477443590100528, -31.802443341390571 ], [ -60.477550858777434, -31.803024326848231 ], [ -60.479531087174152, -31.802716476363827 ] ] ] } },
{ "type": "Feature", "properties": { "ogc_fid": 247, "sec": 13.0, "gru": 234.0, "etiq": "13-234" }, "geometry": { "type": "Polygon", "coordinates": [ [ [ -60.471832041934121, -31.800081127825326 ], [ -60.471952157004658, -31.800215332274842 ], [ -60.473098116829576, -31.803522135790921 ], [ -60.47317778666109, -31.803704057691569 ], [ -60.477550858777434, -31.803024326848231 ], [ -60.477443590100528, -31.802443341390571 ], [ -60.476773470813747, -31.799328120106537 ], [ -60.471832041934121, -31.800081127825326 ] ] ] } },
{ "type": "Feature", "properties": { "ogc_fid": 248, "sec": 13.0, "gru": 196.0, "etiq": "13-196" }, "geometry": { "type": "Polygon", "coordinates": [ [ [ -60.47575429620435, -31.794502853330158 ], [ -60.470113017711448, -31.795321154452516 ], [ -60.470365040299683, -31.796645119940184 ], [ -60.470805939205185, -31.79870562857878 ], [ -60.471109770682382, -31.79883988609668 ], [ -60.471133715761766, -31.798857798123439 ], [ -60.471304797389976, -31.799216645514335 ], [ -60.471627276982687, -31.799844093641415 ], [ -60.471648079954065, -31.799873254073816 ], [ -60.471671445290511, -31.799901692559519 ], [ -60.471832041934121, -31.800081127825326 ], [ -60.476773470813747, -31.799328120106537 ], [ -60.476195058810262, -31.796639046071881 ], [ -60.47575429620435, -31.794502853330158 ] ] ] } },
{ "type": "Feature", "properties": { "ogc_fid": 249, "sec": 13.0, "gru": 160.0, "etiq": "13-160" }, "geometry": { "type": "Polygon", "coordinates": [ [ [ -60.469054942234479, -31.790508652127407 ], [ -60.470075498663668, -31.795124049962642 ], [ -60.470113017711448, -31.795321154452516 ], [ -60.47575429620435, -31.794502853330158 ], [ -60.474749997309821, -31.789635047226994 ], [ -60.469054942234479, -31.790508652127407 ] ] ] } },
{ "type": "Feature", "properties": { "ogc_fid": 250, "sec": 13.0, "gru": 198.0, "etiq": "13-198" }, "geometry": { "type": "Polygon", "coordinates": [ [ [ -60.470113017711448, -31.795321154452516 ], [ -60.470075498663668, -31.795124049962642 ], [ -60.469054942234479, -31.790508652127407 ], [ -60.463359265083668, -31.791386287579403 ], [ -60.46378012300233, -31.793325375168763 ], [ -60.464373395104921, -31.796197350037115 ], [ -60.469522572849776, -31.795406786743587 ], [ -60.470113017711448, -31.795321154452516 ] ] ] } },
{ "type": "Feature", "properties": { "ogc_fid": 295, "sec": 14.0, "gru": 252.0, "etiq": "14-252" }, "geometry": { "type": "Polygon", "coordinates": [ [ [ -60.449460317664204, -31.753297607413359 ], [ -60.453572833040518, -31.752657518555338 ], [ -60.455172163875879, -31.75240377069051 ], [ -60.454830331268838, -31.750794043853475 ], [ -60.454157045410028, -31.747571946950437 ], [ -60.44846078273752, -31.748441547648021 ], [ -60.449135303618618, -31.751468362610026 ], [ -60.449460317664204, -31.753297607413359 ] ] ] } },
{ "type": "Feature", "properties": { "ogc_fid": 296, "sec": 14.0, "gru": 207.0, "etiq": "14-207" }, "geometry": { "type": "Polygon", "coordinates": [ [ [ -60.460909584705945, -31.751549247735721 ], [ -60.46034560849106, -31.748787345040263 ], [ -60.459897475673635, -31.746663711412562 ], [ -60.459182379850112, -31.746767089661205 ], [ -60.454533716633286, -31.747514434175436 ], [ -60.454157045410028, -31.747571946950437 ], [ -60.454830331268838, -31.750794043853475 ], [ -60.455172163875879, -31.75240377069051 ], [ -60.460909584705945, -31.751549247735721 ] ] ] } },
{ "type": "Feature", "properties": { "ogc_fid": 297, "sec": 14.0, "gru": 169.0, "etiq": "14-169" }, "geometry": { "type": "Polygon", "coordinates": [ [ [ -60.466600793145261, -31.750721208919114 ], [ -60.466576215271253, -31.75060638141969 ], [ -60.465615149666895, -31.745822755769158 ], [ -60.464085760645084, -31.746058144455663 ], [ -60.459897475673635, -31.746663711412562 ], [ -60.46034560849106, -31.748787345040263 ], [ -60.460909584705945, -31.751549247735721 ], [ -60.463740789233306, -31.751150825074472 ], [ -60.466600793145261, -31.750721208919114 ] ] ] } },
{ "type": "Feature", "properties": { "ogc_fid": 298, "sec": 14.0, "gru": 134.0, "etiq": "14-134" }, "geometry": { "type": "Polygon", "coordinates": [ [ [ -60.466600793145261, -31.750721208919114 ], [ -60.470528021611301, -31.75009768480977 ], [ -60.472241017224611, -31.749825025724892 ], [ -60.472207805809894, -31.74967042621595 ], [ -60.471220722695527, -31.744954561959485 ], [ -60.470835683896617, -31.74501911488808 ], [ -60.465615149666895, -31.745822755769158 ], [ -60.466576215271253, -31.75060638141969 ], [ -60.466600793145261, -31.750721208919114 ] ] ] } },
{ "type": "Feature", "properties": { "ogc_fid": 299, "sec": 14.0, "gru": 101.0, "etiq": "14-101" }, "geometry": { "type": "Polygon", "coordinates": [ [ [ -60.477939409050933, -31.748916126922648 ], [ -60.477351640555852, -31.746184429125716 ], [ -60.476891597802698, -31.744007177319094 ], [ -60.476617063846099, -31.744049717288451 ], [ -60.471220722695527, -31.744954561959485 ], [ -60.472207805809894, -31.74967042621595 ], [ -60.472241017224611, -31.749825025724892 ], [ -60.476246027340856, -31.74918744863708 ], [ -60.477939409050933, -31.748916126922648 ] ] ] } },
{ "type": "Feature", "properties": { "ogc_fid": 300, "sec": 14.0, "gru": 70.0, "etiq": "14-70" }, "geometry": { "type": "Polygon", "coordinates": [ [ [ -60.477939409050933, -31.748916126922648 ], [ -60.478798371663494, -31.74877849063267 ], [ -60.481889224489457, -31.74828364726697 ], [ -60.481953809932314, -31.748272952876075 ], [ -60.482111689308567, -31.747769512855427 ], [ -60.482223198042242, -31.747351581936091 ], [ -60.482317603050944, -31.74677164075953 ], [ -60.482337386322918, -31.746210614673977 ], [ -60.482185368173113, -31.744687811046099 ], [ -60.482090980505312, -31.743466137589188 ], [ -60.482093197963074, -31.743290406806473 ], [ -60.482093013451419, -31.743282353776511 ], [ -60.481590809243137, -31.743354850188879 ], [ -60.480574996724449, -31.743502370415545 ], [ -60.480433285814385, -31.74352193819567 ], [ -60.478837226306538, -31.74370567753666 ], [ -60.476891597802698, -31.744007177319094 ], [ -60.477351640555852, -31.746184429125716 ], [ -60.477939409050933, -31.748916126922648 ] ] ] } },
{ "type": "Feature", "properties": { "ogc_fid": 301, "sec": 14.0, "gru": 71.0, "etiq": "14-71" }, "geometry": { "type": "Polygon", "coordinates": [ [ [ -60.481573626339738, -31.738235335522628 ], [ -60.475849823418635, -31.739142270968994 ], [ -60.475900067641355, -31.739387481955461 ], [ -60.476597169183748, -31.742613673724613 ], [ -60.476891597802698, -31.744007177319094 ], [ -60.478837226306538, -31.74370567753666 ], [ -60.480433285814385, -31.74352193819567 ], [ -60.480574996724449, -31.743502370415545 ], [ -60.481590809243137, -31.743354850188879 ], [ -60.482093013451419, -31.743282353776511 ], [ -60.482176378205516, -31.742772562461038 ], [ -60.482223765359976, -31.742366835782676 ], [ -60.482279086251012, -31.741946270478476 ], [ -60.482308879632939, -31.741749170012664 ], [ -60.482112146121537, -31.740688822541554 ], [ -60.481573626339738, -31.738235335522628 ] ] ] } },
{ "type": "Feature", "properties": { "ogc_fid": 302, "sec": 14.0, "gru": 102.0, "etiq": "14-102" }, "geometry": { "type": "Polygon", "coordinates": [ [ [ -60.471220722695527, -31.744954561959485 ], [ -60.476617063846099, -31.744049717288451 ], [ -60.476891597802698, -31.744007177319094 ], [ -60.476597169183748, -31.742613673724613 ], [ -60.475900067641355, -31.739387481955461 ], [ -60.475849823418635, -31.739142270968994 ], [ -60.47559227891368, -31.739183072396148 ], [ -60.470216094841987, -31.740053224739544 ], [ -60.470252418487902, -31.740224536521453 ], [ -60.470656178817443, -31.742179336453241 ], [ -60.471029488216594, -31.744040866391313 ], [ -60.471220722695527, -31.744954561959485 ] ] ] } },
{ "type": "Feature", "properties": { "ogc_fid": 303, "sec": 14.0, "gru": 135.0, "etiq": "14-135" }, "geometry": { "type": "Polygon", "coordinates": [ [ [ -60.464588336247253, -31.740929751498115 ], [ -60.465339612817097, -31.7444511977946 ], [ -60.465615149666895, -31.745822755769158 ], [ -60.470835683896617, -31.74501911488808 ], [ -60.471220722695527, -31.744954561959485 ], [ -60.471029488216594, -31.744040866391313 ], [ -60.470656178817443, -31.742179336453241 ], [ -60.470252418487902, -31.740224536521453 ], [ -60.470216094841987, -31.740053224739544 ], [ -60.469942453614365, -31.740097507944608 ], [ -60.464588336247253, -31.740929751498115 ] ] ] } },
{ "type": "Feature", "properties": { "ogc_fid": 304, "sec": 14.0, "gru": 170.0, "etiq": "14-170" }, "geometry": { "type": "Polygon", "coordinates": [ [ [ -60.458892255717132, -31.741784069563231 ], [ -60.459014828844168, -31.74248068244464 ], [ -60.459897475673635, -31.746663711412562 ], [ -60.464085760645084, -31.746058144455663 ], [ -60.465615149666895, -31.745822755769158 ], [ -60.465339612817097, -31.7444511977946 ], [ -60.464588336247253, -31.740929751498115 ], [ -60.464450389316639, -31.740951190793101 ], [ -60.459275587882367, -31.741717216830786 ], [ -60.458892255717132, -31.741784069563231 ] ] ] } },
{ "type": "Feature", "properties": { "ogc_fid": 251, "sec": 13.0, "gru": 197.0, "etiq": "13-197" }, "geometry": { "type": "Polygon", "coordinates": [ [ [ -60.464373395104921, -31.796197350037115 ], [ -60.461788379829855, -31.796594149004978 ], [ -60.462221529432988, -31.796786582082404 ], [ -60.464302189668402, -31.797883571114532 ], [ -60.464312922069361, -31.797903363347288 ], [ -60.464622241737572, -31.797911695158295 ], [ -60.46486109647995, -31.797983890300454 ], [ -60.464866619805996, -31.797976871595822 ], [ -60.464890549342392, -31.797953994826003 ], [ -60.46492421469987, -31.79794376231229 ], [ -60.464959866624405, -31.797940132991997 ], [ -60.465006195571227, -31.797936771289709 ], [ -60.465048113746079, -31.797936140208087 ], [ -60.465089664947726, -31.797944627843595 ], [ -60.46508649026098, -31.797936775602395 ], [ -60.465080723152774, -31.797906936882573 ], [ -60.465077487378828, -31.797872291148416 ], [ -60.465081100653862, -31.797841047371257 ], [ -60.465094563319042, -31.79781560249209 ], [ -60.465121206839527, -31.797796999485154 ], [ -60.465149757845481, -31.797788183441817 ], [ -60.465185727169512, -31.797786798470433 ], [ -60.465228924925327, -31.797799203201762 ], [ -60.465263339720622, -31.797824761727743 ], [ -60.465285967027512, -31.797849704982955 ], [ -60.465295906658206, -31.797871402902754 ], [ -60.465300138755971, -31.797894131737348 ], [ -60.465302377745843, -31.797921602494419 ], [ -60.465299923090008, -31.797945924961315 ], [ -60.465300534451629, -31.797973104060866 ], [ -60.46529111714807, -31.798000860913323 ], [ -60.465268418773732, -31.798024968773699 ], [ -60.465265693120251, -31.798026818479659 ], [ -60.465278309832804, -31.798034861839952 ], [ -60.465301399321767, -31.798059307392453 ], [ -60.46532782017082, -31.798084768857677 ], [ -60.465353802978598, -31.798107102547853 ], [ -60.465372878157353, -31.798133312321287 ], [ -60.465390926080993, -31.798167353782013 ], [ -60.465412929204689, -31.798187826188428 ], [ -60.46544099476364, -31.798202225109275 ], [ -60.465460544437562, -31.798186155069523 ], [ -60.465476059324843, -31.798167773041929 ], [ -60.465493788089638, -31.798142348598272 ], [ -60.465509406013155, -31.798117139292369 ], [ -60.465523186077512, -31.798093938780202 ], [ -60.465536738336496, -31.79806531906592 ], [ -60.465547607473063, -31.798036501739144 ], [ -60.465554065846192, -31.798010415066255 ], [ -60.465568321465661, -31.797983082401696 ], [ -60.465575135877238, -31.7979682772127 ], [ -60.465562276011234, -31.797977792695335 ], [ -60.465536131546926, -31.79796955533326 ], [ -60.465526588357513, -31.797946909055703 ], [ -60.465532487996292, -31.797916793220125 ], [ -60.465552096188993, -31.797893454154796 ], [ -60.465576560253048, -31.797878240907362 ], [ -60.465603648231159, -31.797851420449778 ], [ -60.465617283544113, -31.797830953018945 ], [ -60.465627049255765, -31.79780952575609 ], [ -60.465633710822893, -31.797773427956823 ], [ -60.465637258245131, -31.797741724469049 ], [ -60.465657749016515, -31.797713304823137 ], [ -60.465676474494835, -31.797695046303065 ], [ -60.465714977338642, -31.79766614592036 ], [ -60.465739044856889, -31.797651890038246 ], [ -60.465782007723284, -31.79765114667379 ], [ -60.465813770011145, -31.797661536856797 ], [ -60.46582754481512, -31.797687838103048 ], [ -60.465894359204661, -31.797705558194117 ], [ -60.465902991001705, -31.797706491571432 ], [ -60.465929369678733, -31.797708802939777 ], [ -60.465956372726701, -31.79771559414193 ], [ -60.465983165481802, -31.797724667752806 ], [ -60.46601211360899, -31.797733985982816 ], [ -60.466041258507708, -31.797744638203014 ], [ -60.466064354495984, -31.797757729479979 ], [ -60.466094599342192, -31.79776872937726 ], [ -60.46612032330134, -31.797781549490704 ], [ -60.466147188782074, -31.797798793433486 ], [ -60.466174936886887, -31.797810956802792 ], [ -60.466199695046171, -31.797820696157657 ], [ -60.466227501660427, -31.79782558148575 ], [ -60.466260818985653, -31.797828092834703 ], [ -60.466292563743231, -31.797830763246555 ], [ -60.466329860842244, -31.797835144838398 ], [ -60.466363154187604, -31.797841290646854 ], [ -60.466396326900735, -31.79784654407101 ], [ -60.466431072141646, -31.797851629394941 ], [ -60.466459330336285, -31.797856017008119 ], [ -60.466492382422324, -31.797860378031618 ], [ -60.466520057865964, -31.797864370958742 ], [ -60.466548129809077, -31.797867415499244 ], [ -60.466583150924066, -31.797870660025545 ], [ -60.466620448006402, -31.797875032513755 ], [ -60.466651179002284, -31.797881891069753 ], [ -60.466679885919781, -31.797889415377799 ], [ -60.466708120164739, -31.797897437421767 ], [ -60.466734012870425, -31.797903889830746 ], [ -60.466760302029485, -31.797909384835013 ], [ -60.466787581003615, -31.797914326084921 ], [ -60.466818322583691, -31.797921184561581 ], [ -60.466875011955501, -31.797934946126858 ], [ -60.466903180607538, -31.79794251744995 ], [ -60.466924589820763, -31.797943521137213 ], [ -60.466955493723113, -31.797955357118912 ], [ -60.466988780890858, -31.797972856898479 ], [ -60.467030303457577, -31.797992247369827 ], [ -60.467078512772233, -31.798010044101883 ], [ -60.467110299235273, -31.798016790453985 ], [ -60.467146137362626, -31.79801450357397 ], [ -60.467176543812123, -31.798011406926303 ], [ -60.467206349780113, -31.79800019595298 ], [ -60.46722964812205, -31.797984202070218 ], [ -60.46724974908301, -31.797964441225773 ], [ -60.467273913178964, -31.797954720934641 ], [ -60.467331412347399, -31.797955222338029 ], [ -60.467364723531126, -31.79796908753255 ], [ -60.467388047665303, -31.797987597762969 ], [ -60.467412133710262, -31.798000135039022 ], [ -60.46743033935379, -31.798008725822775 ], [ -60.467458997507457, -31.798004445103274 ], [ -60.467487069521042, -31.798007489435967 ], [ -60.467515783728402, -31.798022733242096 ], [ -60.467546526392404, -31.798048665364494 ], [ -60.467574958594632, -31.798077104049664 ], [ -60.467595996256144, -31.798094486325464 ], [ -60.467621620432354, -31.798110498998124 ], [ -60.467645351699353, -31.79812806075758 ], [ -60.46766407895273, -31.798147958611601 ], [ -60.467681695710112, -31.798167508826165 ], [ -60.467703513011514, -31.798186628762707 ], [ -60.467730709759145, -31.798202473305484 ], [ -60.467755696156409, -31.79821764056808 ], [ -60.467793101802272, -31.798245622371475 ], [ -60.467817488739286, -31.798271749128151 ], [ -60.467841965245718, -31.798294692070822 ], [ -60.46786622710556, -31.798308563330288 ], [ -60.467895144455696, -31.79831379592645 ], [ -60.46793033428186, -31.798310663482241 ], [ -60.467965896712542, -31.798310226147468 ], [ -60.468007509135433, -31.798326423468346 ], [ -60.468043342325522, -31.798354564289426 ], [ -60.468067753280202, -31.798377056511054 ], [ -60.468082363460894, -31.79840553687707 ], [ -60.468099679542028, -31.79841149747411 ], [ -60.46812508645521, -31.798422081791699 ], [ -60.468150769157525, -31.798430816326942 ], [ -60.468179597016849, -31.798439232667047 ], [ -60.468211318119224, -31.798445537083307 ], [ -60.468245380854448, -31.798453420110203 ], [ -60.468285282347871, -31.798461164413407 ], [ -60.468321180147257, -31.798470682011086 ], [ -60.468354108528324, -31.79848186088153 ], [ -60.468476521224424, -31.798520712496952 ], [ -60.468507018473453, -31.798533496522417 ], [ -60.46853653652758, -31.798546843282157 ], [ -60.468579380279159, -31.798564271397598 ], [ -60.468620092641984, -31.798577838468965 ], [ -60.468689688043476, -31.798600272465695 ], [ -60.468715160661176, -31.798611298322076 ], [ -60.468742764786626, -31.79862620323701 ], [ -60.468769762213348, -31.798644338951192 ], [ -60.468789600279543, -31.798664575243496 ], [ -60.468807096664889, -31.798683223906391 ], [ -60.468819258144684, -31.798705598756378 ], [ -60.468826581275479, -31.798727567559453 ], [ -60.46883356291503, -31.798750917427988 ], [ -60.468835640613243, -31.798773419592884 ], [ -60.468823433863555, -31.798796461351191 ], [ -60.468816393587247, -31.798822153516753 ], [ -60.468799151566635, -31.798843437198226 ], [ -60.468780767884653, -31.798860297068416 ], [ -60.468749407103211, -31.79887938715849 ], [ -60.46872238086641, -31.798895304858203 ], [ -60.468691440434888, -31.798909812061783 ], [ -60.468665703705845, -31.798919700740718 ], [ -60.468641539554802, -31.798929430313738 ], [ -60.468617285869257, -31.798942343691309 ], [ -60.468605703550026, -31.798969865252893 ], [ -60.468626087143832, -31.798997756145411 ], [ -60.468656104662266, -31.799003327214525 ], [ -60.468683029312018, -31.79901330160164 ], [ -60.468713209238416, -31.799023850191595 ], [ -60.468747445188306, -31.799036710576424 ], [ -60.468778097801163, -31.799046761400955 ], [ -60.46881130225831, -31.799056099389556 ], [ -60.468878159885598, -31.799077894039026 ], [ -60.468930001279716, -31.799091239654089 ], [ -60.468960168881161, -31.799102946413459 ], [ -60.468979727029627, -31.799108029034663 ], [ -60.469023637689276, -31.799120135904982 ], [ -60.469078752412393, -31.799128316251622 ], [ -60.469119699103167, -31.799135948219075 ], [ -60.469148923742928, -31.799143415947576 ], [ -60.469183987181296, -31.79915074491322 ], [ -60.469221129792501, -31.799157858784039 ], [ -60.469251937592887, -31.799165167341894 ], [ -60.469272641693571, -31.799172090937002 ], [ -60.469287840208231, -31.799174928332842 ], [ -60.469137847288494, -31.798425166708508 ], [ -60.470644546395768, -31.798634311621168 ], [ -60.470805939205185, -31.79870562857878 ], [ -60.470365040299683, -31.796645119940184 ], [ -60.470113017711448, -31.795321154452516 ], [ -60.469522572849776, -31.795406786743587 ], [ -60.464373395104921, -31.796197350037115 ] ] ] } },
{ "type": "Feature", "properties": { "ogc_fid": 252, "sec": 13.0, "gru": 243.0, "etiq": "13-243" }, "geometry": { "type": "Polygon", "coordinates": [ [ [ -60.463359265083668, -31.791386287579403 ], [ -60.462823109777744, -31.791464286900059 ], [ -60.457696779578647, -31.792251967900423 ], [ -60.455685314368537, -31.792560977579996 ], [ -60.455683674306279, -31.792645861997233 ], [ -60.458122067446354, -31.794935032011669 ], [ -60.459296429332944, -31.794751314817734 ], [ -60.461343003867476, -31.795949352349552 ], [ -60.461348033698222, -31.795953161782645 ], [ -60.461368090500862, -31.795971107795808 ], [ -60.461385615749343, -31.795993842712576 ], [ -60.461403986064767, -31.796018766026734 ], [ -60.461419445834181, -31.796038081445552 ], [ -60.46144015762134, -31.796064583500474 ], [ -60.461456944857439, -31.796089665856215 ], [ -60.461473118564633, -31.79611027732496 ], [ -60.461492557920458, -31.796131454129878 ], [ -60.461510280016739, -31.796155541069609 ], [ -60.461523856636781, -31.796180499778391 ], [ -60.461535354098515, -31.796205664426587 ], [ -60.461546499547204, -31.796232237214436 ], [ -60.461556334744678, -31.796260753699205 ], [ -60.461561093539054, -31.796283426650074 ], [ -60.461565552252935, -31.796311583853456 ], [ -60.461572500593711, -31.796369005638304 ], [ -60.461574486703547, -31.796394691755022 ], [ -60.461577779929392, -31.796422050548422 ], [ -60.46158141088349, -31.796455748026524 ], [ -60.461584769709965, -31.796483557499766 ], [ -60.461587759414613, -31.796505019661684 ], [ -60.461788379829855, -31.796594149004978 ], [ -60.464373395104921, -31.796197350037115 ], [ -60.46378012300233, -31.793325375168763 ], [ -60.463359265083668, -31.791386287579403 ] ] ] } },
{ "type": "Feature", "properties": { "ogc_fid": 253, "sec": 13.0, "gru": 244.0, "etiq": "13-244" }, "geometry": { "type": "Polygon", "coordinates": [ [ [ -60.457696779578647, -31.792251967900423 ], [ -60.462823109777744, -31.791464286900059 ], [ -60.463359265083668, -31.791386287579403 ], [ -60.463105522687336, -31.790194334261653 ], [ -60.462319601520193, -31.786492877842658 ], [ -60.456625745375639, -31.78735395395195 ], [ -60.456915055871868, -31.788610256446891 ], [ -60.457696779578647, -31.792251967900423 ] ] ] } },
{ "type": "Feature", "properties": { "ogc_fid": 254, "sec": 13.0, "gru": 263.0, "etiq": "13-263" }, "geometry": { "type": "Polygon", "coordinates": [ [ [ -60.457696779578647, -31.792251967900423 ], [ -60.456915055871868, -31.788610256446891 ], [ -60.456625745375639, -31.78735395395195 ], [ -60.454120333766227, -31.787749817895897 ], [ -60.453918431798286, -31.787931460465479 ], [ -60.453933234318498, -31.787943955579358 ], [ -60.453956908770643, -31.787957434825106 ], [ -60.453982442295214, -31.787968914376616 ], [ -60.454008395072002, -31.787994884963823 ], [ -60.454007800947515, -31.788043992157675 ], [ -60.454018822693882, -31.788069664259684 ], [ -60.454028247591964, -31.78809913879191 ], [ -60.45404437351614, -31.788153804817824 ], [ -60.454050070930052, -31.78818320245518 ], [ -60.454056649653154, -31.788226575437076 ], [ -60.4540629052496, -31.788260002298514 ], [ -60.454067612888977, -31.788289953585011 ], [ -60.454092472781227, -31.788468167302398 ], [ -60.454095818490153, -31.788495977069406 ], [ -60.454099757448731, -31.788524190547616 ], [ -60.45409989278172, -31.788551876487205 ], [ -60.454099300496061, -31.788581909799895 ], [ -60.454096818650918, -31.788609866605452 ], [ -60.454091271350627, -31.788634948461439 ], [ -60.454083610093662, -31.788663888703141 ], [ -60.454077952839739, -31.788688078131042 ], [ -60.454070647076868, -31.788711984848948 ], [ -60.454072330371723, -31.788743146361906 ], [ -60.454076496434958, -31.788776779075203 ], [ -60.454079421139319, -31.788809180697076 ], [ -60.454079945203425, -31.788847272457645 ], [ -60.454079659475802, -31.788879541233491 ], [ -60.454076335548621, -31.788916672730771 ], [ -60.454070900878214, -31.788954001140507 ], [ -60.454065922332752, -31.788983121199401 ], [ -60.454060798765255, -31.789014974343608 ], [ -60.454055844683118, -31.789040459908332 ], [ -60.454051046131994, -31.789063203331313 ], [ -60.454044981699234, -31.789088341138015 ], [ -60.454037044308535, -31.789119122108858 ], [ -60.45403097986852, -31.789144259914725 ], [ -60.454022167123156, -31.789168767214736 ], [ -60.454011450935113, -31.789194841480136 ], [ -60.454002865321492, -31.789224777032196 ], [ -60.453996637468691, -31.789264011142951 ], [ -60.453994893762264, -31.789289620533911 ], [ -60.453987303984832, -31.789326722144132 ], [ -60.453975045799034, -31.789357031522734 ], [ -60.453961370736451, -31.789384766695449 ], [ -60.453949016459205, -31.789410540170074 ], [ -60.45393884179412, -31.789432923981771 ], [ -60.453931667002571, -31.789457723041945 ], [ -60.45391902879399, -31.789496700430089 ], [ -60.453911019729489, -31.789519310997228 ], [ -60.4539013726992, -31.789541638814534 ], [ -60.453887525403267, -31.789564387430129 ], [ -60.4538725128427, -31.78958635559885 ], [ -60.453855741719465, -31.789607130589676 ], [ -60.453836367300568, -31.789624541983745 ], [ -60.453809819881734, -31.78964767855356 ], [ -60.453784940972412, -31.789675192103005 ], [ -60.453771380277274, -31.789696099935473 ], [ -60.453759463573462, -31.789725010226885 ], [ -60.45375078784128, -31.78975813858683 ], [ -60.453739081661716, -31.789784757458175 ], [ -60.453725617005794, -31.78981020118696 ], [ -60.453708966357127, -31.789831877566542 ], [ -60.453690377157621, -31.789858746417774 ], [ -60.453665574224054, -31.78988670157328 ], [ -60.453636981521342, -31.789910494716899 ], [ -60.453613061791081, -31.789933369369439 ], [ -60.453583667954945, -31.789970413350627 ], [ -60.453562371431758, -31.790000736846853 ], [ -60.453544027747881, -31.790021679728351 ], [ -60.453517132525576, -31.790038495593507 ], [ -60.453474868257764, -31.790051876076387 ], [ -60.453433391170257, -31.79005564015247 ], [ -60.453335620995794, -31.7901514207385 ], [ -60.453305791319593, -31.790166262963556 ], [ -60.453278368308375, -31.790183125749195 ], [ -60.453259803414923, -31.790206360044873 ], [ -60.453254608010099, -31.790230051777375 ], [ -60.453259298902921, -31.790252274396316 ], [ -60.453275459212698, -31.790272886989371 ], [ -60.453299095773637, -31.790293644314428 ], [ -60.453324449809891, -31.79031150062162 ], [ -60.453356287669266, -31.790318701172851 ], [ -60.453389919150666, -31.790323460367912 ], [ -60.453418012912486, -31.790322873339512 ], [ -60.453456386202511, -31.790323503252139 ], [ -60.453491776211159, -31.790329446583463 ], [ -60.45353183460022, -31.790342173132927 ], [ -60.453565237039612, -31.790360568882349 ], [ -60.453587063540553, -31.790376056850587 ], [ -60.453615124923537, -31.790390458435269 ], [ -60.453649235133682, -31.790402430557069 ], [ -60.453677159445064, -31.790408220067036 ], [ -60.453708631278033, -31.790420454087698 ], [ -60.453738809455942, -31.790442369427939 ], [ -60.45374431674022, -31.790465051744299 ], [ -60.453723965306253, -31.790497208697897 ], [ -60.45370871969623, -31.790524972345469 ], [ -60.453704614191849, -31.790559258814543 ], [ -60.453706483753258, -31.790592065918467 ], [ -60.453698081083694, -31.7906212635515 ], [ -60.453699655834789, -31.790634356855229 ], [ -60.453730481441603, -31.790626680598393 ], [ -60.453757117292398, -31.790619425091627 ], [ -60.453787742909057, -31.790614040201124 ], [ -60.453816922639596, -31.790617435336138 ], [ -60.453850584725856, -31.790626270605323 ], [ -60.453882758333798, -31.790624361267458 ], [ -60.45388526930563, -31.790624386479255 ], [ -60.453885473472774, -31.79060955243451 ], [ -60.453890282698076, -31.7905868089845 ], [ -60.453893874969211, -31.79055919093096 ], [ -60.453891484016467, -31.790534462048878 ], [ -60.45388736952615, -31.790504905460907 ], [ -60.453908443137472, -31.790495947239876 ], [ -60.453937939961016, -31.790501577774261 ], [ -60.453972405766045, -31.790508516287392 ], [ -60.454001626509069, -31.790515987539933 ], [ -60.454028878192865, -31.790524566048692 ], [ -60.454055733330819, -31.790534101913476 ], [ -60.454089622559501, -31.790548365371858 ], [ -60.454120949518227, -31.790563341392605 ], [ -60.454130779668439, -31.79056918380256 ], [ -60.454139191906421, -31.790480649972292 ], [ -60.454531668848354, -31.790577730228815 ], [ -60.455163504150725, -31.790941822838015 ], [ -60.45551690314911, -31.791649561539309 ], [ -60.455687661184662, -31.792439513642776 ], [ -60.455685314368537, -31.792560977579996 ], [ -60.457696779578647, -31.792251967900423 ] ] ] } },
{ "type": "Feature", "properties": { "ogc_fid": 255, "sec": 13.0, "gru": 245.0, "etiq": "13-245" }, "geometry": { "type": "Polygon", "coordinates": [ [ [ -60.461279071157925, -31.781674499105506 ], [ -60.455604312097428, -31.78253937885842 ], [ -60.455951281020418, -31.784219864332837 ], [ -60.456625745375639, -31.78735395395195 ], [ -60.462319601520193, -31.786492877842658 ], [ -60.46188293111674, -31.784436154761789 ], [ -60.461279071157925, -31.781674499105506 ] ] ] } },
{ "type": "Feature", "properties": { "ogc_fid": 256, "sec": 13.0, "gru": 264.0, "etiq": "13-264" }, "geometry": { "type": "Polygon", "coordinates": [ [ [ -60.454120333766227, -31.787749817895897 ], [ -60.456625745375639, -31.78735395395195 ], [ -60.455951281020418, -31.784219864332837 ], [ -60.455604312097428, -31.78253937885842 ], [ -60.455121342314591, -31.782612975006593 ], [ -60.452076458588628, -31.783093220774756 ], [ -60.45003271896055, -31.783356526715156 ], [ -60.45085368244407, -31.783359441011743 ], [ -60.451097929993033, -31.785089829268269 ], [ -60.452129411442421, -31.784940397694534 ], [ -60.453203417810336, -31.78523439404842 ], [ -60.454242189167836, -31.787640189302824 ], [ -60.454120333766227, -31.787749817895897 ] ] ] } },
{ "type": "Feature", "properties": { "ogc_fid": 305, "sec": 14.0, "gru": 208.0, "etiq": "14-208" }, "geometry": { "type": "Polygon", "coordinates": [ [ [ -60.453153783549652, -31.742705813046992 ], [ -60.453498096823459, -31.744434044460178 ], [ -60.453811008981049, -31.745915853097209 ], [ -60.454157045410028, -31.747571946950437 ], [ -60.454533716633286, -31.747514434175436 ], [ -60.459182379850112, -31.746767089661205 ], [ -60.459897475673635, -31.746663711412562 ], [ -60.459014828844168, -31.74248068244464 ], [ -60.458892255717132, -31.741784069563231 ], [ -60.458419565781682, -31.741866504481141 ], [ -60.453706221138184, -31.74261902673873 ], [ -60.453153783549652, -31.742705813046992 ] ] ] } },
{ "type": "Feature", "properties": { "ogc_fid": 306, "sec": 14.0, "gru": 253.0, "etiq": "14-253" }, "geometry": { "type": "Polygon", "coordinates": [ [ [ -60.447471768420172, -31.743609005070976 ], [ -60.447659927386056, -31.744550350956342 ], [ -60.44846078273752, -31.748441547648021 ], [ -60.454157045410028, -31.747571946950437 ], [ -60.453811008981049, -31.745915853097209 ], [ -60.453498096823459, -31.744434044460178 ], [ -60.453153783549652, -31.742705813046992 ], [ -60.450132821157091, -31.743181356796093 ], [ -60.447471768420172, -31.743609005070976 ] ] ] } },
{ "type": "Feature", "properties": { "ogc_fid": 307, "sec": 14.0, "gru": 272.0, "etiq": "14-272" }, "geometry": { "type": "Polygon", "coordinates": [ [ [ -60.447471768420172, -31.743609005070976 ], [ -60.444658779826938, -31.744035921511998 ], [ -60.442025177969171, -31.744434850163415 ], [ -60.441779559091607, -31.744471246809585 ], [ -60.442771323712478, -31.749138000962709 ], [ -60.442807890069716, -31.749309442098266 ], [ -60.446139353065696, -31.74879586328214 ], [ -60.44846078273752, -31.748441547648021 ], [ -60.447659927386056, -31.744550350956342 ], [ -60.447471768420172, -31.743609005070976 ] ] ] } },
{ "type": "Feature", "properties": { "ogc_fid": 257, "sec": 13.0, "gru": 265.0, "etiq": "13-265" }, "geometry": { "type": "Polygon", "coordinates": [ [ [ -60.454587728457938, -31.777656095658319 ], [ -60.446334863303086, -31.778931653497239 ], [ -60.446335568338803, -31.77904314876324 ], [ -60.446327653399145, -31.779074523823816 ], [ -60.446316530871528, -31.779106334612461 ], [ -60.446305985184793, -31.779130757312107 ], [ -60.446294449798081, -31.77915574261959 ], [ -60.446266746063387, -31.77921487411912 ], [ -60.446256558286159, -31.779245680584665 ], [ -60.446245807651998, -31.779280195582203 ], [ -60.44623402645265, -31.779311160941628 ], [ -60.446223360261591, -31.779334682216557 ], [ -60.446212377036233, -31.779355940983937 ], [ -60.44620537953648, -31.779382759154672 ], [ -60.44619904023692, -31.779438920878796 ], [ -60.446200174200044, -31.779477199995849 ], [ -60.446203615235191, -31.779516634402682 ], [ -60.446208284703332, -31.779550256658418 ], [ -60.446214520592754, -31.779584694099569 ], [ -60.446224093116868, -31.779610435134611 ], [ -60.446238424721059, -31.779633490048607 ], [ -60.446258299601055, -31.779656669831528 ], [ -60.446282613153421, -31.779682990495587 ], [ -60.446308249477582, -31.779714347802258 ], [ -60.446333266446985, -31.779746437764139 ], [ -60.446356821773271, -31.779779741308595 ], [ -60.446396913821033, -31.779840186365892 ], [ -60.446416086470634, -31.77986441471819 ], [ -60.446436500720459, -31.779885572460817 ], [ -60.446458411995359, -31.779906283050689 ], [ -60.446479533184871, -31.779922956165617 ], [ -60.44649967390739, -31.779935520326333 ], [ -60.446519553877501, -31.779944351782561 ], [ -60.446543602719963, -31.779950706596647 ], [ -60.446567462903815, -31.779955150168007 ], [ -60.446593658606602, -31.779955680580009 ], [ -60.446619308059461, -31.779956781061134 ], [ -60.446644044623405, -31.779954656153322 ], [ -60.446701445147824, -31.779947943551406 ], [ -60.446725309114171, -31.77994438776372 ], [ -60.446748047521965, -31.779937291690764 ], [ -60.446778155063619, -31.779925804859054 ], [ -60.446811101475028, -31.779914091618934 ], [ -60.446845694235371, -31.779904446824688 ], [ -60.446870237601651, -31.779899472738148 ], [ -60.44689501204941, -31.779889862381101 ], [ -60.446951007317828, -31.779854394937189 ], [ -60.446969770454494, -31.779835155979661 ], [ -60.446977819013696, -31.779820572042766 ], [ -60.446986922713172, -31.779786107859849 ], [ -60.447031457556641, -31.779734140867077 ], [ -60.447060422022034, -31.779704521988958 ], [ -60.447094173187502, -31.779680162061222 ], [ -60.447159994628549, -31.779663896265752 ], [ -60.447203254439934, -31.779662923694566 ], [ -60.447249521363148, -31.779665971770832 ], [ -60.447296074706152, -31.779673690352833 ], [ -60.447343651844918, -31.779683542681191 ], [ -60.447393577553235, -31.779700971211312 ], [ -60.447443235447793, -31.779730746844972 ], [ -60.447482384833428, -31.779775069979468 ], [ -60.447508832369557, -31.779827906006997 ], [ -60.447521896128329, -31.77988357574311 ], [ -60.447530301792334, -31.779932200443319 ], [ -60.447542172914375, -31.780009861212427 ], [ -60.447547017717255, -31.780044709299066 ], [ -60.447551314715255, -31.780079802807041 ], [ -60.447550954227282, -31.780121135374028 ], [ -60.447542817053325, -31.780167725937911 ], [ -60.447530052640673, -31.78020491755812 ], [ -60.447521513255069, -31.780235952804016 ], [ -60.447512456735453, -31.78026264300054 ], [ -60.447507418959276, -31.780288570548358 ], [ -60.447502659050443, -31.780319583493618 ], [ -60.447495898745707, -31.780356131742941 ], [ -60.447489234441704, -31.780397270016778 ], [ -60.447479940593105, -31.780444838625723 ], [ -60.447474179554355, -31.780489391695703 ], [ -60.4474695223509, -31.780530775430584 ], [ -60.447467622422963, -31.780563753352837 ], [ -60.447468601757429, -31.780593925456401 ], [ -60.447466362721954, -31.780631025975595 ], [ -60.447456821568061, -31.780668900677377 ], [ -60.447447482484712, -31.780702698354542 ], [ -60.447443098321045, -31.780726242746024 ], [ -60.447442887203543, -31.780748176220161 ], [ -60.447443011735238, -31.780776232003969 ], [ -60.447442445030212, -31.780807636040091 ], [ -60.447441179998542, -31.780845301294395 ], [ -60.447439153419275, -31.780891446513529 ], [ -60.447439693069981, -31.780939936516756 ], [ -60.447443102330276, -31.780994575999866 ], [ -60.447447680350095, -31.781046370582306 ], [ -60.447453946671111, -31.781091395437699 ], [ -60.447461284739582, -31.781133160887045 ], [ -60.447470218091212, -31.781168571781986 ], [ -60.447481637712492, -31.781202873696127 ], [ -60.447493807226358, -31.781237236102779 ], [ -60.44750750983679, -31.781274253546627 ], [ -60.447521743412025, -31.781314100898079 ], [ -60.447536160295662, -31.781356932691338 ], [ -60.447553154261186, -31.78139997186738 ], [ -60.447571490214088, -31.781445441290344 ], [ -60.447592298899373, -31.781489179506664 ], [ -60.447613167472817, -31.781534387506575 ], [ -60.447624190041822, -31.781582678326945 ], [ -60.447627565902316, -31.781628164248495 ], [ -60.447626949853031, -31.781673420704266 ], [ -60.447622622293949, -31.781715290271531 ], [ -60.447617923483783, -31.781750226000032 ], [ -60.447615329182796, -31.781781510901006 ], [ -60.447611076781911, -31.781814875859723 ], [ -60.447601386334199, -31.781850262014363 ], [ -60.447590202616553, -31.781886879917643 ], [ -60.447575961546647, -31.781924410404052 ], [ -60.447561411386282, -31.781961337742779 ], [ -60.447549325994231, -31.781994883539348 ], [ -60.447536447911318, -31.782026060283417 ], [ -60.447521912373482, -31.782055069418217 ], [ -60.447511737805122, -31.782077633113811 ], [ -60.447505398497434, -31.782098587076359 ], [ -60.447502252265991, -31.782118312335442 ], [ -60.447502687694076, -31.782140766599625 ], [ -60.447505391515897, -31.782167289205503 ], [ -60.447509384011205, -31.782196134027725 ], [ -60.447518226044608, -31.782252016981435 ], [ -60.447522414795316, -31.782282150743075 ], [ -60.447522655352252, -31.782316753464066 ], [ -60.44751487244406, -31.782351447508773 ], [ -60.447506849369333, -31.782377926642663 ], [ -60.447504287927011, -31.78239631512421 ], [ -60.447505991666723, -31.782414670581126 ], [ -60.447509108424683, -31.782437052293282 ], [ -60.447513617735211, -31.782465787077289 ], [ -60.447518950278138, -31.7824966563267 ], [ -60.447525824496608, -31.78252757426835 ], [ -60.4475323465456, -31.782553325909245 ], [ -60.447539898081544, -31.782573617805443 ], [ -60.447556374134422, -31.782612104504462 ], [ -60.447572598998036, -31.782642277127813 ], [ -60.447581562265974, -31.782672899135076 ], [ -60.447585390362491, -31.782700481955505 ], [ -60.447607963979586, -31.782847537653264 ], [ -60.447613295408196, -31.782869397528724 ], [ -60.447622310633989, -31.782893264574991 ], [ -60.447632695753008, -31.782916585701905 ], [ -60.447643204614849, -31.78293929314238 ], [ -60.447656343990566, -31.782966716971455 ], [ -60.447673454099636, -31.782998726219478 ], [ -60.447693531620651, -31.783030869327302 ], [ -60.447712925508405, -31.783054790063595 ], [ -60.447727616653587, -31.783047099837525 ], [ -60.447758893733585, -31.78305027256453 ], [ -60.447785544031944, -31.783050747017395 ], [ -60.44781495652466, -31.783048208627765 ], [ -60.447849031115695, -31.783044742978753 ], [ -60.447894956755945, -31.78304234490199 ], [ -60.447931282007637, -31.783043642043395 ], [ -60.44796107696834, -31.783043789754906 ], [ -60.447992378762606, -31.783043327926521 ], [ -60.448031738841131, -31.783043414917344 ], [ -60.448068129615031, -31.783045162708667 ], [ -60.448108720385605, -31.78304648988329 ], [ -60.448139745995398, -31.783047868742006 ], [ -60.448171640976483, -31.783047810609691 ], [ -60.448200908315719, -31.783048014232236 ], [ -60.448260178230392, -31.783065138963398 ], [ -60.448287014497481, -31.783066956396706 ], [ -60.448323194625551, -31.783070995527478 ], [ -60.448356637229836, -31.783074403980379 ], [ -60.448391917811499, -31.78307581288891 ], [ -60.448434397918341, -31.783079216555237 ], [ -60.448470919713643, -31.783081856590481 ], [ -60.448511073048778, -31.783080046777727 ], [ -60.44855300934509, -31.783075777670376 ], [ -60.448594352535586, -31.783071122847755 ], [ -60.448624051699085, -31.783066734491708 ], [ -60.448665088424107, -31.783059835146847 ], [ -60.448692386795308, -31.78306114583684 ], [ -60.448727853345439, -31.783063897737069 ], [ -60.44876586789406, -31.783069571624985 ], [ -60.448794437773778, -31.783076198662016 ], [ -60.448823338794654, -31.783081435693578 ], [ -60.448854309501534, -31.783082372670489 ], [ -60.448935942588633, -31.783084510865301 ], [ -60.448962989515941, -31.783084036742576 ], [ -60.448998953405564, -31.783082647373242 ], [ -60.449040930536611, -31.783082463291606 ], [ -60.449069801270994, -31.783083615043708 ], [ -60.449105016339018, -31.783084573066162 ], [ -60.449137704514364, -31.783082609014418 ], [ -60.449210053602599, -31.783075256357609 ], [ -60.449259137977322, -31.7830688965924 ], [ -60.449313160591615, -31.783059768776557 ], [ -60.449350946202557, -31.783048660075544 ], [ -60.449373109077435, -31.783035965145359 ], [ -60.449395406494183, -31.783020528146292 ], [ -60.449420542128372, -31.783002528923031 ], [ -60.449449139442848, -31.782986447412846 ], [ -60.449477370499949, -31.782975408468417 ], [ -60.449503818527589, -31.782966810776358 ], [ -60.449538841898736, -31.782958705874794 ], [ -60.449567420252912, -31.782953987575166 ], [ -60.449599405325763, -31.782950736257678 ], [ -60.449630641547564, -31.782949823338871 ], [ -60.449671142121879, -31.782954333825348 ], [ -60.449708634703562, -31.782967774107746 ], [ -60.449732317876915, -31.782981263147825 ], [ -60.449760813922325, -31.782998802479064 ], [ -60.4497903546633, -31.783016229893349 ], [ -60.449816258288408, -31.783030396472519 ], [ -60.449848068792804, -31.78304124145064 ], [ -60.449874972578321, -31.783049505700578 ], [ -60.45003271896055, -31.783356526715156 ], [ -60.452076458588628, -31.783093220774756 ], [ -60.455121342314591, -31.782612975006593 ], [ -60.455604312097428, -31.78253937885842 ], [ -60.455055185642188, -31.779879646413988 ], [ -60.454587728457938, -31.777656095658319 ] ] ] } },
{ "type": "Feature", "properties": { "ogc_fid": 258, "sec": 13.0, "gru": 246.0, "etiq": "13-246" }, "geometry": { "type": "Polygon", "coordinates": [ [ [ -60.454587728457938, -31.777656095658319 ], [ -60.455055185642188, -31.779879646413988 ], [ -60.455604312097428, -31.78253937885842 ], [ -60.461279071157925, -31.781674499105506 ], [ -60.460813457555759, -31.779544972445368 ], [ -60.460681732130993, -31.778592232223328 ], [ -60.460307648195439, -31.776805304652783 ], [ -60.455178910055707, -31.77756470114959 ], [ -60.454587728457938, -31.777656095658319 ] ] ] } },
{ "type": "Feature", "properties": { "ogc_fid": 259, "sec": 13.0, "gru": 201.0, "etiq": "13-201" }, "geometry": { "type": "Polygon", "coordinates": [ [ [ -60.466030168546837, -31.775924250038198 ], [ -60.461911953148302, -31.776523136075472 ], [ -60.460307648195439, -31.776805304652783 ], [ -60.460681732130993, -31.778592232223328 ], [ -60.460813457555759, -31.779544972445368 ], [ -60.461279071157925, -31.781674499105506 ], [ -60.461463458392316, -31.7816463924758 ], [ -60.465809453365857, -31.780989438746545 ], [ -60.467003374341999, -31.780797772164938 ], [ -60.466842545965655, -31.779952682193322 ], [ -60.466554276357577, -31.778298204799601 ], [ -60.466095892267816, -31.77621454688569 ], [ -60.466030168546837, -31.775924250038198 ] ] ] } },
{ "type": "Feature", "properties": { "ogc_fid": 260, "sec": 13.0, "gru": 163.0, "etiq": "13-163" }, "geometry": { "type": "Polygon", "coordinates": [ [ [ -60.466030168546837, -31.775924250038198 ], [ -60.466095892267816, -31.77621454688569 ], [ -60.466554276357577, -31.778298204799601 ], [ -60.466842545965655, -31.779952682193322 ], [ -60.467003374341999, -31.780797772164938 ], [ -60.469926928622201, -31.780328387686907 ], [ -60.47195239063781, -31.78003467842019 ], [ -60.472745722581571, -31.779915966744774 ], [ -60.471720639241596, -31.775246664585286 ], [ -60.471688267890563, -31.77507436680154 ], [ -60.47111489425167, -31.775162430763437 ], [ -60.466308406643506, -31.775883782556981 ], [ -60.466030168546837, -31.775924250038198 ] ] ] } },
{ "type": "Feature", "properties": { "ogc_fid": 261, "sec": 13.0, "gru": 164.0, "etiq": "13-164" }, "geometry": { "type": "Polygon", "coordinates": [ [ [ -60.471688267890563, -31.77507436680154 ], [ -60.471320919417835, -31.773119092885906 ], [ -60.470670209457126, -31.770232725461213 ], [ -60.470178869468278, -31.770309219861939 ], [ -60.46749727517259, -31.770716043421139 ], [ -60.465193085036219, -31.771045734433756 ], [ -60.46496095168888, -31.771083320330295 ], [ -60.465310961262816, -31.772747439154891 ], [ -60.466030168546837, -31.775924250038198 ], [ -60.466308406643506, -31.775883782556981 ], [ -60.47111489425167, -31.775162430763437 ], [ -60.471688267890563, -31.77507436680154 ] ] ] } },
{ "type": "Feature", "properties": { "ogc_fid": 262, "sec": 13.0, "gru": 202.0, "etiq": "13-202" }, "geometry": { "type": "Polygon", "coordinates": [ [ [ -60.459278112302421, -31.771949903068208 ], [ -60.459305536021851, -31.772080990362607 ], [ -60.459793651907248, -31.774390539258899 ], [ -60.460307648195439, -31.776805304652783 ], [ -60.461911953148302, -31.776523136075472 ], [ -60.466030168546837, -31.775924250038198 ], [ -60.465310961262816, -31.772747439154891 ], [ -60.46496095168888, -31.771083320330295 ], [ -60.459675051398847, -31.771939064925277 ], [ -60.459278112302421, -31.771949903068208 ] ] ] } },
{ "type": "Feature", "properties": { "ogc_fid": 263, "sec": 13.0, "gru": 247.0, "etiq": "13-247" }, "geometry": { "type": "Polygon", "coordinates": [ [ [ -60.454587728457938, -31.777656095658319 ], [ -60.455178910055707, -31.77756470114959 ], [ -60.460307648195439, -31.776805304652783 ], [ -60.459793651907248, -31.774390539258899 ], [ -60.459305536021851, -31.772080990362607 ], [ -60.459278112302421, -31.771949903068208 ], [ -60.45911667088928, -31.77195431075803 ], [ -60.453548933137853, -31.772858907339987 ], [ -60.454126632391059, -31.775462692829702 ], [ -60.454587728457938, -31.777656095658319 ] ] ] } },
{ "type": "Feature", "properties": { "ogc_fid": 264, "sec": 13.0, "gru": 266.0, "etiq": "13-266" }, "geometry": { "type": "Polygon", "coordinates": [ [ [ -60.447912110932016, -31.773756048539742 ], [ -60.445785158239524, -31.774077157349677 ], [ -60.447309197578612, -31.773958387284214 ], [ -60.447313979936062, -31.773959542893948 ], [ -60.447397590743293, -31.774021124489249 ], [ -60.447473562239097, -31.774197510076476 ], [ -60.447479501072699, -31.774271097412218 ], [ -60.447497643192271, -31.77440160210017 ], [ -60.447555909760538, -31.7746434422608 ], [ -60.447565757091105, -31.774706554506718 ], [ -60.447576500588418, -31.774745304899209 ], [ -60.447590947770635, -31.774783681539017 ], [ -60.447606826866334, -31.774816876582236 ], [ -60.447625188324224, -31.774852570014662 ], [ -60.447657105628664, -31.774912529409946 ], [ -60.447670643778366, -31.77499449516765 ], [ -60.447672820532425, -31.775122043782389 ], [ -60.447691483809756, -31.775198463240947 ], [ -60.447738069688107, -31.775294480727464 ], [ -60.447773715462674, -31.775350395755915 ], [ -60.44781349667609, -31.775401318076494 ], [ -60.447898763249505, -31.775470973984767 ], [ -60.447922892206151, -31.775494174639082 ], [ -60.44793873056858, -31.775523248370167 ], [ -60.447948606375022, -31.77560971813222 ], [ -60.447940989661674, -31.775740087857336 ], [ -60.447961453619165, -31.775787010766194 ], [ -60.448036603913394, -31.775849451362159 ], [ -60.448145233929708, -31.775921324599917 ], [ -60.448169422680287, -31.775937184017206 ], [ -60.448211658578288, -31.775967247028735 ], [ -60.448234757104132, -31.775986888979418 ], [ -60.448237700435769, -31.775990102279849 ], [ -60.448300191785741, -31.776273951567862 ], [ -60.44681125251671, -31.776540590929621 ], [ -60.446797027142942, -31.7765540214961 ], [ -60.446775561441513, -31.776573143657252 ], [ -60.44675163316716, -31.776593888746316 ], [ -60.446596869153367, -31.776803297651096 ], [ -60.44657156594613, -31.776841119357126 ], [ -60.446550975107407, -31.776866569328906 ], [ -60.446534178079908, -31.776888416673284 ], [ -60.446519250567512, -31.776908255376483 ], [ -60.44650000722325, -31.776939508464746 ], [ -60.446494778757923, -31.776967519905234 ], [ -60.446483697400318, -31.777003442962844 ], [ -60.446469380104858, -31.777047024965412 ], [ -60.446454696577092, -31.77709568560854 ], [ -60.446441655598761, -31.777136846202552 ], [ -60.446433608813813, -31.777171550152488 ], [ -60.446425271866872, -31.777211783397256 ], [ -60.446418693138476, -31.777253209925508 ], [ -60.446407238031931, -31.77732123076613 ], [ -60.446403559320686, -31.777364189274369 ], [ -60.446396900979835, -31.777408826629564 ], [ -60.44639418162771, -31.777447110244065 ], [ -60.446393802226019, -31.777471425176081 ], [ -60.446394631002555, -31.777512095248106 ], [ -60.446393032383369, -31.77755072665137 ], [ -60.446393358166659, -31.777587782108139 ], [ -60.446394823619009, -31.777613740940367 ], [ -60.446398284695839, -31.777646357374071 ], [ -60.446396524707573, -31.777679966094418 ], [ -60.4463913370383, -31.777712089774383 ], [ -60.446385466113355, -31.777747029588955 ], [ -60.44637972053436, -31.77777509694447 ], [ -60.446378950217259, -31.777808143054592 ], [ -60.446379888032396, -31.777834148827388 ], [ -60.446385273609209, -31.777865207350722 ], [ -60.446392599867423, -31.777902472747737 ], [ -60.446399854911931, -31.77793150459652 ], [ -60.446409633230786, -31.777967147104334 ], [ -60.446420988672543, -31.777994847893044 ], [ -60.446433339517057, -31.778029768927937 ], [ -60.446439353381749, -31.778057551567198 ], [ -60.446447442521887, -31.778088789996005 ], [ -60.446460883776943, -31.778119937515054 ], [ -60.446475967662948, -31.778143594004163 ], [ -60.446527607223508, -31.778353135792276 ], [ -60.446534392792486, -31.778409684406355 ], [ -60.446525914705994, -31.77849526264507 ], [ -60.446517831804051, -31.778518071454563 ], [ -60.446490081762754, -31.778565298885205 ], [ -60.446477294726236, -31.778589035041616 ], [ -60.446460538331834, -31.77861501265555 ], [ -60.446436601098767, -31.778647202059094 ], [ -60.446416562025199, -31.778668925472449 ], [ -60.446383609693392, -31.778705700755769 ], [ -60.446364636350424, -31.778727312204794 ], [ -60.446345597533217, -31.778748481978987 ], [ -60.44633626275391, -31.77877003258828 ], [ -60.44633363349682, -31.778805105328772 ], [ -60.446334107553042, -31.778812137605165 ], [ -60.446334863303086, -31.778931653497239 ], [ -60.454587728457938, -31.777656095658319 ], [ -60.454126632391059, -31.775462692829702 ], [ -60.453548933137853, -31.772858907339987 ], [ -60.452916872783497, -31.772961582422212 ], [ -60.44806507435208, -31.773732954001062 ], [ -60.447912110932016, -31.773756048539742 ] ] ] } },
{ "type": "Feature", "properties": { "ogc_fid": 265, "sec": 13.0, "gru": 267.0, "etiq": "13-267" }, "geometry": { "type": "Polygon", "coordinates": [ [ [ -60.447912110932016, -31.773756048539742 ], [ -60.44806507435208, -31.773732954001062 ], [ -60.452916872783497, -31.772961582422212 ], [ -60.453548933137853, -31.772858907339987 ], [ -60.453264159999648, -31.771575331361262 ], [ -60.452651819850061, -31.768247199129394 ], [ -60.452579188346505, -31.7679143085569 ], [ -60.447025669657812, -31.768746308622781 ], [ -60.446864437772533, -31.768796459219605 ], [ -60.446965201198367, -31.769274593928149 ], [ -60.447912110932016, -31.773756048539742 ] ] ] } },
{ "type": "Feature", "properties": { "ogc_fid": 266, "sec": 13.0, "gru": 248.0, "etiq": "13-248" }, "geometry": { "type": "Polygon", "coordinates": [ [ [ -60.459278112302421, -31.771949903068208 ], [ -60.458259279146155, -31.767079532942137 ], [ -60.458066193885323, -31.767110301659258 ], [ -60.454031549279648, -31.767696680855 ], [ -60.452579188346505, -31.7679143085569 ], [ -60.452651819850061, -31.768247199129394 ], [ -60.453264159999648, -31.771575331361262 ], [ -60.453548933137853, -31.772858907339987 ], [ -60.45911667088928, -31.77195431075803 ], [ -60.459278112302421, -31.771949903068208 ] ] ] } },
{ "type": "Feature", "properties": { "ogc_fid": 308, "sec": 14.0, "gru": 297.0, "etiq": "14-297" }, "geometry": { "type": "Polygon", "coordinates": [ [ [ -60.437090364192912, -31.750190027450799 ], [ -60.438275298866756, -31.750008038249792 ], [ -60.442807890069716, -31.749309442098266 ], [ -60.442771323712478, -31.749138000962709 ], [ -60.441779559091607, -31.744471246809585 ], [ -60.436412383440562, -31.745266448135652 ], [ -60.436066775788049, -31.745320539506476 ], [ -60.436333051242222, -31.746553594086929 ], [ -60.437047987590262, -31.74998544385161 ], [ -60.437090364192912, -31.750190027450799 ] ] ] } },
{ "type": "Feature", "properties": { "ogc_fid": 267, "sec": 13.0, "gru": 292.0, "etiq": "13-292" }, "geometry": { "type": "Polygon", "coordinates": [ [ [ -60.447912110932016, -31.773756048539742 ], [ -60.446965201198367, -31.769274593928149 ], [ -60.446864437772533, -31.768796459219605 ], [ -60.446661810629074, -31.768859485296851 ], [ -60.443344896679328, -31.769397223874584 ], [ -60.443355078424197, -31.76944788434465 ], [ -60.443361648570558, -31.769462805181693 ], [ -60.443374038242624, -31.769477579306614 ], [ -60.443392195421943, -31.769495354522018 ], [ -60.443419742379618, -31.769531927490785 ], [ -60.443438343503949, -31.769554246433195 ], [ -60.443458506138946, -31.769580816626519 ], [ -60.44347978221456, -31.769608438094021 ], [ -60.443499522466411, -31.76963940171726 ], [ -60.443512331650709, -31.76967571935138 ], [ -60.44351943980184, -31.769709694010945 ], [ -60.443527988363179, -31.769771214899674 ], [ -60.443530420935083, -31.769796521108692 ], [ -60.443536492714237, -31.769847805705506 ], [ -60.443546145381802, -31.769917267966743 ], [ -60.443550713467332, -31.769954290672334 ], [ -60.443550210611392, -31.769986073302242 ], [ -60.443538595450029, -31.770023026102116 ], [ -60.443524814509452, -31.770057407176619 ], [ -60.443521901522011, -31.770075228680195 ], [ -60.443525285736605, -31.770103074766229 ], [ -60.44352703363986, -31.770133118023399 ], [ -60.443524218147502, -31.770164737355174 ], [ -60.443511306457175, -31.770210947555132 ], [ -60.443496319989336, -31.770247109450079 ], [ -60.44348667684244, -31.770279221510034 ], [ -60.443460908177755, -31.770321165667731 ], [ -60.443404896999681, -31.770341318400057 ], [ -60.443355860691533, -31.770338729455531 ], [ -60.443303170679812, -31.770331463634754 ], [ -60.443255965895759, -31.770316693423716 ], [ -60.443223939370846, -31.770303746210459 ], [ -60.443154790985922, -31.770271917335954 ], [ -60.443131871926838, -31.770262825348116 ], [ -60.443097686329615, -31.770253132241749 ], [ -60.443057213022328, -31.770239826577594 ], [ -60.442983608974835, -31.77021887127372 ], [ -60.442725886899055, -31.770159389045546 ], [ -60.442698099605266, -31.770149917089551 ], [ -60.442655145130871, -31.770136502680788 ], [ -60.442609321017372, -31.770125659457587 ], [ -60.44258206057912, -31.770120415280083 ], [ -60.442549240537481, -31.77011371139336 ], [ -60.442515251419032, -31.770105352171985 ], [ -60.442483928047743, -31.770095937545548 ], [ -60.442457577216011, -31.770088841407212 ], [ -60.442432723053614, -31.770083471599794 ], [ -60.442385601908505, -31.770072912371589 ], [ -60.442363334925624, -31.770069941480891 ], [ -60.442312412871381, -31.770068125247466 ], [ -60.442270555856027, -31.770061263282329 ], [ -60.442212545643407, -31.770042895780037 ], [ -60.442176981119502, -31.770018462110031 ], [ -60.442144121445118, -31.769994533090458 ], [ -60.442117789123188, -31.769969120423738 ], [ -60.442094762765159, -31.769952967204151 ], [ -60.442065449128869, -31.769937719604926 ], [ -60.442038420542239, -31.769919055109547 ], [ -60.442005534809525, -31.769894070989729 ], [ -60.441968233995226, -31.769868552057435 ], [ -60.441943018924597, -31.769849421309907 ], [ -60.441918319402291, -31.769829928032195 ], [ -60.441892214204373, -31.769810078889634 ], [ -60.441871852401654, -31.769788162638442 ], [ -60.441846469410663, -31.769762566252581 ], [ -60.441824466057689, -31.769748411521906 ], [ -60.441789655794224, -31.769729377153876 ], [ -60.44177373790906, -31.769722939105037 ], [ -60.441759540095198, -31.769720814908098 ], [ -60.441742447078013, -31.769722551611999 ], [ -60.441720185579207, -31.769729600044744 ], [ -60.441695775059173, -31.769739812369746 ], [ -60.441672210596082, -31.769752573967047 ], [ -60.441631410821564, -31.76977045464686 ], [ -60.44159636729087, -31.769786755172593 ], [ -60.441574134721954, -31.769799899926035 ], [ -60.441315937046866, -31.769968915981856 ], [ -60.441280261452029, -31.769994417390734 ], [ -60.441237959743759, -31.770025064200738 ], [ -60.441191324928745, -31.770056889380321 ], [ -60.441061908750555, -31.770149172055827 ], [ -60.441022504532611, -31.770174235382868 ], [ -60.440986786039943, -31.770199628637201 ], [ -60.440947272395931, -31.770230563305809 ], [ -60.440902928806416, -31.770262533761223 ], [ -60.44086342562116, -31.770293459349215 ], [ -60.440822987345783, -31.770323098528255 ], [ -60.440782864994169, -31.770348128192911 ], [ -60.440747825512616, -31.770372040011083 ], [ -60.4407155791422, -31.770395040314483 ], [ -60.440686883966052, -31.770414484087894 ], [ -60.440657023406068, -31.770437503177419 ], [ -60.440624214049933, -31.770464230009292 ], [ -60.440599201555209, -31.770483363416048 ], [ -60.440571352323374, -31.770500892334056 ], [ -60.440541579235244, -31.770517877776744 ], [ -60.440512233045595, -31.77053361719533 ], [ -60.440483147248585, -31.770548616196969 ], [ -60.440453012358226, -31.770560543541333 ], [ -60.440420001459927, -31.770569261249967 ], [ -60.440362828813235, -31.770573932051736 ], [ -60.440329809898174, -31.77056981656521 ], [ -60.440294167132052, -31.770566693146748 ], [ -60.440252861726876, -31.770562642357156 ], [ -60.440210143237906, -31.770558903063748 ], [ -60.440169862361344, -31.770552738398106 ], [ -60.440136950870418, -31.770546782734304 ], [ -60.440109038130529, -31.770542000220718 ], [ -60.440083184407804, -31.770539555374167 ], [ -60.440058408053275, -31.770539469624119 ], [ -60.440030564808609, -31.77054267716597 ], [ -60.440003206795232, -31.770548038425954 ], [ -60.439974112686649, -31.770559069239383 ], [ -60.439944511428948, -31.770572239161382 ], [ -60.439919571365365, -31.770586637518996 ], [ -60.439902061183851, -31.770602877023485 ], [ -60.439886914304374, -31.770621065359357 ], [ -60.439871782738074, -31.77064249125031 ], [ -60.439856948592123, -31.770662076356395 ], [ -60.439844751461081, -31.77068121947103 ], [ -60.439837594210232, -31.770699073585465 ], [ -60.439834754347601, -31.770716885736118 ], [ -60.439835625738198, -31.770738184215183 ], [ -60.439840592763218, -31.770763887573207 ], [ -60.439860959429801, -31.770838201100684 ], [ -60.439872573544996, -31.770883244031712 ], [ -60.439883938534422, -31.770924716530775 ], [ -60.439898254125858, -31.770960623497167 ], [ -60.439913111944591, -31.770990648584949 ], [ -60.4399299380147, -31.771017212821398 ], [ -60.439949958035022, -31.77104501958279 ], [ -60.439972924875171, -31.771077613956724 ], [ -60.439993633363436, -31.771117052082833 ], [ -60.4400122115267, -31.771159157995591 ], [ -60.440030934495091, -31.771202859663731 ], [ -60.440046112014286, -31.771244652655913 ], [ -60.440060298031042, -31.771284383855424 ], [ -60.440073374490701, -31.77132387538942 ], [ -60.440086872863226, -31.771365520864155 ], [ -60.44010527598433, -31.771406310678046 ], [ -60.440124566624839, -31.771447259753614 ], [ -60.440142995617677, -31.771482358855067 ], [ -60.440161876285387, -31.771516978417001 ], [ -60.440177492809141, -31.771555595393444 ], [ -60.440187542623448, -31.771595719643287 ], [ -60.440197713630987, -31.771630225003758 ], [ -60.440211685047267, -31.771660280171023 ], [ -60.44023132315445, -31.771692101396496 ], [ -60.440251676668538, -31.771725633643872 ], [ -60.440274119753518, -31.77176348750174 ], [ -60.440540407051657, -31.77201918562594 ], [ -60.440681324811742, -31.772134494533226 ], [ -60.440808533444127, -31.772228296728553 ], [ -60.440833895563962, -31.772244956138287 ], [ -60.440857674994447, -31.772261783352228 ], [ -60.440880082385334, -31.772276450892633 ], [ -60.4409095199318, -31.772295449985144 ], [ -60.440965013592347, -31.772328292307883 ], [ -60.441005461105547, -31.772349381605039 ], [ -60.441035396156941, -31.772364203422278 ], [ -60.441059949319538, -31.772374994603322 ], [ -60.441092384837255, -31.772407303460906 ], [ -60.441106727584419, -31.772415415450396 ], [ -60.441139373005051, -31.772431887243556 ], [ -60.441175232313903, -31.772449339921291 ], [ -60.441216052495783, -31.772466631109911 ], [ -60.441256999387825, -31.772486149393156 ], [ -60.441296690674946, -31.772505798271055 ], [ -60.44133683911884, -31.772526121933016 ], [ -60.441375482370297, -31.772547370675664 ], [ -60.441410032976215, -31.772569318988708 ], [ -60.441438800846306, -31.772589528744358 ], [ -60.441466864913004, -31.772610471423793 ], [ -60.441497697835395, -31.772632044806421 ], [ -60.441527032734498, -31.772653830797651 ], [ -60.441554857957492, -31.772673376431992 ], [ -60.441580314594177, -31.772692100578233 ], [ -60.441602868922075, -31.772706542019673 ], [ -60.44163120212167, -31.772721901334616 ], [ -60.441665195161342, -31.772737565680195 ], [ -60.441705302402667, -31.772753623660304 ], [ -60.441746450380933, -31.772768758140632 ], [ -60.441789671319185, -31.772782478545835 ], [ -60.441833003536267, -31.772797397998481 ], [ -60.441869031686878, -31.772812559217193 ], [ -60.441898124602815, -31.772827825652413 ], [ -60.441935043388185, -31.772852678550237 ], [ -60.441967783824445, -31.772866868141509 ], [ -60.442057473607896, -31.77290240506154 ], [ -60.442100332804124, -31.772919950420569 ], [ -60.442373559514301, -31.773063747196204 ], [ -60.442408700122279, -31.773083140975871 ], [ -60.442456944340115, -31.773103102478903 ], [ -60.442489009843129, -31.773119621028201 ], [ -60.442520865895943, -31.773134273486814 ], [ -60.442552184261473, -31.773149072100086 ], [ -60.442583564166434, -31.773161273190627 ], [ -60.442615652649927, -31.773171523835227 ], [ -60.442650463435733, -31.773179275930666 ], [ -60.442684443643344, -31.773185524829405 ], [ -60.442714833232223, -31.77318706055441 ], [ -60.442747818822816, -31.773186179333756 ], [ -60.442783010507156, -31.773183026815421 ], [ -60.44282381405462, -31.773176752445071 ], [ -60.442867056792032, -31.773168386328724 ], [ -60.442908153704963, -31.773159432444665 ], [ -60.442950230119472, -31.773147787655876 ], [ -60.442996314987987, -31.773133279095383 ], [ -60.443045137710357, -31.773117327068299 ], [ -60.443095903852146, -31.773101584703561 ], [ -60.443144634709455, -31.773090728357666 ], [ -60.443187829538658, -31.773083399416098 ], [ -60.443229347827206, -31.773078700650274 ], [ -60.443270092281033, -31.77307554671151 ], [ -60.443310316388363, -31.773073963773477 ], [ -60.443350124106814, -31.773075827303337 ], [ -60.443391984235312, -31.773083040609382 ], [ -60.44343317071381, -31.773092880603116 ], [ -60.44347358948324, -31.773105546017611 ], [ -60.443504526575147, -31.773120057134477 ], [ -60.443532604974031, -31.773132810590823 ], [ -60.443559680551232, -31.773145576551567 ], [ -60.443585859173091, -31.773158417777552 ], [ -60.443613929694372, -31.773173939893834 ], [ -60.443645208641122, -31.773198135553503 ], [ -60.443651736005052, -31.773196615762359 ], [ -60.443771014938932, -31.773320113133412 ], [ -60.443828856566149, -31.773382273868453 ], [ -60.443839380006878, -31.773397406156501 ], [ -60.443851587280875, -31.773415860367571 ], [ -60.443863212009774, -31.773433910779215 ], [ -60.443873836537563, -31.773452523816506 ], [ -60.44388481327541, -31.773469728754126 ], [ -60.443892483005463, -31.773486359019582 ], [ -60.443899589826287, -31.773506697810959 ], [ -60.443918328860264, -31.773564332258907 ], [ -60.443926692900973, -31.77359371212717 ], [ -60.443932484494923, -31.773623804396369 ], [ -60.44396392715926, -31.77380379235143 ], [ -60.443967316228637, -31.773828175323551 ], [ -60.443969538358608, -31.773840315369295 ], [ -60.444024205317923, -31.773940562778741 ], [ -60.444029311279891, -31.773946452033638 ], [ -60.444116629101984, -31.774015445018925 ], [ -60.444126428431161, -31.774020407045679 ], [ -60.44445481598288, -31.774180817245671 ], [ -60.44446806008942, -31.774186565460532 ], [ -60.445785158239524, -31.774077157349677 ], [ -60.447912110932016, -31.773756048539742 ] ] ] } },
{ "type": "Feature", "properties": { "ogc_fid": 269, "sec": 13.0, "gru": 165.0, "etiq": "13-165" }, "geometry": { "type": "Polygon", "coordinates": [ [ [ -60.46496095168888, -31.771083320330295 ], [ -60.465193085036219, -31.771045734433756 ], [ -60.46749727517259, -31.770716043421139 ], [ -60.470178869468278, -31.770309219861939 ], [ -60.470670209457126, -31.770232725461213 ], [ -60.470551671900985, -31.769706905621209 ], [ -60.47024736408892, -31.767772235559502 ], [ -60.470793860314224, -31.767307246122435 ], [ -60.472910942540217, -31.76533864549285 ], [ -60.473170649839602, -31.764785973775687 ], [ -60.472862403007838, -31.764840256841076 ], [ -60.470296189516482, -31.765238650717343 ], [ -60.46788088323958, -31.765613566614196 ], [ -60.464093903070726, -31.76614962063859 ], [ -60.463911495231329, -31.766178696807621 ], [ -60.463934583322633, -31.76638556810272 ], [ -60.464909496490399, -31.770838671535543 ], [ -60.46496095168888, -31.771083320330295 ] ] ] } },
{ "type": "Feature", "properties": { "ogc_fid": 270, "sec": 14.0, "gru": 294.0, "etiq": "14-294" }, "geometry": { "type": "Polygon", "coordinates": [ [ [ -60.445870410046332, -31.763902796333586 ], [ -60.444834467813408, -31.759054000317242 ], [ -60.444645159769756, -31.759082689810455 ], [ -60.439119379753862, -31.759915502136785 ], [ -60.436009865903827, -31.760384037573186 ], [ -60.436113911450555, -31.760515344193912 ], [ -60.441446251012138, -31.762134685995143 ], [ -60.441935832581187, -31.764435013337504 ], [ -60.441826075811818, -31.76453964428816 ], [ -60.445870410046332, -31.763902796333586 ] ] ] } },
{ "type": "Feature", "properties": { "ogc_fid": 271, "sec": 14.0, "gru": 269.0, "etiq": "14-269" }, "geometry": { "type": "Polygon", "coordinates": [ [ [ -60.444834467813408, -31.759054000317242 ], [ -60.445870410046332, -31.763902796333586 ], [ -60.447393640439543, -31.76366290277706 ], [ -60.451519073983043, -31.763055220573442 ], [ -60.451437721954868, -31.762682317290658 ], [ -60.45049198854236, -31.758195447359839 ], [ -60.450299347536941, -31.75822567313978 ], [ -60.444834467813408, -31.759054000317242 ] ] ] } },
{ "type": "Feature", "properties": { "ogc_fid": 272, "sec": 14.0, "gru": 250.0, "etiq": "14-250" }, "geometry": { "type": "Polygon", "coordinates": [ [ [ -60.45049198854236, -31.758195447359839 ], [ -60.451437721954868, -31.762682317290658 ], [ -60.451519073983043, -31.763055220573442 ], [ -60.455367279278938, -31.762488247067306 ], [ -60.457224816931038, -31.762199230107562 ], [ -60.456388706236972, -31.758057631638916 ], [ -60.456225341933141, -31.757298440830304 ], [ -60.455924899840262, -31.757342884270141 ], [ -60.45049198854236, -31.758195447359839 ] ] ] } },
{ "type": "Feature", "properties": { "ogc_fid": 273, "sec": 14.0, "gru": 205.0, "etiq": "14-205" }, "geometry": { "type": "Polygon", "coordinates": [ [ [ -60.462932359483396, -31.761311004894953 ], [ -60.462613649723195, -31.759831292767064 ], [ -60.461927808202354, -31.756454726084506 ], [ -60.456225341933141, -31.757298440830304 ], [ -60.456388706236972, -31.758057631638916 ], [ -60.457224816931038, -31.762199230107562 ], [ -60.462932359483396, -31.761311004894953 ] ] ] } },
{ "type": "Feature", "properties": { "ogc_fid": 274, "sec": 14.0, "gru": 167.0, "etiq": "14-167" }, "geometry": { "type": "Polygon", "coordinates": [ [ [ -60.46267195707204, -31.756344512061197 ], [ -60.461927808202354, -31.756454726084506 ], [ -60.462613649723195, -31.759831292767064 ], [ -60.462932359483396, -31.761311004894953 ], [ -60.463559687262077, -31.761213361621419 ], [ -60.468644639518629, -31.760456949871397 ], [ -60.468616995910473, -31.760328464251142 ], [ -60.46764439689521, -31.7556026970855 ], [ -60.467208591955135, -31.755672502919001 ], [ -60.46267195707204, -31.756344512061197 ] ] ] } },
{ "type": "Feature", "properties": { "ogc_fid": 275, "sec": 14.0, "gru": 132.0, "etiq": "14-132" }, "geometry": { "type": "Polygon", "coordinates": [ [ [ -60.473277589674225, -31.754697119769876 ], [ -60.472559917584981, -31.754815234477523 ], [ -60.46764439689521, -31.7556026970855 ], [ -60.468616995910473, -31.760328464251142 ], [ -60.468644639518629, -31.760456949871397 ], [ -60.47063762505276, -31.76016042480067 ], [ -60.474317788353126, -31.759573685651436 ], [ -60.474300342701014, -31.759496852446986 ], [ -60.473526089191559, -31.75589334059865 ], [ -60.473277589674225, -31.754697119769876 ] ] ] } },
{ "type": "Feature", "properties": { "ogc_fid": 276, "sec": 14.0, "gru": 99.0, "etiq": "14-99" }, "geometry": { "type": "Polygon", "coordinates": [ [ [ -60.479350876154783, -31.75374597704721 ], [ -60.478974806276241, -31.753801875454631 ], [ -60.477082076024139, -31.75410472986006 ], [ -60.476007648779408, -31.754245744104363 ], [ -60.474648245470199, -31.754476739201852 ], [ -60.473721957875057, -31.754623983332429 ], [ -60.473277589674225, -31.754697119769876 ], [ -60.473526089191559, -31.75589334059865 ], [ -60.474300342701014, -31.759496852446986 ], [ -60.474317788353126, -31.759573685651436 ], [ -60.477724435208565, -31.759030608400241 ], [ -60.478196616009903, -31.758955315903357 ], [ -60.478263102784375, -31.758945006421158 ], [ -60.47911764235495, -31.754856576525121 ], [ -60.479350876154783, -31.75374597704721 ] ] ] } },
{ "type": "Feature", "properties": { "ogc_fid": 331, "sec": 14.0, "gru": 173.0, "etiq": "14-173" }, "geometry": { "type": "Polygon", "coordinates": [ [ [ -60.461525650517963, -31.726366885021903 ], [ -60.461288308511946, -31.726403832136498 ], [ -60.455831830012507, -31.727239698564318 ], [ -60.456491816755268, -31.730130420966617 ], [ -60.456895146491597, -31.732098814271595 ], [ -60.458211498730357, -31.731858123971403 ], [ -60.460939019988672, -31.731515701272425 ], [ -60.462574852851503, -31.731278196608972 ], [ -60.462498591495191, -31.730927938015306 ], [ -60.461525650517963, -31.726366885021903 ] ] ] } },
{ "type": "Feature", "properties": { "ogc_fid": 332, "sec": 14.0, "gru": 211.0, "etiq": "14-211" }, "geometry": { "type": "Polygon", "coordinates": [ [ [ -60.455831830012507, -31.727239698564318 ], [ -60.455567903784292, -31.727280122573081 ], [ -60.450236703399916, -31.728102607466148 ], [ -60.450693461074387, -31.730274060352272 ], [ -60.451167286002402, -31.732720249173745 ], [ -60.451130209958357, -31.732948454248113 ], [ -60.456659449315815, -31.732141909093635 ], [ -60.456895146491597, -31.732098814271595 ], [ -60.456491816755268, -31.730130420966617 ], [ -60.455831830012507, -31.727239698564318 ] ] ] } },
{ "type": "Feature", "properties": { "ogc_fid": 333, "sec": 14.0, "gru": 318.0, "etiq": "14-318" }, "geometry": { "type": "Polygon", "coordinates": [ [ [ -60.42735943521145, -31.731547138233537 ], [ -60.42635244537999, -31.726736712085646 ], [ -60.420613350881489, -31.727573137998188 ], [ -60.421599168493174, -31.732342379980597 ], [ -60.426717516393438, -31.731645508696563 ], [ -60.42735943521145, -31.731547138233537 ] ] ] } },
{ "type": "Feature", "properties": { "ogc_fid": 334, "sec": 14.0, "gru": 313.0, "etiq": "14-313" }, "geometry": { "type": "Polygon", "coordinates": [ [ [ -60.42635244537999, -31.726736712085646 ], [ -60.42735943521145, -31.731547138233537 ], [ -60.428954382054101, -31.73130270668911 ], [ -60.433052107773236, -31.730665779843111 ], [ -60.433020013517805, -31.730482511263581 ], [ -60.432123756822406, -31.726219520656837 ], [ -60.432053262922402, -31.725869434976037 ], [ -60.428960324859077, -31.726350704420931 ], [ -60.42635244537999, -31.726736712085646 ] ] ] } },
{ "type": "Feature", "properties": { "ogc_fid": 335, "sec": 14.0, "gru": 301.0, "etiq": "14-301" }, "geometry": { "type": "Polygon", "coordinates": [ [ [ -60.437685674398885, -31.724992811405585 ], [ -60.432053262922402, -31.725869434976037 ], [ -60.432123756822406, -31.726219520656837 ], [ -60.433020013517805, -31.730482511263581 ], [ -60.433052107773236, -31.730665779843111 ], [ -60.434391389389958, -31.730457579222943 ], [ -60.437449200898421, -31.730000063645925 ], [ -60.438577167769708, -31.729811380849579 ], [ -60.438699037925964, -31.729810961467027 ], [ -60.437685674398885, -31.724992811405585 ] ] ] } },
{ "type": "Feature", "properties": { "ogc_fid": 336, "sec": 14.0, "gru": 276.0, "etiq": "14-276" }, "geometry": { "type": "Polygon", "coordinates": [ [ [ -60.438699037925964, -31.729810961467027 ], [ -60.438896480925138, -31.729829820664762 ], [ -60.444359837826312, -31.729009001477348 ], [ -60.444557272412688, -31.728978555650208 ], [ -60.444424293028405, -31.728308029228845 ], [ -60.443503608232653, -31.72410671009731 ], [ -60.438832073123351, -31.724814354458037 ], [ -60.437685674398885, -31.724992811405585 ], [ -60.438699037925964, -31.729810961467027 ] ] ] } },
{ "type": "Feature", "properties": { "ogc_fid": 277, "sec": 13.0, "gru": 293.0, "etiq": "13-293" }, "geometry": { "type": "Polygon", "coordinates": [ [ [ -60.441826075811818, -31.76453964428816 ], [ -60.441702305700851, -31.764657633739706 ], [ -60.441699913802729, -31.764662682615725 ], [ -60.44167584599213, -31.764693654149902 ], [ -60.441650115496742, -31.764723486104707 ], [ -60.441625652832506, -31.76475133862527 ], [ -60.441605550708445, -31.764777182954308 ], [ -60.441588203863517, -31.764800853308543 ], [ -60.441572800526757, -31.764824787476083 ], [ -60.441554416711739, -31.764854602963389 ], [ -60.441530906988497, -31.764891975612716 ], [ -60.44150718084537, -31.764930458273199 ], [ -60.441484992313576, -31.764970423639397 ], [ -60.441466115467968, -31.765012018877105 ], [ -60.441446576726101, -31.765054274750124 ], [ -60.441423759443722, -31.765097443822626 ], [ -60.44140300261315, -31.765138829122911 ], [ -60.441384336792261, -31.765178196067239 ], [ -60.441370301524081, -31.765219062059185 ], [ -60.441353122326753, -31.765260290660382 ], [ -60.441333547132871, -31.765299336084347 ], [ -60.441315901153622, -31.765335633222527 ], [ -60.44130623402129, -31.765356075393246 ], [ -60.441274023576781, -31.765446308029009 ], [ -60.441275161697924, -31.765566014568442 ], [ -60.441280715972617, -31.76562201774048 ], [ -60.441282090783943, -31.765664814389371 ], [ -60.441279882545857, -31.765706640442509 ], [ -60.441269694566721, -31.765741901674225 ], [ -60.441261411161314, -31.765780339809069 ], [ -60.441250651351261, -31.765826343955201 ], [ -60.441237471472299, -31.76586954273645 ], [ -60.441228432709416, -31.765911194041582 ], [ -60.441215846469134, -31.765957150399711 ], [ -60.441197467581304, -31.766001422338235 ], [ -60.441171297335522, -31.766045468742039 ], [ -60.441135588177502, -31.766083614055187 ], [ -60.44110391262339, -31.766115351333099 ], [ -60.441076014843723, -31.766144604476168 ], [ -60.441052993028677, -31.766171450850312 ], [ -60.44103269122887, -31.766202030446252 ], [ -60.441012059468534, -31.766236489100596 ], [ -60.440994210259326, -31.766267835783143 ], [ -60.440981002397542, -31.766294043934888 ], [ -60.440966131180296, -31.766325650856629 ], [ -60.440944294057495, -31.766364153923067 ], [ -60.440919095992015, -31.766404012363072 ], [ -60.440896258254924, -31.76644298784214 ], [ -60.440875890378258, -31.766479691146223 ], [ -60.440858752854574, -31.766514218847163 ], [ -60.440844246718527, -31.766553823826278 ], [ -60.440829913861982, -31.766592129551906 ], [ -60.440814718362134, -31.766628832982743 ], [ -60.440795769330549, -31.766662014180902 ], [ -60.440775120785865, -31.76668851861001 ], [ -60.440758448515552, -31.766707641231182 ], [ -60.440739394347169, -31.766732011791447 ], [ -60.440730463515088, -31.766760865550722 ], [ -60.440730646533417, -31.766777206288424 ], [ -60.440735950939477, -31.766802818275796 ], [ -60.440740732239469, -31.766816058805244 ], [ -60.440757320728416, -31.766823793320949 ], [ -60.440773918570741, -31.766826820188697 ], [ -60.440797426041676, -31.76682888522917 ], [ -60.440825007212062, -31.766830755799635 ], [ -60.44085643378142, -31.766831034832954 ], [ -60.440896546822216, -31.766831076369975 ], [ -60.440943226663499, -31.766831320623787 ], [ -60.440992255238299, -31.766830456482623 ], [ -60.441037867570543, -31.766830415808055 ], [ -60.441080025148764, -31.766829755790472 ], [ -60.441121241801909, -31.766828792391145 ], [ -60.441166566514852, -31.766828202543113 ], [ -60.441219034133347, -31.766824647934616 ], [ -60.441276855381062, -31.766819235001982 ], [ -60.441334526785297, -31.766813389678319 ], [ -60.441380056250466, -31.766809236770566 ], [ -60.441448373511413, -31.766802308371279 ], [ -60.441486584646832, -31.766797522442513 ], [ -60.441537089726197, -31.766791936342848 ], [ -60.441593571113572, -31.766786690242313 ], [ -60.441646989321825, -31.766787704499365 ], [ -60.441690173857332, -31.766789908575777 ], [ -60.441726327610297, -31.766792010760341 ], [ -60.441760783947565, -31.766792333174827 ], [ -60.441780959215414, -31.766788466453438 ], [ -60.441799565404821, -31.76677650663321 ], [ -60.441833427744179, -31.76675401449566 ], [ -60.441862562574656, -31.766736300471347 ], [ -60.441878226809074, -31.766722790658527 ], [ -60.441893290666869, -31.76670511641824 ], [ -60.441907563132453, -31.766687508050463 ], [ -60.441915205927046, -31.766672014953095 ], [ -60.441926864991643, -31.766639805815228 ], [ -60.441938021012881, -31.766608364986752 ], [ -60.441936760170677, -31.766578509384949 ], [ -60.441931611235511, -31.766547918743306 ], [ -60.441923152891839, -31.766525077383552 ], [ -60.441908721633759, -31.76649594385238 ], [ -60.441894527779709, -31.766463454644917 ], [ -60.441879997815107, -31.766440201460057 ], [ -60.441865799947607, -31.76642241228182 ], [ -60.441833046502573, -31.766385009278139 ], [ -60.441818003088414, -31.76635810540791 ], [ -60.441803964467674, -31.766336058977444 ], [ -60.44179535595125, -31.766319368689189 ], [ -60.441768690677293, -31.766294732667888 ], [ -60.441740411583829, -31.766270354752834 ], [ -60.441730273370815, -31.766233856302726 ], [ -60.441725912350464, -31.766202451260899 ], [ -60.441723933230044, -31.766161370216331 ], [ -60.441754283187223, -31.766106171461534 ], [ -60.441792524019057, -31.766081039790429 ], [ -60.441834209006124, -31.766063192061313 ], [ -60.44187264947989, -31.76604898097677 ], [ -60.4419013085434, -31.766042262043612 ], [ -60.441944332420633, -31.766028503995273 ], [ -60.44196846030281, -31.766014558978306 ], [ -60.441989006394401, -31.765999913929566 ], [ -60.441995597480421, -31.765987472700161 ], [ -60.441992391684018, -31.765954837153629 ], [ -60.441999171387671, -31.76589547244518 ], [ -60.442027423545731, -31.765863124554055 ], [ -60.442065305274248, -31.765835766498128 ], [ -60.442107607840377, -31.765825735504322 ], [ -60.442164737945888, -31.765823850771373 ], [ -60.442207907789701, -31.765829716203378 ], [ -60.442258114338529, -31.765848038680243 ], [ -60.442283490546288, -31.765856878809767 ], [ -60.44231202377911, -31.765865888340709 ], [ -60.442370269066757, -31.765892055938558 ], [ -60.442404729189484, -31.765908773649596 ], [ -60.442438968300145, -31.765932282986707 ], [ -60.442472704958469, -31.765956677864562 ], [ -60.4425032805756, -31.765980055614381 ], [ -60.442532339093873, -31.765999614818345 ], [ -60.442563534684624, -31.766015739592607 ], [ -60.442598239901976, -31.766032925356679 ], [ -60.442633341876878, -31.766051408384524 ], [ -60.442668814138955, -31.76607227999618 ], [ -60.442707236803351, -31.766096478158325 ], [ -60.442752269468194, -31.766125523279445 ], [ -60.442795903828355, -31.766155745639033 ], [ -60.442832401867022, -31.766183638985037 ], [ -60.442862011991444, -31.766205403743779 ], [ -60.442897138294803, -31.766231734598357 ], [ -60.442929801242407, -31.766256710264432 ], [ -60.442961052196246, -31.766284423412014 ], [ -60.442990649921789, -31.766315199543968 ], [ -60.443010035458016, -31.766345010140157 ], [ -60.44302103547264, -31.766362882458768 ], [ -60.443067587669915, -31.766416136627861 ], [ -60.443088558839172, -31.766444192123586 ], [ -60.443131306165618, -31.766511943078459 ], [ -60.443154457519967, -31.766543390921179 ], [ -60.443177806447181, -31.766569778740955 ], [ -60.443200866015282, -31.766597466214847 ], [ -60.44322152906436, -31.766622871345319 ], [ -60.443243610023039, -31.766646774481568 ], [ -60.443272950169167, -31.766674404014303 ], [ -60.443300937811991, -31.766706177699447 ], [ -60.443319704412495, -31.766734547453137 ], [ -60.443335853375707, -31.766769608959748 ], [ -60.443338941412712, -31.766806221996426 ], [ -60.443339832007716, -31.766835817335291 ], [ -60.443332798309392, -31.766870526639174 ], [ -60.443317543388027, -31.766903424797366 ], [ -60.443294572239502, -31.76692973028965 ], [ -60.443264324873418, -31.766955384716322 ], [ -60.44322911452057, -31.766980695667897 ], [ -60.44315468656518, -31.767036607255495 ], [ -60.443111526057947, -31.767063839699269 ], [ -60.44307360697676, -31.767090043835019 ], [ -60.443040675427916, -31.767115103311053 ], [ -60.44301577669183, -31.767137880238455 ], [ -60.44299095846609, -31.767164264246937 ], [ -60.442962323397325, -31.767187153359934 ], [ -60.442930125625971, -31.767211146082779 ], [ -60.442893001764055, -31.767235895434897 ], [ -60.442858409639868, -31.767255856214614 ], [ -60.442825654987665, -31.767273754398705 ], [ -60.442792549444476, -31.767291121707714 ], [ -60.442758125175672, -31.767308655923191 ], [ -60.442717966081496, -31.767325587790236 ], [ -60.442678096627475, -31.767332408995159 ], [ -60.44263878655704, -31.76732812657524 ], [ -60.442583116050542, -31.767319716442916 ], [ -60.442546150935101, -31.767311313449778 ], [ -60.442508010222291, -31.767306530914063 ], [ -60.442465007323555, -31.767300403475161 ], [ -60.44242870578983, -31.767296128576891 ], [ -60.442377263854191, -31.76729122084938 ], [ -60.44234160610366, -31.767295790755625 ], [ -60.442322095509212, -31.767306256737815 ], [ -60.442289849519376, -31.767324594920744 ], [ -60.442260270379968, -31.767344348746118 ], [ -60.44222503837166, -31.767365195380727 ], [ -60.442195541560217, -31.767380069942799 ], [ -60.442177025759456, -31.767391073554371 ], [ -60.442142926272304, -31.767417002621102 ], [ -60.442126675522836, -31.767440380647106 ], [ -60.442104853098762, -31.767475267469177 ], [ -60.442090034353335, -31.767504547582071 ], [ -60.442086706431915, -31.767523948723703 ], [ -60.442088999310158, -31.767546613060961 ], [ -60.44209396062957, -31.767575463787935 ], [ -60.442102952256874, -31.767603867642858 ], [ -60.442113023919859, -31.767639626774773 ], [ -60.442120672265766, -31.76767856879853 ], [ -60.442127698461277, -31.767717648257157 ], [ -60.442135893333401, -31.767753864821344 ], [ -60.442143648379108, -31.767790822421407 ], [ -60.442153545002292, -31.767827502034702 ], [ -60.442163333484892, -31.767870296507258 ], [ -60.442172321477344, -31.7679156820423 ], [ -60.442183234005213, -31.767963982861854 ], [ -60.44219575401182, -31.768012900370348 ], [ -60.442210175960156, -31.768057762006627 ], [ -60.442225615382903, -31.768096821268383 ], [ -60.442243825383486, -31.768132461948635 ], [ -60.442263532114964, -31.768169847001673 ], [ -60.442284022455773, -31.768203306320572 ], [ -60.442309442075363, -31.768236667354181 ], [ -60.442337355504542, -31.768268342297635 ], [ -60.44236578074743, -31.76829887011878 ], [ -60.442393406154835, -31.768325468682868 ], [ -60.442422910117365, -31.768349752002241 ], [ -60.442457357868861, -31.768372548141066 ], [ -60.442495721878181, -31.768397540177368 ], [ -60.442530452964249, -31.768422193104943 ], [ -60.442560086408449, -31.768444834590788 ], [ -60.442587403944117, -31.768471046389497 ], [ -60.442606614253357, -31.768497241260402 ], [ -60.442623591363542, -31.768519989836005 ], [ -60.442639335217216, -31.768538684408821 ], [ -60.442653720285129, -31.768549131853536 ], [ -60.442662869801339, -31.768552996012545 ], [ -60.442695445112513, -31.768552756547184 ], [ -60.442719344062887, -31.768543826423681 ], [ -60.442758757036827, -31.768527492365155 ], [ -60.442794341089972, -31.768514003386162 ], [ -60.442835954502023, -31.768498671716991 ], [ -60.442884464831032, -31.768488555752761 ], [ -60.442923297279243, -31.768483325328312 ], [ -60.442989858720928, -31.768497586455126 ], [ -60.443039020873208, -31.768533435015897 ], [ -60.443072811880185, -31.76857343138381 ], [ -60.443091516361896, -31.768601990763855 ], [ -60.443109489016663, -31.768636468765468 ], [ -60.443126699332652, -31.768681537032705 ], [ -60.443134287362, -31.768727648834194 ], [ -60.443138460156518, -31.76876151649348 ], [ -60.443143199511759, -31.768785795608999 ], [ -60.443152793797303, -31.768809877465813 ], [ -60.443162802157559, -31.768836672423308 ], [ -60.443171034200518, -31.768865078837344 ], [ -60.443181254811272, -31.768892107533375 ], [ -60.443195068702096, -31.768924435571094 ], [ -60.443207504181899, -31.768962125340032 ], [ -60.443214053634961, -31.769000728410735 ], [ -60.443217282572391, -31.769035888982835 ], [ -60.44322031454012, -31.769065161216943 ], [ -60.443224997344679, -31.769095284455794 ], [ -60.443230359314583, -31.769117297778735 ], [ -60.443237700010968, -31.76912701212061 ], [ -60.443256027498165, -31.769140674368487 ], [ -60.443280654338125, -31.76916040211999 ], [ -60.443307984693014, -31.769187001505994 ], [ -60.44332672287554, -31.769227014113298 ], [ -60.443334734348319, -31.769271131355364 ], [ -60.44333821628895, -31.769317275467387 ], [ -60.443336748906844, -31.769350468329197 ], [ -60.44333686903736, -31.769357281355962 ], [ -60.443344896679328, -31.769397223874584 ], [ -60.446661810629074, -31.768859485296851 ], [ -60.446864437772533, -31.768796459219605 ], [ -60.446096774443085, -31.765153633137402 ], [ -60.445870410046332, -31.763902796333586 ], [ -60.441826075811818, -31.76453964428816 ] ] ] } },
{ "type": "Feature", "properties": { "ogc_fid": 278, "sec": 13.0, "gru": 268.0, "etiq": "13-268" }, "geometry": { "type": "Polygon", "coordinates": [ [ [ -60.451519073983043, -31.763055220573442 ], [ -60.447393640439543, -31.76366290277706 ], [ -60.445870410046332, -31.763902796333586 ], [ -60.446096774443085, -31.765153633137402 ], [ -60.446864437772533, -31.768796459219605 ], [ -60.447025669657812, -31.768746308622781 ], [ -60.452579188346505, -31.7679143085569 ], [ -60.451519073983043, -31.763055220573442 ] ] ] } },
{ "type": "Feature", "properties": { "ogc_fid": 279, "sec": 13.0, "gru": 249.0, "etiq": "13-249" }, "geometry": { "type": "Polygon", "coordinates": [ [ [ -60.451519073983043, -31.763055220573442 ], [ -60.452579188346505, -31.7679143085569 ], [ -60.454031549279648, -31.767696680855 ], [ -60.458066193885323, -31.767110301659258 ], [ -60.458259279146155, -31.767079532942137 ], [ -60.458237627680752, -31.766976025706786 ], [ -60.457848357554532, -31.765287628676997 ], [ -60.457224816931038, -31.762199230107562 ], [ -60.455367279278938, -31.762488247067306 ], [ -60.451519073983043, -31.763055220573442 ] ] ] } },
{ "type": "Feature", "properties": { "ogc_fid": 280, "sec": 13.0, "gru": 166.0, "etiq": "13-166" }, "geometry": { "type": "Polygon", "coordinates": [ [ [ -60.468644639518629, -31.760456949871397 ], [ -60.463559687262077, -31.761213361621419 ], [ -60.462932359483396, -31.761311004894953 ], [ -60.463836909926435, -31.765510399287887 ], [ -60.463911495231329, -31.766178696807621 ], [ -60.464093903070726, -31.76614962063859 ], [ -60.46788088323958, -31.765613566614196 ], [ -60.470296189516482, -31.765238650717343 ], [ -60.469521171883272, -31.764530818590785 ], [ -60.468644639518629, -31.760456949871397 ] ] ] } },
{ "type": "Feature", "properties": { "ogc_fid": 281, "sec": 13.0, "gru": 204.0, "etiq": "13-204" }, "geometry": { "type": "Polygon", "coordinates": [ [ [ -60.463911495231329, -31.766178696807621 ], [ -60.463836909926435, -31.765510399287887 ], [ -60.462932359483396, -31.761311004894953 ], [ -60.457224816931038, -31.762199230107562 ], [ -60.457848357554532, -31.765287628676997 ], [ -60.458237627680752, -31.766976025706786 ], [ -60.458259279146155, -31.767079532942137 ], [ -60.463911495231329, -31.766178696807621 ] ] ] } },
{ "type": "Feature", "properties": { "ogc_fid": 282, "sec": 13.0, "gru": 131.0, "etiq": "13-131" }, "geometry": { "type": "Polygon", "coordinates": [ [ [ -60.475110136472367, -31.763085528689864 ], [ -60.474876231879584, -31.762033081776774 ], [ -60.474317788353126, -31.759573685651436 ], [ -60.47063762505276, -31.76016042480067 ], [ -60.468644639518629, -31.760456949871397 ], [ -60.469521171883272, -31.764530818590785 ], [ -60.470296189516482, -31.765238650717343 ], [ -60.472862403007838, -31.764840256841076 ], [ -60.473170649839602, -31.764785973775687 ], [ -60.475110136472367, -31.763085528689864 ] ] ] } },
{ "type": "Feature", "properties": { "ogc_fid": 283, "sec": 13.0, "gru": 98.0, "etiq": "13-98" }, "geometry": { "type": "Polygon", "coordinates": [ [ [ -60.477724435208565, -31.759030608400241 ], [ -60.474317788353126, -31.759573685651436 ], [ -60.474876231879584, -31.762033081776774 ], [ -60.475110136472367, -31.763085528689864 ], [ -60.475733011394581, -31.762596369059963 ], [ -60.476204392218698, -31.762242833065162 ], [ -60.476754909120991, -31.76173770614329 ], [ -60.476999496417498, -31.76136235999439 ], [ -60.477135691855345, -31.761063985508954 ], [ -60.477196396627967, -31.760854902097257 ], [ -60.477724435208565, -31.759030608400241 ] ] ] } },
{ "type": "Feature", "properties": { "ogc_fid": 337, "sec": 14.0, "gru": 257.0, "etiq": "14-257" }, "geometry": { "type": "Polygon", "coordinates": [ [ [ -60.449153029814049, -31.723232305315086 ], [ -60.448448392075498, -31.72333533795625 ], [ -60.446573365633199, -31.723641604173313 ], [ -60.443503608232653, -31.72410671009731 ], [ -60.444424293028405, -31.728308029228845 ], [ -60.444557272412688, -31.728978555650208 ], [ -60.450236703399916, -31.728102607466148 ], [ -60.449239736472563, -31.723362596960111 ], [ -60.449153029814049, -31.723232305315086 ] ] ] } },
{ "type": "Feature", "properties": { "ogc_fid": 338, "sec": 14.0, "gru": 212.0, "etiq": "14-212" }, "geometry": { "type": "Polygon", "coordinates": [ [ [ -60.454845531362473, -31.722365077748876 ], [ -60.454642168687613, -31.722429538488871 ], [ -60.449153029814049, -31.723232305315086 ], [ -60.449239736472563, -31.723362596960111 ], [ -60.450236703399916, -31.728102607466148 ], [ -60.455567903784292, -31.727280122573081 ], [ -60.455831830012507, -31.727239698564318 ], [ -60.455802813417975, -31.727112602390896 ], [ -60.454845531362473, -31.722365077748876 ] ] ] } },
{ "type": "Feature", "properties": { "ogc_fid": 339, "sec": 14.0, "gru": 174.0, "etiq": "14-174" }, "geometry": { "type": "Polygon", "coordinates": [ [ [ -60.461525650517963, -31.726366885021903 ], [ -60.461495710157834, -31.726226520035777 ], [ -60.460949890937925, -31.723795637839018 ], [ -60.46051971832344, -31.721695441132805 ], [ -60.460518831865059, -31.721516152009269 ], [ -60.460012873812666, -31.721583446328719 ], [ -60.454970866171273, -31.722325349630914 ], [ -60.454845531362473, -31.722365077748876 ], [ -60.455802813417975, -31.727112602390896 ], [ -60.455831830012507, -31.727239698564318 ], [ -60.461288308511946, -31.726403832136498 ], [ -60.461525650517963, -31.726366885021903 ] ] ] } },
{ "type": "Feature", "properties": { "ogc_fid": 340, "sec": 14.0, "gru": 139.0, "etiq": "14-139" }, "geometry": { "type": "Polygon", "coordinates": [ [ [ -60.460518831865059, -31.721516152009269 ], [ -60.46051971832344, -31.721695441132805 ], [ -60.460949890937925, -31.723795637839018 ], [ -60.461495710157834, -31.726226520035777 ], [ -60.461525650517963, -31.726366885021903 ], [ -60.467059847244315, -31.725505241249117 ], [ -60.467235461830917, -31.725465301427121 ], [ -60.467178062887875, -31.725122384034584 ], [ -60.466205028825136, -31.720826910541078 ], [ -60.466193208983363, -31.720624088899626 ], [ -60.46073664523982, -31.721487181365738 ], [ -60.460518831865059, -31.721516152009269 ] ] ] } },
{ "type": "Feature", "properties": { "ogc_fid": 341, "sec": 14.0, "gru": 140.0, "etiq": "14-140" }, "geometry": { "type": "Polygon", "coordinates": [ [ [ -60.460518831865059, -31.721516152009269 ], [ -60.46073664523982, -31.721487181365738 ], [ -60.466193208983363, -31.720624088899626 ], [ -60.466174414513695, -31.72030158464198 ], [ -60.465168281350145, -31.715765101523306 ], [ -60.460985233078773, -31.716406489966122 ], [ -60.459523253120679, -31.716626312776935 ], [ -60.460518065136519, -31.72136107734682 ], [ -60.460518831865059, -31.721516152009269 ] ] ] } },
{ "type": "Feature", "properties": { "ogc_fid": 342, "sec": 14.0, "gru": 75.0, "etiq": "14-75" }, "geometry": { "type": "Polygon", "coordinates": [ [ [ -60.453849876389306, -31.717479191440798 ], [ -60.453862646057637, -31.717540835962811 ], [ -60.454643833618874, -31.721364717039066 ], [ -60.454845531362473, -31.722365077748876 ], [ -60.454970866171273, -31.722325349630914 ], [ -60.460012873812666, -31.721583446328719 ], [ -60.460518831865059, -31.721516152009269 ], [ -60.460518065136519, -31.72136107734682 ], [ -60.459523253120679, -31.716626312776935 ], [ -60.453849876389306, -31.717479191440798 ] ] ] } },
{ "type": "Feature", "properties": { "ogc_fid": 343, "sec": 14.0, "gru": 213.0, "etiq": "14-213" }, "geometry": { "type": "Polygon", "coordinates": [ [ [ -60.448161249837504, -31.718335092304631 ], [ -60.448161904321374, -31.718471131065357 ], [ -60.449044956153607, -31.72306990547704 ], [ -60.449153029814049, -31.723232305315086 ], [ -60.454642168687613, -31.722429538488871 ], [ -60.454845531362473, -31.722365077748876 ], [ -60.454643833618874, -31.721364717039066 ], [ -60.453862646057637, -31.717540835962811 ], [ -60.453849876389306, -31.717479191440798 ], [ -60.448345736853888, -31.718306372843767 ], [ -60.448161249837504, -31.718335092304631 ] ] ] } },
{ "type": "Feature", "properties": { "ogc_fid": 284, "sec": 14.0, "gru": 307.0, "etiq": "14-307" }, "geometry": { "type": "Polygon", "coordinates": [ [ [ -60.438098829586018, -31.75505200251078 ], [ -60.432706762869316, -31.755877282616083 ], [ -60.432269105094989, -31.756008324530715 ], [ -60.432271377178409, -31.756039303010414 ], [ -60.432270492403042, -31.756054461615673 ], [ -60.432269626830198, -31.756079427583963 ], [ -60.432274330757195, -31.756105925826869 ], [ -60.432281178158213, -31.756132606184085 ], [ -60.432292713171599, -31.756161831871719 ], [ -60.43230703519712, -31.75618890171377 ], [ -60.432320753813869, -31.756215585808782 ], [ -60.432387761173096, -31.756328007703971 ], [ -60.432561030843118, -31.756580296486312 ], [ -60.432667065311307, -31.756727874853929 ], [ -60.43268430110259, -31.756750497684962 ], [ -60.432704349111511, -31.756774112008852 ], [ -60.432724736859093, -31.756793612769183 ], [ -60.432755943241986, -31.756808549525001 ], [ -60.432761240173043, -31.756835424505987 ], [ -60.432762203863362, -31.756858797015873 ], [ -60.432763933326484, -31.756883420486986 ], [ -60.432768084796308, -31.756906836279185 ], [ -60.43277299148636, -31.756931503068245 ], [ -60.432849814928886, -31.757123082231729 ], [ -60.432973145183524, -31.75743967916576 ], [ -60.433068301971495, -31.75768987881942 ], [ -60.43314156625739, -31.757828603819753 ], [ -60.433471257147879, -31.758357504838841 ], [ -60.433598615867673, -31.758529882651793 ], [ -60.433726224565383, -31.758638066281485 ], [ -60.433959458580908, -31.758796050556526 ], [ -60.434063786274749, -31.758850554268406 ], [ -60.434159399770316, -31.758894653265301 ], [ -60.434275336486444, -31.758966847475612 ], [ -60.434299256746087, -31.758985434088316 ], [ -60.434322508262611, -31.759003211317456 ], [ -60.434341021242247, -31.759021139973576 ], [ -60.434357791623718, -31.759041112733478 ], [ -60.434370492302449, -31.759062064338789 ], [ -60.434377802533156, -31.759097265405636 ], [ -60.434382268821913, -31.759122438654956 ], [ -60.434383431254609, -31.759149850721208 ], [ -60.434382642179202, -31.759175258331105 ], [ -60.434381346759174, -31.759200730796316 ], [ -60.434376397233066, -31.759223510191031 ], [ -60.434360339865393, -31.759252252565979 ], [ -60.434343628450819, -31.759274296474686 ], [ -60.43423822050719, -31.75940453021424 ], [ -60.434189253666382, -31.759444928324339 ], [ -60.434176821551006, -31.759461158775931 ], [ -60.434153194938347, -31.759494192637419 ], [ -60.434116154640755, -31.759552523807358 ], [ -60.434099097713862, -31.759577454758606 ], [ -60.434095632918655, -31.759583662226021 ], [ -60.434098152289792, -31.759720896112913 ], [ -60.434129231010061, -31.759782846029783 ], [ -60.434180515009878, -31.75984534033303 ], [ -60.434273705335833, -31.759935387370792 ], [ -60.434328428482615, -31.759972582211972 ], [ -60.434351619063463, -31.75998403772023 ], [ -60.434414320912261, -31.760007434179364 ], [ -60.434427391570395, -31.760005874513304 ], [ -60.434466705090458, -31.760000338410009 ], [ -60.434496058705214, -31.759995711050991 ], [ -60.434518736540305, -31.7599900422797 ], [ -60.434548257386055, -31.759980544386373 ], [ -60.434585002000055, -31.759969642024945 ], [ -60.434675303440571, -31.759947356043494 ], [ -60.434723880590575, -31.759936485417413 ], [ -60.434773314375505, -31.759925972586625 ], [ -60.434823805173124, -31.75991578079249 ], [ -60.434873106484616, -31.759906287457731 ], [ -60.434922745390637, -31.759894502270335 ], [ -60.43497961146165, -31.759882043061275 ], [ -60.435038829935962, -31.759871541811613 ], [ -60.435097705177427, -31.759864387543992 ], [ -60.435154160384414, -31.759858873850987 ], [ -60.43520303313074, -31.759852547321355 ], [ -60.435244907911986, -31.759846253699308 ], [ -60.435283755162949, -31.759838094574384 ], [ -60.435320732725629, -31.759831889807064 ], [ -60.435352081653669, -31.759827363654413 ], [ -60.435472939509573, -31.759811709453949 ], [ -60.435537317525316, -31.759800811562698 ], [ -60.43556652480509, -31.75979200892505 ], [ -60.435596561403649, -31.759779983865936 ], [ -60.435625204210936, -31.759763346129876 ], [ -60.435648803466364, -31.759744849800835 ], [ -60.435668653597027, -31.759723669777987 ], [ -60.43568770654965, -31.759699056456679 ], [ -60.435707942831584, -31.759672436994205 ], [ -60.43572458652018, -31.759649509334835 ], [ -60.435731542813485, -31.759631574942485 ], [ -60.435732295394693, -31.759609720714082 ], [ -60.435728626968441, -31.759583706073389 ], [ -60.435719238393055, -31.759530818039195 ], [ -60.435713315848318, -31.759505803134214 ], [ -60.435705325235652, -31.759478694007484 ], [ -60.435697856998551, -31.759445928538256 ], [ -60.435692171019959, -31.75941958711368 ], [ -60.435684478538228, -31.759393027089853 ], [ -60.435676493653745, -31.759369390036632 ], [ -60.435666508991197, -31.759349222898411 ], [ -60.435655214107783, -31.759324253416612 ], [ -60.435645830269486, -31.75929714904942 ], [ -60.435636439545853, -31.759266320093371 ], [ -60.435628690373996, -31.759232157722746 ], [ -60.435623406685288, -31.759199303611993 ], [ -60.435618569889769, -31.759162705324282 ], [ -60.435615903948765, -31.759120850887136 ], [ -60.435622537193787, -31.759081273371457 ], [ -60.435634334645123, -31.75904453703928 ], [ -60.435655891596689, -31.759013710478641 ], [ -60.435680157784248, -31.758984407782592 ], [ -60.435728746214437, -31.758935524052674 ], [ -60.435751765953761, -31.758908281807994 ], [ -60.435778379820015, -31.758884445250544 ], [ -60.435801898178013, -31.758864506219833 ], [ -60.435827991361627, -31.758839931921781 ], [ -60.435865375142768, -31.758814642609359 ], [ -60.435903348608562, -31.758793562875375 ], [ -60.435943714095131, -31.758771636231096 ], [ -60.435990110047626, -31.758754964718786 ], [ -60.436027674103634, -31.7587411281486 ], [ -60.436059132073993, -31.758726176144592 ], [ -60.436091090851498, -31.758712232482807 ], [ -60.436118280105575, -31.758698584711361 ], [ -60.436144504413392, -31.758683993302281 ], [ -60.436192013679047, -31.758659408741803 ], [ -60.436225826818522, -31.758649264475125 ], [ -60.436259232538966, -31.75864002343766 ], [ -60.43629386497053, -31.758629028615026 ], [ -60.436323613726962, -31.75861874492772 ], [ -60.436349604251355, -31.758608329810507 ], [ -60.436379738110496, -31.758596890432081 ], [ -60.436437629873232, -31.758587285904362 ], [ -60.436477807332452, -31.758586066051805 ], [ -60.436516293016993, -31.758599957854063 ], [ -60.436764603023597, -31.758759914459706 ], [ -60.43679829128093, -31.758797351706299 ], [ -60.436833634072279, -31.75883197853884 ], [ -60.43687186019605, -31.75887147444465 ], [ -60.436907779854629, -31.758914297030465 ], [ -60.436944767751918, -31.758959821470874 ], [ -60.436979408629583, -31.759004533273096 ], [ -60.437014536559097, -31.75904506786182 ], [ -60.437048705969694, -31.759083774987467 ], [ -60.437083702344921, -31.759118763673534 ], [ -60.437118217542114, -31.759152428291486 ], [ -60.437150390195981, -31.759181745036408 ], [ -60.437182644511537, -31.759208220687551 ], [ -60.437213228657129, -31.759234169974683 ], [ -60.437239960846135, -31.7592625043211 ], [ -60.437259729433279, -31.759293676311959 ], [ -60.437272708717856, -31.759326594122314 ], [ -60.437284341806141, -31.759360544652672 ], [ -60.4372935466629, -31.759396622847284 ], [ -60.437301225376622, -31.759433626159211 ], [ -60.437306475303522, -31.75947263989854 ], [ -60.43730905138208, -31.759510932322829 ], [ -60.437315448429203, -31.759553711826889 ], [ -60.437302746624027, -31.759602265554154 ], [ -60.437282714397625, -31.759647489585319 ], [ -60.437250375866654, -31.759686208471258 ], [ -60.43721801589885, -31.759720373116107 ], [ -60.437184134793782, -31.75975204486792 ], [ -60.437120338415475, -31.759812533932433 ], [ -60.43708706049518, -31.759840055111731 ], [ -60.437045379376642, -31.759867316520161 ], [ -60.436996196346541, -31.759892944256919 ], [ -60.436942831377273, -31.759913644218891 ], [ -60.436887174635189, -31.759929581269155 ], [ -60.436837159891247, -31.75993995261609 ], [ -60.436703000097872, -31.75995734015375 ], [ -60.436655019674518, -31.759962618062374 ], [ -60.436612708429337, -31.759965865414582 ], [ -60.436573635624853, -31.759970932396225 ], [ -60.436532891729087, -31.759975283617635 ], [ -60.436490584663638, -31.759979423739431 ], [ -60.436445117083721, -31.759984855291385 ], [ -60.436394560601308, -31.759990015669125 ], [ -60.436347404853237, -31.759993342656646 ], [ -60.436304455920236, -31.759995663192534 ], [ -60.436267506981288, -31.759996718624517 ], [ -60.436194213934805, -31.759997258178903 ], [ -60.436160783511262, -31.759999086136354 ], [ -60.436132183858085, -31.760002412643694 ], [ -60.436114055484161, -31.760008093183256 ], [ -60.436095992899389, -31.760021051366973 ], [ -60.436071508999667, -31.760042220260857 ], [ -60.436048512609261, -31.76006547633418 ], [ -60.436023539831389, -31.760094943846408 ], [ -60.435994925211062, -31.760133361079824 ], [ -60.435964592032292, -31.760172199035445 ], [ -60.435940079237348, -31.760209736450506 ], [ -60.435918213892414, -31.760246867991167 ], [ -60.435911480837738, -31.760259874115505 ], [ -60.436009865903827, -31.760384037573186 ], [ -60.439119379753862, -31.759915502136785 ], [ -60.438098829586018, -31.75505200251078 ] ] ] } },
{ "type": "Feature", "properties": { "ogc_fid": 285, "sec": 14.0, "gru": 295.0, "etiq": "14-295" }, "geometry": { "type": "Polygon", "coordinates": [ [ [ -60.443844026981452, -31.75417152174662 ], [ -60.443483321519182, -31.754227639760369 ], [ -60.438098829586018, -31.75505200251078 ], [ -60.439119379753862, -31.759915502136785 ], [ -60.444645159769756, -31.759082689810455 ], [ -60.444834467813408, -31.759054000317242 ], [ -60.444755853399833, -31.75869879898201 ], [ -60.443844026981452, -31.75417152174662 ] ] ] } },
{ "type": "Feature", "properties": { "ogc_fid": 286, "sec": 14.0, "gru": 270.0, "etiq": "14-270" }, "geometry": { "type": "Polygon", "coordinates": [ [ [ -60.449460317664204, -31.753297607413359 ], [ -60.443844026981452, -31.75417152174662 ], [ -60.444755853399833, -31.75869879898201 ], [ -60.444834467813408, -31.759054000317242 ], [ -60.450299347536941, -31.75822567313978 ], [ -60.45049198854236, -31.758195447359839 ], [ -60.449484519566532, -31.753415181352711 ], [ -60.449460317664204, -31.753297607413359 ] ] ] } },
{ "type": "Feature", "properties": { "ogc_fid": 287, "sec": 14.0, "gru": 251.0, "etiq": "14-251" }, "geometry": { "type": "Polygon", "coordinates": [ [ [ -60.449460317664204, -31.753297607413359 ], [ -60.449484519566532, -31.753415181352711 ], [ -60.45049198854236, -31.758195447359839 ], [ -60.455924899840262, -31.757342884270141 ], [ -60.456225341933141, -31.757298440830304 ], [ -60.455172163875879, -31.75240377069051 ], [ -60.453572833040518, -31.752657518555338 ], [ -60.449460317664204, -31.753297607413359 ] ] ] } },
{ "type": "Feature", "properties": { "ogc_fid": 288, "sec": 14.0, "gru": 206.0, "etiq": "14-206" }, "geometry": { "type": "Polygon", "coordinates": [ [ [ -60.460909584705945, -31.751549247735721 ], [ -60.455172163875879, -31.75240377069051 ], [ -60.456225341933141, -31.757298440830304 ], [ -60.461927808202354, -31.756454726084506 ], [ -60.46267195707204, -31.756344512061197 ], [ -60.461982456087981, -31.75442546423794 ], [ -60.461650480325602, -31.75388136231804 ], [ -60.461279440551884, -31.753360410763836 ], [ -60.460909584705945, -31.751549247735721 ] ] ] } },
{ "type": "Feature", "properties": { "ogc_fid": 289, "sec": 14.0, "gru": 168.0, "etiq": "14-168" }, "geometry": { "type": "Polygon", "coordinates": [ [ [ -60.460909584705945, -31.751549247735721 ], [ -60.461279440551884, -31.753360410763836 ], [ -60.461650480325602, -31.75388136231804 ], [ -60.461982456087981, -31.75442546423794 ], [ -60.46267195707204, -31.756344512061197 ], [ -60.467208591955135, -31.755672502919001 ], [ -60.46764439689521, -31.7556026970855 ], [ -60.467612103958686, -31.755445780046252 ], [ -60.466600793145261, -31.750721208919114 ], [ -60.463740789233306, -31.751150825074472 ], [ -60.460909584705945, -31.751549247735721 ] ] ] } },
{ "type": "Feature", "properties": { "ogc_fid": 290, "sec": 14.0, "gru": 133.0, "etiq": "14-133" }, "geometry": { "type": "Polygon", "coordinates": [ [ [ -60.472241017224611, -31.749825025724892 ], [ -60.470528021611301, -31.75009768480977 ], [ -60.466600793145261, -31.750721208919114 ], [ -60.467612103958686, -31.755445780046252 ], [ -60.46764439689521, -31.7556026970855 ], [ -60.472559917584981, -31.754815234477523 ], [ -60.473277589674225, -31.754697119769876 ], [ -60.472981953343705, -31.753273950589357 ], [ -60.472241017224611, -31.749825025724892 ] ] ] } },
{ "type": "Feature", "properties": { "ogc_fid": 291, "sec": 14.0, "gru": 100.0, "etiq": "14-100" }, "geometry": { "type": "Polygon", "coordinates": [ [ [ -60.472241017224611, -31.749825025724892 ], [ -60.472981953343705, -31.753273950589357 ], [ -60.473277589674225, -31.754697119769876 ], [ -60.473721957875057, -31.754623983332429 ], [ -60.474648245470199, -31.754476739201852 ], [ -60.476007648779408, -31.754245744104363 ], [ -60.477082076024139, -31.75410472986006 ], [ -60.478974806276241, -31.753801875454631 ], [ -60.478829933778123, -31.753054583928559 ], [ -60.478132584320839, -31.749865802488522 ], [ -60.477939409050933, -31.748916126922648 ], [ -60.476246027340856, -31.74918744863708 ], [ -60.472241017224611, -31.749825025724892 ] ] ] } },
{ "type": "Feature", "properties": { "ogc_fid": 292, "sec": 14.0, "gru": 908.0, "etiq": "14-908" }, "geometry": { "type": "Polygon", "coordinates": [ [ [ -60.437090364192912, -31.750190027450799 ], [ -60.43354040452855, -31.750735180906542 ], [ -60.433455268119189, -31.750912613500738 ], [ -60.433440565559522, -31.750941946399141 ], [ -60.433427844639525, -31.750968467819348 ], [ -60.433417690582331, -31.750993194855344 ], [ -60.433410796522011, -31.751013122008644 ], [ -60.433400616550834, -31.751059475356961 ], [ -60.433393207480485, -31.751088927736358 ], [ -60.433384246612285, -31.751120576874854 ], [ -60.433373002320273, -31.751151431137558 ], [ -60.4333454636038, -31.751196166089297 ], [ -60.433330614091773, -31.751216625326499 ], [ -60.433320271764188, -31.751234931863277 ], [ -60.433313842854488, -31.751252765150262 ], [ -60.433310810612468, -31.751274744387885 ], [ -60.433306769354445, -31.751302156159021 ], [ -60.433300828598512, -31.751331892129105 ], [ -60.433293098167539, -31.751364871805517 ], [ -60.43328328837589, -31.751395549830921 ], [ -60.433272221169901, -31.751425916485715 ], [ -60.43325559612677, -31.751452667605463 ], [ -60.433234775382218, -31.751478206480758 ], [ -60.433208782650595, -31.751503663734141 ], [ -60.43317986596805, -31.751526768090844 ], [ -60.433146668682355, -31.751548561281638 ], [ -60.433112758813145, -31.751566920859528 ], [ -60.433077813762047, -31.751582830930616 ], [ -60.43304241409183, -31.751596307557822 ], [ -60.433010925685558, -31.751606578354892 ], [ -60.432982127963122, -31.75161444109532 ], [ -60.432925964086422, -31.751624813756454 ], [ -60.432891115879443, -31.751629793095514 ], [ -60.432856258773121, -31.751632860545545 ], [ -60.432825485611303, -31.751631269615622 ], [ -60.432799373070573, -31.751631006595492 ], [ -60.432774113903761, -31.751630416007618 ], [ -60.432725400443211, -31.751633792019071 ], [ -60.432531800485563, -31.75165366766111 ], [ -60.432496657945613, -31.751658909426407 ], [ -60.432417884291475, -31.751673308684655 ], [ -60.432373804416436, -31.751683558926722 ], [ -60.432329556300949, -31.751696217648515 ], [ -60.432289580256871, -31.751710629475912 ], [ -60.432255797100012, -31.751729051525714 ], [ -60.432223991366435, -31.751748287537048 ], [ -60.43219691898247, -31.751766335087613 ], [ -60.432174065480169, -31.7517837731057 ], [ -60.432151466399837, -31.751801453754744 ], [ -60.432131056794766, -31.751820155076668 ], [ -60.432111228373429, -31.751841280385339 ], [ -60.432093301660281, -31.751865095756131 ], [ -60.432078439454472, -31.751889721410727 ], [ -60.432067946452783, -31.751914287155547 ], [ -60.4320614338301, -31.751939155047797 ], [ -60.432059083690859, -31.751964901650886 ], [ -60.432059740147992, -31.751992622116024 ], [ -60.432061252456705, -31.752020547103076 ], [ -60.43206385096618, -31.752046006372051 ], [ -60.432066509367125, -31.752068453278156 ], [ -60.432074586388879, -31.752125900419529 ], [ -60.432138491281414, -31.75231639668721 ], [ -60.432147934178104, -31.752338414750479 ], [ -60.432157377207922, -31.752362732515099 ], [ -60.432169994427412, -31.752391016645404 ], [ -60.432186295082957, -31.752423833574863 ], [ -60.432204859506477, -31.752457752091427 ], [ -60.432223790450372, -31.752491047089261 ], [ -60.43224343929981, -31.75252211209364 ], [ -60.432265161479208, -31.752551907479113 ], [ -60.43230762365878, -31.752609084628492 ], [ -60.432323720839634, -31.752636707607095 ], [ -60.432334512668191, -31.752660542803138 ], [ -60.432347301255028, -31.752693885677971 ], [ -60.432371394198768, -31.752725079876353 ], [ -60.432402671772586, -31.752760181728245 ], [ -60.432430961376767, -31.752783695998087 ], [ -60.432462054172795, -31.752801744590499 ], [ -60.432503532742558, -31.752826648010359 ], [ -60.432544016222664, -31.752859987036615 ], [ -60.43257620060966, -31.752894878341969 ], [ -60.432604395212429, -31.752936528978751 ], [ -60.432626284142763, -31.752981709192763 ], [ -60.432635858168048, -31.753006919299242 ], [ -60.432645975053738, -31.753035383218496 ], [ -60.432652631412935, -31.753066402087672 ], [ -60.432661833480083, -31.753131907845688 ], [ -60.432666206547324, -31.753166704174987 ], [ -60.432668963635166, -31.753201253475108 ], [ -60.432671208220036, -31.753236805562157 ], [ -60.432667944982022, -31.753274973663057 ], [ -60.432661743904205, -31.753305540176477 ], [ -60.43264816140335, -31.753346629218175 ], [ -60.432631602808129, -31.753385509827329 ], [ -60.432610768340837, -31.753428652637385 ], [ -60.432677175379759, -31.753475909231792 ], [ -60.432702882824593, -31.753495617405679 ], [ -60.43272223614899, -31.753515256969923 ], [ -60.432738549338424, -31.753541607557079 ], [ -60.432757826563851, -31.753569841946987 ], [ -60.432773182012554, -31.753596772962442 ], [ -60.432783181193258, -31.753620331236352 ], [ -60.432796595812626, -31.753645248710637 ], [ -60.432813451197966, -31.753674699788817 ], [ -60.432836620638824, -31.753706943168233 ], [ -60.432854058429122, -31.75372772554201 ], [ -60.432873361139308, -31.753750079804291 ], [ -60.432891857929157, -31.75377388877039 ], [ -60.432906620643436, -31.753800443007886 ], [ -60.432915332920039, -31.753828686212714 ], [ -60.432925119040291, -31.753854075941334 ], [ -60.432951172329609, -31.753893632472163 ], [ -60.432985170708911, -31.753921311769094 ], [ -60.433005618972054, -31.75394713421629 ], [ -60.433024419739944, -31.753963673267243 ], [ -60.433060652372156, -31.753986096218739 ], [ -60.433090748179779, -31.754000721033382 ], [ -60.433128622192939, -31.754017501861789 ], [ -60.433168761943705, -31.754038062720166 ], [ -60.433208445902309, -31.75406500115152 ], [ -60.433245646802973, -31.754095880052763 ], [ -60.433278267628111, -31.754133682641811 ], [ -60.433305983471676, -31.75417663339465 ], [ -60.433330081276267, -31.754220047368019 ], [ -60.433348128679185, -31.754265159344445 ], [ -60.43336255803176, -31.75431073454584 ], [ -60.43337146435433, -31.754357933813072 ], [ -60.433380005692456, -31.754406081256736 ], [ -60.433388663062999, -31.754451946639929 ], [ -60.433401719142722, -31.754492728697524 ], [ -60.433418129674671, -31.754528566257093 ], [ -60.433439586482542, -31.754560120926389 ], [ -60.43345675655555, -31.754591338456482 ], [ -60.433464380385118, -31.75462830615108 ], [ -60.433477539538231, -31.754702519196847 ], [ -60.433483526265135, -31.754739239943071 ], [ -60.433493166942775, -31.754778662806537 ], [ -60.433506024860975, -31.754815405265134 ], [ -60.433522323689111, -31.754847635814066 ], [ -60.433538550846741, -31.754873544680056 ], [ -60.433555710558352, -31.754895725755933 ], [ -60.433588888746677, -31.754930739664783 ], [ -60.433612894360834, -31.754949777055995 ], [ -60.433203417650176, -31.7555180430825 ], [ -60.43321809631928, -31.755724178628313 ], [ -60.432706762869316, -31.755877282616083 ], [ -60.438098829586018, -31.75505200251078 ], [ -60.437995159515559, -31.754557925914103 ], [ -60.437090364192912, -31.750190027450799 ] ] ] } },
{ "type": "Feature", "properties": { "ogc_fid": 293, "sec": 14.0, "gru": 296.0, "etiq": "14-296" }, "geometry": { "type": "Polygon", "coordinates": [ [ [ -60.443844026981452, -31.75417152174662 ], [ -60.443828036127975, -31.754092121978172 ], [ -60.442807890069716, -31.749309442098266 ], [ -60.438275298866756, -31.750008038249792 ], [ -60.437090364192912, -31.750190027450799 ], [ -60.437995159515559, -31.754557925914103 ], [ -60.438098829586018, -31.75505200251078 ], [ -60.443483321519182, -31.754227639760369 ], [ -60.443844026981452, -31.75417152174662 ] ] ] } },
{ "type": "Feature", "properties": { "ogc_fid": 294, "sec": 14.0, "gru": 271.0, "etiq": "14-271" }, "geometry": { "type": "Polygon", "coordinates": [ [ [ -60.44846078273752, -31.748441547648021 ], [ -60.446139353065696, -31.74879586328214 ], [ -60.442807890069716, -31.749309442098266 ], [ -60.443828036127975, -31.754092121978172 ], [ -60.443844026981452, -31.75417152174662 ], [ -60.449460317664204, -31.753297607413359 ], [ -60.449135303618618, -31.751468362610026 ], [ -60.44846078273752, -31.748441547648021 ] ] ] } },
{ "type": "Feature", "properties": { "ogc_fid": 309, "sec": 14.0, "gru": 309.0, "etiq": "14-309" }, "geometry": { "type": "Polygon", "coordinates": [ [ [ -60.437090364192912, -31.750190027450799 ], [ -60.437047987590262, -31.74998544385161 ], [ -60.436333051242222, -31.746553594086929 ], [ -60.436066775788049, -31.745320539506476 ], [ -60.428922240078094, -31.746438513599546 ], [ -60.42911329855206, -31.746509791556537 ], [ -60.42915619380755, -31.746515674375861 ], [ -60.429192791485171, -31.746524262940667 ], [ -60.429521406563978, -31.746561727625576 ], [ -60.429574445520501, -31.746556282061924 ], [ -60.429597977966068, -31.746553488175927 ], [ -60.429627054186277, -31.746546788642423 ], [ -60.429651798948846, -31.746539129714037 ], [ -60.429679628276823, -31.746529810003437 ], [ -60.429716251912566, -31.746521155051639 ], [ -60.429757043219183, -31.746514560277575 ], [ -60.429800160659411, -31.74651118625026 ], [ -60.429847107063374, -31.746516511116123 ], [ -60.429898594919841, -31.746529414179246 ], [ -60.429944793552323, -31.746548774241369 ], [ -60.429974389639824, -31.746565511828589 ], [ -60.429990009452972, -31.746572430385285 ], [ -60.430029499669715, -31.746576607944657 ], [ -60.430051964229179, -31.746575675379493 ], [ -60.430081131470473, -31.746572691037098 ], [ -60.430121204359736, -31.746572781243259 ], [ -60.430164706636489, -31.746579596642924 ], [ -60.430211208705153, -31.746591524380172 ], [ -60.430258912254423, -31.74660994132806 ], [ -60.43030708630738, -31.746631964049371 ], [ -60.430344761963255, -31.746656817926976 ], [ -60.430377319493608, -31.74667947955891 ], [ -60.430408889300914, -31.746703073418939 ], [ -60.430437805296783, -31.746725621076553 ], [ -60.43046885158666, -31.746750109516348 ], [ -60.430500139211503, -31.746778853841626 ], [ -60.430533076680923, -31.746810622784054 ], [ -60.430566064612144, -31.746846449849741 ], [ -60.430597482462844, -31.746882796263762 ], [ -60.430626595361659, -31.746920503226484 ], [ -60.430652335438282, -31.746961432149149 ], [ -60.430676350242948, -31.746998993997003 ], [ -60.430701004196095, -31.747033270963961 ], [ -60.430726217375494, -31.747065237312459 ], [ -60.430751554794227, -31.747096680165647 ], [ -60.430798411183467, -31.747157711946315 ], [ -60.430820477561042, -31.747187001415671 ], [ -60.430842058485723, -31.747216292522339 ], [ -60.430866831202273, -31.7472442831946 ], [ -60.430891936621286, -31.747275744839826 ], [ -60.43091703879967, -31.747306503051764 ], [ -60.430943311919322, -31.747339421726377 ], [ -60.430967432086582, -31.747374620325939 ], [ -60.430990142064054, -31.74740612612613 ], [ -60.431011553999632, -31.747437645331019 ], [ -60.431030539606439, -31.747462553197717 ], [ -60.431052597423921, -31.747487685148641 ], [ -60.431095198899889, -31.747541426263911 ], [ -60.431114362040681, -31.747565918668226 ], [ -60.431132643410606, -31.747586878820965 ], [ -60.431151088275548, -31.747608956705395 ], [ -60.43116820376256, -31.747631120251246 ], [ -60.431186465802767, -31.747657013552757 ], [ -60.431202543492368, -31.747682968353857 ], [ -60.431220139814137, -31.747706401866505 ], [ -60.43123940162068, -31.747729396854659 ], [ -60.431259712744655, -31.747751080613433 ], [ -60.431278683036098, -31.747770379018103 ], [ -60.431299117873941, -31.747789149392823 ], [ -60.43131668936666, -31.747807216998716 ], [ -60.431335324968472, -31.74782261153938 ], [ -60.431356338066713, -31.747840901969468 ], [ -60.431378710008104, -31.747858628652065 ], [ -60.431403889125122, -31.74788087308794 ], [ -60.431455811278148, -31.747930325813922 ], [ -60.431484184858533, -31.747958664906527 ], [ -60.431505646736042, -31.747987234822414 ], [ -60.43152299571657, -31.74801192269322 ], [ -60.431538953664962, -31.748037057176358 ], [ -60.431552062841448, -31.748060081970017 ], [ -60.431569502710445, -31.748095257981134 ], [ -60.43159127764816, -31.74812532388372 ], [ -60.431618138567025, -31.748157446798093 ], [ -60.431647402816871, -31.748191202922857 ], [ -60.43167420263763, -31.748221522342327 ], [ -60.431704369956712, -31.748252010716129 ], [ -60.431721623799078, -31.748267545156356 ], [ -60.431746524945467, -31.748288978803529 ], [ -60.431765778197011, -31.748303252898946 ], [ -60.431788704578068, -31.748317604729227 ], [ -60.431813242509328, -31.748331265692173 ], [ -60.431940669289176, -31.748392384711689 ], [ -60.431957919785823, -31.748391271076972 ], [ -60.431995157764668, -31.748385255792265 ], [ -60.432028140818687, -31.748374330850744 ], [ -60.432051234956276, -31.748358885114932 ], [ -60.432080105633716, -31.748328295851572 ], [ -60.432091842032293, -31.748310210141543 ], [ -60.432105067969673, -31.748287889727532 ], [ -60.4321350235873, -31.748250036922396 ], [ -60.432153201513479, -31.748228195724181 ], [ -60.432176721000168, -31.748202088718234 ], [ -60.432204523278756, -31.748175534296024 ], [ -60.432237245335862, -31.748147069305546 ], [ -60.432274146686254, -31.748116326498707 ], [ -60.432309215351708, -31.748086383522185 ], [ -60.43237167475457, -31.748029923547339 ], [ -60.432402446215384, -31.748006425279115 ], [ -60.432432413155965, -31.747984679312534 ], [ -60.43246377458815, -31.747960962584617 ], [ -60.432492082146297, -31.747940971814515 ], [ -60.432540249215393, -31.747913554574378 ], [ -60.432569390531533, -31.747902651552149 ], [ -60.43259847806597, -31.747891532263122 ], [ -60.432632558793145, -31.747880675586739 ], [ -60.432664052626038, -31.747874102429012 ], [ -60.43269672884599, -31.747867606414552 ], [ -60.432733269937366, -31.747861575244567 ], [ -60.432771273180514, -31.74785677462561 ], [ -60.432851180512948, -31.747848566980906 ], [ -60.432900171900407, -31.747848644051523 ], [ -60.432946592444772, -31.747856449629161 ], [ -60.432984978507534, -31.747865878755931 ], [ -60.433015689963291, -31.74787715567733 ], [ -60.433041873385541, -31.747888339757974 ], [ -60.433070613454099, -31.747900083306362 ], [ -60.433105749920543, -31.747916521755684 ], [ -60.433136337593666, -31.747937475862379 ], [ -60.433167184153405, -31.747959628535025 ], [ -60.433192111322398, -31.747993399046589 ], [ -60.43320504387502, -31.748030538138305 ], [ -60.433211852299415, -31.748067057739167 ], [ -60.43323937023559, -31.748262835830484 ], [ -60.433253184282947, -31.748382743221484 ], [ -60.433256919397351, -31.748416531659409 ], [ -60.433261667339913, -31.748450244505708 ], [ -60.433265906702033, -31.74851752573834 ], [ -60.433266989249574, -31.748559620164983 ], [ -60.433263795362357, -31.748603532821253 ], [ -60.433262294750278, -31.748639377228869 ], [ -60.433260290424229, -31.748673572973324 ], [ -60.433256751807512, -31.74870691718197 ], [ -60.433253663502782, -31.748741774958191 ], [ -60.433250920014402, -31.748778155679137 ], [ -60.433250079694325, -31.748815278459947 ], [ -60.433247463535295, -31.74885633932092 ], [ -60.433242604213753, -31.748902972189462 ], [ -60.433236001800118, -31.748953777505946 ], [ -60.433224726946058, -31.749002957350442 ], [ -60.433211877866505, -31.74904724552967 ], [ -60.433198181390168, -31.749086341963572 ], [ -60.433180922575133, -31.749126496645918 ], [ -60.433163991197382, -31.74916217706367 ], [ -60.43314770677199, -31.749194004403673 ], [ -60.433133854639877, -31.749220078723944 ], [ -60.433120836774783, -31.749243994798462 ], [ -60.433087915575065, -31.749297721353965 ], [ -60.433069873953954, -31.749328436368781 ], [ -60.433049995366233, -31.749363567643712 ], [ -60.43302874648591, -31.749403609606411 ], [ -60.432978711194494, -31.749501431359626 ], [ -60.432955596315132, -31.749551003128232 ], [ -60.432938323673149, -31.74959276310603 ], [ -60.432922405251468, -31.749628431029929 ], [ -60.432906919989264, -31.749664196682993 ], [ -60.43289112657596, -31.749697248828987 ], [ -60.432878360867171, -31.749725483856096 ], [ -60.432867609459841, -31.749751123745355 ], [ -60.432856787483843, -31.749777476330511 ], [ -60.432846918436134, -31.749806756672157 ], [ -60.432839741051737, -31.749836118054084 ], [ -60.432840665491746, -31.749862412698633 ], [ -60.432846252078932, -31.749892650603211 ], [ -60.432854116621471, -31.749920247383301 ], [ -60.432863728047941, -31.749942210719002 ], [ -60.432875531449504, -31.749956663261482 ], [ -60.432890446589298, -31.749966208215891 ], [ -60.432914500895876, -31.749975604878703 ], [ -60.432947857696334, -31.749988198532705 ], [ -60.432980733369661, -31.750003995360519 ], [ -60.433003097366445, -31.750015300641937 ], [ -60.433037385098842, -31.750026087419872 ], [ -60.433066174675766, -31.750023383245612 ], [ -60.433099499901616, -31.750006513709252 ], [ -60.433122641766417, -31.749992203943702 ], [ -60.433150969374758, -31.749974151928324 ], [ -60.433207187717827, -31.749939429185975 ], [ -60.433301058971573, -31.749883439150665 ], [ -60.433348358528953, -31.749862211211976 ], [ -60.433404984584307, -31.749849338686783 ], [ -60.433443971586186, -31.749844850163829 ], [ -60.433487907567212, -31.749842437071749 ], [ -60.433526702794289, -31.749848888548939 ], [ -60.433566675936476, -31.749858979457787 ], [ -60.433600691187408, -31.749879236378018 ], [ -60.433625369678204, -31.749898000946018 ], [ -60.433652209878183, -31.749920888599664 ], [ -60.433672277485044, -31.749951239514278 ], [ -60.433690647053986, -31.749984103332423 ], [ -60.433702320426789, -31.750024971262583 ], [ -60.433708887467859, -31.750063971717314 ], [ -60.433714345719267, -31.750102840668895 ], [ -60.433719107917284, -31.750144083839949 ], [ -60.433722526696307, -31.750186936866349 ], [ -60.433724513671081, -31.750230552315326 ], [ -60.433725529558082, -31.750271880384737 ], [ -60.433722504073025, -31.750313393560653 ], [ -60.433715680123456, -31.750350599831126 ], [ -60.433707190533056, -31.750385953971122 ], [ -60.433693337619623, -31.750420920535394 ], [ -60.433658642327536, -31.750490300266627 ], [ -60.433639341955526, -31.750529478940443 ], [ -60.433618627621257, -31.750570989181366 ], [ -60.433606732097523, -31.750596947268289 ], [ -60.43354040452855, -31.750735180906542 ], [ -60.437090364192912, -31.750190027450799 ] ] ] } },
{ "type": "Feature", "properties": { "ogc_fid": 310, "sec": 14.0, "gru": 298.0, "etiq": "14-298" }, "geometry": { "type": "Polygon", "coordinates": [ [ [ -60.44085098763599, -31.73990749648646 ], [ -60.438551757435562, -31.740221085791944 ], [ -60.437007741185703, -31.740465222763753 ], [ -60.435076872379945, -31.740737735581803 ], [ -60.43515977076963, -31.741120169222818 ], [ -60.436066775788049, -31.745320539506476 ], [ -60.436412383440562, -31.745266448135652 ], [ -60.441779559091607, -31.744471246809585 ], [ -60.44085098763599, -31.73990749648646 ] ] ] } },
{ "type": "Feature", "properties": { "ogc_fid": 311, "sec": 14.0, "gru": 273.0, "etiq": "14-273" }, "geometry": { "type": "Polygon", "coordinates": [ [ [ -60.441779559091607, -31.744471246809585 ], [ -60.442025177969171, -31.744434850163415 ], [ -60.444658779826938, -31.744035921511998 ], [ -60.447471768420172, -31.743609005070976 ], [ -60.446532872850263, -31.738911477413616 ], [ -60.441160949062706, -31.7397529157249 ], [ -60.44085098763599, -31.73990749648646 ], [ -60.441779559091607, -31.744471246809585 ] ] ] } },
{ "type": "Feature", "properties": { "ogc_fid": 312, "sec": 14.0, "gru": 254.0, "etiq": "14-254" }, "geometry": { "type": "Polygon", "coordinates": [ [ [ -60.452158854204754, -31.737836381123046 ], [ -60.450832441339699, -31.737990962565831 ], [ -60.449810742111822, -31.738411485422425 ], [ -60.446532872850263, -31.738911477413616 ], [ -60.447471768420172, -31.743609005070976 ], [ -60.450132821157091, -31.743181356796093 ], [ -60.453153783549652, -31.742705813046992 ], [ -60.452743328093298, -31.740645501905735 ], [ -60.452158854204754, -31.737836381123046 ] ] ] } },
{ "type": "Feature", "properties": { "ogc_fid": 313, "sec": 14.0, "gru": 209.0, "etiq": "14-209" }, "geometry": { "type": "Polygon", "coordinates": [ [ [ -60.453153783549652, -31.742705813046992 ], [ -60.453706221138184, -31.74261902673873 ], [ -60.458419565781682, -31.741866504481141 ], [ -60.458892255717132, -31.741784069563231 ], [ -60.458875354023121, -31.741688012262856 ], [ -60.457980969151023, -31.737344101965526 ], [ -60.457891184057452, -31.736928490775039 ], [ -60.4540546158346, -31.73752036559905 ], [ -60.452413675427749, -31.737806682372728 ], [ -60.452158854204754, -31.737836381123046 ], [ -60.452743328093298, -31.740645501905735 ], [ -60.453153783549652, -31.742705813046992 ] ] ] } },
{ "type": "Feature", "properties": { "ogc_fid": 314, "sec": 14.0, "gru": 171.0, "etiq": "14-171" }, "geometry": { "type": "Polygon", "coordinates": [ [ [ -60.464588336247253, -31.740929751498115 ], [ -60.464565719332491, -31.740823735243662 ], [ -60.463611516180791, -31.736048529335456 ], [ -60.463423825584862, -31.736077079956797 ], [ -60.457891184057452, -31.736928490775039 ], [ -60.457980969151023, -31.737344101965526 ], [ -60.458875354023121, -31.741688012262856 ], [ -60.458892255717132, -31.741784069563231 ], [ -60.459275587882367, -31.741717216830786 ], [ -60.464450389316639, -31.740951190793101 ], [ -60.464588336247253, -31.740929751498115 ] ] ] } },
{ "type": "Feature", "properties": { "ogc_fid": 315, "sec": 14.0, "gru": 136.0, "etiq": "14-136" }, "geometry": { "type": "Polygon", "coordinates": [ [ [ -60.469156611568735, -31.735203631975153 ], [ -60.468807913193196, -31.735257961025649 ], [ -60.463611516180791, -31.736048529335456 ], [ -60.464565719332491, -31.740823735243662 ], [ -60.464588336247253, -31.740929751498115 ], [ -60.469942453614365, -31.740097507944608 ], [ -60.470216094841987, -31.740053224739544 ], [ -60.470166396839332, -31.7398188349264 ], [ -60.469156611568735, -31.735203631975153 ] ] ] } },
{ "type": "Feature", "properties": { "ogc_fid": 316, "sec": 14.0, "gru": 103.0, "etiq": "14-103" }, "geometry": { "type": "Polygon", "coordinates": [ [ [ -60.474867344257525, -31.734347123337088 ], [ -60.469156611568735, -31.735203631975153 ], [ -60.470166396839332, -31.7398188349264 ], [ -60.470216094841987, -31.740053224739544 ], [ -60.47559227891368, -31.739183072396148 ], [ -60.475849823418635, -31.739142270968994 ], [ -60.474867344257525, -31.734347123337088 ] ] ] } },
{ "type": "Feature", "properties": { "ogc_fid": 317, "sec": 14.0, "gru": 72.0, "etiq": "14-72" }, "geometry": { "type": "Polygon", "coordinates": [ [ [ -60.475849823418635, -31.739142270968994 ], [ -60.481573626339738, -31.738235335522628 ], [ -60.481502794665012, -31.737897083201926 ], [ -60.480541250298373, -31.733423941795206 ], [ -60.480257341919959, -31.733502206222703 ], [ -60.475096663204518, -31.734335519282283 ], [ -60.474867344257525, -31.734347123337088 ], [ -60.475849823418635, -31.739142270968994 ] ] ] } },
{ "type": "Feature", "properties": { "ogc_fid": 318, "sec": 14.0, "gru": 44.0, "etiq": "14-44" }, "geometry": { "type": "Polygon", "coordinates": [ [ [ -60.48405814655424, -31.737841578407682 ], [ -60.484502247449313, -31.737008287371573 ], [ -60.484694016118404, -31.736670730345757 ], [ -60.485317009689275, -31.735616445772052 ], [ -60.486025501470138, -31.734720472175045 ], [ -60.486460390550491, -31.734249314185799 ], [ -60.486521250247186, -31.734193344619054 ], [ -60.486239013997334, -31.732614969986933 ], [ -60.481900790914182, -31.73319917213384 ], [ -60.480541250298373, -31.733423941795206 ], [ -60.481502794665012, -31.737897083201926 ], [ -60.481573626339738, -31.738235335522628 ], [ -60.48405814655424, -31.737841578407682 ] ] ] } },
{ "type": "Feature", "properties": { "ogc_fid": 344, "sec": 14.0, "gru": 258.0, "etiq": "14-258" }, "geometry": { "type": "Polygon", "coordinates": [ [ [ -60.449153029814049, -31.723232305315086 ], [ -60.449044956153607, -31.72306990547704 ], [ -60.448161904321374, -31.718471131065357 ], [ -60.448161249837504, -31.718335092304631 ], [ -60.445836503351252, -31.718696965855052 ], [ -60.442448839080114, -31.719225174230811 ], [ -60.442699129796864, -31.720435342943908 ], [ -60.443503608232653, -31.72410671009731 ], [ -60.446573365633199, -31.723641604173313 ], [ -60.448448392075498, -31.72333533795625 ], [ -60.449153029814049, -31.723232305315086 ] ] ] } },
{ "type": "Feature", "properties": { "ogc_fid": 345, "sec": 14.0, "gru": 277.0, "etiq": "14-277" }, "geometry": { "type": "Polygon", "coordinates": [ [ [ -60.4366858007294, -31.720123533295851 ], [ -60.43672641246377, -31.720311322498958 ], [ -60.437653145787465, -31.724838141786108 ], [ -60.437685674398885, -31.724992811405585 ], [ -60.438832073123351, -31.724814354458037 ], [ -60.443503608232653, -31.72410671009731 ], [ -60.442699129796864, -31.720435342943908 ], [ -60.442448839080114, -31.719225174230811 ], [ -60.4366858007294, -31.720123533295851 ] ] ] } },
{ "type": "Feature", "properties": { "ogc_fid": 346, "sec": 14.0, "gru": 302.0, "etiq": "14-302" }, "geometry": { "type": "Polygon", "coordinates": [ [ [ -60.432053262922402, -31.725869434976037 ], [ -60.437685674398885, -31.724992811405585 ], [ -60.437653145787465, -31.724838141786108 ], [ -60.43672641246377, -31.720311322498958 ], [ -60.4366858007294, -31.720123533295851 ], [ -60.431072458203168, -31.720998290604307 ], [ -60.432053262922402, -31.725869434976037 ] ] ] } },
{ "type": "Feature", "properties": { "ogc_fid": 347, "sec": 14.0, "gru": 314.0, "etiq": "14-314" }, "geometry": { "type": "Polygon", "coordinates": [ [ [ -60.431072458203168, -31.720998290604307 ], [ -60.427608368260096, -31.721537986996537 ], [ -60.425348253605122, -31.721897436549138 ], [ -60.42635244537999, -31.726736712085646 ], [ -60.428960324859077, -31.726350704420931 ], [ -60.432053262922402, -31.725869434976037 ], [ -60.431072458203168, -31.720998290604307 ] ] ] } },
{ "type": "Feature", "properties": { "ogc_fid": 349, "sec": 14.0, "gru": 141.0, "etiq": "14-141" }, "geometry": { "type": "Polygon", "coordinates": [ [ [ -60.458484684559885, -31.711805727837909 ], [ -60.459314713339765, -31.715633712347035 ], [ -60.459523253120679, -31.716626312776935 ], [ -60.460985233078773, -31.716406489966122 ], [ -60.465168281350145, -31.715765101523306 ], [ -60.464454816406999, -31.71254792684072 ], [ -60.46410283336558, -31.71092382393018 ], [ -60.463133813534832, -31.711069056833367 ], [ -60.458484684559885, -31.711805727837909 ] ] ] } },
{ "type": "Feature", "properties": { "ogc_fid": 350, "sec": 14.0, "gru": 176.0, "etiq": "14-176" }, "geometry": { "type": "Polygon", "coordinates": [ [ [ -60.452848502258753, -31.712647308424 ], [ -60.45286286505916, -31.712714215135652 ], [ -60.453849876389306, -31.717479191440798 ], [ -60.459523253120679, -31.716626312776935 ], [ -60.459314713339765, -31.715633712347035 ], [ -60.458484684559885, -31.711805727837909 ], [ -60.457220253496729, -31.712006050143369 ], [ -60.453130436874744, -31.712666353295511 ], [ -60.452848502258753, -31.712647308424 ] ] ] } },
{ "type": "Feature", "properties": { "ogc_fid": 351, "sec": 14.0, "gru": 214.0, "etiq": "14-214" }, "geometry": { "type": "Polygon", "coordinates": [ [ [ -60.448161249837504, -31.718335092304631 ], [ -60.448345736853888, -31.718306372843767 ], [ -60.453849876389306, -31.717479191440798 ], [ -60.45286286505916, -31.712714215135652 ], [ -60.452848502258753, -31.712647308424 ], [ -60.452701177574781, -31.712637356291907 ], [ -60.44712940720526, -31.713506868999438 ], [ -60.448160228269565, -31.718122750871352 ], [ -60.448161249837504, -31.718335092304631 ] ] ] } },
{ "type": "Feature", "properties": { "ogc_fid": 352, "sec": 14.0, "gru": 259.0, "etiq": "14-259" }, "geometry": { "type": "Polygon", "coordinates": [ [ [ -60.441370227753993, -31.714388355503406 ], [ -60.441482070546357, -31.714550486507925 ], [ -60.442448839080114, -31.719225174230811 ], [ -60.445836503351252, -31.718696965855052 ], [ -60.448161249837504, -31.718335092304631 ], [ -60.448160228269565, -31.718122750871352 ], [ -60.44712940720526, -31.713506868999438 ], [ -60.446698008189038, -31.713574180936529 ], [ -60.441644456716816, -31.714328831911825 ], [ -60.441370227753993, -31.714388355503406 ] ] ] } },
{ "type": "Feature", "properties": { "ogc_fid": 353, "sec": 14.0, "gru": 278.0, "etiq": "14-278" }, "geometry": { "type": "Polygon", "coordinates": [ [ [ -60.435645209649046, -31.715295060336668 ], [ -60.435680400897709, -31.715467202661575 ], [ -60.435706959731029, -31.715597118020316 ], [ -60.4366858007294, -31.720123533295851 ], [ -60.442448839080114, -31.719225174230811 ], [ -60.441482070546357, -31.714550486507925 ], [ -60.441370227753993, -31.714388355503406 ], [ -60.441072875073893, -31.714452897531707 ], [ -60.435645209649046, -31.715295060336668 ] ] ] } },
{ "type": "Feature", "properties": { "ogc_fid": 319, "sec": 14.0, "gru": 311.0, "etiq": "14-311" }, "geometry": { "type": "Polygon", "coordinates": [ [ [ -60.433958785346995, -31.735579361345888 ], [ -60.428042686545133, -31.736448837854518 ], [ -60.428095161056604, -31.736551495793922 ], [ -60.428096714815069, -31.736555725807115 ], [ -60.428108066016428, -31.736593998122242 ], [ -60.428114953086613, -31.736627595829155 ], [ -60.428119298280471, -31.736654591538496 ], [ -60.428122080534038, -31.736695102159413 ], [ -60.428114982565305, -31.73674414136341 ], [ -60.428108975548938, -31.736773408425439 ], [ -60.428101268014316, -31.736806928896385 ], [ -60.428091218190112, -31.736847419489635 ], [ -60.428077716565035, -31.736889968867469 ], [ -60.428059958427852, -31.736931693822559 ], [ -60.428039218194627, -31.736969767293381 ], [ -60.428018900892617, -31.737005729019472 ], [ -60.427974266188443, -31.737072931199624 ], [ -60.427956065514962, -31.737105639160248 ], [ -60.427940394606637, -31.737137725368317 ], [ -60.427928261757302, -31.737170449024415 ], [ -60.427916124690093, -31.737204552518573 ], [ -60.427888636119974, -31.737273663122995 ], [ -60.427870906652359, -31.737307884590948 ], [ -60.427852454609187, -31.73733872655766 ], [ -60.427821895869528, -31.737373559249676 ], [ -60.427807527356535, -31.737390553176823 ], [ -60.427795604950333, -31.737407087968517 ], [ -60.427789270344682, -31.737420213060631 ], [ -60.427788616931224, -31.737434175837517 ], [ -60.427791737033928, -31.737456377843714 ], [ -60.427796579636635, -31.737483696556012 ], [ -60.427800893289444, -31.73751072845263 ], [ -60.427804787993502, -31.737538447158556 ], [ -60.427807453996877, -31.737569759337582 ], [ -60.427804812737421, -31.737601233626737 ], [ -60.427800146971315, -31.737628467014428 ], [ -60.427795943898218, -31.737655347128644 ], [ -60.427786708866662, -31.737717037368874 ], [ -60.427780456772986, -31.737750417654283 ], [ -60.427767920410332, -31.737791809391421 ], [ -60.427759245255857, -31.737816891802552 ], [ -60.427744098863805, -31.737850635620916 ], [ -60.427727366179681, -31.737890535353781 ], [ -60.427715531713417, -31.737926225060054 ], [ -60.427712911822042, -31.737953172005028 ], [ -60.427711923615959, -31.737981547409774 ], [ -60.427704410375306, -31.738013768540835 ], [ -60.427687786845574, -31.738045280729803 ], [ -60.427666972489178, -31.738071900935012 ], [ -60.427645579952681, -31.738096710365561 ], [ -60.427626734202626, -31.738117705455434 ], [ -60.4276080646897, -31.738138014547914 ], [ -60.427586405975987, -31.738160020119214 ], [ -60.427561942371348, -31.738182495038398 ], [ -60.42753530955666, -31.7382059872977 ], [ -60.427504672225965, -31.738226093023172 ], [ -60.427476712959425, -31.738243394034889 ], [ -60.427445787229907, -31.73825815276447 ], [ -60.427411687133343, -31.73827105531026 ], [ -60.427375241565493, -31.738281061766774 ], [ -60.427342328751806, -31.738288242606529 ], [ -60.427310187221885, -31.738293328568197 ], [ -60.427213330369028, -31.738310977746536 ], [ -60.427181479042318, -31.738317217066403 ], [ -60.427147816053605, -31.738324201964275 ], [ -60.427113851875568, -31.73832994331465 ], [ -60.427082511614124, -31.738334873219813 ], [ -60.427056194026562, -31.738339705120953 ], [ -60.427011063418156, -31.738347404793387 ], [ -60.426972268229413, -31.738353622233966 ], [ -60.42693224376, -31.7383587164727 ], [ -60.426889646654267, -31.738357398169661 ], [ -60.426851782392418, -31.738352609929223 ], [ -60.426804027269391, -31.738333380166221 ], [ -60.426759052356296, -31.738301388967212 ], [ -60.426734168080301, -31.738280495342412 ], [ -60.426709203373683, -31.738258168046094 ], [ -60.426687160895852, -31.73823334186514 ], [ -60.426671925555453, -31.738210945913565 ], [ -60.42665475165434, -31.73818693312619 ], [ -60.426634518948326, -31.738156338078291 ], [ -60.426615237407844, -31.738123746762408 ], [ -60.426582882558989, -31.738066163944218 ], [ -60.426569519323365, -31.738040082179758 ], [ -60.426555833428374, -31.73801497548785 ], [ -60.426544458241082, -31.737987489204624 ], [ -60.426528430320033, -31.737934893048518 ], [ -60.426512007417671, -31.737895122468831 ], [ -60.426500634417259, -31.737872713569459 ], [ -60.426488586404311, -31.737848079366962 ], [ -60.426474404068301, -31.737820557377937 ], [ -60.426459591850985, -31.737793749953578 ], [ -60.426446626314117, -31.737776144201192 ], [ -60.426438434767711, -31.737768659228699 ], [ -60.426420491482247, -31.737763254075297 ], [ -60.426378345673442, -31.737768247015357 ], [ -60.426344521268312, -31.737774519782182 ], [ -60.426263495880164, -31.737792611292718 ], [ -60.426225326875979, -31.737801874652366 ], [ -60.426193976473762, -31.737811475937598 ], [ -60.426169059993349, -31.737820370297801 ], [ -60.426146054778613, -31.73783183754356 ], [ -60.426120952189024, -31.737848488396754 ], [ -60.426093589704202, -31.73786709478895 ], [ -60.426063157166972, -31.737888182498065 ], [ -60.42602114713096, -31.737911329036812 ], [ -60.425974594362422, -31.737928764019816 ], [ -60.425928225362505, -31.737942545893336 ], [ -60.42588681232818, -31.737950882072944 ], [ -60.425853087416399, -31.73795816444532 ], [ -60.425827228538878, -31.737964067757353 ], [ -60.425803794995673, -31.737974192621284 ], [ -60.425778258412315, -31.737990574303161 ], [ -60.425747133251647, -31.7380125300236 ], [ -60.425709830031352, -31.738035768958074 ], [ -60.425674986979907, -31.738054697856857 ], [ -60.425642626821656, -31.738071977093252 ], [ -60.425616090977172, -31.738084466103036 ], [ -60.425573573921078, -31.738102933604441 ], [ -60.425519239786659, -31.738119537650736 ], [ -60.425468053647066, -31.738129935479201 ], [ -60.425433833365418, -31.73813506398151 ], [ -60.425399131119164, -31.738145569088605 ], [ -60.42538037154597, -31.738155515941482 ], [ -60.425364496537441, -31.738168573553146 ], [ -60.425349137937552, -31.738186102598039 ], [ -60.425333483567208, -31.738205878225948 ], [ -60.425319063804949, -31.738225640713328 ], [ -60.425305884544116, -31.738246679681382 ], [ -60.425294068295919, -31.738268092875174 ], [ -60.425286271487309, -31.738284631702527 ], [ -60.425283655131565, -31.738310198763003 ], [ -60.425286230510721, -31.738331094970889 ], [ -60.425362848537652, -31.738516881186243 ], [ -60.425372482305761, -31.738535147497192 ], [ -60.425384889568775, -31.73855530744617 ], [ -60.425400820639325, -31.738577593007939 ], [ -60.425420175847449, -31.738603285135813 ], [ -60.425444838106394, -31.738628752119887 ], [ -60.425475678592427, -31.738655271670599 ], [ -60.425506596962315, -31.738680357017792 ], [ -60.425540330724083, -31.738702646251301 ], [ -60.425579574439439, -31.738725232722778 ], [ -60.42562047239096, -31.738749563239537 ], [ -60.42565942632055, -31.738773386183393 ], [ -60.425700707180077, -31.738798364724527 ], [ -60.425740405778122, -31.738823483814667 ], [ -60.425830397244674, -31.738875841972252 ], [ -60.425877434621299, -31.738904246274245 ], [ -60.425966069262401, -31.738962164242174 ], [ -60.426007476424772, -31.738993951200197 ], [ -60.426042885563092, -31.739020247914393 ], [ -60.426080394224591, -31.739041820942919 ], [ -60.426118470933041, -31.73906299524857 ], [ -60.426155980295903, -31.739080104112777 ], [ -60.426195497082873, -31.739097729323593 ], [ -60.426234085658812, -31.739115447811017 ], [ -60.426275671448053, -31.739130901645833 ], [ -60.426321914593167, -31.739147124493854 ], [ -60.426369054386484, -31.739165571885643 ], [ -60.426416170142232, -31.739185678737492 ], [ -60.426459971949519, -31.739205706476373 ], [ -60.426501404014147, -31.739224443471826 ], [ -60.426540973758989, -31.739244386142211 ], [ -60.426580579531866, -31.739262975910101 ], [ -60.426623919735675, -31.739283582318684 ], [ -60.426668516395495, -31.739304328801328 ], [ -60.42671198993699, -31.739324086997726 ], [ -60.426750576172552, -31.739343554916687 ], [ -60.426782366342593, -31.739360718819047 ], [ -60.4268101385493, -31.739373864916693 ], [ -60.426839737836097, -31.739387320535155 ], [ -60.426872485778858, -31.739401622354293 ], [ -60.426906253160254, -31.739419609301279 ], [ -60.426938499465173, -31.739439576378096 ], [ -60.426968591570919, -31.739461534725454 ], [ -60.426996326118086, -31.739487162460179 ], [ -60.427020063460709, -31.739513299597373 ], [ -60.427040612517324, -31.739539149804063 ], [ -60.42705753346204, -31.739565454069524 ], [ -60.427075402013685, -31.739591286197051 ], [ -60.427097588768177, -31.739622163207905 ], [ -60.427121666553909, -31.739658084215765 ], [ -60.427146012152818, -31.739699469509173 ], [ -60.427169593299126, -31.739744437689243 ], [ -60.427190753906039, -31.739788548205844 ], [ -60.427210428573538, -31.739830796878014 ], [ -60.427225149774117, -31.739872142269107 ], [ -60.427233029701704, -31.739908243810937 ], [ -60.427237993542143, -31.739943588558635 ], [ -60.427241462613075, -31.739979749978552 ], [ -60.427242661054962, -31.740017830924117 ], [ -60.4272442746216, -31.740058985773121 ], [ -60.427242994276931, -31.740101917941924 ], [ -60.427233874751877, -31.740145219091879 ], [ -60.427222685118451, -31.740183548989883 ], [ -60.42720535545174, -31.740249865717434 ], [ -60.427200565440529, -31.740275385982443 ], [ -60.427197066643302, -31.740304022306518 ], [ -60.427191846903696, -31.740334783737396 ], [ -60.427180723153867, -31.740371381865426 ], [ -60.427165347298256, -31.740410447266122 ], [ -60.427147131220572, -31.740451497227326 ], [ -60.427126998310982, -31.740488783893401 ], [ -60.427106848542053, -31.740524699806627 ], [ -60.42708893348513, -31.740555467704819 ], [ -60.427072971941307, -31.740584199900297 ], [ -60.427056450958759, -31.74061750632799 ], [ -60.427038918706501, -31.740653512661812 ], [ -60.427018369925513, -31.74069218052804 ], [ -60.426988912349103, -31.740751115665471 ], [ -60.426973810118803, -31.740780846018005 ], [ -60.426940138716667, -31.740848308688115 ], [ -60.426927324240893, -31.740879853099699 ], [ -60.426919428450091, -31.74091160649424 ], [ -60.426916282718103, -31.740939015114996 ], [ -60.426919155013621, -31.740962426434717 ], [ -60.426922668345995, -31.740987549114276 ], [ -60.426932940682342, -31.741039073239545 ], [ -60.426937635735754, -31.741068746281957 ], [ -60.426940759190494, -31.741098595939825 ], [ -60.426942505804249, -31.741125068287513 ], [ -60.426945604196028, -31.741147153134808 ], [ -60.426952941174719, -31.741179919675499 ], [ -60.426959417928046, -31.741197700416986 ], [ -60.426977564176802, -31.741217290845416 ], [ -60.426997728732253, -31.741242060123188 ], [ -60.427010322327874, -31.741254373217043 ], [ -60.42703017801653, -31.741267022714268 ], [ -60.427056896814214, -31.741287350974758 ], [ -60.427155201145787, -31.741398155995334 ], [ -60.427179043935404, -31.741424157461882 ], [ -60.427196769772756, -31.741446400694233 ], [ -60.42721396962235, -31.741466706718448 ], [ -60.427241144815277, -31.741496104792404 ], [ -60.427497038344711, -31.741782839533712 ], [ -60.43484531235395, -31.74077041469495 ], [ -60.435076872379945, -31.740737735581803 ], [ -60.433958785346995, -31.735579361345888 ] ] ] } },
{ "type": "Feature", "properties": { "ogc_fid": 320, "sec": 14.0, "gru": 299.0, "etiq": "14-299" }, "geometry": { "type": "Polygon", "coordinates": [ [ [ -60.435076872379945, -31.740737735581803 ], [ -60.437007741185703, -31.740465222763753 ], [ -60.438551757435562, -31.740221085791944 ], [ -60.44085098763599, -31.73990749648646 ], [ -60.440052129729388, -31.736012794853576 ], [ -60.439780864050697, -31.734776155450724 ], [ -60.433958785346995, -31.735579361345888 ], [ -60.435076872379945, -31.740737735581803 ] ] ] } },
{ "type": "Feature", "properties": { "ogc_fid": 321, "sec": 14.0, "gru": 274.0, "etiq": "14-274" }, "geometry": { "type": "Polygon", "coordinates": [ [ [ -60.44550426476426, -31.733753312633503 ], [ -60.439780864050697, -31.734776155450724 ], [ -60.440052129729388, -31.736012794853576 ], [ -60.44085098763599, -31.73990749648646 ], [ -60.441160949062706, -31.7397529157249 ], [ -60.446532872850263, -31.738911477413616 ], [ -60.445801978874535, -31.73525428728 ], [ -60.44550426476426, -31.733753312633503 ] ] ] } },
{ "type": "Feature", "properties": { "ogc_fid": 354, "sec": 14.0, "gru": 303.0, "etiq": "14-303" }, "geometry": { "type": "Polygon", "coordinates": [ [ [ -60.431072458203168, -31.720998290604307 ], [ -60.4366858007294, -31.720123533295851 ], [ -60.435706959731029, -31.715597118020316 ], [ -60.435680400897709, -31.715467202661575 ], [ -60.430271405688629, -31.716263128493804 ], [ -60.430056286959299, -31.716286119979284 ], [ -60.430229038060169, -31.716877143330205 ], [ -60.431059235336491, -31.720932615870652 ], [ -60.431072458203168, -31.720998290604307 ] ] ] } },
{ "type": "Feature", "properties": { "ogc_fid": 355, "sec": 14.0, "gru": 304.0, "etiq": "14-304" }, "geometry": { "type": "Polygon", "coordinates": [ [ [ -60.429061734510185, -31.711428508021001 ], [ -60.430056286959299, -31.716286119979284 ], [ -60.430271405688629, -31.716263128493804 ], [ -60.435680400897709, -31.715467202661575 ], [ -60.435645209649046, -31.715295060336668 ], [ -60.434972087340029, -31.712002270683708 ], [ -60.434659456082983, -31.710521385143945 ], [ -60.429061734510185, -31.711428508021001 ] ] ] } },
{ "type": "Feature", "properties": { "ogc_fid": 356, "sec": 14.0, "gru": 279.0, "etiq": "14-279" }, "geometry": { "type": "Polygon", "coordinates": [ [ [ -60.435645209649046, -31.715295060336668 ], [ -60.441072875073893, -31.714452897531707 ], [ -60.441370227753993, -31.714388355503406 ], [ -60.441262013213027, -31.714231483490924 ], [ -60.44027098948969, -31.709565105970107 ], [ -60.439895879857744, -31.709623913686688 ], [ -60.435842089123753, -31.710274970817558 ], [ -60.434775664412371, -31.710435399210368 ], [ -60.434659456082983, -31.710521385143945 ], [ -60.434972087340029, -31.712002270683708 ], [ -60.435645209649046, -31.715295060336668 ] ] ] } },
{ "type": "Feature", "properties": { "ogc_fid": 357, "sec": 14.0, "gru": 260.0, "etiq": "14-260" }, "geometry": { "type": "Polygon", "coordinates": [ [ [ -60.441370227753993, -31.714388355503406 ], [ -60.441644456716816, -31.714328831911825 ], [ -60.446698008189038, -31.713574180936529 ], [ -60.44712940720526, -31.713506868999438 ], [ -60.44662256589212, -31.711237122963468 ], [ -60.446074691344755, -31.708655082233214 ], [ -60.44027098948969, -31.709565105970107 ], [ -60.441262013213027, -31.714231483490924 ], [ -60.441370227753993, -31.714388355503406 ] ] ] } },
{ "type": "Feature", "properties": { "ogc_fid": 358, "sec": 14.0, "gru": 215.0, "etiq": "14-215" }, "geometry": { "type": "Polygon", "coordinates": [ [ [ -60.446074691344755, -31.708655082233214 ], [ -60.44662256589212, -31.711237122963468 ], [ -60.44712940720526, -31.713506868999438 ], [ -60.452701177574781, -31.712637356291907 ], [ -60.452848502258753, -31.712647308424 ], [ -60.451893463249604, -31.708198190923696 ], [ -60.451810875735987, -31.707804963170453 ], [ -60.451601318858039, -31.707805705504271 ], [ -60.446428703851943, -31.708599563761556 ], [ -60.446074691344755, -31.708655082233214 ] ] ] } },
{ "type": "Feature", "properties": { "ogc_fid": 359, "sec": 14.0, "gru": 177.0, "etiq": "14-177" }, "geometry": { "type": "Polygon", "coordinates": [ [ [ -60.458484684559885, -31.711805727837909 ], [ -60.458455717618747, -31.711672130087194 ], [ -60.457472529176144, -31.706945997784103 ], [ -60.456915144574438, -31.707033236918658 ], [ -60.452006987357208, -31.707804268153129 ], [ -60.451810875735987, -31.707804963170453 ], [ -60.451893463249604, -31.708198190923696 ], [ -60.452848502258753, -31.712647308424 ], [ -60.453130436874744, -31.712666353295511 ], [ -60.457220253496729, -31.712006050143369 ], [ -60.458484684559885, -31.711805727837909 ] ] ] } },
{ "type": "Feature", "properties": { "ogc_fid": 360, "sec": 14.0, "gru": 142.0, "etiq": "14-142" }, "geometry": { "type": "Polygon", "coordinates": [ [ [ -60.457472529176144, -31.706945997784103 ], [ -60.458455717618747, -31.711672130087194 ], [ -60.458484684559885, -31.711805727837909 ], [ -60.463133813534832, -31.711069056833367 ], [ -60.46410283336558, -31.71092382393018 ], [ -60.463051542798368, -31.706072654604203 ], [ -60.457472529176144, -31.706945997784103 ] ] ] } },
{ "type": "Feature", "properties": { "ogc_fid": 322, "sec": 14.0, "gru": 312.0, "etiq": "14-312" }, "geometry": { "type": "Polygon", "coordinates": [ [ [ -60.421599168493174, -31.732342379980597 ], [ -60.420834536952114, -31.732446467273604 ], [ -60.420848010363052, -31.732516152707397 ], [ -60.420852741927106, -31.732561436886702 ], [ -60.420848873641745, -31.732611421031152 ], [ -60.420839478584135, -31.732657301980037 ], [ -60.420826240617323, -31.732695755373879 ], [ -60.420809173751046, -31.732725211950711 ], [ -60.420783673696405, -31.732749555835191 ], [ -60.420747723636531, -31.732770822836883 ], [ -60.420703427980882, -31.732790016070215 ], [ -60.420662838954463, -31.732809837366727 ], [ -60.420624965688596, -31.732830515461785 ], [ -60.420585921662287, -31.732848978863991 ], [ -60.420543648622655, -31.732867434871249 ], [ -60.42050139492099, -31.73288316722126 ], [ -60.420460527025192, -31.732897334789609 ], [ -60.420416599402245, -31.732909257818509 ], [ -60.420373492330505, -31.732925299569175 ], [ -60.420328045741819, -31.732944361191159 ], [ -60.420244597517389, -31.73298141369699 ], [ -60.420210363814924, -31.732999581551496 ], [ -60.420177055522977, -31.733021723493678 ], [ -60.420142786846668, -31.733046177322514 ], [ -60.420110525318371, -31.733071129561093 ], [ -60.420079924741415, -31.733092351687116 ], [ -60.420054976125634, -31.733115025190642 ], [ -60.420032836606239, -31.733140530251724 ], [ -60.420005867247241, -31.733166718591622 ], [ -60.419986947939961, -31.733206660630128 ], [ -60.419979223464892, -31.733251047960845 ], [ -60.419979036034206, -31.73329137017954 ], [ -60.419985260436285, -31.733330823533965 ], [ -60.4200006463386, -31.733361399575404 ], [ -60.420027996744416, -31.733386912896883 ], [ -60.420051921456604, -31.733410922398384 ], [ -60.420077114124595, -31.733430625903907 ], [ -60.420103438056913, -31.733446132085025 ], [ -60.42013797014517, -31.733458968791386 ], [ -60.42018185278237, -31.733469745506561 ], [ -60.420234164549896, -31.733480052510359 ], [ -60.420288723874677, -31.733492678847771 ], [ -60.420343745097355, -31.733507107333281 ], [ -60.4203989056316, -31.733522004296084 ], [ -60.420451185829251, -31.733536991902696 ], [ -60.420501281683308, -31.73354729708765 ], [ -60.420545115433001, -31.733554240986919 ], [ -60.420579073815823, -31.733559188301069 ], [ -60.420614730234206, -31.733566276399422 ], [ -60.420656773525245, -31.733571638917315 ], [ -60.42070564594129, -31.733577402748526 ], [ -60.420757574517104, -31.73358228168016 ], [ -60.420812181822015, -31.733586818063031 ], [ -60.420867919626026, -31.733589330551361 ], [ -60.420927745048871, -31.733592704308016 ], [ -60.420983804050742, -31.73359157222146 ], [ -60.421033204463697, -31.733588081228771 ], [ -60.421071527702388, -31.733585185957587 ], [ -60.421170963794836, -31.733571681429385 ], [ -60.42120772839764, -31.733567140886937 ], [ -60.421247766038874, -31.73356534015107 ], [ -60.421291515974247, -31.733563076208561 ], [ -60.421335202780007, -31.733558521767414 ], [ -60.421382926357865, -31.733555252625766 ], [ -60.421431015070105, -31.733548726589962 ], [ -60.421470688044487, -31.733540965778744 ], [ -60.42183787902681, -31.733355638901493 ], [ -60.42185870097012, -31.733330552740785 ], [ -60.421883392436513, -31.733295461299697 ], [ -60.421897518440424, -31.733276078934296 ], [ -60.421912348286959, -31.733253673048694 ], [ -60.421927058300973, -31.733228111092131 ], [ -60.421941845202824, -31.733200889480077 ], [ -60.421959229874609, -31.733169438620401 ], [ -60.421972935188933, -31.733136403669519 ], [ -60.421990365322458, -31.733103347366502 ], [ -60.42200487053239, -31.733067532073644 ], [ -60.422017382302002, -31.733029595019413 ], [ -60.422023870648488, -31.732994401487051 ], [ -60.422029504603479, -31.732959282930956 ], [ -60.422041681868649, -31.73292437718877 ], [ -60.422064150613551, -31.732887832078386 ], [ -60.422094199448949, -31.732849764795141 ], [ -60.422127333250643, -31.732810199239516 ], [ -60.422165007943839, -31.732769076476004 ], [ -60.422201787442141, -31.732730671227376 ], [ -60.42223505133844, -31.732694216586246 ], [ -60.422269187099182, -31.732661546807236 ], [ -60.422308720136193, -31.732630013501243 ], [ -60.422351848105265, -31.732602400325725 ], [ -60.42243447642975, -31.732552353539802 ], [ -60.422475310917513, -31.732528598812394 ], [ -60.422518831805711, -31.7325062059749 ], [ -60.422562831465058, -31.732480032794466 ], [ -60.422612258320129, -31.732452290426689 ], [ -60.422662722420327, -31.732422921274807 ], [ -60.422711983758106, -31.732391274417779 ], [ -60.422752347144808, -31.732359079871834 ], [ -60.42278464979757, -31.732334099775073 ], [ -60.422813457746066, -31.732311016124047 ], [ -60.422843011607029, -31.732289535280536 ], [ -60.422876310811866, -31.7322725602601 ], [ -60.422909849537845, -31.732259534528218 ], [ -60.422950355994274, -31.732249569985161 ], [ -60.422997229091067, -31.732242749785392 ], [ -60.423042737435878, -31.732237476257225 ], [ -60.423087877975668, -31.732237182131723 ], [ -60.42312897077344, -31.732240148078439 ], [ -60.423163657380918, -31.732245200511034 ], [ -60.423199133697501, -31.73225684281708 ], [ -60.423235362802529, -31.732271593987253 ], [ -60.423268755957793, -31.732291549205986 ], [ -60.42329949658275, -31.732315273928833 ], [ -60.423328438416597, -31.732340231130873 ], [ -60.423355854853831, -31.732368530228264 ], [ -60.423382559504006, -31.732400412018166 ], [ -60.423411966529393, -31.732434837053404 ], [ -60.423480490572665, -31.732518039308079 ], [ -60.423518354699617, -31.732560471679395 ], [ -60.42355228047002, -31.732602366999423 ], [ -60.423620141663768, -31.732688258883357 ], [ -60.423652688785943, -31.732730943364572 ], [ -60.423684914330103, -31.732772519633691 ], [ -60.423711370953384, -31.732814773420511 ], [ -60.423735222284172, -31.732854943576861 ], [ -60.423752131393655, -31.732897670999787 ], [ -60.423766319447914, -31.732945340571806 ], [ -60.423780065973993, -31.732993372348783 ], [ -60.423795267379184, -31.73304342844288 ], [ -60.423808757482902, -31.733093075375141 ], [ -60.423819566890316, -31.733142622997583 ], [ -60.423827928441796, -31.733187588355637 ], [ -60.423835492110975, -31.733231131447244 ], [ -60.423839394716822, -31.733274794933994 ], [ -60.423837030962737, -31.733318821960001 ], [ -60.423830285471865, -31.733362286373858 ], [ -60.42382095480076, -31.7334034596728 ], [ -60.423809326151648, -31.733442845935812 ], [ -60.423790978652725, -31.733480559064752 ], [ -60.423772696547289, -31.733516414168143 ], [ -60.423762387577725, -31.733551313857848 ], [ -60.423764845520076, -31.733588245349026 ], [ -60.423768800790384, -31.733629572876158 ], [ -60.423768083249001, -31.733671303733384 ], [ -60.423765107554374, -31.73371535984554 ], [ -60.423760397208461, -31.733756202129996 ], [ -60.423756740635845, -31.733794407516736 ], [ -60.423755048976176, -31.733828457873269 ], [ -60.423751855676286, -31.733857165268123 ], [ -60.423746711343327, -31.733918580128741 ], [ -60.423741152918275, -31.733951615234169 ], [ -60.423735344847387, -31.733987762541972 ], [ -60.423737182755509, -31.73402989073227 ], [ -60.423741192765704, -31.734071650962029 ], [ -60.423745317011473, -31.734108369485931 ], [ -60.423750479320049, -31.734138997089854 ], [ -60.423759262648105, -31.734186197623796 ], [ -60.423770654113909, -31.734210590789054 ], [ -60.423788481054451, -31.734230029451638 ], [ -60.423810724228147, -31.734248326118124 ], [ -60.423836197400796, -31.734264519754397 ], [ -60.423859007124008, -31.73427745755626 ], [ -60.423889981441356, -31.734289754944587 ], [ -60.423928168483364, -31.734300937100429 ], [ -60.423969547829223, -31.734308690625273 ], [ -60.424006347743891, -31.734316504463436 ], [ -60.424071997402379, -31.734328875836301 ], [ -60.42411079590665, -31.734330658655676 ], [ -60.424180210200326, -31.734328569854938 ], [ -60.424217502201671, -31.734328581016726 ], [ -60.424257920092089, -31.734324487376721 ], [ -60.424303885010509, -31.734319626724719 ], [ -60.424358368831804, -31.734310832695179 ], [ -60.424419726517975, -31.734298354253809 ], [ -60.424482412947896, -31.734281064512633 ], [ -60.424540918992797, -31.734261101160744 ], [ -60.424590815538494, -31.734239092214558 ], [ -60.424627481498725, -31.734222159634935 ], [ -60.424658918922034, -31.734206416866606 ], [ -60.424691242427969, -31.734190608008738 ], [ -60.424725800058802, -31.734174151386465 ], [ -60.424763629032519, -31.734160037673668 ], [ -60.424807704810775, -31.734148202839584 ], [ -60.424859581770917, -31.734139345137137 ], [ -60.424915725412248, -31.734131266814821 ], [ -60.424967918532793, -31.734124635576688 ], [ -60.425016011388351, -31.734119010021839 ], [ -60.425068010427154, -31.734113786271433 ], [ -60.425118372723759, -31.734108315441873 ], [ -60.425172377440951, -31.734103256310146 ], [ -60.425229828413201, -31.734099556465519 ], [ -60.425289542401359, -31.734096913223503 ], [ -60.425345670753359, -31.734097050590076 ], [ -60.425395779725058, -31.73409618893503 ], [ -60.425444735006934, -31.734096873269763 ], [ -60.425495863042563, -31.734095025160439 ], [ -60.425551169187685, -31.734088428383668 ], [ -60.425604085594941, -31.734083066074799 ], [ -60.425654443679974, -31.734078992910671 ], [ -60.425702085153446, -31.734071591965947 ], [ -60.425748262964518, -31.734064872277902 ], [ -60.425792128949325, -31.734060270618393 ], [ -60.425831335833188, -31.734056766726408 ], [ -60.425869454325969, -31.734055241504098 ], [ -60.425910006896288, -31.734052950585134 ], [ -60.425950835830953, -31.734048791906286 ], [ -60.425989106357122, -31.734043595622577 ], [ -60.426024003841711, -31.734034595788788 ], [ -60.426060632530586, -31.734018817286994 ], [ -60.426095053649796, -31.734000268465774 ], [ -60.426131504423147, -31.733980206764901 ], [ -60.426168577219705, -31.73396002573368 ], [ -60.4261996113514, -31.733941551338408 ], [ -60.426225360607567, -31.733925782112983 ], [ -60.426248847029882, -31.733913609801228 ], [ -60.426293242988478, -31.733893413261516 ], [ -60.426318489285187, -31.733880730016498 ], [ -60.426349509029521, -31.733863734662116 ], [ -60.426385403592654, -31.733846668881593 ], [ -60.426421734643469, -31.733832749076935 ], [ -60.426454530400235, -31.73382337738142 ], [ -60.426490177062966, -31.733816701679125 ], [ -60.426524745809772, -31.733807378143698 ], [ -60.426544104711319, -31.73380178503669 ], [ -60.426607380067317, -31.733772705140883 ], [ -60.426638742186206, -31.733770571010034 ], [ -60.426647712963941, -31.733763957498123 ], [ -60.426692492930968, -31.733753905313801 ], [ -60.426742013013509, -31.733753532099321 ], [ -60.42678079755607, -31.733770726720081 ], [ -60.426809347310652, -31.733788117934537 ], [ -60.426842848439158, -31.733810624070578 ], [ -60.426869266803763, -31.733818841606269 ], [ -60.426897043025619, -31.733819415944033 ], [ -60.426937293801281, -31.733815772939053 ], [ -60.426983972357597, -31.733823949640005 ], [ -60.427020805531406, -31.733843603748191 ], [ -60.427054862715416, -31.733872294635592 ], [ -60.427073401366165, -31.733885724150493 ], [ -60.427094413027142, -31.733897675365203 ], [ -60.427135566993655, -31.733922987578872 ], [ -60.427172963596576, -31.733966529681588 ], [ -60.427186160964347, -31.734025547410148 ], [ -60.427190175663171, -31.734054194651979 ], [ -60.427192952907653, -31.734077624347005 ], [ -60.427196300013343, -31.734112559699462 ], [ -60.427198451915828, -31.734151485221282 ], [ -60.427193966062099, -31.734201832336531 ], [ -60.427179510603892, -31.734248091424938 ], [ -60.42717501285918, -31.734272853180251 ], [ -60.427162163669607, -31.734317321225809 ], [ -60.427132268693924, -31.734358671893833 ], [ -60.427106888092645, -31.734381185881094 ], [ -60.427085629411486, -31.734400520568578 ], [ -60.427064145689279, -31.734421407183305 ], [ -60.427040321730694, -31.734442815688169 ], [ -60.427015985419764, -31.734465254010622 ], [ -60.426968240042022, -31.734505239524868 ], [ -60.426944064715634, -31.734525972803535 ], [ -60.426916294346938, -31.73454743057847 ], [ -60.426887457779884, -31.734568801733666 ], [ -60.426859993143395, -31.73459250407122 ], [ -60.426834638073586, -31.734613710240563 ], [ -60.426813133233026, -31.734632315210838 ], [ -60.426788342742121, -31.734654682862892 ], [ -60.426757417136663, -31.734678441859788 ], [ -60.42672671977828, -31.734701352348857 ], [ -60.426695136803993, -31.734724437146333 ], [ -60.426659564620707, -31.734747436086899 ], [ -60.426622676009302, -31.734768707877851 ], [ -60.426588174429355, -31.734788158956526 ], [ -60.426556392292618, -31.734806942576412 ], [ -60.426524351279738, -31.734829108980691 ], [ -60.426486731633339, -31.734852060614049 ], [ -60.426449011728039, -31.734871558498057 ], [ -60.426414435170869, -31.734886175881147 ], [ -60.42638201604786, -31.734897223742166 ], [ -60.426346901698295, -31.734909624362679 ], [ -60.426311779802759, -31.734918074909267 ], [ -60.426284020371092, -31.734923542764033 ], [ -60.426273173596954, -31.734926086176092 ], [ -60.426271422153782, -31.734923837416492 ], [ -60.426071136430636, -31.735008892931234 ], [ -60.426064918061307, -31.735015154499383 ], [ -60.426046485151083, -31.735031765008092 ], [ -60.426032010788589, -31.735044069490922 ], [ -60.426021403404341, -31.735055116497879 ], [ -60.426013927259589, -31.735063240072325 ], [ -60.426009217195109, -31.735069352300712 ], [ -60.426002247350148, -31.735077429089852 ], [ -60.425998713990964, -31.735084718804281 ], [ -60.425996477333427, -31.735094042358629 ], [ -60.42599410487027, -31.735105972704396 ], [ -60.425994227366829, -31.73520422851535 ], [ -60.425994425185905, -31.73521286754746 ], [ -60.425996824807164, -31.735229931488821 ], [ -60.426046059033837, -31.735533536002336 ], [ -60.426093963849858, -31.735719535082293 ], [ -60.426098039199722, -31.735726907583178 ], [ -60.426104347985884, -31.735735778701212 ], [ -60.426111724086198, -31.735744979933916 ], [ -60.426118593923654, -31.735754236969601 ], [ -60.426194697771926, -31.735841660051705 ], [ -60.426206687122168, -31.735851251683155 ], [ -60.426361663167093, -31.735985306918693 ], [ -60.426369573454508, -31.735991322829765 ], [ -60.426389212173227, -31.736007553501338 ], [ -60.426408598238801, -31.736021611564389 ], [ -60.426431291042476, -31.736036497278221 ], [ -60.426462262097566, -31.736054791324815 ], [ -60.426503508140001, -31.736074692341191 ], [ -60.426550668595993, -31.736097982530804 ], [ -60.426592723916549, -31.736121767768957 ], [ -60.426624861703196, -31.736141347511136 ], [ -60.426647817470545, -31.736156033899277 ], [ -60.4266600342362, -31.736162269856031 ], [ -60.426686380662886, -31.736163859090436 ], [ -60.426709425116066, -31.7361633580716 ], [ -60.426741936964753, -31.736160940489974 ], [ -60.426780905525902, -31.736162812106848 ], [ -60.426817333843097, -31.736169922929669 ], [ -60.426845121476696, -31.736172833019509 ], [ -60.426867948059801, -31.73617084465458 ], [ -60.426903440605194, -31.73616719053712 ], [ -60.426944466983642, -31.73616217412075 ], [ -60.426981790552503, -31.736155104867269 ], [ -60.427034225042384, -31.736143367518629 ], [ -60.427062971087473, -31.736136669682327 ], [ -60.427090647573273, -31.736129154743121 ], [ -60.427118565228952, -31.736119005597306 ], [ -60.427180838957376, -31.736096710663642 ], [ -60.427213557340558, -31.736084119438743 ], [ -60.427276364311737, -31.736063058201125 ], [ -60.427307606915676, -31.736053114310472 ], [ -60.427343480676122, -31.736042866293182 ], [ -60.427388708749625, -31.736033660095657 ], [ -60.427433317495954, -31.736025168418053 ], [ -60.427472716970328, -31.736017478803436 ], [ -60.427506076736385, -31.736013588173172 ], [ -60.427553751662195, -31.736008693555547 ], [ -60.427604625792831, -31.736008784417454 ], [ -60.427636517937664, -31.736011608416423 ], [ -60.427670334355689, -31.736017537321541 ], [ -60.427702418063092, -31.736027602490132 ], [ -60.427731933879365, -31.736039173334031 ], [ -60.427787369927842, -31.736065221997443 ], [ -60.427828035856699, -31.736094305329864 ], [ -60.427868485303577, -31.736129089046731 ], [ -60.427892349396096, -31.736155387945381 ], [ -60.427912034175613, -31.736186165012228 ], [ -60.427923096841781, -31.736216790655796 ], [ -60.427933041733461, -31.73624070129371 ], [ -60.42794452545489, -31.736264209951322 ], [ -60.427955324044568, -31.736285592550203 ], [ -60.427967529341579, -31.736307673864889 ], [ -60.427981927075678, -31.736331506417084 ], [ -60.427989472038, -31.736344731974437 ], [ -60.428042686545133, -31.736448837854518 ], [ -60.433958785346995, -31.735579361345888 ], [ -60.433052107773236, -31.730665779843111 ], [ -60.428954382054101, -31.73130270668911 ], [ -60.42735943521145, -31.731547138233537 ], [ -60.426717516393438, -31.731645508696563 ], [ -60.421599168493174, -31.732342379980597 ] ] ] } },
{ "type": "Feature", "properties": { "ogc_fid": 323, "sec": 14.0, "gru": 300.0, "etiq": "14-300" }, "geometry": { "type": "Polygon", "coordinates": [ [ [ -60.433052107773236, -31.730665779843111 ], [ -60.433958785346995, -31.735579361345888 ], [ -60.439780864050697, -31.734776155450724 ], [ -60.438868508394293, -31.730616676451838 ], [ -60.438699037925964, -31.729810961467027 ], [ -60.438577167769708, -31.729811380849579 ], [ -60.437449200898421, -31.730000063645925 ], [ -60.434391389389958, -31.730457579222943 ], [ -60.433052107773236, -31.730665779843111 ] ] ] } },
{ "type": "Feature", "properties": { "ogc_fid": 324, "sec": 14.0, "gru": 275.0, "etiq": "14-275" }, "geometry": { "type": "Polygon", "coordinates": [ [ [ -60.44550426476426, -31.733753312633503 ], [ -60.444557272412688, -31.728978555650208 ], [ -60.444359837826312, -31.729009001477348 ], [ -60.438896480925138, -31.729829820664762 ], [ -60.438699037925964, -31.729810961467027 ], [ -60.438868508394293, -31.730616676451838 ], [ -60.439780864050697, -31.734776155450724 ], [ -60.44550426476426, -31.733753312633503 ] ] ] } },
{ "type": "Feature", "properties": { "ogc_fid": 325, "sec": 14.0, "gru": 256.0, "etiq": "14-256" }, "geometry": { "type": "Polygon", "coordinates": [ [ [ -60.451130209958357, -31.732948454248113 ], [ -60.451167286002402, -31.732720249173745 ], [ -60.450693461074387, -31.730274060352272 ], [ -60.450236703399916, -31.728102607466148 ], [ -60.444557272412688, -31.728978555650208 ], [ -60.44550426476426, -31.733753312633503 ], [ -60.450876959719793, -31.732985389560973 ], [ -60.451130209958357, -31.732948454248113 ] ] ] } },
{ "type": "Feature", "properties": { "ogc_fid": 326, "sec": 14.0, "gru": 255.0, "etiq": "14-255" }, "geometry": { "type": "Polygon", "coordinates": [ [ [ -60.44550426476426, -31.733753312633503 ], [ -60.445801978874535, -31.73525428728 ], [ -60.446532872850263, -31.738911477413616 ], [ -60.449810742111822, -31.738411485422425 ], [ -60.450832441339699, -31.737990962565831 ], [ -60.452158854204754, -31.737836381123046 ], [ -60.451986789685513, -31.737009363966632 ], [ -60.451774816984866, -31.735971867815746 ], [ -60.451467225988061, -31.734579417387529 ], [ -60.451115123014795, -31.733041314896134 ], [ -60.451130209958357, -31.732948454248113 ], [ -60.450876959719793, -31.732985389560973 ], [ -60.44550426476426, -31.733753312633503 ] ] ] } },
{ "type": "Feature", "properties": { "ogc_fid": 327, "sec": 14.0, "gru": 210.0, "etiq": "14-210" }, "geometry": { "type": "Polygon", "coordinates": [ [ [ -60.456895146491597, -31.732098814271595 ], [ -60.456659449315815, -31.732141909093635 ], [ -60.451130209958357, -31.732948454248113 ], [ -60.451115123014795, -31.733041314896134 ], [ -60.451467225988061, -31.734579417387529 ], [ -60.451774816984866, -31.735971867815746 ], [ -60.451986789685513, -31.737009363966632 ], [ -60.452158854204754, -31.737836381123046 ], [ -60.452413675427749, -31.737806682372728 ], [ -60.4540546158346, -31.73752036559905 ], [ -60.457891184057452, -31.736928490775039 ], [ -60.457445926748093, -31.734867356694455 ], [ -60.456928279700584, -31.73226051227353 ], [ -60.456895146491597, -31.732098814271595 ] ] ] } },
{ "type": "Feature", "properties": { "ogc_fid": 328, "sec": 14.0, "gru": 172.0, "etiq": "14-172" }, "geometry": { "type": "Polygon", "coordinates": [ [ [ -60.462574852851503, -31.731278196608972 ], [ -60.460939019988672, -31.731515701272425 ], [ -60.458211498730357, -31.731858123971403 ], [ -60.456895146491597, -31.732098814271595 ], [ -60.456928279700584, -31.73226051227353 ], [ -60.457445926748093, -31.734867356694455 ], [ -60.457891184057452, -31.736928490775039 ], [ -60.463423825584862, -31.736077079956797 ], [ -60.463611516180791, -31.736048529335456 ], [ -60.463588845096616, -31.735935068069971 ], [ -60.462574852851503, -31.731278196608972 ] ] ] } },
{ "type": "Feature", "properties": { "ogc_fid": 329, "sec": 14.0, "gru": 137.0, "etiq": "14-137" }, "geometry": { "type": "Polygon", "coordinates": [ [ [ -60.463611516180791, -31.736048529335456 ], [ -60.468807913193196, -31.735257961025649 ], [ -60.469156611568735, -31.735203631975153 ], [ -60.468206523257983, -31.730460371381568 ], [ -60.462574852851503, -31.731278196608972 ], [ -60.463588845096616, -31.735935068069971 ], [ -60.463611516180791, -31.736048529335456 ] ] ] } },
{ "type": "Feature", "properties": { "ogc_fid": 330, "sec": 14.0, "gru": 138.0, "etiq": "14-138" }, "geometry": { "type": "Polygon", "coordinates": [ [ [ -60.461525650517963, -31.726366885021903 ], [ -60.462498591495191, -31.730927938015306 ], [ -60.462574852851503, -31.731278196608972 ], [ -60.468206523257983, -31.730460371381568 ], [ -60.468041968993383, -31.729629934789202 ], [ -60.467497144244405, -31.727028631746943 ], [ -60.467235461830917, -31.725465301427121 ], [ -60.467059847244315, -31.725505241249117 ], [ -60.461525650517963, -31.726366885021903 ] ] ] } },
{ "type": "Feature", "properties": { "ogc_fid": 361, "sec": 14.0, "gru": 143.0, "etiq": "14-143" }, "geometry": { "type": "Polygon", "coordinates": [ [ [ -60.462039964826964, -31.701169410765825 ], [ -60.46196521326133, -31.701172393135156 ], [ -60.461854512219013, -31.701172395031637 ], [ -60.461790763804558, -31.701174433399178 ], [ -60.461770216436221, -31.7011677300918 ], [ -60.461748743280907, -31.701160242480647 ], [ -60.46172619465483, -31.701151750782774 ], [ -60.461676417571709, -31.701132501302343 ], [ -60.461567903535297, -31.701091338152416 ], [ -60.461512698935877, -31.701071440960241 ], [ -60.461487661037118, -31.701062026870559 ], [ -60.461437089379118, -31.701042300130091 ], [ -60.461409502176856, -31.701032056968163 ], [ -60.461358363186186, -31.701015773429738 ], [ -60.461310034879752, -31.70099993487332 ], [ -60.461286590879951, -31.700991891885444 ], [ -60.461263467340068, -31.700983633748439 ], [ -60.461215569265946, -31.700965665967153 ], [ -60.461115554226218, -31.700927624089861 ], [ -60.461065332353137, -31.700909338619528 ], [ -60.461043180316068, -31.70090073660861 ], [ -60.461022355405547, -31.7008921426401 ], [ -60.461004236786692, -31.70088397847773 ], [ -60.460987067262195, -31.700875117826804 ], [ -60.460968239322256, -31.700864272952952 ], [ -60.460947855929064, -31.700852021088565 ], [ -60.460927455206097, -31.700839369671531 ], [ -60.46090610425825, -31.700825792372193 ], [ -60.460882699316912, -31.700811691509266 ], [ -60.46085892627648, -31.700798648869981 ], [ -60.460836290448903, -31.700786970208313 ], [ -60.460790912146301, -31.700764230906984 ], [ -60.46076395393964, -31.700752165279326 ], [ -60.46073603947773, -31.70074085365021 ], [ -60.460632275032559, -31.700703136654987 ], [ -60.460607189553109, -31.700693767396555 ], [ -60.460582088447907, -31.700683764479738 ], [ -60.4605307187066, -31.700662840276578 ], [ -60.460507515186144, -31.700652798982361 ], [ -60.460484892224272, -31.700642493771664 ], [ -60.460463238385323, -31.70063188994693 ], [ -60.460418058652209, -31.700608373332674 ], [ -60.460395899160432, -31.70059655584781 ], [ -60.460349890670678, -31.700571526730279 ], [ -60.460326694105802, -31.700559122742888 ], [ -60.460304831752474, -31.70054713746017 ], [ -60.460283217346451, -31.700534913081778 ], [ -60.460261646034695, -31.700522460173012 ], [ -60.460239446373109, -31.700509309432078 ], [ -60.46014711520062, -31.700455568242614 ], [ -60.460100598343026, -31.700429179947825 ], [ -60.460078958090975, -31.700416541649155 ], [ -60.46005778825679, -31.700403859735466 ], [ -60.460036179884227, -31.700390461517976 ], [ -60.460013247674809, -31.700376477645975 ], [ -60.459989736477638, -31.700362892175537 ], [ -60.459965715629686, -31.700349720266054 ], [ -60.459941135599792, -31.700337285621274 ], [ -60.459917589248654, -31.700326352575061 ], [ -60.459896204476642, -31.700316845011947 ], [ -60.459878014379115, -31.700308552304985 ], [ -60.45986004427197, -31.7002996239917 ], [ -60.459839772240727, -31.700289930316988 ], [ -60.459819200613005, -31.700280432936715 ], [ -60.459798567934442, -31.700271301675055 ], [ -60.459777462305077, -31.700262209248972 ], [ -60.459734386356132, -31.700244656321615 ], [ -60.459710686399717, -31.700235853604067 ], [ -60.459687986184832, -31.700227925164761 ], [ -60.459600511645377, -31.700198380796319 ], [ -60.459579498011358, -31.700191153302885 ], [ -60.459560174345945, -31.70018411282495 ], [ -60.459541084739527, -31.70017659243911 ], [ -60.459521093098672, -31.700168386707688 ], [ -60.459501331774575, -31.700160078172651 ], [ -60.459460260933938, -31.700141843371295 ], [ -60.459437410387345, -31.700132197730955 ], [ -60.459413952007097, -31.700122894363357 ], [ -60.459389350387177, -31.700113749412136 ], [ -60.459322332303373, -31.700091863660749 ], [ -60.459302024964856, -31.700084953287924 ], [ -60.459281634187704, -31.700077670533403 ], [ -60.459261289431403, -31.700070125693234 ], [ -60.459219344981847, -31.700053907645838 ], [ -60.459198326843854, -31.700045594800752 ], [ -60.459176952797421, -31.700036902111631 ], [ -60.459155861823795, -31.700028228833158 ], [ -60.459113523042681, -31.700009965546936 ], [ -60.459093415122808, -31.700000898934285 ], [ -60.459074943910252, -31.699992213176202 ], [ -60.459059728246096, -31.699984285573329 ], [ -60.459044787285706, -31.699974937427761 ], [ -60.459028161833878, -31.699963823895693 ], [ -60.459012705461561, -31.699952709785592 ], [ -60.458996494152558, -31.69994004427323 ], [ -60.458977260193031, -31.699925423780154 ], [ -60.458957151540446, -31.699911109486859 ], [ -60.458919082539218, -31.699885630687458 ], [ -60.458861707327301, -31.699848540650375 ], [ -60.458840978050063, -31.699835419987721 ], [ -60.458818645608368, -31.699821905687479 ], [ -60.458795424033724, -31.699808868472235 ], [ -60.458771959820865, -31.69979646599776 ], [ -60.458726096918951, -31.699773380867835 ], [ -60.458701760152806, -31.699761692388336 ], [ -60.458677350427536, -31.699750385270395 ], [ -60.458652276526692, -31.699739226070182 ], [ -60.458604027090431, -31.699718906015526 ], [ -60.458580960189551, -31.699709701030557 ], [ -60.458538044648385, -31.699692113504305 ], [ -60.458495107069375, -31.699675838038736 ], [ -60.458473297576205, -31.699667918730146 ], [ -60.458433173341568, -31.699655019622888 ], [ -60.458374088794699, -31.699635687416674 ], [ -60.45835726359914, -31.6996296903196 ], [ -60.458341451333546, -31.699623107718185 ], [ -60.458279638884221, -31.699594208786429 ], [ -60.458254767488221, -31.699583194437079 ], [ -60.458227617485548, -31.699572572447568 ], [ -60.45819863208412, -31.69956305488251 ], [ -60.458171788931637, -31.699556338223168 ], [ -60.458127564971228, -31.699545721017287 ], [ -60.458107558891371, -31.699540550718648 ], [ -60.458066857492888, -31.699529519738455 ], [ -60.458025805977229, -31.699518063064893 ], [ -60.458003921531656, -31.699512323927411 ], [ -60.457981291712244, -31.699506863067324 ], [ -60.457957375842604, -31.699501876488341 ], [ -60.457933804138662, -31.699498240903317 ], [ -60.457912648360988, -31.699495699649223 ], [ -60.457894513355747, -31.699493858703217 ], [ -60.457879051665721, -31.699492097390042 ], [ -60.457866723858942, -31.699490427294119 ], [ -60.457859681543454, -31.699488997534399 ], [ -60.457854665323396, -31.69948746187907 ], [ -60.457845426981052, -31.699483534471149 ], [ -60.45781139454472, -31.699467318380766 ], [ -60.457790756596907, -31.699457830148535 ], [ -60.457768664150116, -31.699448231016433 ], [ -60.457744779296192, -31.6994386200519 ], [ -60.4577185429007, -31.699429508074598 ], [ -60.457691765720789, -31.699422038675262 ], [ -60.457667796702054, -31.69941661679481 ], [ -60.457645877863044, -31.69941188973619 ], [ -60.457603964741473, -31.699403507050313 ], [ -60.457582071100902, -31.699399554029196 ], [ -60.457559190454795, -31.699395755240598 ], [ -60.457536579041872, -31.699392644793512 ], [ -60.457494515949321, -31.699387201468532 ], [ -60.457453264274655, -31.699381447057643 ], [ -60.457434158887899, -31.69937812742236 ], [ -60.457413435911398, -31.699374127250461 ], [ -60.457343395866637, -31.69935993065463 ], [ -60.45731548732288, -31.699355032976715 ], [ -60.457287239868776, -31.699351364462508 ], [ -60.4572609569395, -31.699348695623968 ], [ -60.457210775725166, -31.699344063722567 ], [ -60.457160510750704, -31.699339704630251 ], [ -60.457134172446082, -31.699338409726614 ], [ -60.457090405832901, -31.699336697427338 ], [ -60.457048541898224, -31.69933611312527 ], [ -60.457030071848884, -31.699335610336355 ], [ -60.457012052106514, -31.699334595117971 ], [ -60.456994114667786, -31.699333037388861 ], [ -60.456975958085437, -31.699330696043059 ], [ -60.456956284301171, -31.699327390074973 ], [ -60.456908770506004, -31.699318203549808 ], [ -60.456880987463528, -31.699313083172783 ], [ -60.45685114656446, -31.699308324046601 ], [ -60.456821984645032, -31.699304668346972 ], [ -60.456767076462121, -31.699298103813991 ], [ -60.45673890862976, -31.699294906772927 ], [ -60.456710210620564, -31.699291978751706 ], [ -60.456681661831979, -31.699289507647983 ], [ -60.456652723270551, -31.699287571706034 ], [ -60.456624531527865, -31.699286379532538 ], [ -60.456596840174235, -31.699285801733286 ], [ -60.456546823593513, -31.699286100246155 ], [ -60.456524616746464, -31.699285970279277 ], [ -60.456478038605326, -31.699284967151833 ], [ -60.456451457615003, -31.699284148334996 ], [ -60.456421676055612, -31.699284437187302 ], [ -60.4563947937257, -31.699285671826317 ], [ -60.456371036560149, -31.699286496630567 ], [ -60.45634786033812, -31.699286801062087 ], [ -60.456323756006178, -31.699286369109409 ], [ -60.456295306419207, -31.699285476905267 ], [ -60.456241755098048, -31.69928568699984 ], [ -60.456221408540145, -31.699285497364148 ], [ -60.456204787206651, -31.699284448989122 ], [ -60.456187625292181, -31.699282498112499 ], [ -60.456169311609678, -31.699279730622166 ], [ -60.456127208370816, -31.699272499005954 ], [ -60.45610314668086, -31.699268980135059 ], [ -60.456079405995972, -31.699266033684985 ], [ -60.45605584630875, -31.699263455691266 ], [ -60.456032419165787, -31.699261206657717 ], [ -60.455859962559906, -31.699248745643828 ], [ -60.456455988123096, -31.70209166509769 ], [ -60.457313335371339, -31.706180714411648 ], [ -60.457472529176144, -31.706945997784103 ], [ -60.463051542798368, -31.706072654604203 ], [ -60.462764008622017, -31.704745738291582 ], [ -60.462039964826964, -31.701169410765825 ] ] ] } },
{ "type": "Feature", "properties": { "ogc_fid": 362, "sec": 14.0, "gru": 178.0, "etiq": "14-178" }, "geometry": { "type": "Polygon", "coordinates": [ [ [ -60.45080087144445, -31.702995699803296 ], [ -60.451810875735987, -31.707804963170453 ], [ -60.452006987357208, -31.707804268153129 ], [ -60.456915144574438, -31.707033236918658 ], [ -60.457472529176144, -31.706945997784103 ], [ -60.457313335371339, -31.706180714411648 ], [ -60.456455988123096, -31.70209166509769 ], [ -60.45080087144445, -31.702995699803296 ] ] ] } },
{ "type": "Feature", "properties": { "ogc_fid": 363, "sec": 14.0, "gru": 216.0, "etiq": "14-216" }, "geometry": { "type": "Polygon", "coordinates": [ [ [ -60.446074691344755, -31.708655082233214 ], [ -60.446428703851943, -31.708599563761556 ], [ -60.451601318858039, -31.707805705504271 ], [ -60.451810875735987, -31.707804963170453 ], [ -60.45080087144445, -31.702995699803296 ], [ -60.450648805649294, -31.703019244599183 ], [ -60.448745680682215, -31.703313894736809 ], [ -60.44724317340642, -31.703519907053686 ], [ -60.445054692426716, -31.703834565342039 ], [ -60.445324251135837, -31.705118138685336 ], [ -60.446074691344755, -31.708655082233214 ] ] ] } },
{ "type": "Feature", "properties": { "ogc_fid": 364, "sec": 14.0, "gru": 261.0, "etiq": "14-261" }, "geometry": { "type": "Polygon", "coordinates": [ [ [ -60.445054692426716, -31.703834565342039 ], [ -60.444596277201917, -31.703909879182085 ], [ -60.439243689938941, -31.70472244351701 ], [ -60.43927857988934, -31.704891709156275 ], [ -60.44027098948969, -31.709565105970107 ], [ -60.446074691344755, -31.708655082233214 ], [ -60.445324251135837, -31.705118138685336 ], [ -60.445054692426716, -31.703834565342039 ] ] ] } },
{ "type": "Feature", "properties": { "ogc_fid": 365, "sec": 14.0, "gru": 280.0, "etiq": "14-280" }, "geometry": { "type": "Polygon", "coordinates": [ [ [ -60.433598733758835, -31.705627610413739 ], [ -60.433949430209054, -31.707157919013845 ], [ -60.434659456082983, -31.710521385143945 ], [ -60.434775664412371, -31.710435399210368 ], [ -60.435842089123753, -31.710274970817558 ], [ -60.439895879857744, -31.709623913686688 ], [ -60.44027098948969, -31.709565105970107 ], [ -60.43927857988934, -31.704891709156275 ], [ -60.439243689938941, -31.70472244351701 ], [ -60.433598733758835, -31.705627610413739 ] ] ] } },
{ "type": "Feature", "properties": { "ogc_fid": 366, "sec": 14.0, "gru": 305.0, "etiq": "14-305" }, "geometry": { "type": "Polygon", "coordinates": [ [ [ -60.433598733758835, -31.705627610413739 ], [ -60.428052564290169, -31.70649895440356 ], [ -60.429061734510185, -31.711428508021001 ], [ -60.434659456082983, -31.710521385143945 ], [ -60.433949430209054, -31.707157919013845 ], [ -60.433598733758835, -31.705627610413739 ] ] ] } },
{ "type": "Feature", "properties": { "ogc_fid": 367, "sec": 14.0, "gru": 322.0, "etiq": "14-322" }, "geometry": { "type": "Polygon", "coordinates": [ [ [ -60.417643772686894, -31.713203643744738 ], [ -60.423490924523435, -31.712331008671178 ], [ -60.423112198844407, -31.710738776865465 ], [ -60.42240047681593, -31.707395784268886 ], [ -60.416630932149104, -31.708301541774741 ], [ -60.417643772686894, -31.713203643744738 ] ] ] } },
{ "type": "Feature", "properties": { "ogc_fid": 368, "sec": 14.0, "gru": 328.0, "etiq": "14-328" }, "geometry": { "type": "Polygon", "coordinates": [ [ [ -60.41110272646285, -31.709169150541175 ], [ -60.412108598937998, -31.714029457091968 ], [ -60.417643772686894, -31.713203643744738 ], [ -60.416630932149104, -31.708301541774741 ], [ -60.41110272646285, -31.709169150541175 ] ] ] } },
{ "type": "Feature", "properties": { "ogc_fid": 369, "sec": 14.0, "gru": 327.0, "etiq": "14-327" }, "geometry": { "type": "Polygon", "coordinates": [ [ [ -60.417643772686894, -31.713203643744738 ], [ -60.412108598937998, -31.714029457091968 ], [ -60.411995359278087, -31.714046352225999 ], [ -60.412283298393348, -31.714116529402713 ], [ -60.412401013831889, -31.714674602244454 ], [ -60.412411859476599, -31.71468253178552 ], [ -60.412444511736261, -31.714701518338703 ], [ -60.412477751214034, -31.714719691318223 ], [ -60.412510755074699, -31.714741833193401 ], [ -60.412542908189231, -31.71476721545578 ], [ -60.412573143934353, -31.714795598057847 ], [ -60.412581009198988, -31.714803968834357 ], [ -60.412674684773179, -31.714963771181353 ], [ -60.412771907039371, -31.71523583332867 ], [ -60.412782677477402, -31.715273640101792 ], [ -60.41278709060834, -31.715312450473224 ], [ -60.41278770429026, -31.715350948479259 ], [ -60.412787819563469, -31.71538887091447 ], [ -60.412790553127046, -31.715427208742128 ], [ -60.412803495428719, -31.7154622939109 ], [ -60.412822119825179, -31.715493987759945 ], [ -60.412841514588578, -31.71552572420412 ], [ -60.412859109261028, -31.715558359305977 ], [ -60.41286855465907, -31.715592355533328 ], [ -60.41287179806119, -31.715626696509791 ], [ -60.412871090357633, -31.715693165171132 ], [ -60.412872231380639, -31.715726854604377 ], [ -60.412871729667472, -31.715758862896983 ], [ -60.412869820755539, -31.715789964877516 ], [ -60.412873845710855, -31.715822111825705 ], [ -60.412883783757827, -31.715852995071458 ], [ -60.412898397382563, -31.715881906159325 ], [ -60.412930812062712, -31.715932863943987 ], [ -60.412945857906422, -31.71595931157475 ], [ -60.412960134923246, -31.715988440189161 ], [ -60.412972112827291, -31.716020137503634 ], [ -60.412978434128604, -31.716058598979465 ], [ -60.412981610107181, -31.71610151676477 ], [ -60.412980438040336, -31.716146513870886 ], [ -60.412978322497253, -31.716169075998398 ], [ -60.412973865058035, -31.716213118765989 ], [ -60.412970245389801, -31.716255751933151 ], [ -60.412968365497079, -31.716300534886749 ], [ -60.412967903636968, -31.716343906360553 ], [ -60.412968411431642, -31.71638705824925 ], [ -60.412970662885989, -31.716433234706486 ], [ -60.412972139547975, -31.716456948584167 ], [ -60.412973868575278, -31.716480472255718 ], [ -60.412975861157889, -31.716503949980979 ], [ -60.412978501180028, -31.716528300403649 ], [ -60.412981795234536, -31.716552630670627 ], [ -60.412989512578172, -31.716601368712645 ], [ -60.412993745724691, -31.716625722992546 ], [ -60.41300295880913, -31.716673915077877 ], [ -60.413033825267206, -31.716827724836698 ], [ -60.41303805059929, -31.71686696868554 ], [ -60.413034096559102, -31.716905571663212 ], [ -60.413024029025834, -31.716945466054348 ], [ -60.413005292428068, -31.716981357257211 ], [ -60.412980453617564, -31.717011568530808 ], [ -60.412953842708347, -31.717039485821516 ], [ -60.412927848973382, -31.717068591549904 ], [ -60.412902640621176, -31.717103511662746 ], [ -60.412877204982792, -31.717141904629511 ], [ -60.412851070209584, -31.717179668559957 ], [ -60.412821917803356, -31.717215007260684 ], [ -60.412790379658773, -31.717250047050026 ], [ -60.412773568180071, -31.717268039278689 ], [ -60.412756009544452, -31.717286466812077 ], [ -60.412738340602736, -31.717306193364287 ], [ -60.412721211475024, -31.717326314980589 ], [ -60.412704591589339, -31.717347075259688 ], [ -60.412688509120763, -31.717367689500993 ], [ -60.412673670418492, -31.717388038177866 ], [ -60.412670547611206, -31.717392828091327 ], [ -60.41254389953923, -31.717511768121014 ], [ -60.41247381938534, -31.71759184467464 ], [ -60.41236574383516, -31.717730808638901 ], [ -60.412314828417017, -31.717826407084605 ], [ -60.412292589766629, -31.717850639566187 ], [ -60.412274937290249, -31.717876516617615 ], [ -60.412266349546506, -31.717900434395556 ], [ -60.412262323080178, -31.717927520954095 ], [ -60.412259796341836, -31.717957344287036 ], [ -60.412258308204784, -31.717988219425902 ], [ -60.412258080426795, -31.718020190746177 ], [ -60.412258964346421, -31.718053042284524 ], [ -60.412260355761248, -31.718086135681158 ], [ -60.412259566446771, -31.718119957609268 ], [ -60.412259569606071, -31.718154047529659 ], [ -60.412260380074642, -31.718186989489805 ], [ -60.412261914168774, -31.718218946093337 ], [ -60.412266995805474, -31.718282474012007 ], [ -60.412268968403325, -31.718311002167006 ], [ -60.412275029480611, -31.718338371751326 ], [ -60.412290216056256, -31.718363195663407 ], [ -60.412304038579499, -31.718384948676452 ], [ -60.41231869596249, -31.718411776403219 ], [ -60.412313225549248, -31.718434430529275 ], [ -60.412303649102249, -31.718459045929805 ], [ -60.41229513447535, -31.71848519104071 ], [ -60.41228899198115, -31.718515711470616 ], [ -60.412284354106276, -31.718547688031357 ], [ -60.412280948789835, -31.718579245754942 ], [ -60.412276740655464, -31.718608199728095 ], [ -60.412266011099753, -31.718634505313581 ], [ -60.412253882762961, -31.718661816474654 ], [ -60.412238163989961, -31.718690780611038 ], [ -60.412220631717275, -31.718722402047888 ], [ -60.412203228831373, -31.718754654358843 ], [ -60.412184699152476, -31.718787388290796 ], [ -60.412166382887463, -31.71882305254227 ], [ -60.412149782482985, -31.718860226351815 ], [ -60.412136326115487, -31.718891327757046 ], [ -60.412093236519446, -31.718975971338605 ], [ -60.416588202810708, -31.718327577458844 ], [ -60.41863784300957, -31.718014370950627 ], [ -60.417643772686894, -31.713203643744738 ] ] ] } },
{ "type": "Feature", "properties": { "ogc_fid": 370, "sec": 14.0, "gru": 321.0, "etiq": "14-321" }, "geometry": { "type": "Polygon", "coordinates": [ [ [ -60.41863784300957, -31.718014370950627 ], [ -60.424446936550233, -31.717126490324755 ], [ -60.423490924523435, -31.712331008671178 ], [ -60.417643772686894, -31.713203643744738 ], [ -60.41863784300957, -31.718014370950627 ] ] ] } },
{ "type": "Feature", "properties": { "ogc_fid": 371, "sec": 14.0, "gru": 323.0, "etiq": "14-323" }, "geometry": { "type": "Polygon", "coordinates": [ [ [ -60.415641919016132, -31.70351423960086 ], [ -60.416630932149104, -31.708301541774741 ], [ -60.42240047681593, -31.707395784268886 ], [ -60.421554715861511, -31.703422876048478 ], [ -60.42145304556211, -31.703406520007377 ], [ -60.421410429688734, -31.70339734035252 ], [ -60.421368602270974, -31.703386237215231 ], [ -60.421323764809181, -31.703373600555004 ], [ -60.421277369382082, -31.703360278415289 ], [ -60.42122852953662, -31.703346576763014 ], [ -60.421177565868355, -31.703333829761551 ], [ -60.421125387727088, -31.703322728246956 ], [ -60.421073887576917, -31.703312876101442 ], [ -60.421022719732875, -31.70330366032541 ], [ -60.420971023249621, -31.70329472162711 ], [ -60.420874200453383, -31.703279248547048 ], [ -60.42083130186937, -31.703271183034587 ], [ -60.420786430281709, -31.703261808478132 ], [ -60.420691577770803, -31.703241411564516 ], [ -60.420639236204941, -31.703231101198625 ], [ -60.420585126162862, -31.703221698703082 ], [ -60.420479946511563, -31.703205904481404 ], [ -60.42043089830495, -31.703199037478203 ], [ -60.420387182995334, -31.703191835978465 ], [ -60.420344176265928, -31.70318370054158 ], [ -60.420299349315812, -31.703174335388599 ], [ -60.420158484525402, -31.703144295644918 ], [ -60.420112635586008, -31.703133914137627 ], [ -60.420066857444837, -31.703122269243366 ], [ -60.42002101604222, -31.703109527816558 ], [ -60.419977880686218, -31.703096057342542 ], [ -60.419888239741518, -31.703066379105845 ], [ -60.41984031518647, -31.703051273836696 ], [ -60.419790494957226, -31.703037238573394 ], [ -60.41973955228702, -31.70302505781542 ], [ -60.4195909045159, -31.702992900334053 ], [ -60.419542552657092, -31.70298201469376 ], [ -60.419496482720696, -31.702970630050899 ], [ -60.419450221522943, -31.702958732990552 ], [ -60.419404633144808, -31.702946653643135 ], [ -60.419360830524617, -31.702933649641203 ], [ -60.419316937779591, -31.702918888896548 ], [ -60.419270883126202, -31.702902274420993 ], [ -60.419174894819797, -31.702867111777909 ], [ -60.419128359499716, -31.702849681475811 ], [ -60.419083241008423, -31.702831798178668 ], [ -60.419038363064551, -31.702814302493188 ], [ -60.418955154885289, -31.702779668011814 ], [ -60.41891200331753, -31.7027627378788 ], [ -60.418868022357913, -31.702746699943237 ], [ -60.418822255296995, -31.702731639622648 ], [ -60.418736259548069, -31.702708158623174 ], [ -60.418697133735478, -31.702695655117772 ], [ -60.418655558162939, -31.70267992127491 ], [ -60.418611326442196, -31.702662090537128 ], [ -60.418567230616794, -31.702643701154546 ], [ -60.418524210203685, -31.702625082278729 ], [ -60.418482059641264, -31.702606134050455 ], [ -60.418440430210566, -31.702587121105473 ], [ -60.418400590289373, -31.702568757554623 ], [ -60.418362551416038, -31.702550673011626 ], [ -60.418322556918405, -31.702532312148033 ], [ -60.418279231145448, -31.70251381036589 ], [ -60.418236791447704, -31.702499229350959 ], [ -60.418199095221986, -31.702486583911885 ], [ -60.418163124479925, -31.702473716424841 ], [ -60.418128114682354, -31.70245971134467 ], [ -60.41809261191878, -31.702443337104874 ], [ -60.418056418601978, -31.702424829144917 ], [ -60.418020253863482, -31.702404822442613 ], [ -60.417984920464825, -31.702384125535286 ], [ -60.417915477005302, -31.702340966731629 ], [ -60.417879157804819, -31.702318702236123 ], [ -60.417839164286619, -31.702295107793283 ], [ -60.417794345530638, -31.702272472050879 ], [ -60.417750300656692, -31.702252050530266 ], [ -60.417707354022909, -31.702233143927785 ], [ -60.417664726777389, -31.702214649941986 ], [ -60.41762209887046, -31.702196369385625 ], [ -60.41757961183454, -31.702178468537852 ], [ -60.417536121011658, -31.702160775902907 ], [ -60.417494910530159, -31.702145402756372 ], [ -60.417457362121333, -31.702130777757421 ], [ -60.417420838177016, -31.702115766024871 ], [ -60.417384838811891, -31.702100425987716 ], [ -60.417349649591536, -31.702084450020685 ], [ -60.417313481923465, -31.702066173382558 ], [ -60.417274783004046, -31.702045424383236 ], [ -60.417155713887524, -31.701980841482111 ], [ -60.417080284192075, -31.701938346468747 ], [ -60.417042342117433, -31.701919739000193 ], [ -60.417009624395412, -31.701904283023836 ], [ -60.416980382545397, -31.701889428350167 ], [ -60.416953041020356, -31.701873429605545 ], [ -60.416926897177881, -31.701855978545115 ], [ -60.41690119849828, -31.701835509666456 ], [ -60.416875566621243, -31.701811082715359 ], [ -60.416846612451479, -31.701782387962385 ], [ -60.41681425456224, -31.701751391486891 ], [ -60.416777498069749, -31.701720237088757 ], [ -60.416739555939117, -31.701692222293914 ], [ -60.416701312382784, -31.701665719882619 ], [ -60.416630401482116, -31.701622851522966 ], [ -60.416598560799969, -31.701603082861968 ], [ -60.416570223839507, -31.701582903729552 ], [ -60.416542084563673, -31.701559823383732 ], [ -60.416511027723139, -31.701532026625252 ], [ -60.41644235061927, -31.701468092068577 ], [ -60.416404135530279, -31.70143444170569 ], [ -60.416365112565082, -31.701403524419721 ], [ -60.416326986592509, -31.7013753013408 ], [ -60.416288825971499, -31.701348551384694 ], [ -60.416250425261893, -31.701323106368719 ], [ -60.416139241783547, -31.701253684773199 ], [ -60.416102840871069, -31.701231645767496 ], [ -60.416069146080865, -31.701209975996054 ], [ -60.416035801415298, -31.701186605423469 ], [ -60.41600199353897, -31.701161709664429 ], [ -60.415902389900673, -31.701084794526853 ], [ -60.415871531744692, -31.701059469370175 ], [ -60.415839082730393, -31.701032213444549 ], [ -60.415805790660151, -31.701005912944925 ], [ -60.415773613142214, -31.70098087867505 ], [ -60.415741652744984, -31.700955351506785 ], [ -60.415709490529288, -31.700929115957017 ], [ -60.415677240771167, -31.700901899784416 ], [ -60.415644145789777, -31.700872828064639 ], [ -60.415610624464883, -31.700842340766922 ], [ -60.415577076385979, -31.700810284789782 ], [ -60.41550783543088, -31.700745095905869 ], [ -60.415472393664523, -31.700712300287424 ], [ -60.415436513436802, -31.70067966361794 ], [ -60.415399555695032, -31.700646604262175 ], [ -60.415362240376233, -31.700614924790411 ], [ -60.415326062775321, -31.700584911676312 ], [ -60.41529061527747, -31.700554783505623 ], [ -60.415255223170192, -31.700523423243887 ], [ -60.415186750304976, -31.700461434131437 ], [ -60.415019496374839, -31.700407557093477 ], [ -60.414998903556402, -31.700401455995312 ], [ -60.415641919016132, -31.70351423960086 ] ] ] } },
{ "type": "Feature", "properties": { "ogc_fid": 372, "sec": 14.0, "gru": 329.0, "etiq": "14-329" }, "geometry": { "type": "Polygon", "coordinates": [ [ [ -60.41110272646285, -31.709169150541175 ], [ -60.416630932149104, -31.708301541774741 ], [ -60.415641919016132, -31.70351423960086 ], [ -60.410095878405798, -31.70435463865908 ], [ -60.41088828710145, -31.708132925335647 ], [ -60.41110272646285, -31.709169150541175 ] ] ] } },
{ "type": "Feature", "properties": { "ogc_fid": 373, "sec": 14.0, "gru": 330.0, "etiq": "14-330" }, "geometry": { "type": "Polygon", "coordinates": [ [ [ -60.410957119082397, -31.699319977016874 ], [ -60.410877147818802, -31.69939732408448 ], [ -60.409055445297327, -31.698810977331703 ], [ -60.40892256068161, -31.698834286664169 ], [ -60.409573870757974, -31.701865476098853 ], [ -60.410095878405798, -31.70435463865908 ], [ -60.415641919016132, -31.70351423960086 ], [ -60.414998903556402, -31.700401455995312 ], [ -60.414758697678806, -31.700330289149118 ], [ -60.414567198435201, -31.700288667543607 ], [ -60.414393659877376, -31.700219280978498 ], [ -60.414245251337185, -31.70011548254379 ], [ -60.41403919320647, -31.700033185902516 ], [ -60.413839712405725, -31.699974739193909 ], [ -60.413623347261911, -31.699943276127385 ], [ -60.413443732030572, -31.699901228212287 ], [ -60.413219124499484, -31.699854468070651 ], [ -60.413015157393787, -31.699837218846898 ], [ -60.412843938226857, -31.699807244809271 ], [ -60.412671391339735, -31.699729528793387 ], [ -60.412451995314711, -31.699667261830971 ], [ -60.412256462012841, -31.699623515065774 ], [ -60.412055954327691, -31.699581710046164 ], [ -60.411855492230586, -31.699559156469373 ], [ -60.411665078043114, -31.699540586209746 ], [ -60.411484162692815, -31.699492715891317 ], [ -60.411303081338332, -31.699421573256167 ], [ -60.41110094833541, -31.699346910330775 ], [ -60.410957119082397, -31.699319977016874 ] ] ] } },
{ "type": "Feature", "properties": { "ogc_fid": 374, "sec": 14.0, "gru": 333.0, "etiq": "14-333" }, "geometry": { "type": "Polygon", "coordinates": [ [ [ -60.40892256068161, -31.698834286664169 ], [ -60.408797045394884, -31.698856303202664 ], [ -60.405457004520585, -31.69941309685198 ], [ -60.399875633835819, -31.700666312428954 ], [ -60.399533060250334, -31.701030237964478 ], [ -60.399037814300598, -31.701563500365058 ], [ -60.3990439141403, -31.70157230700859 ], [ -60.399062044029577, -31.701596194475346 ], [ -60.399080879836355, -31.701617419263968 ], [ -60.399099022964059, -31.701639466903671 ], [ -60.39911326577112, -31.701664602065886 ], [ -60.399125300503663, -31.701691403546526 ], [ -60.399151230892592, -31.701746019773307 ], [ -60.399164368871951, -31.7017742607615 ], [ -60.399176496518244, -31.701803046022441 ], [ -60.399189496455705, -31.701831070995084 ], [ -60.399199545516076, -31.701859736500452 ], [ -60.399206866452033, -31.701889330434906 ], [ -60.39922090874623, -31.701916892195911 ], [ -60.399261298377965, -31.70196585360749 ], [ -60.399279450576543, -31.701992455548737 ], [ -60.399294770595844, -31.702020319930497 ], [ -60.399310977863344, -31.702045990029514 ], [ -60.399345092599752, -31.702090371610762 ], [ -60.399362093895157, -31.702111782470617 ], [ -60.399379803188495, -31.702133479703793 ], [ -60.399400256005443, -31.702155375768175 ], [ -60.399424524783747, -31.702174184558945 ], [ -60.399450798609223, -31.702190714395286 ], [ -60.399478009063635, -31.702206727236025 ], [ -60.399500160155675, -31.702223675810199 ], [ -60.399523392656455, -31.702239430546754 ], [ -60.399548751299712, -31.702254087375689 ], [ -60.399575562484372, -31.702268000128946 ], [ -60.399603357781551, -31.702280169216746 ], [ -60.399631999207884, -31.702290396663212 ], [ -60.399661195314749, -31.702302056310938 ], [ -60.399689174414519, -31.702317723992991 ], [ -60.399713046082198, -31.702337381714152 ], [ -60.399735234085689, -31.702358000672266 ], [ -60.399758436803111, -31.702376632369269 ], [ -60.399783143773099, -31.702396738384987 ], [ -60.399808377614775, -31.702419169524383 ], [ -60.399831237427861, -31.702443925863722 ], [ -60.399856102415335, -31.70246889235634 ], [ -60.399885787300839, -31.702491192282892 ], [ -60.399917414367231, -31.702511312646468 ], [ -60.399982231553672, -31.702551972318069 ], [ -60.400012838077942, -31.702572709118378 ], [ -60.400039733981309, -31.702594034736997 ], [ -60.400063864998657, -31.702615098467724 ], [ -60.400089407373898, -31.702635652728343 ], [ -60.400116417915378, -31.702656644285192 ], [ -60.4001438233364, -31.702678698783476 ], [ -60.400196717542279, -31.702723553295932 ], [ -60.400223786336433, -31.702745816259128 ], [ -60.400248919074613, -31.702769221627399 ], [ -60.400294224444274, -31.702815515824991 ], [ -60.400316458254444, -31.70283691914732 ], [ -60.400339529303913, -31.702856768650562 ], [ -60.40036334753507, -31.702876200951483 ], [ -60.400385641568391, -31.702896882590114 ], [ -60.400406927938889, -31.702918730778649 ], [ -60.400427467534747, -31.702941086345934 ], [ -60.400448049993749, -31.702963595090143 ], [ -60.400466625273282, -31.702985424725931 ], [ -60.400485824181402, -31.703005087953876 ], [ -60.400506359182266, -31.703021455220188 ], [ -60.400528558166265, -31.703037185960021 ], [ -60.400552621868428, -31.703052351690236 ], [ -60.400577462543069, -31.703064214194242 ], [ -60.400603600632451, -31.703076054580652 ], [ -60.400630582577847, -31.703090336331481 ], [ -60.400656662656715, -31.703105856448239 ], [ -60.400680195474649, -31.703120212154474 ], [ -60.400701774856863, -31.703134123067937 ], [ -60.400722642131043, -31.703149244697961 ], [ -60.40076032945661, -31.703182756354714 ], [ -60.400782384019926, -31.703199227022626 ], [ -60.400808647438062, -31.703213213381957 ], [ -60.400836617927688, -31.703224317460048 ], [ -60.400894794856626, -31.703241522304797 ], [ -60.400921461437136, -31.703251133387724 ], [ -60.400945473442526, -31.703264062610561 ], [ -60.400966435684516, -31.703279174882933 ], [ -60.400993420821983, -31.703301528127337 ], [ -60.401022141035966, -31.70332260429743 ], [ -60.401043012949714, -31.703341234066375 ], [ -60.401062712730813, -31.703362031964559 ], [ -60.401081093971968, -31.703382843025103 ], [ -60.401098926565197, -31.703401175713719 ], [ -60.401115634878408, -31.703420540048089 ], [ -60.401130303425042, -31.703441461982869 ], [ -60.401144281352522, -31.703463684756098 ], [ -60.401158613332804, -31.703487286248482 ], [ -60.401173096728726, -31.703511753041305 ], [ -60.401186694893987, -31.703536421024843 ], [ -60.401200159300444, -31.703559421000254 ], [ -60.401213647129964, -31.703580508972863 ], [ -60.401226565295651, -31.703601589717771 ], [ -60.401238106164961, -31.703623738980824 ], [ -60.401246530555639, -31.703647277883071 ], [ -60.401255990861785, -31.703671309544074 ], [ -60.40126647657442, -31.703695843015204 ], [ -60.401278192690064, -31.703719488798079 ], [ -60.401291365741614, -31.703743409569427 ], [ -60.401305946170567, -31.703768345003802 ], [ -60.401317219970139, -31.703794607547167 ], [ -60.401329205848903, -31.703819650347423 ], [ -60.401341994590609, -31.703842508136429 ], [ -60.401354064702957, -31.703865061555884 ], [ -60.401363518535234, -31.7038875781159 ], [ -60.401373514072539, -31.703908505709595 ], [ -60.401390620185246, -31.703936923353339 ], [ -60.401414717716541, -31.703962306799841 ], [ -60.401439684827061, -31.703986298651266 ], [ -60.401454334281318, -31.704010097515837 ], [ -60.401461112255348, -31.704038331218335 ], [ -60.401458182799857, -31.704061103198882 ], [ -60.401453224459289, -31.704085513919516 ], [ -60.401448229475669, -31.704111214404357 ], [ -60.401450053183154, -31.704135414385267 ], [ -60.401454391409629, -31.704158064282311 ], [ -60.401460111141361, -31.704180619644685 ], [ -60.401467475477617, -31.704202935347521 ], [ -60.401475956008611, -31.704224787590988 ], [ -60.401485956075518, -31.704246752290569 ], [ -60.40149729195997, -31.704267810931043 ], [ -60.401514974593141, -31.704295351943895 ], [ -60.401535240917305, -31.704322704448295 ], [ -60.401550302397347, -31.704341731203105 ], [ -60.401580090805879, -31.704380480187083 ], [ -60.401593175461095, -31.704400983181309 ], [ -60.401603870359082, -31.704422611997234 ], [ -60.401615271255793, -31.704444058218218 ], [ -60.401627775043075, -31.704464400704534 ], [ -60.401646152021932, -31.704481694467024 ], [ -60.401669115353606, -31.704495970612054 ], [ -60.401693054229753, -31.704506519029241 ], [ -60.401717441929883, -31.704515956749471 ], [ -60.401740910511812, -31.70452752573237 ], [ -60.401773322134439, -31.704545857484135 ], [ -60.4018060986634, -31.704563187021527 ], [ -60.401836934751273, -31.704583092944464 ], [ -60.401866868668357, -31.704604165092523 ], [ -60.401899239546822, -31.704622821607057 ], [ -60.40193232460927, -31.704640745361775 ], [ -60.402211786017396, -31.704708657531576 ], [ -60.402368851262011, -31.704762715092404 ], [ -60.402404764254833, -31.704778348113859 ], [ -60.402434011113343, -31.704789285474334 ], [ -60.402462323331449, -31.704798755758439 ], [ -60.40251785093686, -31.704817753880903 ], [ -60.402575833146258, -31.704838421675447 ], [ -60.402606219671299, -31.704849436564992 ], [ -60.402634911965762, -31.70486141276012 ], [ -60.402662341520454, -31.704874114417876 ], [ -60.402690345074966, -31.704885380311815 ], [ -60.40271739908205, -31.704896613124149 ], [ -60.402741180892122, -31.704909822303257 ], [ -60.402762568777334, -31.704923192353739 ], [ -60.402784153329861, -31.704938131002496 ], [ -60.402803763119373, -31.704955023886335 ], [ -60.402824279223012, -31.704971706478101 ], [ -60.402847035813728, -31.704986893932311 ], [ -60.402872516385806, -31.705000178886703 ], [ -60.402899171227716, -31.705011791699047 ], [ -60.402926408509337, -31.705021481719982 ], [ -60.402955115583126, -31.705029534737907 ], [ -60.402986233347015, -31.705033981740385 ], [ -60.403051863536419, -31.705035063970545 ], [ -60.403085059805996, -31.705037150544833 ], [ -60.403117440285044, -31.705040863023498 ], [ -60.403149307303977, -31.705045370747261 ], [ -60.403179544140627, -31.70504857593129 ], [ -60.403237278844138, -31.705050981696008 ], [ -60.403265616079672, -31.705051568476115 ], [ -60.403294227286935, -31.705049647234063 ], [ -60.403353018331366, -31.705042634267468 ], [ -60.403381223719208, -31.705039568937089 ], [ -60.403419025134589, -31.705030800592283 ], [ -60.403441120717979, -31.705017545609117 ], [ -60.403459896029766, -31.705000035365604 ], [ -60.403478621338543, -31.704978286571663 ], [ -60.403519643599275, -31.704928888577985 ], [ -60.403541046743314, -31.704901900557726 ], [ -60.403561168034408, -31.704873663015739 ], [ -60.403576192460669, -31.704842600766199 ], [ -60.403585976085758, -31.704812015045938 ], [ -60.403592904010715, -31.704782141807673 ], [ -60.40359575655971, -31.70475146980014 ], [ -60.40359583116696, -31.704719976880231 ], [ -60.403595336941436, -31.70465700209493 ], [ -60.403594271532654, -31.704625341430649 ], [ -60.403588889347489, -31.704593162335378 ], [ -60.40357763138946, -31.704560983798281 ], [ -60.403563265440205, -31.704529716948095 ], [ -60.403546497102219, -31.704499088995181 ], [ -60.403528189897052, -31.704468754502209 ], [ -60.403507562464554, -31.704440979590359 ], [ -60.403485907889831, -31.704417176075452 ], [ -60.403463556315486, -31.704395629392931 ], [ -60.403441505114841, -31.704375236127142 ], [ -60.40342384870754, -31.704356326029334 ], [ -60.403421303416863, -31.704331262584599 ], [ -60.403428891758452, -31.70430042228157 ], [ -60.40342473656159, -31.704276301856272 ], [ -60.403407675193407, -31.704251067887913 ], [ -60.403389044572727, -31.70422398106512 ], [ -60.403377185114962, -31.704196602265483 ], [ -60.403375274486216, -31.70417193362664 ], [ -60.403388832034423, -31.704150498801496 ], [ -60.403404513823894, -31.704129968126022 ], [ -60.403436714795319, -31.704089842046578 ], [ -60.40345237484199, -31.70406916713754 ], [ -60.40346672234449, -31.704047459248958 ], [ -60.40347781929659, -31.704025409920941 ], [ -60.403487763265574, -31.704002633739492 ], [ -60.403496090731025, -31.703979276467898 ], [ -60.403503267362204, -31.703955688355489 ], [ -60.403508521031213, -31.703931393863794 ], [ -60.403516179111328, -31.703906929430239 ], [ -60.403531772030135, -31.703885379926632 ], [ -60.403556476552062, -31.703868094404871 ], [ -60.403586349043628, -31.703855455100101 ], [ -60.403617972107234, -31.703845128008581 ], [ -60.403649778905816, -31.70383581942092 ], [ -60.403680914405875, -31.703827396765792 ], [ -60.403710394372062, -31.703819123640532 ], [ -60.403764579887415, -31.703803557468568 ], [ -60.403799684584349, -31.703790919584709 ], [ -60.403834022572731, -31.703776624710652 ], [ -60.403860163599013, -31.70376952551403 ], [ -60.403921215986394, -31.703761170385253 ], [ -60.403953631785562, -31.703756089481082 ], [ -60.403986520280831, -31.703750547126457 ], [ -60.404019767396051, -31.703747429610321 ], [ -60.404054754954061, -31.703751584520315 ], [ -60.404090023749632, -31.703759778828534 ], [ -60.404123645666189, -31.703770115736241 ], [ -60.404154459640047, -31.703782436590995 ], [ -60.404181573828893, -31.703795418498395 ], [ -60.40420979329685, -31.703807855785122 ], [ -60.404240549035727, -31.70381890519154 ], [ -60.404273741295029, -31.70382745775354 ], [ -60.404308545914816, -31.70383563543545 ], [ -60.40434493711728, -31.703844791096316 ], [ -60.404379873671203, -31.703856629861189 ], [ -60.404410528357168, -31.703871124623021 ], [ -60.404436663076943, -31.703886887287286 ], [ -60.404459497571466, -31.703903012135751 ], [ -60.40451173487881, -31.70393684628252 ], [ -60.404535875546387, -31.703954960067584 ], [ -60.404558360615617, -31.70397320535961 ], [ -60.404584388476067, -31.703995930632587 ], [ -60.404613489581671, -31.704017031833345 ], [ -60.404676850073145, -31.704051903822748 ], [ -60.404707431419233, -31.70406648893016 ], [ -60.404740572381804, -31.704077774145148 ], [ -60.404764938507853, -31.704087058035732 ], [ -60.404789436707333, -31.704097604095686 ], [ -60.404812769559989, -31.704109434480582 ], [ -60.404835635726123, -31.704120680138669 ], [ -60.404859425881334, -31.704130930821542 ], [ -60.404918097081946, -31.704154769885683 ], [ -60.404952097480674, -31.704169614633081 ], [ -60.404983557435251, -31.704184882291326 ], [ -60.405011991269546, -31.704200475201024 ], [ -60.405035733083565, -31.704221440010027 ], [ -60.405055024559907, -31.704247559508683 ], [ -60.405073355865994, -31.704276053925827 ], [ -60.405088171096324, -31.704306218917665 ], [ -60.405101714992341, -31.704335125353023 ], [ -60.405116303115484, -31.704361575431118 ], [ -60.405132268515295, -31.704386956946134 ], [ -60.405151562131039, -31.704413554404123 ], [ -60.405172675488657, -31.704438946613614 ], [ -60.405191751367802, -31.704463984552508 ], [ -60.405210766981433, -31.70449214308881 ], [ -60.405222792465992, -31.704513902646319 ], [ -60.405235620960909, -31.704535957262056 ], [ -60.405249761752323, -31.704556555723894 ], [ -60.405265873338259, -31.70457672405032 ], [ -60.405283514982472, -31.704596995734114 ], [ -60.405309789509516, -31.704639975673047 ], [ -60.405324023155018, -31.704660086830806 ], [ -60.405335202505874, -31.704681325991974 ], [ -60.405336538307047, -31.7047143836499 ], [ -60.405334043970704, -31.704739968108267 ], [ -60.405330777136619, -31.70476742185609 ], [ -60.405326670706479, -31.704795870309823 ], [ -60.405321519505549, -31.70482422288033 ], [ -60.405315757290282, -31.704850340799041 ], [ -60.40531419296974, -31.70487389313303 ], [ -60.405314452857226, -31.704897268316909 ], [ -60.405321177162193, -31.704920153990823 ], [ -60.405329885285894, -31.704943177655011 ], [ -60.405341692488264, -31.704968658142224 ], [ -60.40536823353608, -31.705070822953211 ], [ -60.410095878405798, -31.70435463865908 ], [ -60.409573870757974, -31.701865476098853 ], [ -60.40892256068161, -31.698834286664169 ] ] ] } },
{ "type": "Feature", "properties": { "ogc_fid": 375, "sec": 14.0, "gru": 332.0, "etiq": "14-332" }, "geometry": { "type": "Polygon", "coordinates": [ [ [ -60.41110272646285, -31.709169150541175 ], [ -60.41088828710145, -31.708132925335647 ], [ -60.410095878405798, -31.70435463865908 ], [ -60.40536823353608, -31.705070822953211 ], [ -60.405398917478294, -31.705188934768518 ], [ -60.405382647982577, -31.705206738576308 ], [ -60.405371483195822, -31.705234947930464 ], [ -60.405375097694019, -31.705260747449799 ], [ -60.405388391914201, -31.705331635861459 ], [ -60.405392198377591, -31.705355486768923 ], [ -60.405394345416049, -31.70538587236123 ], [ -60.405393344950554, -31.705412940125033 ], [ -60.405390926933286, -31.705443944470574 ], [ -60.405387650872413, -31.705466852911364 ], [ -60.405383366819535, -31.705490846778968 ], [ -60.405379305233602, -31.705515056383632 ], [ -60.405374639218067, -31.705538546427821 ], [ -60.405370242012296, -31.705589884811165 ], [ -60.405366927435466, -31.705616067096617 ], [ -60.405363168349631, -31.705641917109624 ], [ -60.405358888793678, -31.705666948091469 ], [ -60.405353607474702, -31.705689646460442 ], [ -60.405347959214616, -31.705712869069771 ], [ -60.405342662715185, -31.705736929283127 ], [ -60.405335941867605, -31.705760939912523 ], [ -60.40532984238591, -31.705784714084889 ], [ -60.405325727009533, -31.705808689376315 ], [ -60.405320596733404, -31.705832162856218 ], [ -60.405314240342037, -31.705855081084731 ], [ -60.405306668775815, -31.705877534212046 ], [ -60.405297762896893, -31.705898810153542 ], [ -60.405288260430332, -31.705930874141465 ], [ -60.405284767153823, -31.705959636288494 ], [ -60.405277642551482, -31.705982989845335 ], [ -60.405263284474373, -31.706007087872084 ], [ -60.405244835890116, -31.706029350099797 ], [ -60.405225557810354, -31.706047655830151 ], [ -60.405179386930946, -31.706089531237954 ], [ -60.405162408074744, -31.706110156431453 ], [ -60.405156334799955, -31.706135120956038 ], [ -60.405152417600135, -31.706158590574056 ], [ -60.405156036739136, -31.706187889267238 ], [ -60.405157733926444, -31.706211873139576 ], [ -60.405147553074137, -31.706238356807056 ], [ -60.405134043550717, -31.706263534345119 ], [ -60.405117497230187, -31.706291454141144 ], [ -60.405101394210938, -31.706309722709793 ], [ -60.40508641231775, -31.706331090085943 ], [ -60.40506580889172, -31.706347875872051 ], [ -60.405041651755361, -31.706369831536346 ], [ -60.405018519190342, -31.706394516553534 ], [ -60.404997939826373, -31.706421700606167 ], [ -60.404985337193999, -31.706441960154216 ], [ -60.404974212950648, -31.706462566728192 ], [ -60.404964873842481, -31.706483708743232 ], [ -60.404958495634943, -31.706506491743824 ], [ -60.404953736366679, -31.706530405936363 ], [ -60.404947811010032, -31.706555442128231 ], [ -60.404940597411347, -31.706580193817995 ], [ -60.404933500601544, -31.706602690506383 ], [ -60.404924705715885, -31.706632551698871 ], [ -60.404911053531066, -31.706656485109615 ], [ -60.404891482488921, -31.706680247923558 ], [ -60.404872530442631, -31.706708085140139 ], [ -60.404859062211429, -31.706728230182708 ], [ -60.404845170875284, -31.706748115030031 ], [ -60.404832740673065, -31.706769230774341 ], [ -60.404822751651317, -31.706791339823198 ], [ -60.404814618832752, -31.706813343774851 ], [ -60.404804863049314, -31.706845435583254 ], [ -60.404803279917978, -31.706874408094592 ], [ -60.404812955372094, -31.706903967142768 ], [ -60.404822953685347, -31.706927708219897 ], [ -60.404836601393654, -31.706953728414149 ], [ -60.40485184621609, -31.706980708517726 ], [ -60.404868030035374, -31.707007712693557 ], [ -60.404884103906475, -31.707033689105049 ], [ -60.40490142832067, -31.707056126283884 ], [ -60.40492035924305, -31.707074400821423 ], [ -60.404942306169922, -31.707089996296691 ], [ -60.404968300837304, -31.70710243145 ], [ -60.404996138746249, -31.70711420239185 ], [ -60.405025908242457, -31.70712864569261 ], [ -60.40505842334148, -31.707143729598258 ], [ -60.405093792010298, -31.707157595948754 ], [ -60.405129597205679, -31.707169954809775 ], [ -60.405164163852263, -31.707178899577201 ], [ -60.405197340688545, -31.707186036029157 ], [ -60.405232063624652, -31.707189677392211 ], [ -60.405269988438206, -31.70718971919905 ], [ -60.405310475434149, -31.707189464258121 ], [ -60.405352526916857, -31.70718994384967 ], [ -60.405395022800654, -31.707193154625802 ], [ -60.405436900766219, -31.707199821445201 ], [ -60.405516535544393, -31.707216405796789 ], [ -60.405553520490869, -31.707221067989824 ], [ -60.405590560092129, -31.707221319942541 ], [ -60.405626836643208, -31.707215919700392 ], [ -60.405662472626666, -31.707208771893079 ], [ -60.405697341816087, -31.707202384071014 ], [ -60.405731759638655, -31.707198937712761 ], [ -60.405765728322436, -31.707196520885546 ], [ -60.405800115906402, -31.707193399271752 ], [ -60.405836331093816, -31.707193293035935 ], [ -60.405873160777965, -31.707196215056253 ], [ -60.405909955966642, -31.707200904805418 ], [ -60.405946780524715, -31.70720991432092 ], [ -60.405983323405088, -31.707224489148608 ], [ -60.406018460924983, -31.707240953310855 ], [ -60.406050380146624, -31.707257238322544 ], [ -60.40608008313577, -31.707270896976425 ], [ -60.406110673945371, -31.707280097647637 ], [ -60.40614485287486, -31.707284768605344 ], [ -60.406176127508836, -31.707286274286449 ], [ -60.406337577861017, -31.707301740731367 ], [ -60.406481830908781, -31.707309487829711 ], [ -60.406541043111879, -31.70732136584288 ], [ -60.406544465826919, -31.707324872152817 ], [ -60.406574507263358, -31.707341126945103 ], [ -60.406614826817481, -31.707348420623333 ], [ -60.406647137065846, -31.707350328719745 ], [ -60.406684972549364, -31.707349225038456 ], [ -60.406878107429762, -31.707387541871054 ], [ -60.407029059073594, -31.70743384819481 ], [ -60.407154481329471, -31.707501835206195 ], [ -60.407179941658882, -31.707522262018514 ], [ -60.407202322724196, -31.707538117251882 ], [ -60.407228665384238, -31.707550424570808 ], [ -60.407280640922025, -31.707571939089114 ], [ -60.4073054443693, -31.707584467752614 ], [ -60.407329710106282, -31.707599478221194 ], [ -60.407353297541881, -31.707618594277378 ], [ -60.407371289202587, -31.707643887853415 ], [ -60.4073853776543, -31.707671601840932 ], [ -60.407397929741677, -31.707697778568797 ], [ -60.407408973663422, -31.707719216373796 ], [ -60.407434308577955, -31.70774471194142 ], [ -60.407468510055971, -31.707759311858176 ], [ -60.407503287885433, -31.70777302610912 ], [ -60.407528240819886, -31.707783534102894 ], [ -60.407554267965111, -31.70779844871328 ], [ -60.407563207392514, -31.707804219047848 ], [ -60.407729781783544, -31.707891093999461 ], [ -60.407731890676992, -31.707890870811816 ], [ -60.40784969130852, -31.707962281479613 ], [ -60.4079037512642, -31.707982715870163 ], [ -60.40791039651787, -31.70798252326075 ], [ -60.407938614348843, -31.707984543323448 ], [ -60.407966810403316, -31.707988818078714 ], [ -60.407994323912718, -31.707996224436862 ], [ -60.408020859067314, -31.708006664141163 ], [ -60.408046049699379, -31.70801601690188 ], [ -60.408070318560704, -31.708026869681184 ], [ -60.408089466994582, -31.708053674561683 ], [ -60.408091553046049, -31.708077143083955 ], [ -60.408089798741386, -31.708102932636823 ], [ -60.408085488555699, -31.708130461924384 ], [ -60.408077215055179, -31.708158734395209 ], [ -60.408064762788939, -31.708186731645668 ], [ -60.408045539766213, -31.7082127664879 ], [ -60.40801940327492, -31.70823556776477 ], [ -60.407989936415419, -31.708256702248072 ], [ -60.407959627900873, -31.708275954547414 ], [ -60.40792936754962, -31.708291752593745 ], [ -60.407904030311705, -31.708301943404379 ], [ -60.407631333716381, -31.708426152672086 ], [ -60.407577106241575, -31.708447059582276 ], [ -60.407555772070921, -31.708472848580119 ], [ -60.407530081631123, -31.708498786774715 ], [ -60.407501496890106, -31.708523868436103 ], [ -60.407469620404427, -31.708548879443264 ], [ -60.407433507195712, -31.708570016999396 ], [ -60.407394433018879, -31.70858711469171 ], [ -60.407354353476251, -31.708601077140226 ], [ -60.407314186122598, -31.708611847301977 ], [ -60.407274589260737, -31.708617980111686 ], [ -60.407236022046021, -31.70862315365806 ], [ -60.407159956341111, -31.708631828877849 ], [ -60.407121093536865, -31.708636958240746 ], [ -60.407083222733263, -31.708646999516198 ], [ -60.407047375982422, -31.708661543577332 ], [ -60.407015895531224, -31.708678238135299 ], [ -60.406990409312719, -31.708695427608909 ], [ -60.406962350350632, -31.708710505937194 ], [ -60.406927849288778, -31.708719165597437 ], [ -60.406850336533303, -31.708732291379334 ], [ -60.406811028749864, -31.708739415159819 ], [ -60.406771094772488, -31.708745675148254 ], [ -60.406642642143318, -31.708764428515227 ], [ -60.406596610606776, -31.708770698875806 ], [ -60.406550141275382, -31.708773345172091 ], [ -60.406504395640034, -31.708772607200714 ], [ -60.406459649915043, -31.708768925989318 ], [ -60.406416046358487, -31.708763473492603 ], [ -60.406374664186998, -31.708756976772182 ], [ -60.406335317446384, -31.708750338274388 ], [ -60.406296970181749, -31.708743074302138 ], [ -60.406257096655672, -31.708736590773434 ], [ -60.406215511304346, -31.708731880314811 ], [ -60.406173230396014, -31.708729751353893 ], [ -60.406132140758217, -31.708729855176831 ], [ -60.406092215966964, -31.708733391331613 ], [ -60.406014437771923, -31.708746156710689 ], [ -60.405976463528162, -31.708754286061954 ], [ -60.405940720659608, -31.708766087853039 ], [ -60.405910865765065, -31.708780630557182 ], [ -60.405883939539571, -31.708796661005866 ], [ -60.40585794554864, -31.708816007295784 ], [ -60.405831795365089, -31.708838249021323 ], [ -60.405802731098987, -31.708862357829847 ], [ -60.405770810819504, -31.708887134071912 ], [ -60.405735206284177, -31.708908918863074 ], [ -60.405698482694469, -31.708925674872582 ], [ -60.405663006687824, -31.708940641236261 ], [ -60.405639453969556, -31.708958581844989 ], [ -60.40562750720094, -31.708979299307455 ], [ -60.405625657795184, -31.709002789407297 ], [ -60.405628780864149, -31.7090295464291 ], [ -60.405639486062917, -31.709087131674991 ], [ -60.405642157451503, -31.709116758021135 ], [ -60.405646462509729, -31.709148462447221 ], [ -60.405651801799948, -31.709180253767961 ], [ -60.405657559691903, -31.709211268164189 ], [ -60.405662316026955, -31.7092424300426 ], [ -60.405667568931193, -31.709273761692657 ], [ -60.405679799546874, -31.7093352020045 ], [ -60.405688366091915, -31.709364358666917 ], [ -60.405700904075928, -31.709394620988768 ], [ -60.405717062075517, -31.709425232531647 ], [ -60.405738562850217, -31.709454501349946 ], [ -60.405762492025033, -31.709481805418942 ], [ -60.405783977304878, -31.709512354907694 ], [ -60.405795194246316, -31.709544488256036 ], [ -60.405804729678778, -31.709575670991963 ], [ -60.405812246922807, -31.709606111613258 ], [ -60.405821009943928, -31.709636764713469 ], [ -60.405835002883862, -31.709666805945421 ], [ -60.40585005617784, -31.709695662375207 ], [ -60.405864791680074, -31.709726639165641 ], [ -60.4058791942631, -31.709761107179244 ], [ -60.40589275691007, -31.709796497753238 ], [ -60.405904957888325, -31.709829286309326 ], [ -60.405916855419896, -31.709857801053872 ], [ -60.405921386557225, -31.709873594787727 ], [ -60.405897760877181, -31.709985795771647 ], [ -60.41110272646285, -31.709169150541175 ] ] ] } },
{ "type": "Feature", "properties": { "ogc_fid": 380, "sec": 14.0, "gru": 318.0, "etiq": "14-318" }, "geometry": { "type": "Polygon", "coordinates": [ [ [ -60.42240047681593, -31.707395784268886 ], [ -60.428052564290169, -31.70649895440356 ], [ -60.427466134550173, -31.70363413396748 ], [ -60.427458878637246, -31.703637644163006 ], [ -60.427432019625172, -31.703652236106436 ], [ -60.427409168239066, -31.703665316052572 ], [ -60.427392885746592, -31.703674331444763 ], [ -60.427356542205679, -31.703689286633612 ], [ -60.427319633781352, -31.703701131364493 ], [ -60.427279879294566, -31.70370933965809 ], [ -60.427236244586759, -31.703715609137422 ], [ -60.427214421754712, -31.703717245856314 ], [ -60.427187300534726, -31.70371857491531 ], [ -60.427158369685479, -31.703719375205587 ], [ -60.427095153629082, -31.703720565710036 ], [ -60.427060639013114, -31.703721693020867 ], [ -60.427021884236844, -31.703724787436244 ], [ -60.426981372566132, -31.703732342021393 ], [ -60.426920643843061, -31.703749655420022 ], [ -60.426893880211367, -31.703757003879911 ], [ -60.426868179773003, -31.70376357683373 ], [ -60.426845402825975, -31.703768508285627 ], [ -60.426827395833101, -31.703771167345476 ], [ -60.426809210604659, -31.703771871226646 ], [ -60.426641785109496, -31.703766102110091 ], [ -60.426604924987117, -31.703764935456313 ], [ -60.426567287162911, -31.703763959128981 ], [ -60.426494849861015, -31.703763916915609 ], [ -60.426460312391555, -31.70376372282729 ], [ -60.426390745375983, -31.703762920388243 ], [ -60.426352677823424, -31.703762246653749 ], [ -60.426312780427097, -31.703763399555307 ], [ -60.4262763423568, -31.703765059937275 ], [ -60.42624228835804, -31.703765996900401 ], [ -60.426209373667611, -31.703765956221631 ], [ -60.426177429572945, -31.703764497123156 ], [ -60.426145000091097, -31.703761993389055 ], [ -60.426110864713721, -31.703758971909821 ], [ -60.426076735669206, -31.703756429320951 ], [ -60.426011147489099, -31.703751194817706 ], [ -60.42598087962881, -31.703748384895878 ], [ -60.425949581057871, -31.703745876557878 ], [ -60.425889399508733, -31.703742393653915 ], [ -60.425796062782418, -31.703736371887917 ], [ -60.425762801025833, -31.703734466505249 ], [ -60.425700914248331, -31.703732063260965 ], [ -60.425603618361727, -31.703731355081533 ], [ -60.425569220550415, -31.703729323562342 ], [ -60.425544892154257, -31.703724916179766 ], [ -60.425518362973051, -31.703715651599843 ], [ -60.425473636006316, -31.703701180649848 ], [ -60.425416964158075, -31.703691070800904 ], [ -60.425359002755457, -31.703686299205952 ], [ -60.425303684751093, -31.703683820417282 ], [ -60.42525346406299, -31.703683258030413 ], [ -60.425210754310967, -31.703682174605522 ], [ -60.425169623872407, -31.703680229365609 ], [ -60.425125922458164, -31.703679234595569 ], [ -60.425086194135403, -31.703679908090255 ], [ -60.425056512594566, -31.703679549245539 ], [ -60.42503442819136, -31.703677353198039 ], [ -60.425017664781741, -31.703674465799203 ], [ -60.424988811202596, -31.703666212937932 ], [ -60.424942052869348, -31.703654753140434 ], [ -60.424812948891812, -31.703651063168504 ], [ -60.424806507988798, -31.703649198341243 ], [ -60.42478605350437, -31.703641781784846 ], [ -60.424757491170311, -31.703627444651204 ], [ -60.424712237515429, -31.70360693002711 ], [ -60.424656197646165, -31.70358865946962 ], [ -60.424623078577405, -31.703580460768453 ], [ -60.424590042883672, -31.703573930697999 ], [ -60.42452740592848, -31.703562759268038 ], [ -60.424492337024482, -31.703557563061928 ], [ -60.424460322440062, -31.703554748432303 ], [ -60.424433809598504, -31.70355195029256 ], [ -60.424407690386481, -31.703548288800295 ], [ -60.42438055240909, -31.70354380582161 ], [ -60.424351623958785, -31.703538669006328 ], [ -60.424320112934296, -31.703533578443867 ], [ -60.42428663238924, -31.703529442687149 ], [ -60.424253834029301, -31.703526868940585 ], [ -60.424194838445018, -31.703523701057183 ], [ -60.424165333305019, -31.703522378106925 ], [ -60.424137433052714, -31.703521523848817 ], [ -60.424112230951891, -31.703520504043773 ], [ -60.424059374893915, -31.703517712234252 ], [ -60.424003133583788, -31.703516472641148 ], [ -60.423952216487649, -31.703520008477604 ], [ -60.423914415374107, -31.703523656149137 ], [ -60.42387744768444, -31.703527611480595 ], [ -60.423815646774436, -31.703536256157765 ], [ -60.423788730718648, -31.703540565079873 ], [ -60.423787050782032, -31.703537096161128 ], [ -60.423723722326969, -31.703495263880448 ], [ -60.423655158667572, -31.70347433951347 ], [ -60.423596040151196, -31.70346521466659 ], [ -60.423519610452679, -31.703460237566162 ], [ -60.423451714102512, -31.703495049413654 ], [ -60.423422468514268, -31.703522057967469 ], [ -60.423415570224449, -31.703525958321119 ], [ -60.423403292798255, -31.703531280132335 ], [ -60.423391084488934, -31.703534782801722 ], [ -60.423351012345847, -31.703541770220227 ], [ -60.423310714445968, -31.70354539064288 ], [ -60.423274122579926, -31.70354650469957 ], [ -60.423262986332887, -31.703545582865509 ], [ -60.423240176026113, -31.703525229802239 ], [ -60.423188573862539, -31.703490136702634 ], [ -60.423147281902445, -31.703472846837265 ], [ -60.423106126407255, -31.703461288361087 ], [ -60.423062745822314, -31.703454833923786 ], [ -60.423020821045604, -31.70345254718082 ], [ -60.422980779749629, -31.703453027997337 ], [ -60.422939237547283, -31.703455369870785 ], [ -60.42286114097751, -31.703465082713276 ], [ -60.42282442920876, -31.703468926402298 ], [ -60.422787502623038, -31.703471924401956 ], [ -60.422751980396903, -31.703473876440057 ], [ -60.422717772381255, -31.703474742844051 ], [ -60.422644010852743, -31.703476093593672 ], [ -60.422605825546661, -31.703476936290908 ], [ -60.422566334628094, -31.703478093518942 ], [ -60.422525507906329, -31.703480100791918 ], [ -60.42248435365466, -31.703483097084536 ], [ -60.422442804131606, -31.703486916940605 ], [ -60.422363381199936, -31.703496341467023 ], [ -60.422287516449209, -31.703504777566966 ], [ -60.422252906988305, -31.703508286409889 ], [ -60.422219135269337, -31.703512577268302 ], [ -60.422155961372212, -31.703521087672826 ], [ -60.4221268951719, -31.703524162827279 ], [ -60.422099321800459, -31.703526040725798 ], [ -60.422074155447014, -31.703526190635994 ], [ -60.4220489846223, -31.703524264956002 ], [ -60.422022147850882, -31.703520179012788 ], [ -60.421989203819102, -31.703512415148484 ], [ -60.421908314224382, -31.703491068767224 ], [ -60.421865271297932, -31.703480114931228 ], [ -60.421819835494333, -31.703469477278809 ], [ -60.421774686984136, -31.70346097731553 ], [ -60.421554715861511, -31.703422876048478 ], [ -60.42240047681593, -31.707395784268886 ] ] ] } },
{ "type": "Feature", "properties": { "ogc_fid": 376, "sec": 14.0, "gru": 331.0, "etiq": "14-331" }, "geometry": { "type": "Polygon", "coordinates": [ [ [ -60.412108598937998, -31.714029457091968 ], [ -60.41110272646285, -31.709169150541175 ], [ -60.405897760877181, -31.709985795771647 ], [ -60.405869997451852, -31.710117647024681 ], [ -60.405866053568424, -31.710139890559887 ], [ -60.405862392663785, -31.710178600658914 ], [ -60.405859927342021, -31.710218109599875 ], [ -60.405855243094038, -31.710256813937008 ], [ -60.405851306009069, -31.710295092025419 ], [ -60.405848808363913, -31.710334447753652 ], [ -60.4058471871097, -31.710373981062428 ], [ -60.405840694133907, -31.710411599914885 ], [ -60.405833280565439, -31.710443738440208 ], [ -60.405827052093905, -31.710474267897602 ], [ -60.405827351441836, -31.710504244486021 ], [ -60.405834271361527, -31.710533162873439 ], [ -60.405846770953509, -31.710561829019547 ], [ -60.405863786411366, -31.710590634104925 ], [ -60.405882585022546, -31.710619496641385 ], [ -60.405900751067293, -31.710648451373658 ], [ -60.405917718720993, -31.710678383917717 ], [ -60.405934049504353, -31.710709842615685 ], [ -60.405949581068469, -31.710744307020917 ], [ -60.405962442414349, -31.710780926331779 ], [ -60.405974027708893, -31.710817648907572 ], [ -60.405986772401192, -31.71085412429067 ], [ -60.406001571907012, -31.710890052018652 ], [ -60.40601647768478, -31.710923733796374 ], [ -60.406028798026057, -31.710954817454706 ], [ -60.406029405562002, -31.710987715057041 ], [ -60.406023390236825, -31.711023573783933 ], [ -60.40601236665475, -31.711060088772307 ], [ -60.405997772909529, -31.711095605053917 ], [ -60.405982048718002, -31.711128329193969 ], [ -60.405967708081498, -31.711161409667426 ], [ -60.405954692713479, -31.711193575049975 ], [ -60.405943164945498, -31.711225762750576 ], [ -60.405932819744741, -31.711258181166546 ], [ -60.405908431797037, -31.711324265302704 ], [ -60.405894803074212, -31.711358524926123 ], [ -60.405880043452164, -31.711392310166644 ], [ -60.405863826756359, -31.711425820469426 ], [ -60.405847575650576, -31.711458699583666 ], [ -60.405833046909017, -31.711492213528139 ], [ -60.405833803748706, -31.71152307246987 ], [ -60.405843718096456, -31.711549158526438 ], [ -60.405858033308938, -31.711578035331456 ], [ -60.405843111690288, -31.711637614028458 ], [ -60.40583817900653, -31.711665316562229 ], [ -60.405841056254062, -31.711691307775816 ], [ -60.405850856484101, -31.711715410121521 ], [ -60.405866051675375, -31.711735590277815 ], [ -60.405880668410731, -31.711756178106626 ], [ -60.405917562830204, -31.711797762258975 ], [ -60.405935464318574, -31.711821631381039 ], [ -60.405952029625091, -31.711846334457718 ], [ -60.405967291203282, -31.711869634795171 ], [ -60.405982298751788, -31.711890320570987 ], [ -60.40599611254509, -31.711910631368522 ], [ -60.406011169711213, -31.711930595501791 ], [ -60.406028277898436, -31.711949137195543 ], [ -60.406056804878865, -31.711968571429619 ], [ -60.406087167994173, -31.711980848129414 ], [ -60.406122440030344, -31.711991449780193 ], [ -60.406147996393713, -31.711999791667246 ], [ -60.406174822509911, -31.712006578320207 ], [ -60.406202430340933, -31.712011179997297 ], [ -60.406229411839107, -31.712017307792358 ], [ -60.40625542406854, -31.712023736280855 ], [ -60.406293237935316, -31.712026916568675 ], [ -60.406327279427025, -31.71201176521399 ], [ -60.406346755049583, -31.711994982827772 ], [ -60.406365080043514, -31.711978041772479 ], [ -60.406396475591933, -31.711973044657839 ], [ -60.406435032092276, -31.711962667713511 ], [ -60.406464589406241, -31.711952247297543 ], [ -60.406495564735422, -31.711942823408847 ], [ -60.406528469382465, -31.711935521730155 ], [ -60.406560791353229, -31.711927662753162 ], [ -60.406592433653991, -31.711918777825009 ], [ -60.406623383333546, -31.711908316858267 ], [ -60.406652863377793, -31.711894704091993 ], [ -60.406734249283765, -31.711852282960002 ], [ -60.406758783909453, -31.711839236073956 ], [ -60.406780637460713, -31.711825864051701 ], [ -60.406807281879232, -31.711807949447593 ], [ -60.406826293539346, -31.711788832673971 ], [ -60.406844819514362, -31.711769627262097 ], [ -60.406866302842346, -31.711748789078616 ], [ -60.406890133487551, -31.711724326977627 ], [ -60.40691665317955, -31.711702020733355 ], [ -60.406948695882221, -31.711685802389013 ], [ -60.406993890113135, -31.711658999417761 ], [ -60.40701893808496, -31.711647565156781 ], [ -60.40704493974102, -31.711639509788398 ], [ -60.407067066182385, -31.711633081100118 ], [ -60.407157964270404, -31.711539205774397 ], [ -60.407443987390785, -31.711333662076548 ], [ -60.407548590801369, -31.711288460678961 ], [ -60.407616264058994, -31.711278062457819 ], [ -60.407708588852387, -31.711264528103367 ], [ -60.407765567300807, -31.711266789916721 ], [ -60.40778687543304, -31.7112855434066 ], [ -60.40779287844299, -31.711314518724187 ], [ -60.407801189331032, -31.711342918493894 ], [ -60.407822372579297, -31.711364468115619 ], [ -60.407848999459091, -31.711388417282766 ], [ -60.407869026190447, -31.711408455485756 ], [ -60.407890153198778, -31.711431610570848 ], [ -60.407911189171259, -31.711458066718841 ], [ -60.407931598448911, -31.711488366754192 ], [ -60.407946267795609, -31.711520876648933 ], [ -60.407957746864703, -31.711552413731354 ], [ -60.407967553541241, -31.711580276610825 ], [ -60.407976811959259, -31.711608213391692 ], [ -60.407988451314431, -31.711637801959487 ], [ -60.408001590619897, -31.71166781861497 ], [ -60.408016340197157, -31.71169695532047 ], [ -60.408033481984056, -31.711725498165549 ], [ -60.408051940235239, -31.711753522739986 ], [ -60.408069785271245, -31.711783650587194 ], [ -60.408084314128118, -31.711817784245707 ], [ -60.408090823559661, -31.711853963715775 ], [ -60.408093570561661, -31.711891021004416 ], [ -60.408094394210288, -31.711927326893726 ], [ -60.408093715462812, -31.71196264555519 ], [ -60.408091705126587, -31.711997436386174 ], [ -60.408085528936908, -31.712030121199945 ], [ -60.408077561514297, -31.712060908840286 ], [ -60.408063478793203, -31.712090110756439 ], [ -60.408045268808245, -31.712118793787027 ], [ -60.408009430871367, -31.712169349002163 ], [ -60.407993302472583, -31.712193967034349 ], [ -60.407981134694879, -31.712222008444165 ], [ -60.407969685110189, -31.712281558230856 ], [ -60.407962331302052, -31.712307933848098 ], [ -60.407956356855607, -31.712333700811275 ], [ -60.407947116181958, -31.712360434186461 ], [ -60.407934501688274, -31.712387656336077 ], [ -60.407921204693444, -31.712415620185748 ], [ -60.407909101545933, -31.712443977029082 ], [ -60.407898811758649, -31.712472057514773 ], [ -60.407891261103366, -31.712499263460003 ], [ -60.407885659813921, -31.712525931076534 ], [ -60.407883127970571, -31.712554879575332 ], [ -60.407883816312179, -31.712586802899526 ], [ -60.407887249630207, -31.712621594347091 ], [ -60.407892380077513, -31.712656064717347 ], [ -60.407896146255808, -31.712689772878239 ], [ -60.407893464605834, -31.712723059759046 ], [ -60.407888771394724, -31.712754729742898 ], [ -60.407872673894936, -31.712817766511638 ], [ -60.407865765893192, -31.712849596893804 ], [ -60.407860593663735, -31.712880294409349 ], [ -60.407866182846597, -31.712906285912631 ], [ -60.407875094588327, -31.712929714548697 ], [ -60.40788747076671, -31.712954070026228 ], [ -60.407904032607583, -31.712977816890245 ], [ -60.40792951227413, -31.712997458854559 ], [ -60.40795927952, -31.713013263247131 ], [ -60.407990575191342, -31.713028765131142 ], [ -60.408023504702378, -31.713046354073121 ], [ -60.408089050944731, -31.713079963711685 ], [ -60.408120277035529, -31.713098838708653 ], [ -60.408149042390221, -31.7131171173348 ], [ -60.408175198322027, -31.713134574605082 ], [ -60.408200076078721, -31.713151657184582 ], [ -60.408246257528091, -31.713183948904046 ], [ -60.40827766081901, -31.713202318257949 ], [ -60.40831437374429, -31.713209334334607 ], [ -60.408353754259458, -31.713206367386118 ], [ -60.408380780636897, -31.713203367847306 ], [ -60.408407649165696, -31.713202866935394 ], [ -60.408434564761514, -31.713205883085575 ], [ -60.408463638884186, -31.713210344295046 ], [ -60.408492768882148, -31.713215517781059 ], [ -60.408521827525774, -31.713221259655096 ], [ -60.40858212728871, -31.713232429760204 ], [ -60.408613124151167, -31.713239896956033 ], [ -60.408643449746641, -31.713248259128079 ], [ -60.408675597181109, -31.713255866917226 ], [ -60.408708541382126, -31.713262326793568 ], [ -60.408740857530887, -31.71326750804651 ], [ -60.408772105001397, -31.713274379178554 ], [ -60.408799496444196, -31.713284852032675 ], [ -60.408822818910323, -31.71329607744536 ], [ -60.408858445970431, -31.71330565810301 ], [ -60.408888338319251, -31.713309043388985 ], [ -60.40892026371521, -31.713314126645773 ], [ -60.408953268739189, -31.713317610155727 ], [ -60.408988632985384, -31.713322592180422 ], [ -60.409025877063293, -31.713330418013527 ], [ -60.409063915392792, -31.713338926694195 ], [ -60.409101593174199, -31.713347012650406 ], [ -60.409138688266701, -31.713354541317681 ], [ -60.409174967662516, -31.713361306018609 ], [ -60.40921091463229, -31.713366845258939 ], [ -60.409245862436393, -31.713370683198061 ], [ -60.409279351079938, -31.713373777275255 ], [ -60.409313999096604, -31.713376615103535 ], [ -60.409350142891782, -31.713378925046669 ], [ -60.409424272315526, -31.713380139010237 ], [ -60.409503664225859, -31.713385710005578 ], [ -60.409544662770266, -31.713388419152654 ], [ -60.409585642001282, -31.713391534181433 ], [ -60.409626316558807, -31.713394938768104 ], [ -60.409667431473501, -31.713400118573034 ], [ -60.409708265234407, -31.713408536912528 ], [ -60.409748576429152, -31.713420474136385 ], [ -60.409788010809535, -31.713434542533378 ], [ -60.409827959009483, -31.713447896804393 ], [ -60.409867581402843, -31.713459132760775 ], [ -60.409907461084195, -31.7134688978608 ], [ -60.409949831412156, -31.713481252270583 ], [ -60.410037937188555, -31.713508277000724 ], [ -60.410082507227557, -31.713519433848983 ], [ -60.410127101811007, -31.713526577366693 ], [ -60.410170576053815, -31.71353325551047 ], [ -60.410212862737133, -31.713540974588526 ], [ -60.410253800318614, -31.713548986585646 ], [ -60.410294957879131, -31.713559036044412 ], [ -60.410339381426276, -31.713570454810625 ], [ -60.410387062104974, -31.713581231782147 ], [ -60.410437184597797, -31.713590693191833 ], [ -60.410463199993018, -31.713595281030738 ], [ -60.410489303961448, -31.713600815522437 ], [ -60.410515338375419, -31.713607324231525 ], [ -60.410541187266894, -31.713614825568428 ], [ -60.410566658315261, -31.713622770023619 ], [ -60.410591634955786, -31.713631040732086 ], [ -60.410638454030398, -31.71364738480279 ], [ -60.410727010126436, -31.713683146537328 ], [ -60.410774271708263, -31.713699344836186 ], [ -60.41082144512982, -31.713714686643261 ], [ -60.41086887084866, -31.713729820194111 ], [ -60.410963527723702, -31.713763803494476 ], [ -60.41100877138615, -31.713776941917573 ], [ -60.411051835349475, -31.713786236449216 ], [ -60.411093157524085, -31.713792903178156 ], [ -60.411133175898499, -31.7138005661336 ], [ -60.411172304425911, -31.713809792147725 ], [ -60.411212395944396, -31.713819682413487 ], [ -60.411254935240088, -31.713829609863847 ], [ -60.411300099471923, -31.713839077907007 ], [ -60.411348940123347, -31.713847289519254 ], [ -60.411399136579782, -31.713854333350707 ], [ -60.411448534240186, -31.713862056128065 ], [ -60.411497346498045, -31.713873388178179 ], [ -60.411545152319881, -31.71388854730484 ], [ -60.411569341979096, -31.713897749266962 ], [ -60.411707470047311, -31.713976186448672 ], [ -60.411995359278087, -31.714046352225999 ], [ -60.412108598937998, -31.714029457091968 ] ] ] } },
{ "type": "Feature", "properties": { "ogc_fid": 377, "sec": 14.0, "gru": 316.0, "etiq": "14-316" }, "geometry": { "type": "Polygon", "coordinates": [ [ [ -60.430056286959299, -31.716286119979284 ], [ -60.429061734510185, -31.711428508021001 ], [ -60.423490924523435, -31.712331008671178 ], [ -60.424446936550233, -31.717126490324755 ], [ -60.429681635265439, -31.716326161155489 ], [ -60.430056286959299, -31.716286119979284 ] ] ] } },
{ "type": "Feature", "properties": { "ogc_fid": 378, "sec": 14.0, "gru": 317.0, "etiq": "14-317" }, "geometry": { "type": "Polygon", "coordinates": [ [ [ -60.428052564290169, -31.70649895440356 ], [ -60.42240047681593, -31.707395784268886 ], [ -60.423112198844407, -31.710738776865465 ], [ -60.423490924523435, -31.712331008671178 ], [ -60.429061734510185, -31.711428508021001 ], [ -60.428052564290169, -31.70649895440356 ] ] ] } },
{ "type": "Feature", "properties": { "ogc_fid": 379, "sec": 14.0, "gru": 306.0, "etiq": "14-306" }, "geometry": { "type": "Polygon", "coordinates": [ [ [ -60.428052564290169, -31.70649895440356 ], [ -60.433598733758835, -31.705627610413739 ], [ -60.43331955822741, -31.704319986760257 ], [ -60.432934918016961, -31.702325253281888 ], [ -60.432860448586275, -31.702330402710018 ], [ -60.432668162724603, -31.702372719819479 ], [ -60.43263328159744, -31.702389839130774 ], [ -60.432607632815333, -31.702401756032145 ], [ -60.432579259463331, -31.70241327679123 ], [ -60.432546472419475, -31.70242774748499 ], [ -60.432516594058846, -31.702442805979196 ], [ -60.432464904947338, -31.702470535906272 ], [ -60.432441096410948, -31.702482653299256 ], [ -60.432418977517592, -31.70249307226797 ], [ -60.432366157862198, -31.702513857245993 ], [ -60.432337807113406, -31.702525593957184 ], [ -60.432201705797596, -31.70258397338489 ], [ -60.43214994194863, -31.702606447068764 ], [ -60.43210763245721, -31.702624605329451 ], [ -60.432073769653535, -31.70263762105283 ], [ -60.432056773544787, -31.702642858664131 ], [ -60.431992266982029, -31.702627091320036 ], [ -60.431930672234216, -31.70262010523447 ], [ -60.431894570716416, -31.702620019211768 ], [ -60.431861791931922, -31.702621381708749 ], [ -60.431829786689512, -31.702623489247546 ], [ -60.43179794669831, -31.702626140733763 ], [ -60.431733921026442, -31.702632382251242 ], [ -60.431701010630803, -31.702636798618322 ], [ -60.431474744781454, -31.702668863707242 ], [ -60.431417571589449, -31.70267764211723 ], [ -60.431357169679949, -31.702687182730177 ], [ -60.431296416978448, -31.702696283835191 ], [ -60.431267604050696, -31.70270045457249 ], [ -60.431239654656288, -31.702703640930821 ], [ -60.431209415404197, -31.702706286403796 ], [ -60.431174598450525, -31.702709084836879 ], [ -60.431136178351416, -31.702713206317405 ], [ -60.430934477729657, -31.702742105711774 ], [ -60.430892573574333, -31.702747908493542 ], [ -60.430852004655023, -31.702752979724323 ], [ -60.430729686563922, -31.702766596556256 ], [ -60.430648016103262, -31.702776812179138 ], [ -60.430605204581539, -31.702782647502261 ], [ -60.430562433160887, -31.70278956510278 ], [ -60.430520492443094, -31.702796747483191 ], [ -60.430400350180967, -31.702817919460873 ], [ -60.430363491120509, -31.702824717882311 ], [ -60.430292722246428, -31.702838537829635 ], [ -60.430259125099127, -31.702843967292218 ], [ -60.430222564678573, -31.702849088376585 ], [ -60.430140715542208, -31.702860228656156 ], [ -60.43009678799973, -31.702867070454484 ], [ -60.430053223522705, -31.702874942743083 ], [ -60.430011026808451, -31.702883167920859 ], [ -60.429969895939301, -31.702891522114712 ], [ -60.429928765078614, -31.702900917414166 ], [ -60.429889548147827, -31.702911825970912 ], [ -60.42985359640516, -31.702922659962795 ], [ -60.429785162966049, -31.702944121651282 ], [ -60.42971933368019, -31.702965011363492 ], [ -60.429656610749824, -31.702983546976803 ], [ -60.429589048652183, -31.703000268545711 ], [ -60.429553674004659, -31.703010150840903 ], [ -60.429522871661952, -31.703020034748885 ], [ -60.429493641072362, -31.703029698740757 ], [ -60.429465726058389, -31.70303912682888 ], [ -60.429439147880174, -31.703047542395797 ], [ -60.429414532974626, -31.703054527562518 ], [ -60.429348872586928, -31.703067463798373 ], [ -60.429275652252471, -31.703082890721163 ], [ -60.42923851424986, -31.703090842322343 ], [ -60.429165045179857, -31.703107108526005 ], [ -60.429127507248772, -31.703116301328848 ], [ -60.429089861290294, -31.703127003752748 ], [ -60.429053769372352, -31.703139308322584 ], [ -60.429021325689185, -31.703151883538904 ], [ -60.428962154851412, -31.70317598113995 ], [ -60.428932099361134, -31.703188468146376 ], [ -60.428901992260478, -31.703201263806356 ], [ -60.428843055163007, -31.703227078166346 ], [ -60.428814589669976, -31.703239383360007 ], [ -60.428786863363719, -31.703250707715579 ], [ -60.428758924848019, -31.703261190788016 ], [ -60.428699692082546, -31.703282569588097 ], [ -60.42864576487294, -31.703303275733557 ], [ -60.428622413607286, -31.703311725398873 ], [ -60.428601130749456, -31.70331834044374 ], [ -60.428580639573809, -31.70332327805616 ], [ -60.428558326452979, -31.703327068476828 ], [ -60.428470557623207, -31.703337814874949 ], [ -60.428434217171848, -31.703342624996619 ], [ -60.428395521196997, -31.70334912582355 ], [ -60.428357240590969, -31.703357126505363 ], [ -60.428320442022375, -31.703365749881492 ], [ -60.428284345014106, -31.703374651017715 ], [ -60.428248263340578, -31.703384246763136 ], [ -60.428212572620573, -31.703394268471364 ], [ -60.428142933360796, -31.703414236771255 ], [ -60.428072192095748, -31.703433387266145 ], [ -60.428036334029549, -31.703443557887166 ], [ -60.427967617456801, -31.703464064661784 ], [ -60.427932709144827, -31.703474750491772 ], [ -60.42789817208039, -31.703485614653477 ], [ -60.427863483469316, -31.703496999583994 ], [ -60.427829562830098, -31.703509075119854 ], [ -60.427798690823501, -31.70352080479649 ], [ -60.42777009921415, -31.703531953801214 ], [ -60.427744081168029, -31.703541782306811 ], [ -60.427718687376633, -31.703550367238535 ], [ -60.427663338898, -31.703567280136706 ], [ -60.427608971223215, -31.703582650000886 ], [ -60.427580983133552, -31.703590787812477 ], [ -60.427552432809343, -31.703599735327671 ], [ -60.427522181197503, -31.703609989387832 ], [ -60.427489945665727, -31.703622614851106 ], [ -60.427466134550173, -31.70363413396748 ], [ -60.428052564290169, -31.70649895440356 ] ] ] } },
{ "type": "Feature", "properties": { "ogc_fid": 390, "sec": 10.0, "gru": 1.0, "etiq": "10-1" }, "geometry": { "type": "Polygon", "coordinates": [ [ [ -60.563096580126789, -31.710668522381344 ], [ -60.563468101436627, -31.710628691210786 ], [ -60.566340859767458, -31.710605801236824 ], [ -60.566997678775479, -31.710610668062159 ], [ -60.567990866857102, -31.710427168935279 ], [ -60.568582453637248, -31.710206523514401 ], [ -60.569119402423915, -31.710001691321807 ], [ -60.56990211260706, -31.709710112408033 ], [ -60.570621203745553, -31.709457743469965 ], [ -60.571340195461616, -31.709189798863761 ], [ -60.571946548356237, -31.708971622588752 ], [ -60.572525500962662, -31.709480696524952 ], [ -60.573128501372999, -31.710536651056874 ], [ -60.57354952405634, -31.710590084296179 ], [ -60.574101400071875, -31.710703118894177 ], [ -60.574264124463525, -31.710808547311174 ], [ -60.574397580289052, -31.710698346740102 ], [ -60.57441817660186, -31.710530864012064 ], [ -60.57422178738296, -31.710290438506313 ], [ -60.574158026804028, -31.710406397993584 ], [ -60.574037626159139, -31.710349960753224 ], [ -60.573818476423789, -31.709872821682165 ], [ -60.573426308053818, -31.709441435142587 ], [ -60.573675083547144, -31.709233800459337 ], [ -60.573260963051396, -31.708881998701628 ], [ -60.573183627820171, -31.708936800321357 ], [ -60.572715169506068, -31.708565735889241 ], [ -60.572528640342369, -31.708705594332507 ], [ -60.571419278079212, -31.707788945802353 ], [ -60.571361621296482, -31.707845889089054 ], [ -60.570359620166784, -31.706943090022399 ], [ -60.570148794827752, -31.706801073712352 ], [ -60.56925155140943, -31.706320467698554 ], [ -60.56889211432209, -31.706072360865704 ], [ -60.568663451417898, -31.705879223988681 ], [ -60.568442535043651, -31.705796461670278 ], [ -60.568217370480866, -31.705767433570987 ], [ -60.568056327459395, -31.70573476844654 ], [ -60.567954058495538, -31.705648788743858 ], [ -60.567677278957611, -31.705629187250597 ], [ -60.567562342624008, -31.705652736129998 ], [ -60.567489722871144, -31.705640698827377 ], [ -60.567265106587016, -31.705655526562424 ], [ -60.56700402968535, -31.705690623120411 ], [ -60.56697302844627, -31.705713951229754 ], [ -60.566882213930747, -31.705710644222961 ], [ -60.566884470907553, -31.705704969412054 ], [ -60.565913879437687, -31.70551255935893 ], [ -60.565729934727187, -31.705470541293824 ], [ -60.565601006402019, -31.70540383090588 ], [ -60.565425094560702, -31.705356689937709 ], [ -60.565249573303703, -31.705315113341118 ], [ -60.565176045345837, -31.705329811630016 ], [ -60.5651562916199, -31.705332341192143 ], [ -60.565128688343577, -31.705327312255761 ], [ -60.56419903283345, -31.705244612903329 ], [ -60.56420040009732, -31.705264647604999 ], [ -60.564138873974166, -31.70527581199503 ], [ -60.564171897472335, -31.705491784321701 ], [ -60.564256360974291, -31.705954657835022 ], [ -60.564300651658471, -31.706196942819261 ], [ -60.564365335243686, -31.706551196372839 ], [ -60.563899146508852, -31.706591935067117 ], [ -60.563478004510571, -31.706628735781688 ], [ -60.562877437146902, -31.706711196458418 ], [ -60.561835308451826, -31.706949601505361 ], [ -60.562021595806172, -31.707911066887142 ], [ -60.562205464360169, -31.708832816098486 ], [ -60.562363993938682, -31.709538554697367 ], [ -60.562449032320835, -31.709676637322005 ], [ -60.562639506478625, -31.70993336815544 ], [ -60.56274250121421, -31.710201434400989 ], [ -60.562915318600119, -31.710616445536505 ], [ -60.563096580126789, -31.710668522381344 ] ] ] } },
{ "type": "Feature", "properties": { "ogc_fid": 381, "sec": 14.0, "gru": 281.0, "etiq": "14-281" }, "geometry": { "type": "Polygon", "coordinates": [ [ [ -60.438580867386371, -31.701506692967818 ], [ -60.438560400824315, -31.701518260251422 ], [ -60.438389910043689, -31.701575744403186 ], [ -60.438309627691027, -31.701594984362927 ], [ -60.43829587720662, -31.701598539012782 ], [ -60.438286485193068, -31.701598035621064 ], [ -60.4382345931609, -31.701590152281774 ], [ -60.438162687698636, -31.701600966593478 ], [ -60.438102771962356, -31.701615547237562 ], [ -60.438047247698854, -31.701635073320858 ], [ -60.438000770943766, -31.701654435332788 ], [ -60.437964079586393, -31.701670477414545 ], [ -60.437932777817721, -31.701682475550172 ], [ -60.43789813212517, -31.701693558759683 ], [ -60.437860159543291, -31.701708491762009 ], [ -60.437798879788268, -31.701774426872152 ], [ -60.437744916499923, -31.701771219321795 ], [ -60.437671399711533, -31.701779219402816 ], [ -60.437588073068575, -31.701814672451913 ], [ -60.437565766840137, -31.70182341873512 ], [ -60.43754312591367, -31.701831757286939 ], [ -60.437520910344467, -31.701839152916737 ], [ -60.437497323739841, -31.701846052956199 ], [ -60.437418352717856, -31.701867830737719 ], [ -60.437370742584179, -31.701880679821887 ], [ -60.437327266405823, -31.701890646890419 ], [ -60.437283508761567, -31.701899107233061 ], [ -60.437238664367456, -31.701908201002741 ], [ -60.437192113072328, -31.701919378195175 ], [ -60.437139630637446, -31.701937240536974 ], [ -60.437093819033031, -31.701965635181239 ], [ -60.437063055035793, -31.701991827167749 ], [ -60.437035299962957, -31.702018489497309 ], [ -60.437015562808575, -31.702021528662076 ], [ -60.436969022811809, -31.702027806436387 ], [ -60.436882421620986, -31.702063263884664 ], [ -60.436872576237313, -31.702087301227351 ], [ -60.436856583180827, -31.702091022910132 ], [ -60.436772541792955, -31.702111372365273 ], [ -60.436680732148645, -31.702131517252141 ], [ -60.436629750322695, -31.702138984697758 ], [ -60.436567411268847, -31.702147845598141 ], [ -60.436559202607825, -31.702148484658974 ], [ -60.436544870342054, -31.702147757336096 ], [ -60.436496309146115, -31.702139155050308 ], [ -60.436470720246625, -31.702131169460245 ], [ -60.436404938525023, -31.702121028083091 ], [ -60.436333934964182, -31.702131128617779 ], [ -60.436297294041871, -31.702140732454335 ], [ -60.436264510284737, -31.702150114304011 ], [ -60.43623100944238, -31.702160703716036 ], [ -60.4361982273793, -31.702172139619922 ], [ -60.436135423339614, -31.702194801268508 ], [ -60.436045610826106, -31.702228007326973 ], [ -60.435987305268192, -31.70224886477714 ], [ -60.435957654458207, -31.702259648960997 ], [ -60.435874214633223, -31.702291530507718 ], [ -60.435848754062683, -31.70230103956478 ], [ -60.435823729985991, -31.702309642890228 ], [ -60.435797316425415, -31.702318021297955 ], [ -60.435769464547043, -31.702326567169251 ], [ -60.435714912263407, -31.70234298829315 ], [ -60.435693208555229, -31.702349106023881 ], [ -60.435674893887729, -31.702353245624359 ], [ -60.435624901943207, -31.702360653818307 ], [ -60.435567673014589, -31.702371941985426 ], [ -60.435537812058861, -31.702379741640666 ], [ -60.435460601227334, -31.702401061508649 ], [ -60.435439481555242, -31.702405982179336 ], [ -60.435417090203167, -31.702409682729883 ], [ -60.435364924588512, -31.702417099464128 ], [ -60.435255297177058, -31.702432035130663 ], [ -60.435150585075633, -31.702446756973977 ], [ -60.43499956635219, -31.702468299168501 ], [ -60.434968396186498, -31.702472359518556 ], [ -60.434937314725424, -31.70247540496986 ], [ -60.43490652432223, -31.70247766314063 ], [ -60.434878222554616, -31.702479104674282 ], [ -60.434825840520759, -31.702480862144494 ], [ -60.434779448875332, -31.702480535849183 ], [ -60.434726669886587, -31.702478403130911 ], [ -60.434695605604375, -31.702477606967499 ], [ -60.434665918907292, -31.702478056121194 ], [ -60.434639754276603, -31.702478228675435 ], [ -60.434613465964254, -31.702477715802296 ], [ -60.434495550319028, -31.702473710176431 ], [ -60.434468239485099, -31.702472419261792 ], [ -60.434441918509812, -31.702470487167407 ], [ -60.434415159141338, -31.702467737439495 ], [ -60.434387586285027, -31.702464513378317 ], [ -60.434360385290937, -31.702461070029841 ], [ -60.434305192305047, -31.702453338361739 ], [ -60.434275978183834, -31.702449737317561 ], [ -60.434247738749136, -31.702446499238725 ], [ -60.434192054653536, -31.702439827753899 ], [ -60.434161887379652, -31.70243672769552 ], [ -60.434131407413211, -31.702434281504974 ], [ -60.434073706236624, -31.702430677321839 ], [ -60.434015271911122, -31.702426567041229 ], [ -60.433956285618962, -31.702422624527124 ], [ -60.43393054357216, -31.702420511370569 ], [ -60.433907159102745, -31.702417729919279 ], [ -60.433882519227616, -31.702413987807812 ], [ -60.433855929730832, -31.702409418289285 ], [ -60.433829008852612, -31.702404562268782 ], [ -60.433801836657899, -31.702399375647655 ], [ -60.433772859564023, -31.702394040288855 ], [ -60.433741609377968, -31.702388894967047 ], [ -60.433708484685859, -31.702384835231189 ], [ -60.433671394058202, -31.702382040365567 ], [ -60.433632194503645, -31.702382152055282 ], [ -60.433598095798978, -31.702383168226035 ], [ -60.43356651657168, -31.702383576615063 ], [ -60.433534437201807, -31.702383242263284 ], [ -60.433501228380166, -31.702382325052554 ], [ -60.433434255026476, -31.702379800383284 ], [ -60.433402639646594, -31.702378384142587 ], [ -60.433372171018533, -31.702376767012765 ], [ -60.433343053751265, -31.702374764331015 ], [ -60.433316742385372, -31.702372021614256 ], [ -60.433293169803974, -31.702368366432513 ], [ -60.433269704287824, -31.702363069085468 ], [ -60.433243307180334, -31.702355695537126 ], [ -60.433206602992662, -31.702344689544592 ], [ -60.433028952119713, -31.702318750928718 ], [ -60.432934918016961, -31.702325253281888 ], [ -60.43331955822741, -31.704319986760257 ], [ -60.433598733758835, -31.705627610413739 ], [ -60.439243689938941, -31.70472244351701 ], [ -60.438580867386371, -31.701506692967818 ] ] ] } },
{ "type": "Feature", "properties": { "ogc_fid": 382, "sec": 14.0, "gru": 262.0, "etiq": "14-262" }, "geometry": { "type": "Polygon", "coordinates": [ [ [ -60.444087594866609, -31.699229174025277 ], [ -60.444064804930285, -31.699247668379503 ], [ -60.443910566305419, -31.699339442212029 ], [ -60.44388028835796, -31.699336643609701 ], [ -60.443831378655929, -31.699339869376448 ], [ -60.443779166331737, -31.69934459102711 ], [ -60.443719323659217, -31.699362225177268 ], [ -60.443665665062518, -31.699389446473731 ], [ -60.443641472489922, -31.699407647354271 ], [ -60.443552556824002, -31.699444446957756 ], [ -60.443545555714046, -31.699445978439279 ], [ -60.443075450333339, -31.699625088890286 ], [ -60.442875480814131, -31.699695459625961 ], [ -60.442811421508644, -31.699706403845671 ], [ -60.442780089569425, -31.699712334449764 ], [ -60.442748033763806, -31.699719277007691 ], [ -60.442716822255235, -31.699726888556615 ], [ -60.442657115328203, -31.699742093924048 ], [ -60.442592419392398, -31.699757872818878 ], [ -60.442557352050272, -31.699766941393293 ], [ -60.442518514275569, -31.699777942780027 ], [ -60.442478692497829, -31.699792409103367 ], [ -60.442442045877677, -31.699807718919704 ], [ -60.442409006020249, -31.699822544199918 ], [ -60.442375768087487, -31.699837754677841 ], [ -60.442344548159795, -31.699853309254902 ], [ -60.442245434213206, -31.699905887802426 ], [ -60.442220806437369, -31.699917677746697 ], [ -60.442191757037577, -31.699930981826864 ], [ -60.442160763186841, -31.69994558300197 ], [ -60.442129620532377, -31.699960658736511 ], [ -60.442068229446477, -31.699991042692606 ], [ -60.442037868038874, -31.700005705330785 ], [ -60.441975861874852, -31.700035107509272 ], [ -60.441917826674, -31.70006363646128 ], [ -60.441859023951501, -31.700091362425532 ], [ -60.441828122862979, -31.700106769787016 ], [ -60.44179820438535, -31.700122178792807 ], [ -60.441738729782301, -31.70015299054467 ], [ -60.441678937169748, -31.700184292895337 ], [ -60.441651081875193, -31.700198139335342 ], [ -60.441623887669465, -31.700210337680346 ], [ -60.441596325978146, -31.700221230755467 ], [ -60.441566202011536, -31.700231688730323 ], [ -60.441536208018462, -31.700241895891789 ], [ -60.441508052236948, -31.700251967315815 ], [ -60.44148156191504, -31.700261174084169 ], [ -60.441424565523995, -31.700279763955734 ], [ -60.441393510662458, -31.700290337125033 ], [ -60.441361691345996, -31.700302020875288 ], [ -60.441298191652486, -31.700326703957256 ], [ -60.441265740219393, -31.700339471624439 ], [ -60.441199757083538, -31.700365557177349 ], [ -60.441165238263828, -31.700379572710869 ], [ -60.441134697051645, -31.700393075320548 ], [ -60.441078911064167, -31.700418306792443 ], [ -60.441052464004592, -31.700429574580838 ], [ -60.441025787166595, -31.700440090253192 ], [ -60.440997447282946, -31.700450047811621 ], [ -60.44093374442501, -31.700471204471949 ], [ -60.440867174023602, -31.7004936529923 ], [ -60.440832688103811, -31.700505493708622 ], [ -60.440796671697115, -31.700518431397793 ], [ -60.440757832653752, -31.700533816891884 ], [ -60.440721444002186, -31.700551026691606 ], [ -60.44069208399192, -31.700567207310542 ], [ -60.44066643227417, -31.700581595603012 ], [ -60.440644625042388, -31.700593321459831 ], [ -60.440558243590338, -31.700629789750913 ], [ -60.440523537912682, -31.700645004420558 ], [ -60.440488043447246, -31.700661392127756 ], [ -60.440452189737975, -31.700678763911789 ], [ -60.440416343694046, -31.700697078878612 ], [ -60.440380831927783, -31.700715930602676 ], [ -60.440345566715962, -31.700735201165312 ], [ -60.440252502969813, -31.700788276155361 ], [ -60.440224933459064, -31.700803808918735 ], [ -60.440197652199856, -31.700818540218595 ], [ -60.440170121222152, -31.700832821268328 ], [ -60.4401428634837, -31.700846279924821 ], [ -60.440115698510461, -31.700859120204644 ], [ -60.440087888478381, -31.700871427934022 ], [ -60.440028357743472, -31.700896805888423 ], [ -60.439998751039944, -31.700909053361062 ], [ -60.439939240376816, -31.700932701709256 ], [ -60.439911337273841, -31.700943471182924 ], [ -60.439884355925741, -31.70095362704275 ], [ -60.439859489588322, -31.700962700954634 ], [ -60.439836039540054, -31.700970710434081 ], [ -60.439784140966388, -31.700986476407614 ], [ -60.439755028622258, -31.700995837520672 ], [ -60.439725387613095, -31.701006224440722 ], [ -60.439698287610078, -31.701016471363015 ], [ -60.439299567840109, -31.701156161397098 ], [ -60.439289894252624, -31.701158290435352 ], [ -60.438903543168607, -31.701296904015607 ], [ -60.438772508816967, -31.701382940489307 ], [ -60.438757429046817, -31.701399090323847 ], [ -60.438743637123672, -31.701414698612048 ], [ -60.438580867386371, -31.701506692967818 ], [ -60.439243689938941, -31.70472244351701 ], [ -60.444596277201917, -31.703909879182085 ], [ -60.445054692426716, -31.703834565342039 ], [ -60.444087594866609, -31.699229174025277 ] ] ] } },
{ "type": "Feature", "properties": { "ogc_fid": 383, "sec": 14.0, "gru": 217.0, "etiq": "14-217" }, "geometry": { "type": "Polygon", "coordinates": [ [ [ -60.44972551404345, -31.698666732755765 ], [ -60.449682442486662, -31.698645402155776 ], [ -60.44964204388387, -31.698632790242009 ], [ -60.449601119963418, -31.698625158863468 ], [ -60.449560159849398, -31.698621687718138 ], [ -60.449519001470208, -31.69862219875807 ], [ -60.449479571726577, -31.698625080984833 ], [ -60.449440125345866, -31.698630198308784 ], [ -60.449403663517721, -31.698637244438761 ], [ -60.449372623601434, -31.698644058028666 ], [ -60.449313307131256, -31.69865760440554 ], [ -60.449254155204194, -31.69867147910821 ], [ -60.449226716309127, -31.698677444783318 ], [ -60.449201634683178, -31.698681845708123 ], [ -60.449175087870117, -31.69868470693719 ], [ -60.449144312562311, -31.698687034230502 ], [ -60.449075694298102, -31.698691191139297 ], [ -60.449005222489639, -31.698696545351488 ], [ -60.448971715582012, -31.698698860412723 ], [ -60.448939261526114, -31.698700495547726 ], [ -60.448907118072533, -31.698701470529837 ], [ -60.448874719900914, -31.698701963212777 ], [ -60.448840467544564, -31.698702138571729 ], [ -60.448772668198657, -31.698703648300654 ], [ -60.448742175769915, -31.698704029764308 ], [ -60.448711909462205, -31.698703916462307 ], [ -60.44868074765494, -31.698703284441226 ], [ -60.448648708897437, -31.698702226357458 ], [ -60.448616816140309, -31.698700917383551 ], [ -60.448585979761063, -31.698699247334826 ], [ -60.448557797767549, -31.698697098636774 ], [ -60.448533057169726, -31.698693974012865 ], [ -60.448508998919529, -31.698689505671563 ], [ -60.448483696467918, -31.698683931616635 ], [ -60.44845836347686, -31.69867790108426 ], [ -60.44843384056567, -31.698671510545861 ], [ -60.448409628542208, -31.698664724266465 ], [ -60.448383446288126, -31.698656957983978 ], [ -60.448354498669183, -31.698649212241136 ], [ -60.448326055642866, -31.698642575298354 ], [ -60.448298563848347, -31.698636550465991 ], [ -60.448268510038531, -31.698630400919765 ], [ -60.448232202380197, -31.698624823194525 ], [ -60.448191539540161, -31.698621782244867 ], [ -60.448153376393179, -31.698621773968078 ], [ -60.448088737735155, -31.698624012381917 ], [ -60.448028579888124, -31.698625418913888 ], [ -60.447991643653658, -31.698627659434347 ], [ -60.447921741175868, -31.698640226290483 ], [ -60.447863681701264, -31.698663272796594 ], [ -60.447824723499323, -31.698682091281562 ], [ -60.447800679171301, -31.698666402770481 ], [ -60.447770498108071, -31.698651124070274 ], [ -60.447743119408734, -31.698638157657193 ], [ -60.447711740372824, -31.698624512420352 ], [ -60.447671801928756, -31.698611654445745 ], [ -60.447628883621555, -31.698603845071144 ], [ -60.447590444321598, -31.698599992420789 ], [ -60.447557592211297, -31.698598440960872 ], [ -60.447531088597749, -31.69859685026897 ], [ -60.447504989228044, -31.698594933499397 ], [ -60.447448813233038, -31.69859034222814 ], [ -60.44741776198525, -31.698588112937625 ], [ -60.447383834067871, -31.698586620770364 ], [ -60.447345734213918, -31.698586786765262 ], [ -60.447239479763589, -31.698592861930262 ], [ -60.447133605682879, -31.698598041851337 ], [ -60.447097982088536, -31.698600332754122 ], [ -60.447062093575127, -31.698603148001379 ], [ -60.447000175866201, -31.698610469034044 ], [ -60.446971842490626, -31.698613603252586 ], [ -60.446920618873989, -31.698617981007178 ], [ -60.446897521980254, -31.698619095286109 ], [ -60.446872445610005, -31.698619884172157 ], [ -60.44684591896597, -31.698620153522455 ], [ -60.446786964397035, -31.698620141433683 ], [ -60.44675671266365, -31.698620738436411 ], [ -60.446728697085462, -31.698621097794842 ], [ -60.446702754001166, -31.698621188665712 ], [ -60.446596847275565, -31.698618625893094 ], [ -60.446542209298151, -31.698623236694011 ], [ -60.446489248955885, -31.698630970171138 ], [ -60.446441440669389, -31.698644549386792 ], [ -60.446408373601209, -31.698655849949155 ], [ -60.446374520948794, -31.698663549650991 ], [ -60.446331416753615, -31.698671596884239 ], [ -60.446296703908672, -31.698677388676948 ], [ -60.4462638213082, -31.698677503742712 ], [ -60.446224004492926, -31.698675144265142 ], [ -60.446180416050382, -31.698670291572569 ], [ -60.446122273222471, -31.698666019865598 ], [ -60.446076029427815, -31.69867426576209 ], [ -60.445994828253554, -31.698682881556852 ], [ -60.445941123978336, -31.698704655870738 ], [ -60.445892302547655, -31.698732641082874 ], [ -60.44588426696729, -31.698742283869176 ], [ -60.44585173693082, -31.698736724821874 ], [ -60.445774911551389, -31.698737656215542 ], [ -60.445713320174825, -31.698763643537564 ], [ -60.44567806940524, -31.698783298859958 ], [ -60.445650299853476, -31.698796209125138 ], [ -60.445621039766827, -31.698806994793461 ], [ -60.445597570356163, -31.698813689165203 ], [ -60.445574602896492, -31.698815342291162 ], [ -60.44553087097848, -31.698814630371732 ], [ -60.445459812815763, -31.698821267770825 ], [ -60.445395225695329, -31.698852685285267 ], [ -60.445365707356032, -31.698873734137894 ], [ -60.445318919770557, -31.698847376853276 ], [ -60.445249879578604, -31.698837345488116 ], [ -60.445204649738329, -31.698835494159432 ], [ -60.445170658303894, -31.698832919530876 ], [ -60.445134076655961, -31.698828455741086 ], [ -60.444995264523946, -31.69882205972436 ], [ -60.444979608395286, -31.698915027852141 ], [ -60.444978783662755, -31.698914634717038 ], [ -60.444929089402372, -31.698897100476149 ], [ -60.444879611133317, -31.698885470406747 ], [ -60.444822155948806, -31.698879807678885 ], [ -60.444734404892664, -31.69889873493425 ], [ -60.444689690695384, -31.698944381384464 ], [ -60.444667165165036, -31.698971141403888 ], [ -60.444647032396553, -31.698992382649884 ], [ -60.444628247476771, -31.699009412040816 ], [ -60.444607057059052, -31.699022907230457 ], [ -60.444577480546002, -31.699037298480594 ], [ -60.444543546612216, -31.699052419199255 ], [ -60.444510445623436, -31.699065070446199 ], [ -60.444470997071626, -31.699076648379403 ], [ -60.444425077423872, -31.699091580017217 ], [ -60.444341976572673, -31.6991202949119 ], [ -60.444305192200403, -31.699131502955474 ], [ -60.44426694957145, -31.699143485803788 ], [ -60.444228572573216, -31.699156565486994 ], [ -60.444188018935037, -31.699172357711458 ], [ -60.44411053047012, -31.699210561448592 ], [ -60.444087594866609, -31.699229174025277 ], [ -60.445054692426716, -31.703834565342039 ], [ -60.44724317340642, -31.703519907053686 ], [ -60.448745680682215, -31.703313894736809 ], [ -60.450648805649294, -31.703019244599183 ], [ -60.45050119702627, -31.702357649729041 ], [ -60.450317021523311, -31.70158566706349 ], [ -60.44972551404345, -31.698666732755765 ] ] ] } },
{ "type": "Feature", "properties": { "ogc_fid": 384, "sec": 14.0, "gru": 179.0, "etiq": "14-179" }, "geometry": { "type": "Polygon", "coordinates": [ [ [ -60.44972551404345, -31.698666732755765 ], [ -60.450317021523311, -31.70158566706349 ], [ -60.45050119702627, -31.702357649729041 ], [ -60.450648805649294, -31.703019244599183 ], [ -60.45080087144445, -31.702995699803296 ], [ -60.456455988123096, -31.70209166509769 ], [ -60.455859962559906, -31.699248745643828 ], [ -60.455687735658721, -31.699257589565544 ], [ -60.45566527431405, -31.699258861815856 ], [ -60.455643718100539, -31.699260428645658 ], [ -60.455621877027156, -31.699262657133037 ], [ -60.455564461798431, -31.699269740564606 ], [ -60.455526593866665, -31.699274111447167 ], [ -60.455487896029084, -31.699278192521621 ], [ -60.455445817818017, -31.699282258459029 ], [ -60.455382748862732, -31.699290146233224 ], [ -60.455364194929984, -31.699292022456415 ], [ -60.455345406336349, -31.699293557871794 ], [ -60.455326728430414, -31.699294837380389 ], [ -60.455289495979336, -31.699296905069929 ], [ -60.45525078711065, -31.699298628637795 ], [ -60.455230054267616, -31.699300510881443 ], [ -60.455198287265446, -31.699303787039291 ], [ -60.455186724374933, -31.699304676180439 ], [ -60.455178875855651, -31.699304947991791 ], [ -60.45517200581633, -31.699304634738986 ], [ -60.455162290582621, -31.69930364955453 ], [ -60.455132597846834, -31.699299559632159 ], [ -60.455114932429503, -31.69929756624677 ], [ -60.455093627551555, -31.69929573056935 ], [ -60.455072214501286, -31.699295675177019 ], [ -60.45504304951664, -31.699296365488628 ], [ -60.455032472276272, -31.699296338495994 ], [ -60.455021936312221, -31.699295877175995 ], [ -60.455009935699572, -31.699295003210178 ], [ -60.454981872286837, -31.699292344886896 ], [ -60.454968632706759, -31.699290695238236 ], [ -60.454933674146545, -31.699285871345928 ], [ -60.454898999116431, -31.699283195040152 ], [ -60.454887059688126, -31.699282088158586 ], [ -60.454876715258749, -31.69928060621401 ], [ -60.454864567884236, -31.699278402873237 ], [ -60.454851720602065, -31.699275883762787 ], [ -60.454837100050746, -31.699272738797951 ], [ -60.454819270208425, -31.699269300933654 ], [ -60.454798492374643, -31.699266146315775 ], [ -60.454766632439046, -31.699263657990684 ], [ -60.454754092701819, -31.699262501610491 ], [ -60.454741780847712, -31.699261141715809 ], [ -60.454715174489912, -31.699257907535245 ], [ -60.454701818398846, -31.699256161167085 ], [ -60.454670496610206, -31.699251750961551 ], [ -60.454650205838838, -31.699249636697122 ], [ -60.454628933291112, -31.699248336017991 ], [ -60.454607677946775, -31.699247943461788 ], [ -60.454587344087912, -31.699248311927288 ], [ -60.454567732852546, -31.699249096761552 ], [ -60.454547324418584, -31.699250227905996 ], [ -60.454525968466669, -31.69925201413071 ], [ -60.45446957762919, -31.69925823338265 ], [ -60.454435773852396, -31.699261690252474 ], [ -60.454408473127643, -31.699264103693377 ], [ -60.454400157747678, -31.699264413151322 ], [ -60.454392011326433, -31.699264194777484 ], [ -60.454371154507733, -31.699262827737265 ], [ -60.454358605175585, -31.699261640532718 ], [ -60.454341651222038, -31.699260578986884 ], [ -60.454323235945758, -31.699260532360519 ], [ -60.454305798642551, -31.699261721260743 ], [ -60.45426099740947, -31.699267436685517 ], [ -60.454255315297367, -31.69926626079981 ], [ -60.454226422589521, -31.699269940566285 ], [ -60.454183856702763, -31.699274491768577 ], [ -60.454162593811837, -31.699277163930411 ], [ -60.454149571144796, -31.699271067411047 ], [ -60.454082270591606, -31.699281768451414 ], [ -60.454039229001623, -31.699279214675794 ], [ -60.454009987036109, -31.699277154084285 ], [ -60.453982267464042, -31.699274791729064 ], [ -60.453956128758499, -31.699272026770707 ], [ -60.453931353489523, -31.699268724529759 ], [ -60.453906885959235, -31.699264752051437 ], [ -60.453884662719588, -31.69926040763341 ], [ -60.45386938611135, -31.699256580729163 ], [ -60.45384110399587, -31.699245273222413 ], [ -60.453816039560827, -31.69922806097378 ], [ -60.453787012179532, -31.699204895953763 ], [ -60.45376044143547, -31.699182041943665 ], [ -60.453738427708196, -31.699157096599915 ], [ -60.453717560924602, -31.699125681027482 ], [ -60.453692005575526, -31.699083959806824 ], [ -60.453646562365023, -31.69903137173101 ], [ -60.453597868947362, -31.699006129736361 ], [ -60.453556185637176, -31.698990971283198 ], [ -60.453513902063925, -31.698980094045076 ], [ -60.453473478729215, -31.698970645774924 ], [ -60.453432392588944, -31.698962288999674 ], [ -60.453389495544293, -31.698954825035585 ], [ -60.453311146289948, -31.698945540910206 ], [ -60.45327515415098, -31.698940864511815 ], [ -60.453238998441456, -31.698935419229461 ], [ -60.453123354191618, -31.698917421872199 ], [ -60.453084103645104, -31.698911630067215 ], [ -60.453009340816607, -31.698900802693252 ], [ -60.452939288163471, -31.698890899269369 ], [ -60.452869782769888, -31.6988813232254 ], [ -60.452833133667745, -31.698876739589306 ], [ -60.45279463553144, -31.698872504709659 ], [ -60.452755350472685, -31.698869130885068 ], [ -60.452718050564194, -31.698866549940099 ], [ -60.452683426926725, -31.698863707900045 ], [ -60.452650410663409, -31.698860092949641 ], [ -60.45261759139548, -31.698855651895993 ], [ -60.452584887158331, -31.698850943619533 ], [ -60.452553873620545, -31.698845877613998 ], [ -60.45249093248075, -31.698834427374059 ], [ -60.452391206713223, -31.698815657828103 ], [ -60.452354949223341, -31.698809370513015 ], [ -60.452316288290532, -31.698803799475279 ], [ -60.452274137966448, -31.698799956247278 ], [ -60.452229224501352, -31.698798820810332 ], [ -60.452184811619745, -31.698800319440714 ], [ -60.452140453471358, -31.698804090104954 ], [ -60.452098234458973, -31.698810188691066 ], [ -60.452059586316444, -31.698817210236729 ], [ -60.45201891545134, -31.698826131688534 ], [ -60.451979745107671, -31.698837778398026 ], [ -60.451909457830375, -31.698859988979546 ], [ -60.451875003900916, -31.698870448774048 ], [ -60.451841663728423, -31.698879240384354 ], [ -60.451808347179878, -31.698886375184355 ], [ -60.451731537856112, -31.698898919410976 ], [ -60.451692023728164, -31.698905594597683 ], [ -60.451621652625398, -31.698917788540037 ], [ -60.45159443728685, -31.698921533654204 ], [ -60.451571329067576, -31.698923232645793 ], [ -60.451549457281871, -31.69892325203341 ], [ -60.451524835095903, -31.698921580766445 ], [ -60.451499009883428, -31.698918832014336 ], [ -60.451440591689696, -31.698911211765363 ], [ -60.451404528195248, -31.698907409122782 ], [ -60.451362714594211, -31.698904578969231 ], [ -60.451320002900459, -31.698904513407189 ], [ -60.451279243143546, -31.698906493859496 ], [ -60.451209017115737, -31.698912938643375 ], [ -60.451175637641875, -31.698915683009027 ], [ -60.451143726428441, -31.698917962890469 ], [ -60.451112900802777, -31.698918910695554 ], [ -60.451084942998818, -31.698918649947363 ], [ -60.451055846048895, -31.69891552220351 ], [ -60.451017709450504, -31.698909915002165 ], [ -60.450971863777397, -31.698904329489842 ], [ -60.450923687922277, -31.69889929387481 ], [ -60.450875052677716, -31.69889640268233 ], [ -60.450788454519625, -31.698893367526768 ], [ -60.450746389933833, -31.698892384662667 ], [ -60.450704409791562, -31.698892618644813 ], [ -60.450581965826686, -31.698894090095322 ], [ -60.450537998322467, -31.698894474972533 ], [ -60.450493581031424, -31.69889432800835 ], [ -60.450449244132585, -31.698893478484802 ], [ -60.450406332798558, -31.698892108853144 ], [ -60.450365167679756, -31.698890243771828 ], [ -60.450283237789634, -31.698885640267971 ], [ -60.450242725997668, -31.698884951938261 ], [ -60.450207894590221, -31.698884035401015 ], [ -60.450174886201914, -31.698882545156206 ], [ -60.450140606406642, -31.698880315684796 ], [ -60.450029697451868, -31.698872360186762 ], [ -60.449990831620411, -31.698870025215754 ], [ -60.44995331970722, -31.698868126375359 ], [ -60.449918249007041, -31.698866136108894 ], [ -60.449849770902901, -31.69886190178125 ], [ -60.449844262142946, -31.69886175384584 ], [ -60.449846016518663, -31.698844912419727 ], [ -60.449842104741435, -31.698782266072506 ], [ -60.449801079279126, -31.698717129342672 ], [ -60.449741372956055, -31.698674586659379 ], [ -60.44972551404345, -31.698666732755765 ] ] ] } },
{ "type": "Feature", "properties": { "ogc_fid": 386, "sec": 14.0, "gru": 320.0, "etiq": "14-320" }, "geometry": { "type": "Polygon", "coordinates": [ [ [ -60.41863784300957, -31.718014370950627 ], [ -60.419628271472959, -31.722806953667764 ], [ -60.425348253605122, -31.721897436549138 ], [ -60.424446936550233, -31.717126490324755 ], [ -60.41863784300957, -31.718014370950627 ] ] ] } },
{ "type": "Feature", "properties": { "ogc_fid": 387, "sec": 14.0, "gru": 326.0, "etiq": "14-326" }, "geometry": { "type": "Polygon", "coordinates": [ [ [ -60.413841524695933, -31.723726807970568 ], [ -60.419628271472959, -31.722806953667764 ], [ -60.41863784300957, -31.718014370950627 ], [ -60.416588202810708, -31.718327577458844 ], [ -60.412093236519446, -31.718975971338605 ], [ -60.412006588574975, -31.719146178794482 ], [ -60.411988107811766, -31.719185234506224 ], [ -60.411971237087734, -31.71922572797224 ], [ -60.411954871735496, -31.719265985321876 ], [ -60.41193782631229, -31.719305153628294 ], [ -60.411919060426662, -31.719344165158176 ], [ -60.411898319309316, -31.719382669012386 ], [ -60.411874521726077, -31.719417133431715 ], [ -60.411850571138928, -31.719448017996868 ], [ -60.411829955932099, -31.719479216449106 ], [ -60.411819936201617, -31.719508622065181 ], [ -60.411821610950717, -31.719534238209356 ], [ -60.411826627647812, -31.719556876471991 ], [ -60.411824230144362, -31.719589720569129 ], [ -60.411816244812144, -31.719611544074226 ], [ -60.411802403002341, -31.719630789168463 ], [ -60.411774031782301, -31.719654554365572 ], [ -60.41175182076816, -31.71966846047917 ], [ -60.411726220555209, -31.719681818387535 ], [ -60.411698424799745, -31.71969733880195 ], [ -60.411644015381093, -31.719733254803351 ], [ -60.411616100213195, -31.719752797835607 ], [ -60.411588184763986, -31.719774667635203 ], [ -60.41156025628932, -31.719798368225856 ], [ -60.411533689777379, -31.71982228085789 ], [ -60.411508556851786, -31.71984590026511 ], [ -60.411484639258866, -31.719869975688077 ], [ -60.411462390121649, -31.719896769308114 ], [ -60.411442107438916, -31.719924476464691 ], [ -60.411426569868468, -31.719951573083847 ], [ -60.411417478485625, -31.719978603806126 ], [ -60.411401808338404, -31.72003540778217 ], [ -60.411392817874628, -31.720066180853394 ], [ -60.411379162415969, -31.720096599218618 ], [ -60.411363382696884, -31.720126212771863 ], [ -60.411347115092013, -31.720155250713407 ], [ -60.411331316319767, -31.720182943383961 ], [ -60.4113155670655, -31.720209905394391 ], [ -60.411298855149418, -31.720236293324724 ], [ -60.411282790950033, -31.720261227185105 ], [ -60.411277584454318, -31.72026965823985 ], [ -60.411275482613206, -31.720328889494262 ], [ -60.411298298390797, -31.720411272010725 ], [ -60.411408558555159, -31.720500713419195 ], [ -60.411433315419757, -31.7205185081861 ], [ -60.411485639296444, -31.720550138533198 ], [ -60.41151079349482, -31.720569501220805 ], [ -60.411532005448265, -31.72059448613431 ], [ -60.411565983754279, -31.720648099632914 ], [ -60.411587933807454, -31.720672973931862 ], [ -60.41161177756895, -31.720696615597124 ], [ -60.41163550011516, -31.720721475146256 ], [ -60.41165855560299, -31.720748185636609 ], [ -60.411676041115179, -31.720775085460648 ], [ -60.411678970491025, -31.720798109241734 ], [ -60.411655021162765, -31.720812661264127 ], [ -60.411617662760499, -31.720815505475858 ], [ -60.411579427734459, -31.720818145081335 ], [ -60.411545568569359, -31.720822556211768 ], [ -60.411532065884145, -31.720837417190094 ], [ -60.411554819409197, -31.720860259738405 ], [ -60.411580232780224, -31.720880947293175 ], [ -60.411601301179232, -31.720897301955681 ], [ -60.411621747265983, -31.720916084599519 ], [ -60.41163862278043, -31.720936258599018 ], [ -60.411653102023266, -31.720956151741916 ], [ -60.411669999279091, -31.720974080061229 ], [ -60.411690586197892, -31.720988912137422 ], [ -60.411714232608624, -31.721001299335619 ], [ -60.411740277113857, -31.72101676310999 ], [ -60.411797002596671, -31.72105351063324 ], [ -60.411825807734076, -31.721072906555442 ], [ -60.411853071342648, -31.721094435816177 ], [ -60.411872493519297, -31.721120247135065 ], [ -60.411888021121065, -31.721148145287856 ], [ -60.411899071424223, -31.72117758203046 ], [ -60.411908269197525, -31.72120801679208 ], [ -60.411916514820867, -31.721237868427135 ], [ -60.411924389560909, -31.721264970618616 ], [ -60.41193284974252, -31.721288463519432 ], [ -60.411948172720201, -31.721313025481642 ], [ -60.411962669280719, -31.721332034719005 ], [ -60.411975368733593, -31.72136218760437 ], [ -60.411978598051469, -31.72138621145972 ], [ -60.411981182021599, -31.721409840586599 ], [ -60.411985418548959, -31.721442122128675 ], [ -60.411988561153336, -31.721470393975089 ], [ -60.411976616385182, -31.721491598985324 ], [ -60.41197084082151, -31.721519268356793 ], [ -60.411994507172167, -31.721548051061447 ], [ -60.412040019296256, -31.721592365152983 ], [ -60.412061657225507, -31.721615770358923 ], [ -60.412083005273324, -31.721642810951668 ], [ -60.412104134863299, -31.72167293657224 ], [ -60.412125599377895, -31.721702447848656 ], [ -60.41214550749249, -31.721728347736448 ], [ -60.412163498985656, -31.721752684599409 ], [ -60.412180365467123, -31.721777908909569 ], [ -60.412198635370039, -31.721803164753595 ], [ -60.412239457929935, -31.721855845060205 ], [ -60.412260188910459, -31.721881706194274 ], [ -60.412279989158229, -31.721907056280589 ], [ -60.412295372145863, -31.721926062610798 ], [ -60.412353173517907, -31.721941116917879 ], [ -60.41237900614837, -31.721953920786927 ], [ -60.412413352656777, -31.721971323596012 ], [ -60.412448625747231, -31.721995442176475 ], [ -60.412475461200493, -31.722025026199681 ], [ -60.412490005428651, -31.722054749191084 ], [ -60.412497628319144, -31.722077342910104 ], [ -60.412503831075753, -31.72210565894926 ], [ -60.412511713439471, -31.722139191261331 ], [ -60.412529349313736, -31.722190395315472 ], [ -60.412536650246246, -31.722221287088146 ], [ -60.412544102365139, -31.722255343862436 ], [ -60.412561327545752, -31.722292426278226 ], [ -60.412582673222772, -31.722316481668997 ], [ -60.412647859628429, -31.722364663923017 ], [ -60.412660076366762, -31.722373895389893 ], [ -60.412664220725212, -31.722375784876796 ], [ -60.412862404972131, -31.722595906902583 ], [ -60.412879703292994, -31.722613743570335 ], [ -60.412899358901065, -31.722632573653481 ], [ -60.412918497924444, -31.722651495591663 ], [ -60.412981225025554, -31.722699379007526 ], [ -60.413148026620178, -31.722797004837659 ], [ -60.413163549294666, -31.722816506623179 ], [ -60.413187944447571, -31.722864333792 ], [ -60.413204549317918, -31.722930367488267 ], [ -60.413221718807378, -31.722950053316641 ], [ -60.413250717399066, -31.722972424382029 ], [ -60.413288197973671, -31.723001685126683 ], [ -60.413310738266361, -31.72302143469706 ], [ -60.413333148725684, -31.723035701440747 ], [ -60.413372372245249, -31.723058273805872 ], [ -60.413400821424894, -31.723075704483939 ], [ -60.41345020664167, -31.723110382762499 ], [ -60.413473844293243, -31.723125375998855 ], [ -60.413496125888393, -31.723141500940805 ], [ -60.413518881541911, -31.723159833871691 ], [ -60.413542755641558, -31.723173419443221 ], [ -60.413592647046919, -31.723208014857033 ], [ -60.41361676939038, -31.723225225042988 ], [ -60.413634681529018, -31.723243420353281 ], [ -60.413652916467846, -31.723260649634877 ], [ -60.413680269305367, -31.723290150549417 ], [ -60.413695458830098, -31.723310618327368 ], [ -60.413717021230852, -31.723340588949078 ], [ -60.413729660498333, -31.723366503149851 ], [ -60.413736057522378, -31.723395693284161 ], [ -60.41374830907597, -31.723419832098205 ], [ -60.413773593684326, -31.723435018339035 ], [ -60.413786103150187, -31.723455458730417 ], [ -60.413788646439848, -31.723479313404614 ], [ -60.413795495231561, -31.723505688299454 ], [ -60.413805929381148, -31.723541106121299 ], [ -60.413819585375641, -31.723603487792399 ], [ -60.413841524695933, -31.723726807970568 ] ] ] } },
{ "type": "Feature", "properties": { "ogc_fid": 396, "sec": 10.0, "gru": 7.0, "etiq": "10-7" }, "geometry": { "type": "Polygon", "coordinates": [ [ [ -60.560313345354196, -31.725943535329534 ], [ -60.560476791618662, -31.725826430148132 ], [ -60.560670134311287, -31.725668984835266 ], [ -60.561389142469316, -31.724974958524729 ], [ -60.56168947266886, -31.724660445069688 ], [ -60.561928039189347, -31.724338223606871 ], [ -60.562141629021951, -31.723959610771164 ], [ -60.562440340235085, -31.723377969239312 ], [ -60.562865227355722, -31.722243080343389 ], [ -60.562992574740697, -31.721883269731762 ], [ -60.563129989271957, -31.721197598625444 ], [ -60.56327676692149, -31.720518767575733 ], [ -60.563328893280378, -31.720214557776742 ], [ -60.563204278391986, -31.719867216294944 ], [ -60.565348026344424, -31.719024996693054 ], [ -60.566023816510189, -31.718263209679034 ], [ -60.566333772338865, -31.717345344484642 ], [ -60.565135582674628, -31.716818708556421 ], [ -60.565141809892239, -31.716778789297759 ], [ -60.565278631132152, -31.715955118162945 ], [ -60.565340498254407, -31.715660217844544 ], [ -60.567655213201895, -31.715715908802576 ], [ -60.56805444866324, -31.71502618503354 ], [ -60.567369289801803, -31.714514742060892 ], [ -60.567063233129076, -31.714176282694872 ], [ -60.567273966564514, -31.714024804465389 ], [ -60.567075007812214, -31.713833758415294 ], [ -60.565350100360924, -31.714310606816944 ], [ -60.564805172929532, -31.714401068628423 ], [ -60.564519277929719, -31.714418935725462 ], [ -60.564318542471717, -31.714434051335239 ], [ -60.563036969253893, -31.71449240199534 ], [ -60.562062271005153, -31.714636112121024 ], [ -60.559131279410089, -31.7155296596634 ], [ -60.559063640140288, -31.715547330117218 ], [ -60.559084343624164, -31.715686183126412 ], [ -60.559112556090952, -31.71581152516109 ], [ -60.559150301787028, -31.715970608012203 ], [ -60.559190374207056, -31.716142958244664 ], [ -60.55828928320765, -31.716286871633226 ], [ -60.556664516633376, -31.716534202430061 ], [ -60.556205677774351, -31.717730119181546 ], [ -60.556192766909142, -31.717764462478399 ], [ -60.556174545456564, -31.717810602523155 ], [ -60.556158309117812, -31.717849695332838 ], [ -60.556149220497844, -31.71787085970816 ], [ -60.556133210887317, -31.717907142279344 ], [ -60.556113070647939, -31.717950761722868 ], [ -60.556095324651736, -31.717987706077299 ], [ -60.556074254211616, -31.718029745076599 ], [ -60.556054963962147, -31.718066825949091 ], [ -60.55603428042329, -31.718105016947835 ], [ -60.556014496488125, -31.718140246870245 ], [ -60.555993928846675, -31.71817581904028 ], [ -60.555974227587043, -31.718208735802325 ], [ -60.555954551845034, -31.71824064771576 ], [ -60.555936990228929, -31.718268413265978 ], [ -60.555919036469305, -31.718295994959163 ], [ -60.555897604220007, -31.718328111762876 ], [ -60.555868640692189, -31.718370046524242 ], [ -60.555850029047917, -31.71839625806674 ], [ -60.555826577674374, -31.71842839490974 ], [ -60.555810678635787, -31.71844967667511 ], [ -60.555787014231271, -31.718480627270267 ], [ -60.555766485218157, -31.718506863500266 ], [ -60.555742600280787, -31.718536602725774 ], [ -60.55571829569196, -31.718566092481819 ], [ -60.555696047119461, -31.718592404805655 ], [ -60.555678525945268, -31.71861273467038 ], [ -60.555651867612532, -31.718642989604472 ], [ -60.555616915428473, -31.718681445464188 ], [ -60.555594564641908, -31.71870542744017 ], [ -60.555567202625532, -31.718734064536111 ], [ -60.555543541846419, -31.718758297235098 ], [ -60.555511474106886, -31.718790230945793 ], [ -60.555481242512109, -31.718819545586822 ], [ -60.555449357859864, -31.718849612632148 ], [ -60.555427889073471, -31.718869491626567 ], [ -60.555398902109701, -31.718895708061471 ], [ -60.555373239504696, -31.71891840352686 ], [ -60.555363798569317, -31.718924531499859 ], [ -60.555364400051708, -31.718926863391626 ], [ -60.555358441101525, -31.718931260771633 ], [ -60.555328572366996, -31.718956744262403 ], [ -60.555299047813023, -31.718981338025575 ], [ -60.554980704494497, -31.719197765229229 ], [ -60.554304117674079, -31.719277927633875 ], [ -60.55405562521058, -31.719307037044359 ], [ -60.553696144690669, -31.719402462478108 ], [ -60.553200396022781, -31.719493175451358 ], [ -60.552930800613687, -31.719926962036915 ], [ -60.552739336901404, -31.719980386340275 ], [ -60.552757078003218, -31.720077123907348 ], [ -60.551942421552972, -31.720318123692863 ], [ -60.551316537037003, -31.719824878279219 ], [ -60.550893347312048, -31.720181690659437 ], [ -60.550231839801327, -31.720637598943227 ], [ -60.549943855092003, -31.721229354510108 ], [ -60.549717865813328, -31.721807169836303 ], [ -60.55005666884152, -31.721863480860325 ], [ -60.550687125314205, -31.72196968508182 ], [ -60.550866517416019, -31.722478431933606 ], [ -60.551529613792681, -31.722337681853631 ], [ -60.551681166792882, -31.723523967929534 ], [ -60.551687993145045, -31.72436883013911 ], [ -60.551905439844262, -31.724704888895111 ], [ -60.55219238634956, -31.725188634540878 ], [ -60.552706449745635, -31.726309192211836 ], [ -60.552875550803222, -31.726619082316784 ], [ -60.553407312954953, -31.727398995773214 ], [ -60.553576418443591, -31.727708884896664 ], [ -60.554006862004755, -31.727534756798374 ], [ -60.554939880895915, -31.727200469707402 ], [ -60.555572255748984, -31.726940206544601 ], [ -60.557236767916834, -31.726236738488101 ], [ -60.558137454733064, -31.725899562894519 ], [ -60.558586854282794, -31.725801566405078 ], [ -60.559510648676707, -31.725865534869527 ], [ -60.559989060595335, -31.725915449221183 ], [ -60.560313345354196, -31.725943535329534 ] ] ] } },
{ "type": "Feature", "properties": { "ogc_fid": 397, "sec": 14.0, "gru": 334.0, "etiq": "14-334" }, "geometry": { "type": "Polygon", "coordinates": [ [ [ -60.399037814300598, -31.701563500365058 ], [ -60.399533060250334, -31.701030237964478 ], [ -60.399875633835819, -31.700666312428954 ], [ -60.405457004520585, -31.69941309685198 ], [ -60.408797045394884, -31.698856303202664 ], [ -60.40892256068161, -31.698834286664169 ], [ -60.409055445297327, -31.698810977331703 ], [ -60.410877147818802, -31.69939732408448 ], [ -60.410957119082397, -31.699319977016874 ], [ -60.410902247130892, -31.699186775977374 ], [ -60.410661097328571, -31.698695241021149 ], [ -60.410544232028649, -31.698359301272877 ], [ -60.410455376326262, -31.698178180559545 ], [ -60.410295373777032, -31.698010982676095 ], [ -60.41012877281748, -31.697863094733805 ], [ -60.41000588687448, -31.697708457549243 ], [ -60.409563135225234, -31.697245775960941 ], [ -60.4093127724026, -31.696930739260655 ], [ -60.409130828106548, -31.696737551957849 ], [ -60.408956667905834, -31.696567453616773 ], [ -60.408807499847967, -31.696411557738443 ], [ -60.408639229867667, -31.696262181510054 ], [ -60.408492996737237, -31.696095039988641 ], [ -60.408371919758622, -31.695942677563906 ], [ -60.408268917685177, -31.695781572217641 ], [ -60.408138130189784, -31.695616988818845 ], [ -60.407982421003666, -31.695454265701091 ], [ -60.407793234120305, -31.695309179263091 ], [ -60.407727181682766, -31.695228548445076 ], [ -60.407684984653329, -31.695110289175513 ], [ -60.407598729500549, -31.695109309264655 ], [ -60.407167899643852, -31.694929311297457 ], [ -60.407063806209074, -31.69481907631798 ], [ -60.406984547196856, -31.694669189455773 ], [ -60.406900955479834, -31.694517949781627 ], [ -60.406848094238448, -31.694356319850133 ], [ -60.40675207321712, -31.694173925882552 ], [ -60.406637216426638, -31.694015115060534 ], [ -60.406483744005818, -31.693904417578821 ], [ -60.40623613607476, -31.693636708200138 ], [ -60.406129501518748, -31.693498977965238 ], [ -60.406044340999635, -31.693349432313124 ], [ -60.405969674911319, -31.69319456452369 ], [ -60.405875391248934, -31.693044781478775 ], [ -60.405781303980412, -31.692890876588514 ], [ -60.405538668491793, -31.692570574525167 ], [ -60.405421956730969, -31.6924222752255 ], [ -60.405324192142352, -31.692277150396659 ], [ -60.405228886878305, -31.692131829663296 ], [ -60.405143542681074, -31.691979115299791 ], [ -60.405018198875979, -31.691807581800614 ], [ -60.404885465369546, -31.691639520915967 ], [ -60.404787319363862, -31.691487016517712 ], [ -60.404725053261913, -31.691319068726362 ], [ -60.404604142209912, -31.691161536996741 ], [ -60.404454703603655, -31.691001239874318 ], [ -60.404289393358084, -31.690867257171941 ], [ -60.404127902933055, -31.690770379152955 ], [ -60.403951742817227, -31.690658586247491 ], [ -60.403733403809483, -31.69060597800226 ], [ -60.403510851478856, -31.690582627395873 ], [ -60.403302307975231, -31.690595115798303 ], [ -60.403088584709678, -31.690598406928689 ], [ -60.402867055968727, -31.690590414645911 ], [ -60.40265412098514, -31.690608480946164 ], [ -60.402412610781091, -31.690679787832529 ], [ -60.402220124747345, -31.690795492614598 ], [ -60.40206878504398, -31.690909226797473 ], [ -60.401913883286653, -31.690999518557611 ], [ -60.401756273883869, -31.691103850110352 ], [ -60.401607123864416, -31.691217536410225 ], [ -60.401439986532502, -31.691342939412909 ], [ -60.401104397317255, -31.691595753637817 ], [ -60.400735336756902, -31.691788067470998 ], [ -60.400403369324415, -31.691933224025746 ], [ -60.400025656825171, -31.691988046604585 ], [ -60.3998130571131, -31.692009304236041 ], [ -60.399424125349654, -31.692073508890438 ], [ -60.39924055035717, -31.692093571471361 ], [ -60.399058577964468, -31.692102686219847 ], [ -60.39884171376832, -31.692086177720277 ], [ -60.398445369133157, -31.692085447802452 ], [ -60.398019605088891, -31.692098695565516 ], [ -60.397831274167459, -31.692097454762301 ], [ -60.397672665858003, -31.692061330802147 ], [ -60.397523594605623, -31.691991233618513 ], [ -60.397417943510447, -31.691873942414645 ], [ -60.397319046427121, -31.691729253649065 ], [ -60.397200536523613, -31.691587590904636 ], [ -60.397053620404478, -31.691444024487271 ], [ -60.396927602195788, -31.691315825640096 ], [ -60.396791287522056, -31.691185780515813 ], [ -60.396649778165298, -31.691043451863518 ], [ -60.396317360724545, -31.690844842345587 ], [ -60.396158438146493, -31.690711599076824 ], [ -60.396009389787146, -31.690603791451764 ], [ -60.395745985311123, -31.690355835602883 ], [ -60.395575426245792, -31.690227089261192 ], [ -60.395379280558124, -31.690138355151817 ], [ -60.395182865679217, -31.690084124532746 ], [ -60.394975188176865, -31.690040160359459 ], [ -60.39476179339718, -31.690020979574509 ], [ -60.394548989693547, -31.690053450997045 ], [ -60.394145943842666, -31.690132605587518 ], [ -60.393957719039634, -31.690234675797207 ], [ -60.393777812328786, -31.690372904100055 ], [ -60.393678796074056, -31.690593937401349 ], [ -60.393493903538442, -31.691192312436293 ], [ -60.393445916567991, -31.691226225271947 ], [ -60.393416895394743, -31.691247655694536 ], [ -60.393391283314088, -31.691266024357649 ], [ -60.393363614138828, -31.69128405069705 ], [ -60.393332126343566, -31.691305667621801 ], [ -60.39330044170034, -31.691329435661707 ], [ -60.393271051458399, -31.6913542457545 ], [ -60.393243455416446, -31.691379080115642 ], [ -60.393218423067559, -31.691403427521433 ], [ -60.393196278586309, -31.691425535131657 ], [ -60.393175040604063, -31.691445830058676 ], [ -60.393153296790288, -31.69146564978854 ], [ -60.393130581316605, -31.691485645849269 ], [ -60.393107144727914, -31.691505838868885 ], [ -60.393083270373978, -31.691526074024335 ], [ -60.39305930783032, -31.69154602073408 ], [ -60.393035120919535, -31.691565615286706 ], [ -60.393010234856817, -31.691585308347101 ], [ -60.392985443113638, -31.691604623514078 ], [ -60.392960652796781, -31.691623045992952 ], [ -60.392935200312884, -31.691640998553098 ], [ -60.392909330819563, -31.691658432496119 ], [ -60.392882348655441, -31.691675442358786 ], [ -60.392853043135716, -31.69169362869367 ], [ -60.392822424440048, -31.691713007747463 ], [ -60.392761183074725, -31.691752862217072 ], [ -60.392729666467751, -31.691773584891475 ], [ -60.39269617557585, -31.691796273171597 ], [ -60.392662889100109, -31.691821712277214 ], [ -60.392633027776945, -31.691847858006355 ], [ -60.392605727217585, -31.691873805004594 ], [ -60.392581674551948, -31.691898726097893 ], [ -60.392538283070607, -31.691944551646838 ], [ -60.392473968270934, -31.692011239140061 ], [ -60.392434366792457, -31.692053634464855 ], [ -60.392414701893685, -31.692076415615087 ], [ -60.392395464129272, -31.692100700023474 ], [ -60.392377748489764, -31.692125836615844 ], [ -60.392328618014808, -31.692199729034982 ], [ -60.392311407115045, -31.692228287577212 ], [ -60.392298203037463, -31.692255107292532 ], [ -60.392287201107507, -31.69227643637252 ], [ -60.392276679631664, -31.692295141280887 ], [ -60.392264466910738, -31.692313139304147 ], [ -60.392249434319105, -31.69233457568663 ], [ -60.392218772133539, -31.692379155829368 ], [ -60.392204978316556, -31.692398274298821 ], [ -60.392189158883582, -31.692416581338787 ], [ -60.392169642712275, -31.69243700873713 ], [ -60.392148695276433, -31.69245786705773 ], [ -60.392127238817075, -31.692478237135365 ], [ -60.392104962439838, -31.69249808672269 ], [ -60.392080376514102, -31.692519381324423 ], [ -60.392054734587141, -31.692543122397883 ], [ -60.392029223099463, -31.692568616720706 ], [ -60.392004926246265, -31.692594607628902 ], [ -60.391932997451747, -31.692672263273487 ], [ -60.391908502863565, -31.692699423402853 ], [ -60.391884717427494, -31.692726344404573 ], [ -60.391861378456241, -31.692753214480728 ], [ -60.39183898835865, -31.692779966561588 ], [ -60.39177650297659, -31.692857092778986 ], [ -60.391735451860335, -31.692906718823878 ], [ -60.391715403500392, -31.692931827607847 ], [ -60.391696019766812, -31.692957815773774 ], [ -60.391613188308661, -31.693079664556883 ], [ -60.391597292711985, -31.693101986468324 ], [ -60.391561106348703, -31.693148580558745 ], [ -60.391542584827761, -31.693173793250754 ], [ -60.391526247511628, -31.693196851559698 ], [ -60.391510759791892, -31.693217686501455 ], [ -60.391426585537303, -31.693345007235916 ], [ -60.391410591253106, -31.693392270024365 ], [ -60.391386953041703, -31.6934338578276 ], [ -60.391314813219836, -31.693571780941266 ], [ -60.391289814967934, -31.693627101818453 ], [ -60.391273827591284, -31.69366300859933 ], [ -60.391264975143073, -31.693705053157153 ], [ -60.391258878757512, -31.693747837798938 ], [ -60.391255758944325, -31.693788611192389 ], [ -60.391256347969502, -31.693858602312289 ], [ -60.391261436293384, -31.693889790868372 ], [ -60.391265728287408, -31.693919728289245 ], [ -60.391271161916997, -31.693947741257617 ], [ -60.391281991431484, -31.693972148291536 ], [ -60.391294558184264, -31.693998317629536 ], [ -60.391306214008885, -31.694028602217202 ], [ -60.391315804518129, -31.694061887296904 ], [ -60.39132245944004, -31.694099411079748 ], [ -60.391328499258847, -31.694141166446549 ], [ -60.391334057523977, -31.694183789070529 ], [ -60.39134098021708, -31.694224793188141 ], [ -60.391348267505307, -31.694264704942526 ], [ -60.391365292814726, -31.694355442386136 ], [ -60.391491017713605, -31.694909390345032 ], [ -60.391526500742735, -31.695180658404034 ], [ -60.391545337731053, -31.69535610141844 ], [ -60.391526292089864, -31.695460026439747 ], [ -60.391507763578318, -31.695518812064929 ], [ -60.391474387403491, -31.695736793474893 ], [ -60.391460022865054, -31.695772397675711 ], [ -60.391448658261091, -31.695809029799769 ], [ -60.391440099492691, -31.695845680366844 ], [ -60.391430634093588, -31.695882450956734 ], [ -60.391418494548844, -31.69591791304547 ], [ -60.391403316359998, -31.695950669876986 ], [ -60.391386145884852, -31.695981223277609 ], [ -60.391367829489241, -31.696010174891729 ], [ -60.391351561264145, -31.696039571145562 ], [ -60.39133709970767, -31.696069674318601 ], [ -60.391326121367804, -31.696100343989258 ], [ -60.391319369180295, -31.696132669122477 ], [ -60.391312826331067, -31.696167121988726 ], [ -60.391310695073358, -31.696202174580069 ], [ -60.391309869331884, -31.696236645979059 ], [ -60.391306475489827, -31.696269943828138 ], [ -60.391302660814382, -31.696300988332776 ], [ -60.391304552849078, -31.696329571303909 ], [ -60.391305883498632, -31.696357596847704 ], [ -60.391305686214523, -31.696385987820896 ], [ -60.391298828395328, -31.696415770047189 ], [ -60.391290586900816, -31.696445105591053 ], [ -60.391285803331918, -31.696471490481184 ], [ -60.391283331004516, -31.696505705392529 ], [ -60.391285207974306, -31.696530699029935 ], [ -60.391307256809228, -31.696549092336909 ], [ -60.391333354977931, -31.696569727850598 ], [ -60.391357646331493, -31.696592136537106 ], [ -60.391374839164769, -31.696609597785915 ], [ -60.391394980394736, -31.696625850518345 ], [ -60.391420405214916, -31.696636838241464 ], [ -60.391446706624357, -31.696643061479513 ], [ -60.3914751729668, -31.696642360846177 ], [ -60.391505912194745, -31.696637838386742 ], [ -60.391569961159227, -31.696628027996351 ], [ -60.391596247759701, -31.69662067834512 ], [ -60.391622815076204, -31.696609846669809 ], [ -60.39165009473794, -31.696595333236843 ], [ -60.391679919150704, -31.696578945145106 ], [ -60.391712389570444, -31.696562188178149 ], [ -60.391746506934751, -31.696545777867321 ], [ -60.391781953554379, -31.696529417575391 ], [ -60.391819524162294, -31.696513970639625 ], [ -60.391860271921928, -31.696499046025131 ], [ -60.391902918902616, -31.696484259858412 ], [ -60.391945382392713, -31.696465975047527 ], [ -60.391984597573774, -31.69644279411979 ], [ -60.392022185548882, -31.696418950809555 ], [ -60.392060272209868, -31.696398316555836 ], [ -60.392098090828092, -31.69637916215552 ], [ -60.392134828267579, -31.696361264645379 ], [ -60.392171995120464, -31.696345151475374 ], [ -60.392209746914979, -31.696327674696075 ], [ -60.392245262728174, -31.696305235566289 ], [ -60.392278069835356, -31.696278295487424 ], [ -60.39230829135586, -31.696246033395543 ], [ -60.392335487085923, -31.696211625173021 ], [ -60.392363474837033, -31.696177439971571 ], [ -60.392393010037189, -31.696145026655611 ], [ -60.392424554591948, -31.696113860727472 ], [ -60.392459092604753, -31.696084687696402 ], [ -60.392494979585919, -31.696055239948429 ], [ -60.392528108528893, -31.696022103076785 ], [ -60.392560296181387, -31.695988373869962 ], [ -60.392594447955119, -31.695955170703009 ], [ -60.392665278608909, -31.695892742756502 ], [ -60.392698236526535, -31.695864106619062 ], [ -60.392731099493318, -31.69584298321038 ], [ -60.39276640135818, -31.695829923877113 ], [ -60.39280412010698, -31.695822205085545 ], [ -60.392844888677125, -31.695817335766609 ], [ -60.392887787660321, -31.695814903896689 ], [ -60.392931672626574, -31.695816166576638 ], [ -60.39297605417984, -31.695822631409694 ], [ -60.393021242908908, -31.695832908582879 ], [ -60.39306399255063, -31.695847594304997 ], [ -60.393104048615193, -31.695868871849768 ], [ -60.393143821930714, -31.69589563352632 ], [ -60.393182321677415, -31.69592303943281 ], [ -60.393220066234143, -31.695948950577964 ], [ -60.393256347293402, -31.695972990367739 ], [ -60.3932932415658, -31.695994863806266 ], [ -60.39333103574414, -31.696015020935956 ], [ -60.393368521538989, -31.696034583781746 ], [ -60.393401489797654, -31.696058435339125 ], [ -60.39342987803964, -31.696084267057905 ], [ -60.393456271871329, -31.69610989749641 ], [ -60.393482642300064, -31.696134977870507 ], [ -60.3935072211574, -31.696162931662489 ], [ -60.393528314267584, -31.696194720066035 ], [ -60.393549146207157, -31.696227104495431 ], [ -60.393568920591839, -31.696258833831166 ], [ -60.393588600213363, -31.6962881013946 ], [ -60.393608955295932, -31.696314958919945 ], [ -60.393630475801956, -31.696340532212322 ], [ -60.393652848834805, -31.696368159096735 ], [ -60.39367204490101, -31.696397806917684 ], [ -60.393688208623303, -31.696428753746993 ], [ -60.39371995082422, -31.696491929838189 ], [ -60.393734808691867, -31.696523367693345 ], [ -60.393747739115547, -31.69655547886903 ], [ -60.393751858535602, -31.696569309609856 ], [ -60.39376660871266, -31.696752565889437 ], [ -60.393746936590581, -31.696979866760515 ], [ -60.393696261649254, -31.697226743370912 ], [ -60.393657409125211, -31.697413231402177 ], [ -60.393655061939619, -31.697429417905287 ], [ -60.393648839166296, -31.697464546282966 ], [ -60.393643481975751, -31.697497327168566 ], [ -60.393641398982751, -31.697508633826445 ], [ -60.393497009892613, -31.697722241572105 ], [ -60.393395806781982, -31.69778387983947 ], [ -60.393370257232121, -31.697800958590655 ], [ -60.393335945367404, -31.697821311034577 ], [ -60.393299788162643, -31.697836808167871 ], [ -60.393265027764656, -31.697848359882627 ], [ -60.393233351480397, -31.69785836892726 ], [ -60.393207761525481, -31.697873382525266 ], [ -60.393183482023026, -31.69789148543677 ], [ -60.393157594371196, -31.697908447946737 ], [ -60.393129680044922, -31.697922575859135 ], [ -60.393100289167037, -31.697936753409241 ], [ -60.393070276839509, -31.697953647447875 ], [ -60.393039966818669, -31.697972490401135 ], [ -60.39301127516908, -31.697992401566164 ], [ -60.392986253050807, -31.698014519977999 ], [ -60.392967075579378, -31.698039362012043 ], [ -60.392947207358297, -31.698065495822327 ], [ -60.392932700569901, -31.698092325575807 ], [ -60.392918588918661, -31.698120308483077 ], [ -60.392901748831022, -31.698149138518275 ], [ -60.39288282588825, -31.698176820594693 ], [ -60.392862364086177, -31.698204786983244 ], [ -60.392842552092041, -31.698234266481236 ], [ -60.392826426361474, -31.698264916050444 ], [ -60.39281588016604, -31.698295449228535 ], [ -60.392808116050517, -31.698325351557809 ], [ -60.392799315780337, -31.698354679891352 ], [ -60.39279211941566, -31.69838164042752 ], [ -60.392794249494628, -31.698406516012646 ], [ -60.392798736318923, -31.698429950391585 ], [ -60.392804172973285, -31.698453499085819 ], [ -60.392810652165579, -31.698479136869445 ], [ -60.392818514630179, -31.698507620249874 ], [ -60.392827980778506, -31.698538687010359 ], [ -60.392835918871533, -31.69857259931598 ], [ -60.392844323180114, -31.698607006204384 ], [ -60.39285395992129, -31.698641003461507 ], [ -60.392863950709113, -31.698673908384063 ], [ -60.392873585204896, -31.698704866399172 ], [ -60.392882496805612, -31.698734491896793 ], [ -60.392892178999958, -31.698764250297756 ], [ -60.392903490753262, -31.69879522118006 ], [ -60.392918927200654, -31.698826260520395 ], [ -60.392953870763868, -31.698890599323853 ], [ -60.392973155420641, -31.698923674007879 ], [ -60.392996862811842, -31.69895494938989 ], [ -60.393022111491341, -31.698984010475993 ], [ -60.393045719737849, -31.699011777943234 ], [ -60.393069781092812, -31.699036928633781 ], [ -60.393096378892622, -31.699058220586469 ], [ -60.393124537018778, -31.699076811181367 ], [ -60.393153660040028, -31.699094082089065 ], [ -60.393183722104659, -31.699108906071618 ], [ -60.393214591306482, -31.699120020939926 ], [ -60.393246276516479, -31.699127029850505 ], [ -60.393310169424531, -31.699137375492327 ], [ -60.393339825810216, -31.69914354289395 ], [ -60.393367638656677, -31.699150284142718 ], [ -60.393393580474083, -31.699156084210479 ], [ -60.393420221528565, -31.699160105464266 ], [ -60.393448772967446, -31.69915939510587 ], [ -60.393477527085253, -31.699149223671185 ], [ -60.393503762578831, -31.69913213376535 ], [ -60.39352782010868, -31.699108863858672 ], [ -60.393552076410366, -31.699080209267873 ], [ -60.393576432087528, -31.699050111399909 ], [ -60.393623739987916, -31.698987304605936 ], [ -60.393649563342173, -31.698957562935391 ], [ -60.393679569406956, -31.698931641226263 ], [ -60.393711202927228, -31.69890893410351 ], [ -60.393744386068121, -31.698888494859894 ], [ -60.393779960709814, -31.6988723500655 ], [ -60.393817877276994, -31.698861248410022 ], [ -60.393856959133707, -31.698853822707495 ], [ -60.393896461986643, -31.698856162767804 ], [ -60.393934523039249, -31.698866777267281 ], [ -60.393971123016485, -31.698881102887295 ], [ -60.394007653588901, -31.698896474861353 ], [ -60.394045101714504, -31.698911807915717 ], [ -60.394081995207877, -31.698925690688473 ], [ -60.394116650395404, -31.698939084347963 ], [ -60.3941495355147, -31.698952961450853 ], [ -60.394180368280622, -31.698967918094358 ], [ -60.394209467656523, -31.698984548517465 ], [ -60.394237561393545, -31.699002832434601 ], [ -60.394263086564031, -31.699022350806899 ], [ -60.394289494591504, -31.699041108887485 ], [ -60.394317024880621, -31.699058348378585 ], [ -60.394344963317899, -31.69907482002608 ], [ -60.394371999501153, -31.699092448829969 ], [ -60.394397714516018, -31.699111948550673 ], [ -60.394421644737193, -31.699133437863757 ], [ -60.39444368853669, -31.69915782795664 ], [ -60.394463474857076, -31.699184678069734 ], [ -60.394481678785205, -31.699213986115875 ], [ -60.394498089218651, -31.699243227558743 ], [ -60.394515339285633, -31.69927146534452 ], [ -60.394532092818032, -31.699302013408939 ], [ -60.394545555064518, -31.699335006657744 ], [ -60.394559917128547, -31.699368754678016 ], [ -60.394575932645836, -31.699401875301902 ], [ -60.394594193045783, -31.699434538051008 ], [ -60.394615507302007, -31.699465973845772 ], [ -60.394639064383504, -31.699496464768906 ], [ -60.394689910190834, -31.699559337963699 ], [ -60.394714261725326, -31.699590602007586 ], [ -60.394735194181408, -31.699621533924894 ], [ -60.394752996941868, -31.699653215045828 ], [ -60.394771261547845, -31.699684353622324 ], [ -60.394788699465394, -31.699714565846023 ], [ -60.394807197425131, -31.699743512190636 ], [ -60.394828419117495, -31.699770493077963 ], [ -60.394851179652036, -31.699797180604101 ], [ -60.394875721182466, -31.69982346579603 ], [ -60.394901479874164, -31.699848223081812 ], [ -60.394925470856968, -31.69987402296772 ], [ -60.39495012670254, -31.699899892938223 ], [ -60.394976438036224, -31.69992561348009 ], [ -60.39500418896332, -31.69995002187002 ], [ -60.395032524879134, -31.699970586546115 ], [ -60.395061713119503, -31.699988163440629 ], [ -60.395093776744687, -31.700004712326102 ], [ -60.395128315797905, -31.700020441865814 ], [ -60.395164020642774, -31.700034968318768 ], [ -60.395198592048224, -31.700048370957177 ], [ -60.395233129142021, -31.700061142395093 ], [ -60.395268948323711, -31.700072773514631 ], [ -60.395306986214372, -31.700082747355061 ], [ -60.39534739824564, -31.700090405079571 ], [ -60.395388850925883, -31.700094713688795 ], [ -60.3954308429904, -31.700099354297823 ], [ -60.39547191135815, -31.700105070962902 ], [ -60.395553795459037, -31.700119111393189 ], [ -60.39559310468109, -31.700125401642936 ], [ -60.395629862649152, -31.700129553384023 ], [ -60.395667196781773, -31.700130276284103 ], [ -60.395706967908311, -31.700128583663194 ], [ -60.395746790741271, -31.700126647369039 ], [ -60.395787640934834, -31.700125690894286 ], [ -60.395830138067545, -31.700127543077276 ], [ -60.395872356967438, -31.700133427394334 ], [ -60.395913854893081, -31.700140928253127 ], [ -60.395952447573734, -31.700149872065282 ], [ -60.395988761001938, -31.700161113650385 ], [ -60.396023162226136, -31.700174146832701 ], [ -60.396055564791709, -31.700188484881451 ], [ -60.396085888844681, -31.700202712136367 ], [ -60.396116044258164, -31.700214486866692 ], [ -60.39614601637151, -31.700225324231699 ], [ -60.396174056832095, -31.700238341056838 ], [ -60.396199820151864, -31.700254151676926 ], [ -60.396222404080028, -31.700273913268777 ], [ -60.396262502076141, -31.700314363065036 ], [ -60.396281861410081, -31.700337363300253 ], [ -60.396301769263637, -31.700362841924548 ], [ -60.396323043197071, -31.700389569876354 ], [ -60.396345564918036, -31.700417015429192 ], [ -60.396367529889261, -31.700445003820224 ], [ -60.396390368893428, -31.700472637767856 ], [ -60.39641426762168, -31.700498933674304 ], [ -60.396439260710565, -31.700524594876907 ], [ -60.396465827325436, -31.700550675053744 ], [ -60.396493801225205, -31.700575289847311 ], [ -60.39652300320207, -31.700598466869479 ], [ -60.396553690253469, -31.700621107173575 ], [ -60.396584286563574, -31.700642250675887 ], [ -60.396613128054717, -31.700662506793417 ], [ -60.396640566429241, -31.700682722175536 ], [ -60.396666543845072, -31.700704177634716 ], [ -60.396689374169277, -31.700727257194981 ], [ -60.396710775831792, -31.700751730049184 ], [ -60.396733338560061, -31.700776370639812 ], [ -60.396759670032282, -31.700799213832017 ], [ -60.396791487982547, -31.700817386385722 ], [ -60.396824769325171, -31.700832406910109 ], [ -60.396891545600027, -31.700858100335321 ], [ -60.39692379108908, -31.700875099115862 ], [ -60.396955425818149, -31.700892343289599 ], [ -60.397020497013607, -31.700918907732984 ], [ -60.397055190089752, -31.700935971008441 ], [ -60.397090932313695, -31.700954167342651 ], [ -60.397158650110207, -31.700987884188446 ], [ -60.397189335061768, -31.701005014020353 ], [ -60.397218558729364, -31.701020831690599 ], [ -60.397247398089576, -31.701035577345884 ], [ -60.397274966286169, -31.701051544456231 ], [ -60.39730118536766, -31.70106776828241 ], [ -60.397322947386229, -31.701085160361348 ], [ -60.397343994924753, -31.701103213015433 ], [ -60.39736483330929, -31.701121690188607 ], [ -60.397386500147135, -31.701139019423298 ], [ -60.397409550776466, -31.701154324190952 ], [ -60.39743382943049, -31.701168182162327 ], [ -60.397459003826057, -31.701181829911111 ], [ -60.397484797911197, -31.701199795599948 ], [ -60.397540347005005, -31.70123941221247 ], [ -60.397568178850612, -31.701260284517524 ], [ -60.397597126538201, -31.701280612225663 ], [ -60.397626987000542, -31.701297302613035 ], [ -60.397659271512822, -31.70131101833795 ], [ -60.397694320856047, -31.701322515892532 ], [ -60.397730544171786, -31.701332260181047 ], [ -60.397767805752061, -31.701340585311467 ], [ -60.397805460063346, -31.701344535218318 ], [ -60.397841681286287, -31.701348841307436 ], [ -60.397874526575777, -31.701355529792437 ], [ -60.397906169728159, -31.70136478328256 ], [ -60.397938933451236, -31.701377072513136 ], [ -60.39797352314914, -31.701392079633337 ], [ -60.398007935959861, -31.701407655463552 ], [ -60.398041044926032, -31.701421738277816 ], [ -60.398074574913132, -31.701433132247029 ], [ -60.398109401904861, -31.701441942858679 ], [ -60.398144815875938, -31.701447405753317 ], [ -60.398181677875975, -31.701451069429332 ], [ -60.398220529951715, -31.70145141707971 ], [ -60.398260571261801, -31.701448649611311 ], [ -60.398301214873449, -31.701446123749562 ], [ -60.39834268727661, -31.701445002176857 ], [ -60.398385584275907, -31.701446473477262 ], [ -60.398427063552646, -31.701449428231495 ], [ -60.398467271230977, -31.7014510341658 ], [ -60.398538923003585, -31.701449854303632 ], [ -60.398573950147473, -31.701446254664614 ], [ -60.398610870153846, -31.701441278282928 ], [ -60.398649419810049, -31.701435043220648 ], [ -60.398687673504583, -31.701426202716657 ], [ -60.398758510782386, -31.701407240735374 ], [ -60.398793723568268, -31.701402657435789 ], [ -60.398829269160288, -31.701409292137622 ], [ -60.398862058900107, -31.70142269934664 ], [ -60.39889411685472, -31.701437651004788 ], [ -60.398923524617111, -31.701456948857984 ], [ -60.398951128010033, -31.701478579129766 ], [ -60.398978334240155, -31.70150106739835 ], [ -60.399004243366221, -31.701523640886059 ], [ -60.399026623545964, -31.701547343707936 ], [ -60.399037814300598, -31.701563500365058 ] ] ] } },
{ "type": "Feature", "properties": { "ogc_fid": 388, "sec": 14.0, "gru": 325.0, "etiq": "14-325" }, "geometry": { "type": "Polygon", "coordinates": [ [ [ -60.420613350881489, -31.727573137998188 ], [ -60.419628271472959, -31.722806953667764 ], [ -60.413841524695933, -31.723726807970568 ], [ -60.413862605574344, -31.723845302552107 ], [ -60.413862543833183, -31.723868131243766 ], [ -60.413865636706731, -31.72389693528217 ], [ -60.413870214600543, -31.72392275839708 ], [ -60.413890073967927, -31.724013446996608 ], [ -60.413893909405068, -31.724040769590179 ], [ -60.413891996830316, -31.724066253036899 ], [ -60.413890817144342, -31.724097578086109 ], [ -60.413890680357831, -31.72412140538319 ], [ -60.413888046783569, -31.72414609754324 ], [ -60.413883379521828, -31.724176144270981 ], [ -60.413881951637897, -31.724203853710616 ], [ -60.413880060530488, -31.724227046390173 ], [ -60.413874102125611, -31.724260966241658 ], [ -60.41386580781726, -31.724291592908802 ], [ -60.413851980874995, -31.724318990880214 ], [ -60.413848001759504, -31.724344814718332 ], [ -60.41384678910353, -31.724371098536654 ], [ -60.413844769963198, -31.724403472454171 ], [ -60.413840619357252, -31.724433445354073 ], [ -60.413841033039709, -31.72446955404688 ], [ -60.413848616588176, -31.724516416559123 ], [ -60.413861885027728, -31.724577022830566 ], [ -60.413866949209535, -31.724598299044828 ], [ -60.413925790851273, -31.724771010488478 ], [ -60.414037242873199, -31.724986776655264 ], [ -60.414041213968183, -31.724994754139075 ], [ -60.414069633698311, -31.725029130496292 ], [ -60.414088611544628, -31.72504486022612 ], [ -60.414126082670137, -31.725074120739819 ], [ -60.414162175395866, -31.725099489733168 ], [ -60.41419457608508, -31.725122688237871 ], [ -60.414231185493428, -31.725147974366084 ], [ -60.414264490606271, -31.725172865389737 ], [ -60.414291326636139, -31.725195125993011 ], [ -60.414319196935317, -31.725224552927823 ], [ -60.414333686932501, -31.725244211230688 ], [ -60.414346487507821, -31.725265967312577 ], [ -60.414356048763445, -31.72529007872955 ], [ -60.41436344651332, -31.725314079937874 ], [ -60.414368389935483, -31.72533663714691 ], [ -60.414375456248386, -31.725376259454425 ], [ -60.414381771404777, -31.725432027298002 ], [ -60.414374423152054, -31.725454723665361 ], [ -60.414340882417932, -31.725438563335267 ], [ -60.414319192274796, -31.725425097082329 ], [ -60.414294929776695, -31.725409745303125 ], [ -60.414262102414732, -31.725416372354999 ], [ -60.414258145754566, -31.725447228444935 ], [ -60.414269709604639, -31.725475599105042 ], [ -60.41430214246644, -31.725496506779507 ], [ -60.414328083830057, -31.725509751792387 ], [ -60.414350786795104, -31.725532675146045 ], [ -60.414368593016512, -31.725557760813132 ], [ -60.414385958066241, -31.725585661680157 ], [ -60.414404248943306, -31.725612955296157 ], [ -60.41441974030392, -31.725634738695636 ], [ -60.41443942985142, -31.725658609752113 ], [ -60.414457988168685, -31.725674863860661 ], [ -60.414482014386792, -31.7256916322786 ], [ -60.414509958444427, -31.725709136486905 ], [ -60.414539967218822, -31.725711663284091 ], [ -60.414882328088019, -31.725839730313421 ], [ -60.414911474308909, -31.725852315444165 ], [ -60.414949858987107, -31.725868613168352 ], [ -60.414986242017164, -31.725887974664513 ], [ -60.415021817622268, -31.725906094227604 ], [ -60.415066316731661, -31.725928279118811 ], [ -60.415092064461511, -31.725940640792796 ], [ -60.415114992586815, -31.725954833377983 ], [ -60.415154637447223, -31.725976871712728 ], [ -60.415186682955664, -31.725996012796479 ], [ -60.415212034475715, -31.726021263155083 ], [ -60.415228389004028, -31.726054361843804 ], [ -60.415237767258503, -31.726077589974338 ], [ -60.415243475877318, -31.726103688918393 ], [ -60.415249614768612, -31.726129263388174 ], [ -60.415254009850223, -31.726154203225505 ], [ -60.415263686337717, -31.726227744522596 ], [ -60.41528222243727, -31.726309941758661 ], [ -60.415286576038078, -31.726344504454893 ], [ -60.415288014051718, -31.726387770470772 ], [ -60.415294629131488, -31.726430207956305 ], [ -60.415299821137538, -31.726456389745636 ], [ -60.415339834627773, -31.726639091159516 ], [ -60.415346685148371, -31.726672797978345 ], [ -60.41535281456396, -31.726705695482462 ], [ -60.415354841700143, -31.726729632958897 ], [ -60.415343899459707, -31.726757941567445 ], [ -60.415316909307187, -31.726788818619156 ], [ -60.415294621066941, -31.7268093271244 ], [ -60.415266402669253, -31.726832154658513 ], [ -60.415236763220292, -31.72685338152484 ], [ -60.415207457058024, -31.726873633302169 ], [ -60.415180055627083, -31.726890379696322 ], [ -60.415156108893783, -31.726903372161452 ], [ -60.415119816839997, -31.726921085420233 ], [ -60.415089789561357, -31.726940536873588 ], [ -60.415044168053683, -31.726974396525144 ], [ -60.415018316527586, -31.726990894339025 ], [ -60.414992851738397, -31.727001835501088 ], [ -60.414939736167902, -31.72701857537006 ], [ -60.414909297660422, -31.727023896151586 ], [ -60.414847247921912, -31.727036570668851 ], [ -60.414814323098085, -31.727042756275466 ], [ -60.414783002612268, -31.727051425755409 ], [ -60.414753856263779, -31.72706021441256 ], [ -60.414727174803943, -31.727070438001448 ], [ -60.414701613028008, -31.727080937515193 ], [ -60.414677385899097, -31.727092596066839 ], [ -60.414639652497655, -31.727116031598371 ], [ -60.414608826221119, -31.727119585946362 ], [ -60.41456208951309, -31.727109204359238 ], [ -60.414535115301113, -31.727103448102312 ], [ -60.414490681651529, -31.727091327450022 ], [ -60.414444138828372, -31.727081829000703 ], [ -60.4144065186535, -31.727069072909291 ], [ -60.414385570643674, -31.727054116210208 ], [ -60.41435697963545, -31.727031212009848 ], [ -60.414312448188156, -31.727011326695919 ], [ -60.414284601625887, -31.72700158704988 ], [ -60.414253493256268, -31.726989161470311 ], [ -60.414223966877096, -31.726974196547623 ], [ -60.414203428093984, -31.726958715416099 ], [ -60.414175784093764, -31.72693520385857 ], [ -60.414156740894164, -31.726916732740843 ], [ -60.414145586983722, -31.726895160684865 ], [ -60.414120299547093, -31.726865328517789 ], [ -60.414096798475477, -31.726833831140851 ], [ -60.414072553984184, -31.726796501213091 ], [ -60.414055156777515, -31.726770891109542 ], [ -60.414044174427595, -31.726745179001131 ], [ -60.414024065060261, -31.726721841342631 ], [ -60.413981083753505, -31.726701698358394 ], [ -60.413940041108901, -31.726690414237112 ], [ -60.413904618514209, -31.726690123427328 ], [ -60.413875730054293, -31.726695204448379 ], [ -60.413839726792489, -31.726699587082283 ], [ -60.413755170539446, -31.726712198856159 ], [ -60.413711794638367, -31.726719599521889 ], [ -60.413676889603259, -31.726726557832961 ], [ -60.413642566111747, -31.72673616568267 ], [ -60.413622247205815, -31.726755900935725 ], [ -60.413608322869379, -31.72678284826414 ], [ -60.413589360931141, -31.726808774809701 ], [ -60.413568105612462, -31.726829117330894 ], [ -60.413534902660452, -31.726846333119511 ], [ -60.41350802727618, -31.726855673271285 ], [ -60.413480398796843, -31.7268665039106 ], [ -60.413419422474519, -31.726940355668965 ], [ -60.413417477723605, -31.726968138916586 ], [ -60.413412196638809, -31.726997835885115 ], [ -60.413405773867375, -31.727019924952856 ], [ -60.413394023530856, -31.727046982447085 ], [ -60.413373835171143, -31.72707951446991 ], [ -60.413368220706097, -31.727110177495423 ], [ -60.413377847684323, -31.727144353397399 ], [ -60.413384987413856, -31.727172053072472 ], [ -60.41339400082331, -31.727205870223141 ], [ -60.413402487030488, -31.72723977024911 ], [ -60.413415669175947, -31.727299925896215 ], [ -60.413426491361264, -31.727337119110025 ], [ -60.41345894116602, -31.727485313853506 ], [ -60.413482289451721, -31.72758459478349 ], [ -60.41349091523783, -31.727616645558779 ], [ -60.413500542315504, -31.727650821447977 ], [ -60.413509835999427, -31.727685954377261 ], [ -60.413518623621854, -31.727721179132153 ], [ -60.413528121802244, -31.727757213244839 ], [ -60.413537942759639, -31.727792272312954 ], [ -60.413550088244072, -31.727823292575483 ], [ -60.413560500454317, -31.727853678147564 ], [ -60.413578461701448, -31.727911238978908 ], [ -60.413587765163044, -31.727939057877176 ], [ -60.413596423011242, -31.727968808825345 ], [ -60.413607373394903, -31.727996820784846 ], [ -60.413618947884515, -31.728025182439058 ], [ -60.413628348296143, -31.728053442924963 ], [ -60.413637135125278, -31.728081344661668 ], [ -60.413644662752269, -31.728110819700216 ], [ -60.413670231117017, -31.728227598259764 ], [ -60.413675724144717, -31.728255113868698 ], [ -60.413666557050782, -31.728281757168009 ], [ -60.413671200933372, -31.728317644686726 ], [ -60.413694154468701, -31.728358847800507 ], [ -60.413712067621482, -31.728377043076751 ], [ -60.41374408256447, -31.728405807335815 ], [ -60.41375872514341, -31.728435971731948 ], [ -60.413758319908325, -31.728463506481585 ], [ -60.413759862966415, -31.728492568049461 ], [ -60.413756518688331, -31.728516450834068 ], [ -60.413759428397114, -31.728544371636541 ], [ -60.41376434484399, -31.728570967019465 ], [ -60.420613350881489, -31.727573137998188 ] ] ] } },
{ "type": "Feature", "properties": { "ogc_fid": 389, "sec": 14.0, "gru": 324.0, "etiq": "14-324" }, "geometry": { "type": "Polygon", "coordinates": [ [ [ -60.421599168493174, -31.732342379980597 ], [ -60.420613350881489, -31.727573137998188 ], [ -60.41376434484399, -31.728570967019465 ], [ -60.413765266641569, -31.728575953456051 ], [ -60.41377023334794, -31.728610865925006 ], [ -60.413769279463736, -31.728640783334782 ], [ -60.413756302773258, -31.728674455386074 ], [ -60.413745326912164, -31.72869773164733 ], [ -60.413734125162463, -31.728722415524363 ], [ -60.413724958040845, -31.72874905882616 ], [ -60.413717512447874, -31.728771313556312 ], [ -60.413703362000803, -31.72879967752398 ], [ -60.413675822898526, -31.728840250876679 ], [ -60.413659637793195, -31.728866655412883 ], [ -60.413649792145932, -31.728890207570693 ], [ -60.413646200502697, -31.728917797750906 ], [ -60.413662191398053, -31.728968808515468 ], [ -60.413676155549012, -31.728995881779696 ], [ -60.413703113638505, -31.729038271348774 ], [ -60.41373211514027, -31.729067965272314 ], [ -60.413751814876228, -31.729084504358731 ], [ -60.413773086097578, -31.729098504146886 ], [ -60.41380148281975, -31.729113193260098 ], [ -60.413831429553731, -31.729127633835645 ], [ -60.413856112651494, -31.729142452233301 ], [ -60.41392001238934, -31.72918717483639 ], [ -60.413946396884093, -31.729204936735535 ], [ -60.413973007229473, -31.729221281993695 ], [ -60.414003255363973, -31.729237047266562 ], [ -60.414032320158817, -31.729254836516123 ], [ -60.414057251578839, -31.729273279497992 ], [ -60.414078598350414, -31.729290011589345 ], [ -60.414118761106984, -31.729311976398314 ], [ -60.414145317112727, -31.729325580177473 ], [ -60.414175328920599, -31.729342762078634 ], [ -60.414206858728505, -31.729361986235567 ], [ -60.414232565695862, -31.729383970926268 ], [ -60.414252944101747, -31.729403601067883 ], [ -60.414274443198885, -31.729430839163669 ], [ -60.414294811112384, -31.72945047835092 ], [ -60.414320776944272, -31.729476087612138 ], [ -60.414349908655495, -31.729511255187287 ], [ -60.414362838817155, -31.72953117105812 ], [ -60.414387674379803, -31.729556495387929 ], [ -60.41442454344309, -31.729578073992993 ], [ -60.414451648249447, -31.729589304061843 ], [ -60.414480648277426, -31.729604351798962 ], [ -60.414509949662666, -31.729620724266393 ], [ -60.41453586024268, -31.729636269035439 ], [ -60.41455840147156, -31.729648695343794 ], [ -60.414592708676409, -31.729668388350024 ], [ -60.414624507070165, -31.729683904931665 ], [ -60.414660858571779, -31.729698234290865 ], [ -60.414704261150646, -31.729717852585765 ], [ -60.414750957595132, -31.729737847942896 ], [ -60.41480403614316, -31.729752709034507 ], [ -60.414836350300497, -31.729760819710233 ], [ -60.414867685504753, -31.729771828496808 ], [ -60.414901162923698, -31.729785247256046 ], [ -60.414935350891128, -31.729799466338307 ], [ -60.414971605550377, -31.729813354017743 ], [ -60.415009507206442, -31.729827443749535 ], [ -60.415049098287383, -31.72983941764409 ], [ -60.415125460791032, -31.729865205330917 ], [ -60.415159712808133, -31.729874842754967 ], [ -60.415191639255283, -31.729881177961893 ], [ -60.415222919107912, -31.729882122214789 ], [ -60.415371984047752, -31.729858278676566 ], [ -60.415412777918661, -31.729851291689041 ], [ -60.415449137060584, -31.729843642756503 ], [ -60.415483203697413, -31.729837741853224 ], [ -60.415514256655236, -31.729832770650081 ], [ -60.415547021550303, -31.729830733883503 ], [ -60.415582671157068, -31.729829607588552 ], [ -60.415617028592557, -31.729825031418301 ], [ -60.415724169196103, -31.729807889615927 ], [ -60.415754608522676, -31.729802559616381 ], [ -60.415780968938456, -31.729800633863821 ], [ -60.415818816258948, -31.729811981913095 ], [ -60.415860087408753, -31.729829180793995 ], [ -60.415886351943641, -31.729834136434057 ], [ -60.415916362082278, -31.729836662893863 ], [ -60.41594909503511, -31.729836925841045 ], [ -60.415981418769164, -31.729837704168759 ], [ -60.41605390270923, -31.729838468650303 ], [ -60.416080425037116, -31.729839716812858 ], [ -60.416108474925707, -31.729835693189941 ], [ -60.416157126260543, -31.729827904724392 ], [ -60.416202225915313, -31.72982343762008 ], [ -60.41622602655498, -31.729834281285207 ], [ -60.416250989445892, -31.729843110029012 ], [ -60.416282593205622, -31.729850420012127 ], [ -60.416325228959629, -31.729851840960936 ], [ -60.41636028745436, -31.729855387952615 ], [ -60.41639684262578, -31.729863276953477 ], [ -60.416431288612351, -31.72987378819419 ], [ -60.416459104294802, -31.729885818156291 ], [ -60.416487718067948, -31.729906422080376 ], [ -60.41652578415723, -31.72993834036 ], [ -60.416548843495875, -31.729958006461377 ], [ -60.416582206537022, -31.729992961284065 ], [ -60.416600217509952, -31.730011597730975 ], [ -60.416619940468188, -31.730033168604532 ], [ -60.416643743434761, -31.730058658196484 ], [ -60.416943149870569, -31.730437492494978 ], [ -60.416953197106295, -31.730463820647767 ], [ -60.416958271474172, -31.730491851522657 ], [ -60.416959105009859, -31.730520112713325 ], [ -60.416956042946971, -31.730552652388219 ], [ -60.416956197788906, -31.730577804423067 ], [ -60.416960108827062, -31.730600536236441 ], [ -60.416964559035357, -31.730628208412959 ], [ -60.416968406180146, -31.730655521822786 ], [ -60.416973630854301, -31.730679412722093 ], [ -60.416981838369765, -31.730711978659414 ], [ -60.416992662388601, -31.730749171534949 ], [ -60.417015562515026, -31.73084395298746 ], [ -60.41702706518096, -31.730884236977417 ], [ -60.41703775916119, -31.730915947037722 ], [ -60.417047065109301, -31.730951088660714 ], [ -60.417060343665341, -31.730989716454523 ], [ -60.417070368413505, -31.731011003338821 ], [ -60.417086367470667, -31.731032712578685 ], [ -60.417107813283742, -31.731057208739816 ], [ -60.417129119705727, -31.731083563160098 ], [ -60.417149198896375, -31.73110920011468 ], [ -60.417165822122271, -31.731131259022018 ], [ -60.417191779856481, -31.731164199735101 ], [ -60.417217908912249, -31.731192982362931 ], [ -60.417243586353266, -31.731224589247503 ], [ -60.417271440079631, -31.731254412361835 ], [ -60.417296649774883, -31.731268759397548 ], [ -60.417398536578339, -31.731300991520136 ], [ -60.417605144597651, -31.731383320857891 ], [ -60.417819550483571, -31.7314490934255 ], [ -60.417847991761839, -31.731445194394311 ], [ -60.417895698080692, -31.731445344622426 ], [ -60.417922522329818, -31.731447926143733 ], [ -60.41796961624101, -31.731455040617529 ], [ -60.417998594820624, -31.731465055303094 ], [ -60.418025602427704, -31.731468520012218 ], [ -60.418052868967195, -31.731475600276216 ], [ -60.418083924820642, -31.731485283463947 ], [ -60.418113274942172, -31.731498137725282 ], [ -60.418362512552577, -31.73149790611054 ], [ -60.418380056327102, -31.731496964715451 ], [ -60.418446083755413, -31.731502429612153 ], [ -60.418488355097409, -31.731507115718195 ], [ -60.418536299077665, -31.731513181047703 ], [ -60.418589603735107, -31.73151930090242 ], [ -60.418618484176861, -31.731521550859192 ], [ -60.418661314630498, -31.731523854193323 ], [ -60.418706124113086, -31.731518061437303 ], [ -60.41875283825074, -31.731508754220236 ], [ -60.418798388884866, -31.731494138925488 ], [ -60.418836953163598, -31.73147697630538 ], [ -60.418862085391453, -31.731467000448863 ], [ -60.418908895150111, -31.731450811761853 ], [ -60.418934425775618, -31.731442611221912 ], [ -60.418964121660551, -31.731431447943599 ], [ -60.419001394863642, -31.731418158444644 ], [ -60.419036558904679, -31.731407491227387 ], [ -60.419065124459749, -31.73139605206876 ], [ -60.419104591879346, -31.731373258868341 ], [ -60.419119862368262, -31.731357236932599 ], [ -60.419177433436715, -31.73127506063171 ], [ -60.419181370398746, -31.731270610593228 ], [ -60.419218348776809, -31.731219985501188 ], [ -60.419233715921706, -31.731199661419673 ], [ -60.419252548349931, -31.731175592288288 ], [ -60.419268183729066, -31.731151569744217 ], [ -60.419271622273754, -31.731120796404397 ], [ -60.419276062311603, -31.731092157149384 ], [ -60.419284065868183, -31.731067528413487 ], [ -60.419293124066094, -31.731040434163159 ], [ -60.419308521099374, -31.731015041589128 ], [ -60.419335414437178, -31.73092286543352 ], [ -60.419362630232094, -31.730890579926509 ], [ -60.419401806454495, -31.730866452857025 ], [ -60.419442662850386, -31.73084755096416 ], [ -60.419604165730405, -31.730752749250641 ], [ -60.419659987278173, -31.730732084511981 ], [ -60.419716839147782, -31.730717612051073 ], [ -60.419773993562501, -31.730709397392644 ], [ -60.419834517784032, -31.730704355132296 ], [ -60.419888943893554, -31.730704193891572 ], [ -60.419939714337985, -31.730707670099886 ], [ -60.41998486771395, -31.730715060778632 ], [ -60.420024804804697, -31.730723983734737 ], [ -60.420066069513133, -31.730739494810749 ], [ -60.42011171103978, -31.730759185040068 ], [ -60.420156834397432, -31.730780960229424 ], [ -60.420194074313137, -31.730807153390145 ], [ -60.420226032436297, -31.730836727845382 ], [ -60.420290058943039, -31.730896913492497 ], [ -60.420320588671423, -31.730930289412409 ], [ -60.420350582628181, -31.730968861734858 ], [ -60.420380255890784, -31.731011186794351 ], [ -60.420406809021372, -31.731054225578831 ], [ -60.420428530174426, -31.731099778413704 ], [ -60.420448873821329, -31.731148726735871 ], [ -60.420472682235321, -31.731198493324751 ], [ -60.420502207931534, -31.731250171001509 ], [ -60.420534363715724, -31.731302426194542 ], [ -60.420562552164476, -31.731357057310149 ], [ -60.420583701829422, -31.731413885097702 ], [ -60.420597422158714, -31.73147054800852 ], [ -60.420607793653758, -31.731526356194188 ], [ -60.420620853483925, -31.731579287631423 ], [ -60.420636036375285, -31.731635016806816 ], [ -60.42065361240487, -31.731694931673598 ], [ -60.420672094617579, -31.731756890740719 ], [ -60.420688929985502, -31.731818683888832 ], [ -60.420707185115141, -31.731879417186111 ], [ -60.420725873552385, -31.731942629130803 ], [ -60.42074168908573, -31.732007564065782 ], [ -60.420756222886673, -31.732071402975038 ], [ -60.420769052748398, -31.732131784412072 ], [ -60.420779586494092, -31.732188430759706 ], [ -60.420790409715771, -31.732243750434289 ], [ -60.420801684768762, -31.732298644747363 ], [ -60.420813687624261, -31.732348801956292 ], [ -60.420824395158625, -31.732394860033853 ], [ -60.420826358318735, -31.732404166750044 ], [ -60.420834536952114, -31.732446467273604 ], [ -60.421599168493174, -31.732342379980597 ] ] ] } },
{ "type": "Feature", "properties": { "ogc_fid": 398, "sec": 9.0, "gru": 129.0, "etiq": "9-129" }, "geometry": { "type": "Polygon", "coordinates": [ [ [ -60.471688267890563, -31.77507436680154 ], [ -60.477357302032928, -31.774203517061824 ], [ -60.477099484982084, -31.772850525121747 ], [ -60.476992708362559, -31.772389823110792 ], [ -60.476931708009062, -31.772101412975424 ], [ -60.476708104589683, -31.771103019918776 ], [ -60.476639028113482, -31.770790692907674 ], [ -60.476471455386879, -31.769981484889559 ], [ -60.476391811495091, -31.769522387177187 ], [ -60.476359624260603, -31.769346820379457 ], [ -60.470670209457126, -31.770232725461213 ], [ -60.471320919417835, -31.773119092885906 ], [ -60.471688267890563, -31.77507436680154 ] ] ] } },
{ "type": "Feature", "properties": { "ogc_fid": 399, "sec": 9.0, "gru": 128.0, "etiq": "9-128" }, "geometry": { "type": "Polygon", "coordinates": [ [ [ -60.477357302032928, -31.774203517061824 ], [ -60.471688267890563, -31.77507436680154 ], [ -60.471720639241596, -31.775246664585286 ], [ -60.472745722581571, -31.779915966744774 ], [ -60.475570639179352, -31.77949321265784 ], [ -60.478348762656971, -31.779062938007929 ], [ -60.478137337234088, -31.778056024685359 ], [ -60.477963929827084, -31.777091318022542 ], [ -60.477764923592218, -31.77628234909912 ], [ -60.477447978975171, -31.774679368525813 ], [ -60.477357302032928, -31.774203517061824 ] ] ] } },
{ "type": "Feature", "properties": { "ogc_fid": 400, "sec": 14.0, "gru": 69.0, "etiq": "14-69" }, "geometry": { "type": "Polygon", "coordinates": [ [ [ -60.477939409050933, -31.748916126922648 ], [ -60.478132584320839, -31.749865802488522 ], [ -60.478829933778123, -31.753054583928559 ], [ -60.478974806276241, -31.753801875454631 ], [ -60.479350876154783, -31.75374597704721 ], [ -60.47948991776402, -31.753211680705199 ], [ -60.479628001352701, -31.752614774847508 ], [ -60.47973378744841, -31.752300087235003 ], [ -60.479849721420173, -31.752001828984888 ], [ -60.480082301359069, -31.751524729129908 ], [ -60.48071463106406, -31.750428714680481 ], [ -60.481194186867796, -31.749725335205309 ], [ -60.481721630562916, -31.748808225430786 ], [ -60.481855468229831, -31.748541458698028 ], [ -60.481953809932314, -31.748272952876075 ], [ -60.481889224489457, -31.74828364726697 ], [ -60.478798371663494, -31.74877849063267 ], [ -60.477939409050933, -31.748916126922648 ] ] ] } },
{ "type": "Feature", "properties": { "ogc_fid": 391, "sec": 10.0, "gru": 2.0, "etiq": "10-2" }, "geometry": { "type": "Polygon", "coordinates": [ [ [ -60.550231839801327, -31.720637598943227 ], [ -60.550893347312048, -31.720181690659437 ], [ -60.551316537037003, -31.719824878279219 ], [ -60.552448969244416, -31.718935310078216 ], [ -60.553574905070199, -31.718042818683653 ], [ -60.553899313259414, -31.717827590927804 ], [ -60.553711557041055, -31.716972555977538 ], [ -60.553236173948314, -31.714585257047595 ], [ -60.554722929695849, -31.714348415726661 ], [ -60.556014659241747, -31.714140780459903 ], [ -60.556072185212734, -31.714130653596321 ], [ -60.556611899654264, -31.71403439382636 ], [ -60.556684032676287, -31.713927311369549 ], [ -60.557651809340875, -31.712537168656748 ], [ -60.557905640928624, -31.712271333095728 ], [ -60.558342377929293, -31.712082556636666 ], [ -60.560025661766979, -31.711578181237094 ], [ -60.563096580126789, -31.710668522381344 ], [ -60.562915318600119, -31.710616445536505 ], [ -60.56274250121421, -31.710201434400989 ], [ -60.562639506478625, -31.70993336815544 ], [ -60.562449032320835, -31.709676637322005 ], [ -60.562363993938682, -31.709538554697367 ], [ -60.562205464360169, -31.708832816098486 ], [ -60.562021595806172, -31.707911066887142 ], [ -60.561835308451826, -31.706949601505361 ], [ -60.562877437146902, -31.706711196458418 ], [ -60.563478004510571, -31.706628735781688 ], [ -60.563899146508852, -31.706591935067117 ], [ -60.564365335243686, -31.706551196372839 ], [ -60.564300651658471, -31.706196942819261 ], [ -60.564256360974291, -31.705954657835022 ], [ -60.564171897472335, -31.705491784321701 ], [ -60.564138873974166, -31.70527581199503 ], [ -60.56420040009732, -31.705264647604999 ], [ -60.56419903283345, -31.705244612903329 ], [ -60.564190635665454, -31.705174047100492 ], [ -60.564149093309055, -31.705182163904798 ], [ -60.56412406663086, -31.705186387518435 ], [ -60.5640950525679, -31.705188534805337 ], [ -60.564036865855613, -31.705193937348692 ], [ -60.564004195541635, -31.705201698766018 ], [ -60.56397548309841, -31.705201056252417 ], [ -60.56396232120867, -31.705199192811964 ], [ -60.563944920056755, -31.705192470957616 ], [ -60.563903650604026, -31.705175229206507 ], [ -60.563864165891715, -31.705164273393439 ], [ -60.563816561622076, -31.705149823274891 ], [ -60.563771309782005, -31.705147720907313 ], [ -60.563700132812215, -31.705134511979008 ], [ -60.563675134839983, -31.705158286723488 ], [ -60.563671648580453, -31.705158212384404 ], [ -60.563642810372087, -31.705170044914766 ], [ -60.563623623397227, -31.705169130674292 ], [ -60.563602186026728, -31.70516164830433 ], [ -60.563548595242992, -31.705151985552174 ], [ -60.563521268628811, -31.705148985164136 ], [ -60.563497331489593, -31.705137835277043 ], [ -60.563487030801937, -31.705130619698103 ], [ -60.563460607097284, -31.705114151501604 ], [ -60.563436293863468, -31.70509454252203 ], [ -60.563396338787108, -31.705075645356576 ], [ -60.563330267509201, -31.705051040547673 ], [ -60.5632790369555, -31.705041376031925 ], [ -60.563258547896709, -31.705038079344689 ], [ -60.563249894158723, -31.705032739512891 ], [ -60.563202251811497, -31.705005194881327 ], [ -60.563126087187243, -31.704984048506212 ], [ -60.563080018177288, -31.704977118884372 ], [ -60.563033766527475, -31.704970998707555 ], [ -60.563025880395351, -31.704955766679245 ], [ -60.562974331305142, -31.704900482873285 ], [ -60.562901597348173, -31.704879205448044 ], [ -60.562838432088441, -31.704885483540711 ], [ -60.562780001352131, -31.704895725081748 ], [ -60.562750866661858, -31.704894931517515 ], [ -60.562570522548263, -31.70488592315991 ], [ -60.562618330254388, -31.705243123878024 ], [ -60.562442104573186, -31.705281313039197 ], [ -60.562308455894183, -31.705256135974363 ], [ -60.562000681228319, -31.705325989012948 ], [ -60.562000842647308, -31.705335907369456 ], [ -60.561807162338937, -31.705378366845437 ], [ -60.561799355623236, -31.705399538238954 ], [ -60.561682380419249, -31.705416949044615 ], [ -60.561645140863192, -31.705409665862049 ], [ -60.56164540439476, -31.705366312836645 ], [ -60.561407516087527, -31.705335998321619 ], [ -60.561299559643707, -31.705373642819598 ], [ -60.561298513313425, -31.705386889555001 ], [ -60.561247493370217, -31.705386674893145 ], [ -60.561178435753433, -31.705431704270673 ], [ -60.561178084030217, -31.705433787905708 ], [ -60.561077312059801, -31.705435848795119 ], [ -60.560911285614857, -31.705429338314264 ], [ -60.560546826101756, -31.705480224589419 ], [ -60.560476816290489, -31.705527545673075 ], [ -60.560344498368792, -31.705521466397478 ], [ -60.560343322925881, -31.705489753452699 ], [ -60.560203361902062, -31.70548829826345 ], [ -60.560203696660317, -31.705444650733156 ], [ -60.559893155500077, -31.705460376352789 ], [ -60.559892508358189, -31.705527281023251 ], [ -60.559850723193449, -31.705532521772927 ], [ -60.559840269831341, -31.705446452330804 ], [ -60.559407944723347, -31.70548033776501 ], [ -60.559414310950743, -31.705512870316298 ], [ -60.559181040931414, -31.705535579246387 ], [ -60.559140730258108, -31.705617668944193 ], [ -60.559145975173422, -31.705641810734694 ], [ -60.55882988965076, -31.705685498670547 ], [ -60.558288102046482, -31.705750287480178 ], [ -60.558293850750239, -31.705781863641757 ], [ -60.558158685007747, -31.705809258024697 ], [ -60.558164037467456, -31.705734600135976 ], [ -60.557679146177982, -31.705825202882036 ], [ -60.557684135013375, -31.705865071247324 ], [ -60.557677276692814, -31.705866235261617 ], [ -60.55766817328152, -31.70583580023203 ], [ -60.55719027248599, -31.705943345777577 ], [ -60.556969451191613, -31.706032611739342 ], [ -60.55656753836324, -31.706125506750357 ], [ -60.556147279455807, -31.706163391991112 ], [ -60.556144824745353, -31.706187961436324 ], [ -60.556053531210701, -31.706192990548114 ], [ -60.555994592409576, -31.706072792654755 ], [ -60.555777512908875, -31.70624675465319 ], [ -60.555679032640668, -31.706271038796164 ], [ -60.555638472830509, -31.706203139974804 ], [ -60.555417297195021, -31.706368273983632 ], [ -60.55533051213488, -31.706434746640905 ], [ -60.555200512704893, -31.706562113420709 ], [ -60.555255313251003, -31.706651322323399 ], [ -60.555235249432684, -31.706668140626061 ], [ -60.555203289856962, -31.706696136695751 ], [ -60.555170440634079, -31.706724201349068 ], [ -60.555133678427886, -31.706755932746539 ], [ -60.555096947960337, -31.70678795472957 ], [ -60.555059597228038, -31.706818428590545 ], [ -60.555024663346963, -31.706845674845987 ], [ -60.554984888652321, -31.706868526830448 ], [ -60.554946982987509, -31.706892546172835 ], [ -60.554919592681514, -31.706912429477889 ], [ -60.554887131517155, -31.706932939117394 ], [ -60.55485518012501, -31.70695433843445 ], [ -60.554826931398935, -31.70696886176037 ], [ -60.554767163035926, -31.706996068911831 ], [ -60.554739186110865, -31.707023561749697 ], [ -60.554725592129138, -31.707032713252051 ], [ -60.554707331975024, -31.707041576093829 ], [ -60.554652131064394, -31.707068991604448 ], [ -60.554625098844532, -31.707081895902977 ], [ -60.554602349217653, -31.707092399225662 ], [ -60.554579631446003, -31.707102141291649 ], [ -60.554551520386525, -31.707113306420958 ], [ -60.554446145542087, -31.707167533621664 ], [ -60.554423308432533, -31.70717942615622 ], [ -60.554397108554987, -31.707192147702827 ], [ -60.554372075126686, -31.707202342800677 ], [ -60.554342158448435, -31.707215160480477 ], [ -60.554314555756712, -31.707227968297591 ], [ -60.554285926907596, -31.70724003888369 ], [ -60.554253643454835, -31.707255439541861 ], [ -60.554224901721788, -31.707270203793843 ], [ -60.554170754595717, -31.707300064764315 ], [ -60.55414489436162, -31.707312719301466 ], [ -60.554120766866227, -31.707322338615029 ], [ -60.554087228762647, -31.707337064537377 ], [ -60.554067683693532, -31.707344827323109 ], [ -60.554036049516633, -31.707355392693913 ], [ -60.553982384360971, -31.707373923053506 ], [ -60.553956741320306, -31.707381849650567 ], [ -60.5539357638716, -31.707388668292605 ], [ -60.553917915035342, -31.707392919443933 ], [ -60.553896952290728, -31.707395796277194 ], [ -60.553863988023387, -31.707399657772463 ], [ -60.553817382775435, -31.707408855987655 ], [ -60.553746351101076, -31.707441144270152 ], [ -60.553717434780388, -31.707457713392074 ], [ -60.553698200960817, -31.707467792466627 ], [ -60.553683115828051, -31.707474148845783 ], [ -60.553663745481359, -31.707480281521413 ], [ -60.553636865244826, -31.707486710701605 ], [ -60.553616291443106, -31.707491010644993 ], [ -60.553611892308865, -31.707491278113793 ], [ -60.553597996240399, -31.707485118697694 ], [ -60.553570945206495, -31.707473697256013 ], [ -60.553541300966621, -31.707462379903085 ], [ -60.553512537523787, -31.707452319854728 ], [ -60.553450332341825, -31.707431068833614 ], [ -60.552681940497109, -31.707648366848833 ], [ -60.552647615748903, -31.707657845543736 ], [ -60.552606010117685, -31.707674217959493 ], [ -60.552572410271289, -31.707692985281373 ], [ -60.552063295309658, -31.708034809601223 ], [ -60.551917832762747, -31.708083192206811 ], [ -60.551847346486916, -31.708125783795474 ], [ -60.551839145392691, -31.708134956558492 ], [ -60.55169661578153, -31.708078085373543 ], [ -60.551518353798095, -31.708151458231708 ], [ -60.551553283661214, -31.708329228239972 ], [ -60.551468081027714, -31.708377186235186 ], [ -60.551448438342135, -31.708371666573139 ], [ -60.551369885872965, -31.708386520974198 ], [ -60.551279048153475, -31.708436911988152 ], [ -60.551266106303558, -31.708441780133406 ], [ -60.551240044966455, -31.708448612634996 ], [ -60.551201551817172, -31.708461994715947 ], [ -60.551108054444548, -31.708503434292773 ], [ -60.550980088584382, -31.708570732428431 ], [ -60.55097867909042, -31.708574767170695 ], [ -60.550848942512808, -31.708596936900051 ], [ -60.550670833436115, -31.708698846890865 ], [ -60.550563559351374, -31.708810808955274 ], [ -60.550547496715787, -31.708813977514712 ], [ -60.5505249341984, -31.708817608723628 ], [ -60.550501461922259, -31.708820869006797 ], [ -60.550436475080261, -31.708828485310537 ], [ -60.550403040160013, -31.708833642852234 ], [ -60.550363756018555, -31.708840161568162 ], [ -60.550331504890039, -31.708847508245032 ], [ -60.55029454965004, -31.708857980990487 ], [ -60.550257443961861, -31.708873342566903 ], [ -60.550220034843569, -31.70889232863545 ], [ -60.550195270610935, -31.70890890457698 ], [ -60.550185776121502, -31.708914582547088 ], [ -60.550180862961795, -31.708916186113619 ], [ -60.550165427860136, -31.708918312156847 ], [ -60.550098427341034, -31.708926159299438 ], [ -60.55003115186387, -31.708936518419787 ], [ -60.549986829308914, -31.70894588381076 ], [ -60.549936415515937, -31.708966789450319 ], [ -60.54990022860445, -31.708990701419932 ], [ -60.549878436842178, -31.709007731595491 ], [ -60.54987563333443, -31.709009300557721 ], [ -60.549865629899074, -31.709011513288761 ], [ -60.54974017509997, -31.709026202319532 ], [ -60.549721144511288, -31.709022147622253 ], [ -60.549637322567875, -31.709020189480782 ], [ -60.549598571117194, -31.709023994452249 ], [ -60.549559757927959, -31.709028545601793 ], [ -60.549517523512478, -31.709038485089458 ], [ -60.549480397106059, -31.709051844589649 ], [ -60.549438573928043, -31.709071417626692 ], [ -60.549407361699203, -31.709088361059791 ], [ -60.549380191542916, -31.7091023168486 ], [ -60.549323291479993, -31.709128876052542 ], [ -60.549291096624714, -31.709145315219001 ], [ -60.54926451615497, -31.709159929236467 ], [ -60.549249479123233, -31.7091677101585 ], [ -60.549235894030069, -31.709172629141133 ], [ -60.549220538811468, -31.709175326211543 ], [ -60.549191199560866, -31.709178710813401 ], [ -60.549164665973372, -31.709179539931156 ], [ -60.549128523465512, -31.709180260453099 ], [ -60.549083540325618, -31.709182355316713 ], [ -60.549052361528041, -31.709185343615204 ], [ -60.54898580484317, -31.709193135734854 ], [ -60.548952455104647, -31.709198439723181 ], [ -60.548913987226875, -31.70920694838825 ], [ -60.548876013170442, -31.70921680356561 ], [ -60.548836029052907, -31.709230136807076 ], [ -60.548798266943095, -31.709246327834059 ], [ -60.54876121870555, -31.709269433466872 ], [ -60.548736571893656, -31.709290252692142 ], [ -60.5486959541959, -31.709325043818446 ], [ -60.548669826426519, -31.709345994260602 ], [ -60.548522059400966, -31.709417570204536 ], [ -60.548518344945826, -31.709419565861154 ], [ -60.548496019930951, -31.709430191270243 ], [ -60.548469781577346, -31.709442298280585 ], [ -60.548436901151085, -31.709459093224734 ], [ -60.548400877309426, -31.709479361214751 ], [ -60.548370216931559, -31.709502260805944 ], [ -60.548333393064297, -31.709546065931065 ], [ -60.54832824387065, -31.70954510673009 ], [ -60.548324609748462, -31.709544051270029 ], [ -60.548340950144251, -31.709650290412718 ], [ -60.548542020498239, -31.710131710073746 ], [ -60.548071540592247, -31.710283064310492 ], [ -60.547614331015168, -31.71047411020654 ], [ -60.547127108966507, -31.710668168357376 ], [ -60.54658813450424, -31.710891256167223 ], [ -60.546098387288119, -31.711162448080401 ], [ -60.545680615033291, -31.711394631689231 ], [ -60.545747145299089, -31.711489920376792 ], [ -60.544983150075296, -31.711943522013122 ], [ -60.545056814235437, -31.712062281708512 ], [ -60.544860050805283, -31.712189791312568 ], [ -60.544962988316776, -31.712316682597983 ], [ -60.544530882838153, -31.71263834029153 ], [ -60.543398913388096, -31.713350004083466 ], [ -60.543538073302024, -31.713536683428995 ], [ -60.543260680275296, -31.71368265248422 ], [ -60.543194933964202, -31.713722228692831 ], [ -60.543054326545679, -31.713579970502291 ], [ -60.542756070810285, -31.713810214077029 ], [ -60.542838725267366, -31.713872864941774 ], [ -60.542065911554232, -31.714522124941475 ], [ -60.542083625862226, -31.714540402128875 ], [ -60.54196212869131, -31.714617827798804 ], [ -60.541817317511295, -31.714737279105044 ], [ -60.541721307278792, -31.714836222424992 ], [ -60.541610838636579, -31.715006959670976 ], [ -60.541550581957019, -31.715087282663998 ], [ -60.541792275995036, -31.715250715843538 ], [ -60.541546697920403, -31.715412145634406 ], [ -60.541052527656703, -31.715747498282536 ], [ -60.541095816247484, -31.715809835281519 ], [ -60.541046299573914, -31.715870787814836 ], [ -60.540995705489152, -31.715887912060154 ], [ -60.541011047927682, -31.71592104378815 ], [ -60.540615109585019, -31.71605502654111 ], [ -60.540620347124424, -31.716056494046832 ], [ -60.540666587172197, -31.716075154774778 ], [ -60.540729849132916, -31.71611081437862 ], [ -60.540833678331957, -31.716241918135111 ], [ -60.540892504187106, -31.716303239925136 ], [ -60.541200096510686, -31.716636731071006 ], [ -60.541226079378895, -31.717046424480078 ], [ -60.541187364073387, -31.717130365852835 ], [ -60.54118258934998, -31.717154372939902 ], [ -60.541166973726334, -31.717186392448131 ], [ -60.541178658201531, -31.717244263893583 ], [ -60.541199757416997, -31.717295566377132 ], [ -60.541293288869156, -31.717423395053483 ], [ -60.54137723950106, -31.717633392811337 ], [ -60.541470450239153, -31.717709632787212 ], [ -60.541636795660374, -31.717786322647488 ], [ -60.541621654473609, -31.717851628773211 ], [ -60.541670674747664, -31.717882486611693 ], [ -60.541814242164861, -31.718029138681324 ], [ -60.541849597368852, -31.718091783224867 ], [ -60.542055885492218, -31.71833337116604 ], [ -60.542109978320589, -31.718382068568008 ], [ -60.542166987338334, -31.718635012099767 ], [ -60.542251009539079, -31.718823167989058 ], [ -60.54226929974395, -31.718968717311512 ], [ -60.542261875525014, -31.719140538615981 ], [ -60.54221397900394, -31.719185650284476 ], [ -60.542329195575576, -31.719293602588102 ], [ -60.54235813201322, -31.71930186692768 ], [ -60.542551716016568, -31.719315120356306 ], [ -60.542758935931793, -31.719364361264763 ], [ -60.542932320720801, -31.719577051686272 ], [ -60.54293517475498, -31.719671638170094 ], [ -60.542975447337405, -31.719745032896778 ], [ -60.542985138335638, -31.720048491605926 ], [ -60.542881308931733, -31.720240307453402 ], [ -60.542872801856035, -31.720257892608437 ], [ -60.542948811832886, -31.720367379856789 ], [ -60.542995967835573, -31.720393136662398 ], [ -60.543639072968588, -31.720632672775828 ], [ -60.543740725418346, -31.720670410819114 ], [ -60.544522137784838, -31.721042914776522 ], [ -60.544828404737508, -31.721149701784288 ], [ -60.544955532704719, -31.72158947364936 ], [ -60.54469868468086, -31.721959560726763 ], [ -60.544525705993564, -31.722108900813282 ], [ -60.544342256454044, -31.722538855958593 ], [ -60.544343081163731, -31.722679963855906 ], [ -60.544407493231787, -31.722757785155185 ], [ -60.544889586148841, -31.722997968387197 ], [ -60.545069276539195, -31.723103482327165 ], [ -60.545569962352921, -31.722427337850881 ], [ -60.546151846062919, -31.722043029994385 ], [ -60.546463551040596, -31.721938779427731 ], [ -60.546754915475731, -31.721850208491961 ], [ -60.547710481239861, -31.721541728328237 ], [ -60.548393305464323, -31.721325848896758 ], [ -60.548697963729339, -31.72123044611001 ], [ -60.549851368745543, -31.720819170743955 ], [ -60.550231839801327, -31.720637598943227 ] ] ] } },
{ "type": "Feature", "properties": { "ogc_fid": 392, "sec": 10.0, "gru": 3.0, "etiq": "10-3" }, "geometry": { "type": "Polygon", "coordinates": [ [ [ -60.548324609748462, -31.709544051270029 ], [ -60.548255821613708, -31.709524073070714 ], [ -60.548186266870381, -31.709532210488003 ], [ -60.54811169191148, -31.709565285862819 ], [ -60.548083300132781, -31.709580835401425 ], [ -60.548058623002717, -31.709593838673193 ], [ -60.548032062764612, -31.709607172792765 ], [ -60.547980944716215, -31.709630247387988 ], [ -60.547961699208294, -31.709639124337983 ], [ -60.547942302136491, -31.709645482779493 ], [ -60.547922176207017, -31.709650521594671 ], [ -60.547902330956099, -31.709654992964285 ], [ -60.547880341543703, -31.7096579738107 ], [ -60.547859079154151, -31.709659645349213 ], [ -60.547795156310059, -31.709659560195192 ], [ -60.547759220403947, -31.709660415281579 ], [ -60.54771608367809, -31.709664152988747 ], [ -60.54767440123625, -31.709669033024593 ], [ -60.547637114726875, -31.709677525825153 ], [ -60.54759796168446, -31.709690241342589 ], [ -60.54758825237618, -31.709693620242348 ], [ -60.54705447146906, -31.709801770289658 ], [ -60.546579560571089, -31.709900330628599 ], [ -60.545896336219393, -31.710042753790709 ], [ -60.545618898359209, -31.710160047352481 ], [ -60.545354509027042, -31.710253613960919 ], [ -60.544690574818553, -31.710435021406052 ], [ -60.544351080545184, -31.710556412243204 ], [ -60.544123868882686, -31.710564004989479 ], [ -60.543077107792854, -31.710989178789344 ], [ -60.542360357651944, -31.711235702887773 ], [ -60.541449593965311, -31.711685407255665 ], [ -60.541314853914294, -31.711769345961812 ], [ -60.541237090416239, -31.711807048614123 ], [ -60.541206540570847, -31.711764954696484 ], [ -60.540222079911601, -31.712257287676742 ], [ -60.540109606864881, -31.712337248359372 ], [ -60.540013896318804, -31.712393425476048 ], [ -60.539907014105701, -31.712470712913159 ], [ -60.539858719506057, -31.712582133674328 ], [ -60.539846361535382, -31.712701936866814 ], [ -60.539830310909565, -31.712714572776253 ], [ -60.539796171410202, -31.712717160452563 ], [ -60.539714597541291, -31.712689498642053 ], [ -60.539530670226675, -31.712687697383402 ], [ -60.539412227640995, -31.712726538573168 ], [ -60.539378102637805, -31.712737890598085 ], [ -60.539274728054444, -31.712721759067659 ], [ -60.539159591763223, -31.712712956288087 ], [ -60.538972524894959, -31.712724887038895 ], [ -60.538854686908849, -31.712769257429745 ], [ -60.538754884352905, -31.712896965793878 ], [ -60.538659173122667, -31.712978589232861 ], [ -60.538593396886782, -31.713082223208946 ], [ -60.538531585511763, -31.713176477001824 ], [ -60.538457336025814, -31.713233746023704 ], [ -60.538372695607649, -31.713307537984633 ], [ -60.538293175854285, -31.713353577223724 ], [ -60.538201518497608, -31.713389748728485 ], [ -60.538126996221855, -31.713416969902347 ], [ -60.538117695724615, -31.713419715938624 ], [ -60.538083655848112, -31.71340971961979 ], [ -60.537976600894169, -31.713389948940055 ], [ -60.537818749927034, -31.713404316242155 ], [ -60.537714273321903, -31.713442990219043 ], [ -60.537610268446677, -31.713489630565007 ], [ -60.537526177200853, -31.713521344023487 ], [ -60.537441343272199, -31.713563618031689 ], [ -60.537329741111947, -31.713645089518618 ], [ -60.537254187826989, -31.71371412743401 ], [ -60.53719651087448, -31.713772070465676 ], [ -60.537180218987075, -31.713810445502364 ], [ -60.537140526762158, -31.713847547353126 ], [ -60.537067448896863, -31.713901794852013 ], [ -60.537032345397954, -31.713947099711753 ], [ -60.536987627579691, -31.713985271465837 ], [ -60.536937673123816, -31.714034730517994 ], [ -60.536872695084448, -31.714106691849516 ], [ -60.536803222301565, -31.714129813601005 ], [ -60.536706801466082, -31.714134054091907 ], [ -60.53657232091502, -31.714127863212884 ], [ -60.536427450277266, -31.714126070686802 ], [ -60.536457673150075, -31.714131457130435 ], [ -60.536479876373669, -31.714136165622257 ], [ -60.536511750489936, -31.714148348775424 ], [ -60.53652503029457, -31.714156955309662 ], [ -60.536534325308111, -31.714161362219794 ], [ -60.536557645149763, -31.714176437256633 ], [ -60.536579236263606, -31.71419664366973 ], [ -60.536589716506704, -31.714210328330083 ], [ -60.536596139065864, -31.714217376580244 ], [ -60.536611951376905, -31.714234159073722 ], [ -60.53661887053125, -31.71424069330228 ], [ -60.536626915816683, -31.714246830694098 ], [ -60.536645076877292, -31.714259515186153 ], [ -60.536661303548861, -31.7142775037814 ], [ -60.536667350142558, -31.714285044687955 ], [ -60.536675264013638, -31.714292667638755 ], [ -60.536690944515293, -31.714311506692141 ], [ -60.536697648817679, -31.714320572748505 ], [ -60.536704729209177, -31.714327657228232 ], [ -60.536717934911806, -31.714339585192846 ], [ -60.536729163603731, -31.714351180720271 ], [ -60.536740990981386, -31.714361863714487 ], [ -60.5367542612344, -31.714374958070621 ], [ -60.536770113318433, -31.714391180198362 ], [ -60.536780185707656, -31.714403046379122 ], [ -60.536802357362809, -31.71443068634445 ], [ -60.536808787177883, -31.714440327003416 ], [ -60.536816263966919, -31.71445022037868 ], [ -60.536827950895457, -31.714469382173199 ], [ -60.536835516709459, -31.714481328243771 ], [ -60.536841793605419, -31.714490577040223 ], [ -60.536847829258235, -31.714498447923766 ], [ -60.53685660485219, -31.714509386995527 ], [ -60.53686786955101, -31.714522920683443 ], [ -60.536873843006489, -31.714530659161184 ], [ -60.536866342597975, -31.714484264821763 ], [ -60.536893282422206, -31.71444382775595 ], [ -60.536900222631459, -31.714435998447886 ], [ -60.536905087033574, -31.714427432655672 ], [ -60.536911777760231, -31.714414641357404 ], [ -60.536920607781148, -31.714401032780046 ], [ -60.536936761697426, -31.714375475528112 ], [ -60.53695461803926, -31.714355292879837 ], [ -60.536991095914345, -31.714327647354335 ], [ -60.537040834368767, -31.71431003475497 ], [ -60.537089281585246, -31.714308675646933 ], [ -60.537133729016858, -31.714318857523164 ], [ -60.537143963147223, -31.71432430324634 ], [ -60.537152105786518, -31.714325344886774 ], [ -60.537184458362482, -31.714334045564396 ], [ -60.537210396502246, -31.714346343036265 ], [ -60.537218854566603, -31.714349933841884 ], [ -60.537231865654995, -31.714353692482671 ], [ -60.537257118288807, -31.714361789597074 ], [ -60.537284716196879, -31.714373724188423 ], [ -60.537308039978825, -31.714384933442865 ], [ -60.537321051534036, -31.714391946760554 ], [ -60.537326115906495, -31.714394104890189 ], [ -60.53733575109905, -31.71439719435147 ], [ -60.53737163071095, -31.714406391037429 ], [ -60.537391579231041, -31.714413239286912 ], [ -60.537402442115059, -31.714418099527567 ], [ -60.537403817672264, -31.714418571750684 ], [ -60.537420085662035, -31.714422760043341 ], [ -60.537431623203119, -31.714426328241768 ], [ -60.537441589084025, -31.714428370187072 ], [ -60.537462935935203, -31.714432216815517 ], [ -60.537478234389823, -31.714436114963739 ], [ -60.537496252559016, -31.714438981019825 ], [ -60.537519743028739, -31.714445087996811 ], [ -60.53753521859695, -31.714448641531135 ], [ -60.537555515249068, -31.714452475355177 ], [ -60.537577726139091, -31.714457678878667 ], [ -60.537586339895306, -31.714459498512269 ], [ -60.537608938323793, -31.714463767107407 ], [ -60.537636686447861, -31.714470897114222 ], [ -60.537657406987897, -31.714478590775858 ], [ -60.537677687151167, -31.714485043014623 ], [ -60.537694653875633, -31.714491538114729 ], [ -60.537706334257898, -31.714494918089891 ], [ -60.537719290978046, -31.714498249348743 ], [ -60.537734765292022, -31.714501295090773 ], [ -60.537753618257319, -31.714506095784529 ], [ -60.537774343379084, -31.714511047699432 ], [ -60.537806213774893, -31.714521260593735 ], [ -60.537838532731271, -31.714538132673159 ], [ -60.537851535247675, -31.71454733735715 ], [ -60.537865150323846, -31.71455614949182 ], [ -60.537868248123104, -31.714557797845032 ], [ -60.537871031829305, -31.714559117599158 ], [ -60.537897415876628, -31.714569031282974 ], [ -60.537918902564165, -31.714577545272011 ], [ -60.537937135238138, -31.714584385851392 ], [ -60.537951224089227, -31.714592709481838 ], [ -60.537961535519422, -31.714597729209096 ], [ -60.537973834731666, -31.714605048030819 ], [ -60.537987405458502, -31.714612362628728 ], [ -60.538000722969144, -31.714619766900555 ], [ -60.538012651510954, -31.714626674644922 ], [ -60.53802878854458, -31.714630097774634 ], [ -60.538044216096111, -31.71463371389634 ], [ -60.538067568082866, -31.714640790284502 ], [ -60.538092349095457, -31.714647960627843 ], [ -60.538114098629649, -31.714656259352644 ], [ -60.538145154131605, -31.71466561414065 ], [ -60.538167082481543, -31.714674682327452 ], [ -60.538180433131835, -31.714680371438845 ], [ -60.538191133539151, -31.714684480487296 ], [ -60.538211649859569, -31.71469540698364 ], [ -60.538482433581819, -31.714783701840012 ], [ -60.540502595194994, -31.715960155467634 ], [ -60.540594721366588, -31.716049313965307 ], [ -60.540615109585019, -31.71605502654111 ], [ -60.541011047927682, -31.71592104378815 ], [ -60.540995705489152, -31.715887912060154 ], [ -60.541046299573914, -31.715870787814836 ], [ -60.541095816247484, -31.715809835281519 ], [ -60.541052527656703, -31.715747498282536 ], [ -60.541546697920403, -31.715412145634406 ], [ -60.541792275995036, -31.715250715843538 ], [ -60.541550581957019, -31.715087282663998 ], [ -60.541610838636579, -31.715006959670976 ], [ -60.541721307278792, -31.714836222424992 ], [ -60.541817317511295, -31.714737279105044 ], [ -60.54196212869131, -31.714617827798804 ], [ -60.542083625862226, -31.714540402128875 ], [ -60.542065911554232, -31.714522124941475 ], [ -60.542838725267366, -31.713872864941774 ], [ -60.542756070810285, -31.713810214077029 ], [ -60.543054326545679, -31.713579970502291 ], [ -60.543194933964202, -31.713722228692831 ], [ -60.543260680275296, -31.71368265248422 ], [ -60.543538073302024, -31.713536683428995 ], [ -60.543398913388096, -31.713350004083466 ], [ -60.544530882838153, -31.71263834029153 ], [ -60.544962988316776, -31.712316682597983 ], [ -60.544860050805283, -31.712189791312568 ], [ -60.545056814235437, -31.712062281708512 ], [ -60.544983150075296, -31.711943522013122 ], [ -60.545747145299089, -31.711489920376792 ], [ -60.545680615033291, -31.711394631689231 ], [ -60.546098387288119, -31.711162448080401 ], [ -60.54658813450424, -31.710891256167223 ], [ -60.547127108966507, -31.710668168357376 ], [ -60.547614331015168, -31.71047411020654 ], [ -60.548071540592247, -31.710283064310492 ], [ -60.548542020498239, -31.710131710073746 ], [ -60.548340950144251, -31.709650290412718 ], [ -60.548324609748462, -31.709544051270029 ] ] ] } },
{ "type": "Feature", "properties": { "ogc_fid": 393, "sec": 10.0, "gru": 4.0, "etiq": "10-4" }, "geometry": { "type": "Polygon", "coordinates": [ [ [ -60.563096580126789, -31.710668522381344 ], [ -60.564367952242961, -31.711299559529238 ], [ -60.564670365677003, -31.711578665218202 ], [ -60.56529361228128, -31.712167953211143 ], [ -60.5658891502285, -31.712695040023739 ], [ -60.567075007812214, -31.713833758415294 ], [ -60.567273966564514, -31.714024804465389 ], [ -60.567514343016263, -31.713852017386035 ], [ -60.567981908970665, -31.713630946491332 ], [ -60.568758200290063, -31.713257470394048 ], [ -60.569349204114417, -31.712967881970098 ], [ -60.569516052590352, -31.71276325065946 ], [ -60.569621120493416, -31.712462221041637 ], [ -60.569664294049957, -31.712288347395265 ], [ -60.569667280596462, -31.71217533703107 ], [ -60.570737141029163, -31.711471726970142 ], [ -60.571036009862297, -31.711239201711191 ], [ -60.571508155290104, -31.711002483927068 ], [ -60.571888794966597, -31.710836831395998 ], [ -60.572209561088869, -31.710714184386834 ], [ -60.572529692229111, -31.710613458603316 ], [ -60.572784036556982, -31.710561982737172 ], [ -60.573128501372999, -31.710536651056874 ], [ -60.572525500962662, -31.709480696524952 ], [ -60.571946548356237, -31.708971622588752 ], [ -60.571340195461616, -31.709189798863761 ], [ -60.570621203745553, -31.709457743469965 ], [ -60.56990211260706, -31.709710112408033 ], [ -60.569119402423915, -31.710001691321807 ], [ -60.568582453637248, -31.710206523514401 ], [ -60.567990866857102, -31.710427168935279 ], [ -60.566997678775479, -31.710610668062159 ], [ -60.566340859767458, -31.710605801236824 ], [ -60.563468101436627, -31.710628691210786 ], [ -60.563096580126789, -31.710668522381344 ] ] ] } },
{ "type": "Feature", "properties": { "ogc_fid": 394, "sec": 10.0, "gru": 5.0, "etiq": "10-5" }, "geometry": { "type": "Polygon", "coordinates": [ [ [ -60.556664516633376, -31.716534202430061 ], [ -60.55828928320765, -31.716286871633226 ], [ -60.559190374207056, -31.716142958244664 ], [ -60.559150301787028, -31.715970608012203 ], [ -60.559112556090952, -31.71581152516109 ], [ -60.559084343624164, -31.715686183126412 ], [ -60.559063640140288, -31.715547330117218 ], [ -60.559131279410089, -31.7155296596634 ], [ -60.562062271005153, -31.714636112121024 ], [ -60.563036969253893, -31.71449240199534 ], [ -60.564318542471717, -31.714434051335239 ], [ -60.564519238308279, -31.714418933375299 ], [ -60.56480522607351, -31.714401065708966 ], [ -60.565350100360924, -31.714310606816944 ], [ -60.567075007812214, -31.713833758415294 ], [ -60.5658891502285, -31.712695040023739 ], [ -60.56529361228128, -31.712167953211143 ], [ -60.564670365677003, -31.711578665218202 ], [ -60.564367952242961, -31.711299559529238 ], [ -60.563096580126789, -31.710668522381344 ], [ -60.560025661766979, -31.711578181237094 ], [ -60.558342377929293, -31.712082556636666 ], [ -60.557905640928624, -31.712271333095728 ], [ -60.557651809340875, -31.712537168656748 ], [ -60.556684032676287, -31.713927311369549 ], [ -60.556611899654264, -31.71403439382636 ], [ -60.55611529526989, -31.714771602087218 ], [ -60.556144753126233, -31.715148802537772 ], [ -60.556229439844259, -31.715901328877596 ], [ -60.556335289286217, -31.7165843165279 ], [ -60.556664516633376, -31.716534202430061 ] ] ] } },
{ "type": "Feature", "properties": { "ogc_fid": 395, "sec": 10.0, "gru": 6.0, "etiq": "10-6" }, "geometry": { "type": "Polygon", "coordinates": [ [ [ -60.556611899654264, -31.71403439382636 ], [ -60.556072185212734, -31.714130653596321 ], [ -60.556014659241747, -31.714140780459903 ], [ -60.554722929695849, -31.714348415726661 ], [ -60.553236173948314, -31.714585257047595 ], [ -60.553711557041055, -31.716972555977538 ], [ -60.553899313259414, -31.717827590927804 ], [ -60.553574905070199, -31.718042818683653 ], [ -60.552448969244416, -31.718935310078216 ], [ -60.551316537037003, -31.719824878279219 ], [ -60.551942421552972, -31.720318123692863 ], [ -60.552757078003218, -31.720077123907348 ], [ -60.552739336901404, -31.719980386340275 ], [ -60.552930800613687, -31.719926962036915 ], [ -60.553200396022781, -31.719493175451358 ], [ -60.553696144690669, -31.719402462478108 ], [ -60.55405562521058, -31.719307037044359 ], [ -60.554304117674079, -31.719277927633875 ], [ -60.554980704494497, -31.719197765229229 ], [ -60.555299047813023, -31.718981338025575 ], [ -60.555328572366996, -31.718956744262403 ], [ -60.555358441101525, -31.718931260771633 ], [ -60.555364400051708, -31.718926863391626 ], [ -60.555363798569317, -31.718924531499859 ], [ -60.555373239504696, -31.71891840352686 ], [ -60.555398902109701, -31.718895708061471 ], [ -60.555427889073471, -31.718869491626567 ], [ -60.555449357859864, -31.718849612632148 ], [ -60.555481242512109, -31.718819545586822 ], [ -60.555511474106886, -31.718790230945793 ], [ -60.555543541846419, -31.718758297235098 ], [ -60.555567202625532, -31.718734064536111 ], [ -60.555594564641908, -31.71870542744017 ], [ -60.555616915428473, -31.718681445464188 ], [ -60.555651867612532, -31.718642989604472 ], [ -60.555678525945268, -31.71861273467038 ], [ -60.555696047119461, -31.718592404805655 ], [ -60.55571829569196, -31.718566092481819 ], [ -60.555742600280787, -31.718536602725774 ], [ -60.555766485218157, -31.718506863500266 ], [ -60.555787014231271, -31.718480627270267 ], [ -60.555810678635787, -31.71844967667511 ], [ -60.555826577674374, -31.71842839490974 ], [ -60.555850029047917, -31.71839625806674 ], [ -60.555868640692189, -31.718370046524242 ], [ -60.555897604220007, -31.718328111762876 ], [ -60.555919036469305, -31.718295994959163 ], [ -60.555936990228929, -31.718268413265978 ], [ -60.555954551845034, -31.71824064771576 ], [ -60.555974227587043, -31.718208735802325 ], [ -60.555993928846675, -31.71817581904028 ], [ -60.556014496488125, -31.718140246870245 ], [ -60.55603428042329, -31.718105016947835 ], [ -60.556054963962147, -31.718066825949091 ], [ -60.556074254211616, -31.718029745076599 ], [ -60.556095324651736, -31.717987706077299 ], [ -60.556113070647939, -31.717950761722868 ], [ -60.556133210887317, -31.717907142279344 ], [ -60.556149220497844, -31.71787085970816 ], [ -60.556158309117812, -31.717849695332838 ], [ -60.556174545456564, -31.717810602523155 ], [ -60.556192766909142, -31.717764462478399 ], [ -60.556205677774351, -31.717730119181546 ], [ -60.556664516633376, -31.716534202430061 ], [ -60.556335289286217, -31.7165843165279 ], [ -60.556229439844259, -31.715901328877596 ], [ -60.556144753126233, -31.715148802537772 ], [ -60.55611529526989, -31.714771602087218 ], [ -60.556611899654264, -31.71403439382636 ] ] ] } },
{ "type": "Feature", "properties": { "ogc_fid": 401, "sec": 14.0, "gru": 310.0, "etiq": "14-310" }, "geometry": { "type": "Polygon", "coordinates": [ [ [ -60.435076872379945, -31.740737735581803 ], [ -60.43484531235395, -31.74077041469495 ], [ -60.427497038344711, -31.741782839533712 ], [ -60.427763346074236, -31.742081241176603 ], [ -60.427789258510195, -31.742110751059155 ], [ -60.427814706240454, -31.742139154942738 ], [ -60.427839015582656, -31.742167851233525 ], [ -60.427864336416832, -31.742196192403593 ], [ -60.427910676979344, -31.742246982080253 ], [ -60.427927797975372, -31.742268433612871 ], [ -60.427953514223056, -31.742302428009854 ], [ -60.427979753517747, -31.742333119889196 ], [ -60.428017331055351, -31.74237157464848 ], [ -60.428039855011292, -31.742395244596242 ], [ -60.428063284767831, -31.742423114098592 ], [ -60.428088815764887, -31.742451229054797 ], [ -60.42811923933138, -31.742480734448879 ], [ -60.42817998251234, -31.742542369934963 ], [ -60.4282056632712, -31.742570908231169 ], [ -60.42822498632966, -31.7425938493868 ], [ -60.428299283663591, -31.742674612507855 ], [ -60.428333511120833, -31.742709696508037 ], [ -60.428356378884871, -31.742732364193394 ], [ -60.428407621201913, -31.742784129236007 ], [ -60.428450792180357, -31.742834009480962 ], [ -60.428471892433024, -31.742857846468215 ], [ -60.428493017249217, -31.742882431901165 ], [ -60.428514699856656, -31.742906681771952 ], [ -60.428536143864278, -31.74293182526845 ], [ -60.42855490123317, -31.74295793375245 ], [ -60.428576791066519, -31.742985925574846 ], [ -60.428599347083377, -31.743018785119311 ], [ -60.428620421396076, -31.743050720742076 ], [ -60.428640526369421, -31.743082993304448 ], [ -60.428660639212069, -31.743112388949324 ], [ -60.428682100255827, -31.74314121189289 ], [ -60.428703987926511, -31.743171007390721 ], [ -60.428724231393353, -31.743201259338861 ], [ -60.42874225729355, -31.743231212116804 ], [ -60.428758497100233, -31.743260602738573 ], [ -60.428775247792103, -31.743293220246404 ], [ -60.428790484404715, -31.743327051319451 ], [ -60.428801482094187, -31.743361645185651 ], [ -60.428810743336527, -31.743399581722386 ], [ -60.428813834160358, -31.743433652066923 ], [ -60.428814754555226, -31.743463914907775 ], [ -60.428812278029831, -31.743503613465265 ], [ -60.428809615815069, -31.743530497421645 ], [ -60.428804822475868, -31.743562105201228 ], [ -60.428800918014012, -31.743594233059959 ], [ -60.428798529925373, -31.743616480607187 ], [ -60.428798789034069, -31.743640649196426 ], [ -60.428800752491242, -31.74366824808229 ], [ -60.428803578987548, -31.74369533903047 ], [ -60.428809928949271, -31.743740455033279 ], [ -60.428845662149115, -31.743875440268315 ], [ -60.428863338409215, -31.74392337700132 ], [ -60.428874473806843, -31.743958060578567 ], [ -60.428889985613289, -31.743989744316956 ], [ -60.428908350170843, -31.744017567571412 ], [ -60.428927766861101, -31.744042402173108 ], [ -60.428948086024988, -31.744063833776426 ], [ -60.428973186704468, -31.744085438668336 ], [ -60.429030249871872, -31.744135957339346 ], [ -60.429055797686736, -31.744156108737961 ], [ -60.429079526771751, -31.744175490668017 ], [ -60.429103694613573, -31.744193897123029 ], [ -60.42913084111224, -31.744212861705495 ], [ -60.429155207604573, -31.744228570963639 ], [ -60.429176724059808, -31.74423728247633 ], [ -60.429199927412157, -31.744243345896702 ], [ -60.429247467641773, -31.744254116138343 ], [ -60.429274796674981, -31.744260021352755 ], [ -60.42930445222072, -31.744266955845912 ], [ -60.429335461032572, -31.74427212717427 ], [ -60.429374785553257, -31.744277207347249 ], [ -60.429412977063635, -31.744283752315599 ], [ -60.429451215786585, -31.744291379327841 ], [ -60.429484171161143, -31.744302144520116 ], [ -60.4295128547272, -31.744311129429512 ], [ -60.429542805568879, -31.744320299448344 ], [ -60.429574316764636, -31.744329130517364 ], [ -60.429611675100041, -31.744340358812241 ], [ -60.429648981075083, -31.744353959126055 ], [ -60.429687466014798, -31.744369187793787 ], [ -60.429727073473344, -31.744387533049586 ], [ -60.429765817549715, -31.744404023403114 ], [ -60.429807481476168, -31.74442204605236 ], [ -60.429850605385852, -31.744443130037471 ], [ -60.429894412822485, -31.744463679613183 ], [ -60.42993992598737, -31.744485657352953 ], [ -60.429980458933933, -31.744505568617605 ], [ -60.430015530089136, -31.744521972084382 ], [ -60.430043810426504, -31.744537307225372 ], [ -60.430084640194359, -31.744559778695645 ], [ -60.430131914069833, -31.744592779992374 ], [ -60.430160946793222, -31.74461790660791 ], [ -60.430186787202935, -31.744662460723557 ], [ -60.430192440384886, -31.744707362555921 ], [ -60.430190882116733, -31.744758376188472 ], [ -60.430188285626251, -31.744787983517405 ], [ -60.43017928642174, -31.744831996893126 ], [ -60.430159118727914, -31.744868544615542 ], [ -60.430133055091098, -31.744910415086277 ], [ -60.430116411676082, -31.74493770699144 ], [ -60.430098146958009, -31.744963570432404 ], [ -60.430080208734289, -31.74498472513632 ], [ -60.430056947039709, -31.745009478129219 ], [ -60.430001216656407, -31.74505577754557 ], [ -60.429971925564665, -31.745079820373405 ], [ -60.429942323481171, -31.745105081734891 ], [ -60.429912966621828, -31.74512860170077 ], [ -60.429887934777369, -31.745149419570659 ], [ -60.429832889044995, -31.745193182418408 ], [ -60.42980273150296, -31.745214730018407 ], [ -60.429766344324811, -31.745240194592657 ], [ -60.429726781384126, -31.745265850234968 ], [ -60.42968678737369, -31.745289577369629 ], [ -60.429648925775531, -31.745311150910368 ], [ -60.429614553259718, -31.745331828868679 ], [ -60.429580755755005, -31.745355904836021 ], [ -60.429543271425821, -31.745379199598101 ], [ -60.429509214090288, -31.745399578856681 ], [ -60.429477646039103, -31.745417379457638 ], [ -60.429444532097989, -31.745434085009219 ], [ -60.429409104447153, -31.745450257241636 ], [ -60.429372821456724, -31.745466324124841 ], [ -60.429338768692524, -31.745478559659762 ], [ -60.429281038036777, -31.745503185140173 ], [ -60.429250785773341, -31.745515687420767 ], [ -60.429220548464478, -31.745529145599818 ], [ -60.429188613071432, -31.745540544265175 ], [ -60.429152865549462, -31.745551450727497 ], [ -60.429112556344187, -31.745559522709886 ], [ -60.429072558154182, -31.745564094472645 ], [ -60.429040216104305, -31.745567413936534 ], [ -60.428992618673227, -31.745569558240298 ], [ -60.4289496798336, -31.74557037916929 ], [ -60.428897774968299, -31.745569895530291 ], [ -60.428867490823713, -31.745568626649934 ], [ -60.428837880933564, -31.745564812289633 ], [ -60.428809234444884, -31.745563943714671 ], [ -60.428779010758035, -31.745564343023645 ], [ -60.428751415585147, -31.745567177482361 ], [ -60.42872536083938, -31.745572216273533 ], [ -60.428699770816166, -31.745577334662048 ], [ -60.42867354164143, -31.745583456243825 ], [ -60.428645169407595, -31.745589431715203 ], [ -60.428616313456175, -31.74559578758231 ], [ -60.428589146218357, -31.745602173837071 ], [ -60.428566541305727, -31.745609248181754 ], [ -60.428544821338313, -31.745618276550729 ], [ -60.428519178468626, -31.745630258123501 ], [ -60.428489677721622, -31.745643271748577 ], [ -60.428460455556355, -31.74565490460688 ], [ -60.428431788315528, -31.745665579636789 ], [ -60.428376802576587, -31.74568820240199 ], [ -60.428352447229109, -31.74570018863156 ], [ -60.428332142401729, -31.745714019042861 ], [ -60.428312024106859, -31.745731690684917 ], [ -60.42829177200251, -31.745752392973714 ], [ -60.428274349463386, -31.745773356303154 ], [ -60.428263114279119, -31.7457949571832 ], [ -60.428251337602447, -31.745820437816711 ], [ -60.428231139838545, -31.745875888011742 ], [ -60.428220308960114, -31.745902790379322 ], [ -60.428212307114826, -31.745929836553042 ], [ -60.428205082695577, -31.745956113545326 ], [ -60.428200901977242, -31.745978727836132 ], [ -60.428199822062126, -31.746003207545346 ], [ -60.428199431472528, -31.746030706119789 ], [ -60.42820177823932, -31.746063651659576 ], [ -60.428206080207396, -31.746085732412272 ], [ -60.428214772987232, -31.746105624962897 ], [ -60.428236670425285, -31.746130541508631 ], [ -60.428268959637343, -31.746154674594401 ], [ -60.42828846939279, -31.746169859226956 ], [ -60.428310987953481, -31.746182968517846 ], [ -60.428335047001489, -31.746196000478978 ], [ -60.428363967241509, -31.746208150322946 ], [ -60.42839836704794, -31.746220777753816 ], [ -60.428437143210438, -31.746232659966811 ], [ -60.428479256697806, -31.746247344703363 ], [ -60.428514510778214, -31.74626442434549 ], [ -60.428545483961884, -31.746282348072071 ], [ -60.428573665086923, -31.746298991542702 ], [ -60.428599533756035, -31.746313081544464 ], [ -60.428628802787841, -31.746327620044323 ], [ -60.428658403268528, -31.746340795636183 ], [ -60.428697997472959, -31.746354855170622 ], [ -60.428922240078094, -31.746438513599546 ], [ -60.436066775788049, -31.745320539506476 ], [ -60.43515977076963, -31.741120169222818 ], [ -60.435076872379945, -31.740737735581803 ] ] ] } },
{ "type": "Feature", "properties": { "ogc_fid": 402, "sec": 9.0, "gru": 43.0, "etiq": "9-43" }, "geometry": { "type": "Polygon", "coordinates": [ [ [ -60.486460390550491, -31.734249314185799 ], [ -60.486025501470138, -31.734720472175045 ], [ -60.485317009689275, -31.735616445772052 ], [ -60.484694016118404, -31.736670730345757 ], [ -60.484502247449313, -31.737008287371573 ], [ -60.48405814655424, -31.737841578407682 ], [ -60.484187210050543, -31.737821122475317 ], [ -60.484903997652516, -31.737696691933817 ], [ -60.486174129737712, -31.737521572354424 ], [ -60.487164919154409, -31.737374700961677 ], [ -60.487113022168174, -31.737239402316025 ], [ -60.486460390550491, -31.734249314185799 ] ] ] } }
]
}
