{
"type": "FeatureCollection",
"name": "posesiones2",
"features": [
{ "type": "Feature", "properties": { "ncp": "0070630011029", "sec": 7.0, "gru": 63.0, "manz": 11.0, "parc": 29.0, "nropasd": 90821, "zona": 5, "estado": "E", "uf": 0, "ubipar1": "INT. LINO M. CHURRUARIN  1047", "desdes": "VIVIENDA FAMILIAR", "dessde": null, "supter": 111.05, "parprov": 246898.0, "planome": 191702.0, "codser": "5" }, "geometry": { "type": "MultiPolygon", "coordinates": [ [ [ [ -60.505878612474213, -31.757693063491413 ], [ -60.505809650235292, -31.757703216077761 ], [ -60.505837563949207, -31.757849428683986 ], [ -60.50590681767072, -31.757839667762795 ], [ -60.505878612474213, -31.757693063491413 ] ] ] ] } },
{ "type": "Feature", "properties": { "ncp": "0060360012037", "sec": 6.0, "gru": 36.0, "manz": 12.0, "parc": 37.0, "nropasd": 82294, "zona": 3, "estado": "E", "uf": 0, "ubipar1": "LUIS PASTEUR              285", "desdes": "VIVIENDA FAMILIAR", "dessde": null, "supter": 339.35, "parprov": 209993.0, "planome": 146703.0, "codser": "5" }, "geometry": { "type": "MultiPolygon", "coordinates": [ [ [ [ -60.523389261148125, -31.749528839590759 ], [ -60.52344037628523, -31.749759030703462 ], [ -60.523639891612952, -31.749728310775609 ], [ -60.523635809045565, -31.749712972425296 ], [ -60.523618298755771, -31.749713044382688 ], [ -60.523533342537817, -31.749595348893443 ], [ -60.523512051198551, -31.749597534538267 ], [ -60.523493359057156, -31.74951398903459 ], [ -60.523389261148125, -31.749528839590759 ] ] ] ] } },
{ "type": "Feature", "properties": { "ncp": "0050320019008", "sec": 5.0, "gru": 32.0, "manz": 19.0, "parc": 8.0, "nropasd": 90666, "zona": 4, "estado": "E", "uf": 0, "ubipar1": "ANTONIO CUYAS Y SAMPERE  2035", "desdes": "VIVIENDA FAMILIAR", "dessde": null, "supter": 279.96, "parprov": 248045.0, "planome": 193005.0, "codser": "5" }, "geometry": { "type": "MultiPolygon", "coordinates": [ [ [ [ -60.545673355073397, -31.747547957469276 ], [ -60.545555595384627, -31.747549749251604 ], [ -60.545415558168813, -31.747591545838869 ], [ -60.545435702070797, -31.747684541410131 ], [ -60.545695263692203, -31.747638864136817 ], [ -60.545673355073397, -31.747547957469276 ] ] ] ] } },
{ "type": "Feature", "properties": { "ncp": "0050290004042", "sec": 5.0, "gru": 29.0, "manz": 4.0, "parc": 42.0, "nropasd": 89748, "zona": 4, "estado": "B", "uf": 0, "ubipar1": "CNEL. JUAN MARIA PIRAN   1108", "desdes": "BALDIO", "dessde": "LOTE.-", "supter": 77.66, "parprov": 239408.0, "planome": 182285.0, "codser": "1" }, "geometry": { "type": "MultiPolygon", "coordinates": [ [ [ [ -60.537363568767674, -31.740027404762202 ], [ -60.537317032925039, -31.740053668809104 ], [ -60.537376005046823, -31.740135640905532 ], [ -60.537425526041886, -31.740107752644292 ], [ -60.537363568767674, -31.740027404762202 ] ] ] ] } },
{ "type": "Feature", "properties": { "ncp": "0050290004043", "sec": 5.0, "gru": 29.0, "manz": 4.0, "parc": 43.0, "nropasd": 87298, "zona": 4, "estado": "B", "uf": 0, "ubipar1": "CNEL. JUAN MARIA PIRAN   1104", "desdes": "BALDIO", "dessde": null, "supter": 61.95, "parprov": 229922.0, "planome": 169779.0, "codser": "1" }, "geometry": { "type": "MultiPolygon", "coordinates": [ [ [ [ -60.537363568767674, -31.740027404762202 ], [ -60.537288579055797, -31.739930155829828 ], [ -60.537270567179554, -31.739948754363891 ], [ -60.537277018161546, -31.739998047613486 ], [ -60.537317032925039, -31.740053668809104 ], [ -60.537363568767674, -31.740027404762202 ] ] ] ] } },
{ "type": "Feature", "properties": { "ncp": "0050280014041", "sec": 5.0, "gru": 28.0, "manz": 14.0, "parc": 41.0, "nropasd": 81899, "zona": 4, "estado": "E", "uf": 0, "ubipar1": "CNEL. MARCELINO MARTINEZ 1406", "desdes": "VIVIENDA FAMILIAR", "dessde": null, "supter": 1284.06, "parprov": 208890.0, "planome": 145423.0, "codser": "5" }, "geometry": { "type": "MultiPolygon", "coordinates": [ [ [ [ -60.543180056357855, -31.742569243876439 ], [ -60.54281205185378, -31.742630885791765 ], [ -60.542775612928615, -31.74267594147992 ], [ -60.542820964472639, -31.742904812035555 ], [ -60.543236125980329, -31.742843816522466 ], [ -60.543180056357855, -31.742569243876439 ] ] ] ] } },
{ "type": "Feature", "properties": { "ncp": "0050280005043", "sec": 5.0, "gru": 28.0, "manz": 5.0, "parc": 43.0, "nropasd": 82292, "zona": 4, "estado": "E", "uf": 0, "ubipar1": "CNEL. JUAN L.GONZALEZ    1243", "desdes": "VIVIENDA FAMILIAR", "dessde": null, "supter": 205.07, "parprov": 209893.0, "planome": 146642.0, "codser": "5" }, "geometry": { "type": "MultiPolygon", "coordinates": [ [ [ [ -60.544393842344292, -31.740340385412249 ], [ -60.544415281278397, -31.74033791313456 ], [ -60.544397059051569, -31.740242288492333 ], [ -60.544297563024891, -31.740252786506488 ], [ -60.54433698779868, -31.740472975233793 ], [ -60.544415738853708, -31.740462677462638 ], [ -60.544393842344292, -31.740340385412249 ] ] ] ] } },
{ "type": "Feature", "properties": { "ncp": "0050270003039", "sec": 5.0, "gru": 27.0, "manz": 3.0, "parc": 39.0, "nropasd": 92743, "zona": 4, "estado": "E", "uf": 0, "ubipar1": "LAS TACUARAS             2160", "desdes": "VIVIENDA FAMILIAR", "dessde": null, "supter": 97.44, "parprov": 263827.0, "planome": 209323.0, "codser": "5" }, "geometry": { "type": "MultiPolygon", "coordinates": [ [ [ [ -60.549887327334986, -31.738834180148189 ], [ -60.549915246764179, -31.73888475036847 ], [ -60.550000884395139, -31.738850972633188 ], [ -60.550074205887825, -31.738999182599883 ], [ -60.550090035968026, -31.738995005067483 ], [ -60.549990151983351, -31.738792865107168 ], [ -60.549885074014803, -31.738829662639191 ], [ -60.549887327334986, -31.738834180148189 ] ] ] ] } },
{ "type": "Feature", "properties": { "ncp": "0050240014037", "sec": 5.0, "gru": 24.0, "manz": 14.0, "parc": 37.0, "nropasd": null, "zona": null, "estado": null, "uf": null, "ubipar1": null, "desdes": null, "dessde": null, "supter": null, "parprov": null, "planome": null, "codser": null }, "geometry": { "type": "MultiPolygon", "coordinates": [ [ [ [ -60.547385667079666, -31.736672187235229 ], [ -60.547174465485952, -31.736431780374492 ], [ -60.547090884819418, -31.736486832224266 ], [ -60.54730504867608, -31.73673037647259 ], [ -60.547385667079666, -31.736672187235229 ] ] ] ] } },
{ "type": "Feature", "properties": { "ncp": "0050240014038", "sec": 5.0, "gru": 24.0, "manz": 14.0, "parc": 38.0, "nropasd": 84679, "zona": 4, "estado": "E", "uf": 0, "ubipar1": "CASIANO CALDERON         2092", "desdes": "VIVIENDA FAMILIAR", "dessde": null, "supter": 334.89, "parprov": 222047.0, "planome": 158120.0, "codser": "5" }, "geometry": { "type": "MultiPolygon", "coordinates": [ [ [ [ -60.547385667079666, -31.736672187235229 ], [ -60.547466285382242, -31.736613997947462 ], [ -60.547258046053287, -31.736376728470574 ], [ -60.547174465485952, -31.736431780374492 ], [ -60.547385667079666, -31.736672187235229 ] ] ] ] } },
{ "type": "Feature", "properties": { "ncp": "0157300001030", "sec": 15.0, "gru": 730.0, "manz": 1.0, "parc": 30.0, "nropasd": 40902, "zona": 5, "estado": "E", "uf": 0, "ubipar1": "JOSE RONDEAU             3967", "desdes": "VIVIENDA FAMILIAR", "dessde": null, "supter": 688.0, "parprov": 262437.0, "planome": 207169.0, "codser": "1" }, "geometry": { "type": "MultiPolygon", "coordinates": [ [ [ [ -60.49312228551905, -31.707360198500435 ], [ -60.49278998774043, -31.70746355228178 ], [ -60.492823342549627, -31.707637083472722 ], [ -60.493200279058748, -31.707523125601078 ], [ -60.49312228551905, -31.707360198500435 ] ] ] ] } },
{ "type": "Feature", "properties": { "ncp": "0157300001031", "sec": 15.0, "gru": 730.0, "manz": 1.0, "parc": 31.0, "nropasd": 40904, "zona": 5, "estado": "E", "uf": 0, "ubipar1": "JOSE RONDEAU             3991", "desdes": "VIVIENDA FAMILIAR", "dessde": null, "supter": 555.0, "parprov": 263485.0, "planome": 207168.0, "codser": "1" }, "geometry": { "type": "MultiPolygon", "coordinates": [ [ [ [ -60.493421520323018, -31.707816776282378 ], [ -60.493703446967636, -31.707776259143426 ], [ -60.493674679837689, -31.707594832928955 ], [ -60.493375798848788, -31.707646241825113 ], [ -60.493421520323018, -31.707816776282378 ] ] ] ] } },
{ "type": "Feature", "properties": { "ncp": "0157300001032", "sec": 15.0, "gru": 730.0, "manz": 1.0, "parc": 32.0, "nropasd": 40903, "zona": 5, "estado": "E", "uf": 0, "ubipar1": "JOSE RONDEAU             3907", "desdes": "VIVIENDA FAMILIAR", "dessde": null, "supter": 728.0, "parprov": 262436.0, "planome": 207170.0, "codser": "1" }, "geometry": { "type": "MultiPolygon", "coordinates": [ [ [ [ -60.493375798848788, -31.707646241825113 ], [ -60.493282724396245, -31.707620300333879 ], [ -60.493259717312434, -31.707623032810616 ], [ -60.493134142383475, -31.707637946861841 ], [ -60.493146087482089, -31.707703714416517 ], [ -60.492843139395973, -31.707740077902052 ], [ -60.492848837894641, -31.707769724681313 ], [ -60.493151539688164, -31.707733390756019 ], [ -60.493179864875238, -31.707889343619581 ], [ -60.493431371673417, -31.707853520301644 ], [ -60.493421520323018, -31.707816776282378 ], [ -60.493375798848788, -31.707646241825113 ] ] ] ] } },
{ "type": "Feature", "properties": { "ncp": "0157300001007", "sec": 15.0, "gru": 730.0, "manz": 1.0, "parc": 7.0, "nropasd": 41814, "zona": 5, "estado": "E", "uf": 0, "ubipar1": "JOSE RONDEAU             3991", "desdes": "VIVIENDA FAMILIAR", "dessde": null, "supter": 635.35, "parprov": 272552.0, "planome": 219277.0, "codser": "1" }, "geometry": { "type": "MultiPolygon", "coordinates": [ [ [ [ -60.493259717312434, -31.707623032810616 ], [ -60.493282724396245, -31.707620300333879 ], [ -60.493375798848788, -31.707646241825113 ], [ -60.493362300857399, -31.707608263314082 ], [ -60.493385519030511, -31.707602241811816 ], [ -60.493302971902594, -31.707343859525579 ], [ -60.493637827138286, -31.707264151525919 ], [ -60.493631700481757, -31.707228011279557 ], [ -60.493146439849006, -31.707343521045793 ], [ -60.493259717312434, -31.707623032810616 ] ] ] ] } },
{ "type": "Feature", "properties": { "ncp": "0080580011051", "sec": 8.0, "gru": 58.0, "manz": 11.0, "parc": 51.0, "nropasd": 89766, "zona": 4, "estado": "E", "uf": 0, "ubipar1": "AVDA. DON BOSCO           487", "desdes": "VIVIENDA FAMILIAR", "dessde": null, "supter": 322.63, "parprov": 239918.0, "planome": 183023.0, "codser": "5" }, "geometry": { "type": "MultiPolygon", "coordinates": [ [ [ [ -60.509496081499293, -31.73350423024004 ], [ -60.50943775109954, -31.733517834530666 ], [ -60.509457634569721, -31.733852368805703 ], [ -60.509578448057539, -31.733833972045311 ], [ -60.509507216145039, -31.733560794655002 ], [ -60.509496081499293, -31.73350423024004 ] ] ] ] } },
{ "type": "Feature", "properties": { "ncp": "0080780021027", "sec": 8.0, "gru": 78.0, "manz": 21.0, "parc": 27.0, "nropasd": 87101, "zona": 5, "estado": "B", "uf": 0, "ubipar1": "AVDA.ALTE GUILLERMO BROWN1489", "desdes": "BALDIO", "dessde": null, "supter": 1124.86, "parprov": 228636.0, "planome": 168533.0, "codser": "5" }, "geometry": { "type": "MultiPolygon", "coordinates": [ [ [ [ -60.496594095228204, -31.740312667400122 ], [ -60.496416461298281, -31.740340331148996 ], [ -60.496538269072985, -31.740916747686995 ], [ -60.496715904062086, -31.740889083759946 ], [ -60.496594095228204, -31.740312667400122 ] ] ] ] } },
{ "type": "Feature", "properties": { "ncp": "0080420004069", "sec": 8.0, "gru": 42.0, "manz": 4.0, "parc": 69.0, "nropasd": null, "zona": null, "estado": null, "uf": null, "ubipar1": null, "desdes": null, "dessde": null, "supter": null, "parprov": null, "planome": null, "codser": null }, "geometry": { "type": "MultiPolygon", "coordinates": [ [ [ [ -60.512729266190242, -31.724741067618318 ], [ -60.51271273949132, -31.724657279204251 ], [ -60.512693397048807, -31.724559342551316 ], [ -60.512607564643481, -31.724569628072555 ], [ -60.512620490379057, -31.724635714161444 ], [ -60.512643098958208, -31.72475442977138 ], [ -60.512729266190242, -31.724741067618318 ] ] ] ] } },
{ "type": "Feature", "properties": { "ncp": "0080420004070", "sec": 8.0, "gru": 42.0, "manz": 4.0, "parc": 70.0, "nropasd": null, "zona": null, "estado": null, "uf": null, "ubipar1": null, "desdes": null, "dessde": null, "supter": null, "parprov": null, "planome": null, "codser": null }, "geometry": { "type": "MultiPolygon", "coordinates": [ [ [ [ -60.512729266190242, -31.724741067618318 ], [ -60.512643098958208, -31.72475442977138 ], [ -60.512678134751098, -31.724936638032005 ], [ -60.512766761595763, -31.724922666299744 ], [ -60.512756749419871, -31.724875653635518 ], [ -60.512736759274944, -31.724774274384306 ], [ -60.512729266190242, -31.724741067618318 ] ] ] ] } },
{ "type": "Feature", "properties": { "ncp": "0080420004071", "sec": 8.0, "gru": 42.0, "manz": 4.0, "parc": 71.0, "nropasd": null, "zona": null, "estado": null, "uf": null, "ubipar1": null, "desdes": null, "dessde": null, "supter": null, "parprov": null, "planome": null, "codser": null }, "geometry": { "type": "MultiPolygon", "coordinates": [ [ [ [ -60.512828156053061, -31.72472414167915 ], [ -60.512754479337531, -31.724732213813674 ], [ -60.512781494988509, -31.724877113743826 ], [ -60.512790036039696, -31.724918979330305 ], [ -60.512862968964264, -31.724907429543222 ], [ -60.512828156053061, -31.72472414167915 ] ] ] ] } },
{ "type": "Feature", "properties": { "ncp": "0010000011083", "sec": 1.0, "gru": 0.0, "manz": 11.0, "parc": 83.0, "nropasd": 90136, "zona": 4, "estado": "B", "uf": 0, "ubipar1": "CARLOS ALBERTO ASIAIN     360", "desdes": "BALDIO", "dessde": "LOTE.-", "supter": 112.83, "parprov": 241360.0, "planome": 185009.0, "codser": "5" }, "geometry": { "type": "MultiPolygon", "coordinates": [ [ [ [ -60.518483615251697, -31.720495801151358 ], [ -60.518489987829632, -31.720603460166757 ], [ -60.518582485678564, -31.720600148560482 ], [ -60.518581396254788, -31.720488608996583 ], [ -60.518483615251697, -31.720495801151358 ] ] ] ] } },
{ "type": "Feature", "properties": { "ncp": "0121560001026", "sec": 12.0, "gru": 156.0, "manz": 1.0, "parc": 26.0, "nropasd": 54998, "zona": 6, "estado": "E", "uf": 0, "ubipar1": "RICARDO BALBIN           2226", "desdes": "VIVIENDA FAMILIAR", "dessde": null, "supter": 1301.46, "parprov": 244428.0, "planome": 188902.0, "codser": "1" }, "geometry": { "type": "MultiPolygon", "coordinates": [ [ [ [ -60.497214653471822, -31.786274537152138 ], [ -60.4969502613177, -31.786315986585159 ], [ -60.497045560992682, -31.786759491428349 ], [ -60.497309954360922, -31.78671804178791 ], [ -60.497214653471822, -31.786274537152138 ] ] ] ] } },
{ "type": "Feature", "properties": { "ncp": "0121930003034", "sec": 12.0, "gru": 193.0, "manz": 3.0, "parc": 34.0, "nropasd": 54084, "zona": 6, "estado": "B", "uf": 0, "ubipar1": "JUAN B.JUSTO             2976", "desdes": "BALDIO", "dessde": null, "supter": 203.45, "parprov": 223938.0, "planome": 161175.0, "codser": "1" }, "geometry": { "type": "MultiPolygon", "coordinates": [ [ [ [ -60.48768163330611, -31.792750987770933 ], [ -60.487717880097378, -31.792928676284212 ], [ -60.487821901468962, -31.792913197091618 ], [ -60.487785654485549, -31.792735508609464 ], [ -60.48768163330611, -31.792750987770933 ] ] ] ] } },
{ "type": "Feature", "properties": { "ncp": "0121930003035", "sec": 12.0, "gru": 193.0, "manz": 3.0, "parc": 35.0, "nropasd": 54085, "zona": 6, "estado": "E", "uf": 0, "ubipar1": "SALVADOR CAPUTTO         3606", "desdes": "VIVIENDA FAMILIAR", "dessde": null, "supter": 677.0, "parprov": 223997.0, "planome": 161197.0, "codser": "1" }, "geometry": { "type": "MultiPolygon", "coordinates": [ [ [ [ -60.48768163330611, -31.792750987770933 ], [ -60.487319639322557, -31.79280485459288 ], [ -60.487355885445155, -31.792982543214425 ], [ -60.487717880097378, -31.792928676284212 ], [ -60.48768163330611, -31.792750987770933 ] ] ] ] } },
{ "type": "Feature", "properties": { "ncp": "0141670002025", "sec": 14.0, "gru": 167.0, "manz": 2.0, "parc": 25.0, "nropasd": 47682, "zona": 7, "estado": "B", "uf": 0, "ubipar1": null, "desdes": "(3100) PARANA", "dessde": "BALDIO", "supter": 2011.0, "parprov": 0.0, "planome": 241110.0, "codser": "0" }, "geometry": { "type": "MultiPolygon", "coordinates": [ [ [ [ -60.462329425030134, -31.757201344960546 ], [ -60.462233449635875, -31.757215630925781 ], [ -60.462250346852642, -31.757298524117385 ], [ -60.462461850201059, -31.757267041678819 ], [ -60.462438764334884, -31.757186451854153 ], [ -60.462329425030134, -31.757201344960546 ] ] ] ] } },
{ "type": "Feature", "properties": { "ncp": "0141670002033", "sec": 14.0, "gru": 167.0, "manz": 2.0, "parc": 33.0, "nropasd": 47505, "zona": 7, "estado": "B", "uf": 0, "ubipar1": "PEDRO LONDERO             287", "desdes": "BALDIO", "dessde": null, "supter": 496.33, "parprov": 225498.0, "planome": 163320.0, "codser": "1" }, "geometry": { "type": "MultiPolygon", "coordinates": [ [ [ [ -60.462427224469714, -31.758166008436696 ], [ -60.462829638612121, -31.758106108412431 ], [ -60.462956081808535, -31.758087286851254 ], [ -60.462912377465642, -31.758002250715688 ], [ -60.462409109420229, -31.758077163218765 ], [ -60.462427224469714, -31.758166008436696 ] ] ] ] } },
{ "type": "Feature", "properties": { "ncp": "0141670002034", "sec": 14.0, "gru": 167.0, "manz": 2.0, "parc": 34.0, "nropasd": 47765, "zona": 7, "estado": "E", "uf": 0, "ubipar1": null, "desdes": "(3100) PARANA", "dessde": "VIVIENDA FAMILIAR", "supter": 2013.0, "parprov": 0.0, "planome": 247723.0, "codser": "0" }, "geometry": { "type": "MultiPolygon", "coordinates": [ [ [ [ -60.462877405529433, -31.758172231501572 ], [ -60.462829638612121, -31.758106108412431 ], [ -60.462427224469714, -31.758166008436696 ], [ -60.462432658991517, -31.758192662001271 ], [ -60.462671819981963, -31.75815706264564 ], [ -60.462680877635776, -31.758201485234633 ], [ -60.462877405529433, -31.758172231501572 ] ] ] ] } },
{ "type": "Feature", "properties": { "ncp": "0141670002035", "sec": 14.0, "gru": 167.0, "manz": 2.0, "parc": 35.0, "nropasd": 47761, "zona": 7, "estado": "E", "uf": 0, "ubipar1": null, "desdes": "(3100) PARANA", "dessde": "VIVIENDA FAMILIAR", "supter": 2013.0, "parprov": 0.0, "planome": 247256.0, "codser": "0" }, "geometry": { "type": "MultiPolygon", "coordinates": [ [ [ [ -60.462454397110875, -31.758299276255787 ], [ -60.462693558366098, -31.758263676857439 ], [ -60.462680877635776, -31.758201485234633 ], [ -60.462671819981963, -31.75815706264564 ], [ -60.462432658991517, -31.758192662001271 ], [ -60.462454397110875, -31.758299276255787 ] ] ] ] } },
{ "type": "Feature", "properties": { "ncp": "0141670002036", "sec": 14.0, "gru": 167.0, "manz": 2.0, "parc": 36.0, "nropasd": 47763, "zona": 7, "estado": "B", "uf": 0, "ubipar1": "PEDRO LONDERO             269", "desdes": "BALDIO", "dessde": "LOTE.-", "supter": 282.66, "parprov": 247694.0, "planome": 192607.0, "codser": "1" }, "geometry": { "type": "MultiPolygon", "coordinates": [ [ [ [ -60.462454397110875, -31.758299276255787 ], [ -60.46246001280003, -31.758326818270572 ], [ -60.462937711360105, -31.758255711874146 ], [ -60.462877405529433, -31.758172231501572 ], [ -60.462680877635776, -31.758201485234633 ], [ -60.462693558366098, -31.758263676857439 ], [ -60.462454397110875, -31.758299276255787 ] ] ] ] } },
{ "type": "Feature", "properties": { "ncp": "0141670002042", "sec": 14.0, "gru": 167.0, "manz": 2.0, "parc": 42.0, "nropasd": 47513, "zona": 7, "estado": "B", "uf": 0, "ubipar1": "PEDRO LONDERO             233", "desdes": "BALDIO", "dessde": null, "supter": 1352.62, "parprov": 226071.0, "planome": 164432.0, "codser": "1" }, "geometry": { "type": "MultiPolygon", "coordinates": [ [ [ [ -60.462856924026006, -31.75869706793323 ], [ -60.463245752998837, -31.758639189068539 ], [ -60.463103932164607, -31.758431445525275 ], [ -60.462499685024547, -31.758521389266932 ], [ -60.462526857879801, -31.758654657061186 ], [ -60.46283880845678, -31.758608222788677 ], [ -60.462856924026006, -31.75869706793323 ] ] ] ] } },
{ "type": "Feature", "properties": { "ncp": "0141670002039", "sec": 14.0, "gru": 167.0, "manz": 2.0, "parc": 39.0, "nropasd": 47512, "zona": 7, "estado": "E", "uf": 0, "ubipar1": "PEDRO LONDERO             227", "desdes": "VIVIENDA FAMILIAR", "dessde": null, "supter": 300.0, "parprov": 226072.0, "planome": 164431.0, "codser": "1" }, "geometry": { "type": "MultiPolygon", "coordinates": [ [ [ [ -60.462544973161251, -31.75874350225218 ], [ -60.462856924026006, -31.75869706793323 ], [ -60.46283880845678, -31.758608222788677 ], [ -60.462526857879801, -31.758654657061186 ], [ -60.462544973161251, -31.75874350225218 ] ] ] ] } },
{ "type": "Feature", "properties": { "ncp": "0141670002040", "sec": 14.0, "gru": 167.0, "manz": 2.0, "parc": 40.0, "nropasd": 47546, "zona": 7, "estado": "B", "uf": 0, "ubipar1": "PEDRO LONDERO             215", "desdes": "BALDIO", "dessde": "LOTE.-", "supter": 832.3, "parprov": 235388.0, "planome": 176813.0, "codser": "1" }, "geometry": { "type": "MultiPolygon", "coordinates": [ [ [ [ -60.46256671154601, -31.75885011647593 ], [ -60.463322048856966, -31.758737682066709 ], [ -60.463245752998837, -31.758639189068539 ], [ -60.462856924026006, -31.75869706793323 ], [ -60.462544973161251, -31.75874350225218 ], [ -60.46256671154601, -31.75885011647593 ] ] ] ] } },
{ "type": "Feature", "properties": { "ncp": "0141670002041", "sec": 14.0, "gru": 167.0, "manz": 2.0, "parc": 41.0, "nropasd": 47547, "zona": 7, "estado": "E", "uf": 0, "ubipar1": "PEDRO LONDERO             207", "desdes": "VIVIENDA FAMILIAR", "dessde": null, "supter": 990.32, "parprov": 235413.0, "planome": 176812.0, "codser": "1" }, "geometry": { "type": "MultiPolygon", "coordinates": [ [ [ [ -60.46256671154601, -31.75885011647593 ], [ -60.462590261520873, -31.758965615211562 ], [ -60.463404702886457, -31.758844382759662 ], [ -60.463322048856966, -31.758737682066709 ], [ -60.46256671154601, -31.75885011647593 ] ] ] ] } },
{ "type": "Feature", "properties": { "ncp": "0140990001014", "sec": 14.0, "gru": 99.0, "manz": 1.0, "parc": 14.0, "nropasd": 41494, "zona": 5, "estado": "B", "uf": 0, "ubipar1": "AVDA. JOSE HERNANDEZ     3083", "desdes": "BALDIO", "dessde": "LOTE.-", "supter": 9463.81, "parprov": 269406.0, "planome": 216310.0, "codser": "1" }, "geometry": { "type": "MultiPolygon", "coordinates": [ [ [ [ -60.477964771493056, -31.757544540263972 ], [ -60.476857740365936, -31.757627869240185 ], [ -60.477096959691231, -31.758784952397619 ], [ -60.477226885286683, -31.758765342705203 ], [ -60.477329126671115, -31.758728798514738 ], [ -60.477413194533362, -31.758668488655513 ], [ -60.477694649360572, -31.758381713009612 ], [ -60.477749718616558, -31.758309577023262 ], [ -60.47778925268824, -31.758228688581514 ], [ -60.477964771493056, -31.757544540263972 ] ] ] ] } },
{ "type": "Feature", "properties": { "ncp": "0100010021013", "sec": 10.0, "gru": 1.0, "manz": 21.0, "parc": 13.0, "nropasd": null, "zona": null, "estado": null, "uf": null, "ubipar1": null, "desdes": null, "dessde": null, "supter": null, "parprov": null, "planome": null, "codser": null }, "geometry": { "type": "MultiPolygon", "coordinates": [ [ [ [ -60.565165588237512, -31.709673474450096 ], [ -60.564744891209862, -31.70970129566059 ], [ -60.56474751826989, -31.710062020608433 ], [ -60.565169489590446, -31.710063236862879 ], [ -60.565165588237512, -31.709673474450096 ] ] ] ] } },
{ "type": "Feature", "properties": { "ncp": "0100010015012", "sec": 10.0, "gru": 1.0, "manz": 15.0, "parc": 12.0, "nropasd": 89258, "zona": 4, "estado": "E", "uf": 0, "ubipar1": "PROCESION NAUTICA         782", "desdes": "VIVIENDA FAMILIAR", "dessde": null, "supter": 338.79, "parprov": 133338.0, "planome": 74448.0, "codser": "1" }, "geometry": { "type": "MultiPolygon", "coordinates": [ [ [ [ -60.569086438429281, -31.708594921874564 ], [ -60.569085533195548, -31.708604359409684 ], [ -60.56906083897443, -31.708602586700593 ], [ -60.569045491734364, -31.708608592324538 ], [ -60.569224002808575, -31.708684305602432 ], [ -60.569331680273486, -31.708722004099801 ], [ -60.569383067282025, -31.708569013292838 ], [ -60.569204228407507, -31.708548828626579 ], [ -60.569086438429281, -31.708594921874564 ] ] ] ] } },
{ "type": "Feature", "properties": { "ncp": "0100010015013", "sec": 10.0, "gru": 1.0, "manz": 15.0, "parc": 13.0, "nropasd": 91326, "zona": 4, "estado": "E", "uf": 0, "ubipar1": "EDUARDA MANSILLA          787", "desdes": "VIVIENDA FAMILIAR", "dessde": null, "supter": 136.58, "parprov": 133338.0, "planome": 74448.0, "codser": "1" }, "geometry": { "type": "MultiPolygon", "coordinates": [ [ [ [ -60.56909946691966, -31.70843613797598 ], [ -60.569098190644887, -31.708527035846817 ], [ -60.569116066593644, -31.708550230483379 ], [ -60.569210066861331, -31.708544936216899 ], [ -60.569212788997234, -31.708441702960705 ], [ -60.56909946691966, -31.70843613797598 ] ] ] ] } },
{ "type": "Feature", "properties": { "ncp": "0100010015014", "sec": 10.0, "gru": 1.0, "manz": 15.0, "parc": 14.0, "nropasd": 90543, "zona": 4, "estado": "E", "uf": 0, "ubipar1": "EDUARDA MANSILLA          783", "desdes": "VIVIENDA FAMILIAR", "dessde": null, "supter": 324.71, "parprov": 246967.0, "planome": 191777.0, "codser": "1" }, "geometry": { "type": "MultiPolygon", "coordinates": [ [ [ [ -60.56909946691966, -31.70843613797598 ], [ -60.56892450905805, -31.70842754600141 ], [ -60.568809909028616, -31.708488595180054 ], [ -60.56903981737355, -31.708592460245491 ], [ -60.569082129555298, -31.708590028783373 ], [ -60.569081985298808, -31.708580109425025 ], [ -60.569094691820773, -31.708573327277893 ], [ -60.56909946691966, -31.70843613797598 ] ] ] ] } },
{ "type": "Feature", "properties": { "ncp": "0100010001002", "sec": 10.0, "gru": 1.0, "manz": 1.0, "parc": 2.0, "nropasd": 63838, "zona": 4, "estado": "B", "uf": 0, "ubipar1": "AVDA. JOSE MANUEL ESTRADA3446", "desdes": "BALDIO", "dessde": "LOTE.-", "supter": 1960.29, "parprov": 229694.0, "planome": 167005.0, "codser": "5" }, "geometry": { "type": "MultiPolygon", "coordinates": [ [ [ [ -60.564426652620298, -31.705766451851723 ], [ -60.564628421188047, -31.705326790210826 ], [ -60.56419903283345, -31.705244612903329 ], [ -60.564242164555608, -31.705876623165324 ], [ -60.564313405175639, -31.705875587313493 ], [ -60.564322816899747, -31.70571171009394 ], [ -60.564426652620298, -31.705766451851723 ] ] ] ] } },
{ "type": "Feature", "properties": { "ncp": "0100010002067", "sec": 10.0, "gru": 1.0, "manz": 2.0, "parc": 67.0, "nropasd": 81880, "zona": 4, "estado": "E", "uf": 0, "ubipar1": "AVDA. JOSE MANUEL ESTRADA3588", "desdes": "VIVIENDA FAMILIAR", "dessde": null, "supter": 461.66, "parprov": 55795.0, "planome": 137508.0, "codser": "1" }, "geometry": { "type": "MultiPolygon", "coordinates": [ [ [ [ -60.565171234330791, -31.705949471417853 ], [ -60.565193198605321, -31.705951935892102 ], [ -60.565235615932977, -31.705675639838436 ], [ -60.565250329112828, -31.705647379971943 ], [ -60.565265989843986, -31.705508600190978 ], [ -60.565075412511021, -31.705505679036733 ], [ -60.56507329019697, -31.705731399896415 ], [ -60.565106875071706, -31.705734304812481 ], [ -60.565137870148305, -31.705717657219939 ], [ -60.565160456031514, -31.705724701807615 ], [ -60.565203671988868, -31.705738180947556 ], [ -60.565171234330791, -31.705949471417853 ] ] ] ] } },
{ "type": "Feature", "properties": { "ncp": "0100010002068", "sec": 10.0, "gru": 1.0, "manz": 2.0, "parc": 68.0, "nropasd": 83221, "zona": 4, "estado": "E", "uf": 0, "ubipar1": "AVDA. JOSE MANUEL ESTRADA3560", "desdes": "VIVIENDA FAMILIAR", "dessde": null, "supter": 344.75, "parprov": 212489.0, "planome": 149731.0, "codser": "1" }, "geometry": { "type": "MultiPolygon", "coordinates": [ [ [ [ -60.565171234330791, -31.705949471417853 ], [ -60.565203671988868, -31.705738180947556 ], [ -60.565160456031514, -31.705724701807615 ], [ -60.564935877072287, -31.705844468795394 ], [ -60.564922691361069, -31.705916094336622 ], [ -60.565171234330791, -31.705949471417853 ] ] ] ] } },
{ "type": "Feature", "properties": { "ncp": "0100010002069", "sec": 10.0, "gru": 1.0, "manz": 2.0, "parc": 69.0, "nropasd": 89144, "zona": 6, "estado": "E", "uf": 0, "ubipar1": "AVDA. JOSE MANUEL ESTRADA3592", "desdes": "VIVIENDA FAMILIAR", "dessde": null, "supter": 144.82, "parprov": 55795.0, "planome": 134879.0, "codser": "1" }, "geometry": { "type": "MultiPolygon", "coordinates": [ [ [ [ -60.566467491735949, -31.705791613216437 ], [ -60.566465380268824, -31.70582574488224 ], [ -60.566453626369515, -31.705840396176381 ], [ -60.566441526730969, -31.705862737682253 ], [ -60.566398977788907, -31.705926396751224 ], [ -60.566519541366361, -31.705925066731076 ], [ -60.566524784845896, -31.705855318792253 ], [ -60.566523308460091, -31.705855350138801 ], [ -60.566530370677306, -31.705826392819905 ], [ -60.566529079449161, -31.7058256109203 ], [ -60.566551065484646, -31.705745645152923 ], [ -60.566500164003372, -31.705737099220514 ], [ -60.566488427185696, -31.70579384590652 ], [ -60.566467491735949, -31.705791613216437 ] ] ] ] } },
{ "type": "Feature", "properties": { "ncp": "0100010002070", "sec": 10.0, "gru": 1.0, "manz": 2.0, "parc": 70.0, "nropasd": 87775, "zona": 6, "estado": "B", "uf": 0, "ubipar1": "AVDA. JOSE MANUEL ESTRADA3592", "desdes": "BALDIO", "dessde": "LOTE.-", "supter": 196.8, "parprov": 55795.0, "planome": 134879.0, "codser": "1" }, "geometry": { "type": "MultiPolygon", "coordinates": [ [ [ [ -60.567076700212446, -31.705824544773321 ], [ -60.567063127544884, -31.705867099709518 ], [ -60.567066614437543, -31.705924017366542 ], [ -60.567192565857077, -31.705923394553512 ], [ -60.56725626416879, -31.705811752214821 ], [ -60.567085165994747, -31.70579577081611 ], [ -60.567076700212446, -31.705824544773321 ] ] ] ] } },
{ "type": "Feature", "properties": { "ncp": "0100010002072", "sec": 10.0, "gru": 1.0, "manz": 2.0, "parc": 72.0, "nropasd": 81882, "zona": 4, "estado": "E", "uf": 0, "ubipar1": "AVDA. JOSE MANUEL ESTRADA3592", "desdes": "VIVIENDA FAMILIAR", "dessde": null, "supter": 492.62, "parprov": 179058.0, "planome": 134879.0, "codser": "1" }, "geometry": { "type": "MultiPolygon", "coordinates": [ [ [ [ -60.565758506735008, -31.704996614301731 ], [ -60.565694819765177, -31.704988752393426 ], [ -60.565679163672385, -31.705056247735268 ], [ -60.565691735953912, -31.705077086763666 ], [ -60.565693905506848, -31.705103173992015 ], [ -60.565705692128418, -31.705131655335173 ], [ -60.565719942608652, -31.705143704263875 ], [ -60.565725966360567, -31.705195756299272 ], [ -60.565859285101702, -31.70518447996557 ], [ -60.565856065469958, -31.705156659053952 ], [ -60.565834020647642, -31.705158523653548 ], [ -60.565820415157276, -31.705040957860668 ], [ -60.565913705415142, -31.705049129049204 ], [ -60.565943217813683, -31.704903811070238 ], [ -60.565789567477097, -31.704868573445484 ], [ -60.565758506735008, -31.704996614301731 ] ] ] ] } },
{ "type": "Feature", "properties": { "ncp": "0060310003031", "sec": 6.0, "gru": 31.0, "manz": 3.0, "parc": 31.0, "nropasd": 89608, "zona": 5, "estado": "B", "uf": 2, "ubipar1": "RSRIO.VERA PEï¿½ALOZA      2764", "desdes": "BALDIO", "dessde": "LOTE.-", "supter": 370.59, "parprov": 238439.0, "planome": 181212.0, "codser": "5" }, "geometry": { "type": "MultiPolygon", "coordinates": [ [ [ [ -60.525215876780578, -31.761941574243497 ], [ -60.525194112489316, -31.761853897163601 ], [ -60.524791608620383, -31.761914590161844 ], [ -60.524811989058897, -31.762002137737475 ], [ -60.525215876780578, -31.761941574243497 ] ] ] ] } },
{ "type": "Feature", "properties": { "ncp": "0100020003083", "sec": 10.0, "gru": 2.0, "manz": 3.0, "parc": 83.0, "nropasd": 83508, "zona": 4, "estado": "E", "uf": 0, "ubipar1": "AVDA. JOSE MANUEL ESTRADA3178", "desdes": "VIVIENDA FAMILIAR", "dessde": null, "supter": 321.23, "parprov": 214285.0, "planome": 152000.0, "codser": "1" }, "geometry": { "type": "MultiPolygon", "coordinates": [ [ [ [ -60.558505083951111, -31.705958646933812 ], [ -60.558626478600289, -31.705946221773349 ], [ -60.558588288502087, -31.705704283512791 ], [ -60.558584269957528, -31.705705673619946 ], [ -60.558579693188172, -31.705707578812362 ], [ -60.558577439555641, -31.705708758538648 ], [ -60.558571431957134, -31.705710128870717 ], [ -60.558568879712453, -31.70571110915483 ], [ -60.558566253778729, -31.705711635646473 ], [ -60.558560405232861, -31.705712293322627 ], [ -60.558557446754619, -31.705712398607041 ], [ -60.558554785794179, -31.705712696180072 ], [ -60.558552199070164, -31.705713451122168 ], [ -60.558549309550195, -31.705714007089959 ], [ -60.558546524562217, -31.705715246236796 ], [ -60.558543440962048, -31.705716285941218 ], [ -60.558540780548554, -31.705716587090759 ], [ -60.558537946097161, -31.705715750800881 ], [ -60.558535254840933, -31.705715822563814 ], [ -60.558531795302436, -31.705716213078226 ], [ -60.558527962039882, -31.705719417584081 ], [ -60.558527216561416, -31.705721581917956 ], [ -60.558524928449131, -31.705722536301586 ], [ -60.558522003902155, -31.705722863350289 ], [ -60.558519715242689, -31.705723814156972 ], [ -60.558513936748795, -31.705724929668182 ], [ -60.558501708847245, -31.705726308012824 ], [ -60.558493780703884, -31.705729282849973 ], [ -60.558490995167297, -31.705730518418829 ], [ -60.558488408442656, -31.705731273359529 ], [ -60.558485782507262, -31.705731799849488 ], [ -60.558481900327997, -31.705732932494364 ], [ -60.558478241191921, -31.705733341690003 ], [ -60.558505083951111, -31.705958646933812 ] ] ] ] } },
{ "type": "Feature", "properties": { "ncp": "0100020003084", "sec": 10.0, "gru": 2.0, "manz": 3.0, "parc": 84.0, "nropasd": null, "zona": null, "estado": null, "uf": null, "ubipar1": null, "desdes": null, "dessde": null, "supter": null, "parprov": null, "planome": null, "codser": null }, "geometry": { "type": "MultiPolygon", "coordinates": [ [ [ [ -60.558505083951111, -31.705958646933812 ], [ -60.558515238604848, -31.706043879919463 ], [ -60.558639880851956, -31.706031126119477 ], [ -60.558626478600289, -31.705946221773349 ], [ -60.558505083951111, -31.705958646933812 ] ] ] ] } },
{ "type": "Feature", "properties": { "ncp": "0090610014034", "sec": 9.0, "gru": 61.0, "manz": 14.0, "parc": 34.0, "nropasd": 87754, "zona": 6, "estado": "E", "uf": 0, "ubipar1": "JUAN GARRIGO             2333", "desdes": "VIVIENDA FAMILIAR", "dessde": null, "supter": 369.76, "parprov": 230477.0, "planome": 170915.0, "codser": "1" }, "geometry": { "type": "MultiPolygon", "coordinates": [ [ [ [ -60.506461309472705, -31.772107807750956 ], [ -60.506077544358952, -31.772169440560287 ], [ -60.506098444898754, -31.772258849893564 ], [ -60.506481223995188, -31.772197381177087 ], [ -60.506461309472705, -31.772107807750956 ] ] ] ] } },
{ "type": "Feature", "properties": { "ncp": "0090740003124", "sec": 9.0, "gru": 74.0, "manz": 3.0, "parc": 124.0, "nropasd": 90849, "zona": 5, "estado": "B", "uf": 0, "ubipar1": "GRAL. MADARIAGA          1572", "desdes": "BALDIO", "dessde": "LOTE.-", "supter": 4053.0, "parprov": 247516.0, "planome": 192296.0, "codser": "5" }, "geometry": { "type": "MultiPolygon", "coordinates": [ [ [ [ -60.499963466641994, -31.758375606268647 ], [ -60.49909656461918, -31.758774498217907 ], [ -60.499143313402328, -31.759044817611269 ], [ -60.500063024379074, -31.758909976099442 ], [ -60.500000633845936, -31.75858219180024 ], [ -60.499984295808829, -31.758470490964889 ], [ -60.499963466641994, -31.758375606268647 ] ] ] ] } },
{ "type": "Feature", "properties": { "ncp": "0090390025002", "sec": 9.0, "gru": 39.0, "manz": 25.0, "parc": 2.0, "nropasd": 42183, "zona": 5, "estado": "B", "uf": 0, "ubipar1": "HERNANDARIAS             2575", "desdes": "BALDIO", "dessde": "LOTE.-", "supter": 437.2, "parprov": 1.0, "planome": 1.0, "codser": "5" }, "geometry": { "type": "MultiPolygon", "coordinates": [ [ [ [ -60.487179281688519, -31.762124637410782 ], [ -60.487075320978107, -31.76214024467647 ], [ -60.487155185705575, -31.762528575694105 ], [ -60.487259114281763, -31.762512972998856 ], [ -60.487179281688519, -31.762124637410782 ] ] ] ] } },
{ "type": "Feature", "properties": { "ncp": "0121820001004", "sec": 12.0, "gru": 182.0, "manz": 1.0, "parc": 4.0, "nropasd": 42208, "zona": 7, "estado": "B", "uf": 0, "ubipar1": "LISANDRO DE LA TORRE     1942", "desdes": "BALDIO", "dessde": "LOTE.-", "supter": 27023.0, "parprov": 273966.0, "planome": 220679.0, "codser": "0" }, "geometry": { "type": "MultiPolygon", "coordinates": [ [ [ [ -60.552429696341179, -31.784371533751447 ], [ -60.550710202967728, -31.784609180704749 ], [ -60.551200785056658, -31.786973279955244 ], [ -60.552145781847742, -31.786842189207537 ], [ -60.551760061817276, -31.784999063640111 ], [ -60.552534446097901, -31.784883382584308 ], [ -60.552429696341179, -31.784371533751447 ] ] ] ] } },
{ "type": "Feature", "properties": { "ncp": "0100010001002", "sec": 10.0, "gru": 1.0, "manz": 2.0, "parc": 80.0, "nropasd": 63838, "zona": 4, "estado": "B", "uf": 0, "ubipar1": "AVDA. JOSE MANUEL ESTRADA3446", "desdes": "BALDIO", "dessde": "LOTE.-", "supter": 1960.29, "parprov": 229694.0, "planome": 167005.0, "codser": "5" }, "geometry": { "type": "MultiPolygon", "coordinates": [ [ [ [ -60.564942171757828, -31.705808678136343 ], [ -60.565004144211976, -31.705764193828792 ], [ -60.564950867929156, -31.705387079824714 ], [ -60.564608081118827, -31.705371112273081 ], [ -60.564572762888822, -31.705866117652878 ], [ -60.564572886356913, -31.705886499367217 ], [ -60.56471678520392, -31.705887753813453 ], [ -60.564922695010644, -31.705916074511912 ], [ -60.564942171757828, -31.705808678136343 ] ] ] ] } },
{ "type": "Feature", "properties": { "ncp": "0030000048041", "sec": 3.0, "gru": 0.0, "manz": 48.0, "parc": 41.0, "nropasd": 67198, "zona": 3, "estado": "E", "uf": 0, "ubipar1": "ITALIA                    529", "desdes": "VIVIENDA FAMILIAR", "dessde": null, "supter": 66.82, "parprov": 146933.0, "planome": 1.0, "codser": "5" }, "geometry": { "type": "MultiPolygon", "coordinates": [ [ [ [ -60.534902773889101, -31.737245216863801 ], [ -60.534812222879097, -31.737308023701033 ], [ -60.534842820491733, -31.737351375990144 ], [ -60.534902358065224, -31.737320510155385 ], [ -60.534924932580402, -31.737308953042316 ], [ -60.53495143510186, -31.737295738828422 ], [ -60.534925127543964, -31.737255663701259 ], [ -60.534913293499272, -31.737261267947012 ], [ -60.534902773889101, -31.737245216863801 ] ] ] ] } },
{ "type": "Feature", "properties": { "ncp": "0010000028042", "sec": 1.0, "gru": 0.0, "manz": 28.0, "parc": 42.0, "nropasd": 89321, "zona": 1, "estado": "B", "uf": 0, "ubipar1": "MANUEL ALBERTI            132", "desdes": "BALDIO", "dessde": "LOTE.-", "supter": 294.8, "parprov": 236574.0, "planome": 178873.0, "codser": "5" }, "geometry": { "type": "MultiPolygon", "coordinates": [ [ [ [ -60.522783540096341, -31.721561702782672 ], [ -60.522688338243142, -31.72159563515066 ], [ -60.522689211312333, -31.721598923298473 ], [ -60.522808169138195, -31.721846497170965 ], [ -60.522812938510597, -31.721844745375229 ], [ -60.522911023984278, -31.721805268684747 ], [ -60.522783540096341, -31.721561702782672 ] ] ] ] } },
{ "type": "Feature", "properties": { "ncp": "0010000028041", "sec": 1.0, "gru": 0.0, "manz": 28.0, "parc": 41.0, "nropasd": 89322, "zona": 1, "estado": "B", "uf": 1, "ubipar1": "MANUEL ALBERTI            126", "desdes": "BALDIO", "dessde": "LOTE.-", "supter": 297.65, "parprov": 236573.0, "planome": 178872.0, "codser": "5" }, "geometry": { "type": "MultiPolygon", "coordinates": [ [ [ [ -60.522911023984278, -31.721805268684747 ], [ -60.522911333749811, -31.721805166069107 ], [ -60.523013015639471, -31.721771481984707 ], [ -60.522970123949044, -31.721690760854163 ], [ -60.522961383640471, -31.72167431178411 ], [ -60.522928395644634, -31.72161222903674 ], [ -60.522882759660725, -31.721526342875368 ], [ -60.522783540096341, -31.721561702782672 ], [ -60.522911023984278, -31.721805268684747 ] ] ] ] } },
{ "type": "Feature", "properties": { "ncp": "0080180003011", "sec": 8.0, "gru": 18.0, "manz": 3.0, "parc": 11.0, "nropasd": 90185, "zona": 6, "estado": "E", "uf": 0, "ubipar1": "19 DE ABRIL              1963", "desdes": "VIVIENDA FAMILIAR", "dessde": null, "supter": 316.3, "parprov": 241626.0, "planome": 185329.0, "codser": "0" }, "geometry": { "type": "MultiPolygon", "coordinates": [ [ [ [ -60.489326034548732, -31.733035599316445 ], [ -60.489190558765884, -31.733054009444409 ], [ -60.489206775573152, -31.733143123168478 ], [ -60.489239184181251, -31.733321212660549 ], [ -60.489374683537179, -31.73330292616194 ], [ -60.489326034548732, -31.733035599316445 ] ] ] ] } },
{ "type": "Feature", "properties": { "ncp": "0090350001054", "sec": 9.0, "gru": 35.0, "manz": 1.0, "parc": 55.0, "nropasd": 92235, "zona": 6, "estado": "E", "uf": 0, "ubipar1": "LA PICADA                1696", "desdes": "VIVIENDA FAMILIAR", "dessde": null, "supter": 1535.86, "parprov": 277964.0, "planome": 224335.0, "codser": "5" }, "geometry": { "type": "MultiPolygon", "coordinates": [ [ [ [ -60.504501047723515, -31.765360374862066 ], [ -60.503603096816953, -31.765510954923691 ], [ -60.503638522370203, -31.765669748496009 ], [ -60.504533537312909, -31.76552025689903 ], [ -60.50452605246592, -31.765483424521168 ], [ -60.504512443784535, -31.765416457128492 ], [ -60.504501047723515, -31.765360374862066 ] ] ] ] } },
{ "type": "Feature", "properties": { "ncp": "0020000047035", "sec": 2.0, "gru": 0.0, "manz": 47.0, "parc": 36.0, "nropasd": null, "zona": null, "estado": null, "uf": null, "ubipar1": null, "desdes": null, "dessde": null, "supter": null, "parprov": null, "planome": null, "codser": null }, "geometry": { "type": "MultiPolygon", "coordinates": [ [ [ [ -60.526313742692281, -31.739223655123482 ], [ -60.526051676433724, -31.739356658346271 ], [ -60.526101318730767, -31.739427915261519 ], [ -60.526202492700335, -31.739378257542946 ], [ -60.526213296849122, -31.739393887419464 ], [ -60.526376022554643, -31.739314501609911 ], [ -60.526313742692281, -31.739223655123482 ] ] ] ] } },
{ "type": "Feature", "properties": { "ncp": "0040000094040", "sec": 4.0, "gru": 0.0, "manz": 94.0, "parc": 41.0, "nropasd": 89326, "zona": 1, "estado": "E", "uf": 0, "ubipar1": "CERVANTES                 149", "desdes": "VIVIENDA FAMILIAR", "dessde": null, "supter": 475.63, "parprov": 3707.0, "planome": 49260.0, "codser": "5" }, "geometry": { "type": "MultiPolygon", "coordinates": [ [ [ [ -60.531392658834989, -31.729550419603004 ], [ -60.531315654160977, -31.729582044757954 ], [ -60.531365884567286, -31.729664137421704 ], [ -60.531490305143514, -31.729864675211317 ], [ -60.531604388034715, -31.730067269676663 ], [ -60.531676089078942, -31.730040084141464 ], [ -60.53164364281492, -31.72996624142888 ], [ -60.531514637471417, -31.729753764496209 ], [ -60.531411567962344, -31.729585504803421 ], [ -60.531392658834989, -31.729550419603004 ] ] ] ] } },
{ "type": "Feature", "properties": { "ncp": "0141320017013", "sec": 14.0, "gru": 132.0, "manz": 17.0, "parc": 13.0, "nropasd": null, "zona": null, "estado": null, "uf": null, "ubipar1": null, "desdes": null, "dessde": null, "supter": null, "parprov": null, "planome": null, "codser": null }, "geometry": { "type": "MultiPolygon", "coordinates": [ [ [ [ -60.469679071519842, -31.757912425732012 ], [ -60.469735475694435, -31.758187808763573 ], [ -60.469896866803985, -31.758163676405808 ], [ -60.469840462168115, -31.757888293449085 ], [ -60.469679071519842, -31.757912425732012 ] ] ] ] } },
{ "type": "Feature", "properties": { "ncp": "0050230002033", "sec": 5.0, "gru": 23.0, "manz": 2.0, "parc": 33.0, "nropasd": 93135, "zona": 6, "estado": "E", "uf": 0, "ubipar1": "GERMAN BURMEISTER         753", "desdes": "VIVIENDA FAMILIAR", "dessde": null, "supter": 265.2, "parprov": 265387.0, "planome": 211105.0, "codser": "5" }, "geometry": { "type": "MultiPolygon", "coordinates": [ [ [ [ -60.553176755263017, -31.732357392465701 ], [ -60.553284572408948, -31.73232297167392 ], [ -60.553403132710358, -31.73228544401799 ], [ -60.553345103844393, -31.732173029133968 ], [ -60.553145327965524, -31.732250852654925 ], [ -60.553176755263017, -31.732357392465701 ] ] ] ] } },
{ "type": "Feature", "properties": { "ncp": "0050240007039", "sec": 5.0, "gru": 24.0, "manz": 7.0, "parc": 39.0, "nropasd": 90771, "zona": 4, "estado": "B", "uf": 0, "ubipar1": "LOS JACARANDAES           846", "desdes": "BALDIO", "dessde": "LOTE.-", "supter": 371.39, "parprov": 246322.0, "planome": 191029.0, "codser": "5" }, "geometry": { "type": "MultiPolygon", "coordinates": [ [ [ [ -60.548623519585682, -31.733998282746679 ], [ -60.549033423402584, -31.733844629130104 ], [ -60.548994396671624, -31.733772578628525 ], [ -60.548892063848051, -31.733810946676339 ], [ -60.548583056857844, -31.733923919859894 ], [ -60.548623519585682, -31.733998282746679 ] ] ] ] } },
{ "type": "Feature", "properties": { "ncp": "0050270003040", "sec": 5.0, "gru": 27.0, "manz": 3.0, "parc": 40.0, "nropasd": 89030, "zona": 4, "estado": "E", "uf": 0, "ubipar1": "LAS TACUARAS             2152 C:23", "desdes": "VIVIENDA FAMILIAR", "dessde": null, "supter": 233.22, "parprov": 235406.0, "planome": 177078.0, "codser": "5" }, "geometry": { "type": "MultiPolygon", "coordinates": [ [ [ [ -60.549885074014796, -31.738829662639191 ], [ -60.54988732733495, -31.738834180148093 ], [ -60.549990604480747, -31.739021244836373 ], [ -60.550090035968012, -31.738995005067476 ], [ -60.549990151983337, -31.738792865107168 ], [ -60.549885074014796, -31.738829662639191 ] ] ] ] } },
{ "type": "Feature", "properties": { "ncp": "0050270004033", "sec": 5.0, "gru": 27.0, "manz": 4.0, "parc": 33.0, "nropasd": 90914, "zona": 4, "estado": "B", "uf": 0, "ubipar1": "1 DE MAYO                2085", "desdes": "BALDIO", "dessde": "LOTE.-", "supter": 256.13, "parprov": 247742.0, "planome": 192689.0, "codser": "5" }, "geometry": { "type": "MultiPolygon", "coordinates": [ [ [ [ -60.548566935126971, -31.738365662425689 ], [ -60.548641032897613, -31.738330553521955 ], [ -60.548474484831395, -31.738116533480351 ], [ -60.548462504185572, -31.738103427206891 ], [ -60.548379099958574, -31.738116664371447 ], [ -60.548397960593284, -31.738142249556962 ], [ -60.548566935126971, -31.738365662425689 ] ] ] ] } },
{ "type": "Feature", "properties": { "ncp": "0050330022033", "sec": 5.0, "gru": 33.0, "manz": 22.0, "parc": 33.0, "nropasd": 93396, "zona": 4, "estado": "E", "uf": 0, "ubipar1": "JUAN THOMOND O'BRIEN     1266", "desdes": "VIVIENDA FAMILIAR", "dessde": null, "supter": 270.0, "parprov": 266830.0, "planome": 212599.0, "codser": "5" }, "geometry": { "type": "MultiPolygon", "coordinates": [ [ [ [ -60.537231617146873, -31.745412901856419 ], [ -60.537328813688717, -31.745398053609151 ], [ -60.53727197018766, -31.74512717242057 ], [ -60.537242332345848, -31.745131944196491 ], [ -60.537184148878609, -31.745140842865638 ], [ -60.537231617146873, -31.745412901856419 ] ] ] ] } },
{ "type": "Feature", "properties": { "ncp": "0060060012017", "sec": 6.0, "gru": 6.0, "manz": 12.0, "parc": 17.0, "nropasd": 83249, "zona": 5, "estado": "E", "uf": 1, "ubipar1": "PAUL GROUSSAC             758", "desdes": "VIVIENDA FAMILIAR", "dessde": null, "supter": 494.7, "parprov": 212558.0, "planome": 149780.0, "codser": "5" }, "geometry": { "type": "MultiPolygon", "coordinates": [ [ [ [ -60.531051895776507, -31.757065866823552 ], [ -60.530958589910284, -31.757078690439755 ], [ -60.530845172207265, -31.757100176226615 ], [ -60.530857281719662, -31.757148924320777 ], [ -60.53087949192367, -31.757238348334475 ], [ -60.530900334814518, -31.757322267026488 ], [ -60.531107828468684, -31.757284508042563 ], [ -60.531051895776507, -31.757065866823552 ] ] ] ] } },
{ "type": "Feature", "properties": { "ncp": "0060340002029", "sec": 6.0, "gru": 34.0, "manz": 2.0, "parc": 29.0, "nropasd": 84753, "zona": 4, "estado": "B", "uf": 1, "ubipar1": "DOGMA SOCIALISTA         1792", "desdes": "BALDIO", "dessde": null, "supter": 570.51, "parprov": 222084.0, "planome": 158496.0, "codser": "5" }, "geometry": { "type": "MultiPolygon", "coordinates": [ [ [ [ -60.533934109398253, -31.743720405297715 ], [ -60.534106147653588, -31.743810665879103 ], [ -60.53415268282496, -31.743787726443649 ], [ -60.534171899361574, -31.743734220935277 ], [ -60.534230653223297, -31.743558350456937 ], [ -60.534102593698542, -31.743490750137109 ], [ -60.533934109398253, -31.743720405297715 ] ] ] ] } },
{ "type": "Feature", "properties": { "ncp": "0060340002028", "sec": 6.0, "gru": 34.0, "manz": 2.0, "parc": 28.0, "nropasd": 90368, "zona": 4, "estado": "E", "uf": 1, "ubipar1": "PRONUNCIAMIENTO          1131", "desdes": "VIVIENDA FAMILIAR", "dessde": null, "supter": 154.59, "parprov": 242725.0, "planome": 187084.0, "codser": "5" }, "geometry": { "type": "MultiPolygon", "coordinates": [ [ [ [ -60.533552801059187, -31.743013825430882 ], [ -60.533621453772525, -31.742917981595824 ], [ -60.533429314601712, -31.742823083332546 ], [ -60.53336762996414, -31.742836784091303 ], [ -60.533328112065561, -31.742893335818266 ], [ -60.533552801059187, -31.743013825430882 ] ] ] ] } },
{ "type": "Feature", "properties": { "ncp": "0060500024025", "sec": 6.0, "gru": 50.0, "manz": 24.0, "parc": 25.0, "nropasd": 90636, "zona": 5, "estado": "E", "uf": 2, "ubipar1": "CNEL. FRANCISCO SAYOS    2270", "desdes": "VIVIENDA FAMILIAR", "dessde": null, "supter": 326.23, "parprov": 244916.0, "planome": 189430.0, "codser": "5" }, "geometry": { "type": "MultiPolygon", "coordinates": [ [ [ [ -60.531511986932564, -31.751660232757789 ], [ -60.531648770648481, -31.751726885125503 ], [ -60.53182772735493, -31.751814412882435 ], [ -60.531845258139953, -31.751791124647955 ], [ -60.531883152634286, -31.751740813541225 ], [ -60.531659859128006, -31.751633841289628 ], [ -60.531566704742701, -31.751585323259896 ], [ -60.531511986932564, -31.751660232757789 ] ] ] ] } },
{ "type": "Feature", "properties": { "ncp": "0070080018019", "sec": 7.0, "gru": 8.0, "manz": 18.0, "parc": 19.0, "nropasd": 90843, "zona": 6, "estado": "B", "uf": 2, "ubipar1": "TTE.MIGUEL ANGEL GIMENEZ 1440", "desdes": "BALDIO", "dessde": "LOTE.-", "supter": 300.0, "parprov": 247430.0, "planome": 192242.0, "codser": "5" }, "geometry": { "type": "MultiPolygon", "coordinates": [ [ [ [ -60.518311297224813, -31.759855350010497 ], [ -60.518340100281009, -31.759850958023609 ], [ -60.51849046159812, -31.759828774201157 ], [ -60.518623669252023, -31.759812007932624 ], [ -60.518605461736165, -31.759717389057919 ], [ -60.518495076351613, -31.759732705944803 ], [ -60.518397960201874, -31.759746181532261 ], [ -60.518294593709001, -31.759761356169516 ], [ -60.518311297224813, -31.759855350010497 ] ] ] ] } },
{ "type": "Feature", "properties": { "ncp": "0070080019018", "sec": 7.0, "gru": 8.0, "manz": 19.0, "parc": 18.0, "nropasd": 91587, "zona": 6, "estado": "B", "uf": 2, "ubipar1": "SGTO. MARIO A. CISNEROS   262", "desdes": "BALDIO", "dessde": "LOTE.-", "supter": 323.94, "parprov": 1.0, "planome": 1.0, "codser": "5" }, "geometry": { "type": "MultiPolygon", "coordinates": [ [ [ [ -60.51800798427427, -31.759728188881645 ], [ -60.518092330711205, -31.75960506966112 ], [ -60.518086524789453, -31.759576541077838 ], [ -60.518040588668853, -31.759548085497187 ], [ -60.517878443404975, -31.759569414851651 ], [ -60.517903742175733, -31.759743534987642 ], [ -60.51800798427427, -31.759728188881645 ] ] ] ] } },
{ "type": "Feature", "properties": { "ncp": "0070550009029", "sec": 7.0, "gru": 55.0, "manz": 9.0, "parc": 29.0, "nropasd": 126923, "zona": 4, "estado": "H", "uf": 1, "ubipar1": "MARTIN ZAPATA             719", "desdes": "VIVIENDA MULTIFAMILIAR", "dessde": "DE CUATRO (4) UNIDADES FUNCIONALES", "supter": 48.6, "parprov": 132361.0, "planome": 203960.0, "codser": "5" }, "geometry": { "type": "MultiPolygon", "coordinates": [ [ [ [ -60.507791124118569, -31.746329070753585 ], [ -60.507883507447168, -31.746556731718638 ], [ -60.507965132773514, -31.746532200961248 ], [ -60.507894394875194, -31.746349120694912 ], [ -60.507877749453172, -31.746304221265248 ], [ -60.507794854192547, -31.746328000701968 ], [ -60.507791124118569, -31.746329070753585 ] ] ] ] } },
{ "type": "Feature", "properties": { "ncp": "0070600003024", "sec": 7.0, "gru": 60.0, "manz": 3.0, "parc": 24.0, "nropasd": 89906, "zona": 6, "estado": "B", "uf": 2, "ubipar1": "ALDEA MARIA LUISA        2084", "desdes": "BALDIO", "dessde": "LOTE.-", "supter": 436.7, "parprov": 111025.0, "planome": 44768.0, "codser": "5" }, "geometry": { "type": "MultiPolygon", "coordinates": [ [ [ [ -60.507907009592152, -31.769706008665768 ], [ -60.507887706018785, -31.769613476614634 ], [ -60.507434959068881, -31.7696876671321 ], [ -60.507454316623317, -31.769777629089205 ], [ -60.507907009592152, -31.769706008665768 ] ] ] ] } },
{ "type": "Feature", "properties": { "ncp": "0070600003027", "sec": 7.0, "gru": 60.0, "manz": 3.0, "parc": 27.0, "nropasd": 89595, "zona": 6, "estado": "E", "uf": 2, "ubipar1": "VILLA TABOSSI            2055", "desdes": "VIVIENDA FAMILIAR", "dessde": null, "supter": 396.89, "parprov": 238822.0, "planome": 181102.0, "codser": "5" }, "geometry": { "type": "MultiPolygon", "coordinates": [ [ [ [ -60.507965388516595, -31.769517243165943 ], [ -60.508423463359705, -31.769439195835119 ], [ -60.508406775326748, -31.769360787607191 ], [ -60.507947145420864, -31.769429911156553 ], [ -60.507965388516595, -31.769517243165943 ] ] ] ] } },
{ "type": "Feature", "properties": { "ncp": "0070600004026", "sec": 7.0, "gru": 60.0, "manz": 4.0, "parc": 26.0, "nropasd": 89637, "zona": 6, "estado": "B", "uf": 2, "ubipar1": "VILLA ORO VERDE          1105", "desdes": "BALDIO", "dessde": "LOTE.-", "supter": 523.31, "parprov": 111020.0, "planome": 48774.0, "codser": "5" }, "geometry": { "type": "MultiPolygon", "coordinates": [ [ [ [ -60.506865220817765, -31.76999286283435 ], [ -60.507116970079494, -31.769956463691049 ], [ -60.507281214313103, -31.769927158316289 ], [ -60.507313041289009, -31.769886475935685 ], [ -60.507293986675286, -31.769806296601512 ], [ -60.506841196448796, -31.769880076391598 ], [ -60.506865220817765, -31.76999286283435 ] ] ] ] } },
{ "type": "Feature", "properties": { "ncp": "0070600004025", "sec": 7.0, "gru": 60.0, "manz": 4.0, "parc": 25.0, "nropasd": 90615, "zona": 6, "estado": "B", "uf": 2, "ubipar1": "MIGUEL DAVID             1196", "desdes": "BALDIO", "dessde": "LOTE.-", "supter": 494.0, "parprov": 244616.0, "planome": 189100.0, "codser": "5" }, "geometry": { "type": "MultiPolygon", "coordinates": [ [ [ [ -60.506260165273652, -31.769240981268972 ], [ -60.506127308921478, -31.769261196346054 ], [ -60.506202053248209, -31.769620984994276 ], [ -60.506334671675958, -31.769599748637962 ], [ -60.506260165273652, -31.769240981268972 ] ] ] ] } },
{ "type": "Feature", "properties": { "ncp": "0070600004028", "sec": 7.0, "gru": 60.0, "manz": 4.0, "parc": 28.0, "nropasd": 90134, "zona": 6, "estado": "B", "uf": 3, "ubipar1": "ALDEA MARIA LUISA        2075", "desdes": "BALDIO", "dessde": "LOTE.-", "supter": 436.7, "parprov": 241272.0, "planome": 184901.0, "codser": "5" }, "geometry": { "type": "MultiPolygon", "coordinates": [ [ [ [ -60.507271919791812, -31.769713441845155 ], [ -60.507252731385179, -31.769632722651231 ], [ -60.50694806943406, -31.769683599724491 ], [ -60.506804231723116, -31.769706538701058 ], [ -60.506821129728721, -31.769785869575568 ], [ -60.507271919791812, -31.769713441845155 ] ] ] ] } },
{ "type": "Feature", "properties": { "ncp": "0070600004027", "sec": 7.0, "gru": 60.0, "manz": 4.0, "parc": 27.0, "nropasd": 89887, "zona": 6, "estado": "B", "uf": 2, "ubipar1": "ALDEA MARIA LUISA        2083", "desdes": "BALDIO", "dessde": "LOTE.-", "supter": 436.7, "parprov": 111031.0, "planome": 48771.0, "codser": "5" }, "geometry": { "type": "MultiPolygon", "coordinates": [ [ [ [ -60.507271919791812, -31.769713441845155 ], [ -60.506821129728721, -31.769785869575568 ], [ -60.506841196448796, -31.769880076391598 ], [ -60.507293986675286, -31.769806296601512 ], [ -60.507271919791812, -31.769713441845155 ] ] ] ] } },
{ "type": "Feature", "properties": { "ncp": "0080170006044", "sec": 8.0, "gru": 17.0, "manz": 6.0, "parc": 44.0, "nropasd": 84718, "zona": 5, "estado": "E", "uf": 0, "ubipar1": "JUAN DE LAMADRID         1744", "desdes": "VIVIENDA FAMILIAR", "dessde": null, "supter": 360.0, "parprov": 107059.0, "planome": 57765.0, "codser": "5" }, "geometry": { "type": "MultiPolygon", "coordinates": [ [ [ [ -60.492970863101604, -31.738983700887832 ], [ -60.492954009344025, -31.738894672416194 ], [ -60.492910240361624, -31.738663465827688 ], [ -60.492790383516414, -31.738679720595783 ], [ -60.492851125653722, -31.73900064989385 ], [ -60.492970863101604, -31.738983700887832 ] ] ] ] } },
{ "type": "Feature", "properties": { "ncp": "0080170006045", "sec": 8.0, "gru": 17.0, "manz": 6.0, "parc": 45.0, "nropasd": 86430, "zona": 5, "estado": "E", "uf": 0, "ubipar1": "JUAN DE LAMADRID         1768", "desdes": "VIVIENDA FAMILIAR", "dessde": null, "supter": 260.0, "parprov": 227239.0, "planome": 166331.0, "codser": "5" }, "geometry": { "type": "MultiPolygon", "coordinates": [ [ [ [ -60.492578339185656, -31.738853597414767 ], [ -60.492596920754245, -31.738945221519355 ], [ -60.492714551839782, -31.738928570295904 ], [ -60.492670516122956, -31.738695984310542 ], [ -60.492549699622863, -31.738712377838866 ], [ -60.492578339185656, -31.738853597414767 ] ] ] ] } },
{ "type": "Feature", "properties": { "ncp": "0080170006046", "sec": 8.0, "gru": 17.0, "manz": 6.0, "parc": 46.0, "nropasd": 86711, "zona": 5, "estado": "B", "uf": 0, "ubipar1": "ROQUE SAENZ PEï¿½A         1483", "desdes": "BALDIO", "dessde": "LOTE.-", "supter": 260.0, "parprov": 228131.0, "planome": 167498.0, "codser": "5" }, "geometry": { "type": "MultiPolygon", "coordinates": [ [ [ [ -60.492311914825351, -31.738894152125685 ], [ -60.492330334880165, -31.738982957557791 ], [ -60.492596920754245, -31.738945221519355 ], [ -60.492578339185656, -31.738853597414767 ], [ -60.492446124480352, -31.738874027553404 ], [ -60.492311914825351, -31.738894152125685 ] ] ] ] } },
{ "type": "Feature", "properties": { "ncp": "0080170006047", "sec": 8.0, "gru": 17.0, "manz": 6.0, "parc": 47.0, "nropasd": 86712, "zona": 5, "estado": "B", "uf": 0, "ubipar1": "ROQUE SAENZ PEï¿½A         1465", "desdes": "BALDIO", "dessde": null, "supter": 360.0, "parprov": 228107.0, "planome": 167499.0, "codser": "5" }, "geometry": { "type": "MultiPolygon", "coordinates": [ [ [ [ -60.492350305060292, -31.739071540555006 ], [ -60.492731071552903, -31.73901764362234 ], [ -60.492714551839782, -31.738928570295904 ], [ -60.492596920754245, -31.738945221519355 ], [ -60.492330334880165, -31.738982957557791 ], [ -60.492350305060292, -31.739071540555006 ] ] ] ] } },
{ "type": "Feature", "properties": { "ncp": "0080170006049", "sec": 8.0, "gru": 17.0, "manz": 6.0, "parc": 49.0, "nropasd": 89491, "zona": 5, "estado": "E", "uf": 0, "ubipar1": "AVDA. BLAS PARERA        1456", "desdes": "VIVIENDA FAMILIAR", "dessde": null, "supter": 460.5, "parprov": 23774.0, "planome": 180168.0, "codser": "5" }, "geometry": { "type": "MultiPolygon", "coordinates": [ [ [ [ -60.493371874433066, -31.739018349281292 ], [ -60.493355024568373, -31.738929321485976 ], [ -60.492970863101604, -31.738983700887832 ], [ -60.492851125653722, -31.73900064989385 ], [ -60.492867975051212, -31.739089677759566 ], [ -60.493371874433066, -31.739018349281292 ] ] ] ] } },
{ "type": "Feature", "properties": { "ncp": "0080170006048", "sec": 8.0, "gru": 17.0, "manz": 6.0, "parc": 48.0, "nropasd": 82852, "zona": 5, "estado": "E", "uf": 0, "ubipar1": "ROQUE SAENZ PEï¿½A         1457", "desdes": "VIVIENDA FAMILIAR", "dessde": null, "supter": 460.0, "parprov": 211881.0, "planome": 148821.0, "codser": "5" }, "geometry": { "type": "MultiPolygon", "coordinates": [ [ [ [ -60.492370275327261, -31.739160132565743 ], [ -60.492867975051212, -31.739089677759566 ], [ -60.492851125653722, -31.73900064989385 ], [ -60.492731071552903, -31.73901764362234 ], [ -60.492350305060292, -31.739071540555006 ], [ -60.492370275327261, -31.739160132565743 ] ] ] ] } },
{ "type": "Feature", "properties": { "ncp": "0080170009029", "sec": 8.0, "gru": 17.0, "manz": 9.0, "parc": 29.0, "nropasd": 90623, "zona": 5, "estado": "E", "uf": 0, "ubipar1": null, "desdes": "(3100) PARANA", "dessde": "VIVIENDA FAMILIAR", "supter": 2012.0, "parprov": 0.0, "planome": 244427.0, "codser": "0" }, "geometry": { "type": "MultiPolygon", "coordinates": [ [ [ [ -60.491858026507145, -31.739792498513694 ], [ -60.491756722080424, -31.739805145491072 ], [ -60.491783238556962, -31.739944386856717 ], [ -60.491800017966845, -31.74003430795003 ], [ -60.491836140804338, -31.740220616918148 ], [ -60.491938760237943, -31.740206547448004 ], [ -60.491858026507145, -31.739792498513694 ] ] ] ] } },
{ "type": "Feature", "properties": { "ncp": "0080400011055", "sec": 8.0, "gru": 40.0, "manz": 11.0, "parc": 55.0, "nropasd": 87366, "zona": 4, "estado": "E", "uf": 0, "ubipar1": "JOSE MILLAN               160", "desdes": "VIVIENDA FAMILIAR", "dessde": null, "supter": 254.0, "parprov": 230542.0, "planome": 170787.0, "codser": "5" }, "geometry": { "type": "MultiPolygon", "coordinates": [ [ [ [ -60.514156842437586, -31.735302499512724 ], [ -60.514168014448934, -31.735345905179063 ], [ -60.514208429943032, -31.735525452131789 ], [ -60.514248070866223, -31.735696560952725 ], [ -60.514320717057892, -31.735689609322741 ], [ -60.514351187908247, -31.735686695613026 ], [ -60.514325869405603, -31.735575418272738 ], [ -60.514311117728688, -31.735508967225503 ], [ -60.51422641640918, -31.735522565817561 ], [ -60.514174717321609, -31.735300434332075 ], [ -60.514156842437586, -31.735302499512724 ] ] ] ] } },
{ "type": "Feature", "properties": { "ncp": "0080400019071", "sec": 8.0, "gru": 40.0, "manz": 19.0, "parc": 71.0, "nropasd": 89496, "zona": 4, "estado": "B", "uf": 0, "ubipar1": "BRASIL                   1268", "desdes": "BALDIO", "dessde": "LOTE.-", "supter": 188.06, "parprov": 237503.0, "planome": 180163.0, "codser": "5" }, "geometry": { "type": "MultiPolygon", "coordinates": [ [ [ [ -60.515405037959141, -31.737264897526266 ], [ -60.515619062497052, -31.737233802100871 ], [ -60.51566916610939, -31.737228062080195 ], [ -60.515653498202788, -31.73715997331869 ], [ -60.515390958776877, -31.737196071925176 ], [ -60.515405037959141, -31.737264897526266 ] ] ] ] } },
{ "type": "Feature", "properties": { "ncp": "0001680006044", "sec": 14.0, "gru": 168.0, "manz": 6.0, "parc": 44.0, "nropasd": null, "zona": null, "estado": null, "uf": null, "ubipar1": null, "desdes": null, "dessde": null, "supter": null, "parprov": null, "planome": null, "codser": null }, "geometry": { "type": "MultiPolygon", "coordinates": [ [ [ [ -60.464928426866749, -31.75252465041595 ], [ -60.465008466789307, -31.752900862091039 ], [ -60.465112308027834, -31.752884731875309 ], [ -60.465032267700941, -31.752508520268357 ], [ -60.464928426866749, -31.75252465041595 ] ] ] ] } },
{ "type": "Feature", "properties": { "ncp": "0080590005027", "sec": 8.0, "gru": 59.0, "manz": 5.0, "parc": 27.0, "nropasd": 86750, "zona": 4, "estado": "B", "uf": 0, "ubipar1": "JUAN BAUTISTA AZOPARDO    471", "desdes": "BALDIO", "dessde": null, "supter": 300.0, "parprov": 228234.0, "planome": 167780.0, "codser": "5" }, "geometry": { "type": "MultiPolygon", "coordinates": [ [ [ [ -60.507118978284289, -31.72558809698484 ], [ -60.507150219434102, -31.725707999056475 ], [ -60.507184509838957, -31.725851120474907 ], [ -60.507290949061534, -31.725833166728936 ], [ -60.507237726457419, -31.725569505764778 ], [ -60.507118978284289, -31.72558809698484 ] ] ] ] } },
{ "type": "Feature", "properties": { "ncp": "0080590020024", "sec": 8.0, "gru": 59.0, "manz": 20.0, "parc": 24.0, "nropasd": 87870, "zona": 4, "estado": "E", "uf": 0, "ubipar1": "SABA Z.HERNANDEZ         2260", "desdes": "VIVIENDA FAMILIAR", "dessde": null, "supter": 324.2, "parprov": 231474.0, "planome": 172181.0, "codser": "5" }, "geometry": { "type": "MultiPolygon", "coordinates": [ [ [ [ -60.506638069004566, -31.728735215072831 ], [ -60.50697618360536, -31.728680526714346 ], [ -60.506956338150886, -31.728595237594231 ], [ -60.506619267713781, -31.728646440304679 ], [ -60.506638069004566, -31.728735215072831 ] ] ] ] } },
{ "type": "Feature", "properties": { "ncp": "0080670001019", "sec": 8.0, "gru": 67.0, "manz": 1.0, "parc": 19.0, "nropasd": 82291, "zona": 5, "estado": "B", "uf": 0, "ubipar1": "AYACUCHO                 1696", "desdes": "BALDIO", "dessde": null, "supter": 1176.6, "parprov": 209953.0, "planome": 146652.0, "codser": "5" }, "geometry": { "type": "MultiPolygon", "coordinates": [ [ [ [ -60.504482740373888, -31.735409536350712 ], [ -60.504460933305687, -31.735272154833936 ], [ -60.504418900505186, -31.735049656306874 ], [ -60.50438187529511, -31.735038529805117 ], [ -60.50404551597773, -31.735281626379205 ], [ -60.504211486317431, -31.735457406340572 ], [ -60.50421060272275, -31.735452079947756 ], [ -60.504482740373888, -31.735409536350712 ] ] ] ] } },
{ "type": "Feature", "properties": { "ncp": "0070080022024", "sec": 7.0, "gru": 8.0, "manz": 22.0, "parc": 24.0, "nropasd": 42329, "zona": 6, "estado": "E", "uf": 0, "ubipar1": "OSCAR NERIS ARAGï¿½N       4291", "desdes": "VIVIENDA FAMILIAR", "dessde": null, "supter": 34.8, "parprov": 274434.0, "planome": 221252.0, "codser": "5" }, "geometry": { "type": "MultiPolygon", "coordinates": [ [ [ [ -60.519756937000423, -31.760833853252926 ], [ -60.519783346536755, -31.760881041971476 ], [ -60.519840481595409, -31.760857699699908 ], [ -60.519814072037036, -31.760810510993291 ], [ -60.519756937000423, -31.760833853252926 ] ] ] ] } },
{ "type": "Feature", "properties": { "ncp": "0080680001071", "sec": 8.0, "gru": 68.0, "manz": 1.0, "parc": 71.0, "nropasd": 85692, "zona": 6, "estado": "B", "uf": 0, "ubipar1": "FRATERNIDAD              1008", "desdes": "BALDIO", "dessde": null, "supter": 24692.14, "parprov": 224966.0, "planome": 162836.0, "codser": "5" }, "geometry": { "type": "MultiPolygon", "coordinates": [ [ [ [ -60.501606833874895, -31.730938956984513 ], [ -60.501179773884203, -31.730349108290213 ], [ -60.49976902675197, -31.730587470036745 ], [ -60.499896632176629, -31.731196600736663 ], [ -60.501606833874895, -31.730938956984513 ] ] ] ] } },
{ "type": "Feature", "properties": { "ncp": "0080790011033", "sec": 8.0, "gru": 79.0, "manz": 11.0, "parc": 33.0, "nropasd": 90195, "zona": 5, "estado": "E", "uf": 0, "ubipar1": "GUILLERMO BONAPARTE      1216", "desdes": "VIVIENDA FAMILIAR", "dessde": null, "supter": 250.3, "parprov": 241880.0, "planome": 185680.0, "codser": "3" }, "geometry": { "type": "MultiPolygon", "coordinates": [ [ [ [ -60.497762356890838, -31.732715694810256 ], [ -60.497740883042511, -31.732607079514217 ], [ -60.497720280408991, -31.732493644967626 ], [ -60.497611884151524, -31.732510418619658 ], [ -60.497656194490659, -31.732731918671224 ], [ -60.497762356890838, -31.732715694810256 ] ] ] ] } },
{ "type": "Feature", "properties": { "ncp": "0080790011034", "sec": 8.0, "gru": 79.0, "manz": 11.0, "parc": 34.0, "nropasd": 92314, "zona": 5, "estado": "E", "uf": 0, "ubipar1": "RAUL HUMBERTO ZACCARO    1943", "desdes": "VIVIENDA FAMILIAR", "dessde": null, "supter": 265.63, "parprov": 1.0, "planome": 1.0, "codser": "5" }, "geometry": { "type": "MultiPolygon", "coordinates": [ [ [ [ -60.496776940394554, -31.732854536244286 ], [ -60.496894567368102, -31.732839188300169 ], [ -60.497023870243019, -31.732822856801221 ], [ -60.497006812029589, -31.732776270970756 ], [ -60.49699719752023, -31.732724046228657 ], [ -60.496757366661157, -31.732759693536021 ], [ -60.496776940394554, -31.732854536244286 ] ] ] ] } },
{ "type": "Feature", "properties": { "ncp": "0090110007049", "sec": 9.0, "gru": 11.0, "manz": 7.0, "parc": 49.0, "nropasd": null, "zona": null, "estado": null, "uf": null, "ubipar1": null, "desdes": null, "dessde": null, "supter": null, "parprov": null, "planome": null, "codser": null }, "geometry": { "type": "MultiPolygon", "coordinates": [ [ [ [ -60.50139659417237, -31.762500447393002 ], [ -60.501377835351327, -31.762409363709697 ], [ -60.500817220099144, -31.762499612426037 ], [ -60.500837402040091, -31.762590760449303 ], [ -60.50139659417237, -31.762500447393002 ] ] ] ] } },
{ "type": "Feature", "properties": { "ncp": "0090130004025", "sec": 9.0, "gru": 13.0, "manz": 4.0, "parc": 25.0, "nropasd": 82465, "zona": 4, "estado": "B", "uf": 2, "ubipar1": "GDOR. JOSE FCO. ANTELO    846", "desdes": "BALDIO", "dessde": null, "supter": 486.0, "parprov": 1.0, "planome": 1.0, "codser": "5" }, "geometry": { "type": "MultiPolygon", "coordinates": [ [ [ [ -60.492449934189906, -31.757422886368218 ], [ -60.493008636694327, -31.757339163206705 ], [ -60.492993998638681, -31.757265783019996 ], [ -60.492433658390574, -31.757347104532862 ], [ -60.492449934189906, -31.757422886368218 ] ] ] ] } },
{ "type": "Feature", "properties": { "ncp": "0090130020032", "sec": 9.0, "gru": 13.0, "manz": 20.0, "parc": 32.0, "nropasd": 84332, "zona": 5, "estado": "B", "uf": 2, "ubipar1": "GDOR. JOSE FCO. ANTELO   1149", "desdes": "BALDIO", "dessde": null, "supter": 224.99, "parprov": 220424.0, "planome": 156182.0, "codser": "5" }, "geometry": { "type": "MultiPolygon", "coordinates": [ [ [ [ -60.4927959851697, -31.761073872936763 ], [ -60.49281106153596, -31.761148207354108 ], [ -60.492874756620658, -31.761143027882031 ], [ -60.492910162463694, -31.761137669247109 ], [ -60.493072074282964, -31.761114460628505 ], [ -60.493053613412705, -31.761034899654579 ], [ -60.4927959851697, -31.761073872936763 ] ] ] ] } },
{ "type": "Feature", "properties": { "ncp": "0090150009024", "sec": 9.0, "gru": 15.0, "manz": 9.0, "parc": 24.0, "nropasd": 90654, "zona": 5, "estado": "B", "uf": 2, "ubipar1": "REGIS MARTINEZ           1956", "desdes": "BALDIO", "dessde": "LOTE.-", "supter": 230.16, "parprov": 1.0, "planome": 189259.0, "codser": "5" }, "geometry": { "type": "MultiPolygon", "coordinates": [ [ [ [ -60.492791901591779, -31.75009873654631 ], [ -60.49283956815983, -31.750300004833242 ], [ -60.492943198045481, -31.750284697132695 ], [ -60.49290135570012, -31.750081882003848 ], [ -60.492791901591779, -31.75009873654631 ] ] ] ] } },
{ "type": "Feature", "properties": { "ncp": "0090660001041", "sec": 9.0, "gru": 66.0, "manz": 1.0, "parc": 41.0, "nropasd": 89318, "zona": 6, "estado": "B", "uf": 2, "ubipar1": "LOS JAZMINES             2665", "desdes": "BALDIO", "dessde": "LOTE.-", "supter": 255.2, "parprov": 1.0, "planome": 178752.0, "codser": "5" }, "geometry": { "type": "MultiPolygon", "coordinates": [ [ [ [ -60.486459811072955, -31.764069849799313 ], [ -60.486417304833147, -31.763846121883919 ], [ -60.48631019703403, -31.763862348458421 ], [ -60.486354356209439, -31.764087297219081 ], [ -60.486459811072955, -31.764069849799313 ] ] ] ] } },
{ "type": "Feature", "properties": { "ncp": "0090660001040", "sec": 9.0, "gru": 66.0, "manz": 1.0, "parc": 40.0, "nropasd": 89739, "zona": 6, "estado": "B", "uf": 2, "ubipar1": "LAS AZALEAS              1226", "desdes": "BALDIO", "dessde": "LOTE.-", "supter": 333.92, "parprov": 1.0, "planome": 182226.0, "codser": "5" }, "geometry": { "type": "MultiPolygon", "coordinates": [ [ [ [ -60.485951572240879, -31.763200917628321 ], [ -60.485966854130588, -31.763272665408451 ], [ -60.486042341007156, -31.763261302832255 ], [ -60.486328709824846, -31.763218697115931 ], [ -60.486314939313921, -31.763144549333315 ], [ -60.486267828462324, -31.763151857593176 ], [ -60.486053393855805, -31.763185122387561 ], [ -60.485951572240879, -31.763200917628321 ] ] ] ] } },
{ "type": "Feature", "properties": { "ncp": "0090660001039", "sec": 9.0, "gru": 66.0, "manz": 1.0, "parc": 39.0, "nropasd": 89908, "zona": 6, "estado": "B", "uf": 1, "ubipar1": null, "desdes": "(3100) PARANA", "dessde": "BALDIO", "supter": 2011.0, "parprov": 0.0, "planome": 1.0, "codser": "0" }, "geometry": { "type": "MultiPolygon", "coordinates": [ [ [ [ -60.486372588915359, -31.763136272013153 ], [ -60.486330812178871, -31.762909839228648 ], [ -60.486221888562817, -31.762925769717047 ], [ -60.486267828462324, -31.763151857593176 ], [ -60.486372588915359, -31.763136272013153 ] ] ] ] } },
{ "type": "Feature", "properties": { "ncp": "0090660002044", "sec": 9.0, "gru": 66.0, "manz": 2.0, "parc": 44.0, "nropasd": 90188, "zona": 6, "estado": "B", "uf": 2, "ubipar1": "LAS FRESIAS              1270", "desdes": "BALDIO", "dessde": "LOTE.-", "supter": 351.5, "parprov": 1.0, "planome": 185305.0, "codser": "5" }, "geometry": { "type": "MultiPolygon", "coordinates": [ [ [ [ -60.485536456249015, -31.763797364468441 ], [ -60.485352590545133, -31.763824218469917 ], [ -60.48517433266273, -31.763850031934847 ], [ -60.485192639182145, -31.763939191500427 ], [ -60.485556908062165, -31.763887371265387 ], [ -60.485536456249015, -31.763797364468441 ] ] ] ] } },
{ "type": "Feature", "properties": { "ncp": "0090660002043", "sec": 9.0, "gru": 66.0, "manz": 2.0, "parc": 43.0, "nropasd": 89725, "zona": 6, "estado": "E", "uf": 2, "ubipar1": "LAS FRESIAS              1262", "desdes": "VIVIENDA FAMILIAR", "dessde": null, "supter": 350.0, "parprov": 1.0, "planome": 182190.0, "codser": "5" }, "geometry": { "type": "MultiPolygon", "coordinates": [ [ [ [ -60.485536456249015, -31.763797364468441 ], [ -60.485520364946815, -31.76370754847073 ], [ -60.48547553865351, -31.763714275681796 ], [ -60.485156136124694, -31.763761407840462 ], [ -60.48517433266273, -31.763850031934847 ], [ -60.485352590545133, -31.763824218469917 ], [ -60.485536456249015, -31.763797364468441 ] ] ] ] } },
{ "type": "Feature", "properties": { "ncp": "0090660008027", "sec": 9.0, "gru": 66.0, "manz": 8.0, "parc": 27.0, "nropasd": 84941, "zona": 6, "estado": "B", "uf": 1, "ubipar1": "LAS AZALEAS              1325", "desdes": "BALDIO", "dessde": null, "supter": 351.5, "parprov": 1.0, "planome": 160160.0, "codser": "5" }, "geometry": { "type": "MultiPolygon", "coordinates": [ [ [ [ -60.486082436863569, -31.764589081409312 ], [ -60.486062917832349, -31.764497925815562 ], [ -60.485957763840879, -31.764514311718514 ], [ -60.485847232583026, -31.764531535448821 ], [ -60.485743389497614, -31.764547716889709 ], [ -60.485695347278856, -31.764554919511916 ], [ -60.485716368019105, -31.764644362614167 ], [ -60.486082436863569, -31.764589081409312 ] ] ] ] } },
{ "type": "Feature", "properties": { "ncp": "0090660015027", "sec": 9.0, "gru": 66.0, "manz": 15.0, "parc": 27.0, "nropasd": 89970, "zona": 6, "estado": "B", "uf": 2, "ubipar1": "LAS FRESIAS              1471", "desdes": "BALDIO", "dessde": "LOTE.-", "supter": 351.5, "parprov": 1.0, "planome": 183375.0, "codser": "5" }, "geometry": { "type": "MultiPolygon", "coordinates": [ [ [ [ -60.485291908840878, -31.766227261499655 ], [ -60.485398944593555, -31.766211163391812 ], [ -60.485508629856952, -31.766194667743527 ], [ -60.485489134940394, -31.766106259736421 ], [ -60.485124127281736, -31.766165659490611 ], [ -60.485142922353383, -31.766249666478643 ], [ -60.485187908120629, -31.766242903049232 ], [ -60.485291908840878, -31.766227261499655 ] ] ] ] } },
{ "type": "Feature", "properties": { "ncp": "0090670008017", "sec": 9.0, "gru": 67.0, "manz": 8.0, "parc": 17.0, "nropasd": 88352, "zona": 6, "estado": "B", "uf": 2, "ubipar1": "MARCELINO M.ROMAN        2675", "desdes": "BALDIO", "dessde": "LOTE.-", "supter": 336.55, "parprov": 1.0, "planome": 174413.0, "codser": "5" }, "geometry": { "type": "MultiPolygon", "coordinates": [ [ [ [ -60.485603333537654, -31.761418265697152 ], [ -60.485534917934572, -31.761105063155398 ], [ -60.485436556140669, -31.761120763372713 ], [ -60.485476337314935, -31.761302854475289 ], [ -60.485504900862416, -31.761433598462972 ], [ -60.485603333537654, -31.761418265697152 ] ] ] ] } },
{ "type": "Feature", "properties": { "ncp": "0090920015034", "sec": 9.0, "gru": 92.0, "manz": 15.0, "parc": 34.0, "nropasd": 90321, "zona": 6, "estado": "E", "uf": 2, "ubipar1": "CARMEN SEGOVIA GARCIA ESC2563", "desdes": "VIVIENDA FAMILIAR", "dessde": null, "supter": 324.5, "parprov": 243540.0, "planome": 187829.0, "codser": "1" }, "geometry": { "type": "MultiPolygon", "coordinates": [ [ [ [ -60.49100698746031, -31.780583542302267 ], [ -60.491027515923719, -31.780674258365931 ], [ -60.491051543574784, -31.780780437235407 ], [ -60.491156191018, -31.780764525166116 ], [ -60.491091913869241, -31.780476509853951 ], [ -60.490986464627497, -31.780492850932895 ], [ -60.49100698746031, -31.780583542302267 ] ] ] ] } },
{ "type": "Feature", "properties": { "ncp": "0090950003037", "sec": 9.0, "gru": 95.0, "manz": 3.0, "parc": 37.0, "nropasd": 88518, "zona": 7, "estado": "E", "uf": 2, "ubipar1": "MIGUEL DAVID             3264", "desdes": "VIVIENDA FAMILIAR", "dessde": null, "supter": 468.78, "parprov": 233884.0, "planome": 175438.0, "codser": "1" }, "geometry": { "type": "MultiPolygon", "coordinates": [ [ [ [ -60.479775323452287, -31.774370696758126 ], [ -60.479779294694822, -31.774371414014066 ], [ -60.479785007880444, -31.774374130902661 ], [ -60.479790158987306, -31.774377882544442 ], [ -60.479795163085008, -31.774382708350782 ], [ -60.479800413863344, -31.774386317155358 ], [ -60.479821563617335, -31.774404126082786 ], [ -60.479829252908424, -31.774408244420318 ], [ -60.479834190087729, -31.77441167986203 ], [ -60.479839935839848, -31.774415087486318 ], [ -60.479849641624483, -31.774422925893724 ], [ -60.479853568483627, -31.77442782831956 ], [ -60.479859618047456, -31.774430248458877 ], [ -60.479873580832816, -31.774434292023553 ], [ -60.479880640533956, -31.774437469114758 ], [ -60.479891619582105, -31.774441527666973 ], [ -60.479785080585806, -31.773935830128298 ], [ -60.479693936027346, -31.773949512422359 ], [ -60.479775323452287, -31.774370696758126 ] ] ] ] } },
{ "type": "Feature", "properties": { "ncp": "0090950015031", "sec": 9.0, "gru": 95.0, "manz": 15.0, "parc": 31.0, "nropasd": 89257, "zona": 6, "estado": "B", "uf": 2, "ubipar1": "AVDA. JORGE NEWBERY      3267", "desdes": "BALDIO", "dessde": "LOTE.-", "supter": 329.4, "parprov": 236352.0, "planome": 178597.0, "codser": "1" }, "geometry": { "type": "MultiPolygon", "coordinates": [ [ [ [ -60.480587276834385, -31.778601724235873 ], [ -60.480680936362518, -31.778586463397403 ], [ -60.480650405523193, -31.778443754582224 ], [ -60.48062778907375, -31.778337080381068 ], [ -60.480619797998379, -31.778310695709511 ], [ -60.480611732523307, -31.77826968330729 ], [ -60.48052198239354, -31.778282613038456 ], [ -60.480587276834385, -31.778601724235873 ] ] ] ] } },
{ "type": "Feature", "properties": { "ncp": "0090960003031", "sec": 9.0, "gru": 96.0, "manz": 3.0, "parc": 31.0, "nropasd": 87761, "zona": 6, "estado": "B", "uf": 0, "ubipar1": "SDO.AER. HECTOR BORDON   1724", "desdes": "BALDIO", "dessde": "LOTE.-", "supter": 372.0, "parprov": 197705.0, "planome": 171123.0, "codser": "1" }, "geometry": { "type": "MultiPolygon", "coordinates": [ [ [ [ -60.477244476786808, -31.771248501923278 ], [ -60.47692228123762, -31.771297781138642 ], [ -60.476944605514809, -31.771404307002538 ], [ -60.477266846128593, -31.771355020904764 ], [ -60.477244476786808, -31.771248501923278 ] ] ] ] } },
{ "type": "Feature", "properties": { "ncp": "0090960004037", "sec": 9.0, "gru": 96.0, "manz": 4.0, "parc": 37.0, "nropasd": 86456, "zona": 6, "estado": "B", "uf": 2, "ubipar1": "SDO.AER. HECTOR BORDON   1854", "desdes": "BALDIO", "dessde": null, "supter": 600.0, "parprov": 227209.0, "planome": 166419.0, "codser": "1" }, "geometry": { "type": "MultiPolygon", "coordinates": [ [ [ [ -60.477794366753905, -31.772547725503546 ], [ -60.477772205149527, -31.77244117481542 ], [ -60.477647509674718, -31.772460247158083 ], [ -60.477200519867118, -31.772528613791998 ], [ -60.477222844782155, -31.772635139604851 ], [ -60.477669671145492, -31.772566797889052 ], [ -60.477794366753905, -31.772547725503546 ] ] ] ] } },
{ "type": "Feature", "properties": { "ncp": "0090980010024", "sec": 9.0, "gru": 98.0, "manz": 10.0, "parc": 24.0, "nropasd": 83698, "zona": 6, "estado": "B", "uf": 2, "ubipar1": "SALVADOR CAPUTTO         1117", "desdes": "BALDIO", "dessde": null, "supter": 287.0, "parprov": 24568.0, "planome": 153062.0, "codser": "1" }, "geometry": { "type": "MultiPolygon", "coordinates": [ [ [ [ -60.480316681545176, -31.762199148957801 ], [ -60.480631100920796, -31.762146910300732 ], [ -60.480614122979816, -31.762064852855097 ], [ -60.48029966756566, -31.762114097220266 ], [ -60.480316681545176, -31.762199148957801 ] ] ] ] } },
{ "type": "Feature", "properties": { "ncp": "0120540001039", "sec": 12.0, "gru": 54.0, "manz": 1.0, "parc": 39.0, "nropasd": 54641, "zona": 7, "estado": "E", "uf": 0, "ubipar1": "JUAN ROMUALDO BAEZ       1450", "desdes": "VIVIENDA FAMILIAR", "dessde": null, "supter": 5508.5, "parprov": 237414.0, "planome": 179857.0, "codser": "1" }, "geometry": { "type": "MultiPolygon", "coordinates": [ [ [ [ -60.542366846068056, -31.768252336904425 ], [ -60.54230317250066, -31.767941384722619 ], [ -60.542614260874473, -31.767890736834126 ], [ -60.542492028424149, -31.767294141304802 ], [ -60.542226571319766, -31.767492872951294 ], [ -60.542080238873837, -31.767651052530201 ], [ -60.541913046964673, -31.767960599346416 ], [ -60.541806548701814, -31.768091447896612 ], [ -60.54173813464223, -31.768238819264177 ], [ -60.541592817388121, -31.768378351968 ], [ -60.542366846068056, -31.768252336904425 ] ] ] ] } },
{ "type": "Feature", "properties": { "ncp": "0121560001029", "sec": 12.0, "gru": 156.0, "manz": 1.0, "parc": 29.0, "nropasd": 55167, "zona": 6, "estado": "B", "uf": 0, "ubipar1": "RICARDO BALBIN           2214", "desdes": "BALDIO", "dessde": "LOTE.-", "supter": 500.0, "parprov": 247810.0, "planome": 193142.0, "codser": "1" }, "geometry": { "type": "MultiPolygon", "coordinates": [ [ [ [ -60.497447550970413, -31.786696470175805 ], [ -60.497352249449456, -31.786252965647993 ], [ -60.497248403434668, -31.786269246042202 ], [ -60.497343704478787, -31.786712750651478 ], [ -60.497447550970413, -31.786696470175805 ] ] ] ] } },
{ "type": "Feature", "properties": { "ncp": "0121560007034", "sec": 12.0, "gru": 156.0, "manz": 7.0, "parc": 34.0, "nropasd": 41460, "zona": 6, "estado": "E", "uf": 0, "ubipar1": "CALLE 893                3339", "desdes": "VIVIENDA FAMILIAR", "dessde": null, "supter": 580.0, "parprov": 270449.0, "planome": 216575.0, "codser": "1" }, "geometry": { "type": "MultiPolygon", "coordinates": [ [ [ [ -60.496480013410263, -31.788268753105893 ], [ -60.49708233354054, -31.788174329169127 ], [ -60.497063273186228, -31.788085628237912 ], [ -60.496460953609173, -31.788180052080119 ], [ -60.496480013410263, -31.788268753105893 ] ] ] ] } },
{ "type": "Feature", "properties": { "ncp": "0121560007035", "sec": 12.0, "gru": 156.0, "manz": 7.0, "parc": 35.0, "nropasd": 54317, "zona": 6, "estado": "E", "uf": 0, "ubipar1": "CALLE 893                3421", "desdes": "VIVIENDA FAMILIAR", "dessde": null, "supter": 580.0, "parprov": 230973.0, "planome": 171417.0, "codser": "1" }, "geometry": { "type": "MultiPolygon", "coordinates": [ [ [ [ -60.496613433069037, -31.78888966016148 ], [ -60.496632493170502, -31.788978361151596 ], [ -60.497234817726657, -31.788883936458664 ], [ -60.497215757071956, -31.788795235563096 ], [ -60.496613433069037, -31.78888966016148 ] ] ] ] } },
{ "type": "Feature", "properties": { "ncp": "0122260001070", "sec": 12.0, "gru": 226.0, "manz": 1.0, "parc": 70.0, "nropasd": 40579, "zona": 7, "estado": "E", "uf": 0, "ubipar1": "GRAL. JOSE G. ARTIGAS    4106", "desdes": "VIVIENDA FAMILIAR", "dessde": null, "supter": 311.19, "parprov": 274347.0, "planome": 221951.0, "codser": "1" }, "geometry": { "type": "MultiPolygon", "coordinates": [ [ [ [ -60.517318071624253, -31.793696753112165 ], [ -60.517337186822097, -31.793785445328098 ], [ -60.517654950356508, -31.793735487136669 ], [ -60.517635834866894, -31.793646794970854 ], [ -60.517318071624253, -31.793696753112165 ] ] ] ] } },
{ "type": "Feature", "properties": { "ncp": "0131660003018", "sec": 13.0, "gru": 166.0, "manz": 3.0, "parc": 18.0, "nropasd": 43224, "zona": 6, "estado": "E", "uf": 0, "ubipar1": "PROF.J. A. CARPONI FLORES4033", "desdes": "VIVIENDA FAMILIAR", "dessde": null, "supter": 410.98, "parprov": 246958.0, "planome": 191757.0, "codser": "1" }, "geometry": { "type": "MultiPolygon", "coordinates": [ [ [ [ -60.465963825218253, -31.761978380644358 ], [ -60.466067757030196, -31.761962633231473 ], [ -60.465993265440325, -31.761603749265529 ], [ -60.465891905714649, -31.761620144167257 ], [ -60.465963825218253, -31.761978380644358 ] ] ] ] } },
{ "type": "Feature", "properties": { "ncp": "0131660009013", "sec": 13.0, "gru": 166.0, "manz": 9.0, "parc": 13.0, "nropasd": 43094, "zona": 6, "estado": "E", "uf": 0, "ubipar1": "ERNESTO J.IZZA           4071", "desdes": "VIVIENDA FAMILIAR", "dessde": null, "supter": 806.0, "parprov": 220759.0, "planome": 156564.0, "codser": "1" }, "geometry": { "type": "MultiPolygon", "coordinates": [ [ [ [ -60.465330441837743, -31.762952297120982 ], [ -60.465125840228211, -31.762987125743095 ], [ -60.465200381258519, -31.763341005293697 ], [ -60.465407904144584, -31.763307903277102 ], [ -60.465330441837743, -31.762952297120982 ] ] ] ] } },
{ "type": "Feature", "properties": { "ncp": "0141320005016", "sec": 14.0, "gru": 132.0, "manz": 5.0, "parc": 16.0, "nropasd": 47450, "zona": 6, "estado": "E", "uf": 0, "ubipar1": "FRANCIA                  3694", "desdes": "BALDIO", "dessde": null, "supter": 470.19, "parprov": 221340.0, "planome": 157460.0, "codser": "1" }, "geometry": { "type": "MultiPolygon", "coordinates": [ [ [ [ -60.468895383674003, -31.75551863795517 ], [ -60.468719602808243, -31.755545669883283 ], [ -60.468776876962202, -31.755817577762688 ], [ -60.468952658323147, -31.755790545751921 ], [ -60.468895383674003, -31.75551863795517 ] ] ] ] } },
{ "type": "Feature", "properties": { "ncp": "0141320012020", "sec": 14.0, "gru": 132.0, "manz": 12.0, "parc": 20.0, "nropasd": 47524, "zona": 6, "estado": "B", "uf": 0, "ubipar1": "POETA JOSE E. SERI       3772", "desdes": "BALDIO", "dessde": null, "supter": 372.0, "parprov": 230145.0, "planome": 170184.0, "codser": "1" }, "geometry": { "type": "MultiPolygon", "coordinates": [ [ [ [ -60.468130826690192, -31.756622500673917 ], [ -60.468190867631648, -31.756890888129327 ], [ -60.468309093760702, -31.756871579277284 ], [ -60.46824905249202, -31.756603191879968 ], [ -60.468130826690192, -31.756622500673917 ] ] ] ] } },
{ "type": "Feature", "properties": { "ncp": "0141680010047", "sec": 14.0, "gru": 168.0, "manz": 10.0, "parc": 47.0, "nropasd": 54856, "zona": 6, "estado": "B", "uf": 0, "ubipar1": "LAS ALVERJILLAS           617", "desdes": "BALDIO", "dessde": "LOTE.-", "supter": 470.0, "parprov": 201478.0, "planome": 55392.0, "codser": "1" }, "geometry": { "type": "MultiPolygon", "coordinates": [ [ [ [ -60.464420789670868, -31.75362166413321 ], [ -60.464177102925646, -31.753661144493204 ], [ -60.464216426112351, -31.753838354007886 ], [ -60.464460113303161, -31.753798873569504 ], [ -60.464420789670868, -31.75362166413321 ] ] ] ] } },
{ "type": "Feature", "properties": { "ncp": "0100050003027", "sec": 10.0, "gru": 5.0, "manz": 3.0, "parc": 27.0, "nropasd": 90683, "zona": 6, "estado": "E", "uf": 0, "ubipar1": "RAQUEL FORNER             459", "desdes": "VIVIENDA FAMILIAR", "dessde": null, "supter": 317.7, "parprov": 245130.0, "planome": 189684.0, "codser": "1" }, "geometry": { "type": "MultiPolygon", "coordinates": [ [ [ [ -60.55871880872639, -31.714723981000674 ], [ -60.55877445501617, -31.714990288329911 ], [ -60.558838281564022, -31.714960020117875 ], [ -60.558878280289093, -31.71489269307682 ], [ -60.558839186166928, -31.714705600702423 ], [ -60.55871880872639, -31.714723981000674 ] ] ] ] } },
{ "type": "Feature", "properties": { "ncp": "0121870001043", "sec": 12.0, "gru": 187.0, "manz": 1.0, "parc": 43.0, "nropasd": 54832, "zona": 7, "estado": "E", "uf": 0, "ubipar1": "AVDA. FCO.RAMIREZ        6681", "desdes": "VIVIENDA FAMILIAR", "dessde": null, "supter": 13482.26, "parprov": 241649.0, "planome": 184939.0, "codser": "1" }, "geometry": { "type": "MultiPolygon", "coordinates": [ [ [ [ -60.525838890518649, -31.786199941739451 ], [ -60.525422973021641, -31.786262504465689 ], [ -60.52568595397252, -31.787420934966264 ], [ -60.527427353626109, -31.787150966820043 ], [ -60.527308718568833, -31.786573606811597 ], [ -60.525966459981376, -31.786786571921162 ], [ -60.525838890518649, -31.786199941739451 ] ] ] ] } },
{ "type": "Feature", "properties": { "ncp": "0070080007029", "sec": 7.0, "gru": 8.0, "manz": 7.0, "parc": 29.0, "nropasd": 42384, "zona": 6, "estado": "E", "uf": 0, "ubipar1": "DIVISION LOS ANDES       1276", "desdes": "VIVIENDA FAMILIAR", "dessde": null, "supter": 324.43, "parprov": 274917.0, "planome": 221802.0, "codser": "5" }, "geometry": { "type": "MultiPolygon", "coordinates": [ [ [ [ -60.515587124507753, -31.758419458423699 ], [ -60.515929175906692, -31.758372954727051 ], [ -60.515912580655062, -31.758284921336056 ], [ -60.515569491154764, -31.758330698698625 ], [ -60.515587124507753, -31.758419458423699 ] ] ] ] } },
{ "type": "Feature", "properties": { "ncp": "0010000077084", "sec": 1.0, "gru": 0.0, "manz": 77.0, "parc": 84.0, "nropasd": 83923, "zona": 3, "estado": "E", "uf": 0, "ubipar1": "LA PAZ                    573", "desdes": "VIVIENDA FAMILIAR", "dessde": null, "supter": 614.19, "parprov": 228888.0, "planome": 168528.0, "codser": "5" }, "geometry": { "type": "MultiPolygon", "coordinates": [ [ [ [ -60.518974793544388, -31.730541896871536 ], [ -60.518962147603659, -31.730494353590785 ], [ -60.518903742578786, -31.730280361299769 ], [ -60.518811234811238, -31.730299044138878 ], [ -60.518865190158941, -31.730521844518631 ], [ -60.518829389940983, -31.730523834396397 ], [ -60.518826497138157, -31.730509526955515 ], [ -60.518791663548107, -31.730518565168662 ], [ -60.518770373923793, -31.730457363061383 ], [ -60.51859393052964, -31.730512195503575 ], [ -60.518662682216657, -31.730669918988823 ], [ -60.518688114238785, -31.730659872028269 ], [ -60.518764975743451, -31.730629507725439 ], [ -60.518757506515634, -31.730610436969087 ], [ -60.518974793544388, -31.730541896871536 ] ] ] ] } },
{ "type": "Feature", "properties": { "ncp": "0080430014049", "sec": 8.0, "gru": 43.0, "manz": 14.0, "parc": 49.0, "nropasd": 42433, "zona": 3, "estado": "E", "uf": 0, "ubipar1": "JUAN AMBROSETTI           236", "desdes": "VIVIENDA FAMILIAR", "dessde": null, "supter": 148.6, "parprov": 274644.0, "planome": 222232.0, "codser": "5" }, "geometry": { "type": "MultiPolygon", "coordinates": [ [ [ [ -60.51027585301, -31.721269276804168 ], [ -60.510197182311728, -31.721282037120112 ], [ -60.510235625932083, -31.721455815502203 ], [ -60.510316231902628, -31.72144265972933 ], [ -60.51027585301, -31.721269276804168 ] ] ] ] } },
{ "type": "Feature", "properties": { "ncp": "0090120012040", "sec": 9.0, "gru": 12.0, "manz": 12.0, "parc": 40.0, "nropasd": 42463, "zona": 5, "estado": "E", "uf": 0, "ubipar1": "GDOR. HERMINIO J. QUIROS 1127", "desdes": "VIVIENDA FAMILIAR", "dessde": null, "supter": 572.68, "parprov": 275377.0, "planome": 222951.0, "codser": "5" }, "geometry": { "type": "MultiPolygon", "coordinates": [ [ [ [ -60.497157322775251, -31.763839395734241 ], [ -60.497157321436084, -31.763839398098234 ], [ -60.496951205187564, -31.763868783630027 ], [ -60.496950938528293, -31.763868851743077 ], [ -60.497000522413991, -31.76412328869792 ], [ -60.49721098700595, -31.764093579852723 ], [ -60.497157322775251, -31.763839395734241 ] ] ] ] } },
{ "type": "Feature", "properties": { "ncp": "0090120012039", "sec": 9.0, "gru": 12.0, "manz": 12.0, "parc": 39.0, "nropasd": 42462, "zona": 5, "estado": "E", "uf": 0, "ubipar1": "DR. FRANCISCO MEDUS      1415", "desdes": "VIVIENDA FAMILIAR", "dessde": null, "supter": 338.49, "parprov": 275227.0, "planome": 222950.0, "codser": "5" }, "geometry": { "type": "MultiPolygon", "coordinates": [ [ [ [ -60.496950938528293, -31.763868851743077 ], [ -60.496951205187564, -31.763868783630027 ], [ -60.497157321436084, -31.763839398098234 ], [ -60.497157322775251, -31.763839395734241 ], [ -60.49713275175295, -31.763723012998593 ], [ -60.497082534232518, -31.763692564476074 ], [ -60.496921158728398, -31.763716037646116 ], [ -60.496950938528293, -31.763868851743077 ] ] ] ] } },
{ "type": "Feature", "properties": { "ncp": "0090660001042", "sec": 9.0, "gru": 66.0, "manz": 1.0, "parc": 42.0, "nropasd": 42509, "zona": 6, "estado": "B", "uf": 0, "ubipar1": "LOS JAZMINES             2651", "desdes": "BALDIO", "dessde": "LOTE.-", "supter": 253.51, "parprov": 275374.0, "planome": 223186.0, "codser": "5" }, "geometry": { "type": "MultiPolygon", "coordinates": [ [ [ [ -60.486563494042201, -31.764052688630496 ], [ -60.486521236148093, -31.763830311695099 ], [ -60.486417304833147, -31.763846121883919 ], [ -60.486459811072955, -31.764069849799313 ], [ -60.486563494042201, -31.764052688630496 ] ] ] ] } },
{ "type": "Feature", "properties": { "ncp": "0060500003023", "sec": 6.0, "gru": 50.0, "manz": 3.0, "parc": 23.0, "nropasd": 43521, "zona": 5, "estado": "E", "uf": 0, "ubipar1": "PROF. ATILIO C.YANCOVICH 2230", "desdes": "VIVIENDA FAMILIAR", "dessde": null, "supter": 288.05, "parprov": 278503.0, "planome": 224935.0, "codser": "5" }, "geometry": { "type": "MultiPolygon", "coordinates": [ [ [ [ -60.529891490476061, -31.74976646640792 ], [ -60.530006563850627, -31.750007101715784 ], [ -60.530101035057697, -31.749969175183313 ], [ -60.52999037888938, -31.749736239640271 ], [ -60.529891490476061, -31.74976646640792 ] ] ] ] } },
{ "type": "Feature", "properties": { "ncp": "0050170022030", "sec": 5.0, "gru": 17.0, "manz": 22.0, "parc": 30.0, "nropasd": 43564, "zona": 4, "estado": "E", "uf": 0, "ubipar1": "BOLIVIA                   279", "desdes": "VIVIENDA FAMILIAR", "dessde": null, "supter": 198.04, "parprov": 278025.0, "planome": 226549.0, "codser": "5" }, "geometry": { "type": "MultiPolygon", "coordinates": [ [ [ [ -60.547546078309907, -31.728489320705929 ], [ -60.547375247716126, -31.728597983875538 ], [ -60.547436003540035, -31.728658957931046 ], [ -60.547609614747927, -31.728563031952493 ], [ -60.547546078309907, -31.728489320705929 ] ] ] ] } },
{ "type": "Feature", "properties": { "ncp": "0080670006027", "sec": 8.0, "gru": 67.0, "manz": 6.0, "parc": 27.0, "nropasd": 43594, "zona": 5, "estado": "E", "uf": 0, "ubipar1": "JUAN LAVALLEJA           1626", "desdes": "VIVIENDA FAMILIAR", "dessde": null, "supter": 84.0, "parprov": 280250.0, "planome": 225429.0, "codser": "5" }, "geometry": { "type": "MultiPolygon", "coordinates": [ [ [ [ -60.499825516817083, -31.736272561038149 ], [ -60.499835687982738, -31.736334177389114 ], [ -60.499858037577646, -31.73633148278612 ], [ -60.499854781447233, -31.736309106289447 ], [ -60.499914340351204, -31.736301925486035 ], [ -60.4999127188524, -31.736292102590646 ], [ -60.499951444959841, -31.73628743993595 ], [ -60.49996131928792, -31.736216947845406 ], [ -60.499872765767869, -31.736233065459945 ], [ -60.499880129233226, -31.736262614186835 ], [ -60.499825516817083, -31.736272561038149 ] ] ] ] } },
{ "type": "Feature", "properties": { "ncp": "0091290001020", "sec": 9.0, "gru": 129.0, "manz": 1.0, "parc": 20.0, "nropasd": 43675, "zona": 7, "estado": "E", "uf": 0, "ubipar1": "MIGUEL DAVID             3647", "desdes": "VIVIENDA FAMILIAR", "dessde": null, "supter": 210.07, "parprov": 279044.0, "planome": 227716.0, "codser": "1" }, "geometry": { "type": "MultiPolygon", "coordinates": [ [ [ [ -60.47391241680608, -31.774616449100751 ], [ -60.473872462126593, -31.774447676764236 ], [ -60.473757514009634, -31.7744724593055 ], [ -60.473793546100531, -31.774635607916885 ], [ -60.47391241680608, -31.774616449100751 ] ] ] ] } },
{ "type": "Feature", "properties": { "ncp": "0140690001052", "sec": 14.0, "gru": 69.0, "manz": 1.0, "parc": 52.0, "nropasd": 43669, "zona": 7, "estado": "B", "uf": 0, "ubipar1": "ABEL BAZAN Y BUSTOS       597", "desdes": "BALDIO", "dessde": "LOTE.-", "supter": 1900.86, "parprov": 279080.0, "planome": 227760.0, "codser": "5" }, "geometry": { "type": "MultiPolygon", "coordinates": [ [ [ [ -60.479583471965562, -31.751064212919388 ], [ -60.478556124682115, -31.751212516846419 ], [ -60.478591486013343, -31.751380923403165 ], [ -60.479470220086704, -31.751243139440806 ], [ -60.479472040810464, -31.751238663488554 ], [ -60.479583471965562, -31.751064212919388 ] ] ] ] } },
{ "type": "Feature", "properties": { "ncp": "0157300001046", "sec": 15.0, "gru": 730.0, "manz": 1.0, "parc": 46.0, "nropasd": 43668, "zona": 5, "estado": "E", "uf": 0, "ubipar1": "JOSE RONDEAU             3991", "desdes": "VIVIENDA FAMILIAR", "dessde": null, "supter": 284.0, "parprov": 1.0, "planome": 1.0, "codser": "1" }, "geometry": { "type": "MultiPolygon", "coordinates": [ [ [ [ -60.493576866928557, -31.707611655578248 ], [ -60.493674679837689, -31.707594832928955 ], [ -60.493656162599073, -31.707392718804627 ], [ -60.493490805510888, -31.707433036089629 ], [ -60.493576866928557, -31.707611655578248 ] ] ] ] } },
{ "type": "Feature", "properties": { "ncp": "0090950017031", "sec": 9.0, "gru": 95.0, "manz": 17.0, "parc": 31.0, "nropasd": 44292, "zona": 6, "estado": "E", "uf": 0, "ubipar1": "AVDA. JORGE NEWBERY      3339", "desdes": "VIVIENDA FAMILIAR", "dessde": null, "supter": 1965.83, "parprov": 280827.0, "planome": 229437.0, "codser": "1" }, "geometry": { "type": "MultiPolygon", "coordinates": [ [ [ [ -60.479392052497424, -31.777867012091942 ], [ -60.479188643389726, -31.777903161739996 ], [ -60.479377633185685, -31.778781052524849 ], [ -60.4795846982001, -31.77874966324368 ], [ -60.479392052497424, -31.777867012091942 ] ] ] ] } },
{ "type": "Feature", "properties": { "ncp": "0040000004015", "sec": 4.0, "gru": 0.0, "manz": 4.0, "parc": 15.0, "nropasd": 92753, "zona": 4, "estado": "E", "uf": 0, "ubipar1": "AVDA. JOSE MANUEL ESTRADA1087", "desdes": "VIVIENDA FAMILIAR", "dessde": null, "supter": 404.19, "parprov": 262518.0, "planome": 207550.0, "codser": "5" }, "geometry": { "type": "MultiPolygon", "coordinates": [ [ [ [ -60.540180386071157, -31.716904535251039 ], [ -60.54023961036048, -31.716914592368713 ], [ -60.540242512695492, -31.716905669864992 ], [ -60.540342162903279, -31.716927983017978 ], [ -60.540333034855642, -31.716965826947341 ], [ -60.540529761423883, -31.717010629418944 ], [ -60.540595242585091, -31.716899538238192 ], [ -60.54045373499013, -31.716866644743703 ], [ -60.540393966451653, -31.71685188241371 ], [ -60.540209063403708, -31.716810216278724 ], [ -60.540180386071157, -31.716904535251039 ] ] ] ] } },
{ "type": "Feature", "properties": { "ncp": "0090740003140", "sec": 9.0, "gru": 74.0, "manz": 3.0, "parc": 140.0, "nropasd": 46355, "zona": 5, "estado": "E", "uf": 0, "ubipar1": "PROVINCIAS UNIDAS        1569", "desdes": "VIVIENDA FAMILIAR", "dessde": null, "supter": 721.38, "parprov": 1.0, "planome": 1.0, "codser": "5" }, "geometry": { "type": "MultiPolygon", "coordinates": [ [ [ [ -60.500001404678734, -31.759770748273453 ], [ -60.499977967714891, -31.759670736292811 ], [ -60.49986115137996, -31.759679507290617 ], [ -60.499800318117742, -31.759386294247083 ], [ -60.499665993468405, -31.759436487819546 ], [ -60.499743663549538, -31.759810856144906 ], [ -60.500001404678734, -31.759770748273453 ] ] ] ] } },
{ "type": "Feature", "properties": { "ncp": "0080800003028", "sec": 8.0, "gru": 80.0, "manz": 3.0, "parc": 28.0, "nropasd": 46360, "zona": 5, "estado": "E", "uf": 0, "ubipar1": "HERNANDO DE MAGALLANES   2239", "desdes": "VIVIENDA FAMILIAR", "dessde": null, "supter": 234.72, "parprov": 1.0, "planome": 1.0, "codser": "5" }, "geometry": { "type": "MultiPolygon", "coordinates": [ [ [ [ -60.493346989536008, -31.731094747866219 ], [ -60.49332632288052, -31.731000965722565 ], [ -60.49307579772038, -31.731040351228323 ], [ -60.493093775378554, -31.731135467972123 ], [ -60.493213676891649, -31.731116804392641 ], [ -60.493346989536008, -31.731094747866219 ] ] ] ] } },
{ "type": "Feature", "properties": { "ncp": "0080170006051", "sec": 8.0, "gru": 17.0, "manz": 6.0, "parc": 51.0, "nropasd": 44578, "zona": 5, "estado": "B", "uf": 0, "ubipar1": "ROQUE SAENZ PEï¿½A         1457", "desdes": "BALDIO", "dessde": "LOTE.-", "supter": 356.84, "parprov": 281163.0, "planome": 230137.0, "codser": "5" }, "geometry": { "type": "MultiPolygon", "coordinates": [ [ [ [ -60.493371874205977, -31.739018349313426 ], [ -60.492867975604646, -31.739089680683758 ], [ -60.492884824482104, -31.739178705621491 ], [ -60.493388724331155, -31.739107377072809 ], [ -60.493371874205977, -31.739018349313426 ] ] ] ] } },
{ "type": "Feature", "properties": { "ncp": "0090130010020", "sec": 9.0, "gru": 13.0, "manz": 10.0, "parc": 20.0, "nropasd": null, "zona": null, "estado": null, "uf": null, "ubipar1": null, "desdes": null, "dessde": null, "supter": null, "parprov": null, "planome": null, "codser": null }, "geometry": { "type": "MultiPolygon", "coordinates": [ [ [ [ -60.496432366906973, -31.759363376890867 ], [ -60.496269984577374, -31.759410391086007 ], [ -60.49630144203833, -31.759511860760615 ], [ -60.496477473903184, -31.759461734038499 ], [ -60.496457909541952, -31.759419080418169 ], [ -60.496432366906973, -31.759363376890867 ] ] ] ] } },
{ "type": "Feature", "properties": { "ncp": "0142510005027", "sec": 14.0, "gru": 251.0, "manz": 5.0, "parc": 27.0, "nropasd": null, "zona": null, "estado": null, "uf": null, "ubipar1": null, "desdes": null, "dessde": null, "supter": null, "parprov": null, "planome": null, "codser": null }, "geometry": { "type": "MultiPolygon", "coordinates": [ [ [ [ -60.453437156400895, -31.754556618962674 ], [ -60.453309973156436, -31.754575986746762 ], [ -60.453337751126362, -31.754709163466515 ], [ -60.453420877550883, -31.754696504779481 ], [ -60.453457082582325, -31.754652151043182 ], [ -60.453437156400895, -31.754556618962674 ] ] ] ] } }
]
}
