{
"type": "FeatureCollection",
"name": "espacios_verdes",
"crs": { "type": "name", "properties": { "name": "urn:ogc:def:crs:OGC:1.3:CRS84" } },
"features": [
{ "type": "Feature", "properties": { "fid": 1, "nombre": "Plaza Mafalda", "tipo": "PLAZA", "area": 1349 }, "geometry": { "type": "MultiPolygon", "coordinates": [ [ [ [ -60.523986287768011, -31.777980509222335 ], [ -60.524624705302713, -31.777937792061113 ], [ -60.524576298658985, -31.777711900642906 ], [ -60.523949727612944, -31.777809855405547 ], [ -60.523986287768011, -31.777980509222335 ] ] ] ] } },
{ "type": "Feature", "properties": { "fid": 2, "nombre": "Serv. de electroducto", "tipo": "ESPACIO VERDE", "area": 17 }, "geometry": { "type": "MultiPolygon", "coordinates": [ [ [ [ -60.511406099752435, -31.725961748480717 ], [ -60.511410320500111, -31.725994013424991 ], [ -60.511458555514842, -31.725989403758049 ], [ -60.511454334750709, -31.725957138815524 ], [ -60.511406099752435, -31.725961748480717 ] ] ] ] } },
{ "type": "Feature", "properties": { "fid": 3, "nombre": "sin nominar", "tipo": "RESERVA MUNICIPAL", "area": 5522 }, "geometry": { "type": "MultiPolygon", "coordinates": [ [ [ [ -60.532777742011262, -31.775052965089539 ], [ -60.532741813620056, -31.77509710829413 ], [ -60.532872383075961, -31.775721308251505 ], [ -60.532933010174858, -31.775737829567547 ], [ -60.533749389638253, -31.775053028627582 ], [ -60.534194274115769, -31.774985112949704 ], [ -60.534319481592497, -31.774869594650095 ], [ -60.534287524845901, -31.774819795920124 ], [ -60.534287524838959, -31.774819795918457 ], [ -60.532777742011262, -31.775052965089539 ] ] ] ] } },
{ "type": "Feature", "properties": { "fid": 4, "nombre": "Nuevo Parque", "tipo": "PARQUE PUBLICO", "area": 27271 }, "geometry": { "type": "MultiPolygon", "coordinates": [ [ [ [ -60.543249231973043, -31.717506281440063 ], [ -60.543317456055284, -31.717483414763798 ], [ -60.543589482154694, -31.717411625922772 ], [ -60.543865929442987, -31.717332182044693 ], [ -60.544472070944295, -31.717113889223061 ], [ -60.544748773302352, -31.717078347039109 ], [ -60.545300469426259, -31.717096986457467 ], [ -60.545604315036037, -31.717120502203926 ], [ -60.545673496124245, -31.717112570526631 ], [ -60.54571799020308, -31.717083746590745 ], [ -60.545722255103186, -31.717049368145435 ], [ -60.545657701833335, -31.716322353714045 ], [ -60.545641254178179, -31.716183074429658 ], [ -60.545625108429107, -31.716095334140771 ], [ -60.545600019276115, -31.716005723221315 ], [ -60.545559354631102, -31.71592572344375 ], [ -60.545514268645917, -31.715853378168735 ], [ -60.54541987663265, -31.715750701417374 ], [ -60.545365460019823, -31.715687409969217 ], [ -60.544989724048342, -31.716083740598982 ], [ -60.544555962561283, -31.715684825451042 ], [ -60.543249065696024, -31.717080133762551 ], [ -60.543093479899241, -31.71724624126395 ], [ -60.543272617662623, -31.717431433602407 ], [ -60.543222637795658, -31.717484444776737 ], [ -60.543249231973043, -31.717506281440063 ] ] ] ] } },
{ "type": "Feature", "properties": { "fid": 5, "nombre": "Plaza B? Los Aceiteros", "tipo": "PLAZA", "area": 983 }, "geometry": { "type": "MultiPolygon", "coordinates": [ [ [ [ -60.564190618431873, -31.707638739732445 ], [ -60.564206268179973, -31.707725644386301 ], [ -60.564265697807599, -31.707717822905231 ], [ -60.564367353725402, -31.707704443992043 ], [ -60.564469009612793, -31.70769106499813 ], [ -60.564406409850349, -31.707343446500097 ], [ -60.564304754331587, -31.707356825440499 ], [ -60.564203098782407, -31.707370204300197 ], [ -60.564143669370296, -31.707378025749982 ], [ -60.564159319027056, -31.707464930414243 ], [ -60.564174968714248, -31.707551835075023 ], [ -60.564190618431873, -31.707638739732445 ] ] ] ] } },
{ "type": "Feature", "properties": { "fid": 6, "nombre": "Plaza en calle A. Berni", "tipo": "PLAZA", "area": 3334 }, "geometry": { "type": "MultiPolygon", "coordinates": [ [ [ [ -60.557843559614682, -31.715552157988952 ], [ -60.558279156725014, -31.715343010739506 ], [ -60.558259046823871, -31.715251219168586 ], [ -60.558135953622966, -31.714744896001996 ], [ -60.55765057999082, -31.714912534877776 ], [ -60.557843559614682, -31.715552157988952 ] ] ] ] } },
{ "type": "Feature", "properties": { "fid": 7, "nombre": "Sin nominar", "tipo": "RESERVA MUNICIPAL SIN ESCRITUR", "area": 1268 }, "geometry": { "type": "MultiPolygon", "coordinates": [ [ [ [ -60.55046500524427, -31.713501744569498 ], [ -60.550241872965266, -31.713287832875768 ], [ -60.550070379369018, -31.713206592023841 ], [ -60.549960867488601, -31.713365083002099 ], [ -60.550329083827577, -31.713718495590641 ], [ -60.55046500524427, -31.713501744569498 ] ] ] ] } },
{ "type": "Feature", "properties": { "fid": 8, "nombre": "Zona Rosedal", "tipo": "PARQUE PUBLICO", "area": 48676 }, "geometry": { "type": "MultiPolygon", "coordinates": [ [ [ [ -60.532282245479784, -31.720495957767405 ], [ -60.532308216496936, -31.720489581522749 ], [ -60.532333453139252, -31.7204820900544 ], [ -60.532358411651877, -31.720473932378916 ], [ -60.532383060434633, -31.720465117646853 ], [ -60.532407367835809, -31.720455645990647 ], [ -60.5324313234076, -31.72044553549086 ], [ -60.532454906100355, -31.720434795254135 ], [ -60.532478084313965, -31.720423434431048 ], [ -60.532500826448434, -31.720411462172205 ], [ -60.532523132606599, -31.720398896514318 ], [ -60.532544971136851, -31.720385737589766 ], [ -60.532566321041365, -31.720372003523476 ], [ -60.532587161322162, -31.720357712440162 ], [ -60.532607470929875, -31.720342873446466 ], [ -60.532627228815151, -31.720327495649023 ], [ -60.532646414031753, -31.720311606190855 ], [ -60.532665016080834, -31.720295214134527 ], [ -60.532683013964771, -31.720278337604871 ], [ -60.532700386634282, -31.720260985708553 ], [ -60.532717186532132, -31.720243104116047 ], [ -60.532860117062604, -31.720112280698164 ], [ -60.533006264049206, -31.719979423544842 ], [ -60.533151555193406, -31.719848265267455 ], [ -60.533333836084203, -31.719676522476902 ], [ -60.533369743450422, -31.719642156342967 ], [ -60.533405057492423, -31.719607359796939 ], [ -60.533439788709089, -31.719572123776889 ], [ -60.533473916051634, -31.719536457389776 ], [ -60.533507439675198, -31.719500387690722 ], [ -60.533540348926472, -31.719463896687937 ], [ -60.53357263341033, -31.719427011480644 ], [ -60.53360430362585, -31.719389723006948 ], [ -60.533635338627725, -31.719352058410291 ], [ -60.53366572781438, -31.719314008717017 ], [ -60.533694703804528, -31.719276064135141 ], [ -60.533723044686539, -31.719237761468349 ], [ -60.533750718861761, -31.719199109867834 ], [ -60.533777726382368, -31.719160118352193 ], [ -60.533804077850888, -31.71912079589589 ], [ -60.533829752218971, -31.719081151605838 ], [ -60.533854749487304, -31.719041185482485 ], [ -60.533879069759791, -31.719000915562614 ], [ -60.533902691988317, -31.718960350953182 ], [ -60.533925626723821, -31.718919491610396 ], [ -60.534005064143798, -31.718781916464746 ], [ -60.534017096829757, -31.718766246146394 ], [ -60.534029828205746, -31.718750987747896 ], [ -60.534043247824783, -31.718736159349646 ], [ -60.534057324191053, -31.718721788138669 ], [ -60.534072046857723, -31.718707892195351 ], [ -60.534087394879265, -31.71869449866254 ], [ -60.534103336708455, -31.718681625708996 ], [ -60.534119840798041, -31.718669291503559 ], [ -60.534136907251408, -31.718657514082373 ], [ -60.534154483421055, -31.718646311702724 ], [ -60.534172558808478, -31.718635693426766 ], [ -60.534191112520375, -31.718625695415593 ], [ -60.534210091753998, -31.718616308871784 ], [ -60.534229486166325, -31.718607569912226 ], [ -60.534249274657178, -31.718599478625141 ], [ -60.534269404527457, -31.71859204424965 ], [ -60.534289854780575, -31.718585284910382 ], [ -60.534310604368102, -31.718579209713941 ], [ -60.534331611141283, -31.71857382785505 ], [ -60.534352843501686, -31.718569148484637 ], [ -60.534374280401053, -31.718565180709181 ], [ -60.534395869088677, -31.718561924749693 ], [ -60.534417599066607, -31.718559389668521 ], [ -60.534439428082734, -31.718557566624302 ], [ -60.534461324642095, -31.71855648280426 ], [ -60.534483246440921, -31.718556120348882 ], [ -60.53450517237917, -31.71855647934667 ], [ -60.534527060360098, -31.718557578010884 ], [ -60.534548889180172, -31.718559398393683 ], [ -60.534570616587374, -31.718561931653639 ], [ -60.534592211035012, -31.718565195960142 ], [ -60.534808381567842, -31.718609633978325 ], [ -60.535400118769878, -31.718729503310588 ], [ -60.535825341452259, -31.718814970123461 ], [ -60.536177937443085, -31.71888249670134 ], [ -60.536184343042081, -31.718884580072952 ], [ -60.536191008400557, -31.718885967932938 ], [ -60.536197817413701, -31.718886651751145 ], [ -60.536204674973362, -31.718886604872225 ], [ -60.536211465130428, -31.718885845820751 ], [ -60.536218103482724, -31.718884374951756 ], [ -60.536224484683395, -31.718882219763618 ], [ -60.536230503437388, -31.718879416772946 ], [ -60.536236064948127, -31.718875993433802 ], [ -60.536241106329442, -31.718872022158173 ], [ -60.536245522286393, -31.718867539462732 ], [ -60.536249271137201, -31.718862635707119 ], [ -60.536252289891941, -31.718857365266885 ], [ -60.53625451582031, -31.71885182760866 ], [ -60.536255938787455, -31.718846094922505 ], [ -60.536256527662019, -31.718840257523659 ], [ -60.536256261810848, -31.718834396664779 ], [ -60.53625516295768, -31.718828620475559 ], [ -60.536253242016222, -31.718822992039104 ], [ -60.536250520658207, -31.718817610466903 ], [ -60.536247052102254, -31.718812556700879 ], [ -60.536158336710081, -31.71874172033155 ], [ -60.53569131190855, -31.718391865702028 ], [ -60.535502760811198, -31.718240679282257 ], [ -60.53548154456103, -31.718226113451106 ], [ -60.535459814572782, -31.718212108916564 ], [ -60.53543760254869, -31.718198674563681 ], [ -60.53541491909052, -31.718185819366052 ], [ -60.535391785453911, -31.718173570289576 ], [ -60.535368222738896, -31.718161927245298 ], [ -60.535344262647484, -31.718150899118324 ], [ -60.535319915833178, -31.71814050390055 ], [ -60.535295213997941, -31.718130750477115 ], [ -60.535270167743306, -31.718121647821693 ], [ -60.535244808719398, -31.71811319580123 ], [ -60.535219168679866, -31.718105412319094 ], [ -60.535193258174402, -31.71809829733083 ], [ -60.535163097219346, -31.718093256380978 ], [ -60.535132771816606, -31.718088973662162 ], [ -60.535102313512297, -31.718085431005033 ], [ -60.5350717540598, -31.718082646313118 ], [ -60.535041114558695, -31.718080619497783 ], [ -60.535010405506576, -31.718079341496448 ], [ -60.5349796797572, -31.718078830124188 ], [ -60.534948947808054, -31.718079076318503 ], [ -60.534918230810582, -31.71808008900911 ], [ -60.534887570861116, -31.718081849982529 ], [ -60.534856978560789, -31.71808436821274 ], [ -60.534826475009275, -31.718087643611298 ], [ -60.534796102354669, -31.718091666983042 ], [ -60.534765881748392, -31.718096447257743 ], [ -60.534735834186527, -31.718101966310751 ], [ -60.533801773649699, -31.718326543558312 ], [ -60.533785588648314, -31.718331959252303 ], [ -60.533769745230153, -31.718338067933153 ], [ -60.533754274993832, -31.718344860450259 ], [ -60.533739241085335, -31.718352309484072 ], [ -60.533724653951211, -31.718360396954182 ], [ -60.53371057678919, -31.718369104559329 ], [ -60.533697020045985, -31.718378414219046 ], [ -60.53368403631751, -31.718388298658098 ], [ -60.533671657047599, -31.718398721671281 ], [ -60.533659913835216, -31.718409674108088 ], [ -60.53364882757414, -31.718421119807527 ], [ -60.533638440310341, -31.718433031538432 ], [ -60.533628762439029, -31.718445382202241 ], [ -60.533619835902996, -31.718458126531381 ], [ -60.533611671149266, -31.7184712464455 ], [ -60.533463275619887, -31.718702802373535 ], [ -60.533217904813064, -31.719088347590365 ], [ -60.532960190311059, -31.71947986001755 ], [ -60.532875489182651, -31.719606922989907 ], [ -60.532867589943713, -31.719624072982636 ], [ -60.532858950681756, -31.719640964533493 ], [ -60.532849571190212, -31.719657561569573 ], [ -60.5328394724662, -31.719673845966106 ], [ -60.532828664905097, -31.719689790624106 ], [ -60.532817159005411, -31.719705386481131 ], [ -60.532804986211552, -31.719720597331882 ], [ -60.532792156970615, -31.719735405095655 ], [ -60.532778681781188, -31.719749800709963 ], [ -60.532764581537521, -31.719763748013541 ], [ -60.532749887839074, -31.71977723785573 ], [ -60.532734611081366, -31.71979024313762 ], [ -60.532718772262008, -31.719802745734402 ], [ -60.532702392430132, -31.719814736539465 ], [ -60.53268550313377, -31.719826197383956 ], [ -60.532670059955301, -31.719837778441981 ], [ -60.532654065008145, -31.719848811679409 ], [ -60.532637549788795, -31.719859269909211 ], [ -60.532620556395734, -31.719869134918412 ], [ -60.532603095327929, -31.719878397644518 ], [ -60.532585198133496, -31.719887039918738 ], [ -60.532566906911129, -31.719895043528126 ], [ -60.532548242658663, -31.719902390347993 ], [ -60.532529247629505, -31.719909089220064 ], [ -60.532509942718427, -31.719915103983212 ], [ -60.532490359576983, -31.719920434505084 ], [ -60.532470540355433, -31.719925071591106 ], [ -60.53245051665381, -31.719929006090716 ], [ -60.532430309573286, -31.719932237915742 ], [ -60.532409971763101, -31.719934748809322 ], [ -60.532389534926352, -31.719936547657522 ], [ -60.532369020112739, -31.719937625353719 ], [ -60.53234848007461, -31.719937981677838 ], [ -60.532327935913216, -31.719937616541692 ], [ -60.532307419228609, -31.71993652079485 ], [ -60.532286982876236, -31.719934712253611 ], [ -60.53226664790575, -31.719932181811483 ], [ -60.53224511294934, -31.719926445815855 ], [ -60.532223837890328, -31.71992003234946 ], [ -60.532202864879054, -31.719912932218083 ], [ -60.532182215171233, -31.719905172388422 ], [ -60.53216192046991, -31.719896761746682 ], [ -60.532142001876167, -31.719887700204989 ], [ -60.532122501746315, -31.719878014641981 ], [ -60.532103430682483, -31.719867714032066 ], [ -60.532084830937961, -31.71985680721744 ], [ -60.532066713166337, -31.719845312190738 ], [ -60.532049119672259, -31.719833246812456 ], [ -60.532032061109227, -31.71982062907518 ], [ -60.532015569231483, -31.719807476883528 ], [ -60.531999665191208, -31.719793799167832 ], [ -60.531984370295262, -31.719779631913077 ], [ -60.531969695145428, -31.719764984093747 ], [ -60.531955682046068, -31.719749873570301 ], [ -60.531942341701956, -31.71973432735367 ], [ -60.53192968476629, -31.719718363436371 ], [ -60.531917689932229, -31.719701945833886 ], [ -60.531906420965122, -31.719685155446104 ], [ -60.531895878070728, -31.719668028346156 ], [ -60.531886082401002, -31.71965057346436 ], [ -60.531877044660334, -31.719632817811554 ], [ -60.531868775604828, -31.719614797416664 ], [ -60.531861306988048, -31.719596530184283 ], [ -60.531854617811888, -31.719578034239017 ], [ -60.531848739881447, -31.719559336503568 ], [ -60.531843673402278, -31.719540473050902 ], [ -60.531839418476785, -31.719521461917541 ], [ -60.53183598575793, -31.719502321095998 ], [ -60.531833396603218, -31.719483095589393 ], [ -60.531831629963051, -31.719463794503998 ], [ -60.531831877250937, -31.719444277593286 ], [ -60.53183288493917, -31.719426741564664 ], [ -60.531831836344828, -31.719409394482661 ], [ -60.531829944034563, -31.719392105030813 ], [ -60.531827176512373, -31.719374900395799 ], [ -60.531823565635577, -31.719357816518329 ], [ -60.531819111507659, -31.71934087143482 ], [ -60.531813814386453, -31.719324110236183 ], [ -60.531807684925688, -31.719307550914785 ], [ -60.53180074448376, -31.719291238473499 ], [ -60.531793003662884, -31.719275181886445 ], [ -60.531784462720793, -31.719259426244545 ], [ -60.531775142912878, -31.719243998514198 ], [ -60.531765075993242, -31.71922891659969 ], [ -60.531754262168072, -31.719214216573704 ], [ -60.531742733191443, -31.719199916340486 ], [ -60.531730489320914, -31.719186060990864 ], [ -60.531717583308101, -31.719172650304628 ], [ -60.531704015410483, -31.719159729372638 ], [ -60.531689817330403, -31.719147307080995 ], [ -60.531677429633071, -31.719135977485983 ], [ -60.531664453902231, -31.719125137337222 ], [ -60.531650911392894, -31.719114813601109 ], [ -60.531636833910248, -31.719105033200147 ], [ -60.531622253208035, -31.719095814038603 ], [ -60.531607190438109, -31.71908716504656 ], [ -60.531591677457058, -31.7190791221647 ], [ -60.531575756465841, -31.719071685217017 ], [ -60.531559459217931, -31.719064872107548 ], [ -60.531542806968126, -31.719058709803068 ], [ -60.531525852467404, -31.719053198083465 ], [ -60.531508616919034, -31.719048354897048 ], [ -60.531491132024946, -31.719044189129985 ], [ -60.531473450587605, -31.719040709580465 ], [ -60.531455604308952, -31.719037925134693 ], [ -60.531437635389686, -31.719035835616758 ], [ -60.531419564981434, -31.719034449956801 ], [ -60.53140143528487, -31.719033767978868 ], [ -60.531383288552171, -31.71903379852526 ], [ -60.531365166932538, -31.719034532401917 ], [ -60.531347102076403, -31.719035969476895 ], [ -60.53132913618451, -31.719038109574356 ], [ -60.531311300907234, -31.719040952562452 ], [ -60.530991605123887, -31.71909573673468 ], [ -60.530462696498468, -31.719192118017119 ], [ -60.530182016980788, -31.719237872699782 ], [ -60.530136683839423, -31.719243887123628 ], [ -60.530091241442548, -31.719249243640299 ], [ -60.530045700444028, -31.719253960242217 ], [ -60.530000071343764, -31.719258027867184 ], [ -60.529954364693054, -31.719261446471283 ], [ -60.529908612143693, -31.719264215922834 ], [ -60.529862803146344, -31.71926633626563 ], [ -60.52981695875129, -31.719267798393677 ], [ -60.529771089561095, -31.719268611281336 ], [ -60.529725216626034, -31.719268765822669 ], [ -60.52971012042034, -31.719269054008791 ], [ -60.529695081376325, -31.719270117540663 ], [ -60.529680131041978, -31.719271938250309 ], [ -60.529665332667498, -31.719274506856518 ], [ -60.529650749605651, -31.71927783211472 ], [ -60.529636413353202, -31.719281886838687 ], [ -60.529622387160444, -31.719286661747397 ], [ -60.529608723676091, -31.719292138585342 ], [ -60.529595454448291, -31.71929829918475 ], [ -60.529582642676111, -31.719305125246354 ], [ -60.529570330406877, -31.719312589540319 ], [ -60.529509262383186, -31.7193587470049 ], [ -60.529480829071389, -31.719397806678124 ], [ -60.529453263425538, -31.719437313663107 ], [ -60.529426554793503, -31.71947724996766 ], [ -60.529400734775784, -31.719517606442636 ], [ -60.529375792771638, -31.719558374114296 ], [ -60.5293693789786, -31.719569682802458 ], [ -60.529362214213471, -31.719580660926685 ], [ -60.529354351022796, -31.719591272194762 ], [ -60.529345789252638, -31.719601489552108 ], [ -60.529336570899311, -31.719611276750445 ], [ -60.529326716909615, -31.719620606647339 ], [ -60.529316258678371, -31.719629434020185 ], [ -60.529305238406934, -31.71963775869358 ], [ -60.529293687438951, -31.71964552642671 ], [ -60.529281637374211, -31.719652728069814 ], [ -60.529269130260595, -31.719659336392827 ], [ -60.529256208145874, -31.719665324165852 ], [ -60.529242913180411, -31.719670682195314 ], [ -60.529229276912965, -31.719675392313285 ], [ -60.529212368702446, -31.719679881532873 ], [ -60.529195256344664, -31.719683722270648 ], [ -60.529177950390249, -31.719686914482807 ], [ -60.52916050359137, -31.719689457950281 ], [ -60.529142947496993, -31.719691334505224 ], [ -60.529125303259363, -31.719692553078144 ], [ -60.529107612977853, -31.719693095457519 ], [ -60.529089918956736, -31.719692979504551 ], [ -60.529072242194601, -31.719692187095298 ], [ -60.529054624995752, -31.719690736090985 ], [ -60.529037098960387, -31.719688617342147 ], [ -60.528999104213803, -31.71968640315756 ], [ -60.528961060916494, -31.719684928674326 ], [ -60.528922990168198, -31.719684193804913 ], [ -60.528884902518449, -31.719684198505487 ], [ -60.52884682966851, -31.719684951663019 ], [ -60.528808782116684, -31.719686444215469 ], [ -60.52877079156432, -31.719688685049849 ], [ -60.528732868458448, -31.719691656086066 ], [ -60.528695033950136, -31.719695366254939 ], [ -60.528657309139163, -31.719699815468811 ], [ -60.528613084324419, -31.719705978069957 ], [ -60.528569000393958, -31.719712798417053 ], [ -60.528525057449258, -31.719720294546708 ], [ -60.528481287089257, -31.719728457309678 ], [ -60.528437678711533, -31.719737277731642 ], [ -60.528394274516742, -31.719746755637861 ], [ -60.528351063953608, -31.719756891072297 ], [ -60.528308068122037, -31.719767683947662 ], [ -60.5282653080708, -31.719779125158588 ], [ -60.528222794298287, -31.719791205643322 ], [ -60.528180558454878, -31.71980392527103 ], [ -60.528172157464617, -31.719807170637484 ], [ -60.52816412911163, -31.719811009675968 ], [ -60.528156515495041, -31.71981542417533 ], [ -60.528149369162058, -31.719820377844165 ], [ -60.52814275326147, -31.719825843365701 ], [ -60.528136709687978, -31.719831766455879 ], [ -60.528131291040054, -31.719838119841576 ], [ -60.52812651806061, -31.719844840307946 ], [ -60.528122443297029, -31.719851891563657 ], [ -60.528119057579651, -31.719859517144371 ], [ -60.528116475019694, -31.719867373877079 ], [ -60.528114737409858, -31.719875389441246 ], [ -60.528113855045071, -31.719883518702098 ], [ -60.528113827414245, -31.719891671477495 ], [ -60.528114654261969, -31.719899802676363 ], [ -60.528116345678633, -31.719907831090968 ], [ -60.528118859105057, -31.719915693768566 ], [ -60.528122204784978, -31.719923336556143 ], [ -60.528126329608789, -31.719930696544544 ], [ -60.528131212066796, -31.719937701675462 ], [ -60.528136820252264, -31.719944306988779 ], [ -60.528143101055434, -31.719950449575396 ], [ -60.528149990918344, -31.719956084606441 ], [ -60.528157457934142, -31.719961167121767 ], [ -60.528165417495174, -31.71996566139812 ], [ -60.528173827144123, -31.719969522519165 ], [ -60.528182612874723, -31.719972723736124 ], [ -60.528191690079169, -31.71997522932574 ], [ -60.528356679049587, -31.72000465818671 ], [ -60.528457322350874, -31.720023387165341 ], [ -60.528558171837965, -31.720041258458473 ], [ -60.528659227559302, -31.720058281083976 ], [ -60.52876047891062, -31.720074446066864 ], [ -60.528798767887238, -31.720078282418285 ], [ -60.528837147519582, -31.720081360834058 ], [ -60.528875596808319, -31.720083699438042 ], [ -60.528914105150925, -31.720085289255792 ], [ -60.528952640844103, -31.720086121400389 ], [ -60.528991193336431, -31.720086195915446 ], [ -60.52902974162869, -31.720085530925136 ], [ -60.529068253915035, -31.720084099506071 ], [ -60.529106719797831, -31.720081928756876 ], [ -60.529145118124141, -31.720079009746669 ], [ -60.52918342774101, -31.720075333545179 ], [ -60.529221627597963, -31.72007090925819 ], [ -60.529259707194903, -31.720065745947824 ], [ -60.529297634879853, -31.720059843745634 ], [ -60.529335389551058, -31.720053202739368 ], [ -60.529372960657263, -31.720045822972956 ], [ -60.529402383837677, -31.720039802740164 ], [ -60.529431591803153, -31.720033043883177 ], [ -60.529460542402724, -31.720025555595615 ], [ -60.529489235635815, -31.720017337877653 ], [ -60.52951762940274, -31.720008408941204 ], [ -60.529545702602249, -31.719998768874106 ], [ -60.52957344478591, -31.719988435756889 ], [ -60.529600803150011, -31.719977400790508 ], [ -60.529627777847907, -31.71996569103009 ], [ -60.529654337228038, -31.719953306607238 ], [ -60.5296804602918, -31.719940265646375 ], [ -60.529706125938041, -31.719926568235412 ], [ -60.529731313168256, -31.719912232498764 ], [ -60.52977592198684, -31.719884540923598 ], [ -60.529821040684709, -31.719857460467068 ], [ -60.529866679966659, -31.719831018139402 ], [ -60.529912808181969, -31.719805214071677 ], [ -60.529959414780883, -31.719780048307136 ], [ -60.529982925983646, -31.719767847837439 ], [ -60.530006862683891, -31.719756258847699 ], [ -60.530031203883908, -31.719745299461803 ], [ -60.530055917932941, -31.719734969811118 ], [ -60.53008098383328, -31.719725288019568 ], [ -60.53010638053599, -31.719716263192936 ], [ -60.530132086940718, -31.719707895418765 ], [ -60.530158082049915, -31.719700202821031 ], [ -60.530184344763391, -31.719693185487309 ], [ -60.530210832931488, -31.719686852611144 ], [ -60.530237536055836, -31.719681213254503 ], [ -60.530264422434492, -31.719676258530697 ], [ -60.530291481620381, -31.719672006519883 ], [ -60.530318671412722, -31.719668457397532 ], [ -60.53034598131309, -31.719665620225623 ], [ -60.530373251321009, -31.719663189043171 ], [ -60.530400588429501, -31.71966142493946 ], [ -60.530427971589795, -31.719660337020489 ], [ -60.530455379650441, -31.719659916355752 ], [ -60.530482791511361, -31.719660163033144 ], [ -60.530510186123763, -31.719661086158467 ], [ -60.53053754238757, -31.719662685819696 ], [ -60.530564828549586, -31.719664944112136 ], [ -60.530592023612449, -31.719667879160014 ], [ -60.530619116923617, -31.719671472970902 ], [ -60.530646076832618, -31.719675725676627 ], [ -60.530672882290673, -31.719680646383242 ], [ -60.53069951209487, -31.719686217142279 ], [ -60.530726782065543, -31.719693038792339 ], [ -60.530753781893189, -31.719700592053925 ], [ -60.530780490374909, -31.71970885897862 ], [ -60.530806896960826, -31.719717839610514 ], [ -60.530832948796977, -31.719727516133037 ], [ -60.530858635333466, -31.719737888590277 ], [ -60.530883935367193, -31.719748939033963 ], [ -60.530908817247564, -31.71976066759601 ], [ -60.530933259720008, -31.719773047310035 ], [ -60.530957231133819, -31.719786078308008 ], [ -60.530980720836048, -31.719799742597711 ], [ -60.531003697124554, -31.719814031293048 ], [ -60.531026138795944, -31.7198289264457 ], [ -60.531048088154769, -31.719844445916653 ], [ -60.53106725572939, -31.719858741447045 ], [ -60.531089416871176, -31.71987624408273 ], [ -60.531110979683767, -31.719894281294362 ], [ -60.531131933565348, -31.719912844107991 ], [ -60.531152246761991, -31.719931914619373 ], [ -60.531171908671837, -31.719951483854537 ], [ -60.531190897988267, -31.719971515828853 ], [ -60.531209214762626, -31.719992019560838 ], [ -60.531226827137864, -31.720012959109752 ], [ -60.531243724511889, -31.720034325501739 ], [ -60.531259896179769, -31.720056091726367 ], [ -60.531275331590834, -31.720078257827836 ], [ -60.53129000943823, -31.720100787821544 ], [ -60.531303929670102, -31.720123672689478 ], [ -60.531317071030976, -31.720146885465301 ], [ -60.531329422918574, -31.720170417174906 ], [ -60.531342403267431, -31.720189446068446 ], [ -60.531356098991679, -31.720208111241789 ], [ -60.531370478337472, -31.72022639479022 ], [ -60.531385530651711, -31.720244278721061 ], [ -60.531401245229802, -31.720261736023414 ], [ -60.531417600919646, -31.720278757766852 ], [ -60.531434587067992, -31.720295325958475 ], [ -60.531452193021607, -31.720311422605779 ], [ -60.531470376475937, -31.720327029847986 ], [ -60.531489137379531, -31.720342138666602 ], [ -60.531508454477098, -31.720356722094753 ], [ -60.531528306616273, -31.720370771201871 ], [ -60.531548672593189, -31.720384268039371 ], [ -60.531569541805716, -31.720397203632761 ], [ -60.531590872000557, -31.720409569139481 ], [ -60.531612652472653, -31.720421337548721 ], [ -60.531634872671269, -31.720432508904278 ], [ -60.531657490342958, -31.720443074363704 ], [ -60.531680494782535, -31.720453006916145 ], [ -60.531703854389761, -31.720462315711583 ], [ -60.531727547909028, -31.720470973783232 ], [ -60.531751554290459, -31.720478990237169 ], [ -60.531775863240668, -31.720486410208249 ], [ -60.531801740451741, -31.720493165287539 ], [ -60.53182783500354, -31.720499179943836 ], [ -60.531854126154975, -31.72050451739258 ], [ -60.531880603303605, -31.720509168659408 ], [ -60.531907224298592, -31.720513142938547 ], [ -60.531933978485903, -31.720516422237512 ], [ -60.53196083426517, -31.720519015706447 ], [ -60.531987759932925, -31.720520914459204 ], [ -60.532014755488618, -31.720522118495779 ], [ -60.532041768127854, -31.720522619018027 ], [ -60.532068797953087, -31.720522434062385 ], [ -60.532095802658915, -31.720521545768577 ], [ -60.532122761143818, -31.720519954224706 ], [ -60.532149652409359, -31.720517677555275 ], [ -60.532176455302576, -31.720514706830233 ], [ -60.532203138222975, -31.720511051199988 ], [ -60.532229680017679, -31.720506701734497 ], [ -60.532256059636715, -31.720501667540137 ], [ -60.532282245479784, -31.720495957767405 ] ] ] ] } },
{ "type": "Feature", "properties": { "fid": 9, "nombre": "Costanera", "tipo": "PARQUE PUBLICO", "area": 63556 }, "geometry": { "type": "MultiPolygon", "coordinates": [ [ [ [ -60.526670089430446, -31.71898684425982 ], [ -60.52887595842563, -31.718710975584923 ], [ -60.529067209648389, -31.71868539940542 ], [ -60.529258319458492, -31.718659093033807 ], [ -60.529449298350634, -31.718632047408455 ], [ -60.52964012532243, -31.7186042806545 ], [ -60.52968851399757, -31.718595737571214 ], [ -60.529736729859735, -31.718586491750113 ], [ -60.529784741205823, -31.718576534304649 ], [ -60.529832558636429, -31.718565874209439 ], [ -60.5298801504998, -31.718554511596267 ], [ -60.529927506296069, -31.718542455527434 ], [ -60.529974604872521, -31.718529697072722 ], [ -60.530021446330792, -31.718516254268842 ], [ -60.530068009569568, -31.718502127203852 ], [ -60.530113062419368, -31.718487708794029 ], [ -60.530380433441785, -31.718385987146956 ], [ -60.53064883327157, -31.718283467037374 ], [ -60.530917019187285, -31.718180541426449 ], [ -60.530926243978172, -31.718177490854792 ], [ -60.530935106104508, -31.71817374737358 ], [ -60.530943563622472, -31.718169356249788 ], [ -60.530951521734536, -31.718164344933488 ], [ -60.530958938445451, -31.718158749673513 ], [ -60.530965740212437, -31.718152624886766 ], [ -60.530971884988993, -31.718145997803777 ], [ -60.530977330985664, -31.71813894074614 ], [ -60.530982015158486, -31.718131499068623 ], [ -60.530985916767143, -31.718123735986747 ], [ -60.530989004469653, -31.71811570574167 ], [ -60.530991246975553, -31.718107471592834 ], [ -60.530996516633074, -31.71809539200277 ], [ -60.531002568543975, -31.718083579707407 ], [ -60.531009381813348, -31.718072070867066 ], [ -60.531016935597613, -31.718060910660899 ], [ -60.531025208950481, -31.718050126231258 ], [ -60.531034170478357, -31.718039762800846 ], [ -60.531043799132277, -31.7180298294757 ], [ -60.53105406357006, -31.718020380496743 ], [ -60.531064932244021, -31.718011434032171 ], [ -60.531076363159215, -31.718003026330447 ], [ -60.531088324716571, -31.717995166541481 ], [ -60.531100785522838, -31.717987899888048 ], [ -60.531113692878634, -31.717981235608054 ], [ -60.531127025786731, -31.717975191825627 ], [ -60.531140731702195, -31.717969804833245 ], [ -60.531154757874432, -31.717965074850621 ], [ -60.53116908330626, -31.717961020001965 ], [ -60.531183644799853, -31.717957658587345 ], [ -60.531751779536414, -31.717808993234481 ], [ -60.531764467126862, -31.717806352025669 ], [ -60.531777338084353, -31.71780441348826 ], [ -60.531790318609794, -31.71780318694859 ], [ -60.531803366502849, -31.717802672582629 ], [ -60.531816429064619, -31.717802879628596 ], [ -60.531829453544773, -31.717803808306542 ], [ -60.531842376591278, -31.71780544986234 ], [ -60.531855145453768, -31.717807804516045 ], [ -60.53186771777748, -31.717810845389117 ], [ -60.531880030313353, -31.717814581763946 ], [ -60.531906951313729, -31.717825039050073 ], [ -60.531933412748543, -31.717836309906687 ], [ -60.531959403913724, -31.717848367323516 ], [ -60.531984872007556, -31.717861202502466 ], [ -60.531992921833357, -31.717864875487439 ], [ -60.532001316312311, -31.717867933780443 ], [ -60.532009991937471, -31.717870341572659 ], [ -60.53201888535623, -31.717872090110038 ], [ -60.532027922614475, -31.717873161664222 ], [ -60.53203704035959, -31.717873547481204 ], [ -60.532046154190247, -31.717873247913111 ], [ -60.532055200753874, -31.717872254205972 ], [ -60.532062677626385, -31.717867677433695 ], [ -60.532164978264916, -31.717850205903972 ], [ -60.53288532469282, -31.717707718003162 ], [ -60.533299067294827, -31.717624623703955 ], [ -60.533485177490157, -31.717578870155634 ], [ -60.533545302506347, -31.717563873416879 ], [ -60.533605212936372, -31.717548255276341 ], [ -60.533664898177314, -31.717532006760248 ], [ -60.533724337231291, -31.717515145993694 ], [ -60.533849811578939, -31.717478150122609 ], [ -60.533915783048066, -31.717457925094539 ], [ -60.533981454950073, -31.717436979812788 ], [ -60.534046806286852, -31.717415332402613 ], [ -60.534111837057196, -31.717392982864528 ], [ -60.534176526107977, -31.717369922269228 ], [ -60.534240862939619, -31.717346159679639 ], [ -60.534304847654433, -31.717321713132684 ], [ -60.534368469597773, -31.717296564636801 ], [ -60.534431707771773, -31.71727073231737 ], [ -60.534500078613775, -31.717242136845869 ], [ -60.534568044629729, -31.71721286665306 ], [ -60.534635616368568, -31.717182921695308 ], [ -60.534702772729112, -31.717152302061766 ], [ -60.53476950316027, -31.717121007797342 ], [ -60.534835807764601, -31.71708905693913 ], [ -60.53490166538932, -31.7170564405581 ], [ -60.534967076136994, -31.717023176691367 ], [ -60.536343522403477, -31.716224529370891 ], [ -60.53636253896606, -31.716216251617794 ], [ -60.536381150784848, -31.716207308200865 ], [ -60.536399315867527, -31.71619773537066 ], [ -60.53641700251211, -31.716187524242308 ], [ -60.536434189826224, -31.716176710977638 ], [ -60.53645084615988, -31.716165295710042 ], [ -60.536466940070802, -31.716153314645702 ], [ -60.536482450563007, -31.716140785910078 ], [ -60.536497346038537, -31.716127718654754 ], [ -60.536511605553336, -31.716114140023382 ], [ -60.53652519761345, -31.716100077204 ], [ -60.536560470039312, -31.716071313286758 ], [ -60.536761808947304, -31.715928335338436 ], [ -60.536759296354923, -31.715926217567056 ], [ -60.536879242541033, -31.71583124447741 ], [ -60.536899082574948, -31.715814092769516 ], [ -60.536989251529249, -31.715741985721955 ], [ -60.537354685067044, -31.715434252313319 ], [ -60.537372012788936, -31.71541855936001 ], [ -60.537390008371055, -31.715403422732074 ], [ -60.537408640319882, -31.715388869617204 ], [ -60.537427898137643, -31.715374909077891 ], [ -60.537447750382952, -31.715361577319975 ], [ -60.537468165458463, -31.715348883494975 ], [ -60.537489111818822, -31.715336845772381 ], [ -60.537510579018516, -31.715325482232824 ], [ -60.537532514360578, -31.715314802116687 ], [ -60.537550577202936, -31.715307673548818 ], [ -60.537568288307185, -31.71529992418975 ], [ -60.537585616023527, -31.715291554173053 ], [ -60.53760252885828, -31.715282590687018 ], [ -60.537618995213826, -31.715273042883442 ], [ -60.537634983544535, -31.715262928932358 ], [ -60.5376504728547, -31.715252266959467 ], [ -60.537745279117033, -31.715197972987955 ], [ -60.537759560413257, -31.715191879422687 ], [ -60.537774193599994, -31.715186433698577 ], [ -60.537789147184185, -31.715181663003616 ], [ -60.537804368416978, -31.715177567560204 ], [ -60.537819825753282, -31.71517416553824 ], [ -60.537835466496297, -31.715171466178163 ], [ -60.53785124849918, -31.715169478676341 ], [ -60.537867140112773, -31.715168203166169 ], [ -60.53797501890741, -31.715163446224061 ], [ -60.5380014275935, -31.715165589397014 ], [ -60.538027745342454, -31.715168427367356 ], [ -60.538053951055211, -31.715171960224204 ], [ -60.538080013030815, -31.715176179082977 ], [ -60.538105910118048, -31.715181075014581 ], [ -60.538131631767634, -31.715186648063668 ], [ -60.53815712523096, -31.715192898452948 ], [ -60.538182390456434, -31.715199817164372 ], [ -60.538715620686943, -31.715400019934613 ], [ -60.538734290718835, -31.715590951380765 ], [ -60.538772198415678, -31.71570295144064 ], [ -60.538797865042554, -31.715789656332333 ], [ -60.538800664638607, -31.715808556146634 ], [ -60.538802726107932, -31.715827522209171 ], [ -60.538804049345714, -31.715846536483603 ], [ -60.538804644797175, -31.715865580888909 ], [ -60.538804581693967, -31.71587357107364 ], [ -60.538836384381803, -31.715888281412798 ], [ -60.538961358195571, -31.715891333487576 ], [ -60.539116052574137, -31.715940091423136 ], [ -60.539261274857779, -31.716023790551343 ], [ -60.539474921956057, -31.71617230106725 ], [ -60.539481072756168, -31.716163235798287 ], [ -60.53980325876671, -31.715767111237245 ], [ -60.53978573594275, -31.715756312148415 ], [ -60.539768855723743, -31.715745390149966 ], [ -60.539751564485321, -31.715736363759284 ], [ -60.539714156529655, -31.71571864759499 ], [ -60.539697160649254, -31.71571143265065 ], [ -60.5396830781592, -31.715704484943043 ], [ -60.539670418965287, -31.715697368877553 ], [ -60.539659868391766, -31.715690009406355 ], [ -60.539649936240643, -31.715681952897675 ], [ -60.539639599798157, -31.715671490178991 ], [ -60.539630489753975, -31.715659651467522 ], [ -60.539623597276147, -31.715648164106714 ], [ -60.539619224390798, -31.715634528713892 ], [ -60.53961566692908, -31.71562142195695 ], [ -60.539610499775989, -31.715607266856573 ], [ -60.5396035089083, -31.715595184694713 ], [ -60.539593977248245, -31.715585232616313 ], [ -60.539582632423745, -31.715577353431101 ], [ -60.539571983370266, -31.715569381115991 ], [ -60.539560129074829, -31.715562793720117 ], [ -60.539521255055654, -31.715536020181428 ], [ -60.5395069757095, -31.715527864817471 ], [ -60.5394934132866, -31.715519625252398 ], [ -60.539479242942853, -31.71551207365879 ], [ -60.539464454128229, -31.71550521008108 ], [ -60.539448674152567, -31.715496619156959 ], [ -60.539432286256414, -31.71548871620357 ], [ -60.539415799915766, -31.715480209429781 ], [ -60.539399401475379, -31.71547230651673 ], [ -60.539384426328773, -31.715464235248405 ], [ -60.539370863978078, -31.715456004688217 ], [ -60.539356683103946, -31.715448453125308 ], [ -60.5393432191524, -31.71544081736219 ], [ -60.539331255840679, -31.715433617152662 ], [ -60.539312886685366, -31.715424261579226 ], [ -60.539315503736404, -31.7154207243032 ], [ -60.539307466066433, -31.715415518595382 ], [ -60.539239534703739, -31.715373734953808 ], [ -60.539119881825961, -31.715314683256164 ], [ -60.539107633814503, -31.71530568054327 ], [ -60.539016402822213, -31.715266646717424 ], [ -60.539002928374735, -31.715259010962132 ], [ -60.538821139306584, -31.715149492984139 ], [ -60.538668300413633, -31.715076530387513 ], [ -60.538656140368836, -31.715068131493521 ], [ -60.538541756029865, -31.715005999738505 ], [ -60.538455549321405, -31.714898784093943 ], [ -60.53816029884198, -31.714774312642184 ], [ -60.53814139832847, -31.714764246684084 ], [ -60.538135265703502, -31.714761891702722 ], [ -60.538104384764303, -31.714748936296377 ], [ -60.538085456409746, -31.714743181257333 ], [ -60.538074888713737, -31.714740123516073 ], [ -60.538064124143247, -31.714735858135022 ], [ -60.538054164429703, -31.714732121443905 ], [ -60.538033029042865, -31.714726005955256 ], [ -60.53801260007716, -31.714719815334654 ], [ -60.538002130823251, -31.714717361406809 ], [ -60.537966386430128, -31.714709900676599 ], [ -60.537958250511423, -31.714704100080212 ], [ -60.537942372371901, -31.714694905146015 ], [ -60.537930507699727, -31.714688308621479 ], [ -60.537915532804838, -31.714680237176864 ], [ -60.537905179305064, -31.714674076177403 ], [ -60.537895022731497, -31.714669131834508 ], [ -60.537885474036649, -31.714663490507053 ], [ -60.537875514337834, -31.714659753801769 ], [ -60.53785398523425, -31.714651223004573 ], [ -60.537824106043672, -31.714639994842464 ], [ -60.537814754227774, -31.71463556114897 ], [ -60.537805304028993, -31.714630532653281 ], [ -60.537786020389618, -31.714618051318315 ], [ -60.537777079636662, -31.714611722017555 ], [ -60.537759788799235, -31.714602695350653 ], [ -60.537741566860696, -31.714596856114667 ], [ -60.53772435714545, -31.714592744145897 ], [ -60.537707843195506, -31.714588539056027 ], [ -60.537692232534702, -31.714585466477025 ], [ -60.537674218023142, -31.714580834826375 ], [ -60.537656094476809, -31.714575590379653 ], [ -60.537637686230376, -31.714568543444567 ], [ -60.537617963690188, -31.71456226861541 ], [ -60.537600360197033, -31.714555732332073 ], [ -60.537582335145892, -31.714551100712828 ], [ -60.537562299931956, -31.714547316280434 ], [ -60.537551124395414, -31.714544955477432 ], [ -60.537530175401002, -31.714540047588681 ], [ -60.537510140191451, -31.714536263148048 ], [ -60.53749070241755, -31.714531799803279 ], [ -60.537471176709687, -31.714526723572909 ], [ -60.537453446970467, -31.714523903395168 ], [ -60.537436943594216, -31.714519698225491 ], [ -60.53741840905878, -31.714516358366218 ], [ -60.537401287255349, -31.714512850217936 ], [ -60.537386903031376, -31.714508401630294 ], [ -60.537368877947543, -31.714503760962369 ], [ -60.537358211868678, -31.714500099340956 ], [ -60.537347348977335, -31.714495239096728 ], [ -60.537336682900296, -31.714491577473503 ], [ -60.5373021545103, -31.714482740629325 ], [ -60.537283943172802, -31.714476901282783 ], [ -60.537269253113656, -31.714470641265841 ], [ -60.537254278310122, -31.71446256974221 ], [ -60.537234770023034, -31.714453191609973 ], [ -60.537214653754553, -31.714444492418814 ], [ -60.53719644242986, -31.714438653059599 ], [ -60.537178318989177, -31.714433417562457 ], [ -60.537161323535976, -31.714426202273788 ], [ -60.537142620009831, -31.714417334787385 ], [ -60.537128323693985, -31.714413490034936 ], [ -60.537115833833319, -31.7144118922788 ], [ -60.537100732723523, -31.714407527844596 ], [ -60.537091282585806, -31.714402499295137 ], [ -60.537077095202825, -31.714399249294576 ], [ -60.53706347735762, -31.714399631321424 ], [ -60.53704783199553, -31.714405171411897 ], [ -60.53703244347242, -31.714416833933949 ], [ -60.537025756140849, -31.714424392492042 ], [ -60.537006235668343, -31.714454993085138 ], [ -60.537000746849209, -31.714465486602762 ], [ -60.536995149048757, -31.7144753763442 ], [ -60.536990060751975, -31.714483974303707 ], [ -60.536981539004486, -31.714493587769603 ], [ -60.536975754889554, -31.714502269824987 ], [ -60.536978292977452, -31.714517969243925 ], [ -60.53699164076896, -31.714529303306517 ], [ -60.536998328110741, -31.714521744750204 ], [ -60.537010550646741, -31.714517229146846 ], [ -60.53702760190761, -31.714515822599488 ], [ -60.537043131508021, -31.714513989574574 ], [ -60.537060681774022, -31.71451130030362 ], [ -60.537072690042393, -31.714509878919003 ], [ -60.537084178256997, -31.714509749359735 ], [ -60.537101925383098, -31.71450826772368 ], [ -60.537119162953424, -31.714508068849131 ], [ -60.537130152214353, -31.714509231023435 ], [ -60.537143928492384, -31.714514367602153 ], [ -60.53714800566744, -31.714526191626163 ], [ -60.537150248438692, -31.714540070562361 ], [ -60.537143757970874, -31.714548836766966 ], [ -60.537136156860669, -31.714555271876435 ], [ -60.53712454231264, -31.714559108548112 ], [ -60.537113250954526, -31.714560445751612 ], [ -60.537086616301352, -31.714564823671228 ], [ -60.537072400994653, -31.714565884598404 ], [ -60.537060606930687, -31.714564202740203 ], [ -60.537046704318641, -31.714562773260159 ], [ -60.537032390633009, -31.714563239380791 ], [ -60.537021805639071, -31.714564492435052 ], [ -60.53701026156169, -31.714573234826457 ], [ -60.537002867850987, -31.714580877524355 ], [ -60.536998485915653, -31.714589391343097 ], [ -60.536995105637445, -31.714599632481871 ], [ -60.536994533471606, -31.714613847940242 ], [ -60.53699692782812, -31.714637556331283 ], [ -60.537000144336083, -31.714657473518109 ], [ -60.537001691271627, -31.714671436553417 ], [ -60.536998918927374, -31.714680989730805 ], [ -60.536992284697327, -31.714697764900549 ], [ -60.536986177376271, -31.714708946423098 ], [ -60.536978263596914, -31.714717880945532 ], [ -60.536969260224552, -31.714724475264227 ], [ -60.536959156813687, -31.714728747459777 ], [ -60.536946639008455, -31.714731460615447 ], [ -60.536934247538156, -31.714730466662452 ], [ -60.536922365575236, -31.714728180926858 ], [ -60.53691160105739, -31.71472391544788 ], [ -60.536903876279332, -31.714716219181827 ], [ -60.536897690574371, -31.714704647526975 ], [ -60.536891691181005, -31.714694283557122 ], [ -60.536882581580514, -31.714682444642545 ], [ -60.536868822650156, -31.714672997152359 ], [ -60.536845757322517, -31.714650512120546 ], [ -60.536833597443632, -31.714642104031526 ], [ -60.536826589595471, -31.71463432357606 ], [ -60.536816478354233, -31.714620757334991 ], [ -60.536808967812767, -31.71460995782034 ], [ -60.536801664681285, -31.714600365901838 ], [ -60.536790847080937, -31.714586883798486 ], [ -60.536780834227258, -31.714573912356713 ], [ -60.536770115062041, -31.714561034072009 ], [ -60.536760200694935, -31.71454867546726 ], [ -60.536751983799675, -31.714537960088663 ], [ -60.536743482169705, -31.714525433203338 ], [ -60.536734783684551, -31.714511698676169 ], [ -60.536724985121559, -31.714495633005424 ], [ -60.536718585230815, -31.714487164583538 ], [ -60.536712881157257, -31.714478612066372 ], [ -60.536693955681038, -31.714455018348449 ], [ -60.536686838880648, -31.714446634108597 ], [ -60.536673902166577, -31.714433395394099 ], [ -60.53666277195147, -31.714422412700859 ], [ -60.536650130580306, -31.714410994464021 ], [ -60.536638901890811, -31.714399398929729 ], [ -60.536626260525679, -31.714387980690411 ], [ -60.536612519087463, -31.714374231305769 ], [ -60.536603311074423, -31.714361779530979 ], [ -60.536592591958374, -31.714348901230402 ], [ -60.536584062445485, -31.714340685261838 ], [ -60.536575954566246, -31.714330573647448 ], [ -60.536568936213449, -31.714322793221339 ], [ -60.536558385986432, -31.714315424469227 ], [ -60.536544430340641, -31.714304778319224 ], [ -60.536531690520874, -31.714292747231099 ], [ -60.536513443567934, -31.714273380274726 ], [ -60.536503824494673, -31.714262824092991 ], [ -60.536495618204064, -31.71425210865236 ], [ -60.536486283917668, -31.714243372994304 ], [ -60.536476636975742, -31.714237136756921 ], [ -60.536467285263171, -31.714232702963095 ], [ -60.536457648821397, -31.714226457661702 ], [ -60.536445373279783, -31.714221765615438 ], [ -60.536434197757295, -31.714219395695501 ], [ -60.536423816476088, -31.714217545501935 ], [ -60.536399104126126, -31.71422046322235 ], [ -60.536388403354465, -31.714225423286845 ], [ -60.536379586341155, -31.71423323426875 ], [ -60.536370171885899, -31.714241724145911 ], [ -60.536362669172284, -31.714248763030788 ], [ -60.536355767563101, -31.714259424796513 ], [ -60.536356105350436, -31.714270452918747 ], [ -60.536357669616706, -31.714280114098095 ], [ -60.536360333900312, -31.714292097405512 ], [ -60.536363398773346, -31.714302194175229 ], [ -60.536366983709449, -31.714310999121153 ], [ -60.536371570237684, -31.714321522374025 ], [ -60.536378462216597, -31.714333009918573 ], [ -60.536393472606889, -31.71435460904501 ], [ -60.536402171027063, -31.714368343596529 ], [ -60.53641247903343, -31.714383117513712 ], [ -60.536420980605982, -31.714395644422023 ], [ -60.536429186900932, -31.714406359867159 ], [ -60.536436795808655, -31.714417763226056 ], [ -60.536442587730221, -31.714426919621292 ], [ -60.536449194995178, -31.714436595654664 ], [ -60.536457499723888, -31.714447914918658 ], [ -60.536465010211607, -31.714458714454892 ], [ -60.53647241172434, -31.714468910214194 ], [ -60.53648671579257, -31.714490593466881 ], [ -60.536508108731255, -31.714524971896061 ], [ -60.53651458965782, -31.714538355033124 ], [ -60.536554032779812, -31.714590892767379 ], [ -60.536559638418218, -31.71459884147086 ], [ -60.536566442563192, -31.714609725139045 ], [ -60.536574040954811, -31.714621128533423 ], [ -60.536581442492562, -31.714631324285865 ], [ -60.536587343419519, -31.714641084450175 ], [ -60.536593019570553, -31.714653947900796 ], [ -60.536601405341422, -31.714670172840709 ], [ -60.536614198307937, -31.714691420534518 ], [ -60.5366171753438, -31.71470091343198 ], [ -60.536623540448396, -31.714717994607501 ], [ -60.536628383893664, -31.714734649302436 ], [ -60.536633747349761, -31.714750003154375 ], [ -60.536638924552619, -31.714764158338355 ], [ -60.536641803165004, -31.714773047414436 ], [ -60.536649159383124, -31.714791855955749 ], [ -60.536653450733944, -31.71480057675333 ], [ -60.536664276144663, -31.71483189729301 ], [ -60.536670542838515, -31.714848374644948 ], [ -60.536676486383044, -31.714867360480845 ], [ -60.536683298370264, -31.714896082566941 ], [ -60.536686936453364, -31.714914104116044 ], [ -60.536690054476672, -31.714933417489874 ], [ -60.536692226678127, -31.714942381685525 ], [ -60.53669642742247, -31.71496833708547 ], [ -60.536701495668595, -31.714981888490076 ], [ -60.536704866387417, -31.71499378764895 ], [ -60.536707137072881, -31.715003364683003 ], [ -60.536710764615208, -31.715021386275453 ], [ -60.536721419396208, -31.715087175971725 ], [ -60.536719111242626, -31.715104059173264 ], [ -60.536717607836273, -31.715121453037618 ], [ -60.536717320364176, -31.715137480000109 ], [ -60.536719064125201, -31.715152650679258 ], [ -60.536718973512102, -31.715169885282776 ], [ -60.536716057414502, -31.715187456444049 ], [ -60.536716788967063, -31.71520089984535 ], [ -60.536716842115737, -31.715210125476684 ], [ -60.536716484129371, -31.715221237690905 ], [ -60.536713336387869, -31.715246213959034 ], [ -60.53671114402443, -31.715259390097447 ], [ -60.53670845269729, -31.715273857971898 ], [ -60.536701182515607, -31.715295632013415 ], [ -60.536701334040409, -31.715305452446952 ], [ -60.536698445851691, -31.715318712680027 ], [ -60.536691747879303, -31.715326271264956 ], [ -60.536685345193803, -31.715335641311189 ], [ -60.536675010058616, -31.715347318591629 ], [ -60.536668213653002, -31.71535427335478 ], [ -60.536660721423708, -31.715361312212313 ], [ -60.536651914825327, -31.715369114150025 ], [ -60.536641372326123, -31.715379592849217 ], [ -60.536629417027072, -31.715390230807316 ], [ -60.536604694798257, -31.715415297877136 ], [ -60.536593456413378, -31.715425851648654 ], [ -60.536582913849244, -31.715436321324862 ], [ -60.536573302487234, -31.715443612593504 ], [ -60.536564386947163, -31.715450819767199 ], [ -60.536544967306689, -31.715464185641505 ], [ -60.536517661696863, -31.715482175079455 ], [ -60.536507530258277, -31.715490758167302 ], [ -60.536496899798692, -31.715500623971394 ], [ -60.536488690621042, -31.715507747001592 ], [ -60.536478980816064, -31.715514434442525 ], [ -60.536469977331663, -31.7155210287264 ], [ -60.536460365952074, -31.715528319986625 ], [ -60.536449939219047, -31.715535091607819 ], [ -60.536438816608282, -31.715541938303502 ], [ -60.536426478103422, -31.715550160915424 ], [ -60.536414944450414, -31.715558912227429 ], [ -60.536403301765638, -31.715567050743747 ], [ -60.536392474482739, -31.715575717915929 ], [ -60.536380842343803, -31.715583856385852 ], [ -60.536360009899894, -31.715597390507526 ], [ -60.536350191098919, -31.715603474162332 ], [ -60.536338871617779, -31.715609113207801 ], [ -60.536326757934937, -31.715614241542628 ], [ -60.536314025701422, -31.715620048860554 ], [ -60.536278753022088, -31.715637756115846 ], [ -60.536258742791574, -31.715647508040107 ], [ -60.536239965788887, -31.71565156414449 ], [ -60.536220904158021, -31.71565382677548 ], [ -60.536201234525699, -31.715656768342985 ], [ -60.536187205344113, -31.715659036859432 ], [ -60.536172086682711, -31.715658983200957 ], [ -60.536154233185023, -31.715642022464987 ], [ -60.536135986041224, -31.715622655460759 ], [ -60.536127368521768, -31.715613826580597 ], [ -60.53610960296885, -31.715597478721673 ], [ -60.536099572704678, -31.715588818111762 ], [ -60.536091847920169, -31.715581121797655 ], [ -60.536083515187961, -31.715574113439931 ], [ -60.536073288077411, -31.715564245185838 ], [ -60.536069148255287, -31.715565353822328 ], [ -60.536057417663308, -31.715572888442018 ], [ -60.53603596667481, -31.715587110512519 ], [ -60.536022510706026, -31.715597321838654 ], [ -60.536010467432448, -31.715607355873988 ], [ -60.535997707231296, -31.715617474088102 ], [ -60.535970696744769, -31.715637274873433 ], [ -60.535962389089441, -31.715643794049061 ], [ -60.535953993557854, -31.715649709358662 ], [ -60.535938193539899, -31.715663258330629 ], [ -60.535923110494771, -31.715676732139489 ], [ -60.535912666251249, -31.715687805582071 ], [ -60.535907068263064, -31.71569769527596 ], [ -60.535898581959259, -31.715720845185089 ], [ -60.535893672940453, -31.715734961626517 ], [ -60.535888862292964, -31.715749672870722 ], [ -60.535879669603695, -31.715772906913418 ], [ -60.535872247699523, -31.715784851455652 ], [ -60.535866238598523, -31.715796636746052 ], [ -60.535857868105332, -31.715816079590425 ], [ -60.535844929210988, -31.715842828526753 ], [ -60.535837774614606, -31.715860895457972 ], [ -60.535832240220685, -31.715880010735884 ], [ -60.535824987194644, -31.715897473845082 ], [ -60.535827229805278, -31.715911352803431 ], [ -60.535846084947906, -31.715930040913381 ], [ -60.535857921628292, -31.715940939539625 ], [ -60.535870759963586, -31.715953565493407 ], [ -60.53588991039836, -31.715974065060092 ], [ -60.535898440002413, -31.715982281071994 ], [ -60.535906449530167, -31.715991788904955 ], [ -60.535915980842702, -31.716001741262176 ], [ -60.535924795177309, -31.716011768780003 ], [ -60.535933001560892, -31.716022484253415 ], [ -60.535936175370885, -31.716033175789079 ], [ -60.535923935233669, -31.716042011192336 ], [ -60.535914833285645, -31.716048010634555 ], [ -60.535902993645756, -31.716054941463472 ], [ -60.53589525138316, -31.716051547002927 ], [ -60.535888232954818, -31.71604376654226 ], [ -60.535879105942435, -31.716036238441419 ], [ -60.535869673106944, -31.716026898920951 ], [ -60.535860349196234, -31.716018154158174 ], [ -60.535850916364474, -31.716008814636115 ], [ -60.535842102038018, -31.715998787113133 ], [ -60.535834278815429, -31.715990486962809 ], [ -60.535823345306575, -31.715980702824119 ], [ -60.535812921380973, -31.715969635925727 ], [ -60.535802880605381, -31.715960984355654 ], [ -60.535795166311829, -31.715953278961511 ], [ -60.535786324038632, -31.715947562361855 ], [ -60.535773243447977, -31.715942341549134 ], [ -60.535762630319944, -31.715947905427893 ], [ -60.535751096503127, -31.715956647662274 ], [ -60.535741984002136, -31.715962647136564 ], [ -60.535733053805387, -31.715956317649383 ], [ -60.535721895554303, -31.715949645804841 ], [ -60.535711246783308, -31.715941673164512 ], [ -60.53569839105883, -31.715933358077482 ], [ -60.535689647165135, -31.715928236274113 ], [ -60.535679715378784, -31.715920188471113 ], [ -60.53566867292097, -31.715909800541784 ], [ -60.535655789188752, -31.715905787359553 ], [ -60.535642817584247, -31.715901170310339 ], [ -60.535630513843444, -31.715900780098046 ], [ -60.535602958093349, -31.715908345085719 ], [ -60.535585773243923, -31.715917760371923 ], [ -60.53557647444007, -31.715922552147397 ], [ -60.535551885046438, -31.715939601070833 ], [ -60.535542881506615, -31.715946204308164 ], [ -60.535533976388145, -31.715953411366343 ], [ -60.535505131287827, -31.715975275961725 ], [ -60.535487633675288, -31.715987181635366 ], [ -60.535469840843305, -31.715997284860361 ], [ -60.535460629897784, -31.716002680493254 ], [ -60.535442425895667, -31.716014670293333 ], [ -60.535432617540089, -31.716020753833931 ], [ -60.535423613983923, -31.716027357062949 ], [ -60.535414708796623, -31.71603455509468 ], [ -60.535399516643714, -31.716047425064986 ], [ -60.535389680305492, -31.716057819529766 ], [ -60.535379559197935, -31.716066393466544 ], [ -60.535365495078395, -31.716077283659597 ], [ -60.535346770963258, -31.716090565265674 ], [ -60.535327547908018, -31.716105147617995 ], [ -60.535298477837181, -31.716130106433148 ], [ -60.535284315277245, -31.716140392795701 ], [ -60.535267327194767, -31.716151015682776 ], [ -60.535258225193239, -31.71615701507859 ], [ -60.535248416810525, -31.716163098605175 ], [ -60.535239501046725, -31.716170296669109 ], [ -60.535229889503213, -31.716177587837631 ], [ -60.535221493876818, -31.716183503099575 ], [ -60.535212391869109, -31.716189502492149 ], [ -60.53520319138768, -31.716194889044186 ], [ -60.535187703917359, -31.716205947524433 ], [ -60.535171422192292, -31.716216486267804 ], [ -60.535163026558635, -31.716222401525929 ], [ -60.535146931118803, -31.716234147953951 ], [ -60.535130533473676, -31.716248384735298 ], [ -60.535122225704896, -31.716254903856786 ], [ -60.535109064748013, -31.716266917534707 ], [ -60.535097717120287, -31.71627686739847 ], [ -60.535074013377162, -31.71629935964506 ], [ -60.535063382672988, -31.716309225331074 ], [ -60.535053250958072, -31.716317799286511 ], [ -60.535045758528931, -31.716324838050305 ], [ -60.535037362877496, -31.716330753300241 ], [ -60.535025435317493, -31.716337089200596 ], [ -60.53501543000931, -31.716341956047643 ], [ -60.535004816789943, -31.716347519863923 ], [ -60.534994811531341, -31.71635239572749 ], [ -60.534986092568893, -31.716360801417601 ], [ -60.534976365120919, -31.716371799628462 ], [ -60.534976401786565, -31.716378184523521 ], [ -60.534909014230088, -31.716401500341611 ], [ -60.534905343965598, -31.716399874385978 ], [ -60.534894463475112, -31.716399315800071 ], [ -60.534884034087547, -31.716402412820848 ], [ -60.534870555347808, -31.716402761940831 ], [ -60.534858627715302, -31.716409088807517 ], [ -60.534848720861014, -31.716414568481785 ], [ -60.534835988424497, -31.716420375653534 ], [ -60.534813957143896, -31.71643098356278 ], [ -60.534798184882582, -31.716440230485961 ], [ -60.53478292216402, -31.71644818563437 ], [ -60.534755249936993, -31.716463015052529 ], [ -60.534741922938899, -31.716468225204775 ], [ -60.534728896641731, -31.716474304151411 ], [ -60.534719259268037, -31.716480783731157 ], [ -60.5347100253192, -31.716485863761452 ], [ -60.534698096389469, -31.716495644677575 ], [ -60.534690324504304, -31.71650363152779 ], [ -60.534679605022326, -31.716509069504795 ], [ -60.534667771415762, -31.71651156312636 ], [ -60.53465652043009, -31.716512629391492 ], [ -60.534646911583685, -31.716516727980434 ], [ -60.534642620523329, -31.716526422751095 ], [ -60.534639700701739, -31.71653606667925 ], [ -60.534636476016736, -31.716545901272777 ], [ -60.534636190479219, -31.716566004552035 ], [ -60.534631861813772, -31.716574662360458 ], [ -60.534626107250133, -31.716584877318041 ], [ -60.534627172142457, -31.716588435132717 ], [ -60.534638973951559, -31.716596944133535 ], [ -60.534641821041873, -31.716605878477495 ], [ -60.534644036228009, -31.71661684461813 ], [ -60.534643205303546, -31.716626479786424 ], [ -60.53463468715578, -31.716636796517701 ], [ -60.534623443076953, -31.716648261001438 ], [ -60.534614321859422, -31.716656442892198 ], [ -60.534595183223935, -31.71666923011275 ], [ -60.53458745547502, -31.716675719712104 ], [ -60.534578840237856, -31.716683827331273 ], [ -60.534568076568924, -31.716690762543628 ], [ -60.534557895574359, -31.71669627941851 ], [ -60.534534519591112, -31.716707902981984 ], [ -60.534520513803621, -31.716714283622327 ], [ -60.534497279100641, -31.716726628061007 ], [ -60.534487445632486, -31.716733875011986 ], [ -60.534479467412638, -31.716740843631655 ], [ -60.534470134806099, -31.716747123509499 ], [ -60.534460274283745, -31.716753333452264 ], [ -60.534451425427626, -31.716761180507735 ], [ -60.534444377414836, -31.716768460870863 ], [ -60.534432252726411, -31.716777232518524 ], [ -60.534419132919624, -31.716785413119908 ], [ -60.534409772948351, -31.716792441637772 ], [ -60.534398808131321, -31.716799260439473 ], [ -60.534386630574652, -31.716804334747916 ], [ -60.534374350410339, -31.716808074757587 ], [ -60.534359817817183, -31.716812744086532 ], [ -60.534348663916454, -31.716816028451706 ], [ -60.53433561054787, -31.716821079370682 ], [ -60.534324206186227, -31.716824842760278 ], [ -60.534314151140187, -31.716828411106935 ], [ -60.534303436719298, -31.716834741855802 ], [ -60.534294577601081, -31.7168408032942 ], [ -60.534282340146667, -31.716846473060151 ], [ -60.53421342149182, -31.716877009673023 ], [ -60.534192221207739, -31.716889056942197 ], [ -60.534168397164557, -31.716905353863144 ], [ -60.534155827470563, -31.716911962925785 ], [ -60.534141974965856, -31.716915646371749 ], [ -60.534079190625981, -31.71692491880831 ], [ -60.534068755502872, -31.716926603875876 ], [ -60.534055632030416, -31.716930473645572 ], [ -60.534041980641582, -31.716934273477875 ], [ -60.534028661162196, -31.716938919650868 ], [ -60.534019100337254, -31.716944046092664 ], [ -60.534008320928322, -31.71695008849936 ], [ -60.533995989986089, -31.716957859923799 ], [ -60.533986015116625, -31.716964376935625 ], [ -60.533972624049326, -31.716971259973395 ], [ -60.533957976026294, -31.71697788673961 ], [ -60.53394710461081, -31.716982603817168 ], [ -60.533936662903017, -31.716986823080493 ], [ -60.533926275598425, -31.716991330704932 ], [ -60.533916649808212, -31.716996168821364 ], [ -60.533893975714761, -31.717006950614461 ], [ -60.533884654735438, -31.717011589046574 ], [ -60.533871993060764, -31.717016881775702 ], [ -60.53386015780243, -31.717022784296311 ], [ -60.533849748245672, -31.717028933362048 ], [ -60.533838098492474, -31.717034068537277 ], [ -60.533824419718371, -31.717038616990756 ], [ -60.533813401939916, -31.717041729389159 ], [ -60.533801622593622, -31.717044502274877 ], [ -60.533761131303436, -31.717055683305851 ], [ -60.533751043733503, -31.717059107449593 ], [ -60.533731471959285, -31.7170663049274 ], [ -60.533707291608117, -31.71707567709959 ], [ -60.533696789988383, -31.71708049181057 ], [ -60.533687637689219, -31.717085111485389 ], [ -60.533677081715574, -31.717089646850955 ], [ -60.533666346814215, -31.717092415352226 ], [ -60.533625846831292, -31.717098401760797 ], [ -60.533604661163203, -31.717101971546761 ], [ -60.533580025935613, -31.717105609876917 ], [ -60.533564699637878, -31.717108027829774 ], [ -60.533550412306568, -31.717111325238928 ], [ -60.533537571674657, -31.717114851071504 ], [ -60.533524371499745, -31.717120073872319 ], [ -60.533509690892679, -31.717126547410281 ], [ -60.533498986608052, -31.717134663698733 ], [ -60.533488403580087, -31.717138162042421 ], [ -60.533472344274159, -31.717137859485423 ], [ -60.533460486570206, -31.717132480006331 ], [ -60.533449932056243, -31.717133588343437 ], [ -60.5334419862521, -31.717140710076205 ], [ -60.5334349381313, -31.717147990384298 ], [ -60.533424285034279, -31.717150307601443 ], [ -60.533410900865405, -31.717152879741796 ], [ -60.533373409361488, -31.717159160109947 ], [ -60.533361255106584, -31.717160951514639 ], [ -60.533352757023906, -31.71716190694578 ], [ -60.53334701742925, -31.717161867827699 ], [ -60.533335272061791, -31.717161366837995 ], [ -60.533319359523588, -31.717160901316021 ], [ -60.533307281975318, -31.717161348648524 ], [ -60.533295396860836, -31.717156708780028 ], [ -60.533279424302357, -31.717143915309347 ], [ -60.53327174047535, -31.717135984174924 ], [ -60.533265791073369, -31.717130625056637 ], [ -60.533254905910752, -31.717129263710586 ], [ -60.533243877880786, -31.717130590453461 ], [ -60.533202502042457, -31.717136553335841 ], [ -60.533009478545473, -31.71716238100171 ], [ -60.533003390829627, -31.717163603819873 ], [ -60.532963475182754, -31.717169919924565 ], [ -60.532951891911225, -31.717171934364139 ], [ -60.532939606582964, -31.717174790451438 ], [ -60.532915715616625, -31.717181284384942 ], [ -60.532894185952621, -31.717187434762234 ], [ -60.532883314896679, -31.717190384135481 ], [ -60.532861442777296, -31.717195688206154 ], [ -60.532849886480847, -31.71719873062484 ], [ -60.532838144718546, -31.717202549402753 ], [ -60.532826794648805, -31.717206601021772 ], [ -60.532815362808165, -31.717211112921493 ], [ -60.53280455630879, -31.717216127238842 ], [ -60.532794870928939, -31.717219784105556 ], [ -60.532776992322312, -31.717224205703399 ], [ -60.532744543780765, -31.7172304828497 ], [ -60.532732017591584, -31.717233655568648 ], [ -60.53271950973884, -31.717238189992798 ], [ -60.532710079927149, -31.717242260633011 ], [ -60.532699840470706, -31.717244963853986 ], [ -60.532690502586988, -31.717250350799592 ], [ -60.532680967129416, -31.71725993214039 ], [ -60.532672803261676, -31.717267677008397 ], [ -60.532664949315269, -31.717276115000217 ], [ -60.532657112239292, -31.717283813409715 ], [ -60.532638722949351, -31.717298563225199 ], [ -60.532630580999843, -31.717306452293826 ], [ -60.532621427066339, -31.717314489884579 ], [ -60.53261095117437, -31.717321973854588 ], [ -60.532602935234635, -31.71732791441395 ], [ -60.532592557983179, -31.717334198519058 ], [ -60.532583121492209, -31.717340794338501 ], [ -60.532573265541977, -31.7173496825909 ], [ -60.53255645875727, -31.717366274562252 ], [ -60.532548974612219, -31.717374810204923 ], [ -60.532541675933693, -31.717382569487395 ], [ -60.532532690683311, -31.717390588330318 ], [ -60.53250322051354, -31.717415890882563 ], [ -60.532495323857468, -31.717422399098034 ], [ -60.532484989269868, -31.717430612960424 ], [ -60.532474176060163, -31.717438152438625 ], [ -60.532460723743966, -31.71744727214498 ], [ -60.532450590272468, -31.717455602404232 ], [ -60.532441414039582, -31.7174652814296 ], [ -60.532434289490745, -31.717472129117223 ], [ -60.532423644574429, -31.717481426482383 ], [ -60.532414197851296, -31.717486236682728 ], [ -60.532398194856228, -31.717493951140632 ], [ -60.532386369647, -31.717501639132376 ], [ -60.532373825203891, -31.717512703019477 ], [ -60.532365906605754, -31.717519067023758 ], [ -60.532350970383639, -31.717525144685272 ], [ -60.532333488492249, -31.717530691868479 ], [ -60.532326022130704, -31.717531976238639 ], [ -60.532323469839412, -31.717534378814477 ], [ -60.532308953656276, -31.717540849860168 ], [ -60.532295530303934, -31.717545811931604 ], [ -60.53228310833434, -31.71755061650753 ], [ -60.532271850520573, -31.717554207752187 ], [ -60.532256278742381, -31.71755799737463 ], [ -60.532245701891817, -31.717560747060052 ], [ -60.532232992269918, -31.717563217058384 ], [ -60.532167350179485, -31.717574691965456 ], [ -60.532154172135108, -31.717578273178205 ], [ -60.5321428544638, -31.717582468896243 ], [ -60.53212995896255, -31.71758749187612 ], [ -60.532107993206722, -31.717594897503325 ], [ -60.532093634523235, -31.717598654987622 ], [ -60.532066811176811, -31.717605287259182 ], [ -60.532054019769788, -31.717608217521029 ], [ -60.532037545135971, -31.717610946709858 ], [ -60.53202387286575, -31.717612969783108 ], [ -60.53201384970972, -31.717605526311868 ], [ -60.532008559744675, -31.717597395724894 ], [ -60.531999432848622, -31.717580623454882 ], [ -60.531988774211818, -31.717570900970276 ], [ -60.531978018911985, -31.71757011615323 ], [ -60.531953710237019, -31.717573698696906 ], [ -60.531928236625767, -31.717578359289671 ], [ -60.531903916218027, -31.717583583227277 ], [ -60.531887686553539, -31.717586717204121 ], [ -60.531722122132933, -31.717611171388182 ], [ -60.531681369261555, -31.717622821810362 ], [ -60.531564268153076, -31.717657498979168 ], [ -60.531554804227959, -31.717664852385479 ], [ -60.531546863275359, -31.717672857786869 ], [ -60.531540755727193, -31.717680449714496 ], [ -60.531533112952722, -31.717690789645488 ], [ -60.531525938603139, -31.717700018356084 ], [ -60.531517523762368, -31.717710027823049 ], [ -60.531508896373637, -31.717719767622643 ], [ -60.531500275676258, -31.717726982232989 ], [ -60.531489228756598, -31.717734261067889 ], [ -60.531478839647768, -31.717742186486646 ], [ -60.531463441423313, -31.71775976447017 ], [ -60.531459410586713, -31.717770756703739 ], [ -60.531455456121137, -31.717782190521945 ], [ -60.531445431554936, -31.717802235189613 ], [ -60.531441547126931, -31.717814850129844 ], [ -60.531440073641221, -31.717824722435505 ], [ -60.531437920055382, -31.717835589603478 ], [ -60.53142943047439, -31.717841748506082 ], [ -60.531419288282841, -31.717844875085454 ], [ -60.531395826345808, -31.717852647564193 ], [ -60.531384454209238, -31.717856554852414 ], [ -60.531374336201338, -31.717860222433266 ], [ -60.531302582391099, -31.717882319026213 ], [ -60.531291906813763, -31.717886268495604 ], [ -60.531280703368154, -31.717890157034692 ], [ -60.5312683854185, -31.717892868802643 ], [ -60.531256116773037, -31.717894976129113 ], [ -60.531244587717353, -31.717897269759646 ], [ -60.531233885172661, -31.717900191235358 ], [ -60.531223291368683, -31.717903680418214 ], [ -60.531211331444275, -31.717908122227652 ], [ -60.531196982857118, -31.717913665218621 ], [ -60.531186530316091, -31.717917875284368 ], [ -60.531174396649057, -31.717921452044838 ], [ -60.531148922481236, -31.717927889115789 ], [ -60.531113522859386, -31.717938461898129 ], [ -60.531100877730744, -31.717943005754485 ], [ -60.531090740606878, -31.717947025111439 ], [ -60.531068197085744, -31.717956750703703 ], [ -60.531059022645046, -31.717961225988049 ], [ -60.530983556374807, -31.718066866573931 ], [ -60.530953074010618, -31.718096096002494 ], [ -60.530869399552159, -31.718079598020854 ], [ -60.53074402133884, -31.718080120033196 ], [ -60.530666213515318, -31.718085708456712 ], [ -60.530647051449911, -31.718089208432026 ], [ -60.530624656204601, -31.718095343993532 ], [ -60.530610607292296, -31.718099794441315 ], [ -60.530600556996717, -31.718104246282717 ], [ -60.53058955423667, -31.718110036815112 ], [ -60.530580074881151, -31.718114702721099 ], [ -60.530568097629725, -31.718121669703262 ], [ -60.530557301020238, -31.718128460420868 ], [ -60.530546047772589, -31.718134729968696 ], [ -60.53052361331769, -31.718143246541572 ], [ -60.530509857465411, -31.71814913870773 ], [ -60.530499018258688, -31.718154008671778 ], [ -60.530487482430914, -31.718158827422979 ], [ -60.530474499943445, -31.718163426731753 ], [ -60.530463623558902, -31.718165474078571 ], [ -60.530428688814411, -31.718170633678557 ], [ -60.530399902739966, -31.718173549154656 ], [ -60.530388221817375, -31.718175121865308 ], [ -60.530374680519628, -31.718176080042571 ], [ -60.530360497046821, -31.718177284387476 ], [ -60.530335094803789, -31.718179698776865 ], [ -60.530322064585462, -31.71818147549979 ], [ -60.530268228801503, -31.718189428225042 ], [ -60.530257200599806, -31.718190754711237 ], [ -60.530245765074184, -31.71819095558666 ], [ -60.530231343309197, -31.718189220899735 ], [ -60.530220867032391, -31.718185566913291 ], [ -60.530210413116194, -31.718180280496906 ], [ -60.53019921452902, -31.718173914964797 ], [ -60.530189065441384, -31.718168428873469 ], [ -60.530178234979168, -31.718165569978332 ], [ -60.53016425262576, -31.71816689070468 ], [ -60.530150585260209, -31.718169797363537 ], [ -60.530141415834613, -31.718175165385887 ], [ -60.530134089940653, -31.718181896543335 ], [ -60.530128090978693, -31.718190056113329 ], [ -60.530120296196905, -31.718199675117724 ], [ -60.530108232165283, -31.718217356314121 ], [ -60.530099898909114, -31.718226905408777 ], [ -60.530092148793912, -31.718233250535292 ], [ -60.530082669011151, -31.718239702055548 ], [ -60.530063991136139, -31.71825390257705 ], [ -60.530053680203366, -31.718257056805058 ], [ -60.530043244904945, -31.718258750563432 ], [ -60.530019757397582, -31.718262067791148 ], [ -60.52998160739871, -31.71826770057579 ], [ -60.529969267438297, -31.718270268015278 ], [ -60.529959591993453, -31.718275710275577 ], [ -60.529950095303739, -31.718282901367758 ], [ -60.529939467330415, -31.718289673295374 ], [ -60.529927802014058, -31.718292138723804 ], [ -60.529916833266434, -31.718294646348024 ], [ -60.529878356499239, -31.718300334570703 ], [ -60.529852524523236, -31.718303255682432 ], [ -60.529837840051222, -31.718305418005215 ], [ -60.529826980529727, -31.718306725716417 ], [ -60.529815163401999, -31.718308470290975 ], [ -60.529800516528539, -31.71831167859127 ], [ -60.529778122782822, -31.718314386994429 ], [ -60.529763574536624, -31.718316386410823 ], [ -60.529752866818349, -31.718318414959452 ], [ -60.529740983081872, -31.718323289199603 ], [ -60.529731263328792, -31.718330219667919 ], [ -60.529721081864274, -31.718335736160199 ], [ -60.529710108080081, -31.718337359981344 ], [ -60.529698562085578, -31.718340402072684 ], [ -60.529687675112164, -31.718342449397486 ], [ -60.52966550952457, -31.718346320210685 ], [ -60.529653169544595, -31.718348887619676 ], [ -60.529641895903509, -31.718351585874036 ], [ -60.529632486095309, -31.718359218484895 ], [ -60.529625355796178, -31.718366958865026 ], [ -60.529617223995501, -31.718374838681665 ], [ -60.529608223219348, -31.718380187928421 ], [ -60.529600973531707, -31.718387342605059 ], [ -60.529601332872836, -31.718398587096249 ], [ -60.529605799648749, -31.718421547503954 ], [ -60.529598441225581, -31.718428134471001 ], [ -60.529586383741545, -31.71843214364916 ], [ -60.529570665321884, -31.718434310236287 ], [ -60.529559369348028, -31.718438649930675 ], [ -60.529550492919896, -31.718445459642702 ], [ -60.529548225241307, -31.718454857248886 ], [ -60.529543699970013, -31.718464291287525 ], [ -60.529533644559173, -31.718467859260155 ], [ -60.529511593193156, -31.718471413927183 ], [ -60.529483774701525, -31.718475668924604 ], [ -60.529454829948165, -31.71848038853329 ], [ -60.529400983362109, -31.718488340938478 ], [ -60.52938998758232, -31.718489811510178 ], [ -60.529241297977471, -31.718511766453638 ], [ -60.529227930339353, -31.718513589557951 ], [ -60.529205504107914, -31.718516162719261 ], [ -60.529191859037482, -31.718517436847069 ], [ -60.529169568932311, -31.718519829068391 ], [ -60.529158937945745, -31.718520513502519 ], [ -60.5291475023758, -31.71852071427988 ], [ -60.529132889549651, -31.718520639653356 ], [ -60.529120142219668, -31.718522081397744 ], [ -60.529077944048566, -31.718528307893511 ], [ -60.5290387055677, -31.718533656324251 ], [ -60.529010882015349, -31.718537027433431 ], [ -60.52899610555545, -31.718537864331832 ], [ -60.528984233991849, -31.718539320465645 ], [ -60.528908450179586, -31.718550511116771 ], [ -60.528872046566583, -31.718555297611083 ], [ -60.528860539287152, -31.7185577352313 ], [ -60.528847206264516, -31.718554507830444 ], [ -60.528835319077466, -31.718555071190501 ], [ -60.528824122160287, -31.718556425308201 ], [ -60.528802691006483, -31.71855958948769 ], [ -60.528788931662824, -31.718561179691541 ], [ -60.528775743208371, -31.718562974950025 ], [ -60.52876480856542, -31.718562208643291 ], [ -60.528753649183749, -31.718564599718789 ], [ -60.528743045175652, -31.718566321126048 ], [ -60.526630210621811, -31.718828850805668 ], [ -60.525946387736255, -31.718845133454991 ], [ -60.525911583157793, -31.718843513466965 ], [ -60.525018066067481, -31.718876269057223 ], [ -60.525066652500684, -31.719255028568835 ], [ -60.525768216799072, -31.719125881836838 ], [ -60.52611379490024, -31.719058061281224 ], [ -60.526364681999226, -31.719025506261932 ], [ -60.526670089430446, -31.71898684425982 ] ] ] ] } },
{ "type": "Feature", "properties": { "fid": 10, "nombre": "Plazoleta Caracas", "tipo": "PARQUE PUBLICO", "area": 551 }, "geometry": { "type": "MultiPolygon", "coordinates": [ [ [ [ -60.525654752854372, -31.721208261945851 ], [ -60.52563144966615, -31.721093773037634 ], [ -60.525617777998036, -31.721013135748933 ], [ -60.525617495679178, -31.720963106844511 ], [ -60.525607927972054, -31.720940552067233 ], [ -60.525600357591742, -31.72093735553274 ], [ -60.525581477175258, -31.720937433372782 ], [ -60.525496897708472, -31.721005564716105 ], [ -60.525419806570071, -31.721062368028559 ], [ -60.525369029636764, -31.721098082503445 ], [ -60.525354016302302, -31.721114283105202 ], [ -60.525357947137252, -31.72114170275028 ], [ -60.525369348234911, -31.72115456675138 ], [ -60.525441212339672, -31.721175250925135 ], [ -60.52549798120554, -31.721197611155933 ], [ -60.525596432849156, -31.721245621485789 ], [ -60.525622865519608, -31.721245512504929 ], [ -60.525643588508288, -31.721237357695472 ], [ -60.525654752854372, -31.721208261945851 ] ] ] ] } },
{ "type": "Feature", "properties": { "fid": 11, "nombre": "Plaza Gregoria Perez", "tipo": "PLAZA", "area": 13495 }, "geometry": { "type": "MultiPolygon", "coordinates": [ [ [ [ -60.565289942552617, -31.710531809201189 ], [ -60.566682588873881, -31.710497435844911 ], [ -60.566692815484231, -31.710492908240642 ], [ -60.566707846590269, -31.710485644738295 ], [ -60.56672249452054, -31.710477823795401 ], [ -60.56673202939249, -31.710472307236618 ], [ -60.566741362401537, -31.710466557095529 ], [ -60.566755000578432, -31.710457496095465 ], [ -60.566768160965026, -31.710447932186391 ], [ -60.566780812023318, -31.710437883545417 ], [ -60.566788956105697, -31.710430921199411 ], [ -60.566796856402398, -31.710423770549777 ], [ -60.566804502254541, -31.710416413607177 ], [ -60.566811904375847, -31.710408877379212 ], [ -60.566819041613073, -31.710401152941571 ], [ -60.566825914021038, -31.710393249312492 ], [ -60.566835703880621, -31.710381094057301 ], [ -60.566841877567683, -31.710372787704735 ], [ -60.566847776040987, -31.710364329262276 ], [ -60.566856063021376, -31.710351378047573 ], [ -60.566861210412057, -31.710342580243715 ], [ -60.566866061600408, -31.710333648480194 ], [ -60.566872751637355, -31.710320046019529 ], [ -60.566876820480019, -31.710310838162844 ], [ -60.566880582790887, -31.710301532466193 ], [ -60.566885613413334, -31.710287414314148 ], [ -60.566888562115558, -31.710277895792483 ], [ -60.566891183407314, -31.710268315597457 ], [ -60.566893487837895, -31.710258673682169 ], [ -60.566895443759755, -31.710248970187411 ], [ -60.566897770595467, -31.710234340987562 ], [ -60.566899337448035, -31.710219643019197 ], [ -60.56689556853491, -31.710193181701857 ], [ -60.566747325694088, -31.709849535541817 ], [ -60.566548388241287, -31.709487590607587 ], [ -60.56650442945768, -31.709458196485627 ], [ -60.566460429592603, -31.709449806428371 ], [ -60.565886617396444, -31.709523112821987 ], [ -60.565747609249804, -31.709585929704339 ], [ -60.565669307097835, -31.709661689123081 ], [ -60.56537024312118, -31.710246245689682 ], [ -60.565289942552617, -31.710531809201189 ] ] ] ] } },
{ "type": "Feature", "properties": { "fid": 12, "nombre": "Plaza Inmac Corazon de Maria", "tipo": "PLAZA", "area": 310 }, "geometry": { "type": "MultiPolygon", "coordinates": [ [ [ [ -60.566695813520361, -31.708680481376444 ], [ -60.566808999517001, -31.708630557353501 ], [ -60.566623327220633, -31.708352691580139 ], [ -60.566634339030195, -31.708487318481982 ], [ -60.566633234540582, -31.708531216040779 ], [ -60.566627529067567, -31.70866335222907 ], [ -60.566695813520361, -31.708680481376444 ] ] ] ] } },
{ "type": "Feature", "properties": { "fid": 13, "nombre": "PLaza Artigas", "tipo": "PLAZA", "area": 128 }, "geometry": { "type": "MultiPolygon", "coordinates": [ [ [ [ -60.53750395689822, -31.724056612147717 ], [ -60.537366205626761, -31.724217889784722 ], [ -60.53756644471823, -31.724160977132343 ], [ -60.53750395689822, -31.724056612147717 ] ] ] ] } },
{ "type": "Feature", "properties": { "fid": 14, "nombre": "Reserva Municipal", "tipo": "RESERVA MUNICIPAL SIN ESCRITUR", "area": 33827 }, "geometry": { "type": "MultiPolygon", "coordinates": [ [ [ [ -60.551955180368743, -31.715448449791875 ], [ -60.552673854435085, -31.716180257281888 ], [ -60.553392539819264, -31.716912060508129 ], [ -60.5535218691126, -31.716891905594952 ], [ -60.553557853171853, -31.716847429869937 ], [ -60.553310242280745, -31.715686454215142 ], [ -60.553062637779753, -31.714525477798336 ], [ -60.553840798709572, -31.714398501245029 ], [ -60.553624738923055, -31.713166039653547 ], [ -60.553276812739298, -31.713212752721187 ], [ -60.5528252020436, -31.713689927705779 ], [ -60.552390195258603, -31.71456918950458 ], [ -60.551955180368743, -31.715448449791875 ] ] ] ] } },
{ "type": "Feature", "properties": { "fid": 15, "nombre": "Nuevo Parque", "tipo": "PARQUE PUBLICO", "area": 41210 }, "geometry": { "type": "MultiPolygon", "coordinates": [ [ [ [ -60.55516770271381, -31.71509815853787 ], [ -60.555293044889851, -31.714909045146555 ], [ -60.555387529518605, -31.714848009114945 ], [ -60.555584579382149, -31.714945002468635 ], [ -60.555600424501641, -31.714918220757642 ], [ -60.555825308698203, -31.715017164648071 ], [ -60.556052247721226, -31.714672342882203 ], [ -60.555972966021478, -31.714214640051893 ], [ -60.555905603164909, -31.714224717818734 ], [ -60.553512247156256, -31.714638316217044 ], [ -60.553819955354477, -31.716848077080268 ], [ -60.554729115740841, -31.7167081219194 ], [ -60.555495652509556, -31.715518122539748 ], [ -60.555035682357357, -31.715285060709373 ], [ -60.555088101603978, -31.715206785583113 ], [ -60.555129210122999, -31.715145400113123 ], [ -60.55516770271381, -31.71509815853787 ] ] ] ] } },
{ "type": "Feature", "properties": { "fid": 16, "nombre": "Plazoleta Cadete Cejas", "tipo": "PLAZA", "area": 169 }, "geometry": { "type": "MultiPolygon", "coordinates": [ [ [ [ -60.541202752720004, -31.730320480005794 ], [ -60.541143896067723, -31.730340330744539 ], [ -60.541269675444035, -31.730561006272819 ], [ -60.541331775798703, -31.730535541457428 ], [ -60.541202752720004, -31.730320480005794 ] ] ] ] } },
{ "type": "Feature", "properties": { "fid": 17, "nombre": "Plazoleta Guemes", "tipo": "PLAZA", "area": 2906 }, "geometry": { "type": "MultiPolygon", "coordinates": [ [ [ [ -60.520033359815763, -31.722714346322693 ], [ -60.519785141492257, -31.722755808644312 ], [ -60.519732834545472, -31.722922878160855 ], [ -60.519953819463446, -31.723301195751453 ], [ -60.520179591988587, -31.723477243415896 ], [ -60.520393280313328, -31.723607833757946 ], [ -60.520464265006417, -31.723607543963912 ], [ -60.520033359815763, -31.722714346322693 ] ] ] ] } },
{ "type": "Feature", "properties": { "fid": 18, "nombre": "Plaza Javier Villafañe", "tipo": "PLAZA", "area": 2753 }, "geometry": { "type": "MultiPolygon", "coordinates": [ [ [ [ -60.519029563821128, -31.788432915863318 ], [ -60.519029563821128, -31.788432915863318 ], [ -60.519651774787164, -31.788331233020621 ], [ -60.519557587615118, -31.787912183927254 ], [ -60.519505183368814, -31.787881841473919 ], [ -60.518970978194758, -31.787969437999692 ], [ -60.518935454019172, -31.788014198557935 ], [ -60.519029563821128, -31.788432915863318 ] ] ] ] } },
{ "type": "Feature", "properties": { "fid": 19, "nombre": "Nuevo Parque", "tipo": "PARQUE PUBLICO", "area": 162114 }, "geometry": { "type": "MultiPolygon", "coordinates": [ [ [ [ -60.55652602889856, -31.709964771748506 ], [ -60.556397946710497, -31.71002847709028 ], [ -60.555902793150622, -31.710274773594058 ], [ -60.555229502786446, -31.710609669552397 ], [ -60.553489231267406, -31.71147520543952 ], [ -60.553344292350268, -31.711547287083384 ], [ -60.55340571619783, -31.71190759575601 ], [ -60.555519293707448, -31.711612050876184 ], [ -60.555846311887166, -31.713582889445906 ], [ -60.555920739213668, -31.714048068109925 ], [ -60.556296958427147, -31.713995953128698 ], [ -60.556435450060356, -31.713849821513218 ], [ -60.556433424113635, -31.713804774380733 ], [ -60.556427187680647, -31.713666106330901 ], [ -60.556283460565062, -31.712849058784212 ], [ -60.556275512324262, -31.712750400802065 ], [ -60.557714964121558, -31.712303684530749 ], [ -60.55788540307077, -31.712155226176261 ], [ -60.558025661368461, -31.712089995417521 ], [ -60.558146325641516, -31.712050679037421 ], [ -60.558184536437679, -31.712027740250814 ], [ -60.55987297644436, -31.711506237068374 ], [ -60.559301524597501, -31.710089596657582 ], [ -60.559175390806935, -31.709795996070081 ], [ -60.56094064142183, -31.709253749596304 ], [ -60.56077144120421, -31.707853358581488 ], [ -60.558841272167449, -31.708813309400373 ], [ -60.558697409109747, -31.70888486025493 ], [ -60.557830722003452, -31.709315904737576 ], [ -60.557176199106735, -31.7096414234001 ], [ -60.55652602889856, -31.709964771748506 ] ] ] ] } },
{ "type": "Feature", "properties": { "fid": 20, "nombre": "Plazoleta 20 de Diciembre", "tipo": "PARQUE PUBLICO", "area": 43359 }, "geometry": { "type": "MultiPolygon", "coordinates": [ [ [ [ -60.549730751955096, -31.717281120285516 ], [ -60.549736426650853, -31.717254509303658 ], [ -60.54971362263646, -31.717174433880615 ], [ -60.549636740252076, -31.717012508951193 ], [ -60.549587004232585, -31.716909642818731 ], [ -60.549539647790105, -31.716831582094102 ], [ -60.549508227001624, -31.716804992939416 ], [ -60.549452129753831, -31.716759421136501 ], [ -60.549326672022175, -31.716691241390436 ], [ -60.549111655092126, -31.716583360399241 ], [ -60.548941468856135, -31.716503919510565 ], [ -60.548831812034024, -31.716464304723424 ], [ -60.548751331423631, -31.716449379955343 ], [ -60.548655309262202, -31.71644979321206 ], [ -60.548467731080692, -31.716450600295641 ], [ -60.548331547293202, -31.716456912771868 ], [ -60.548293641210911, -31.716466620290763 ], [ -60.548271467748421, -31.716493440236317 ], [ -60.548244985393566, -31.716547003296292 ], [ -60.548205587558918, -31.7166827045518 ], [ -60.54812837321672, -31.716843384071552 ], [ -60.547997935072686, -31.717067285994712 ], [ -60.547840216475556, -31.717209222349357 ], [ -60.547673464015382, -31.717334017225017 ], [ -60.547531185431879, -31.717443435586528 ], [ -60.547393529747787, -31.717579558527667 ], [ -60.547273794568781, -31.717725148890075 ], [ -60.54720074124468, -31.717834269704717 ], [ -60.547110215257369, -31.718010276923561 ], [ -60.547035175017982, -31.718161401944364 ], [ -60.546944782901299, -31.7183603152533 ], [ -60.546843168751145, -31.718549732136029 ], [ -60.546779203659526, -31.718685538303571 ], [ -60.546717124211597, -31.718762160489042 ], [ -60.546630513819586, -31.718844614523675 ], [ -60.546383744652488, -31.719034653332191 ], [ -60.546228163872044, -31.719161307337298 ], [ -60.546148140182076, -31.719224643836149 ], [ -60.546110367033556, -31.719257256926397 ], [ -60.546094914093644, -31.719287865499783 ], [ -60.546101725430674, -31.719306925310295 ], [ -60.546117378716801, -31.71931261778067 ], [ -60.546134106003898, -31.719306786601734 ], [ -60.548387700016292, -31.71859845583624 ], [ -60.5484354424839, -31.718552436899241 ], [ -60.548461936519871, -31.718500782661547 ], [ -60.548479498040656, -31.718449166847552 ], [ -60.548508191424268, -31.718391776441937 ], [ -60.548541440934642, -31.718349637615514 ], [ -60.548579224098987, -31.718318932664364 ], [ -60.548643737194311, -31.718276659282456 ], [ -60.548699452690222, -31.718257330515886 ], [ -60.548755168162707, -31.718238001725155 ], [ -60.548815406073928, -31.718228197935424 ], [ -60.548866711508616, -31.718218432573504 ], [ -60.548893463908158, -31.718210681802315 ], [ -60.54892459254765, -31.718187640994042 ], [ -60.548973214861746, -31.718101531196012 ], [ -60.549094854645325, -31.717900572996044 ], [ -60.549165605160674, -31.717780007639274 ], [ -60.549229960054809, -31.717711010060793 ], [ -60.549300980392232, -31.717636257035341 ], [ -60.549427569172202, -31.717517359837107 ], [ -60.549698779464862, -31.717308120796382 ], [ -60.549730751955096, -31.717281120285516 ] ] ] ] } },
{ "type": "Feature", "properties": { "fid": 21, "nombre": "Plaza Almirante Brown", "tipo": "PARQUE PUBLICO", "area": 3259 }, "geometry": { "type": "MultiPolygon", "coordinates": [ [ [ [ -60.520358991275735, -31.719477404495699 ], [ -60.520373061621221, -31.719460947093609 ], [ -60.520419027915977, -31.719161436534677 ], [ -60.520415279501691, -31.719138915798464 ], [ -60.520407208150658, -31.71911579445992 ], [ -60.520384241098071, -31.719090403181667 ], [ -60.520368242533607, -31.719081786616115 ], [ -60.519969010560551, -31.719034625790005 ], [ -60.5199515805568, -31.719038313271188 ], [ -60.519927391697792, -31.719048395330695 ], [ -60.519901184422316, -31.719069235593395 ], [ -60.51967664162914, -31.719338557799684 ], [ -60.519666967049119, -31.719357346552108 ], [ -60.519666128265577, -31.719398037538461 ], [ -60.519675022484627, -31.719417105962744 ], [ -60.519751760839654, -31.719544521081026 ], [ -60.519776019832726, -31.719567247155833 ], [ -60.519816270483147, -31.719579132522913 ], [ -60.52006898801195, -31.719544990478305 ], [ -60.520336332354915, -31.719503907523265 ], [ -60.520358991275735, -31.719477404495699 ] ] ] ] } },
{ "type": "Feature", "properties": { "fid": 22, "nombre": "Plaza de las Provincias", "tipo": "PARQUE PUBLICO", "area": 5456 }, "geometry": { "type": "MultiPolygon", "coordinates": [ [ [ [ -60.520650552946826, -31.720132882617918 ], [ -60.520689828170475, -31.720209583529542 ], [ -60.521334198845182, -31.720064204505377 ], [ -60.521356679600473, -31.720057979099831 ], [ -60.521416748653088, -31.719966430804075 ], [ -60.521382500265574, -31.719813321513307 ], [ -60.52131835429801, -31.71952655201973 ], [ -60.521230911989555, -31.719478834904116 ], [ -60.520568293901043, -31.719578760519546 ], [ -60.520379745138008, -31.71960401593936 ], [ -60.520650552946826, -31.720132882617918 ] ] ] ] } },
{ "type": "Feature", "properties": { "fid": 23, "nombre": "Plaza Aníbal Sánchez", "tipo": "RESERVA MUNICIPAL SIN ESCRITUR", "area": 1265 }, "geometry": { "type": "MultiPolygon", "coordinates": [ [ [ [ -60.514383394846774, -31.787471050282129 ], [ -60.514320252268135, -31.787132202205409 ], [ -60.514027368616809, -31.787171735005963 ], [ -60.513987618446599, -31.78721244260522 ], [ -60.514021798000229, -31.787519609314096 ], [ -60.514383394846774, -31.787471050282129 ] ] ] ] } },
{ "type": "Feature", "properties": { "fid": 24, "nombre": "Corbeta Ara Guerrico", "tipo": "PLAZA", "area": 3230 }, "geometry": { "type": "MultiPolygon", "coordinates": [ [ [ [ -60.507706311024741, -31.766845922574269 ], [ -60.508120623524846, -31.766779492892653 ], [ -60.508023269875544, -31.766336316176687 ], [ -60.507297042170315, -31.766452756451312 ], [ -60.507376869366453, -31.766816161843977 ], [ -60.50768811120944, -31.766766259169597 ], [ -60.507706311024741, -31.766845922574269 ] ] ] ] } },
{ "type": "Feature", "properties": { "fid": 25, "nombre": "Plaza", "tipo": "PLAZA", "area": 7144 }, "geometry": { "type": "MultiPolygon", "coordinates": [ [ [ [ -60.480019316973227, -31.718391275636499 ], [ -60.480898119855922, -31.718250369176449 ], [ -60.480730015449893, -31.717509568288225 ], [ -60.479840054908884, -31.717650254081367 ], [ -60.480019316973227, -31.718391275636499 ] ] ] ] } },
{ "type": "Feature", "properties": { "fid": 26, "nombre": "Plaza Carlos Pellegrini", "tipo": "PLAZA", "area": 863 }, "geometry": { "type": "MultiPolygon", "coordinates": [ [ [ [ -60.520452826673342, -31.739910222279093 ], [ -60.520350778181594, -31.739767251525922 ], [ -60.519683438824508, -31.740441708859482 ], [ -60.520452826673342, -31.739910222279093 ] ] ] ] } },
{ "type": "Feature", "properties": { "fid": 27, "nombre": "Bº Sta Maria del Rosario", "tipo": "ESPACIO VERDE", "area": 1741 }, "geometry": { "type": "MultiPolygon", "coordinates": [ [ [ [ -60.488601188809007, -31.766565427778627 ], [ -60.488516037850395, -31.766159217925015 ], [ -60.488464092298791, -31.766128319873019 ], [ -60.488144423524432, -31.766177230100606 ], [ -60.488163031483424, -31.766266000807022 ], [ -60.48818163947908, -31.766354771509121 ], [ -60.488200247292319, -31.766443541161756 ], [ -60.48821885529032, -31.766532311516645 ], [ -60.48823746272172, -31.766621078989292 ], [ -60.488601188809007, -31.766565427778627 ] ] ] ] } },
{ "type": "Feature", "properties": { "fid": 28, "nombre": "Bº 101 Viviendas", "tipo": "ESPACIO VERDE", "area": 19787 }, "geometry": { "type": "MultiPolygon", "coordinates": [ [ [ [ -60.509121911231183, -31.776017499529424 ], [ -60.509647548778865, -31.775938399617406 ], [ -60.509724176326486, -31.77559576833692 ], [ -60.509821071134446, -31.775253974586779 ], [ -60.510032428718823, -31.774611758278105 ], [ -60.510147412473337, -31.774275121846824 ], [ -60.510243422161111, -31.774040498359629 ], [ -60.510393552094833, -31.773724151871679 ], [ -60.510464061305377, -31.773587074293903 ], [ -60.50915311501555, -31.773788451782874 ], [ -60.508687236181196, -31.773859321638177 ], [ -60.509137700194977, -31.774144547745905 ], [ -60.509396049650675, -31.774547762053189 ], [ -60.509454600243302, -31.774933231685832 ], [ -60.509499853143886, -31.775123599671261 ], [ -60.509191035818894, -31.775177171204444 ], [ -60.509145783521582, -31.774986803104525 ], [ -60.508973163546017, -31.77501674768806 ], [ -60.508925815410166, -31.775091110700529 ], [ -60.509121911231183, -31.776017499529424 ] ] ] ] } },
{ "type": "Feature", "properties": { "fid": 29, "nombre": "Lomas del Seminario", "tipo": "ESPACIO VERDE", "area": 1354 }, "geometry": { "type": "MultiPolygon", "coordinates": [ [ [ [ -60.478612874643389, -31.72629826770175 ], [ -60.47869466862106, -31.726700698218153 ], [ -60.479005762309441, -31.726650828979913 ], [ -60.478924522742645, -31.726250987000299 ], [ -60.478612874643389, -31.72629826770175 ] ] ] ] } },
{ "type": "Feature", "properties": { "fid": 30, "nombre": "Paseo de la Enfermeria", "tipo": "ESPACIO VERDE", "area": 21485 }, "geometry": { "type": "MultiPolygon", "coordinates": [ [ [ [ -60.492767615547521, -31.743481730572306 ], [ -60.492808824376048, -31.743667206760698 ], [ -60.492835204187621, -31.743764257246006 ], [ -60.492946362397589, -31.744232840993117 ], [ -60.493329891698899, -31.744170583430776 ], [ -60.493367666728517, -31.744164451417156 ], [ -60.493567717804488, -31.744132005060656 ], [ -60.493771586459417, -31.744098919768888 ], [ -60.493827082782644, -31.744090350160405 ], [ -60.493862744160566, -31.744265620186884 ], [ -60.493877568732429, -31.744348577267655 ], [ -60.494023723773147, -31.744326835503017 ], [ -60.49413717734118, -31.744852331666923 ], [ -60.494331582036445, -31.744824333047148 ], [ -60.494507913721264, -31.745595661378665 ], [ -60.494283492320264, -31.746281137996608 ], [ -60.494313641930397, -31.746300600023545 ], [ -60.49490656126671, -31.746208276815807 ], [ -60.494695575463105, -31.74530103857224 ], [ -60.494484593892153, -31.744393799808574 ], [ -60.494273616553571, -31.74348656052484 ], [ -60.493861886947791, -31.743551364959554 ], [ -60.493445258896372, -31.743616938944534 ], [ -60.493303490180558, -31.742980033928909 ], [ -60.493098231236374, -31.743012623945141 ], [ -60.492781673563186, -31.743062884740187 ], [ -60.492814531454478, -31.743210231886934 ], [ -60.492829884500722, -31.743279080553492 ], [ -60.492726314975386, -31.743295840671902 ], [ -60.492767615547521, -31.743481730572306 ] ] ] ] } },
{ "type": "Feature", "properties": { "fid": 31, "nombre": "Reserva", "tipo": "RESERVA MUNICIPAL", "area": 495 }, "geometry": { "type": "MultiPolygon", "coordinates": [ [ [ [ -60.480324890275398, -31.717408011134584 ], [ -60.480293925818458, -31.717261591836124 ], [ -60.480262961471553, -31.717115172571539 ], [ -60.480184515277919, -31.717126908074285 ], [ -60.480107074596802, -31.717138493102809 ], [ -60.480138039387711, -31.717284915623786 ], [ -60.48016900428572, -31.717431338164754 ], [ -60.480324890275398, -31.717408011134584 ] ] ] ] } },
{ "type": "Feature", "properties": { "fid": 32, "nombre": "Dr Jorge E. Palumbo", "tipo": "PLAZA", "area": 2463 }, "geometry": { "type": "MultiPolygon", "coordinates": [ [ [ [ -60.483279338850551, -31.726945334332783 ], [ -60.483214259016002, -31.726628678252183 ], [ -60.483141088896545, -31.726585385661604 ], [ -60.482643352108809, -31.726665397098184 ], [ -60.482592087688531, -31.726728692603928 ], [ -60.482657165486231, -31.727045349017601 ], [ -60.482968244727495, -31.726995343277114 ], [ -60.483279338850551, -31.726945334332783 ] ] ] ] } },
{ "type": "Feature", "properties": { "fid": 33, "nombre": "Sin nominar", "tipo": "RESERVA MUNICIPAL SIN ESCRITUR", "area": 899 }, "geometry": { "type": "MultiPolygon", "coordinates": [ [ [ [ -60.550162683166889, -31.709649817619528 ], [ -60.549891294819382, -31.70978869115039 ], [ -60.550184323233907, -31.709890897362158 ], [ -60.550493313315492, -31.709740407787155 ], [ -60.550490665036023, -31.709664326888486 ], [ -60.550162683166889, -31.709649817619528 ] ] ] ] } },
{ "type": "Feature", "properties": { "fid": 34, "nombre": "Nuevo Parque", "tipo": "PARQUE PUBLICO", "area": 79749 }, "geometry": { "type": "MultiPolygon", "coordinates": [ [ [ [ -60.551408777162948, -31.719603437021437 ], [ -60.5525293843531, -31.718735798692816 ], [ -60.55214239524372, -31.718337003559881 ], [ -60.552484891481981, -31.718067739420608 ], [ -60.552567580113823, -31.717999669797738 ], [ -60.552643503322074, -31.717937169365168 ], [ -60.552770137775141, -31.71783292285086 ], [ -60.552847821328413, -31.717768972939389 ], [ -60.552923029652966, -31.717707060533765 ], [ -60.553000461581767, -31.717643317498322 ], [ -60.55311262635913, -31.717550981664068 ], [ -60.553162506125858, -31.717509919754153 ], [ -60.553144293361939, -31.717494907736434 ], [ -60.553598074991747, -31.717121344318596 ], [ -60.551994433942916, -31.715488336107619 ], [ -60.551249131271391, -31.716252022524046 ], [ -60.549779476602765, -31.717533133670802 ], [ -60.549787250611587, -31.717548002850602 ], [ -60.551408777162948, -31.719603437021437 ] ] ] ] } },
{ "type": "Feature", "properties": { "fid": 35, "nombre": "Parque Jardin Elio C. Leyes", "tipo": "PARQUE PUBLICO", "area": 5044 }, "geometry": { "type": "MultiPolygon", "coordinates": [ [ [ [ -60.527766048265107, -31.720902924083703 ], [ -60.527790155955891, -31.720951270494488 ], [ -60.527835161403992, -31.721073437186259 ], [ -60.527455252215979, -31.72118382596231 ], [ -60.527482853737226, -31.721256607719777 ], [ -60.52766658206513, -31.721755197756213 ], [ -60.527733056882646, -31.72178206805858 ], [ -60.528118249958126, -31.721643032071583 ], [ -60.528393461810261, -31.721543329267032 ], [ -60.528401001485513, -31.721540736782732 ], [ -60.528371988570015, -31.721490840833866 ], [ -60.528221373759067, -31.721258565370317 ], [ -60.528118949400664, -31.721100607581207 ], [ -60.52805611305925, -31.721003701711794 ], [ -60.528005373730124, -31.720925451616932 ], [ -60.527951748032372, -31.720842750001907 ], [ -60.527899459559251, -31.720865260090257 ], [ -60.527766048265107, -31.720902924083703 ] ] ] ] } },
{ "type": "Feature", "properties": { "fid": 36, "nombre": "Paseo Bv. Perette", "tipo": "ESPACIO VERDE", "area": 1553 }, "geometry": { "type": "MultiPolygon", "coordinates": [ [ [ [ -60.537209885820971, -31.739855823012487 ], [ -60.537231048279374, -31.73984439529675 ], [ -60.537510903613132, -31.739598303502781 ], [ -60.537872137149279, -31.739199931659616 ], [ -60.538482005460303, -31.738664446393166 ], [ -60.53849518089303, -31.738648516811537 ], [ -60.538484383416424, -31.738616814609887 ], [ -60.538457770186334, -31.738603320843787 ], [ -60.538431248787077, -31.738605700596214 ], [ -60.538415393662589, -31.738617106088789 ], [ -60.537823929202794, -31.739123033255037 ], [ -60.537457506644301, -31.739541836163202 ], [ -60.537159142369099, -31.739799344364492 ], [ -60.537156515057056, -31.739803890841408 ], [ -60.537153940093177, -31.739817507903673 ], [ -60.537154084051409, -31.739842452013526 ], [ -60.537170096589392, -31.739858258432101 ], [ -60.537186030605362, -31.739860458970604 ], [ -60.537209885820971, -31.739855823012487 ] ] ] ] } },
{ "type": "Feature", "properties": { "fid": 37, "nombre": "Toma Vieja", "tipo": "PARQUE PUBLICO", "area": 187988 }, "geometry": { "type": "MultiPolygon", "coordinates": [ [ [ [ -60.47986558557789, -31.702518185036823 ], [ -60.479760842307044, -31.702534561332858 ], [ -60.479622793582195, -31.702547264581057 ], [ -60.479474434545061, -31.702546848475883 ], [ -60.479452630686069, -31.702544856201282 ], [ -60.479361881188787, -31.702536837220592 ], [ -60.479315539062661, -31.702540609785355 ], [ -60.479243833923817, -31.702549771501339 ], [ -60.479220079616219, -31.702552088334183 ], [ -60.479078965654502, -31.702559517680495 ], [ -60.479026140303382, -31.702564117140948 ], [ -60.47894569046494, -31.702585639806415 ], [ -60.478875008750137, -31.702596907797293 ], [ -60.478800340040792, -31.702606206651694 ], [ -60.478730573580791, -31.702621105575854 ], [ -60.47866726121962, -31.702637729822751 ], [ -60.478626821591043, -31.702640587152374 ], [ -60.478543625403468, -31.702634712695374 ], [ -60.478499447552096, -31.702630630760105 ], [ -60.478380366649162, -31.702618974711211 ], [ -60.478281249386022, -31.702620717296814 ], [ -60.478181989991093, -31.702617373912272 ], [ -60.478107340677326, -31.702616075567981 ], [ -60.478010706840301, -31.702618692444148 ], [ -60.477909772970207, -31.702615887214918 ], [ -60.477784951688328, -31.702614136382223 ], [ -60.477716963364728, -31.702617881242315 ], [ -60.477650248284469, -31.702625129488165 ], [ -60.477577972321562, -31.702645573244006 ], [ -60.477920648858777, -31.703806714260395 ], [ -60.478305345908772, -31.705819365365368 ], [ -60.480658400989967, -31.705480607107301 ], [ -60.480940998214244, -31.706988728968202 ], [ -60.483646733733643, -31.706600608487079 ], [ -60.483129532541668, -31.703951397202033 ], [ -60.483087687554942, -31.703737051578724 ], [ -60.482973043353638, -31.703121530704678 ], [ -60.482859798658041, -31.703088220123011 ], [ -60.482666556804197, -31.703063579086553 ], [ -60.482473943423535, -31.703049838970081 ], [ -60.482283843503645, -31.70307970342235 ], [ -60.482091858467598, -31.703076863943764 ], [ -60.48189610345694, -31.70300861687744 ], [ -60.481706631708597, -31.703049381688171 ], [ -60.481518416317066, -31.703111948657963 ], [ -60.481324546500993, -31.70307640436501 ], [ -60.48112753574943, -31.702986353753683 ], [ -60.480933666336107, -31.702950808861612 ], [ -60.480550952986952, -31.702966928001285 ], [ -60.480357711948095, -31.70294228345707 ], [ -60.480174588857594, -31.702898552340006 ], [ -60.47986558557789, -31.702518185036823 ] ] ] ] } },
{ "type": "Feature", "properties": { "fid": 38, "nombre": "PLaza 5 de Octubre", "tipo": "PLAZA", "area": 700 }, "geometry": { "type": "MultiPolygon", "coordinates": [ [ [ [ -60.488732649395139, -31.762291684248744 ], [ -60.488849687873262, -31.762274108252175 ], [ -60.488849687873262, -31.762274108252175 ], [ -60.488814219458398, -31.762101170285934 ], [ -60.488440588463611, -31.762157279082754 ], [ -60.48847605620994, -31.762330217168241 ], [ -60.488732649395139, -31.762291684248744 ] ] ] ] } },
{ "type": "Feature", "properties": { "fid": 39, "nombre": "Paseo Aº Culantrillo", "tipo": "PLAZA", "area": 1635 }, "geometry": { "type": "MultiPolygon", "coordinates": [ [ [ [ -60.509558811257314, -31.737055207518008 ], [ -60.509344917648974, -31.737022638025042 ], [ -60.509241348072621, -31.737036067705684 ], [ -60.509346801758063, -31.737558881091505 ], [ -60.509646353166275, -31.737503857443475 ], [ -60.509619477735505, -31.737351977521957 ], [ -60.509607531819249, -31.737284450285422 ], [ -60.509592117014904, -31.737211670161063 ], [ -60.509558811257314, -31.737055207518008 ] ] ] ] } },
{ "type": "Feature", "properties": { "fid": 40, "nombre": "Plaza Patriota Alejandro Olmos", "tipo": "ESPACIO VERDE", "area": 2071 }, "geometry": { "type": "MultiPolygon", "coordinates": [ [ [ [ -60.518772474579301, -31.782642555550659 ], [ -60.518842187311655, -31.782971223607465 ], [ -60.519338894719247, -31.782878996093427 ], [ -60.519256907954457, -31.782498630654263 ], [ -60.519174202553607, -31.782513360467785 ], [ -60.519091497057261, -31.782528090240032 ], [ -60.519008793979943, -31.782542819523208 ], [ -60.518926103202247, -31.782557546557584 ], [ -60.518843397680193, -31.782572276159616 ], [ -60.518760692131139, -31.782587005708187 ], [ -60.518772474579301, -31.782642555550659 ] ] ] ] } },
{ "type": "Feature", "properties": { "fid": 41, "nombre": "Plazoleta ", "tipo": "PARQUE PUBLICO", "area": 1191 }, "geometry": { "type": "MultiPolygon", "coordinates": [ [ [ [ -60.520582376648804, -31.719465515169734 ], [ -60.520637713997012, -31.719413605168203 ], [ -60.520737382453646, -31.719332282960767 ], [ -60.520886244361719, -31.719258539994005 ], [ -60.521011632649198, -31.719219126115533 ], [ -60.521137125293315, -31.71919838441217 ], [ -60.521226314896744, -31.719196463737532 ], [ -60.521246304177915, -31.719190157769724 ], [ -60.521249883974228, -31.71917925071082 ], [ -60.521240703744013, -31.719165283701564 ], [ -60.521206064417527, -31.719156088958915 ], [ -60.520655998683402, -31.719102318412535 ], [ -60.520601448399049, -31.719113433604672 ], [ -60.520563351019184, -31.719136930077347 ], [ -60.52054350952389, -31.719169688362605 ], [ -60.520526097050663, -31.719311360957171 ], [ -60.520521227190962, -31.719417192947887 ], [ -60.520550570632359, -31.7194559746473 ], [ -60.520574252950091, -31.719458990067448 ], [ -60.520567358506163, -31.719466314498508 ], [ -60.520582376648804, -31.719465515169734 ] ] ] ] } },
{ "type": "Feature", "properties": { "fid": 42, "nombre": "Paseo Aº Culantrillo", "tipo": "PLAZA", "area": 1757 }, "geometry": { "type": "MultiPolygon", "coordinates": [ [ [ [ -60.509639375765566, -31.736119502805877 ], [ -60.509551724173598, -31.736196700783808 ], [ -60.509319032188287, -31.736231088866994 ], [ -60.509447992183503, -31.736867760471586 ], [ -60.509651613020438, -31.736955408390326 ], [ -60.509603321419092, -31.736702346269105 ], [ -60.509613308400979, -31.736558561761946 ], [ -60.509627724943385, -31.736435528957482 ], [ -60.509618806073789, -31.736288672612211 ], [ -60.509639375765566, -31.736119502805877 ] ] ] ] } },
{ "type": "Feature", "properties": { "fid": 43, "nombre": "Zona Monumentos", "tipo": "PARQUE PUBLICO", "area": 9344 }, "geometry": { "type": "MultiPolygon", "coordinates": [ [ [ [ -60.537430346258084, -31.719180648222814 ], [ -60.537489297282548, -31.719179714298605 ], [ -60.537548233747842, -31.719178085989711 ], [ -60.537607134448045, -31.719175745348867 ], [ -60.537665988935586, -31.719172710457077 ], [ -60.537724786554797, -31.719168963322289 ], [ -60.537783527408472, -31.719164521981238 ], [ -60.537878465286482, -31.719156104089009 ], [ -60.537914662313611, -31.71915212755459 ], [ -60.537950739222111, -31.719147448079653 ], [ -60.537986685565052, -31.719142083745236 ], [ -60.538022480136959, -31.719136016604047 ], [ -60.538058101940678, -31.719129264781706 ], [ -60.538093540425237, -31.719121828322926 ], [ -60.538128763886895, -31.719113698343218 ], [ -60.538163772481319, -31.719104901897396 ], [ -60.538198545055103, -31.719095430056534 ], [ -60.538233049956844, -31.719085282954417 ], [ -60.538267276739724, -31.719074478672233 ], [ -60.538556180124623, -31.718889877920628 ], [ -60.538701132253841, -31.718798440954451 ], [ -60.538703574708798, -31.718795707069592 ], [ -60.538709614913721, -31.718791154297328 ], [ -60.538715050729635, -31.718786081010027 ], [ -60.538719819168115, -31.718780541584522 ], [ -60.538723888943544, -31.718774599282053 ], [ -60.538727186621671, -31.718768326560305 ], [ -60.53872970201742, -31.718761786591454 ], [ -60.538731382797039, -31.718755051744147 ], [ -60.538732218932033, -31.718748212244758 ], [ -60.538732210787671, -31.718741331220983 ], [ -60.538731348283314, -31.718734489881264 ], [ -60.538729631836446, -31.718727760371078 ], [ -60.53872710416961, -31.718721232694175 ], [ -60.538723776146206, -31.718714960915143 ], [ -60.53871969048879, -31.718709035037616 ], [ -60.538714889711308, -31.718703508992444 ], [ -60.538709437480215, -31.718698445639504 ], [ -60.538703386911777, -31.718693907883267 ], [ -60.538251185739043, -31.718393168512815 ], [ -60.538024918456919, -31.71824297477615 ], [ -60.538018612895229, -31.718239944139764 ], [ -60.538011962615798, -31.718237510174067 ], [ -60.538005041626029, -31.718235699621758 ], [ -60.537997934535468, -31.718234548199515 ], [ -60.537990725693348, -31.71823404653292 ], [ -60.537983489106971, -31.718234221364934 ], [ -60.537976319623546, -31.718235054258518 ], [ -60.537957870975738, -31.718241237580358 ], [ -60.537939165788224, -31.718246844802731 ], [ -60.537920246261969, -31.718251875747466 ], [ -60.537901122895455, -31.718256321351724 ], [ -60.537881827339454, -31.718260181481909 ], [ -60.537857890640737, -31.718264223521107 ], [ -60.537853604632872, -31.718265612403734 ], [ -60.53784963846271, -31.718267577116166 ], [ -60.537846097371556, -31.718270072122344 ], [ -60.537843075842495, -31.718273015857783 ], [ -60.537534184582533, -31.718613853329078 ], [ -60.537217317053504, -31.718967872524878 ], [ -60.537089515841075, -31.719113769978776 ], [ -60.537088008519305, -31.719119503029063 ], [ -60.537087335345191, -31.719125349804699 ], [ -60.537087495798929, -31.719131220123693 ], [ -60.537088489412724, -31.719137032822101 ], [ -60.537090315666688, -31.71914269771791 ], [ -60.537092931891898, -31.719148133825001 ], [ -60.537096316467945, -31.719153251050166 ], [ -60.53710039512692, -31.719157977558773 ], [ -60.537105114753516, -31.719162250445603 ], [ -60.537110422128329, -31.719165988768975 ], [ -60.537116211488474, -31.719169147882234 ], [ -60.53712240872197, -31.719171683005463 ], [ -60.537128929166435, -31.719173549403187 ], [ -60.537135667162914, -31.719174720465254 ], [ -60.537194554121491, -31.71917731315148 ], [ -60.537253479227005, -31.71917920221259 ], [ -60.537312421377564, -31.719180387737467 ], [ -60.537371380571791, -31.719180869726024 ], [ -60.537430346258084, -31.719180648222814 ] ] ] ] } },
{ "type": "Feature", "properties": { "fid": 44, "nombre": "Parque Urquiza", "tipo": "PARQUE PUBLICO", "area": 34832 }, "geometry": { "type": "MultiPolygon", "coordinates": [ [ [ [ -60.525762808904965, -31.719268228279681 ], [ -60.525300070790792, -31.719362379875001 ], [ -60.524829046190774, -31.71945886906574 ], [ -60.524491004633745, -31.719531776411529 ], [ -60.524481057458956, -31.719535884647772 ], [ -60.524471525504232, -31.719540658539128 ], [ -60.524462461267319, -31.719546052777549 ], [ -60.52445392794862, -31.719552049066255 ], [ -60.524445967444869, -31.719558593122414 ], [ -60.524438642956561, -31.719565666649302 ], [ -60.52443199632971, -31.719573206345828 ], [ -60.524426069562693, -31.719581175965608 ], [ -60.524420894002034, -31.719589521269221 ], [ -60.524416511544686, -31.719598187973833 ], [ -60.524412942986835, -31.719607121883222 ], [ -60.524410209124824, -31.719616268801502 ], [ -60.524408330754952, -31.7196255745325 ], [ -60.524407318072427, -31.719634975905301 ], [ -60.524407181323227, -31.719644418767174 ], [ -60.52440792015225, -31.719653839990567 ], [ -60.524409523704747, -31.719663185509468 ], [ -60.524413789573572, -31.71967691205387 ], [ -60.524418856154256, -31.719690436898855 ], [ -60.524424691643688, -31.719703733119783 ], [ -60.524431285339524, -31.719716773705372 ], [ -60.524438636937298, -31.719729504546066 ], [ -60.524446704235821, -31.719741925815416 ], [ -60.524455486930613, -31.719753983403898 ], [ -60.524464953218441, -31.719765650386933 ], [ -60.524482907222222, -31.719783829833077 ], [ -60.524501512614144, -31.71980151960129 ], [ -60.524520737743153, -31.719818719821511 ], [ -60.524540571957303, -31.719835412500526 ], [ -60.524561004553902, -31.71985157062667 ], [ -60.524582003780132, -31.719867176293498 ], [ -60.524603548585922, -31.719882238605802 ], [ -60.524625628166845, -31.719896712515563 ], [ -60.524648221472695, -31.719910607127616 ], [ -60.524671307300913, -31.719923904492074 ], [ -60.524694853898502, -31.719936586702488 ], [ -60.524722193528838, -31.719950218268998 ], [ -60.524743255344625, -31.719960069891265 ], [ -60.524768067838536, -31.719970843988214 ], [ -60.524793256443274, -31.719980958186468 ], [ -60.524818800057687, -31.719990412572663 ], [ -60.524844666928416, -31.71999918924055 ], [ -60.524870835954282, -31.720007288276609 ], [ -60.524897285932326, -31.720014691731347 ], [ -60.524923995710353, -31.720021390672994 ], [ -60.524950923137098, -31.720027394293592 ], [ -60.524972164163252, -31.720029723767329 ], [ -60.52499661886575, -31.720033167307395 ], [ -60.525019251502172, -31.720037177489328 ], [ -60.525041677249924, -31.720041919012246 ], [ -60.525063864509171, -31.720047401024875 ], [ -60.525085802577486, -31.720053596516088 ], [ -60.525107449304535, -31.720060514678092 ], [ -60.525128762336628, -31.720068128630142 ], [ -60.525149720624206, -31.720076447477638 ], [ -60.525170281762641, -31.7200854353216 ], [ -60.52519043520185, -31.7200950922057 ], [ -60.525210138689694, -31.720105409285818 ], [ -60.525228204681781, -31.720115345316525 ], [ -60.525245809815978, -31.720125878459957 ], [ -60.525262911738167, -31.720136981835399 ], [ -60.525279499898161, -31.720148655486543 ], [ -60.525295542492238, -31.720160872489355 ], [ -60.525311007716645, -31.72017360591979 ], [ -60.525325895571378, -31.72018685577801 ], [ -60.525340153100956, -31.720200586208755 ], [ -60.525353780203559, -31.720214779175777 ], [ -60.525366755676544, -31.720229416729786 ], [ -60.525379047766791, -31.720244480964976 ], [ -60.52539064572025, -31.720259935852102 ], [ -60.525401528384997, -31.720275772460155 ], [ -60.525411685006908, -31.720291954759876 ], [ -60.52542108383269, -31.720308464845473 ], [ -60.525429735259884, -31.720325275618904 ], [ -60.5254376074842, -31.720342360156156 ], [ -60.525444700352672, -31.720359691402692 ], [ -60.525450992662371, -31.720377251409197 ], [ -60.525456473658849, -31.720395004146464 ], [ -60.525461153739585, -31.720412922516189 ], [ -60.525465001151041, -31.720430988612762 ], [ -60.525468036840998, -31.720449175294529 ], [ -60.525470228903288, -31.720467437600757 ], [ -60.525471587837018, -31.720485766470023 ], [ -60.52547211343812, -31.720504125829354 ], [ -60.525471795003106, -31.720522488667587 ], [ -60.525470642878382, -31.720540818868379 ], [ -60.52546865701261, -31.720559107413479 ], [ -60.52546584770139, -31.720577309168256 ], [ -60.525462193741511, -31.720595406183197 ], [ -60.525457726631295, -31.720613371273107 ], [ -60.525452446166831, -31.720631168365042 ], [ -60.525446352245865, -31.720648779422429 ], [ -60.525439465765487, -31.720666168285334 ], [ -60.5254317866235, -31.720683316917167 ], [ -60.525423325217375, -31.720700198219674 ], [ -60.525414113045635, -31.720716785007586 ], [ -60.525404150006175, -31.72073305924426 ], [ -60.525393446394858, -31.720748975794983 ], [ -60.525382023312382, -31.720764534572638 ], [ -60.525369901656028, -31.720779699417111 ], [ -60.525357102373924, -31.720794443186652 ], [ -60.525343635914759, -31.720808747801165 ], [ -60.525329533878917, -31.72082260411171 ], [ -60.525314806562569, -31.720835966983586 ], [ -60.525299475066653, -31.720848836329555 ], [ -60.525283581440561, -31.720861184920917 ], [ -60.525267125582573, -31.720872994721052 ], [ -60.525250149593063, -31.720884247519226 ], [ -60.525232663920917, -31.720894925235541 ], [ -60.525214710666603, -31.720905009659397 ], [ -60.525196321430911, -31.720914491641999 ], [ -60.525177496112384, -31.720923353146677 ], [ -60.525158297912625, -31.720931575876108 ], [ -60.525138726831841, -31.720939159830021 ], [ -60.525130724516202, -31.720942042617388 ], [ -60.525123073976523, -31.720945564263779 ], [ -60.525115848862882, -31.720949688392288 ], [ -60.525109112274777, -31.720954378669294 ], [ -60.525102916710587, -31.720959589786343 ], [ -60.52509733576953, -31.720965276348409 ], [ -60.525092411399555, -31.720971393090569 ], [ -60.525088174896325, -31.720977876754961 ], [ -60.525084689308834, -31.720984681989822 ], [ -60.52508196473007, -31.720991727587808 ], [ -60.525080032557661, -31.720998968327432 ], [ -60.525078913485956, -31.721006331976064 ], [ -60.525078607159358, -31.72101375540618 ], [ -60.525079123721866, -31.721021166428525 ], [ -60.525080462817762, -31.721028501915605 ], [ -60.525082613540839, -31.721035698783311 ], [ -60.52508554388389, -31.721042694034335 ], [ -60.525089232339326, -31.721049415609791 ], [ -60.525093657501181, -31.721055809487236 ], [ -60.525098755710587, -31.721061812799732 ], [ -60.525104505612362, -31.721067380543051 ], [ -60.525110843598341, -31.721072458868509 ], [ -60.525117716661775, -31.721077002902291 ], [ -60.525125061245255, -31.721080967813734 ], [ -60.525132813893066, -31.721084326809141 ], [ -60.525140900497185, -31.721087035101228 ], [ -60.525149257703596, -31.721089083932807 ], [ -60.525157790404883, -31.721090446640194 ], [ -60.525166445746528, -31.721091105404199 ], [ -60.525175139375044, -31.721091069590734 ], [ -60.525183776284734, -31.721090330572753 ], [ -60.525192303773665, -31.721088897585819 ], [ -60.525218537517787, -31.721076605609046 ], [ -60.525244888276873, -31.721064484494963 ], [ -60.525271345500514, -31.721052534286972 ], [ -60.525296846073132, -31.721037458620028 ], [ -60.52532187921063, -31.721021816712998 ], [ -60.525346423913454, -31.721005626689653 ], [ -60.525370459080463, -31.720988888637113 ], [ -60.525393984813199, -31.720971620592181 ], [ -60.525416969561846, -31.720953840722011 ], [ -60.525439402775824, -31.720935549070369 ], [ -60.525461273955415, -31.720916754699275 ], [ -60.525482562152312, -31.720897484750626 ], [ -60.525503246316447, -31.720877748329951 ], [ -60.525523326498757, -31.720857554455669 ], [ -60.525539659653106, -31.720838963268744 ], [ -60.525555272874399, -31.720819933144572 ], [ -60.525570155663218, -31.72080047314509 ], [ -60.525584297672928, -31.720780619386929 ], [ -60.525597677853739, -31.720760380975577 ], [ -60.525610275206816, -31.720739776034662 ], [ -60.525622089936114, -31.720718840637353 ], [ -60.525633100991961, -31.720697583888995 ], [ -60.52564329797702, -31.720676032888029 ], [ -60.525652670443087, -31.720654205714553 ], [ -60.525661208043729, -31.720632138485126 ], [ -60.525668910830454, -31.720609840218131 ], [ -60.525677534811955, -31.720588124350147 ], [ -60.525686930347312, -31.720566648797639 ], [ -60.525697097537801, -31.720545431596896 ], [ -60.525708015383877, -31.720524490871217 ], [ -60.525719683936053, -31.720503835638617 ], [ -60.525732082347496, -31.720483511076996 ], [ -60.525745210566953, -31.720463508168006 ], [ -60.525759058298156, -31.720443872045941 ], [ -60.525773593889511, -31.720424602841199 ], [ -60.525788817442503, -31.720405718589923 ], [ -60.525804708008799, -31.720387246433596 ], [ -60.525819830309239, -31.720370986959679 ], [ -60.525835598777412, -31.720355184758684 ], [ -60.525852002964648, -31.720339857910375 ], [ -60.525869021922688, -31.720325033556218 ], [ -60.525886634601626, -31.72031072080123 ], [ -60.525904820002438, -31.720296937768673 ], [ -60.525923557177023, -31.720283711599954 ], [ -60.52594281452518, -31.720271051443717 ], [ -60.525962581547503, -31.720258966361403 ], [ -60.52598282674569, -31.720247483538088 ], [ -60.526003529069989, -31.720236612078757 ], [ -60.526024667419861, -31.720226352070313 ], [ -60.526046210347943, -31.72021673971599 ], [ -60.526068126152467, -31.720207766128002 ], [ -60.526090393885681, -31.720199458447858 ], [ -60.5261129923962, -31.720191807744293 ], [ -60.526135879635589, -31.720184841245867 ], [ -60.526158027380056, -31.720175839629977 ], [ -60.526180505800035, -31.720167476954039 ], [ -60.526203314946869, -31.720159762236115 ], [ -60.526226402068801, -31.720152695693763 ], [ -60.526249756768728, -31.720146304425022 ], [ -60.52627334734494, -31.720140579542221 ], [ -60.526297142248566, -31.72013553921229 ], [ -60.526321130878713, -31.720131174460441 ], [ -60.52634527113613, -31.720127503497363 ], [ -60.526369541920573, -31.720124526409922 ], [ -60.526393922131732, -31.720122243285243 ], [ -60.526418369619499, -31.720120663315736 ], [ -60.526442873782976, -31.720119777526691 ], [ -60.526467392472092, -31.720119595110582 ], [ -60.526491904586599, -31.720120116154508 ], [ -60.526516389026241, -31.720121340745642 ], [ -60.526540814089351, -31.720123259996544 ], [ -60.526565137625816, -31.720125883099616 ], [ -60.526589348983833, -31.720129192062242 ], [ -60.526613427114057, -31.72013319598965 ], [ -60.526637319213975, -31.720137886081783 ], [ -60.526661025284128, -31.720143262338674 ], [ -60.526710522957366, -31.720157126599826 ], [ -60.526760301273235, -31.72017024115226 ], [ -60.526810349629265, -31.720182597021093 ], [ -60.526860636373016, -31.720194194336791 ], [ -60.526911161503428, -31.720205033099091 ], [ -60.526961903867388, -31.720215104376742 ], [ -60.527012842311926, -31.720224399238553 ], [ -60.527029838844413, -31.720226159716944 ], [ -60.527046915953783, -31.72022724347763 ], [ -60.527064020785502, -31.720227632702283 ], [ -60.527081142788788, -31.720227327434504 ], [ -60.527098218711785, -31.720226336954205 ], [ -60.527115227453223, -31.720224661348709 ], [ -60.527132126811139, -31.720222300792511 ], [ -60.52714887463447, -31.720219264478395 ], [ -60.52716542872124, -31.720215552580928 ], [ -60.527181768072317, -31.720211183223835 ], [ -60.527197850485791, -31.72020615658181 ], [ -60.527213633810682, -31.720200481847641 ], [ -60.527229086548601, -31.720194186206996 ], [ -60.527244177048154, -31.720187269790877 ], [ -60.527258863260528, -31.720179759828657 ], [ -60.527273124084765, -31.720171656407782 ], [ -60.52728691752327, -31.720162995775652 ], [ -60.527300222526122, -31.720153787038033 ], [ -60.527344396509939, -31.720119956556584 ], [ -60.527376252332289, -31.72009633177008 ], [ -60.527408596163212, -31.720073182933604 ], [ -60.527441396402693, -31.720050519195922 ], [ -60.527474653050916, -31.720028340556649 ], [ -60.527508355608681, -31.720006656077427 ], [ -60.527561067406971, -31.719980717393653 ], [ -60.527614204971208, -31.71995544429004 ], [ -60.527667768200033, -31.719930818729534 ], [ -60.52772173609565, -31.719906858835362 ], [ -60.527776108709986, -31.719883573625282 ], [ -60.527830907093502, -31.719860953993134 ], [ -60.527859364909752, -31.719846550972598 ], [ -60.527888205699306, -31.719832705502633 ], [ -60.527917408463914, -31.719819435706782 ], [ -60.527946962653644, -31.719806741628524 ], [ -60.527976847219271, -31.719794632373166 ], [ -60.528007051610842, -31.719783107984235 ], [ -60.528037554779189, -31.719772177567137 ], [ -60.528068346225574, -31.719761850183389 ], [ -60.528099296279343, -31.71975216891574 ], [ -60.528137135369889, -31.719739370873135 ], [ -60.528179292940067, -31.719725875999153 ], [ -60.528221739193071, -31.71971305629739 ], [ -60.52826446352821, -31.719700902793125 ], [ -60.528307434397448, -31.719689433653706 ], [ -60.528350651750557, -31.719678639860572 ], [ -60.528394094538818, -31.719668530519176 ], [ -60.528437752263891, -31.719659114691286 ], [ -60.528481593275636, -31.719650392507816 ], [ -60.528525628125323, -31.719642363924862 ], [ -60.528569825162855, -31.719635029073366 ], [ -60.528617229747475, -31.719629583795598 ], [ -60.528664722567775, -31.7196248145166 ], [ -60.528712314277563, -31.719620739228926 ], [ -60.528759973124409, -31.71961734002733 ], [ -60.528807699160588, -31.719614625929911 ], [ -60.528855460736068, -31.719612597067947 ], [ -60.528903268402253, -31.719611253397538 ], [ -60.528951079958851, -31.719610595093773 ], [ -60.52899890600839, -31.719610631131079 ], [ -60.52904672534887, -31.719611343560491 ], [ -60.529094527533445, -31.719612750462357 ], [ -60.529142291411226, -31.719614842905838 ], [ -60.529154873055987, -31.719613924915123 ], [ -60.529167345047235, -31.719612276885474 ], [ -60.529179654684242, -31.719609908054135 ], [ -60.529191749317391, -31.719606836676544 ], [ -60.52920357619476, -31.719603062971746 ], [ -60.529215072116536, -31.719598605239003 ], [ -60.529226195086068, -31.7195934997265 ], [ -60.529236881852377, -31.719587755715288 ], [ -60.529247079817353, -31.719581400479157 ], [ -60.529256757534789, -31.719574470222472 ], [ -60.529265862457969, -31.719567001237241 ], [ -60.529274341937573, -31.719559011778998 ], [ -60.529282175129204, -31.719550547026564 ], [ -60.529289309537447, -31.719541652290147 ], [ -60.529295724266724, -31.719532363730377 ], [ -60.529301387871108, -31.719522717551577 ], [ -60.529306269007272, -31.719512767994573 ], [ -60.52931035738132, -31.719502560194353 ], [ -60.529313610997107, -31.719492130399058 ], [ -60.529316030213622, -31.719481541736318 ], [ -60.529317604737052, -31.719470839341003 ], [ -60.529318555612114, -31.719459932111111 ], [ -60.529318641155172, -31.719448992400221 ], [ -60.529317851123679, -31.719438074361531 ], [ -60.529316196375746, -31.719427232060486 ], [ -60.529313677167885, -31.719416510588104 ], [ -60.529310314857277, -31.719405954947899 ], [ -60.529306130852277, -31.719395619161411 ], [ -60.529301125460606, -31.719385557337887 ], [ -60.529295319988101, -31.719375805462555 ], [ -60.529288767493973, -31.719366417425402 ], [ -60.529281478733665, -31.719357429255652 ], [ -60.529273485563223, -31.71934887689449 ], [ -60.529264841092967, -31.719340823250338 ], [ -60.529255566526054, -31.719333286271912 ], [ -60.529245714818998, -31.719326301812941 ], [ -60.529235338928196, -31.719319905727254 ], [ -60.529224470709536, -31.719314133956004 ], [ -60.529213173567136, -31.719309004272951 ], [ -60.529201489855836, -31.719304543557367 ], [ -60.529189472429465, -31.719300769626624 ], [ -60.529177195293627, -31.719297709228758 ], [ -60.529164700649304, -31.719295362188525 ], [ -60.529152041350258, -31.719293746323316 ], [ -60.529139280800479, -31.719292879406815 ], [ -60.529126492800621, -31.719292752114296 ], [ -60.529113719551646, -31.719293364270527 ], [ -60.529101024406287, -31.719294724631077 ], [ -60.529088460013362, -31.719296814940595 ], [ -60.527956189141094, -31.71940931528702 ], [ -60.527904076603591, -31.719416186688857 ], [ -60.527785023031463, -31.719429061919573 ], [ -60.527665837303495, -31.719440963595755 ], [ -60.527546582776502, -31.719451900473238 ], [ -60.527522730777726, -31.719452405000602 ], [ -60.527498937535391, -31.719452106640038 ], [ -60.527475182051568, -31.719451023515262 ], [ -60.527451485325408, -31.719449137502576 ], [ -60.527427900160248, -31.719446457402004 ], [ -60.52740444775938, -31.71944300116272 ], [ -60.527381180773013, -31.719438750530124 ], [ -60.527358120455482, -31.719433732471714 ], [ -60.527341659456205, -31.719429634047042 ], [ -60.527325437286862, -31.71942485824999 ], [ -60.527309506852646, -31.719419431917167 ], [ -60.527293899804739, -31.719413354917716 ], [ -60.527278647896559, -31.719406645157278 ], [ -60.527263793431707, -31.719399320497946 ], [ -60.527249357562056, -31.719391389870747 ], [ -60.527235393192555, -31.719382880112335 ], [ -60.527221921526106, -31.719373809172033 ], [ -60.527208974315784, -31.719364194955595 ], [ -60.527196572815477, -31.71935406443054 ], [ -60.527184759328577, -31.719343435458981 ], [ -60.527173555159791, -31.719332344026629 ], [ -60.527162981460833, -31.719320799064754 ], [ -60.527153070035638, -31.719308827497187 ], [ -60.527143842239916, -31.71929647432799 ], [ -60.527135319225117, -31.719283748488234 ], [ -60.527127522346909, -31.719270694981955 ], [ -60.5271204622574, -31.719257331802112 ], [ -60.527114149761864, -31.719243703996291 ], [ -60.527108616561925, -31.719229820451996 ], [ -60.52710387351383, -31.719215735234975 ], [ -60.52709910857623, -31.71920523944414 ], [ -60.527093585548862, -31.719195017340351 ], [ -60.527087294187808, -31.719185123076443 ], [ -60.527080287397851, -31.71917558348888 ], [ -60.527072576035593, -31.719166452643282 ], [ -60.527064202455378, -31.719157757419662 ], [ -60.527055209062603, -31.719149533716305 ], [ -60.527045606662696, -31.719141826580724 ], [ -60.52703544810916, -31.719134653830867 ], [ -60.527024786306526, -31.719128042303407 ], [ -60.527013642559304, -31.719122027983833 ], [ -60.527002080322291, -31.719116637665007 ], [ -60.526990131348178, -31.719111889252417 ], [ -60.526977859040564, -31.719107800520778 ], [ -60.526965305702468, -31.719104389332049 ], [ -60.526952524136107, -31.719101664486114 ], [ -60.526939556644379, -31.719099643845134 ], [ -60.526926477130118, -31.719098336121974 ], [ -60.526894263180424, -31.719101508474207 ], [ -60.526655899576575, -31.719130333281083 ], [ -60.526209697850739, -31.719190416804192 ], [ -60.525968771627007, -31.719228065931613 ], [ -60.52606263196386, -31.719643928326466 ], [ -60.525847277466546, -31.719674027656115 ], [ -60.525762808904965, -31.719268228279681 ] ] ] ] } },
{ "type": "Feature", "properties": { "fid": 45, "nombre": "Plaza Galicia", "tipo": "PARQUE PUBLICO", "area": 2587 }, "geometry": { "type": "MultiPolygon", "coordinates": [ [ [ [ -60.539397952100416, -31.716285741817469 ], [ -60.539189978652374, -31.716585103193797 ], [ -60.539250798103495, -31.716617896746847 ], [ -60.539677879346868, -31.716850433462071 ], [ -60.539692793898439, -31.716858928815022 ], [ -60.539699853430065, -31.716860991206044 ], [ -60.539707141352778, -31.716862412321515 ], [ -60.53971456261192, -31.716863174526978 ], [ -60.539722032702649, -31.716863260143285 ], [ -60.539729467224653, -31.71686266952771 ], [ -60.539736792432223, -31.716861421029314 ], [ -60.539743923977284, -31.716859524023626 ], [ -60.539750777511834, -31.716856987886253 ], [ -60.539757289944674, -31.716853848958003 ], [ -60.539763377136843, -31.716850152687286 ], [ -60.539768975892734, -31.716845917378549 ], [ -60.539774023278007, -31.716841206427343 ], [ -60.539778456306074, -31.716836074210903 ], [ -60.539992138279622, -31.716546828077416 ], [ -60.539397952100416, -31.716285741817469 ] ] ] ] } },
{ "type": "Feature", "properties": { "fid": 46, "nombre": "Maestro Scout Adolfo Thevenin", "tipo": "PLAZA", "area": 1445 }, "geometry": { "type": "MultiPolygon", "coordinates": [ [ [ [ -60.538756453408084, -31.71863876143243 ], [ -60.538094583124391, -31.718191861932223 ], [ -60.538092688995967, -31.718185412733678 ], [ -60.538094170504863, -31.718178877140236 ], [ -60.538098771085075, -31.718173500777542 ], [ -60.538112992533193, -31.718164278031271 ], [ -60.538123423472861, -31.718156378954635 ], [ -60.538158586289818, -31.718119552592174 ], [ -60.538171705712742, -31.718098547408285 ], [ -60.538179135001783, -31.718084248896844 ], [ -60.538185297725057, -31.718078992194645 ], [ -60.538193341684511, -31.718076126451965 ], [ -60.538202045459201, -31.718076071672336 ], [ -60.538206250569623, -31.718077118094616 ], [ -60.538210132533102, -31.718078842262933 ], [ -60.53888352948448, -31.718534043512932 ], [ -60.538888229247604, -31.718540345563412 ], [ -60.53889536632402, -31.71855396929076 ], [ -60.538899269757216, -31.718568517547311 ], [ -60.538899778110142, -31.718583440891837 ], [ -60.538898744873713, -31.718590858404657 ], [ -60.53889068066669, -31.718612112845801 ], [ -60.538881427262083, -31.71862476873563 ], [ -60.538875752357121, -31.718630456293496 ], [ -60.538862599982764, -31.718640278839931 ], [ -60.538847460942364, -31.718647728917734 ], [ -60.538839331822487, -31.71865046880362 ], [ -60.538822322859311, -31.718653841435259 ], [ -60.538804864591533, -31.718654321049147 ], [ -60.538787632130536, -31.718651886755104 ], [ -60.538779315701824, -31.718649604166064 ], [ -60.538771290715545, -31.718646634944559 ], [ -60.538756453408084, -31.71863876143243 ] ] ] ] } },
{ "type": "Feature", "properties": { "fid": 47, "nombre": "Madre Teresa de Calcuta", "tipo": "ESPACIO VERDE", "area": 1394 }, "geometry": { "type": "MultiPolygon", "coordinates": [ [ [ [ -60.518089180887308, -31.778065989512388 ], [ -60.517714722572464, -31.77814191385653 ], [ -60.517711157600019, -31.778160930045729 ], [ -60.518252194142292, -31.77842828306412 ], [ -60.518311242499017, -31.778413351104106 ], [ -60.518407735497568, -31.778251378544134 ], [ -60.518388367795666, -31.778199586476987 ], [ -60.518089180887308, -31.778065989512388 ] ] ] ] } },
{ "type": "Feature", "properties": { "fid": 48, "nombre": "Zona Rosedal", "tipo": "PARQUE PUBLICO", "area": 12649 }, "geometry": { "type": "MultiPolygon", "coordinates": [ [ [ [ -60.533353458425843, -31.719834677706459 ], [ -60.53340822032748, -31.719824356972889 ], [ -60.533590906337643, -31.719754736788939 ], [ -60.533723449793726, -31.719706194915389 ], [ -60.533940200016453, -31.719630497493757 ], [ -60.534227703644106, -31.719525635252623 ], [ -60.53449662269054, -31.719432880865003 ], [ -60.534594189325404, -31.71939707445069 ], [ -60.534770539835755, -31.719343396672809 ], [ -60.534985629464877, -31.719280131838371 ], [ -60.535150960458999, -31.719245907431631 ], [ -60.535361453334446, -31.719194313067931 ], [ -60.535364516678385, -31.719193118790091 ], [ -60.53580109777409, -31.719094011947089 ], [ -60.536138655665937, -31.719026920649053 ], [ -60.536143186221331, -31.719024015699855 ], [ -60.536147175546539, -31.719020562902561 ], [ -60.536150529208236, -31.719016652838729 ], [ -60.536153163219559, -31.719012358009021 ], [ -60.536155035950536, -31.719007777791077 ], [ -60.536156105823039, -31.719003020581116 ], [ -60.536156331155247, -31.718998176738594 ], [ -60.536155723120416, -31.718993354437693 ], [ -60.536154292891815, -31.718988661852492 ], [ -60.536152072691351, -31.718984198050151 ], [ -60.536149105291145, -31.718980062053415 ], [ -60.536145454563744, -31.718976352796375 ], [ -60.536141205274646, -31.718973133051403 ], [ -60.536136452895214, -31.718970492601297 ], [ -60.535202432301666, -31.718784254533517 ], [ -60.535197465911345, -31.718792103377236 ], [ -60.53519178003112, -31.718799594504066 ], [ -60.535185416550966, -31.718806673627515 ], [ -60.535178417464572, -31.718813304497431 ], [ -60.535170835212185, -31.718819432783068 ], [ -60.535162701289167, -31.718825031296827 ], [ -60.535154078789809, -31.718830063700025 ], [ -60.535145009707932, -31.718834493742605 ], [ -60.535134946415056, -31.718838495073243 ], [ -60.535125794983315, -31.718841446438077 ], [ -60.53511575458441, -31.718843923556935 ], [ -60.535105530893489, -31.718845716043873 ], [ -60.535095166060039, -31.7188468147035 ], [ -60.535084733832363, -31.718847201189416 ], [ -60.535074297512253, -31.718846875235919 ], [ -60.535063920504996, -31.718845854613711 ], [ -60.535053676610779, -31.718844129994721 ], [ -60.535043069035765, -31.718841541132164 ], [ -60.535033820578597, -31.718838621901526 ], [ -60.535024345853266, -31.718834882942851 ], [ -60.535015236761609, -31.718830511159251 ], [ -60.53500656731083, -31.718825533295437 ], [ -60.534998379961053, -31.71881999426531 ], [ -60.534990738117344, -31.718813911839913 ], [ -60.534983684187921, -31.718807321915008 ], [ -60.534977260736277, -31.718800287441205 ], [ -60.534971520668975, -31.71879283525173 ], [ -60.534966474846946, -31.718785019411722 ], [ -60.534962176280175, -31.718776884790923 ], [ -60.534958646379792, -31.718768485410173 ], [ -60.534955906505033, -31.718759866272045 ], [ -60.534953967620261, -31.718751099477984 ], [ -60.534952851032912, -31.718742221012317 ], [ -60.534536092140691, -31.718662478568987 ], [ -60.534515985881789, -31.718661155994138 ], [ -60.534495831063658, -31.718660564112337 ], [ -60.534473676410961, -31.718660801288241 ], [ -60.534455534156521, -31.718661598819075 ], [ -60.534435455367934, -31.71866322514224 ], [ -60.534415486271662, -31.718665581495131 ], [ -60.534395647915971, -31.718668658771076 ], [ -60.534375982553108, -31.718672465811476 ], [ -60.534356521781532, -31.718676993465571 ], [ -60.534337307646567, -31.718682214501921 ], [ -60.534318371902032, -31.718688146824451 ], [ -60.534299756593278, -31.718694763201746 ], [ -60.534281482768691, -31.718702054527341 ], [ -60.534261917624342, -31.718710460528428 ], [ -60.534242799413647, -31.718719532017296 ], [ -60.534225813433224, -31.718728783955516 ], [ -60.534209305726954, -31.718738647140487 ], [ -60.534193307945365, -31.718749121439767 ], [ -60.53417786208248, -31.718760170603918 ], [ -60.534162989135211, -31.718771776508234 ], [ -60.534148710152344, -31.718783930046392 ], [ -60.534135067127934, -31.718796594968875 ], [ -60.534122070457201, -31.718809744177072 ], [ -60.53410975173923, -31.718823368520344 ], [ -60.534098131919507, -31.718837440855864 ], [ -60.534087231840175, -31.718851916004382 ], [ -60.534077083100463, -31.718866784815333 ], [ -60.534067685545523, -31.718882020234116 ], [ -60.534059070619541, -31.71889758605543 ], [ -60.534051248666287, -31.718913446162603 ], [ -60.534044240734936, -31.71892959144904 ], [ -60.534038046567275, -31.718945976823829 ], [ -60.534024056498083, -31.718979087963611 ], [ -60.533972998040461, -31.719059286261885 ], [ -60.533874487505038, -31.719206509807872 ], [ -60.53373055406778, -31.719395660730374 ], [ -60.533580508726857, -31.71957516029725 ], [ -60.5334486302337, -31.719712160990913 ], [ -60.533352674296651, -31.719810132828933 ], [ -60.533349070894232, -31.719814675154396 ], [ -60.533353458425843, -31.719834677706459 ] ] ] ] } },
{ "type": "Feature", "properties": { "fid": 49, "nombre": "Zona Monumentos", "tipo": "PARQUE PUBLICO", "area": 4387 }, "geometry": { "type": "MultiPolygon", "coordinates": [ [ [ [ -60.537021438545864, -31.7199345440388 ], [ -60.537027312501586, -31.719934068374151 ], [ -60.537113563821784, -31.71987917060537 ], [ -60.537199358306033, -31.719823742616502 ], [ -60.537284674905067, -31.719767793515473 ], [ -60.537369524116563, -31.719711314240655 ], [ -60.537453895493762, -31.719654322873847 ], [ -60.537537788984125, -31.719596810397729 ], [ -60.537621194088864, -31.719538785875926 ], [ -60.537704110807582, -31.719480249309438 ], [ -60.537786528589521, -31.719421200743685 ], [ -60.537868447486368, -31.719361649197836 ], [ -60.537949867549905, -31.719301603691044 ], [ -60.538086452464327, -31.719202537066401 ], [ -60.537947593707436, -31.719218445373713 ], [ -60.53791047323957, -31.719219639120613 ], [ -60.537863794272617, -31.719226365404548 ], [ -60.537816984685904, -31.719232397803708 ], [ -60.537770065685223, -31.719237754265389 ], [ -60.537723047769731, -31.719242425726765 ], [ -60.537675930940537, -31.719246412187712 ], [ -60.53762875739978, -31.719249713470131 ], [ -60.537581516546126, -31.719252320600241 ], [ -60.5375342295333, -31.719254242507176 ], [ -60.537486917410867, -31.719255470083723 ], [ -60.537439580231897, -31.719256012348065 ], [ -60.537392239046021, -31.719255860192995 ], [ -60.537344915006891, -31.719255022547763 ], [ -60.537297608063497, -31.71925349039417 ], [ -60.537250349919844, -31.719251272617054 ], [ -60.537203129974621, -31.719248360242691 ], [ -60.537155979931811, -31.719244762156013 ], [ -60.537148006460441, -31.719245237653936 ], [ -60.537140153878418, -31.719246551355567 ], [ -60.537132559183391, -31.719248675628485 ], [ -60.537125327721995, -31.719251582973563 ], [ -60.537118564789061, -31.719255236873575 ], [ -60.537112386073687, -31.719259573712222 ], [ -60.537104469337827, -31.719271718810624 ], [ -60.537095790690771, -31.719283470307673 ], [ -60.537086360526587, -31.719294801104152 ], [ -60.537076220786346, -31.719305665931188 ], [ -60.537065392466538, -31.719316046663227 ], [ -60.537053917508388, -31.719325898031201 ], [ -60.537041827406725, -31.719335192847105 ], [ -60.537029153656526, -31.71934390392283 ], [ -60.537015938355118, -31.719352013043988 ], [ -60.537002223495847, -31.719359483959781 ], [ -60.536988051176102, -31.719366298456009 ], [ -60.536973463493347, -31.719372438318249 ], [ -60.536958491942777, -31.719377876358443 ], [ -60.53694319982646, -31.719382612309865 ], [ -60.536927629189975, -31.719386618940064 ], [ -60.53691182218293, -31.719389887052948 ], [ -60.536904260783409, -31.719390469021391 ], [ -60.536896819595562, -31.719391771957191 ], [ -60.536889604070275, -31.719393786397728 ], [ -60.536882698453965, -31.719396484933085 ], [ -60.536876197491338, -31.71939983109062 ], [ -60.53687017482661, -31.719403788486538 ], [ -60.536864714498343, -31.719408293638057 ], [ -60.536859879548466, -31.719413301187586 ], [ -60.536855743413405, -31.719418738678666 ], [ -60.536852347930669, -31.71942454280612 ], [ -60.536849745436086, -31.719430641202212 ], [ -60.536847956562625, -31.719436952614366 ], [ -60.536847012441683, -31.719443386727114 ], [ -60.536846933810168, -31.719449880324301 ], [ -60.536847709546294, -31.719456334250079 ], [ -60.536849382631054, -31.719462883599764 ], [ -60.536979271797613, -31.719911463138033 ], [ -60.536981945934016, -31.719915961086578 ], [ -60.536985293370556, -31.719920122517351 ], [ -60.536989250337214, -31.71992386653309 ], [ -60.536993753167835, -31.719927130272961 ], [ -60.536998727645923, -31.719929850920529 ], [ -60.537004078558148, -31.719931983784676 ], [ -60.537009710743142, -31.719933493192521 ], [ -60.537015529091548, -31.719934352489378 ], [ -60.537021438545864, -31.7199345440388 ] ] ] ] } },
{ "type": "Feature", "properties": { "fid": 50, "nombre": "Parque I. Le Petit Pisant", "tipo": "PARQUE PUBLICO", "area": 9595 }, "geometry": { "type": "MultiPolygon", "coordinates": [ [ [ [ -60.538375678426384, -31.716185626312324 ], [ -60.538390720975634, -31.716185274201091 ], [ -60.538405706084355, -31.716184110671936 ], [ -60.538420581106614, -31.716182153984256 ], [ -60.538435261694701, -31.71617941351273 ], [ -60.538449737246111, -31.716175880283703 ], [ -60.538463913019612, -31.716171590771122 ], [ -60.538477757469323, -31.716166563145187 ], [ -60.538489923226166, -31.716161326165651 ], [ -60.538501997785438, -31.716156738897052 ], [ -60.538514962259228, -31.716150966454272 ], [ -60.538527500980493, -31.716144546481683 ], [ -60.538539561199393, -31.716137479202214 ], [ -60.538551090426751, -31.716129809929843 ], [ -60.538562067719013, -31.716121565808468 ], [ -60.538572450980723, -31.716112765053023 ], [ -60.538582187722781, -31.71610345297729 ], [ -60.538591246399825, -31.716093647751737 ], [ -60.538599606120528, -31.71608338553839 ], [ -60.538607214500388, -31.716072729687696 ], [ -60.538614071591681, -31.716061689218048 ], [ -60.538620124957838, -31.716050318461559 ], [ -60.538632593981077, -31.716022723502498 ], [ -60.53863952043092, -31.716005432967282 ], [ -60.538645643832979, -31.715987929382099 ], [ -60.538650964344122, -31.715970239801699 ], [ -60.538655450314977, -31.715952364359914 ], [ -60.538659123210849, -31.71593436609513 ], [ -60.538661940936898, -31.715916263222084 ], [ -60.538663945797452, -31.715898073599003 ], [ -60.538665095697674, -31.715879815440605 ], [ -60.538665391003093, -31.715861551874372 ], [ -60.538664873965992, -31.715843291740313 ], [ -60.538663492880104, -31.715825215625205 ], [ -60.538661795228805, -31.715808953551758 ], [ -60.538659178850658, -31.715792542046568 ], [ -60.53865568745789, -31.715776242459238 ], [ -60.538651300211917, -31.715760099969923 ], [ -60.538646070123256, -31.715744159446736 ], [ -60.538639965647036, -31.715728439059653 ], [ -60.538633029087357, -31.715712956666717 ], [ -60.538625250259763, -31.715697775439804 ], [ -60.538616682122544, -31.71568293122877 ], [ -60.538607314073921, -31.715668415059792 ], [ -60.538597167683164, -31.715654308007451 ], [ -60.538586285097907, -31.715640600875062 ], [ -60.538574645479223, -31.715627338842637 ], [ -60.538562322884928, -31.715614557670854 ], [ -60.538549327969292, -31.715602275351362 ], [ -60.538535565574868, -31.71559045621224 ], [ -60.538514953593463, -31.71557454458064 ], [ -60.53849398740639, -31.715559410026579 ], [ -60.538472444319254, -31.715544855085007 ], [ -60.538450366687783, -31.715530906632029 ], [ -60.538427775663614, -31.715517573596443 ], [ -60.538404692398373, -31.715504864907111 ], [ -60.538381127545904, -31.715492798555658 ], [ -60.538357134063581, -31.71548141039192 ], [ -60.53833272234462, -31.715470673316492 ], [ -60.538307903146944, -31.715460623357401 ], [ -60.538282718669564, -31.715451260336334 ], [ -60.53825720066579, -31.715442602155814 ], [ -60.538231370286937, -31.715434657744801 ], [ -60.538205502193478, -31.715427489072681 ], [ -60.538180944786582, -31.715420747747299 ], [ -60.538156032490932, -31.715414666260521 ], [ -60.538130892216891, -31.715409298187033 ], [ -60.538105555613441, -31.715404643393178 ], [ -60.538080054381659, -31.715400710763451 ], [ -60.538054420170575, -31.715397500164205 ], [ -60.538028663529431, -31.715395011550836 ], [ -60.538002837311069, -31.715393262737106 ], [ -60.537976952012663, -31.715392244660254 ], [ -60.537951039283122, -31.715391957186743 ], [ -60.537925130823503, -31.715392409201208 ], [ -60.537899247628729, -31.715393582578212 ], [ -60.537873432053864, -31.715395504194476 ], [ -60.53784770504172, -31.715398146906139 ], [ -60.537822098241342, -31.715401510580097 ], [ -60.537796632803925, -31.715405604145438 ], [ -60.537771340326337, -31.715410418450567 ], [ -60.537746241855736, -31.715415944388429 ], [ -60.537718476331442, -31.715425494771178 ], [ -60.537691009840806, -31.715435675176884 ], [ -60.537663884530765, -31.715446476409607 ], [ -60.537637100400893, -31.715457898469541 ], [ -60.537610678498474, -31.715469932249725 ], [ -60.537584650368636, -31.715482559580529 ], [ -60.537559026560942, -31.715495780417701 ], [ -60.537533828122768, -31.715509585654313 ], [ -60.537509065551674, -31.715523966227934 ], [ -60.537484759791056, -31.71553889499522 ], [ -60.537460932044524, -31.715554389903925 ], [ -60.537437603203522, -31.715570414792506 ], [ -60.537414783817823, -31.71558696961684 ], [ -60.537392074812615, -31.715604371704213 ], [ -60.536950090310555, -31.715972787987244 ], [ -60.536945345137958, -31.715978697006356 ], [ -60.536941351244216, -31.715984990653794 ], [ -60.536938150517223, -31.71599161464265 ], [ -60.536935784689064, -31.715998487631321 ], [ -60.536934263842035, -31.716005528411582 ], [ -60.536933629812189, -31.716012673678222 ], [ -60.536933860980078, -31.716019833337967 ], [ -60.536934978030004, -31.716026935156354 ], [ -60.536936959394481, -31.716033898058253 ], [ -60.536939783506028, -31.716040640968579 ], [ -60.536943418351207, -31.716047100893153 ], [ -60.536947821262601, -31.716053196845671 ], [ -60.536952949624812, -31.716058856858108 ], [ -60.536958739878386, -31.716064036105905 ], [ -60.536965138857873, -31.716068662665531 ], [ -60.53697207250579, -31.716072700774987 ], [ -60.536979456006748, -31.716076078644047 ], [ -60.536987215459142, -31.716078787565351 ], [ -60.536995266203498, -31.716080782803374 ], [ -60.537003513186256, -31.716082046721549 ], [ -60.537011871903836, -31.716082561638856 ], [ -60.537062358046448, -31.716075846691911 ], [ -60.537112964234268, -31.716069825638399 ], [ -60.537163679970455, -31.716064507540768 ], [ -60.537214484156273, -31.716059892487834 ], [ -60.537265376740834, -31.716055971461234 ], [ -60.537316336729447, -31.716052762586227 ], [ -60.537366625680313, -31.71605027799351 ], [ -60.53742061023523, -31.716050149650197 ], [ -60.53747509511075, -31.716050794759781 ], [ -60.53752956336178, -31.716052215501019 ], [ -60.537583993941773, -31.716054420981227 ], [ -60.53763837619821, -31.716057393208427 ], [ -60.537692689084494, -31.716061141289877 ], [ -60.537747439259, -31.716065708180867 ], [ -60.537785771751395, -31.71606817085928 ], [ -60.537823739371404, -31.716071392613404 ], [ -60.537861605868137, -31.716075372330877 ], [ -60.537899360692585, -31.716080110056215 ], [ -60.537936961697987, -31.716085614985879 ], [ -60.537974408833186, -31.716091878101697 ], [ -60.538011670397189, -31.716098890519181 ], [ -60.538048725290984, -31.71610665232755 ], [ -60.53808556291343, -31.716115154553176 ], [ -60.538111459272983, -31.716119879134077 ], [ -60.538137190534741, -31.716125244715066 ], [ -60.538162725049411, -31.716131251429641 ], [ -60.538188041717554, -31.716137899367162 ], [ -60.538213119387741, -31.716145179598566 ], [ -60.538237936856312, -31.716153074176638 ], [ -60.538262473075946, -31.716161592208827 ], [ -60.538287531457833, -31.716171009874532 ], [ -60.538301725873822, -31.716175423084938 ], [ -60.53831614780411, -31.716179041711467 ], [ -60.538330828950308, -31.716181874638529 ], [ -60.538345674362574, -31.71618392226695 ], [ -60.538360641788664, -31.71618517575671 ], [ -60.538375678426384, -31.716185626312324 ] ] ] ] } },
{ "type": "Feature", "properties": { "fid": 51, "nombre": "Bº Hernandarias", "tipo": "ESPACIO VERDE", "area": 768 }, "geometry": { "type": "MultiPolygon", "coordinates": [ [ [ [ -60.490055382912367, -31.726740732507082 ], [ -60.489992152834709, -31.726500185955203 ], [ -60.489758674325032, -31.726535638177022 ], [ -60.489827527204007, -31.726866898330975 ], [ -60.489969940364446, -31.726845242852683 ], [ -60.489951496328445, -31.72675650709273 ], [ -60.490055382912367, -31.726740732507082 ] ] ] ] } },
{ "type": "Feature", "properties": { "fid": 52, "nombre": "Paseo Federal", "tipo": "ESPACIO VERDE", "area": 2408 }, "geometry": { "type": "MultiPolygon", "coordinates": [ [ [ [ -60.508163679468453, -31.751745795229407 ], [ -60.508174171031172, -31.75176523312664 ], [ -60.508183435594987, -31.75177258224463 ], [ -60.508200664608168, -31.751779196160911 ], [ -60.508213240415387, -31.751780237227816 ], [ -60.508228921134773, -31.751768946501169 ], [ -60.508239146213839, -31.751756173579427 ], [ -60.508242837801205, -31.751737639383354 ], [ -60.508233453561552, -31.751705962220875 ], [ -60.507593355373068, -31.748790770336619 ], [ -60.507584573303461, -31.748773483219768 ], [ -60.507566781972393, -31.748761476514598 ], [ -60.5075520165122, -31.748761303835781 ], [ -60.507532544348578, -31.748767400227102 ], [ -60.507523418257932, -31.748782946641413 ], [ -60.507520614318594, -31.748797400839415 ], [ -60.508163679468453, -31.751745795229407 ] ] ] ] } },
{ "type": "Feature", "properties": { "fid": 53, "nombre": "Nuevo Parque", "tipo": "PARQUE PUBLICO", "area": 2116 }, "geometry": { "type": "MultiPolygon", "coordinates": [ [ [ [ -60.54521642892945, -31.720670804743818 ], [ -60.545032951064385, -31.720610504545302 ], [ -60.544804184734517, -31.720443499309518 ], [ -60.544781372959207, -31.720361514154256 ], [ -60.544791656804527, -31.720210667217863 ], [ -60.544897955398135, -31.720057501030269 ], [ -60.544995589058935, -31.71995018536364 ], [ -60.545066860250394, -31.719917429386161 ], [ -60.545182401161284, -31.719893237699228 ], [ -60.545152630949801, -31.720227530658352 ], [ -60.545122962368445, -31.720560680197732 ], [ -60.54521642892945, -31.720670804743818 ] ] ] ] } },
{ "type": "Feature", "properties": { "fid": 54, "nombre": "Nuevo Parque", "tipo": "PARQUE PUBLICO", "area": 344 }, "geometry": { "type": "MultiPolygon", "coordinates": [ [ [ [ -60.544444177712897, -31.720261783012965 ], [ -60.544448146188998, -31.720236154761551 ], [ -60.54446005668251, -31.720212392064983 ], [ -60.544479025841959, -31.720192257291743 ], [ -60.544503646810064, -31.720177243743155 ], [ -60.544532093564342, -31.720168464902798 ], [ -60.544562256344193, -31.72016657185522 ], [ -60.544591898120778, -31.720171704998652 ], [ -60.544618820505278, -31.720183483632344 ], [ -60.544641026791496, -31.720201034191113 ], [ -60.544656870041422, -31.720223055033088 ], [ -60.544665175230762, -31.720247912975704 ], [ -60.544665326396014, -31.72027376442059 ], [ -60.544657312319345, -31.720298692084452 ], [ -60.544641727362404, -31.720320847195133 ], [ -60.544619727386973, -31.720338586607006 ], [ -60.544592944030882, -31.720350594666236 ], [ -60.544563363696838, -31.720355980787676 ], [ -60.544533180228889, -31.720354345506141 ], [ -60.544504632203356, -31.72034581010325 ], [ -60.544479836901964, -31.720331007612469 ], [ -60.544460633281098, -31.720311035869418 ], [ -60.544448445584301, -31.720287376089665 ], [ -60.544444177712897, -31.720261783012965 ] ] ] ] } },
{ "type": "Feature", "properties": { "fid": 55, "nombre": "Plaza Aras Gral. Belgrano", "tipo": "PLAZA", "area": 987 }, "geometry": { "type": "MultiPolygon", "coordinates": [ [ [ [ -60.550134843633231, -31.720932872386228 ], [ -60.550007086752963, -31.721180777560249 ], [ -60.549906371644617, -31.721385006777908 ], [ -60.54993379064684, -31.721405112406064 ], [ -60.550084012389981, -31.721262896959118 ], [ -60.550203128811731, -31.721092813255279 ], [ -60.550262434126779, -31.720964991113764 ], [ -60.550325415971322, -31.720843375812713 ], [ -60.550352081177394, -31.720735918430059 ], [ -60.550385791974179, -31.720647801359593 ], [ -60.550315038593588, -31.720627180379857 ], [ -60.550219371101761, -31.720761382234546 ], [ -60.550134843633231, -31.720932872386228 ] ] ] ] } },
{ "type": "Feature", "properties": { "fid": 56, "nombre": "Plaza Raul Ibarra", "tipo": "PLAZA", "area": 282 }, "geometry": { "type": "MultiPolygon", "coordinates": [ [ [ [ -60.506036801934897, -31.73541265527323 ], [ -60.506008196663316, -31.735384976382669 ], [ -60.505963454603062, -31.735379942921746 ], [ -60.505918835267188, -31.735397490333185 ], [ -60.505900732073947, -31.735432302769119 ], [ -60.505907112598635, -31.735484388307945 ], [ -60.505927852415503, -31.735560735250331 ], [ -60.505956438836691, -31.735584940175226 ], [ -60.505997144425656, -31.735595200749433 ], [ -60.506033662379942, -31.735582896562821 ], [ -60.506064007442419, -31.735556720645768 ], [ -60.506065907689759, -31.735532394697355 ], [ -60.506036801934897, -31.73541265527323 ] ] ] ] } },
{ "type": "Feature", "properties": { "fid": 57, "nombre": "Plaza De Los Inmigrantes", "tipo": "PLAZA", "area": 535 }, "geometry": { "type": "MultiPolygon", "coordinates": [ [ [ [ -60.521346177917714, -31.771828379567463 ], [ -60.521487223880605, -31.771868755722213 ], [ -60.521568463005245, -31.771929853407084 ], [ -60.521619827461848, -31.772006430966645 ], [ -60.521638479099018, -31.772126655622749 ], [ -60.521771565195607, -31.771816399319068 ], [ -60.521687444866323, -31.771775790337436 ], [ -60.521346177917714, -31.771828379567463 ] ] ] ] } },
{ "type": "Feature", "properties": { "fid": 58, "nombre": "Parque Urquiza", "tipo": "PARQUE PUBLICO", "area": 38411 }, "geometry": { "type": "MultiPolygon", "coordinates": [ [ [ [ -60.532367360999501, -31.719855934347738 ], [ -60.532385759294755, -31.719855586964659 ], [ -60.532404122021269, -31.719854554326975 ], [ -60.532422417424428, -31.719852818530498 ], [ -60.532440603405441, -31.719850397787877 ], [ -60.532458637710931, -31.719847283257241 ], [ -60.532476499342856, -31.719843493063298 ], [ -60.532494146150995, -31.719839036400366 ], [ -60.532511546483818, -31.719833913400969 ], [ -60.532528668741541, -31.719828133215568 ], [ -60.532545460275102, -31.719821714101041 ], [ -60.532561921135837, -31.719814665075742 ], [ -60.532577988072845, -31.71980699542247 ], [ -60.532593640088322, -31.719798723265935 ], [ -60.532608856236052, -31.719789875749083 ], [ -60.532623594314479, -31.719780453048354 ], [ -60.532637833428979, -31.719770491324969 ], [ -60.532651541928466, -31.719759990711321 ], [ -60.532664688368037, -31.719748987412686 ], [ -60.53267726230051, -31.719737499509669 ], [ -60.532689221576099, -31.719725536197085 ], [ -60.53270054535195, -31.719713142654204 ], [ -60.532724106677684, -31.719685790513736 ], [ -60.532747032647883, -31.71965803519473 ], [ -60.532769302316957, -31.719629903840271 ], [ -60.532790905083246, -31.719601387476615 ], [ -60.532811830499973, -31.719572504184676 ], [ -60.532832078722308, -31.719543281019206 ], [ -60.53285164969904, -31.719513708962502 ], [ -60.532870511882862, -31.719483806183536 ], [ -60.532888675927758, -31.719453590674949 ], [ -60.532906120785192, -31.719423071543392 ], [ -60.53303209693933, -31.71922804445979 ], [ -60.533157437902076, -31.719032731316098 ], [ -60.533282154123334, -31.718837114033452 ], [ -60.533406245709131, -31.718641210650205 ], [ -60.533529712662343, -31.718445021168012 ], [ -60.533531418168103, -31.718438854443832 ], [ -60.533532268383894, -31.718432565040935 ], [ -60.53353226372316, -31.718426225105034 ], [ -60.533531394204033, -31.718419933880618 ], [ -60.533529681391954, -31.718413772443284 ], [ -60.533527136302141, -31.718407821912756 ], [ -60.533523801600374, -31.718402163276277 ], [ -60.533519709350635, -31.71839686854705 ], [ -60.533514933920863, -31.71839202759816 ], [ -60.533509538870547, -31.718387685255458 ], [ -60.533503587914055, -31.718383913399897 ], [ -60.533497155161008, -31.718380756813442 ], [ -60.533490346371551, -31.718378260145357 ], [ -60.533483235603512, -31.718376459159639 ], [ -60.533475928513681, -31.718375380469304 ], [ -60.533471401135813, -31.718375164934734 ], [ -60.533192036095329, -31.718445270481858 ], [ -60.533148857195378, -31.718455208999142 ], [ -60.532771950554888, -31.718543406639998 ], [ -60.532685178597134, -31.718564691981737 ], [ -60.532639490488826, -31.718574965474634 ], [ -60.532593619407109, -31.718584608425555 ], [ -60.532547565301279, -31.718593611816061 ], [ -60.532501349272721, -31.718601975557856 ], [ -60.532454981872519, -31.718609699606635 ], [ -60.532408473651834, -31.718616783918193 ], [ -60.532361835110287, -31.718623219430132 ], [ -60.532315087349282, -31.718629006054165 ], [ -60.532287552038227, -31.718631105075826 ], [ -60.53225994899298, -31.718632428789416 ], [ -60.532232299314643, -31.718632977106783 ], [ -60.532204655806595, -31.718632758825898 ], [ -60.532177028916706, -31.718631755866319 ], [ -60.532149461001147, -31.718629995106514 ], [ -60.532121973058011, -31.718627458421995 ], [ -60.532094596738659, -31.718624145680764 ], [ -60.532067363848988, -31.718620083805376 ], [ -60.53204029538707, -31.718615254671466 ], [ -60.532013433606011, -31.718609667121218 ], [ -60.531540800080116, -31.718505473590849 ], [ -60.531344064086504, -31.718460831782348 ], [ -60.531047229204106, -31.718398326302609 ], [ -60.531024692086575, -31.718394388938574 ], [ -60.531001990382926, -31.718391191767346 ], [ -60.530979166293548, -31.71838873461304 ], [ -60.530956241072495, -31.718387044442458 ], [ -60.530933267367416, -31.718386102999371 ], [ -60.530910255779382, -31.718385919258079 ], [ -60.530887259058787, -31.718386492998899 ], [ -60.530864308804347, -31.7183878150718 ], [ -60.530841436768917, -31.718389903381478 ], [ -60.530818663949546, -31.718392739803718 ], [ -60.530796043096686, -31.71839632411892 ], [ -60.530773605809109, -31.718400647177202 ], [ -60.530751373135331, -31.718405699872601 ], [ -60.530729387327014, -31.718411491047853 ], [ -60.530610082237878, -31.718455853296025 ], [ -60.530279643593445, -31.718582205562157 ], [ -60.530046049677217, -31.718657110054824 ], [ -60.529987213834012, -31.718672685987983 ], [ -60.529928120506824, -31.718687514434624 ], [ -60.529868769696947, -31.718701595394361 ], [ -60.529809193056373, -31.718714928735277 ], [ -60.529749379984914, -31.718727505482754 ], [ -60.529689372736208, -31.718739334479107 ], [ -60.529629150159835, -31.718750406793706 ], [ -60.529568754406895, -31.718760713232726 ], [ -60.529508185478804, -31.718770253795746 ], [ -60.529051434130828, -31.71882613436161 ], [ -60.528594813368656, -31.718882815393002 ], [ -60.528138333731043, -31.718940296847904 ], [ -60.527687424819682, -31.718997888890247 ], [ -60.527681253162065, -31.718997959527346 ], [ -60.527624917089682, -31.719007932599091 ], [ -60.527446689117838, -31.719032523842841 ], [ -60.527244975769925, -31.719059015653379 ], [ -60.527235153842078, -31.719062853032728 ], [ -60.527225736703606, -31.719067374138195 ], [ -60.527216787451863, -31.719072542635146 ], [ -60.52720835863407, -31.719078322232662 ], [ -60.527200523898003, -31.719084676552608 ], [ -60.527193325138562, -31.719091551311202 ], [ -60.527186814954128, -31.719098919235773 ], [ -60.527181035188626, -31.719106717024317 ], [ -60.527176027788194, -31.719114899411466 ], [ -60.52717182404659, -31.719123403138713 ], [ -60.527168455308612, -31.719132173966038 ], [ -60.527165942317808, -31.719141148678641 ], [ -60.527164305868816, -31.719150273080043 ], [ -60.527163545604608, -31.71915948404272 ], [ -60.527163682268807, -31.719168718351874 ], [ -60.527164704954075, -31.71917791292357 ], [ -60.527166613252383, -31.719186995612027 ], [ -60.527172566479891, -31.71920052569817 ], [ -60.527179298849489, -31.71921377299083 ], [ -60.527186810310326, -31.719226728471533 ], [ -60.527195058355282, -31.719239338205377 ], [ -60.527204042882417, -31.71925158415586 ], [ -60.527213732036792, -31.719263430380668 ], [ -60.527224093963525, -31.719274840937739 ], [ -60.527235118010239, -31.719285797834161 ], [ -60.527246772372976, -31.719296274145929 ], [ -60.527259014646269, -31.71930623397451 ], [ -60.527271834177725, -31.719315659327002 ], [ -60.527285188612872, -31.719324523323039 ], [ -60.527299046198586, -31.719332808056969 ], [ -60.527313364580266, -31.719340486648512 ], [ -60.527328122555026, -31.719347541148352 ], [ -60.527343267319999, -31.719353962756362 ], [ -60.5273587775701, -31.719359715486732 ], [ -60.527374600604496, -31.719364808575811 ], [ -60.527390704618796, -31.719369215099793 ], [ -60.527407036809947, -31.719372926258579 ], [ -60.527423576077027, -31.719375942139312 ], [ -60.527440269514841, -31.719378235905545 ], [ -60.52745707497278, -31.719379816750131 ], [ -60.527473950198178, -31.719380675829171 ], [ -60.527490863539562, -31.719380813273865 ], [ -60.527507720043701, -31.719380229476947 ], [ -60.527589658022052, -31.719371313886281 ], [ -60.527671650983301, -31.71936279482648 ], [ -60.527753698928557, -31.719354672297335 ], [ -60.527931415765302, -31.719336603064377 ], [ -60.5288194574998, -31.719254967243319 ], [ -60.52935572233568, -31.719208776842315 ], [ -60.529500018404555, -31.719204398892135 ], [ -60.529642102368861, -31.719198785425416 ], [ -60.529784139393733, -31.719192342299944 ], [ -60.529926108426167, -31.719185078621805 ], [ -60.530068030562916, -31.719176994303584 ], [ -60.530138367748457, -31.719169000098066 ], [ -60.530208573903266, -31.719160230813756 ], [ -60.530278649077061, -31.719150695469153 ], [ -60.530348561565873, -31.719140385177901 ], [ -60.530418321969712, -31.719129308914628 ], [ -60.530487909186292, -31.719117466767397 ], [ -60.530557312663731, -31.719104858780366 ], [ -60.530626521850117, -31.719091484997897 ], [ -60.530692291007398, -31.719078017276416 ], [ -60.531200222415386, -31.718985005160615 ], [ -60.531258999609612, -31.718973947145944 ], [ -60.531279932077318, -31.718970288618173 ], [ -60.531301016104869, -31.718967305837563 ], [ -60.531322220093351, -31.718965007954239 ], [ -60.531343501893595, -31.718963404162047 ], [ -60.531364840354058, -31.718962485530856 ], [ -60.531386203875897, -31.71896226121067 ], [ -60.531407571307547, -31.718962722271282 ], [ -60.531428890001081, -31.718963886968925 ], [ -60.531450149252343, -31.718965728292975 ], [ -60.531471317513898, -31.718968264411899 ], [ -60.531492352533682, -31.718971486483383 ], [ -60.531513222609902, -31.718975385621263 ], [ -60.531533917141203, -31.71897995285136 ], [ -60.531554383428194, -31.718985197411921 ], [ -60.531574610766576, -31.718991092292399 ], [ -60.531594556955611, -31.718997637668895 ], [ -60.531612364838416, -31.719002938397065 ], [ -60.531629860178093, -31.719008934845103 ], [ -60.531647011272753, -31.719015618126907 ], [ -60.531663775870108, -31.719022979400354 ], [ -60.531680132715444, -31.719030991698954 ], [ -60.531696039556437, -31.71903964618074 ], [ -60.53171145408924, -31.719048924985255 ], [ -60.531726344508748, -31.719058801190226 ], [ -60.531740679061301, -31.719069256891309 ], [ -60.531754436543409, -31.719080274140303 ], [ -60.531767585149879, -31.719091826014846 ], [ -60.531780093075376, -31.719103885592311 ], [ -60.531791928514593, -31.719116425950471 ], [ -60.531803070263862, -31.719129429140956 ], [ -60.5318134969651, -31.719142850160971 ], [ -60.531823176915744, -31.719156680124527 ], [ -60.531832099307849, -31.719170873984684 ], [ -60.531840242886162, -31.719185404775004 ], [ -60.531847586395344, -31.719200245529002 ], [ -60.531854119078822, -31.719215360218012 ], [ -60.531859819629688, -31.719230712857303 ], [ -60.531864687944619, -31.719246285410591 ], [ -60.531894007714648, -31.719360805352782 ], [ -60.531923074608471, -31.719475371432953 ], [ -60.531951878074885, -31.719589983695275 ], [ -60.531959830729306, -31.719606174664047 ], [ -60.531968551861922, -31.719622064817479 ], [ -60.531978020372343, -31.719637654243503 ], [ -60.531988214851083, -31.719652888920663 ], [ -60.531999135298435, -31.719667768848847 ], [ -60.532010739255647, -31.71968224911285 ], [ -60.532023026671375, -31.719696320694297 ], [ -60.532035976239044, -31.719709947608216 ], [ -60.53204955625619, -31.719723120968272 ], [ -60.532063756017898, -31.71973581376367 ], [ -60.532078543718697, -31.719747999071643 ], [ -60.532093898154756, -31.719759658943641 ], [ -60.532109787623462, -31.719770784493367 ], [ -60.532126201368278, -31.719781339691792 ], [ -60.532143097187614, -31.719791324714894 ], [ -60.532160453826066, -31.719800712595912 ], [ -60.532178250131146, -31.719809494404537 ], [ -60.532196433196212, -31.719817643306172 ], [ -60.532215003021051, -31.71982515930064 ], [ -60.532233906750427, -31.719832024571684 ], [ -60.532253123231804, -31.719838230188799 ], [ -60.53227261021182, -31.719843767310053 ], [ -60.532292357036631, -31.71984861794289 ], [ -60.532312310954012, -31.719852782307445 ], [ -60.532330605151841, -31.719854527642177 ], [ -60.532348958683933, -31.719855578307598 ], [ -60.532367360999501, -31.719855934347738 ] ] ] ] } },
{ "type": "Feature", "properties": { "fid": 59, "nombre": "Zona Monumentos", "tipo": "PARQUE PUBLICO", "area": 20153 }, "geometry": { "type": "MultiPolygon", "coordinates": [ [ [ [ -60.536755203836911, -31.718903677828568 ], [ -60.536810610125784, -31.71889549029207 ], [ -60.53684391112855, -31.718854009604243 ], [ -60.536877868399813, -31.718812904917847 ], [ -60.536912460994557, -31.718772203375895 ], [ -60.536947699462651, -31.718731904933524 ], [ -60.536983562703256, -31.718692009678872 ], [ -60.537020050767921, -31.718652526629807 ], [ -60.537250668235444, -31.71839364604466 ], [ -60.537388846464012, -31.718245332834982 ], [ -60.537527494963392, -31.718090830851761 ], [ -60.537530910818695, -31.718083087658155 ], [ -60.537533512958262, -31.718075113416194 ], [ -60.537535301798698, -31.718066980271665 ], [ -60.537536246053946, -31.718058751485287 ], [ -60.537536345984442, -31.718050472148327 ], [ -60.537535612608949, -31.718042223380081 ], [ -60.537533811781081, -31.718031823708511 ], [ -60.537532553719572, -31.718018580944086 ], [ -60.537531905003597, -31.718003062966918 ], [ -60.53753207914734, -31.717987532501922 ], [ -60.537533086960693, -31.717972034595626 ], [ -60.537534917945173, -31.717956578310712 ], [ -60.537537561862457, -31.717941217800867 ], [ -60.537541018868282, -31.717925980120686 ], [ -60.537545289066287, -31.717910883306512 ], [ -60.537550362166222, -31.717895972493782 ], [ -60.537556217223518, -31.717881274826023 ], [ -60.53756284384388, -31.717866817402211 ], [ -60.537570242183108, -31.717852627276862 ], [ -60.537572690062071, -31.717848445018223 ], [ -60.53757838085069, -31.717838749674332 ], [ -60.537587259898466, -31.717825193612697 ], [ -60.537596837385898, -31.717812004360812 ], [ -60.537607113416904, -31.717799199954932 ], [ -60.537618056497053, -31.717786807583007 ], [ -60.53762965623222, -31.717774854343844 ], [ -60.537641870525995, -31.717763358451773 ], [ -60.537654689036316, -31.717752356023979 ], [ -60.53766806961481, -31.717741856256378 ], [ -60.53768200191957, -31.717731895266109 ], [ -60.537696454352336, -31.717722482204834 ], [ -60.53771568135177, -31.717712246364286 ], [ -60.5377353232372, -31.717702603987235 ], [ -60.537755359012785, -31.717693573198744 ], [ -60.537775767682689, -31.717685172124099 ], [ -60.537796506994702, -31.717677391922923 ], [ -60.537817566607288, -31.717670268712379 ], [ -60.53783891481843, -31.717663793607624 ], [ -60.537860520030272, -31.717657975760222 ], [ -60.537882361247107, -31.717652833295585 ], [ -60.537904396268942, -31.717648366391387 ], [ -60.537910759056835, -31.717646698191963 ], [ -60.537916865361197, -31.717644462913533 ], [ -60.537922673137736, -31.717641687788777 ], [ -60.537928108691844, -31.717638400183972 ], [ -60.537933098433086, -31.717634645501739 ], [ -60.5381046645929, -31.71746594426514 ], [ -60.538126646970632, -31.717450547211516 ], [ -60.538157430192506, -31.717450083593825 ], [ -60.53820857477853, -31.717414786015187 ], [ -60.53847753882382, -31.717601693512179 ], [ -60.538441246140842, -31.717630994348994 ], [ -60.538453081826439, -31.717683611973239 ], [ -60.53828326372021, -31.717877260276776 ], [ -60.538280356686492, -31.717885407171188 ], [ -60.538278252504796, -31.717893731044381 ], [ -60.538276971962908, -31.717902177697965 ], [ -60.538276514696264, -31.717910684004618 ], [ -60.538276890942605, -31.71791919581052 ], [ -60.538278100337365, -31.717927649988226 ], [ -60.538280132017995, -31.717935992472995 ], [ -60.53828296446747, -31.717944151208243 ], [ -60.538286597477622, -31.717952090121059 ], [ -60.538290977880933, -31.717959737288542 ], [ -60.538296094814783, -31.717967038645813 ], [ -60.538301916420394, -31.717973958253641 ], [ -60.538308379032188, -31.717980433251764 ], [ -60.538315461341405, -31.717986427656356 ], [ -60.538829234127604, -31.718338419861542 ], [ -60.539026072335638, -31.718491333894018 ], [ -60.539080525383156, -31.718477116077526 ], [ -60.539095359032089, -31.718473418928273 ], [ -60.539109914042676, -31.718468974426312 ], [ -60.539124137768063, -31.718463800831248 ], [ -60.539137977613528, -31.718457925420836 ], [ -60.53915138088005, -31.718451357436479 ], [ -60.53916431602125, -31.718444115048605 ], [ -60.539176719996753, -31.718436243616047 ], [ -60.539188561208107, -31.718427752291046 ], [ -60.53919979766318, -31.718418677325115 ], [ -60.53921038737009, -31.718409054969616 ], [ -60.539220288284632, -31.718398912457857 ], [ -60.539229468965068, -31.718388285996671 ], [ -60.53924285536263, -31.71837516167912 ], [ -60.539255574275487, -31.718361553188515 ], [ -60.539267594262078, -31.718347496731774 ], [ -60.539278904876781, -31.718333010390118 ], [ -60.539289485176063, -31.718318121307579 ], [ -60.53929930371838, -31.718302865691079 ], [ -60.539308350058249, -31.718287261621832 ], [ -60.539316603252274, -31.71827133624382 ], [ -60.539324063509646, -31.718255125630048 ], [ -60.539330688838859, -31.718238666031958 ], [ -60.539336500392835, -31.718221966378628 ], [ -60.539341456284568, -31.718205080957929 ], [ -60.539345577667092, -31.718188018698839 ], [ -60.539348833203654, -31.718170833844706 ], [ -60.539351222946863, -31.718153535413627 ], [ -60.539362669670354, -31.717965768462989 ], [ -60.539367989290469, -31.71781673451116 ], [ -60.539384049272705, -31.717793444119913 ], [ -60.539365752684994, -31.717729283280136 ], [ -60.539096846984791, -31.717556473229241 ], [ -60.538858364818935, -31.717408397817142 ], [ -60.538796020044629, -31.717376898410141 ], [ -60.538683762513543, -31.717338241820435 ], [ -60.538463015550242, -31.717266639128546 ], [ -60.538387340976044, -31.717241580863529 ], [ -60.53806480901752, -31.717179795447969 ], [ -60.537638013375798, -31.717100520302566 ], [ -60.537621553355393, -31.71710390849513 ], [ -60.537609515454186, -31.717105735887312 ], [ -60.53759768253115, -31.717108347017255 ], [ -60.537586117730122, -31.717111714563512 ], [ -60.537574873697061, -31.717115820267239 ], [ -60.537564034728014, -31.71712064573633 ], [ -60.537153280208216, -31.717320178177147 ], [ -60.537119599465036, -31.717346915421263 ], [ -60.537107634820913, -31.717355966218388 ], [ -60.537089373300169, -31.717370797298567 ], [ -60.537071748001956, -31.717386184838514 ], [ -60.537054779870445, -31.71740210169499 ], [ -60.537038489901924, -31.717418529742947 ], [ -60.537022909590718, -31.717435441794695 ], [ -60.5370080388331, -31.717452819814088 ], [ -60.536993909227427, -31.71747065464978 ], [ -60.536980541614241, -31.717488901122209 ], [ -60.536967946491949, -31.717507550168865 ], [ -60.536956144805096, -31.717526574646502 ], [ -60.536945146948156, -31.71754594745633 ], [ -60.536934973865833, -31.717565641455 ], [ -60.536927710366008, -31.717577612443556 ], [ -60.536921165986662, -31.717589878011257 ], [ -60.536915372222417, -31.717602410970294 ], [ -60.536910328969512, -31.717615193284416 ], [ -60.536906057016587, -31.71762817075555 ], [ -60.536902577308261, -31.717641316240226 ], [ -60.536899879138801, -31.717654602728391 ], [ -60.536897983348865, -31.71766798504018 ], [ -60.536897263919457, -31.71767679005519 ], [ -60.536899458893878, -31.717728131737935 ], [ -60.53690057570374, -31.717735188463454 ], [ -60.53694709962361, -31.717981727681746 ], [ -60.536970061233809, -31.718105039128289 ], [ -60.536975599059026, -31.718124973582398 ], [ -60.536980346403951, -31.718145046642071 ], [ -60.536984313766361, -31.718165249244727 ], [ -60.536987479889397, -31.718185554424622 ], [ -60.536989855218764, -31.718205944101147 ], [ -60.536991428995883, -31.718226382245806 ], [ -60.536992211666359, -31.718246850777817 ], [ -60.536992182077391, -31.718267340767884 ], [ -60.536991350570617, -31.71828781609873 ], [ -60.53698972753979, -31.718308249671299 ], [ -60.536987501273124, -31.718326530380651 ], [ -60.536984441020863, -31.718344724418412 ], [ -60.536980536076378, -31.718362804774312 ], [ -60.536975796781448, -31.718380735331049 ], [ -60.536970233529843, -31.718398488989337 ], [ -60.536963867265584, -31.718416038605778 ], [ -60.536956687334026, -31.718433366188137 ], [ -60.536948714679291, -31.718450444592865 ], [ -60.536939959591244, -31.718467228684325 ], [ -60.536930432567814, -31.718483709399724 ], [ -60.536823694472815, -31.718644975468614 ], [ -60.536813649826563, -31.718659519393029 ], [ -60.536804324515479, -31.718674393969593 ], [ -60.536795729090009, -31.718689599154015 ], [ -60.536787873840815, -31.718705089811039 ], [ -60.536780779764761, -31.718720847815451 ], [ -60.536774446654242, -31.718736837094596 ], [ -60.536768906108421, -31.718753048497121 ], [ -60.5367641472656, -31.718769427958293 ], [ -60.536760180676445, -31.718785975433754 ], [ -60.53675702712998, -31.718802636725528 ], [ -60.53675468657471, -31.718819402815384 ], [ -60.536753158803251, -31.718836237630637 ], [ -60.536752443660085, -31.718853114116691 ], [ -60.536752540937847, -31.718869996200524 ], [ -60.53675346103126, -31.71888685678331 ], [ -60.536755203836911, -31.718903677828568 ] ] ] ] } },
{ "type": "Feature", "properties": { "fid": 60, "nombre": "Plaza de las Naciones", "tipo": "PARQUE PUBLICO", "area": 3478 }, "geometry": { "type": "MultiPolygon", "coordinates": [ [ [ [ -60.539189978652374, -31.716585103193797 ], [ -60.539397952100416, -31.716285741817469 ], [ -60.539474921956057, -31.71617230106725 ], [ -60.539261274857779, -31.716023790551343 ], [ -60.539116052574137, -31.715940091423136 ], [ -60.538961358195571, -31.715891333487576 ], [ -60.538836384381803, -31.715888281412798 ], [ -60.538804581693967, -31.71587357107364 ], [ -60.538804041867095, -31.715941924436606 ], [ -60.538787723678162, -31.715978914844666 ], [ -60.538777403329419, -31.71600770920816 ], [ -60.538766216472489, -31.716036263734836 ], [ -60.538754152452405, -31.716064560432667 ], [ -60.538741242813948, -31.716092581131267 ], [ -60.538727476850113, -31.71612029882025 ], [ -60.538712865057981, -31.716147704436679 ], [ -60.538707128299521, -31.716159091896422 ], [ -60.538702184349575, -31.716170746558884 ], [ -60.538698043497668, -31.716182623288585 ], [ -60.538694726687396, -31.716194694941784 ], [ -60.538692254706177, -31.716206907320153 ], [ -60.538690616795733, -31.716219224395484 ], [ -60.538698303517769, -31.716220292165588 ], [ -60.538705815010616, -31.71622207313133 ], [ -60.538713045618557, -31.716224540684117 ], [ -60.538719921387809, -31.716227677099535 ], [ -60.538726357658092, -31.716231437643231 ], [ -60.538732269769262, -31.716235777580867 ], [ -60.538737583558742, -31.716240643115317 ], [ -60.538742245963881, -31.716245980360327 ], [ -60.538760283685882, -31.7163512483991 ], [ -60.538768930734747, -31.716357831384698 ], [ -60.538778081157922, -31.716363889173646 ], [ -60.538970242092844, -31.716466621868367 ], [ -60.539189978652374, -31.716585103193797 ] ] ] ] } },
{ "type": "Feature", "properties": { "fid": 61, "nombre": "Parque Urquiza", "tipo": "PARQUE PUBLICO", "area": 66486 }, "geometry": { "type": "MultiPolygon", "coordinates": [ [ [ [ -60.538903793350705, -31.716850010924077 ], [ -60.538779435196879, -31.716789150916455 ], [ -60.538516375870174, -31.716660410860744 ], [ -60.538691832072061, -31.716488492139788 ], [ -60.538557701138046, -31.716424720688551 ], [ -60.53852371934309, -31.716408378542386 ], [ -60.538489350703777, -31.716392642255649 ], [ -60.538454605873909, -31.716377529819852 ], [ -60.538419495350766, -31.71636303217198 ], [ -60.538384040285841, -31.716349158240824 ], [ -60.538348251332785, -31.716335926017983 ], [ -60.538312160140833, -31.716323335369538 ], [ -60.538275756159429, -31.7163113863398 ], [ -60.538239071089869, -31.716300087813117 ], [ -60.538202126083497, -31.716289448718367 ], [ -60.538152066010142, -31.716276781715006 ], [ -60.538101777810049, -31.716264801055289 ], [ -60.538051282582096, -31.716253506649998 ], [ -60.538000569827332, -31.71624290756138 ], [ -60.537949671090416, -31.716232985619492 ], [ -60.537898597076378, -31.716223767834105 ], [ -60.537847358282079, -31.716215245142429 ], [ -60.537795965256294, -31.716207417499568 ], [ -60.537744428599943, -31.716200293879233 ], [ -60.537692769411748, -31.716193874192321 ], [ -60.537652870221216, -31.716190507231779 ], [ -60.537612901451254, -31.716187880063373 ], [ -60.53757286310092, -31.716185992687027 ], [ -60.5375327974211, -31.716184853942927 ], [ -60.537492714908666, -31.716184454768385 ], [ -60.537452626164693, -31.716184804137164 ], [ -60.537412552236077, -31.716185892942065 ], [ -60.537372514273748, -31.716187730112424 ], [ -60.537332543874584, -31.716190306496692 ], [ -60.537292641037645, -31.716193622094902 ], [ -60.537252826861817, -31.71619767681824 ], [ -60.537211845479867, -31.716200573069976 ], [ -60.537170952810705, -31.716204217464366 ], [ -60.537130159403318, -31.716208609957157 ], [ -60.537089475754691, -31.716213741485728 ], [ -60.537048933565714, -31.716219620935089 ], [ -60.537008553883382, -31.716226239198416 ], [ -60.536968347204677, -31.71623358721309 ], [ -60.53692833468061, -31.71624167390868 ], [ -60.536888526808298, -31.716250490222759 ], [ -60.536848955236678, -31.716260036022206 ], [ -60.536809619861025, -31.716270293270885 ], [ -60.536770562932226, -31.716281270809525 ], [ -60.536726067507836, -31.716298683334823 ], [ -60.536695386760016, -31.716307713681079 ], [ -60.536472580958574, -31.716389050702471 ], [ -60.536358314899061, -31.716442785289843 ], [ -60.536226017250733, -31.716516490271296 ], [ -60.536071937427273, -31.716605609017233 ], [ -60.535861072010043, -31.716727080890738 ], [ -60.535690927663879, -31.716827945563409 ], [ -60.535427485251041, -31.716985449809677 ], [ -60.535146409917004, -31.717144362256263 ], [ -60.534978989553487, -31.71723114579882 ], [ -60.534753822669273, -31.717344757678109 ], [ -60.534509642113171, -31.717445254915386 ], [ -60.534296649907539, -31.717529550144125 ], [ -60.53405301311723, -31.71761464977256 ], [ -60.533817702908848, -31.717678141989627 ], [ -60.533649108379819, -31.717731623649254 ], [ -60.533553696417066, -31.717752873595813 ], [ -60.533402273191598, -31.717787154977231 ], [ -60.533270470573797, -31.717822893365266 ], [ -60.533283320603019, -31.717855868003024 ], [ -60.533294500994479, -31.717899569638259 ], [ -60.533422806303122, -31.718308963968994 ], [ -60.533570428694901, -31.718277721246782 ], [ -60.533587664045072, -31.718275169044386 ], [ -60.533804517545853, -31.718225417446121 ], [ -60.534066447172776, -31.718163644482221 ], [ -60.534317630897291, -31.718104639584308 ], [ -60.53451589385547, -31.718056741322812 ], [ -60.534692196967505, -31.718017294938143 ], [ -60.534780230159257, -31.718000854859159 ], [ -60.534875242354481, -31.717985323356519 ], [ -60.534931076458847, -31.717980047795908 ], [ -60.534978259101145, -31.71797842490437 ], [ -60.535022628596707, -31.717979302887205 ], [ -60.535120639586651, -31.717988090337009 ], [ -60.535216333530151, -31.717995742098097 ], [ -60.535374004800147, -31.71806287160712 ], [ -60.535430544995549, -31.718092331847178 ], [ -60.535562678403203, -31.718160226715664 ], [ -60.535735629948761, -31.71828653363189 ], [ -60.535881190277557, -31.718386693784968 ], [ -60.536026158647005, -31.718499436962681 ], [ -60.53623199941218, -31.718648105878316 ], [ -60.536423526009777, -31.718800820827241 ], [ -60.536530996226332, -31.718881913198381 ], [ -60.536555977010131, -31.718908899417279 ], [ -60.536582161841174, -31.718934275283409 ], [ -60.536589295869263, -31.718943759696458 ], [ -60.536597700146636, -31.718950307774186 ], [ -60.536611580472865, -31.718958744708541 ], [ -60.536622979684076, -31.718961384218524 ], [ -60.536634767596667, -31.718961902761269 ], [ -60.536641693246189, -31.71896085452693 ], [ -60.536651429063951, -31.718956791327241 ], [ -60.53665950922742, -31.718947369132895 ], [ -60.536669193501929, -31.718934359870286 ], [ -60.536673949206033, -31.718913768821203 ], [ -60.536677021200703, -31.718881118205655 ], [ -60.53667911824661, -31.718822083779319 ], [ -60.536690807090395, -31.718746811880706 ], [ -60.536694433430412, -31.71873163664036 ], [ -60.536714926145585, -31.718684663571839 ], [ -60.536718749755451, -31.718676260338366 ], [ -60.536733711721546, -31.718647203108262 ], [ -60.536860076936691, -31.718464507849696 ], [ -60.536893823608594, -31.718392380657114 ], [ -60.536913700262502, -31.718313602158993 ], [ -60.536916756666599, -31.718278264109856 ], [ -60.536908091621186, -31.718186195409203 ], [ -60.536891828995508, -31.718046306928215 ], [ -60.536865008123627, -31.717908708491464 ], [ -60.536825970498491, -31.717769366820132 ], [ -60.536822943083664, -31.717754814807218 ], [ -60.536820427328792, -31.71772286409303 ], [ -60.536821323789894, -31.717667883983754 ], [ -60.536836370023018, -31.717596728363127 ], [ -60.536848300526252, -31.717550621015551 ], [ -60.536959668268899, -31.717391066946981 ], [ -60.536971340329636, -31.71737701216848 ], [ -60.53698521953369, -31.717361496125719 ], [ -60.536999734232985, -31.717346410289263 ], [ -60.537014863431246, -31.717331772784199 ], [ -60.537030586080213, -31.717317592717365 ], [ -60.537046881287644, -31.717303906250308 ], [ -60.537063727953409, -31.717290713471677 ], [ -60.537081115683492, -31.717278041480348 ], [ -60.5370990128797, -31.717265899427652 ], [ -60.537117409096084, -31.71725430539415 ], [ -60.537136262184532, -31.717243268575764 ], [ -60.537546821612693, -31.717042889279803 ], [ -60.537556891825808, -31.717038310551114 ], [ -60.537567313779974, -31.717034352610064 ], [ -60.537578045431303, -31.717031042689211 ], [ -60.537589023531787, -31.717028390073363 ], [ -60.53760018488552, -31.717026413065984 ], [ -60.537611487344584, -31.717025120863227 ], [ -60.53762287815907, -31.717024513687374 ], [ -60.537634283530998, -31.7170246008681 ], [ -60.537645650658362, -31.717025373609559 ], [ -60.537656926843297, -31.717026841152499 ], [ -60.53816345044963, -31.717122490866142 ], [ -60.538397564532808, -31.717164962224398 ], [ -60.538550646333114, -31.71721465080379 ], [ -60.538598661571449, -31.717230235945021 ], [ -60.538694977056245, -31.717263359529472 ], [ -60.538730073911708, -31.717271778734823 ], [ -60.538765295131448, -31.717279809612563 ], [ -60.538800640610724, -31.717287434126163 ], [ -60.53899114068119, -31.717326318998055 ], [ -60.539011111161486, -31.717329742736325 ], [ -60.539030906414403, -31.717333879668029 ], [ -60.539050473585668, -31.717338711979846 ], [ -60.53906979157545, -31.717344239761083 ], [ -60.539088828681841, -31.717350454127502 ], [ -60.539107542600483, -31.717357337221216 ], [ -60.539125901629326, -31.717364880158023 ], [ -60.539143874014016, -31.717373065035499 ], [ -60.539161438602527, -31.71738188292484 ], [ -60.539178563692637, -31.717391324941829 ], [ -60.539296347884999, -31.717460620365102 ], [ -60.539307310973804, -31.717468131431442 ], [ -60.539318787677168, -31.717475063144793 ], [ -60.539330714589987, -31.717481397736453 ], [ -60.539343070507542, -31.717487117259143 ], [ -60.539355802470403, -31.717492185863058 ], [ -60.53936886827799, -31.71749660372657 ], [ -60.539382225573043, -31.717500343973622 ], [ -60.539395810950388, -31.717503388835532 ], [ -60.539409592759398, -31.717505738446032 ], [ -60.539423507647058, -31.717507384054713 ], [ -60.539476995330432, -31.717515985831454 ], [ -60.539549806909555, -31.717319942731226 ], [ -60.539701071354756, -31.717027511299836 ], [ -60.539709579111879, -31.717021149043997 ], [ -60.539520037443367, -31.716919785848319 ], [ -60.53906726580874, -31.716681217105233 ], [ -60.538903793350705, -31.716850010924077 ] ] ] ] } },
{ "type": "Feature", "properties": { "fid": 62, "nombre": "Plazoleta", "tipo": "ESPACIO VERDE", "area": 159 }, "geometry": { "type": "MultiPolygon", "coordinates": [ [ [ [ -60.520473928981708, -31.753744560226291 ], [ -60.520481352977292, -31.7537499451334 ], [ -60.520496170671912, -31.753755299835927 ], [ -60.520507789340449, -31.75375525237142 ], [ -60.520518316415881, -31.753748891592256 ], [ -60.520580220569563, -31.753674630479289 ], [ -60.52058438997858, -31.753664685514558 ], [ -60.520584273812673, -31.753643927591565 ], [ -60.520577860605393, -31.753630415709214 ], [ -60.520565109953921, -31.753616929719442 ], [ -60.520550261975494, -31.753606159914199 ], [ -60.520539659164569, -31.75359898291989 ], [ -60.520518514148101, -31.753595459149448 ], [ -60.520493179518795, -31.753598270263907 ], [ -60.520474212630646, -31.753606470595741 ], [ -60.520458449808359, -31.753620975610012 ], [ -60.520447993434217, -31.753639971642034 ], [ -60.520473928981708, -31.753744560226291 ] ] ] ] } },
{ "type": "Feature", "properties": { "fid": 63, "nombre": "Paseo Bvard. Racedo", "tipo": "ESPACIO VERDE", "area": 350 }, "geometry": { "type": "MultiPolygon", "coordinates": [ [ [ [ -60.530255675055955, -31.743809768844702 ], [ -60.530570928470588, -31.743362287505072 ], [ -60.530544859585994, -31.743340226142085 ], [ -60.530515690081323, -31.74334311881643 ], [ -60.530197162058613, -31.743785071172262 ], [ -60.530213549871277, -31.743815486596159 ], [ -60.530239476706249, -31.74381260748261 ], [ -60.530255675055955, -31.743809768844702 ] ] ] ] } },
{ "type": "Feature", "properties": { "fid": 64, "nombre": "Plaza Humberto Varisco", "tipo": "RESERVA MUNICIPAL", "area": 1792 }, "geometry": { "type": "MultiPolygon", "coordinates": [ [ [ [ -60.483508855872564, -31.751392357975785 ], [ -60.483443120198011, -31.751076848526878 ], [ -60.482922896491914, -31.751154060694905 ], [ -60.482990778470651, -31.751475155475077 ], [ -60.483508855872564, -31.751392357975785 ] ] ] ] } },
{ "type": "Feature", "properties": { "fid": 65, "nombre": "Paseo Ramirez Norte", "tipo": "ESPACIO VERDE", "area": 505 }, "geometry": { "type": "MultiPolygon", "coordinates": [ [ [ [ -60.513691398582701, -31.721975374629956 ], [ -60.51366839246738, -31.721970556847914 ], [ -60.513647364459842, -31.721977188886505 ], [ -60.513639795046082, -31.721993587663224 ], [ -60.5138225961419, -31.722847275072819 ], [ -60.51387616923477, -31.722838874991382 ], [ -60.513691398582701, -31.721975374629956 ] ] ] ] } },
{ "type": "Feature", "properties": { "fid": 66, "nombre": "11 de Septiembre", "tipo": "PLAZA", "area": 1015 }, "geometry": { "type": "MultiPolygon", "coordinates": [ [ [ [ -60.532883134372582, -31.723379352266029 ], [ -60.532543999784124, -31.723168340512117 ], [ -60.532423660713114, -31.723182235529361 ], [ -60.532597495016368, -31.723567164180068 ], [ -60.532606870209925, -31.723564500649836 ], [ -60.532616470785882, -31.723562503540492 ], [ -60.532626233491328, -31.723561182134656 ], [ -60.532636084574108, -31.723560554777343 ], [ -60.532645971228938, -31.723560612670699 ], [ -60.532655809101257, -31.723561365185642 ], [ -60.532665555936639, -31.723562803480277 ], [ -60.532675116726537, -31.723564918933238 ], [ -60.532684449164918, -31.723567693684473 ], [ -60.532693489844057, -31.723571109962172 ], [ -60.532702164805364, -31.723575150038595 ], [ -60.532883134372582, -31.723379352266029 ] ] ] ] } },
{ "type": "Feature", "properties": { "fid": 67, "nombre": "Espacio verde", "tipo": "ESPACIO VERDE", "area": 284 }, "geometry": { "type": "MultiPolygon", "coordinates": [ [ [ [ -60.516752490696227, -31.722884598724885 ], [ -60.517011067268022, -31.722780899294801 ], [ -60.517011027281157, -31.722773695877741 ], [ -60.517023228687719, -31.722694407021031 ], [ -60.51700845055985, -31.722689064271425 ], [ -60.516722524773868, -31.722800078134348 ], [ -60.516712070304713, -31.722814527668262 ], [ -60.516752490696227, -31.722884598724885 ] ] ] ] } },
{ "type": "Feature", "properties": { "fid": 68, "nombre": "Espacio verde", "tipo": "ESPACIO VERDE", "area": 279 }, "geometry": { "type": "MultiPolygon", "coordinates": [ [ [ [ -60.516365203934967, -31.72295460204462 ], [ -60.516422359380492, -31.723002994680378 ], [ -60.516462420135532, -31.723008235071841 ], [ -60.516691550989137, -31.722913660052221 ], [ -60.516699918572307, -31.722902820768276 ], [ -60.516657371352103, -31.722829156525048 ], [ -60.516365203934967, -31.72295460204462 ] ] ] ] } },
{ "type": "Feature", "properties": { "fid": 69, "nombre": "Plaza Alvear", "tipo": "PLAZA", "area": 12000 }, "geometry": { "type": "MultiPolygon", "coordinates": [ [ [ [ -60.528803094224521, -31.728434853081502 ], [ -60.528917066414692, -31.728407766862837 ], [ -60.529308770229861, -31.728295881743392 ], [ -60.529409286068187, -31.728271839250635 ], [ -60.529458210377122, -31.72826029670258 ], [ -60.529754337502148, -31.728178198198748 ], [ -60.529759890913674, -31.728176921558759 ], [ -60.529777496881252, -31.728168695737391 ], [ -60.52978264321802, -31.72816448980258 ], [ -60.529793418559947, -31.728148184810884 ], [ -60.529793681961124, -31.728140698429538 ], [ -60.529814711783267, -31.728103707657258 ], [ -60.529827100487374, -31.728087224606849 ], [ -60.529829232306632, -31.728081732547942 ], [ -60.529830540046433, -31.728076054527637 ], [ -60.529831024271331, -31.728070289745961 ], [ -60.529830664289392, -31.72806451043656 ], [ -60.529829460665155, -31.728058815799518 ], [ -60.529770912120462, -31.727895961060277 ], [ -60.529751846060464, -31.727847836854956 ], [ -60.529722441366793, -31.727772213362019 ], [ -60.529702630219717, -31.727724795681056 ], [ -60.529667147483536, -31.727626831753216 ], [ -60.529627409646743, -31.727528353406527 ], [ -60.529607172632737, -31.727470972125076 ], [ -60.529539123095361, -31.727288604801078 ], [ -60.529517831501096, -31.727279548572501 ], [ -60.529505389070067, -31.727273584972952 ], [ -60.529429083507033, -31.727246206355161 ], [ -60.529421568584404, -31.727245804682962 ], [ -60.529414046238116, -31.727245953164715 ], [ -60.529406558775477, -31.727246669661575 ], [ -60.529399179900977, -31.727247926812122 ], [ -60.528825427169508, -31.727386152372386 ], [ -60.528794296406062, -31.727394723222332 ], [ -60.528461683627249, -31.727476781374538 ], [ -60.528450792489352, -31.727478287510287 ], [ -60.528442379277223, -31.72750738875423 ], [ -60.528434798637896, -31.727525159411375 ], [ -60.528429526041961, -31.727535011346252 ], [ -60.528420639830671, -31.727558856810965 ], [ -60.528546998926693, -31.727899914567391 ], [ -60.528589407891005, -31.728011855692554 ], [ -60.528743554286322, -31.728414889796387 ], [ -60.528751036825426, -31.728417005141569 ], [ -60.52879962718621, -31.728433776236002 ], [ -60.528803094224521, -31.728434853081502 ] ] ] ] } },
{ "type": "Feature", "properties": { "fid": 70, "nombre": "Plaza Enrique Carbo", "tipo": "PLAZA", "area": 6464 }, "geometry": { "type": "MultiPolygon", "coordinates": [ [ [ [ -60.531020544539039, -31.726303519750964 ], [ -60.531063464015304, -31.726299219533328 ], [ -60.5313116203817, -31.726236192831788 ], [ -60.531509039787785, -31.726168453154553 ], [ -60.531773472411068, -31.726106611250813 ], [ -60.531781755360981, -31.72610479104987 ], [ -60.531847791747232, -31.72608554981144 ], [ -60.531861845549656, -31.726079908773329 ], [ -60.531863896555571, -31.726075075361564 ], [ -60.531864164966088, -31.72606295348637 ], [ -60.531855020113504, -31.72602285967654 ], [ -60.531791398726199, -31.725838626284954 ], [ -60.531725852627936, -31.725655428982993 ], [ -60.531659453345192, -31.725472442622383 ], [ -60.531592201036929, -31.725289694256478 ], [ -60.531549525174583, -31.725271889485146 ], [ -60.53152968855256, -31.725266290594409 ], [ -60.531508216634307, -31.725264414108217 ], [ -60.531487656270016, -31.725266961862271 ], [ -60.531465374135507, -31.725280266748584 ], [ -60.531384340060114, -31.72536707318471 ], [ -60.531246322429546, -31.72551560464974 ], [ -60.531085911284109, -31.725696866926057 ], [ -60.530941960007169, -31.725856001388006 ], [ -60.530939554294768, -31.72585969994185 ], [ -60.530882775835543, -31.725925996343982 ], [ -60.530875212326997, -31.725941115659815 ], [ -60.530871770712579, -31.725966697213227 ], [ -60.530869160762116, -31.725978991170457 ], [ -60.530880137120015, -31.726081313541567 ], [ -60.530932032754471, -31.72623195752675 ], [ -60.530973703171206, -31.726282476495193 ], [ -60.530988852928154, -31.72629693304463 ], [ -60.530993327356221, -31.726298898458484 ], [ -60.531010540510806, -31.726301433078095 ], [ -60.531020544539039, -31.726303519750964 ] ] ] ] } },
{ "type": "Feature", "properties": { "fid": 71, "nombre": "Plazoleta Mansilla", "tipo": "PLAZA", "area": 3575 }, "geometry": { "type": "MultiPolygon", "coordinates": [ [ [ [ -60.532359638673142, -31.727183366533843 ], [ -60.531350220510639, -31.727470319232268 ], [ -60.531465649980078, -31.727777068350424 ], [ -60.532472321632213, -31.727486226825953 ], [ -60.532359638673142, -31.727183366533843 ] ] ] ] } },
{ "type": "Feature", "properties": { "fid": 72, "nombre": "Espacio verde", "tipo": "ESPACIO VERDE", "area": 4345 }, "geometry": { "type": "MultiPolygon", "coordinates": [ [ [ [ -60.557255509967924, -31.722281998722952 ], [ -60.556863950239268, -31.722414099749024 ], [ -60.556930508767657, -31.722486727681147 ], [ -60.557182874160084, -31.723703140457808 ], [ -60.557425914760863, -31.723665106094323 ], [ -60.557255509967924, -31.722281998722952 ] ] ] ] } },
{ "type": "Feature", "properties": { "fid": 73, "nombre": "Espacio verde", "tipo": "ESPACIO VERDE", "area": 1006 }, "geometry": { "type": "MultiPolygon", "coordinates": [ [ [ [ -60.555425056189229, -31.723752496702112 ], [ -60.555470409124872, -31.723971116744742 ], [ -60.556318430669073, -31.723838416563439 ], [ -60.555425056189229, -31.723752496702112 ] ] ] ] } },
{ "type": "Feature", "properties": { "fid": 74, "nombre": "Bº Fco Ramirez", "tipo": "ESPACIO VERDE", "area": 4327 }, "geometry": { "type": "MultiPolygon", "coordinates": [ [ [ [ -60.541964704034562, -31.721577920533885 ], [ -60.542079931918096, -31.721686755472387 ], [ -60.542153005565893, -31.72175577474102 ], [ -60.542207090752193, -31.721804992704737 ], [ -60.542202199088884, -31.721831040664885 ], [ -60.542193367637843, -31.721843658919582 ], [ -60.542076568729335, -31.721932292624249 ], [ -60.542069335450549, -31.721937561534652 ], [ -60.541967333749078, -31.7220189731426 ], [ -60.541918566457895, -31.722053215969364 ], [ -60.541885232824797, -31.722025418605558 ], [ -60.541799150578335, -31.721942364117037 ], [ -60.541736543083559, -31.721989506435545 ], [ -60.541600151373736, -31.72186171490819 ], [ -60.541535582543489, -31.721911982676193 ], [ -60.541651824904605, -31.722025102866898 ], [ -60.541792065898498, -31.722155408772892 ], [ -60.541927629858179, -31.722281368479305 ], [ -60.542014587188433, -31.722360976107421 ], [ -60.542057753537541, -31.722403125020094 ], [ -60.542164375569875, -31.722344742249494 ], [ -60.542403686573707, -31.722213702707567 ], [ -60.542503178727834, -31.722350401322959 ], [ -60.542608432217875, -31.722495015763432 ], [ -60.542690497494121, -31.72244950218192 ], [ -60.542684670078664, -31.722441689984947 ], [ -60.542575991390478, -31.722301147199861 ], [ -60.54257289921744, -31.722302917239013 ], [ -60.542443643984392, -31.722126184005518 ], [ -60.542318679307925, -31.721955316558489 ], [ -60.54230928253827, -31.721960587466789 ], [ -60.542228639374621, -31.721849145411877 ], [ -60.542222155061246, -31.721837223587851 ], [ -60.54224326791288, -31.7217938363606 ], [ -60.54239013253072, -31.721711840350398 ], [ -60.542426678061297, -31.721691436560342 ], [ -60.542531705005857, -31.72163598630355 ], [ -60.542539137366539, -31.721634962647148 ], [ -60.542319669196118, -31.721359409792928 ], [ -60.542268584189905, -31.721350671811134 ], [ -60.541964704034562, -31.721577920533885 ] ] ] ] } },
{ "type": "Feature", "properties": { "fid": 75, "nombre": "Plaza Guadalupe", "tipo": "PLAZA", "area": 211 }, "geometry": { "type": "MultiPolygon", "coordinates": [ [ [ [ -60.514792603421007, -31.745367588882221 ], [ -60.514090119593583, -31.745684181081948 ], [ -60.514816935321122, -31.745413782487862 ], [ -60.514792603421007, -31.745367588882221 ] ] ] ] } },
{ "type": "Feature", "properties": { "fid": 76, "nombre": "PLaza E Pilar Ramirez", "tipo": "PLAZA", "area": 827 }, "geometry": { "type": "MultiPolygon", "coordinates": [ [ [ [ -60.513377133071323, -31.748730284072494 ], [ -60.513363194511378, -31.748709081067926 ], [ -60.513321730726815, -31.748709248110849 ], [ -60.51306992039342, -31.749163791040719 ], [ -60.513078395552618, -31.749196826719388 ], [ -60.513106116380804, -31.749210887868763 ], [ -60.513131007813726, -31.749213149761744 ], [ -60.513161349614975, -31.749201216926689 ], [ -60.513304492045705, -31.749091982446725 ], [ -60.513359399365307, -31.749023259509784 ], [ -60.513394930719734, -31.748949890359796 ], [ -60.513402819446384, -31.748876632578206 ], [ -60.513377133071323, -31.748730284072494 ] ] ] ] } },
{ "type": "Feature", "properties": { "fid": 77, "nombre": "Puerto Nuevo", "tipo": "PARQUE PUBLICO", "area": 8342 }, "geometry": { "type": "MultiPolygon", "coordinates": [ [ [ [ -60.519550614943192, -31.719582551204038 ], [ -60.519550030359532, -31.719558586189599 ], [ -60.519209817640338, -31.718984323039972 ], [ -60.519194753160562, -31.718963460349372 ], [ -60.519154003409554, -31.718947326176572 ], [ -60.518957452876698, -31.718927633507473 ], [ -60.518731830334886, -31.718909006571558 ], [ -60.518701963848656, -31.718909161727144 ], [ -60.51866835738182, -31.718939142901402 ], [ -60.518090832311877, -31.71978968774372 ], [ -60.518099002919307, -31.719827587973935 ], [ -60.519514857602587, -31.719627707936574 ], [ -60.519541188154015, -31.719606226942151 ], [ -60.519544649389019, -31.719600666498465 ], [ -60.519550614943192, -31.719582551204038 ] ] ] ] } },
{ "type": "Feature", "properties": { "fid": 78, "nombre": "Nuevo Parque", "tipo": "PARQUE PUBLICO", "area": 10046 }, "geometry": { "type": "MultiPolygon", "coordinates": [ [ [ [ -60.548343996867388, -31.718864314873397 ], [ -60.548468016432551, -31.719141705160816 ], [ -60.548870417485496, -31.720041729211932 ], [ -60.549272826430261, -31.720941751778128 ], [ -60.549650944466336, -31.720789639689137 ], [ -60.549650422834873, -31.720787255766638 ], [ -60.549611432289922, -31.720640773058779 ], [ -60.548877228470182, -31.718976461889547 ], [ -60.548832397883558, -31.718916908245276 ], [ -60.548781469264945, -31.718900832940669 ], [ -60.548705156353428, -31.718890298384512 ], [ -60.548596817181846, -31.718836449491331 ], [ -60.548564918876416, -31.718814860695058 ], [ -60.548545760709708, -31.718798648587818 ], [ -60.548343996867388, -31.718864314873397 ] ] ] ] } },
{ "type": "Feature", "properties": { "fid": 79, "nombre": "Reserva", "tipo": "RESERVA MUNICIPAL", "area": 1101 }, "geometry": { "type": "MultiPolygon", "coordinates": [ [ [ [ -60.509010970833103, -31.765183214669548 ], [ -60.509264416905154, -31.765141451786107 ], [ -60.509228298368242, -31.764979301897107 ], [ -60.509175983946022, -31.76494897419607 ], [ -60.508749674604317, -31.765019162608951 ], [ -60.508714021667139, -31.765063884279762 ], [ -60.508749509546291, -31.76522629773461 ], [ -60.509010970833103, -31.765183214669548 ] ] ] ] } },
{ "type": "Feature", "properties": { "fid": 80, "nombre": "Nuevo Parque", "tipo": "PARQUE PUBLICO", "area": 178462 }, "geometry": { "type": "MultiPolygon", "coordinates": [ [ [ [ -60.545461880148821, -31.715585704187838 ], [ -60.545531004179722, -31.71566050767645 ], [ -60.545623196701854, -31.715768920459123 ], [ -60.545711046313606, -31.715898349658236 ], [ -60.54576094525725, -31.716029850151532 ], [ -60.545803075156371, -31.716359909445757 ], [ -60.545850756447862, -31.716875108190763 ], [ -60.545939652058898, -31.717563840227925 ], [ -60.545984117168338, -31.717911069466759 ], [ -60.546007835632153, -31.718147671378333 ], [ -60.546010840760879, -31.718279372542586 ], [ -60.545993624735296, -31.718390162416895 ], [ -60.545929658504491, -31.718525968174287 ], [ -60.545852170282998, -31.718640833905653 ], [ -60.545738884693755, -31.718744399437764 ], [ -60.545494157045951, -31.718901976517319 ], [ -60.545329441561691, -31.718994308339756 ], [ -60.545062358823316, -31.719148162417742 ], [ -60.544699663034997, -31.719373053747443 ], [ -60.544285714561845, -31.719617251864033 ], [ -60.543840588866537, -31.719876852835082 ], [ -60.543780691848077, -31.719930654872609 ], [ -60.544251292604471, -31.720174238823137 ], [ -60.544474977710088, -31.720094622838516 ], [ -60.544526184220786, -31.720067679550134 ], [ -60.544581845863817, -31.720038808311635 ], [ -60.544664070999161, -31.719969736690295 ], [ -60.544757193873608, -31.719854804880107 ], [ -60.544832719252007, -31.719785761778319 ], [ -60.544912822492734, -31.719735788052457 ], [ -60.545004102578169, -31.719687675394859 ], [ -60.545463282447251, -31.719540635277504 ], [ -60.545726909666854, -31.719368660619509 ], [ -60.54588696894983, -31.719243896945503 ], [ -60.546131428216007, -31.719040506697532 ], [ -60.546364888698236, -31.718865796600792 ], [ -60.546527145791636, -31.718735296009825 ], [ -60.546609245117587, -31.718645225790024 ], [ -60.546684409657431, -31.718515098378308 ], [ -60.54674173143156, -31.718388865239241 ], [ -60.546805763610543, -31.718264512191048 ], [ -60.546953645271493, -31.71796799850225 ], [ -60.547057469265582, -31.717774754239944 ], [ -60.547117146515696, -31.717669508706631 ], [ -60.547183578996602, -31.717573778647186 ], [ -60.547250190760948, -31.717508590168478 ], [ -60.547334555061155, -31.717424236451848 ], [ -60.547487898357296, -31.717297590701403 ], [ -60.547645684975429, -31.717167107882386 ], [ -60.547796794336904, -31.717040471357127 ], [ -60.54786558224766, -31.716965728711102 ], [ -60.54792759220409, -31.716877652863563 ], [ -60.547991767754574, -31.716778114282153 ], [ -60.54806460596572, -31.716632724848115 ], [ -60.54813931762034, -31.716426242539637 ], [ -60.5482931274408, -31.715999896618534 ], [ -60.548326039160763, -31.715900492308677 ], [ -60.548332277701014, -31.715822200601959 ], [ -60.548320382141533, -31.715698173297774 ], [ -60.548292473284768, -31.715509312272076 ], [ -60.548266584156003, -31.715284173456347 ], [ -60.548217825600048, -31.714967505778933 ], [ -60.54817606973225, -31.714702348251482 ], [ -60.548159483868034, -31.714540163077444 ], [ -60.548135693623117, -31.714292108374327 ], [ -60.548143536346473, -31.714106911363118 ], [ -60.548163788811046, -31.713753677789509 ], [ -60.548173662298439, -31.713534111828473 ], [ -60.54817928313733, -31.713350833247091 ], [ -60.548189976427501, -31.713270613463493 ], [ -60.548209702765902, -31.713207534941546 ], [ -60.548231617145127, -31.713136811406994 ], [ -60.548266895749656, -31.713060303700704 ], [ -60.54835977144046, -31.712905283371594 ], [ -60.548459278361697, -31.712738781046731 ], [ -60.54852118386232, -31.712633525222401 ], [ -60.548549830531755, -31.712568499367741 ], [ -60.548565202910829, -31.712524528522234 ], [ -60.548569444099044, -31.712486332267332 ], [ -60.548573617852462, -31.712436682899849 ], [ -60.548562070861742, -31.712371829965697 ], [ -60.548552846766974, -31.712322238239512 ], [ -60.548532491528093, -31.712278421101487 ], [ -60.548480683670398, -31.712202287955371 ], [ -60.5480938278141, -31.711730544155891 ], [ -60.548062409175621, -31.711703954599535 ], [ -60.548028836185381, -31.711690736599795 ], [ -60.547970779232323, -31.711690986122235 ], [ -60.547921721467098, -31.711702650350812 ], [ -60.547852690504826, -31.711735398289612 ], [ -60.547627767274946, -31.711839445167183 ], [ -60.547387190348132, -31.711939741052237 ], [ -60.547195726992832, -31.712037916817863 ], [ -60.546468345126698, -31.71251826156918 ], [ -60.546305964336717, -31.712625855858505 ], [ -60.545872232549591, -31.712917866424807 ], [ -60.545423079368803, -31.713246210603391 ], [ -60.544860631348989, -31.713676209141031 ], [ -60.54442920121312, -31.713981567283703 ], [ -60.544315035058553, -31.714113054084883 ], [ -60.54558522196151, -31.715455600475689 ], [ -60.545461880148821, -31.715585704187838 ] ] ] ] } },
{ "type": "Feature", "properties": { "fid": 81, "nombre": "Puerto Nuevo", "tipo": "PARQUE PUBLICO", "area": 29625 }, "geometry": { "type": "MultiPolygon", "coordinates": [ [ [ [ -60.517944079655074, -31.719819497357925 ], [ -60.518147067766527, -31.719504608348132 ], [ -60.518449055265869, -31.719051187155241 ], [ -60.518638954828376, -31.718827110930626 ], [ -60.518752429502058, -31.718832624320466 ], [ -60.519575164209733, -31.718918977782089 ], [ -60.520244258561853, -31.718989201256495 ], [ -60.520839707403091, -31.719050271422216 ], [ -60.521480679101835, -31.71911477727857 ], [ -60.52188158168024, -31.719136806177911 ], [ -60.522232378016845, -31.719146688290913 ], [ -60.522539617909359, -31.719149200885902 ], [ -60.522894340923941, -31.719130229967043 ], [ -60.523013889738536, -31.719116377286984 ], [ -60.523145473313193, -31.719115133740715 ], [ -60.523206245200427, -31.719122084671536 ], [ -60.523270327717235, -31.719140011062905 ], [ -60.523353699039362, -31.719183889800636 ], [ -60.523417851237369, -31.719243387778977 ], [ -60.523418291380239, -31.719245706408461 ], [ -60.523423113594582, -31.719250068485373 ], [ -60.523444508500333, -31.719281899601331 ], [ -60.523463169257653, -31.719315889540344 ], [ -60.523483381876218, -31.719386844214096 ], [ -60.523508059559113, -31.719460857957298 ], [ -60.523531083843451, -31.719501608967519 ], [ -60.523556877580468, -31.719529548352774 ], [ -60.523588434221274, -31.719552767453298 ], [ -60.523631561710097, -31.719572968348622 ], [ -60.523636276159003, -31.719573989673357 ], [ -60.523783290239329, -31.719523987481114 ], [ -60.524120249592869, -31.719457970186912 ], [ -60.524187930401283, -31.719445114927282 ], [ -60.524096753035103, -31.719098380929399 ], [ -60.524301379787488, -31.719080191772104 ], [ -60.524854181426747, -31.71903822702674 ], [ -60.525044259041088, -31.719022295321562 ], [ -60.525010938116857, -31.718817733253399 ], [ -60.525001315570606, -31.718812953990014 ], [ -60.524989690125679, -31.718811297379254 ], [ -60.524979032785332, -31.718811061693454 ], [ -60.524964288275235, -31.718810094306761 ], [ -60.524951892174691, -31.718810226515721 ], [ -60.524941284862003, -31.71881137945967 ], [ -60.524930998986456, -31.718813405867174 ], [ -60.524919588450295, -31.718816185434573 ], [ -60.524904643055862, -31.71882263202065 ], [ -60.524888951823357, -31.718827783021212 ], [ -60.524877285638681, -31.718830130752551 ], [ -60.524864611976248, -31.718829686916099 ], [ -60.524862512887118, -31.718820406571034 ], [ -60.524860897027075, -31.718810754480788 ], [ -60.524855173628517, -31.718802372862921 ], [ -60.524838032382334, -31.718801090664925 ], [ -60.524825837448937, -31.718801348291613 ], [ -60.524792498183338, -31.718803280201289 ], [ -60.524748227100162, -31.718808693121737 ], [ -60.524726122250215, -31.718812166016782 ], [ -60.524699942371186, -31.718817062555146 ], [ -60.524685729790306, -31.718822496035038 ], [ -60.524676365214297, -31.718828874534083 ], [ -60.524667996019204, -31.718835898263269 ], [ -60.524656105421208, -31.718843360350057 ], [ -60.524639781285487, -31.718852283630032 ], [ -60.524626298608375, -31.718859932634402 ], [ -60.524618314332123, -31.718865989803955 ], [ -60.524608140525281, -31.718872930770893 ], [ -60.524598035425569, -31.718877084758187 ], [ -60.524587049218304, -31.718880277397858 ], [ -60.524573312220362, -31.718882110553174 ], [ -60.524560785290802, -31.718881494732571 ], [ -60.524547503515457, -31.718881729749235 ], [ -60.524544329407405, -31.718882013362037 ], [ -60.524537003456807, -31.718881322029183 ], [ -60.52452527812067, -31.718876915164714 ], [ -60.524514272868338, -31.718876725963675 ], [ -60.524502703436397, -31.718877522092146 ], [ -60.524480097873841, -31.718880140253408 ], [ -60.524468584453125, -31.718883389162407 ], [ -60.524459787804396, -31.718891325498333 ], [ -60.524449910598349, -31.718896605840715 ], [ -60.524437444380894, -31.718904899971022 ], [ -60.524421776655529, -31.718912359536684 ], [ -60.524409650713352, -31.718917378573025 ], [ -60.524384456338218, -31.7189249224127 ], [ -60.524373191218153, -31.718932923006555 ], [ -60.524364729677949, -31.718940416054323 ], [ -60.524355151769193, -31.718944513743526 ], [ -60.524345529932454, -31.718948304985876 ], [ -60.524335026990208, -31.718951134878914 ], [ -60.524304558662429, -31.718955165167312 ], [ -60.524271568814989, -31.718959205817704 ], [ -60.524254413203366, -31.718960998886502 ], [ -60.524238507034816, -31.718961713621582 ], [ -60.524220719870925, -31.718961894983106 ], [ -60.524206627278666, -31.718960537035528 ], [ -60.524198014071636, -31.718954205436496 ], [ -60.524193910261062, -31.718952391568031 ], [ -60.52418855917788, -31.718948292145523 ], [ -60.524179051336148, -31.718944218832107 ], [ -60.524169129750788, -31.718939741389544 ], [ -60.524160195929511, -31.718932680612927 ], [ -60.524152637045425, -31.718926218417863 ], [ -60.5241423244941, -31.718921634359379 ], [ -60.524130993243865, -31.718921635852702 ], [ -60.524118570701646, -31.718922696988297 ], [ -60.52410692040965, -31.718924124703658 ], [ -60.524085125574679, -31.718928326706486 ], [ -60.524078778519197, -31.718929101328083 ], [ -60.524065727527898, -31.718932852535303 ], [ -60.524053456449707, -31.718940207908961 ], [ -60.524044914032004, -31.718948332558551 ], [ -60.524037887200329, -31.71895580165052 ], [ -60.524026730948286, -31.718964406001543 ], [ -60.524018388116964, -31.718970500681273 ], [ -60.524009394922963, -31.718979141232062 ], [ -60.523999748216823, -31.718986016855226 ], [ -60.523988230302862, -31.718990347951468 ], [ -60.523976918067106, -31.718993731265815 ], [ -60.523964927468079, -31.718998434058573 ], [ -60.523955828305546, -31.719003242206579 ], [ -60.523946334369484, -31.719011019041229 ], [ -60.523928389853744, -31.719011363340506 ], [ -60.523915890908874, -31.719011973848637 ], [ -60.523903064398027, -31.719010619682962 ], [ -60.52389184584284, -31.719008149641034 ], [ -60.52388013101983, -31.71900373365558 ], [ -60.523870818213183, -31.719000570379592 ], [ -60.523838896049512, -31.718991854464822 ], [ -60.523820043814688, -31.71898462699377 ], [ -60.523814937389623, -31.718981857086622 ], [ -60.523535540194842, -31.718989159512663 ], [ -60.523519731416151, -31.718942735309653 ], [ -60.523273434007784, -31.718947506243552 ], [ -60.523269483083894, -31.718816727142546 ], [ -60.523323218849974, -31.718810514869961 ], [ -60.523322906024227, -31.718754832046791 ], [ -60.523168347514947, -31.718757057336997 ], [ -60.523166806961633, -31.718814338711748 ], [ -60.523204438908493, -31.718814184278809 ], [ -60.523208649368648, -31.718954133082732 ], [ -60.52279718843517, -31.718954050473396 ], [ -60.522794230629685, -31.718822481091028 ], [ -60.522850249634445, -31.718820410345003 ], [ -60.522846221579073, -31.718766333700685 ], [ -60.522684240797368, -31.718773361837115 ], [ -60.522684535387505, -31.71882586276951 ], [ -60.522729447030898, -31.718827099430364 ], [ -60.522736644566713, -31.718955047263503 ], [ -60.522728561763934, -31.718960491465864 ], [ -60.522704499428642, -31.718962980009184 ], [ -60.522690706413208, -31.71896236017734 ], [ -60.522679799495108, -31.718962774649981 ], [ -60.522652937942475, -31.7189646704247 ], [ -60.522614586346393, -31.718964593166003 ], [ -60.522603369371197, -31.718964278409885 ], [ -60.522524618889982, -31.718965917892252 ], [ -60.522497910145724, -31.718968723870031 ], [ -60.522472731401173, -31.718967798958179 ], [ -60.522446971076363, -31.718966641945411 ], [ -60.52242497798261, -31.718967489619612 ], [ -60.522399269134681, -31.718969867612781 ], [ -60.522386768646236, -31.71896832257131 ], [ -60.522360139273481, -31.718968350516906 ], [ -60.522337326340704, -31.718969751659611 ], [ -60.522323295845936, -31.718971937494295 ], [ -60.522296535620924, -31.718971208414153 ], [ -60.52228380146007, -31.718969384748412 ], [ -60.522258079663821, -31.718969454046857 ], [ -60.522233454574916, -31.718967543810169 ], [ -60.522222335889523, -31.718967823834706 ], [ -60.522193461008726, -31.718966282717336 ], [ -60.522182242501991, -31.718963812524365 ], [ -60.52216929572085, -31.718961701128091 ], [ -60.522152051602816, -31.718960887948874 ], [ -60.522135016245201, -31.71896343778878 ], [ -60.522113698532564, -31.718966194551491 ], [ -60.522092606997326, -31.718966010374409 ], [ -60.522007932133363, -31.718959133340721 ], [ -60.521955277280945, -31.718952827847083 ], [ -60.521967813982599, -31.718803837806039 ], [ -60.522036390374204, -31.718806473411821 ], [ -60.522038008334114, -31.718752293874818 ], [ -60.521854464770385, -31.718743123956404 ], [ -60.521852769403807, -31.718797860590168 ], [ -60.521900940303404, -31.718800986666519 ], [ -60.521893761289036, -31.718937776153016 ], [ -60.521904125455194, -31.718938410108017 ], [ -60.521898785060259, -31.718951265203909 ], [ -60.521895718898165, -31.718957635752904 ], [ -60.521881006939218, -31.718964360601777 ], [ -60.521783852108925, -31.718969014974451 ], [ -60.521721338283207, -31.718968666579748 ], [ -60.521652847313263, -31.718976747793636 ], [ -60.521584950758417, -31.718972281894793 ], [ -60.521540094768731, -31.718965611391731 ], [ -60.521494096064636, -31.718948935083311 ], [ -60.5214840566737, -31.718930930258981 ], [ -60.521481850492691, -31.718915653034315 ], [ -60.521491970068283, -31.718780253934508 ], [ -60.521540649647555, -31.718782056894948 ], [ -60.521542340014037, -31.718725462905869 ], [ -60.521386942374356, -31.718716145024544 ], [ -60.521380773612947, -31.718775405354037 ], [ -60.521426754844065, -31.71877791435162 ], [ -60.521416733914855, -31.718912104573739 ], [ -60.521207749873277, -31.718899360978551 ], [ -60.520276267260328, -31.718793071933163 ], [ -60.520297072790918, -31.718664264825332 ], [ -60.520282187892576, -31.718662510116634 ], [ -60.520301776907154, -31.7185553203268 ], [ -60.518419385251008, -31.718337002434321 ], [ -60.518378049452636, -31.718323945774856 ], [ -60.517996910669446, -31.718872692669631 ], [ -60.517395089789879, -31.719823682640822 ], [ -60.517177793201, -31.719733593038796 ], [ -60.517153092806097, -31.719776956373536 ], [ -60.517131944938193, -31.719766860852808 ], [ -60.517024953554127, -31.719903969832146 ], [ -60.517444646919003, -31.720089908145788 ], [ -60.5174880375219, -31.720011840252369 ], [ -60.517652923093131, -31.719865829117673 ], [ -60.517944079655074, -31.719819497357925 ] ] ] ] } },
{ "type": "Feature", "properties": { "fid": 82, "nombre": "Reserva", "tipo": "RESERVA MUNICIPAL", "area": 1556 }, "geometry": { "type": "MultiPolygon", "coordinates": [ [ [ [ -60.483478948124578, -31.743998648201885 ], [ -60.483835489884783, -31.743939601427911 ], [ -60.483870927204642, -31.743894759157616 ], [ -60.483798134379526, -31.743573779392289 ], [ -60.483397638160426, -31.743640105503378 ], [ -60.483478948124578, -31.743998648201885 ] ] ] ] } },
{ "type": "Feature", "properties": { "fid": 83, "nombre": "Paseo Bvard. Racedo", "tipo": "ESPACIO VERDE", "area": 967 }, "geometry": { "type": "MultiPolygon", "coordinates": [ [ [ [ -60.526686010030438, -31.746238319973898 ], [ -60.524917004266619, -31.746533827986145 ], [ -60.524897671771022, -31.746556077517152 ], [ -60.524907525610516, -31.746578206822434 ], [ -60.524927014439584, -31.746583669015216 ], [ -60.526692778198665, -31.746288174260194 ], [ -60.526712125892388, -31.746268695633031 ], [ -60.526702271659637, -31.746246566470528 ], [ -60.526686010030438, -31.746238319973898 ] ] ] ] } },
{ "type": "Feature", "properties": { "fid": 84, "nombre": "Paseo Bv. Perette", "tipo": "ESPACIO VERDE", "area": 1458 }, "geometry": { "type": "MultiPolygon", "coordinates": [ [ [ [ -60.534708543020457, -31.741590464686436 ], [ -60.534664282346462, -31.741727528446514 ], [ -60.534664421592936, -31.741751766684793 ], [ -60.534679576537521, -31.74177594192394 ], [ -60.534692981164483, -31.741785866374272 ], [ -60.534796676632155, -31.741829631460867 ], [ -60.534816730347146, -31.74183525055555 ], [ -60.534843416743811, -31.741833712745347 ], [ -60.535132777612311, -31.741668529501126 ], [ -60.535160976591307, -31.741639894825131 ], [ -60.535179173305046, -31.74161272796097 ], [ -60.535195619610356, -31.741571310314598 ], [ -60.535193664237624, -31.741521415068824 ], [ -60.535178378022643, -31.741474427432326 ], [ -60.535141459952136, -31.741437511323642 ], [ -60.53510129527605, -31.741416292780293 ], [ -60.535049582938733, -31.741417935717148 ], [ -60.535006278190124, -31.741430949842016 ], [ -60.534996325134195, -31.741440972317807 ], [ -60.534721791979202, -31.741573299338175 ], [ -60.534708543020457, -31.741590464686436 ] ] ] ] } },
{ "type": "Feature", "properties": { "fid": 85, "nombre": "Paseo Bv. Perette", "tipo": "ESPACIO VERDE", "area": 497 }, "geometry": { "type": "MultiPolygon", "coordinates": [ [ [ [ -60.534229562714273, -31.741566808862974 ], [ -60.534564169555082, -31.741726522615263 ], [ -60.534584206854809, -31.74172929018955 ], [ -60.534622514763633, -31.741717722983054 ], [ -60.534651980978282, -31.741619218260233 ], [ -60.534650189709531, -31.74159783857851 ], [ -60.534633390966299, -31.741577947670432 ], [ -60.534269326203002, -31.741518164518123 ], [ -60.534247636920149, -31.741518255445673 ], [ -60.534226037663259, -31.741534029937107 ], [ -60.53422278269133, -31.741548301713777 ], [ -60.534229562714273, -31.741566808862974 ] ] ] ] } },
{ "type": "Feature", "properties": { "fid": 86, "nombre": "Paseo Bvard. Racedo", "tipo": "ESPACIO VERDE", "area": 549 }, "geometry": { "type": "MultiPolygon", "coordinates": [ [ [ [ -60.52956386026549, -31.744760408678061 ], [ -60.529563765644866, -31.744743781650598 ], [ -60.529553926673934, -31.744724423880239 ], [ -60.529521513841587, -31.744727329807425 ], [ -60.529003477736566, -31.745444460449981 ], [ -60.529006862407606, -31.745469387528338 ], [ -60.529039322780875, -31.745474795242899 ], [ -60.529061991475309, -31.745469158656235 ], [ -60.52956386026549, -31.744760408678061 ] ] ] ] } },
{ "type": "Feature", "properties": { "fid": 87, "nombre": "Paseo Bvard. Racedo", "tipo": "ESPACIO VERDE", "area": 543 }, "geometry": { "type": "MultiPolygon", "coordinates": [ [ [ [ -60.530200957483295, -31.74388204867768 ], [ -60.530191086897858, -31.743857148611653 ], [ -60.530174825386844, -31.743848902556 ], [ -60.530158627027717, -31.743851741183697 ], [ -60.529614815522997, -31.744596693943333 ], [ -60.529627944664725, -31.744624351745411 ], [ -60.529663631859975, -31.744626974655315 ], [ -60.530188096678764, -31.743901500844984 ], [ -60.530200957483295, -31.74388204867768 ] ] ] ] } },
{ "type": "Feature", "properties": { "fid": 88, "nombre": "Paseo Bvard. Racedo", "tipo": "ESPACIO VERDE", "area": 1045 }, "geometry": { "type": "MultiPolygon", "coordinates": [ [ [ [ -60.528562208901327, -31.745975597719838 ], [ -60.528581587618632, -31.745961661155132 ], [ -60.528584736072261, -31.745945020676423 ], [ -60.528568427109334, -31.745928460907354 ], [ -60.528535950862761, -31.745920281903466 ], [ -60.526851241757946, -31.746209924565175 ], [ -60.526838364243808, -31.746226605226603 ], [ -60.526841748367247, -31.746251532365424 ], [ -60.52686775444807, -31.746262509789464 ], [ -60.528562208901327, -31.745975597719838 ] ] ] ] } },
{ "type": "Feature", "properties": { "fid": 89, "nombre": "Paseo Bvard. Racedo", "tipo": "ESPACIO VERDE", "area": 209 }, "geometry": { "type": "MultiPolygon", "coordinates": [ [ [ [ -60.528991167841703, -31.745560903487647 ], [ -60.528974780110339, -31.745530487913843 ], [ -60.528952079890779, -31.745530582142809 ], [ -60.52893586544819, -31.745530649446753 ], [ -60.528758955269737, -31.745786337405072 ], [ -60.528775311482725, -31.74581121066344 ], [ -60.528791525974626, -31.745811143379395 ], [ -60.528814226263201, -31.74581104917829 ], [ -60.528991167841703, -31.745560903487647 ] ] ] ] } },
{ "type": "Feature", "properties": { "fid": 90, "nombre": "Plaza De Los Inmigrantes", "tipo": "PLAZA", "area": 691 }, "geometry": { "type": "MultiPolygon", "coordinates": [ [ [ [ -60.521247522632024, -31.771563197936128 ], [ -60.52125820218663, -31.77161222726987 ], [ -60.521634768144345, -31.771552364294887 ], [ -60.521642378540108, -31.771495778980032 ], [ -60.52130938350988, -31.771323292195866 ], [ -60.521247522632024, -31.771563197936128 ] ] ] ] } },
{ "type": "Feature", "properties": { "fid": 91, "nombre": "Plaza Martires de Malvinas", "tipo": "PLAZA", "area": 4608 }, "geometry": { "type": "MultiPolygon", "coordinates": [ [ [ [ -60.529920083343917, -31.752275550183867 ], [ -60.529956802892805, -31.752270193854322 ], [ -60.530533098593118, -31.751546469164929 ], [ -60.530530499829595, -31.751507177867108 ], [ -60.530251907936993, -31.751312223757104 ], [ -60.530206533613722, -31.75131374729721 ], [ -60.529550413027359, -31.75198338539732 ], [ -60.529556337018001, -31.752021003512215 ], [ -60.529920083343917, -31.752275550183867 ] ] ] ] } },
{ "type": "Feature", "properties": { "fid": 92, "nombre": "Plaza  33 Orientales", "tipo": "PLAZA", "area": 3131 }, "geometry": { "type": "MultiPolygon", "coordinates": [ [ [ [ -60.540463971429652, -31.734449595668309 ], [ -60.540480081203498, -31.734448986250463 ], [ -60.540489828378533, -31.734448448904228 ], [ -60.540499541750677, -31.734447541946192 ], [ -60.540509200111124, -31.734446247429435 ], [ -60.540525594082403, -31.734443697844181 ], [ -60.540541815136358, -31.734440445554895 ], [ -60.54055783166892, -31.734436499713961 ], [ -60.54057360157654, -31.734431878536967 ], [ -60.540589072151178, -31.734426591265922 ], [ -60.540604211841362, -31.734420656071521 ], [ -60.540618988990772, -31.734414073088228 ], [ -60.540633372100338, -31.734406869504927 ], [ -60.540647308462191, -31.73439905456377 ], [ -60.540660766577332, -31.734390655453726 ], [ -60.540673714946777, -31.734381699363752 ], [ -60.540686132518779, -31.734372195401704 ], [ -60.540697966690473, -31.734362170846136 ], [ -60.540709207066989, -31.734351652796459 ], [ -60.540719822201901, -31.734340677459912 ], [ -60.540729769939681, -31.734329254033799 ], [ -60.540739050489925, -31.734317418591079 ], [ -60.540747611250019, -31.734305198410237 ], [ -60.540755463034039, -31.734292638537539 ], [ -60.540762553134613, -31.734279748215148 ], [ -60.540768892418285, -31.734266581507526 ], [ -60.540774449281791, -31.734253147567191 ], [ -60.540779213487738, -31.734239500548174 ], [ -60.540783174641589, -31.734225667549808 ], [ -60.540786322401281, -31.734211684689711 ], [ -60.54078864637232, -31.734197579067171 ], [ -60.540790146817059, -31.734183395773186 ], [ -60.540790802789019, -31.734169161951861 ], [ -60.540790635654524, -31.734154922604532 ], [ -60.540789635019095, -31.734140704830505 ], [ -60.540787801145065, -31.734126553720685 ], [ -60.540785144689579, -31.734112487266579 ], [ -60.540781665967245, -31.734098559577255 ], [ -60.540777375687597, -31.734084797662341 ], [ -60.540772284612444, -31.734071237549834 ], [ -60.540766414003201, -31.734057906204395 ], [ -60.540759764122029, -31.734044848717069 ], [ -60.5407523562303, -31.734032092052587 ], [ -60.540744211589313, -31.734019663175918 ], [ -60.54073536206468, -31.734007598025229 ], [ -60.540725807866011, -31.73399593267315 ], [ -60.540715580754146, -31.733984685021603 ], [ -60.540704712594533, -31.733973891008823 ], [ -60.54069322459592, -31.73396356858149 ], [ -60.540681148623598, -31.733953753677863 ], [ -60.540668516490591, -31.733944473218042 ], [ -60.540655349353138, -31.73393573613053 ], [ -60.54064573382739, -31.733929860846594 ], [ -60.540635866889112, -31.73392430227246 ], [ -60.540625769589745, -31.733919051300362 ], [ -60.540612701591108, -31.733912847958781 ], [ -60.540599309416471, -31.733907151021508 ], [ -60.540585635378186, -31.733901978345582 ], [ -60.540571700579981, -31.733897329841486 ], [ -60.54055754733411, -31.733893223366422 ], [ -60.540543175692754, -31.733889667938563 ], [ -60.540528638467755, -31.733886672352238 ], [ -60.540513956762744, -31.733884236517934 ], [ -60.540499172837599, -31.733882369274749 ], [ -60.540484286692063, -31.733881070622665 ], [ -60.540469361637513, -31.733880340293204 ], [ -60.540454408330326, -31.733880196277948 ], [ -60.54043945832133, -31.733880620406314 ], [ -60.540424553870402, -31.73388162151749 ], [ -60.540411898082354, -31.73388280247902 ], [ -60.540399329850437, -31.733884524172307 ], [ -60.54038323284145, -31.733887315978667 ], [ -60.540367319140422, -31.733890783386034 ], [ -60.540351630902471, -31.7338949171974 ], [ -60.540336199678393, -31.733899699242201 ], [ -60.540321057176115, -31.733905138404534 ], [ -60.540306245446139, -31.73391120745103 ], [ -60.54029180659137, -31.73391788816657 ], [ -60.540277772215077, -31.733925171398887 ], [ -60.540264173868316, -31.733933038977536 ], [ -60.540251043049722, -31.733941463713986 ], [ -60.540238411362779, -31.733950436455999 ], [ -60.540226320910527, -31.733959938988438 ], [ -60.540214792535167, -31.73396992613117 ], [ -60.540203847340621, -31.733980397794763 ], [ -60.540193527273132, -31.733991308709729 ], [ -60.54018385338437, -31.73400264976852 ], [ -60.540174835964706, -31.734014375835631 ], [ -60.540166517169837, -31.734026477714195 ], [ -60.540158896738326, -31.734038910313455 ], [ -60.540152339593753, -31.734050914541051 ], [ -60.54014643808204, -31.734063159486734 ], [ -60.540141223806991, -31.734075635998025 ], [ -60.540136696507183, -31.734088298984332 ], [ -60.540132866682562, -31.734101139382663 ], [ -60.540129744623727, -31.734114112057583 ], [ -60.540127330226341, -31.734127198972683 ], [ -60.540125644385327, -31.734140363965871 ], [ -60.540124665840082, -31.734153580072089 ], [ -60.540124426142171, -31.734166829120824 ], [ -60.540124903926397, -31.734180066110547 ], [ -60.540126120192348, -31.734193272915579 ], [ -60.540128043075079, -31.734206413597224 ], [ -60.540129505229764, -31.734214713349306 ], [ -60.540131368046126, -31.734222957293035 ], [ -60.540133631419586, -31.734231127391983 ], [ -60.540137750215862, -31.734244448153873 ], [ -60.540142617157876, -31.734257585376966 ], [ -60.54014822153696, -31.734270512051353 ], [ -60.540154552539761, -31.734283183130824 ], [ -60.540161588957893, -31.734295580668146 ], [ -60.540169330634569, -31.734307677608847 ], [ -60.540177735100421, -31.73431942904076 ], [ -60.540186812855225, -31.734330825900795 ], [ -60.540196510929839, -31.73434183233978 ], [ -60.540206829167325, -31.734352421302997 ], [ -60.540217735807168, -31.734362574887996 ], [ -60.540229199036389, -31.734372266174432 ], [ -60.540241197593915, -31.734381468197 ], [ -60.540253710271124, -31.734390163008666 ], [ -60.540266694702893, -31.734398323733615 ], [ -60.540280129785131, -31.734405950461241 ], [ -60.540293983599994, -31.734412998234614 ], [ -60.540308224543622, -31.734419476206021 ], [ -60.540322810198511, -31.734425348481643 ], [ -60.540337708908332, -31.734430615195304 ], [ -60.540352888912217, -31.734435258445 ], [ -60.540368318501478, -31.734439269346595 ], [ -60.54038395541545, -31.734442639060774 ], [ -60.540399757341163, -31.734445349730112 ], [ -60.540415703226579, -31.734447410461975 ], [ -60.54043175075865, -31.7344488033993 ], [ -60.54044784717702, -31.734449528765492 ], [ -60.540463971429652, -31.734449595668309 ] ] ] ] } },
{ "type": "Feature", "properties": { "fid": 93, "nombre": "Parque Urquiza", "tipo": "PARQUE PUBLICO", "area": 23372 }, "geometry": { "type": "MultiPolygon", "coordinates": [ [ [ [ -60.524272689108429, -31.719733632017942 ], [ -60.524068294248586, -31.719761948584839 ], [ -60.523967611780854, -31.719739339451731 ], [ -60.523761257215718, -31.719764745236837 ], [ -60.52373749828088, -31.719680045008371 ], [ -60.523582920765165, -31.719709168048748 ], [ -60.523141987029234, -31.719800747668934 ], [ -60.522957705750912, -31.719834779101923 ], [ -60.522914329620676, -31.719849793934799 ], [ -60.522860956559782, -31.719875387872666 ], [ -60.522795691147394, -31.719901030556887 ], [ -60.5227156314387, -31.719939421386783 ], [ -60.522650551030559, -31.719998050773452 ], [ -60.522579538580025, -31.720059241948913 ], [ -60.522511669957034, -31.7201508702388 ], [ -60.522462729307556, -31.720225929857488 ], [ -60.522960877718567, -31.721358029286463 ], [ -60.522985799050431, -31.720932579549739 ], [ -60.522984472915795, -31.720903094716896 ], [ -60.522982906022193, -31.720881465926016 ], [ -60.522982151365788, -31.720859806747693 ], [ -60.522982230148344, -31.720838135131832 ], [ -60.522983110869582, -31.720816478262929 ], [ -60.522984825281789, -31.720794854047629 ], [ -60.522987341884786, -31.72077328967038 ], [ -60.522990681930899, -31.72075181209928 ], [ -60.522994824369263, -31.720730430439023 ], [ -60.522999779952329, -31.720709180719172 ], [ -60.523006091090878, -31.720690712133564 ], [ -60.523013110172286, -31.720672430030326 ], [ -60.523020837348099, -31.720654361464 ], [ -60.523029272719199, -31.720636524470923 ], [ -60.523038384735152, -31.720618937217285 ], [ -60.523048184047369, -31.720601617696079 ], [ -60.523058649655908, -31.720584584030217 ], [ -60.523069771111295, -31.720567854299215 ], [ -60.523080165172125, -31.720553111606971 ], [ -60.523091215333437, -31.720538717940737 ], [ -60.523102900595383, -31.720524691423158 ], [ -60.523115189458444, -31.720511059238831 ], [ -60.52312808202376, -31.720497839423935 ], [ -60.523141557240997, -31.720485041083158 ], [ -60.523155594211822, -31.720472700375787 ], [ -60.523170171835233, -31.720460817388169 ], [ -60.523185269162354, -31.720449419261488 ], [ -60.523217869712916, -31.720426685276138 ], [ -60.523235383790201, -31.720415403482864 ], [ -60.523253396976429, -31.720404696818399 ], [ -60.52327185657024, -31.720394574517165 ], [ -60.523290752173367, -31.720385063677007 ], [ -60.523310062634486, -31.720376155366143 ], [ -60.523329745954761, -31.720367885830456 ], [ -60.52334978098294, -31.720360246138309 ], [ -60.523370136270707, -31.720353272492133 ], [ -60.523390790616197, -31.720346946942144 ], [ -60.5234132827621, -31.720340974580775 ], [ -60.523436000417163, -31.720335704727262 ], [ -60.523458933031428, -31.720331137424839 ], [ -60.523482049004734, -31.720327281821589 ], [ -60.523505306186536, -31.720324147108894 ], [ -60.523528683476464, -31.720321733373364 ], [ -60.523552149274487, -31.72032004976311 ], [ -60.523575671879129, -31.720319087389857 ], [ -60.523599219740966, -31.720318864419976 ], [ -60.523622761107944, -31.720319362947045 ], [ -60.523645133658192, -31.720320272100128 ], [ -60.523667436614673, -31.720321939083441 ], [ -60.523689659326003, -31.720324345904043 ], [ -60.523711749091291, -31.720327501796756 ], [ -60.523733674158322, -31.720331388855243 ], [ -60.52375540292698, -31.720336016227893 ], [ -60.523776903695754, -31.72034137502661 ], [ -60.523798144712366, -31.720347447345027 ], [ -60.523819083724781, -31.720354224338521 ], [ -60.523842090371609, -31.720362823574398 ], [ -60.523864742010211, -31.7203720826104 ], [ -60.523887017387906, -31.720381974478812 ], [ -60.523908905954599, -31.720392499223163 ], [ -60.523930365407381, -31.720403638980656 ], [ -60.523951374594901, -31.720415384819958 ], [ -60.523971922916239, -31.720427727766477 ], [ -60.523991968017611, -31.720440640939167 ], [ -60.524011016871455, -31.720456507230963 ], [ -60.524029540745978, -31.720472826599288 ], [ -60.52404751843882, -31.720489581094757 ], [ -60.524064928849029, -31.720506770804324 ], [ -60.524081782324053, -31.720524359611932 ], [ -60.524098036712644, -31.720542356709579 ], [ -60.524113454128468, -31.720563486641861 ], [ -60.524128229850582, -31.720584952892331 ], [ -60.524142363726483, -31.720606728406533 ], [ -60.524162001460674, -31.720648484171416 ], [ -60.524181913017578, -31.720690148622655 ], [ -60.524202108897228, -31.720731712698566 ], [ -60.52421097368704, -31.720747097765337 ], [ -60.524220648887663, -31.720762127780148 ], [ -60.524231102594122, -31.720776757781874 ], [ -60.524242334755918, -31.720790978752067 ], [ -60.524254302917441, -31.720804745773087 ], [ -60.524266985825648, -31.720818031876696 ], [ -60.52428036222733, -31.720830810094853 ], [ -60.524294410920064, -31.720843062477645 ], [ -60.524309078999089, -31.720854762187251 ], [ -60.524324366261304, -31.720865873150313 ], [ -60.524341747805394, -31.7208779134147 ], [ -60.524359664230978, -31.720889383315441 ], [ -60.524378073183541, -31.72090025597122 ], [ -60.524396942960706, -31.720910522493913 ], [ -60.524416262960926, -31.720920173908389 ], [ -60.524436001380117, -31.720929183290018 ], [ -60.52445612656647, -31.72093755076882 ], [ -60.524476606766619, -31.720945258438416 ], [ -60.524497420777621, -31.72095228834894 ], [ -60.524518526397067, -31.72095864067396 ], [ -60.524539891922245, -31.720964306525314 ], [ -60.52456150670065, -31.720969267909762 ], [ -60.524580443517657, -31.720972698158342 ], [ -60.524599524233722, -31.720975451429624 ], [ -60.524618717298495, -31.720977545890268 ], [ -60.524638001458165, -31.720978954572349 ], [ -60.524657334611888, -31.720979695685998 ], [ -60.524676685056889, -31.720979760343226 ], [ -60.524696021090456, -31.720979139656066 ], [ -60.52471532166193, -31.720977842729628 ], [ -60.524734534069168, -31.720975878799269 ], [ -60.52475363710915, -31.720973229915458 ], [ -60.524772599282329, -31.720969923263169 ], [ -60.524791388936869, -31.720965958972794 ], [ -60.524809963819486, -31.720961328199937 ], [ -60.524828313531764, -31.72095605804277 ], [ -60.524846385320885, -31.720950148718572 ], [ -60.524877690886512, -31.720939179677291 ], [ -60.524908676168785, -31.720927544583308 ], [ -60.52493929896513, -31.720915243610353 ], [ -60.524969559427568, -31.720902303813642 ], [ -60.52499943635295, -31.720888707243791 ], [ -60.525028898292682, -31.720874490104293 ], [ -60.525057945195556, -31.720859643377231 ], [ -60.525086534909995, -31.720844176254943 ], [ -60.525114678087888, -31.720828106730661 ], [ -60.525142332577822, -31.720811443996833 ], [ -60.525178653861808, -31.720789992840952 ], [ -60.525215123852782, -31.72076872143078 ], [ -60.525251732051252, -31.720747638827774 ], [ -60.525263917030117, -31.72073621638226 ], [ -60.52527541332605, -31.720724282722614 ], [ -60.52528621064296, -31.720711882983572 ], [ -60.525296266880751, -31.720699035375645 ], [ -60.525305571692563, -31.720685776015404 ], [ -60.525314093630669, -31.720672141106284 ], [ -60.525321811746863, -31.72065815779002 ], [ -60.525328705144034, -31.720643862226673 ], [ -60.525334752975787, -31.720629299594282 ], [ -60.525339955344258, -31.720614487929609 ], [ -60.525344291454061, -31.720599481428902 ], [ -60.525349283573149, -31.720584805906647 ], [ -60.525353483337973, -31.720569944262312 ], [ -60.525356901553678, -31.720554941543636 ], [ -60.525359517272328, -31.720539824892306 ], [ -60.52536133059602, -31.720524612344747 ], [ -60.525362341779463, -31.720509348992177 ], [ -60.525362540476081, -31.720494070950924 ], [ -60.52536192678798, -31.720478796257435 ], [ -60.525360511418626, -31.720463551922904 ], [ -60.525358284123129, -31.720448392100106 ], [ -60.5253552555032, -31.720433325763725 ], [ -60.525351436313123, -31.720418388943095 ], [ -60.525346826756738, -31.720403617711035 ], [ -60.525341448138654, -31.720389048053445 ], [ -60.525335300510065, -31.720374688988379 ], [ -60.525328394726948, -31.72036059458161 ], [ -60.525320741390892, -31.720346773807758 ], [ -60.525312382907281, -31.720333262565696 ], [ -60.525303298378894, -31.720320097015044 ], [ -60.525282410749526, -31.720292514532787 ], [ -60.52527052370386, -31.720278179112469 ], [ -60.525257911276078, -31.720264306619541 ], [ -60.525244594719709, -31.720250924021702 ], [ -60.525230595288178, -31.720238058286444 ], [ -60.525215955284963, -31.720225727276052 ], [ -60.525200685413061, -31.720213958001615 ], [ -60.525184828077414, -31.720202786361849 ], [ -60.525168404378817, -31.720192212269705 ], [ -60.525150392350305, -31.720182492450611 ], [ -60.525131951266573, -31.720173396668237 ], [ -60.525113091728635, -31.720164933896932 ], [ -60.525093856090372, -31.720157131017405 ], [ -60.525074265452311, -31.720149987942634 ], [ -60.525054351567022, -31.72014352257851 ], [ -60.525034156686623, -31.720137743769303 ], [ -60.525013712461934, -31.720132651384578 ], [ -60.524993040145873, -31.72012827239196 ], [ -60.524972181888749, -31.720124597599341 ], [ -60.524942517678838, -31.720119732556658 ], [ -60.524913018670176, -31.720114226518159 ], [ -60.524883684812544, -31.720108070465763 ], [ -60.524854547808559, -31.720101273287465 ], [ -60.524825628759643, -31.72009383489651 ], [ -60.524796938318346, -31.720085773286101 ], [ -60.524768508085593, -31.720077079307849 ], [ -60.524740338112721, -31.720067761980136 ], [ -60.524716969087173, -31.720058515070441 ], [ -60.524693955274763, -31.72004864442269 ], [ -60.524671328276241, -31.720038140888526 ], [ -60.524649098794683, -31.720027031479404 ], [ -60.524627287982028, -31.720015325126898 ], [ -60.524605938090929, -31.720003030675823 ], [ -60.524585049223184, -31.719990166162862 ], [ -60.524564642479753, -31.719976731501376 ], [ -60.524544760214759, -31.719962753572627 ], [ -60.524525402479114, -31.719948241395173 ], [ -60.524506590475262, -31.719933212918633 ], [ -60.52448834535479, -31.719917677074871 ], [ -60.524470698870459, -31.719901651770343 ], [ -60.52444899801592, -31.719879483552564 ], [ -60.524426635188675, -31.719857796030951 ], [ -60.524403652641141, -31.719836598049785 ], [ -60.524380039873726, -31.71981589867038 ], [ -60.524355828639145, -31.719795715798654 ], [ -60.524331029589263, -31.719776067427318 ], [ -60.524305653325158, -31.719756962530845 ], [ -60.524279720998187, -31.719738410040392 ], [ -60.524272689108429, -31.719733632017942 ] ] ] ] } },
{ "type": "Feature", "properties": { "fid": 94, "nombre": "Paseo Racedo", "tipo": "ESPACIO VERDE", "area": 3465 }, "geometry": { "type": "MultiPolygon", "coordinates": [ [ [ [ -60.533422064711267, -31.740817140424006 ], [ -60.533459753593718, -31.740809541406335 ], [ -60.533849873743286, -31.740510257421278 ], [ -60.534196526465792, -31.740223556553683 ], [ -60.534387202353841, -31.740068971129212 ], [ -60.53438704570155, -31.740041687168215 ], [ -60.534272755734087, -31.739851174025731 ], [ -60.53424949386126, -31.739843830283938 ], [ -60.53422921980745, -31.739851356532693 ], [ -60.53419745005651, -31.739878774324325 ], [ -60.533859420457681, -31.740150556559481 ], [ -60.533547425288724, -31.740407346387396 ], [ -60.533322088845949, -31.740591840653266 ], [ -60.533310607085944, -31.740614212480477 ], [ -60.533310735000661, -31.740636535723198 ], [ -60.533422064711267, -31.740817140424006 ] ] ] ] } },
{ "type": "Feature", "properties": { "fid": 95, "nombre": "Plaza Sicilia", "tipo": "PLAZA", "area": 5974 }, "geometry": { "type": "MultiPolygon", "coordinates": [ [ [ [ -60.524340201238516, -31.764236677627711 ], [ -60.524732825964861, -31.764170579607061 ], [ -60.52516300842106, -31.76409537031104 ], [ -60.525077629736522, -31.763707598650736 ], [ -60.525012577200442, -31.763433058970673 ], [ -60.524198502618489, -31.763560819838677 ], [ -60.524340201238516, -31.764236677627711 ] ] ] ] } },
{ "type": "Feature", "properties": { "fid": 96, "nombre": "Paseo Bv. Perette", "tipo": "ESPACIO VERDE", "area": 1448 }, "geometry": { "type": "MultiPolygon", "coordinates": [ [ [ [ -60.535625558856552, -31.742212862760002 ], [ -60.535321033169836, -31.741676538440149 ], [ -60.535312224441171, -31.741664130906912 ], [ -60.535302031099427, -31.741664173724239 ], [ -60.53528313639432, -31.741670475357246 ], [ -60.535151166765843, -31.741765608072718 ], [ -60.534991500551236, -31.741855879112773 ], [ -60.534981385875071, -31.741869610562947 ], [ -60.534981443102097, -31.741879565950754 ], [ -60.53499025180782, -31.741891973506728 ], [ -60.53503112543325, -31.741909224259608 ], [ -60.535088031537505, -31.741928896589734 ], [ -60.53557904638788, -31.742227991686747 ], [ -60.535598019963842, -31.742235378665466 ], [ -60.535616921923001, -31.742230321408574 ], [ -60.535625558856552, -31.742212862760002 ] ] ] ] } },
{ "type": "Feature", "properties": { "fid": 97, "nombre": "Plaza Mirko Antelo", "tipo": "PLAZA", "area": 1098 }, "geometry": { "type": "MultiPolygon", "coordinates": [ [ [ [ -60.49449370014986, -31.753613887080988 ], [ -60.493969031137475, -31.75362857040783 ], [ -60.493955732706929, -31.753633048814262 ], [ -60.4939468917106, -31.753640671974782 ], [ -60.493941774756699, -31.753652707547751 ], [ -60.493941095090811, -31.753664093511343 ], [ -60.49394484264085, -31.753672932683216 ], [ -60.49414123218893, -31.753860628505798 ], [ -60.494151620595289, -31.753865647473056 ], [ -60.494166466456868, -31.753873811186917 ], [ -60.494187946430415, -31.75387688991075 ], [ -60.494210173234379, -31.753881230548352 ], [ -60.494227925784188, -31.753879264466509 ], [ -60.494253802737802, -31.753874104830849 ], [ -60.494407382514702, -31.753805209006497 ], [ -60.494425821375252, -31.753793121720161 ], [ -60.494437612697467, -31.753783589856347 ], [ -60.494449387210487, -31.753770896021074 ], [ -60.494457474623161, -31.75376074612204 ], [ -60.49452425634933, -31.753653610136453 ], [ -60.494525662603934, -31.753639691721556 ], [ -60.494518184206449, -31.753625175383252 ], [ -60.494500364478156, -31.753614493623378 ], [ -60.49449370014986, -31.753613887080988 ] ] ] ] } },
{ "type": "Feature", "properties": { "fid": 98, "nombre": "Paseo Ramirez Norte", "tipo": "ESPACIO VERDE", "area": 364 }, "geometry": { "type": "MultiPolygon", "coordinates": [ [ [ [ -60.513512466413623, -31.721128218625267 ], [ -60.513495160105158, -31.721115193710187 ], [ -60.513474096184133, -31.721115278552215 ], [ -60.513458858175561, -31.721130071379047 ], [ -60.513582800249061, -31.72172865117167 ], [ -60.513607748292245, -31.721738371629787 ], [ -60.513632615104349, -31.721733360959096 ], [ -60.513642180650812, -31.72173168559085 ], [ -60.513512466413623, -31.721128218625267 ] ] ] ] } },
{ "type": "Feature", "properties": { "fid": 99, "nombre": "Paseo Ramirez Norte", "tipo": "ESPACIO VERDE", "area": 120 }, "geometry": { "type": "MultiPolygon", "coordinates": [ [ [ [ -60.513459148947639, -31.72083544114567 ], [ -60.513441869769238, -31.720827326597618 ], [ -60.513411240455078, -31.720829086781059 ], [ -60.513397908357128, -31.720842235097273 ], [ -60.513429421869041, -31.721000880513973 ], [ -60.513454369700611, -31.721010601005467 ], [ -60.513473491628687, -31.721005613504378 ], [ -60.513488747661761, -31.720994094259297 ], [ -60.51349439310092, -31.720976066410845 ], [ -60.513459148947639, -31.72083544114567 ] ] ] ] } },
{ "type": "Feature", "properties": { "fid": 100, "nombre": "Paseo Bv. Perette", "tipo": "ESPACIO VERDE", "area": 1196 }, "geometry": { "type": "MultiPolygon", "coordinates": [ [ [ [ -60.537036956310274, -31.740016556905964 ], [ -60.537036791775101, -31.739988041334822 ], [ -60.537014979462398, -31.739966746050928 ], [ -60.536998279231966, -31.739963964794761 ], [ -60.53697992707653, -31.739964042123301 ], [ -60.536961640725778, -31.739975525677856 ], [ -60.536119953324153, -31.740704808188983 ], [ -60.536113468654378, -31.740737629171427 ], [ -60.536123626839746, -31.740763251074544 ], [ -60.536148759498836, -31.740781680913354 ], [ -60.536178806994251, -31.740784406124487 ], [ -60.536203816456108, -31.740781449273541 ], [ -60.537036956310274, -31.740016556905964 ] ] ] ] } },
{ "type": "Feature", "properties": { "fid": 101, "nombre": "Plazoleta Euzkadi", "tipo": "PARQUE PUBLICO", "area": 3825 }, "geometry": { "type": "MultiPolygon", "coordinates": [ [ [ [ -60.539709579111879, -31.717021149043997 ], [ -60.539701071354756, -31.717027511299836 ], [ -60.539549806909555, -31.717319942731226 ], [ -60.539476995330432, -31.717515985831454 ], [ -60.539601636851827, -31.717536030325249 ], [ -60.539624146418276, -31.717538829967364 ], [ -60.53964651246411, -31.717542351687072 ], [ -60.539668724282969, -31.717546568474464 ], [ -60.539690729229378, -31.717551498589373 ], [ -60.539712495549026, -31.71755712412941 ], [ -60.539734012639975, -31.717563436121164 ], [ -60.53975523830232, -31.717570434743443 ], [ -60.539776140729423, -31.717578093075844 ], [ -60.539796698873616, -31.717586420225821 ], [ -60.539816880928313, -31.717595389273164 ], [ -60.540019825959632, -31.717677003314947 ], [ -60.54003084516534, -31.717683260519365 ], [ -60.540041350972288, -31.717690133150462 ], [ -60.540051301023205, -31.717697594332513 ], [ -60.540060621310552, -31.717705617323858 ], [ -60.5400693009706, -31.717714148060118 ], [ -60.540077287148073, -31.717723168728423 ], [ -60.540105019140078, -31.717751432231857 ], [ -60.540235048923876, -31.717727162847059 ], [ -60.540376373236676, -31.717516542827504 ], [ -60.540380500799074, -31.717507858625819 ], [ -60.540383856739588, -31.717498925178571 ], [ -60.540386420376734, -31.717489814721052 ], [ -60.540388160217432, -31.717480554441959 ], [ -60.540389087178198, -31.717471207424065 ], [ -60.540389191075384, -31.717461836839583 ], [ -60.540388461568426, -31.717452478805974 ], [ -60.540386909573833, -31.717443196406023 ], [ -60.540384545955831, -31.717434043703975 ], [ -60.540381381526217, -31.717425065746337 ], [ -60.540377427149259, -31.717416316597447 ], [ -60.54037271473689, -31.717407841214108 ], [ -60.540367276305638, -31.717399702589525 ], [ -60.540361133165106, -31.717391936706985 ], [ -60.540166831524047, -31.717279795284071 ], [ -60.539972100984905, -31.717168205500361 ], [ -60.53977693099565, -31.717057167398583 ], [ -60.539709579111879, -31.717021149043997 ] ] ] ] } },
{ "type": "Feature", "properties": { "fid": 102, "nombre": "Paseo Bv. Perette", "tipo": "ESPACIO VERDE", "area": 1207 }, "geometry": { "type": "MultiPolygon", "coordinates": [ [ [ [ -60.535345472794518, -31.741517925814193 ], [ -60.535999605916537, -31.74095625752728 ], [ -60.536012788855643, -31.740927685817969 ], [ -60.53600430728811, -31.740903482667989 ], [ -60.535985839991213, -31.740883598954994 ], [ -60.535945741050156, -31.740873786904373 ], [ -60.535909102052173, -31.740885347488611 ], [ -60.535532164945963, -31.741197759289065 ], [ -60.535292718942472, -31.741338494962793 ], [ -60.535261248887579, -31.741378549912255 ], [ -60.535263081291781, -31.741407058477922 ], [ -60.535328788733786, -31.741517995899663 ], [ -60.535345472794518, -31.741517925814193 ] ] ] ] } },
{ "type": "Feature", "properties": { "fid": 103, "nombre": "Plaza de las Colectividades", "tipo": "PLAZA", "area": 172 }, "geometry": { "type": "MultiPolygon", "coordinates": [ [ [ [ -60.57182066406596, -31.708921119977756 ], [ -60.571801922751689, -31.70892320808532 ], [ -60.571776787141431, -31.708933842132396 ], [ -60.571762218878213, -31.708947434885353 ], [ -60.571750028626283, -31.70896652814783 ], [ -60.571746635278565, -31.7089865839963 ], [ -60.571750869812824, -31.709008108689122 ], [ -60.571761544762495, -31.709028602471072 ], [ -60.571778034117244, -31.709041554942054 ], [ -60.571802126770919, -31.709051968235912 ], [ -60.571826170240463, -31.709054365492761 ], [ -60.571848424813012, -31.709051760609679 ], [ -60.571872391418864, -31.709041632807235 ], [ -60.571889874561954, -31.709025521889437 ], [ -60.571900309714657, -31.70900693750162 ], [ -60.571904868981882, -31.708985874388372 ], [ -60.571900652861615, -31.70896735571316 ], [ -60.57188998711279, -31.70894836494903 ], [ -60.57187172423528, -31.708932915367352 ], [ -60.571848806780174, -31.708922997831635 ], [ -60.57182066406596, -31.708921119977756 ] ] ] ] } },
{ "type": "Feature", "properties": { "fid": 104, "nombre": "Plaza Inglesa", "tipo": "PLAZA", "area": 1497 }, "geometry": { "type": "MultiPolygon", "coordinates": [ [ [ [ -60.531981334121099, -31.741499371254708 ], [ -60.531962548906037, -31.741509514000025 ], [ -60.531450774699749, -31.742220178037932 ], [ -60.531443892521423, -31.742252412590545 ], [ -60.531469939435397, -31.742276458354738 ], [ -60.531590235369926, -31.742306149595265 ], [ -60.531637342630006, -31.74230595308342 ], [ -60.53165140581671, -31.742293817220084 ], [ -60.53165831092317, -31.742265608292708 ], [ -60.531658172939139, -31.742241454479775 ], [ -60.53162264705464, -31.742207383968779 ], [ -60.531783913281735, -31.741987308754769 ], [ -60.531816899751817, -31.741989183967203 ], [ -60.53184751936552, -31.741989056183161 ], [ -60.531882803675167, -31.741980857459872 ], [ -60.53189677475136, -31.741952619027629 ], [ -60.53189182246831, -31.741910369515818 ], [ -60.531858674985145, -31.741880314873363 ], [ -60.53199902962038, -31.741710648301574 ], [ -60.53203680723778, -31.741726593517576 ], [ -60.532074423763895, -31.741714359273331 ], [ -60.532090600489084, -31.741659944354531 ], [ -60.5320762267541, -31.741617734185258 ], [ -60.532026269728135, -31.741531389521501 ], [ -60.531981334121099, -31.741499371254708 ] ] ] ] } },
{ "type": "Feature", "properties": { "fid": 105, "nombre": "Paseo Ramirez Norte", "tipo": "ESPACIO VERDE", "area": 598 }, "geometry": { "type": "MultiPolygon", "coordinates": [ [ [ [ -60.51322889221381, -31.71970859360345 ], [ -60.513213501083897, -31.719695560935257 ], [ -60.513203899665868, -31.719690689101007 ], [ -60.513184750938713, -31.719690766183437 ], [ -60.513171382899351, -31.719697367308168 ], [ -60.513161889690387, -31.71971213697698 ], [ -60.513331060907639, -31.720526596438216 ], [ -60.513346488275992, -31.720546176256597 ], [ -60.513363740330455, -31.720549380442858 ], [ -60.513379059452944, -31.720549318754152 ], [ -60.513394324445571, -31.72053943631213 ], [ -60.513398100095571, -31.720529600137734 ], [ -60.51322889221381, -31.71970859360345 ] ] ] ] } },
{ "type": "Feature", "properties": { "fid": 106, "nombre": "Paseo Ramirez Norte", "tipo": "ESPACIO VERDE", "area": 636 }, "geometry": { "type": "MultiPolygon", "coordinates": [ [ [ [ -60.512983358497713, -31.718588354197397 ], [ -60.512966034712399, -31.71857205561448 ], [ -60.512952621750692, -31.718570472753253 ], [ -60.512929688617433, -31.718578749166298 ], [ -60.5129201954813, -31.718593518818896 ], [ -60.513108880751275, -31.719475010202785 ], [ -60.51312999840232, -31.719484746178516 ], [ -60.513143411498653, -31.719486329019453 ], [ -60.513164438983509, -31.719479697066966 ], [ -60.513175829002165, -31.71946164610527 ], [ -60.512983358497713, -31.718588354197397 ] ] ] ] } },
{ "type": "Feature", "properties": { "fid": 107, "nombre": "Plazoleta", "tipo": "RESERVA MUNICIPAL SIN ESCRITUR", "area": 1340 }, "geometry": { "type": "MultiPolygon", "coordinates": [ [ [ [ -60.551394678378436, -31.737174069377541 ], [ -60.550719934649067, -31.73727004698905 ], [ -60.550822214993723, -31.737444674816246 ], [ -60.550883354329862, -31.737494192074809 ], [ -60.55095559280749, -31.737479143758055 ], [ -60.550945159566353, -31.737424429194377 ], [ -60.551372524666988, -31.737357756824142 ], [ -60.551385733083841, -31.737419529763088 ], [ -60.551440667395504, -31.737410201547519 ], [ -60.551394678378436, -31.737174069377541 ] ] ] ] } },
{ "type": "Feature", "properties": { "fid": 108, "nombre": "reserva sin escriturar", "tipo": "RESERVA MUNICIPAL SIN ESCRITUR", "area": 469 }, "geometry": { "type": "MultiPolygon", "coordinates": [ [ [ [ -60.509257110931401, -31.762400268974741 ], [ -60.509237994997918, -31.762299150814592 ], [ -60.509107024970184, -31.762319936003152 ], [ -60.509186539689217, -31.762666320486389 ], [ -60.509303984430815, -31.762648216226889 ], [ -60.509279325511059, -31.762517777849403 ], [ -60.509257110931401, -31.762400268974741 ] ] ] ] } },
{ "type": "Feature", "properties": { "fid": 109, "nombre": "Plaza SOETAP", "tipo": "PLAZA", "area": 860 }, "geometry": { "type": "MultiPolygon", "coordinates": [ [ [ [ -60.48370634993492, -31.741772977734072 ], [ -60.483675564859496, -31.741630756915928 ], [ -60.483537383836193, -31.741652667122882 ], [ -60.483540562497147, -31.741666008208249 ], [ -60.48354933525853, -31.741711292519685 ], [ -60.483393291757849, -31.741736766351302 ], [ -60.48335380357792, -31.741901673780053 ], [ -60.483366469581831, -31.741904132862068 ], [ -60.483567331701131, -31.741944971979972 ], [ -60.483737694987006, -31.741917785058934 ], [ -60.48370634993492, -31.741772977734072 ] ] ] ] } },
{ "type": "Feature", "properties": { "fid": 110, "nombre": "Plaza y Polideportivo", "tipo": "PLAZA", "area": 6748 }, "geometry": { "type": "MultiPolygon", "coordinates": [ [ [ [ -60.504964630098151, -31.772153635197974 ], [ -60.505166811080457, -31.773112192922643 ], [ -60.505221777987643, -31.773154604738732 ], [ -60.505711054263969, -31.773120701939277 ], [ -60.50573127005265, -31.773099311264662 ], [ -60.505453292245406, -31.771853038737127 ], [ -60.505406905964811, -31.771825698733561 ], [ -60.505186351206135, -31.771868069182645 ], [ -60.505239405204215, -31.772100542020965 ], [ -60.504964630098151, -31.772153635197974 ] ] ] ] } },
{ "type": "Feature", "properties": { "fid": 111, "nombre": "Plaza Dr. Domingo Amato", "tipo": "PLAZA", "area": 353 }, "geometry": { "type": "MultiPolygon", "coordinates": [ [ [ [ -60.516852849861728, -31.730748395067 ], [ -60.516957199498947, -31.730735014879066 ], [ -60.516924354645205, -31.730414938932057 ], [ -60.51682199736026, -31.730436843486014 ], [ -60.51684024948154, -31.730647385719198 ], [ -60.516852849861728, -31.730748395067 ] ] ] ] } },
{ "type": "Feature", "properties": { "fid": 112, "nombre": "Plazoleta Jorge I. ....", "tipo": "PLAZA", "area": 1234 }, "geometry": { "type": "MultiPolygon", "coordinates": [ [ [ [ -60.553753895153925, -31.745410245720954 ], [ -60.553713575497632, -31.745225765636459 ], [ -60.553511544915985, -31.745261819089727 ], [ -60.553669612126377, -31.74586467395757 ], [ -60.553823272361996, -31.745816069294694 ], [ -60.553843060113302, -31.745818211699643 ], [ -60.553820410354469, -31.745714580194516 ], [ -60.553801713201935, -31.745629033224461 ], [ -60.553777687897529, -31.745519107577906 ], [ -60.553753895153925, -31.745410245720954 ] ] ] ] } },
{ "type": "Feature", "properties": { "fid": 113, "nombre": "Carlos Maria Virgala", "tipo": "PLAZA", "area": 426 }, "geometry": { "type": "MultiPolygon", "coordinates": [ [ [ [ -60.521129901108928, -31.724187274704359 ], [ -60.521045408637576, -31.723957352537155 ], [ -60.520976854282097, -31.723983347287135 ], [ -60.520874109675241, -31.724020068371651 ], [ -60.520890487879655, -31.724057504023886 ], [ -60.520968443279656, -31.724205313158542 ], [ -60.521027232965764, -31.724225851345491 ], [ -60.521129901108928, -31.724187274704359 ] ] ] ] } },
{ "type": "Feature", "properties": { "fid": 114, "nombre": "Plaza El Guayabo", "tipo": "PLAZA", "area": 8661 }, "geometry": { "type": "MultiPolygon", "coordinates": [ [ [ [ -60.489136006232741, -31.711217826071845 ], [ -60.490287103838348, -31.711055744235392 ], [ -60.490150905704546, -31.710339362865284 ], [ -60.489039705187629, -31.710511589512812 ], [ -60.489136006232741, -31.711217826071845 ] ] ] ] } },
{ "type": "Feature", "properties": { "fid": 115, "nombre": "Plaza B° Asoc. Civil Crece desde el Pie", "tipo": "PLAZA", "area": 2892 }, "geometry": { "type": "MultiPolygon", "coordinates": [ [ [ [ -60.479359633475902, -31.767184567430924 ], [ -60.479946137571311, -31.767095118675247 ], [ -60.479982355025761, -31.767050728672988 ], [ -60.479909134865238, -31.766700315894195 ], [ -60.479857176696754, -31.766669373940541 ], [ -60.479270675190392, -31.766758822266919 ], [ -60.479359633475902, -31.767184567430924 ] ] ] ] } },
{ "type": "Feature", "properties": { "fid": 116, "nombre": "Plaza Martin Fierro", "tipo": "PLAZA", "area": 6249 }, "geometry": { "type": "MultiPolygon", "coordinates": [ [ [ [ -60.518244140565471, -31.739173196736338 ], [ -60.518413196635834, -31.740025776774353 ], [ -60.518437605412572, -31.740021962023885 ], [ -60.518435771742432, -31.740005366593689 ], [ -60.519195393445479, -31.739892195497159 ], [ -60.519244496156496, -31.739805193268658 ], [ -60.518797046216605, -31.739139337652421 ], [ -60.518709806792167, -31.739112953171531 ], [ -60.518259045584209, -31.739185365088346 ], [ -60.518257056530317, -31.739171178200348 ], [ -60.518244140565471, -31.739173196736338 ] ] ] ] } },
{ "type": "Feature", "properties": { "fid": 117, "nombre": "Paseo Marcelino Romann", "tipo": "PARQUE PUBLICO", "area": 9810 }, "geometry": { "type": "MultiPolygon", "coordinates": [ [ [ [ -60.52181568702909, -31.722928409585272 ], [ -60.521568160597461, -31.723005700672449 ], [ -60.521572973094656, -31.723015204204213 ], [ -60.521473749408464, -31.723052700727791 ], [ -60.521404658761007, -31.723078809945374 ], [ -60.521341509808948, -31.72310267376271 ], [ -60.52120541548085, -31.723154103291854 ], [ -60.521154562728505, -31.723057093530382 ], [ -60.521134981640728, -31.723064423384177 ], [ -60.521059835513064, -31.723092068060524 ], [ -60.520960006579379, -31.72312879292727 ], [ -60.520887352901887, -31.723155520548382 ], [ -60.520864576230537, -31.723165479775822 ], [ -60.520761510739902, -31.723195490970184 ], [ -60.520851094594079, -31.723369694082717 ], [ -60.520764709805427, -31.723403027401798 ], [ -60.520700524222555, -31.723278329110105 ], [ -60.520595115265479, -31.723315924408247 ], [ -60.520516202899501, -31.723163538834651 ], [ -60.520502319746051, -31.723133918960929 ], [ -60.520441199089866, -31.723156296869739 ], [ -60.520611534623804, -31.723458602341697 ], [ -60.520815909077911, -31.723887053802034 ], [ -60.520874109675241, -31.724020068371651 ], [ -60.520976854282097, -31.723983347287135 ], [ -60.521045408637576, -31.723957352537155 ], [ -60.521052123659494, -31.723955338133567 ], [ -60.521088479672798, -31.723906700335711 ], [ -60.520970264786207, -31.723637744434583 ], [ -60.520991626706291, -31.72356396726591 ], [ -60.521022795173273, -31.723548739447033 ], [ -60.521028987533342, -31.723564986116628 ], [ -60.521148987484636, -31.723548850559048 ], [ -60.521182029794325, -31.723634964143905 ], [ -60.521229655775699, -31.723655083372567 ], [ -60.521364207277777, -31.723615738672979 ], [ -60.521459843806916, -31.723597211438992 ], [ -60.521696316633928, -31.723658756004784 ], [ -60.521823992538799, -31.723781807605505 ], [ -60.521887335663841, -31.723906976605186 ], [ -60.522235794907616, -31.723778858670425 ], [ -60.522241558209366, -31.723760473539269 ], [ -60.52181568702909, -31.722928409585272 ] ] ] ] } },
{ "type": "Feature", "properties": { "fid": 118, "nombre": "Espacio verde", "tipo": "RESERVA MUNICIPAL", "area": 918 }, "geometry": { "type": "MultiPolygon", "coordinates": [ [ [ [ -60.508102910782952, -31.757618009968027 ], [ -60.508193408695888, -31.758032005066973 ], [ -60.508397285840189, -31.757999469339317 ], [ -60.508306787055552, -31.757585474392272 ], [ -60.508102910782952, -31.757618009968027 ] ] ] ] } },
{ "type": "Feature", "properties": { "fid": 119, "nombre": "PLaza Pagani Chico", "tipo": "RESERVA MUNICIPAL SIN ESCRITUR", "area": 11590 }, "geometry": { "type": "MultiPolygon", "coordinates": [ [ [ [ -60.498865174398354, -31.745456982794622 ], [ -60.498846388181171, -31.745368116641693 ], [ -60.498827512587503, -31.745278893788182 ], [ -60.498808926235739, -31.745191037972464 ], [ -60.498789993329758, -31.745101543849358 ], [ -60.498771214898696, -31.745012779735198 ], [ -60.498753009676314, -31.74492730165905 ], [ -60.498733265751618, -31.744834598802594 ], [ -60.498714022324371, -31.744744245723577 ], [ -60.498704533275159, -31.744699691675827 ], [ -60.498500164900427, -31.744731310560628 ], [ -60.498490638935777, -31.744689481137094 ], [ -60.498164094785956, -31.744739660627907 ], [ -60.498128702510705, -31.744562921403251 ], [ -60.498023369520858, -31.744047535719794 ], [ -60.498055749895492, -31.74403632724027 ], [ -60.497922752829382, -31.743553322063679 ], [ -60.497913005574652, -31.743529715712771 ], [ -60.497883921198039, -31.743540445568602 ], [ -60.497831411828514, -31.74330592002698 ], [ -60.49772381885812, -31.743342296282414 ], [ -60.49757205079527, -31.743393607553358 ], [ -60.497577278233095, -31.74339986770476 ], [ -60.49757606288329, -31.743410671016139 ], [ -60.497569557197963, -31.74342321060837 ], [ -60.49756100987706, -31.743431232553313 ], [ -60.497554498145711, -31.743443783806562 ], [ -60.497543905386358, -31.743447279690201 ], [ -60.497537864189056, -31.743501274836131 ], [ -60.497546045935181, -31.743519379076833 ], [ -60.497536378355072, -31.74360577765643 ], [ -60.497538699280952, -31.743813026937822 ], [ -60.497537493766572, -31.743823826999208 ], [ -60.497557944408783, -31.743869079184059 ], [ -60.497556738896037, -31.743879879245576 ], [ -60.497566122390118, -31.743887175009295 ], [ -60.497590663957496, -31.74394147930682 ], [ -60.497589458447706, -31.743952279368493 ], [ -60.497597640244734, -31.743970383604069 ], [ -60.497596434735335, -31.743981183665678 ], [ -60.497604616536293, -31.743999287900696 ], [ -60.49760544283172, -31.744014608857157 ], [ -60.497619760993906, -31.744046291266741 ], [ -60.497618555486319, -31.744057091328493 ], [ -60.497622642589995, -31.744066135032433 ], [ -60.497621437082429, -31.744076935094103 ], [ -60.497738013035026, -31.744334886705936 ], [ -60.497738849200914, -31.744350204411486 ], [ -60.497744985597052, -31.744363782579661 ], [ -60.497740153764283, -31.744406986077529 ], [ -60.497744240895543, -31.744416029776744 ], [ -60.497739774588872, -31.744433107093965 ], [ -60.497738569090849, -31.744443907156029 ], [ -60.497742660025644, -31.744452959268045 ], [ -60.497740249029462, -31.744474559392152 ], [ -60.497750472569919, -31.744497181258954 ], [ -60.497749257227696, -31.744507984569914 ], [ -60.497779935485923, -31.744575866990054 ], [ -60.497778729990941, -31.744586667052246 ], [ -60.497819631874748, -31.74467717132412 ], [ -60.497831064749647, -31.744689001533608 ], [ -60.497845379293196, -31.744720675499888 ], [ -60.497856822021483, -31.744732502457985 ], [ -60.497879318505809, -31.744782280634894 ], [ -60.49789075140125, -31.744794110838722 ], [ -60.497894842366712, -31.744803162945015 ], [ -60.497913613399021, -31.74481776283017 ], [ -60.497925056147913, -31.744829589781776 ], [ -60.497953218416797, -31.744851502220659 ], [ -60.497957309390841, -31.744860554324809 ], [ -60.497966693015883, -31.744867850056664 ], [ -60.497974874968932, -31.744885954263875 ], [ -60.497984272244778, -31.744893255158001 ], [ -60.497996545183987, -31.744920411466691 ], [ -60.498005928818351, -31.744927707195483 ], [ -60.498029878080075, -31.744960223155271 ], [ -60.498029706290644, -31.744962696724706 ], [ -60.498028153575824, -31.744968197588484 ], [ -60.498028564228385, -31.74497428793207 ], [ -60.498030315120836, -31.744979839288209 ], [ -60.498034029178434, -31.744985854513679 ], [ -60.498038552003244, -31.744990655410977 ], [ -60.498042433431195, -31.744995213612746 ], [ -60.498046036966819, -31.744999882860892 ], [ -60.498052981080889, -31.745009665836953 ], [ -60.498056722920069, -31.745014115426649 ], [ -60.498060841840527, -31.745019349314873 ], [ -60.4980672536635, -31.745029356298065 ], [ -60.498076030249969, -31.745039839625207 ], [ -60.498079619524852, -31.745045528667408 ], [ -60.498084166463855, -31.745049306518993 ], [ -60.498093637626909, -31.745057772130842 ], [ -60.498098019844832, -31.745063238151957 ], [ -60.498100286127119, -31.745069354147439 ], [ -60.498102559475321, -31.745074684743511 ], [ -60.498111343024526, -31.745091817013865 ], [ -60.49811387735658, -31.745097825211577 ], [ -60.498115751756721, -31.74510337447817 ], [ -60.498119077742906, -31.74510883138511 ], [ -60.498122133370217, -31.745114841557424 ], [ -60.498124280574018, -31.745119943094529 ], [ -60.498126408556992, -31.745126278747868 ], [ -60.498127754263024, -31.745131934824599 ], [ -60.498128046177179, -31.745137687324149 ], [ -60.498127408955085, -31.745143311424414 ], [ -60.498127321476375, -31.745148725093046 ], [ -60.498126416205778, -31.745154456990942 ], [ -60.498126447472771, -31.745160208502998 ], [ -60.498127134534656, -31.74516573391891 ], [ -60.498129515968039, -31.745172304955066 ], [ -60.498135270413798, -31.745189518495131 ], [ -60.498140056236167, -31.745201860256937 ], [ -60.498142596483078, -31.745207305788306 ], [ -60.498145402132195, -31.745212412375302 ], [ -60.498147795723618, -31.745218534694352 ], [ -60.498151376453535, -31.745224555253099 ], [ -60.498155618272484, -31.745230812008611 ], [ -60.498159481315056, -31.74523570497437 ], [ -60.498162152465426, -31.745241039632067 ], [ -60.498165497812884, -31.745245813425235 ], [ -60.498170811492237, -31.745250962374747 ], [ -60.498175325780679, -31.745256094785777 ], [ -60.498182008124921, -31.745266099500697 ], [ -60.498196792561387, -31.745286471783587 ], [ -60.498201721893629, -31.745291496222244 ], [ -60.498210141609135, -31.745299612780471 ], [ -60.498213484517414, -31.745304281036244 ], [ -60.498216549665749, -31.745309611342599 ], [ -60.498218829272489, -31.74531505588504 ], [ -60.49822017383179, -31.74532093469444 ], [ -60.498223362684655, -31.745326388522827 ], [ -60.498226174587643, -31.745331609056588 ], [ -60.498227394155521, -31.745337036073813 ], [ -60.498229908945717, -31.745343601770411 ], [ -60.49823271249651, -31.745349279433533 ], [ -60.498235365589949, -31.745355625471817 ], [ -60.498238572408837, -31.745367502262226 ], [ -60.49824136591301, -31.745373057563558 ], [ -60.498245511816876, -31.745377625158415 ], [ -60.498248846173659, -31.745382624932141 ], [ -60.498253115578983, -31.745387190438485 ], [ -60.498257243083252, -31.745392092800959 ], [ -60.498262287572025, -31.745397572278165 ], [ -60.498267370633464, -31.745401134526777 ], [ -60.498272551934008, -31.745405940464703 ], [ -60.498279753151778, -31.745415841612232 ], [ -60.498283360314666, -31.745420393655273 ], [ -60.498287775223574, -31.745424505106293 ], [ -60.498291348772796, -31.745430760056465 ], [ -60.498295093084316, -31.745435315174497 ], [ -60.498304713271423, -31.745442658513927 ], [ -60.498308729231844, -31.745446988635614 ], [ -60.498324574921583, -31.745467155693177 ], [ -60.498334191649469, -31.745475167231845 ], [ -60.498337386760419, -31.74548073500597 ], [ -60.498340729681615, -31.745485403258147 ], [ -60.498345250236866, -31.745490649611501 ], [ -60.498385984285534, -31.745534921347872 ], [ -60.498389830444999, -31.745540602954506 ], [ -60.498395052976356, -31.745543722805429 ], [ -60.498411711084437, -31.745555549372405 ], [ -60.498416121252092, -31.745560000750476 ], [ -60.498428270004396, -31.745566480592146 ], [ -60.49843748651157, -31.745574382524715 ], [ -60.498443239849983, -31.745576824483756 ], [ -60.498448994681517, -31.745579720322862 ], [ -60.498454577396075, -31.745584413117328 ], [ -60.498458287906992, -31.745590545527037 ], [ -60.498457253244077, -31.745596842180689 ], [ -60.498470926882163, -31.745613798335874 ], [ -60.498884672964806, -31.745549218448275 ], [ -60.498865174398354, -31.745456982794622 ] ] ] ] } },
{ "type": "Feature", "properties": { "fid": 120, "nombre": "Plazoleta Las Margaritas", "tipo": "PLAZA", "area": 465 }, "geometry": { "type": "MultiPolygon", "coordinates": [ [ [ [ -60.515244841330428, -31.745095081515853 ], [ -60.515133117048563, -31.74520937602442 ], [ -60.514858812190937, -31.745357812635891 ], [ -60.514873677208968, -31.745392652007247 ], [ -60.51538482711922, -31.745214338824283 ], [ -60.515244841330428, -31.745095081515853 ] ] ] ] } },
{ "type": "Feature", "properties": { "fid": 121, "nombre": "PLaza B° Parana XXVI", "tipo": "PLAZA", "area": 2799 }, "geometry": { "type": "MultiPolygon", "coordinates": [ [ [ [ -60.512687409159916, -31.764293216857794 ], [ -60.511915749720337, -31.764418311734357 ], [ -60.511982242110349, -31.764717761283627 ], [ -60.512029013812864, -31.764746387012046 ], [ -60.512721075107677, -31.764636591361196 ], [ -60.512751248951645, -31.76459741131961 ], [ -60.512748222967168, -31.764575075960501 ], [ -60.512687409159916, -31.764293216857794 ] ] ] ] } },
{ "type": "Feature", "properties": { "fid": 122, "nombre": "Plaza Martires de Malvinas", "tipo": "PLAZA", "area": 8116 }, "geometry": { "type": "MultiPolygon", "coordinates": [ [ [ [ -60.512027871028167, -31.761524917426193 ], [ -60.512063863678748, -31.761480403816496 ], [ -60.511856276163186, -31.760507648685856 ], [ -60.511827736751584, -31.760490745658394 ], [ -60.511153600087724, -31.760597389146035 ], [ -60.511129165939487, -31.760628348090457 ], [ -60.511337087382756, -31.761594259058711 ], [ -60.511389203138371, -31.761624969806686 ], [ -60.512027871028167, -31.761524917426193 ] ] ] ] } },
{ "type": "Feature", "properties": { "fid": 123, "nombre": "Plaza Carmelo Cabrera", "tipo": "PARQUE PUBLICO", "area": 13162 }, "geometry": { "type": "MultiPolygon", "coordinates": [ [ [ [ -60.523278342013263, -31.721488209097526 ], [ -60.523375775904078, -31.721495893677076 ], [ -60.523765208763521, -31.72152446093428 ], [ -60.524624711566403, -31.72159220843151 ], [ -60.524654835249834, -31.721311439928417 ], [ -60.524674638916885, -31.721154076995589 ], [ -60.524662324809505, -31.721151963251796 ], [ -60.52463699538508, -31.721146872877057 ], [ -60.524611883562521, -31.721141078164067 ], [ -60.524586999943651, -31.721134588087981 ], [ -60.524562386731084, -31.721127402475165 ], [ -60.524538054526644, -31.721119530300591 ], [ -60.524514035033135, -31.721110980452384 ], [ -60.52449035995339, -31.721101761818819 ], [ -60.524467050490344, -31.721091892349609 ], [ -60.524444138296019, -31.721081371914774 ], [ -60.524421634022787, -31.721070218507542 ], [ -60.524399569373323, -31.721058441016293 ], [ -60.524377965499696, -31.721046048372351 ], [ -60.524356843655511, -31.721033067544131 ], [ -60.52433623544173, -31.721019489383337 ], [ -60.524316162162584, -31.721005349876361 ], [ -60.524296634419535, -31.720990657998275 ], [ -60.524277683965707, -31.720975431655479 ], [ -60.524259321351678, -31.720959670804991 ], [ -60.524241578482687, -31.72094342040802 ], [ -60.524224465858538, -31.720926671403113 ], [ -60.524208004732408, -31.720909450758501 ], [ -60.524185760392584, -31.720884480003132 ], [ -60.524169736565661, -31.720866220435646 ], [ -60.524154448640687, -31.720847488881969 ], [ -60.524139928522708, -31.720828330303334 ], [ -60.524126186812644, -31.72080875367481 ], [ -60.524113244763434, -31.720788785964594 ], [ -60.524101102526956, -31.72076845422761 ], [ -60.524089781305307, -31.720747776413752 ], [ -60.524079312901719, -31.720726779447883 ], [ -60.524069676316273, -31.720705481453251 ], [ -60.524060913953342, -31.720683918329559 ], [ -60.524053015312653, -31.72066209913859 ], [ -60.524038685343072, -31.720667352660815 ], [ -60.524029938420306, -31.720652282742297 ], [ -60.524020475894865, -31.72063754042809 ], [ -60.524010308368204, -31.720623134692936 ], [ -60.523999457144434, -31.720609101522875 ], [ -60.523987943476769, -31.720595467885488 ], [ -60.523975777966598, -31.720582242755651 ], [ -60.523962981917897, -31.720569462119276 ], [ -60.523949587083543, -31.720557143882555 ], [ -60.523935614615233, -31.720545296976791 ], [ -60.523921075317055, -31.720533966449523 ], [ -60.523906011340088, -31.720523143108998 ], [ -60.523890433488333, -31.720512872002747 ], [ -60.523874373362275, -31.720503143982263 ], [ -60.523857862816065, -31.720493994990232 ], [ -60.523840923051871, -31.720485442976226 ], [ -60.523823585670101, -31.7204774787918 ], [ -60.523805872025015, -31.720470147441208 ], [ -60.523787834767163, -31.720463430671135 ], [ -60.523769474099112, -31.720457364554338 ], [ -60.523750853272475, -31.720451939812364 ], [ -60.523731972439094, -31.720447183499779 ], [ -60.523712884350807, -31.720443095399816 ], [ -60.523693620658605, -31.720439675382387 ], [ -60.523669065201133, -31.720438964591761 ], [ -60.523644492648273, -31.720438966322828 ], [ -60.523619934650796, -31.720439680445534 ], [ -60.523595422910191, -31.720441115848207 ], [ -60.523570978425383, -31.720443254407513 ], [ -60.523546632897904, -31.720446105012005 ], [ -60.523522417978555, -31.720449667531653 ], [ -60.523498354716949, -31.720453932861709 ], [ -60.523474474713318, -31.720458891854044 ], [ -60.523450809618481, -31.720464544378842 ], [ -60.523427391032634, -31.720470881287952 ], [ -60.523404229455089, -31.720477893520066 ], [ -60.523381356536795, -31.720485580945375 ], [ -60.523358814377744, -31.720493925354301 ], [ -60.523336602977608, -31.720502926747045 ], [ -60.52331477493631, -31.720512557852555 ], [ -60.523293340854643, -31.720522827645951 ], [ -60.523280739836657, -31.720531457628137 ], [ -60.523268667574612, -31.720540623246389 ], [ -60.523257155196859, -31.720550300867252 ], [ -60.523246232388232, -31.720560465536909 ], [ -60.523231900459422, -31.720572888630631 ], [ -60.523217774406056, -31.720586275850042 ], [ -60.523204337067121, -31.720600183310449 ], [ -60.523191641043056, -31.720614583740989 ], [ -60.523179696732562, -31.720629450043646 ], [ -60.523168525084763, -31.72064475507765 ], [ -60.523158157498109, -31.720660453622038 ], [ -60.523148615023167, -31.720676536572292 ], [ -60.523139908008076, -31.720692967812237 ], [ -60.523132057300941, -31.720709702164438 ], [ -60.523128915657139, -31.720718184857063 ], [ -60.523125502987881, -31.720726590699869 ], [ -60.523121821861068, -31.720734913367348 ], [ -60.523117875046772, -31.720743146596828 ], [ -60.523105765492303, -31.7208131342285 ], [ -60.523105306790747, -31.720844177554291 ], [ -60.52310567086019, -31.720877066282455 ], [ -60.523106889470164, -31.720909942485569 ], [ -60.52310898357063, -31.720942779022327 ], [ -60.523111921511024, -31.72097557602261 ], [ -60.523115724190589, -31.721008297326811 ], [ -60.523120381059776, -31.721040942978203 ], [ -60.523125892018157, -31.721073494940182 ], [ -60.523132246414711, -31.72110593521947 ], [ -60.523139454648962, -31.721138236717998 ], [ -60.523147506171185, -31.721170399478904 ], [ -60.523156400830231, -31.721202396447357 ], [ -60.523166117475228, -31.72123421869151 ], [ -60.523176677106726, -31.721265848088159 ], [ -60.523181735422533, -31.721287309233205 ], [ -60.523187668575083, -31.721308613474342 ], [ -60.523194465811756, -31.721329724781842 ], [ -60.523202116430568, -31.721350616144182 ], [ -60.523210609780165, -31.721371269568063 ], [ -60.523219945709087, -31.721391657998634 ], [ -60.52323010301528, -31.721411763485929 ], [ -60.523241081445967, -31.721431540938521 ], [ -60.523252859900332, -31.721450990442904 ], [ -60.523265417075052, -31.721470076012526 ], [ -60.523278342013263, -31.721488209097526 ] ] ] ] } },
{ "type": "Feature", "properties": { "fid": 124, "nombre": "Plaza Asuncion del Paraguay", "tipo": "PLAZA", "area": 2081 }, "geometry": { "type": "MultiPolygon", "coordinates": [ [ [ [ -60.495878645930809, -31.75740179966764 ], [ -60.496138655700491, -31.758644663233088 ], [ -60.496440094562267, -31.758561822267836 ], [ -60.495878645930809, -31.75740179966764 ] ] ] ] } },
{ "type": "Feature", "properties": { "fid": 125, "nombre": "Espacio verde", "tipo": "ESPACIO VERDE", "area": 4625 }, "geometry": { "type": "MultiPolygon", "coordinates": [ [ [ [ -60.4843944321983, -31.747054118043931 ], [ -60.484283739040599, -31.746521342196182 ], [ -60.483480333261014, -31.746647018969416 ], [ -60.483586295893275, -31.747141661719436 ], [ -60.483638369411935, -31.747172389138289 ], [ -60.4843944321983, -31.747054118043931 ] ] ] ] } },
{ "type": "Feature", "properties": { "fid": 127, "nombre": "Plaza Alberdi", "tipo": "PLAZA", "area": 6680 }, "geometry": { "type": "MultiPolygon", "coordinates": [ [ [ [ -60.525342059907828, -31.733213742142951 ], [ -60.52418655013323, -31.733583643837253 ], [ -60.524432343612503, -31.734046508184942 ], [ -60.525580593612929, -31.733704990569933 ], [ -60.525342059907828, -31.733213742142951 ] ] ] ] } },
{ "type": "Feature", "properties": { "fid": 128, "nombre": "Plaza de los Trabajadores", "tipo": "PLAZA", "area": 2480 }, "geometry": { "type": "MultiPolygon", "coordinates": [ [ [ [ -60.491301291052793, -31.74773727661114 ], [ -60.491361875603275, -31.74801231218467 ], [ -60.491428961014918, -31.748316857699475 ], [ -60.49152026650367, -31.748245674915662 ], [ -60.49189425777687, -31.747951052149265 ], [ -60.491826538474164, -31.747664419762803 ], [ -60.491301291052793, -31.74773727661114 ] ] ] ] } },
{ "type": "Feature", "properties": { "fid": 129, "nombre": "Plaza Gral Juan Valle", "tipo": "PLAZA", "area": 6002 }, "geometry": { "type": "MultiPolygon", "coordinates": [ [ [ [ -60.555189953110201, -31.743667202021214 ], [ -60.55429066666364, -31.743825327734502 ], [ -60.554441666157601, -31.744433976397033 ], [ -60.55534095819668, -31.744275849568858 ], [ -60.555189953110201, -31.743667202021214 ] ] ] ] } },
{ "type": "Feature", "properties": { "fid": 130, "nombre": "Plaza Hernandarias", "tipo": "PLAZA", "area": 879 }, "geometry": { "type": "MultiPolygon", "coordinates": [ [ [ [ -60.540813926937034, -31.730084457010701 ], [ -60.540824327106783, -31.730080156195211 ], [ -60.541014125966186, -31.729999150046623 ], [ -60.541024742406016, -31.729993937437758 ], [ -60.540958008827168, -31.729876972355136 ], [ -60.540893912898255, -31.729761745612638 ], [ -60.540880604998847, -31.729728677471375 ], [ -60.54085135987178, -31.729674916578112 ], [ -60.540848379509264, -31.729672277812234 ], [ -60.540844916608243, -31.729670128087754 ], [ -60.540841066446092, -31.729668521110842 ], [ -60.540836955902321, -31.729667501435141 ], [ -60.540832690753383, -31.729667113703893 ], [ -60.540828418719684, -31.729667357290253 ], [ -60.540824255867257, -31.729668231701776 ], [ -60.540820339207961, -31.729669709301977 ], [ -60.540786566783055, -31.729679421121617 ], [ -60.540717331272539, -31.729705705896322 ], [ -60.540668953913674, -31.729722459887583 ], [ -60.54066484834437, -31.729725931352462 ], [ -60.54066130446396, -31.729729824299955 ], [ -60.540658385267093, -31.729734084352376 ], [ -60.540656143039925, -31.729738630122423 ], [ -60.54065460901802, -31.729743389330171 ], [ -60.540653814332288, -31.729748271659712 ], [ -60.540653779666826, -31.729753204876054 ], [ -60.540654483447547, -31.729758107904821 ], [ -60.540655935650008, -31.729762881501504 ], [ -60.540681482751047, -31.729812175977035 ], [ -60.54070577828297, -31.729858535755152 ], [ -60.540756496620673, -31.729963240753534 ], [ -60.540811168713937, -31.73007828208592 ], [ -60.540813926937034, -31.730084457010701 ] ] ] ] } },
{ "type": "Feature", "properties": { "fid": 131, "nombre": "Plaza B° Parana I", "tipo": "PLAZA", "area": 1489 }, "geometry": { "type": "MultiPolygon", "coordinates": [ [ [ [ -60.509415778070569, -31.764525462631912 ], [ -60.508704018892281, -31.764641681481951 ], [ -60.508751881188701, -31.764869082504134 ], [ -60.509254034562687, -31.764783935996256 ], [ -60.509415778070569, -31.764525462631912 ] ] ] ] } },
{ "type": "Feature", "properties": { "fid": 132, "nombre": "Plaza Dr Chabrillon", "tipo": "PLAZA", "area": 1688 }, "geometry": { "type": "MultiPolygon", "coordinates": [ [ [ [ -60.503172546340721, -31.775420772183871 ], [ -60.503066516814449, -31.775441094564069 ], [ -60.5030241117393, -31.775447349448065 ], [ -60.502857790932907, -31.775473438019976 ], [ -60.502964792853525, -31.775902010251482 ], [ -60.503326255265087, -31.775839870654771 ], [ -60.503233559462991, -31.775452807866767 ], [ -60.503172546340721, -31.775420772183871 ] ] ] ] } },
{ "type": "Feature", "properties": { "fid": 133, "nombre": "Plaza Combatientes  Malvinas", "tipo": "PLAZA", "area": 9694 }, "geometry": { "type": "MultiPolygon", "coordinates": [ [ [ [ -60.52053930683013, -31.723755432899306 ], [ -60.520345043571417, -31.723826476718646 ], [ -60.520290495764193, -31.723827193224281 ], [ -60.520279000159341, -31.723825356591416 ], [ -60.520256261587832, -31.723819927768027 ], [ -60.520219982317904, -31.72380750808442 ], [ -60.52021110622691, -31.723804731067073 ], [ -60.520174585195818, -31.723796434885514 ], [ -60.520148260551068, -31.723792852666818 ], [ -60.520133719667953, -31.723791565270343 ], [ -60.520106984840986, -31.723791541946877 ], [ -60.520087643155101, -31.723788080274339 ], [ -60.520076114598552, -31.723785123877182 ], [ -60.520064205077013, -31.72378232711354 ], [ -60.520049210035388, -31.723777008257862 ], [ -60.520034381398538, -31.723772938116063 ], [ -60.52002264955356, -31.723770359564227 ], [ -60.519982465458305, -31.723760874659732 ], [ -60.519970682101714, -31.723758425810065 ], [ -60.519959111731005, -31.723755648710995 ], [ -60.519950283524906, -31.72375423950264 ], [ -60.51993858897518, -31.723754507609385 ], [ -60.519924882704537, -31.723754227730389 ], [ -60.519919351264811, -31.723753985937275 ], [ -60.519917221107875, -31.723755297239073 ], [ -60.519905208107566, -31.723757572322853 ], [ -60.519895598774461, -31.723758962025535 ], [ -60.519892291514218, -31.723761075530469 ], [ -60.519888514095626, -31.723765096927284 ], [ -60.519879596834066, -31.723777246846154 ], [ -60.519873842637438, -31.723779647464976 ], [ -60.519868334716627, -31.723787948138526 ], [ -60.519862263954209, -31.723800120058687 ], [ -60.519853763126648, -31.723813097267449 ], [ -60.519847713589165, -31.723820480998924 ], [ -60.519841757863993, -31.723831336553232 ], [ -60.519832107947614, -31.723843337520993 ], [ -60.519822599798708, -31.723851853220289 ], [ -60.519813533156722, -31.72386125702414 ], [ -60.519805563475089, -31.723869961520464 ], [ -60.519790897811198, -31.723884489867189 ], [ -60.519784845195602, -31.723891868868929 ], [ -60.519777611988879, -31.72390004515406 ], [ -60.519768839984366, -31.723911050187954 ], [ -60.519758973642489, -31.723925281592631 ], [ -60.519744131159591, -31.72394858888071 ], [ -60.519731386492211, -31.723962094451885 ], [ -60.519722143672979, -31.723982926443387 ], [ -60.519718272958428, -31.723992732878049 ], [ -60.519708615581592, -31.72401319088204 ], [ -60.519699870618147, -31.724033860336998 ], [ -60.519695729357117, -31.724042048974951 ], [ -60.519689670232786, -31.7240615010322 ], [ -60.519687569010607, -31.724071922278796 ], [ -60.519683247887201, -31.724096980776686 ], [ -60.519677430249388, -31.724127897143727 ], [ -60.519674636422245, -31.72415508393776 ], [ -60.519671560286234, -31.724172539904121 ], [ -60.519665736917204, -31.724190704216944 ], [ -60.519655382555548, -31.724218662492682 ], [ -60.519648475533529, -31.72423327214327 ], [ -60.519645116016044, -31.724242098793116 ], [ -60.519640605043449, -31.724251634099193 ], [ -60.51963208122551, -31.724269500275181 ], [ -60.519626886054901, -31.724278681484861 ], [ -60.519620620102089, -31.724288347520616 ], [ -60.51961339368539, -31.724298315490991 ], [ -60.519602902828971, -31.724313592733456 ], [ -60.519593604752636, -31.724328748373448 ], [ -60.519584054042419, -31.724343792189586 ], [ -60.519573012676389, -31.724359708700071 ], [ -60.519561543015882, -31.724373628519956 ], [ -60.519549618534299, -31.724385821417123 ], [ -60.5195372570549, -31.724397212899557 ], [ -60.519525497279503, -31.724406509898323 ], [ -60.519508190431402, -31.724420895355234 ], [ -60.519499240404187, -31.724429355905023 ], [ -60.519484817450703, -31.724438469473551 ], [ -60.51947067093738, -31.724445746223946 ], [ -60.519444575581204, -31.724459927821957 ], [ -60.519407689408965, -31.724477889497049 ], [ -60.519380248412688, -31.724489662153587 ], [ -60.519368042896076, -31.72449634365292 ], [ -60.519355299743481, -31.724505445812614 ], [ -60.519343748331792, -31.724516629147875 ], [ -60.519332009566924, -31.724529057758428 ], [ -60.519321929022517, -31.724541397425508 ], [ -60.519310154662676, -31.724550810204711 ], [ -60.519296461187217, -31.724558837981252 ], [ -60.519270590712466, -31.724570848512688 ], [ -60.519244709995888, -31.724579018142666 ], [ -60.519238007111468, -31.724582164074103 ], [ -60.51922349191134, -31.724591517974833 ], [ -60.519209539597234, -31.724602366575247 ], [ -60.519182727711218, -31.724621270104077 ], [ -60.519170763959998, -31.724630159025232 ], [ -60.519157576747688, -31.724642315793734 ], [ -60.519150431234372, -31.724649557989455 ], [ -60.519142969995634, -31.724657674586759 ], [ -60.519130822191805, -31.724669653174878 ], [ -60.519123093789574, -31.72467861659031 ], [ -60.519117675158313, -31.724687915647859 ], [ -60.519111852976749, -31.724699871164269 ], [ -60.519109458956855, -31.724708272661811 ], [ -60.519108583726286, -31.724721437922366 ], [ -60.519109549499255, -31.724725878332197 ], [ -60.519113781426846, -31.724730731966371 ], [ -60.519125685947763, -31.724740930029551 ], [ -60.519134791863337, -31.724755659159161 ], [ -60.519138932024362, -31.724769316186716 ], [ -60.519142699335546, -31.724792683824781 ], [ -60.519135694598695, -31.724811637537886 ], [ -60.519132453624287, -31.724828106654861 ], [ -60.51912821796433, -31.724847119982492 ], [ -60.519139409039312, -31.72492307170792 ], [ -60.52081145004307, -31.72429909194322 ], [ -60.52053930683013, -31.723755432899306 ] ] ] ] } },
{ "type": "Feature", "properties": { "fid": 134, "nombre": "Plaza Vecinal Lagos del Sur", "tipo": "PLAZA", "area": 1882 }, "geometry": { "type": "MultiPolygon", "coordinates": [ [ [ [ -60.512553311959991, -31.767549332830086 ], [ -60.512914318266581, -31.767492759056147 ], [ -60.513185967403757, -31.767158198598349 ], [ -60.513160268358888, -31.767124116298831 ], [ -60.512528795326858, -31.767223076186372 ], [ -60.512492825431849, -31.767267612670551 ], [ -60.512553311959991, -31.767549332830086 ] ] ] ] } },
{ "type": "Feature", "properties": { "fid": 135, "nombre": "Plaza 19 de Abril de 1987", "tipo": "PLAZA", "area": 3111 }, "geometry": { "type": "MultiPolygon", "coordinates": [ [ [ [ -60.541553151688284, -31.747363773620147 ], [ -60.542190175613342, -31.747039703660668 ], [ -60.541940546136566, -31.746722091983447 ], [ -60.541241124587614, -31.747126869729637 ], [ -60.54123948579776, -31.747159018208425 ], [ -60.541518049015082, -31.747361794461721 ], [ -60.541553151688284, -31.747363773620147 ] ] ] ] } },
{ "type": "Feature", "properties": { "fid": 136, "nombre": "PLaza Independencia", "tipo": "PLAZA", "area": 3192 }, "geometry": { "type": "MultiPolygon", "coordinates": [ [ [ [ -60.513657465492749, -31.761868343315591 ], [ -60.513988517663677, -31.761816720937819 ], [ -60.513891058735943, -31.761433247378495 ], [ -60.513882678751791, -31.761399038388824 ], [ -60.51317500728446, -31.761510174713894 ], [ -60.513297223226985, -31.761926241361028 ], [ -60.513657465492749, -31.761868343315591 ] ] ] ] } },
{ "type": "Feature", "properties": { "fid": 137, "nombre": "Reserva", "tipo": "RESERVA MUNICIPAL SIN ESCRITUR", "area": 1188 }, "geometry": { "type": "MultiPolygon", "coordinates": [ [ [ [ -60.532639767962351, -31.758956087507851 ], [ -60.53259239020565, -31.758734294726114 ], [ -60.532345577224312, -31.758772783024007 ], [ -60.532392954414789, -31.758994575902459 ], [ -60.532440331838906, -31.759216368753066 ], [ -60.532687145952707, -31.759177880261802 ], [ -60.532639767962351, -31.758956087507851 ] ] ] ] } },
{ "type": "Feature", "properties": { "fid": 138, "nombre": "Plaza San Pedro", "tipo": "PLAZA", "area": 946 }, "geometry": { "type": "MultiPolygon", "coordinates": [ [ [ [ -60.527284412537725, -31.767632619293426 ], [ -60.526903038072597, -31.768081850368446 ], [ -60.527360698347934, -31.768015254382231 ], [ -60.527284412537725, -31.767632619293426 ] ] ] ] } },
{ "type": "Feature", "properties": { "fid": 139, "nombre": "PLaza San Agustin", "tipo": "PLAZA", "area": 8180 }, "geometry": { "type": "MultiPolygon", "coordinates": [ [ [ [ -60.548023309939616, -31.733453348969633 ], [ -60.548030083185623, -31.733453139478609 ], [ -60.548036767557228, -31.733452172823942 ], [ -60.548043236378568, -31.733450440531893 ], [ -60.548049384449314, -31.733447997165317 ], [ -60.548055095857826, -31.733444870277847 ], [ -60.548427635055155, -31.733318741798339 ], [ -60.54843686423127, -31.733314490494358 ], [ -60.548445635745026, -31.733309573797584 ], [ -60.548453886603852, -31.733304046089586 ], [ -60.548461553655905, -31.733297934697429 ], [ -60.54846858446065, -31.733291293957102 ], [ -60.548474937023123, -31.733284160123212 ], [ -60.548480548404221, -31.733276596595395 ], [ -60.548485387214001, -31.733268648600855 ], [ -60.548489661089505, -31.733259738068639 ], [ -60.548492621932702, -31.733251843247313 ], [ -60.548494593876221, -31.733244457711812 ], [ -60.548493701718485, -31.733238103580554 ], [ -60.548424189270243, -31.732887848542095 ], [ -60.548369211686079, -31.732626082569013 ], [ -60.548325349585035, -31.73249576601966 ], [ -60.548253548717916, -31.732270966621755 ], [ -60.548250037008678, -31.732265949460047 ], [ -60.548249312872436, -31.73226124497031 ], [ -60.548247588587792, -31.732255137912276 ], [ -60.548245126743403, -31.732249214394681 ], [ -60.548241938369067, -31.732243555535636 ], [ -60.548238065937383, -31.732238206244475 ], [ -60.548233541581503, -31.732233247548422 ], [ -60.548228439376203, -31.732228715202467 ], [ -60.548222801953202, -31.732224681170312 ], [ -60.548216703387119, -31.732221181206874 ], [ -60.548210196595917, -31.732218242139815 ], [ -60.548203355760251, -31.732215917760271 ], [ -60.548196275951874, -31.732214225696147 ], [ -60.547929480506987, -31.732209105106179 ], [ -60.54792352433649, -31.732208282981265 ], [ -60.547917498072096, -31.732208101463755 ], [ -60.54791149683858, -31.732208587200017 ], [ -60.547905604890531, -31.732209712772473 ], [ -60.547899938243859, -31.732211468664193 ], [ -60.547894570548401, -31.732213818485008 ], [ -60.547889596610531, -31.73221673477217 ], [ -60.547885089973967, -31.73222016309925 ], [ -60.547881145285913, -31.732224048949011 ], [ -60.547592457449063, -31.732432938199786 ], [ -60.547587348972556, -31.732438100634756 ], [ -60.547582897198005, -31.73244368411299 ], [ -60.547579154619108, -31.732449643317061 ], [ -60.547576152413903, -31.732455896947453 ], [ -60.547573942970097, -31.732462381650418 ], [ -60.547572525916479, -31.732469034298756 ], [ -60.547571932431268, -31.732475773592938 ], [ -60.547572162090283, -31.732482527387635 ], [ -60.547573225074139, -31.732489232510257 ], [ -60.547575089197352, -31.732495798915117 ], [ -60.547752257150698, -31.733033715655775 ], [ -60.547768317663312, -31.733069621026445 ], [ -60.547785510047952, -31.733105999505376 ], [ -60.547803502741516, -31.733142094971623 ], [ -60.547822285086845, -31.733177889433907 ], [ -60.547841846479677, -31.733213373918986 ], [ -60.547862197419541, -31.733248539363068 ], [ -60.54788331675028, -31.733283376838266 ], [ -60.547905193761451, -31.733317859335028 ], [ -60.547927839058552, -31.733351995825796 ], [ -60.547951220774237, -31.733385750373596 ], [ -60.547963925033223, -31.733405382918711 ], [ -60.547977597257081, -31.733424533325792 ], [ -60.547992205631267, -31.733443174676076 ], [ -60.54799767073235, -31.733446605225453 ], [ -60.548003627897096, -31.733449375315871 ], [ -60.548009960842407, -31.733451449373675 ], [ -60.548016563783918, -31.733452782761645 ], [ -60.548023309939616, -31.733453348969633 ] ] ] ] } },
{ "type": "Feature", "properties": { "fid": 140, "nombre": "PLaza Juan B Justo", "tipo": "PLAZA", "area": 5934 }, "geometry": { "type": "MultiPolygon", "coordinates": [ [ [ [ -60.533987198979396, -31.747175403181572 ], [ -60.533636887515769, -31.748132985833657 ], [ -60.533648216019152, -31.748183902322779 ], [ -60.533709249800523, -31.748259781038886 ], [ -60.533766686140737, -31.7482852776076 ], [ -60.53393545430248, -31.748254116894469 ], [ -60.533986607368696, -31.748218417818418 ], [ -60.534433876027414, -31.747300937440855 ], [ -60.534444529154037, -31.747245946708762 ], [ -60.5344277624488, -31.746847040232744 ], [ -60.53436689969579, -31.746825150107348 ], [ -60.534015894019021, -31.747128407738831 ], [ -60.533987198979396, -31.747175403181572 ] ] ] ] } },
{ "type": "Feature", "properties": { "fid": 141, "nombre": "Reserva", "tipo": "RESERVA MUNICIPAL SIN ESCRITUR", "area": 373 }, "geometry": { "type": "MultiPolygon", "coordinates": [ [ [ [ -60.505892749968744, -31.762842854271405 ], [ -60.506108269719746, -31.762808602617728 ], [ -60.506072821429051, -31.762649389247464 ], [ -60.505915287605255, -31.762674401469177 ], [ -60.505858160164046, -31.762683471750723 ], [ -60.505892749968744, -31.762842854271405 ] ] ] ] } },
{ "type": "Feature", "properties": { "fid": 142, "nombre": "Plaza Primera Junta", "tipo": "PLAZA", "area": 1304 }, "geometry": { "type": "MultiPolygon", "coordinates": [ [ [ [ -60.49715796589458, -31.734128878986116 ], [ -60.49681224746918, -31.734181298410025 ], [ -60.496799682138949, -31.734197571543817 ], [ -60.496865299847478, -31.734480990468093 ], [ -60.496898327621714, -31.734500585014757 ], [ -60.496919381267574, -31.734496967708306 ], [ -60.49701798246511, -31.73448321793197 ], [ -60.497228984540889, -31.734449297305027 ], [ -60.49724062577382, -31.734433875467303 ], [ -60.497176228718274, -31.734136193842133 ], [ -60.49715796589458, -31.734128878986116 ] ] ] ] } },
{ "type": "Feature", "properties": { "fid": 143, "nombre": "Plaza De Los Inmigrantes", "tipo": "PLAZA", "area": 1419 }, "geometry": { "type": "MultiPolygon", "coordinates": [ [ [ [ -60.521247522632024, -31.771563197936128 ], [ -60.52130938350988, -31.771323292195866 ], [ -60.520903454423696, -31.771113024525448 ], [ -60.520879271768514, -31.771116645755491 ], [ -60.520925311588343, -31.771305828464946 ], [ -60.520961942109373, -31.771456346742234 ], [ -60.521009499331981, -31.77165176309914 ], [ -60.521219491404473, -31.771618381084863 ], [ -60.521208811869514, -31.771569351747697 ], [ -60.521247522632024, -31.771563197936128 ] ] ] ] } },
{ "type": "Feature", "properties": { "fid": 144, "nombre": "Espacio verde", "tipo": "RESERVA MUNICIPAL SIN ESCRITUR", "area": 158 }, "geometry": { "type": "MultiPolygon", "coordinates": [ [ [ [ -60.51435158638396, -31.758424842608015 ], [ -60.514363342184929, -31.758486553413501 ], [ -60.514528047694775, -31.758535981523238 ], [ -60.514500191333553, -31.758401939204663 ], [ -60.514425095804874, -31.758413513157016 ], [ -60.51435158638396, -31.758424842608015 ] ] ] ] } },
{ "type": "Feature", "properties": { "fid": 145, "nombre": "Reserva", "tipo": "ESPACIO VERDE", "area": 3549 }, "geometry": { "type": "MultiPolygon", "coordinates": [ [ [ [ -60.48994586583219, -31.744002469591447 ], [ -60.489514613320189, -31.744068752877034 ], [ -60.489478494805383, -31.744113155467634 ], [ -60.48959659140872, -31.744674260865082 ], [ -60.489648551908331, -31.744705125931659 ], [ -60.490079807261608, -31.744638842170584 ], [ -60.490115925687682, -31.744594439414051 ], [ -60.48999782606748, -31.744033334521472 ], [ -60.48994586583219, -31.744002469591447 ] ] ] ] } },
{ "type": "Feature", "properties": { "fid": 146, "nombre": "PLaza Leonforte", "tipo": "PLAZA", "area": 2945 }, "geometry": { "type": "MultiPolygon", "coordinates": [ [ [ [ -60.518232125320708, -31.753541768802862 ], [ -60.517579969499458, -31.753639842332724 ], [ -60.517694679594889, -31.754183086744963 ], [ -60.517866935236405, -31.754157264875879 ], [ -60.518308110582815, -31.753670419350726 ], [ -60.518286093198235, -31.753571694348643 ], [ -60.518232125320708, -31.753541768802862 ] ] ] ] } },
{ "type": "Feature", "properties": { "fid": 147, "nombre": "Barrio El Morro", "tipo": "ESPACIO VERDE", "area": 2907 }, "geometry": { "type": "MultiPolygon", "coordinates": [ [ [ [ -60.513293132745382, -31.719460348010138 ], [ -60.513741902605133, -31.719402678448784 ], [ -60.513767224858434, -31.719373011242592 ], [ -60.513640358803812, -31.718814896459772 ], [ -60.513177977883544, -31.718909273968258 ], [ -60.513293132745382, -31.719460348010138 ] ] ] ] } },
{ "type": "Feature", "properties": { "fid": 148, "nombre": "Presidente Nestor Carlos Kirchner", "tipo": "PLAZA", "area": 9189 }, "geometry": { "type": "MultiPolygon", "coordinates": [ [ [ [ -60.501288044992769, -31.791893468905702 ], [ -60.501491664232709, -31.792795546740297 ], [ -60.501544099150394, -31.792825854184944 ], [ -60.502322933913852, -31.792697606695409 ], [ -60.502358418239531, -31.79265282195869 ], [ -60.502154790933666, -31.791750745573623 ], [ -60.502102356432125, -31.791720438371019 ], [ -60.501323529519766, -31.791848684449704 ], [ -60.501288044992769, -31.791893468905702 ] ] ] ] } },
{ "type": "Feature", "properties": { "fid": 149, "nombre": "Espacio Verde V° Los aromos", "tipo": "ESPACIO VERDE", "area": 227 }, "geometry": { "type": "MultiPolygon", "coordinates": [ [ [ [ -60.515278065883045, -31.758865711935091 ], [ -60.515404263314693, -31.758761385243091 ], [ -60.515400269669783, -31.758741745498874 ], [ -60.515348779077485, -31.758707673607816 ], [ -60.515142021852704, -31.758749483045481 ], [ -60.515278065883045, -31.758865711935091 ] ] ] ] } },
{ "type": "Feature", "properties": { "fid": 150, "nombre": "PLaza España", "tipo": "PLAZA", "area": 5156 }, "geometry": { "type": "MultiPolygon", "coordinates": [ [ [ [ -60.513643049364262, -31.753568636592156 ], [ -60.512535284909433, -31.753741253801845 ], [ -60.513824977940345, -31.75442628034207 ], [ -60.513643049364262, -31.753568636592156 ] ] ] ] } },
{ "type": "Feature", "properties": { "fid": 151, "nombre": "Plaza Loteo Alloati", "tipo": "PLAZA", "area": 1430 }, "geometry": { "type": "MultiPolygon", "coordinates": [ [ [ [ -60.552122067710719, -31.721252174972467 ], [ -60.552266586012522, -31.721208449998265 ], [ -60.552580374837923, -31.721096199860987 ], [ -60.552552438792048, -31.720909847235475 ], [ -60.552086259720042, -31.720901730243266 ], [ -60.552071737874392, -31.721226798683901 ], [ -60.552122067710719, -31.721252174972467 ] ] ] ] } },
{ "type": "Feature", "properties": { "fid": 152, "nombre": "Plaza La Alborada", "tipo": "PLAZA", "area": 963 }, "geometry": { "type": "MultiPolygon", "coordinates": [ [ [ [ -60.485172459332766, -31.751636407139767 ], [ -60.485491949270717, -31.751589655451827 ], [ -60.48543376834143, -31.751308984592058 ], [ -60.485152611745313, -31.751352824874253 ], [ -60.485116514881589, -31.751358625874122 ], [ -60.485172459332766, -31.751636407139767 ] ] ] ] } },
{ "type": "Feature", "properties": { "fid": 153, "nombre": "Plaza", "tipo": "PLAZA", "area": 8856 }, "geometry": { "type": "MultiPolygon", "coordinates": [ [ [ [ -60.4765467800935, -31.732052639549348 ], [ -60.476977977116498, -31.731984730322324 ], [ -60.477397735209685, -31.731918621118531 ], [ -60.477199520778527, -31.730959484286057 ], [ -60.476779766850868, -31.731025592805878 ], [ -60.476348574107071, -31.731093501330296 ], [ -60.4765467800935, -31.732052639549348 ] ] ] ] } },
{ "type": "Feature", "properties": { "fid": 154, "nombre": "Plaza", "tipo": "PLAZA", "area": 2840 }, "geometry": { "type": "MultiPolygon", "coordinates": [ [ [ [ -60.484623655746361, -31.724072628284596 ], [ -60.485789091786884, -31.723884004788925 ], [ -60.485824723606655, -31.72383932030624 ], [ -60.485794311113324, -31.72370204283531 ], [ -60.485753612260446, -31.72367102066961 ], [ -60.484576878988527, -31.723861472618587 ], [ -60.484546346135581, -31.72389976173675 ], [ -60.484576631580346, -31.724047126230246 ], [ -60.484623655746361, -31.724072628284596 ] ] ] ] } },
{ "type": "Feature", "properties": { "fid": 155, "nombre": "Plaza", "tipo": "PLAZA", "area": 3690 }, "geometry": { "type": "MultiPolygon", "coordinates": [ [ [ [ -60.528386691094973, -31.775222500977026 ], [ -60.52849405533609, -31.775223151089463 ], [ -60.528680490732611, -31.77522427977884 ], [ -60.528758723987231, -31.774741262801971 ], [ -60.527903962934317, -31.774839236017357 ], [ -60.527867544023145, -31.774881951096326 ], [ -60.527938894708775, -31.775219928810063 ], [ -60.528064609973434, -31.775220604914548 ], [ -60.528171968418505, -31.775221227889595 ], [ -60.528279326860456, -31.775221850774113 ], [ -60.528386691094973, -31.775222500977026 ] ] ] ] } },
{ "type": "Feature", "properties": { "fid": 156, "nombre": "Plaza Facundo Arce", "tipo": "PLAZA", "area": 317 }, "geometry": { "type": "MultiPolygon", "coordinates": [ [ [ [ -60.529365364285539, -31.755005098118794 ], [ -60.529387851485765, -31.755122448875781 ], [ -60.529404769744289, -31.75520382887861 ], [ -60.529422020583972, -31.755201001279875 ], [ -60.529673943303656, -31.755162924746976 ], [ -60.529387435746088, -31.755001180447206 ], [ -60.529361516650553, -31.754985018981291 ], [ -60.529365364285539, -31.755005098118794 ] ] ] ] } },
{ "type": "Feature", "properties": { "fid": 157, "nombre": "Plaza La Verdiana", "tipo": "PLAZA", "area": 626 }, "geometry": { "type": "MultiPolygon", "coordinates": [ [ [ [ -60.529917157325947, -31.764498111866999 ], [ -60.529940545725623, -31.764584635980832 ], [ -60.529974414090461, -31.764598599806892 ], [ -60.530459776773256, -31.764530357756179 ], [ -60.53043751968864, -31.764416485343187 ], [ -60.530436241429996, -31.764410754984883 ], [ -60.530311257289426, -31.764432151372141 ], [ -60.529917157325947, -31.764498111866999 ] ] ] ] } },
{ "type": "Feature", "properties": { "fid": 158, "nombre": "Espacio verde", "tipo": "RESERVA MUNICIPAL SIN ESCRITUR", "area": 1625 }, "geometry": { "type": "MultiPolygon", "coordinates": [ [ [ [ -60.497211321474644, -31.77850086270384 ], [ -60.497192907731481, -31.77841444458592 ], [ -60.497172698027342, -31.778319597591331 ], [ -60.497326543097699, -31.77830085659788 ], [ -60.497309509378958, -31.778220915416263 ], [ -60.49715663188239, -31.778244175778379 ], [ -60.497143625119911, -31.778183132992705 ], [ -60.497045780817835, -31.77819948215188 ], [ -60.496801700323189, -31.778236118083274 ], [ -60.496880243590901, -31.778604739071831 ], [ -60.496932330737394, -31.778635530365136 ], [ -60.497230149400082, -31.778589224457768 ], [ -60.497211321474644, -31.77850086270384 ] ] ] ] } },
{ "type": "Feature", "properties": { "fid": 159, "nombre": "Espacio Verde V° Los Aromos", "tipo": "ESPACIO VERDE", "area": 203 }, "geometry": { "type": "MultiPolygon", "coordinates": [ [ [ [ -60.514202242796259, -31.758428664820354 ], [ -60.514174118469739, -31.758284464096029 ], [ -60.513913919490804, -31.758325059572204 ], [ -60.514202242796259, -31.758428664820354 ] ] ] ] } },
{ "type": "Feature", "properties": { "fid": 160, "nombre": "Plaza De Las Artes", "tipo": "PLAZA", "area": 2306 }, "geometry": { "type": "MultiPolygon", "coordinates": [ [ [ [ -60.48800788992051, -31.750208279737301 ], [ -60.488323752774804, -31.750160011541233 ], [ -60.488344881228038, -31.750133714041269 ], [ -60.488342075771776, -31.750113974469365 ], [ -60.488358000470605, -31.750111694906966 ], [ -60.488250496599179, -31.749596848867903 ], [ -60.488232757108442, -31.749599207517466 ], [ -60.488226592931369, -31.749580986885555 ], [ -60.488198051561135, -31.749562256775107 ], [ -60.487881718341818, -31.74961102246553 ], [ -60.487889252399754, -31.749644947945953 ], [ -60.48800788992051, -31.750208279737301 ] ] ] ] } },
{ "type": "Feature", "properties": { "fid": 161, "nombre": "Plaza 9 de Julio", "tipo": "PLAZA", "area": 1395 }, "geometry": { "type": "MultiPolygon", "coordinates": [ [ [ [ -60.495846496318819, -31.738015167390664 ], [ -60.495842812855415, -31.737996928196569 ], [ -60.495827503657239, -31.737921107465525 ], [ -60.495810576704983, -31.737837274451643 ], [ -60.495794563101661, -31.737757964774524 ], [ -60.495779004701042, -31.737680909417371 ], [ -60.495762247178369, -31.737597915074073 ], [ -60.495450952367356, -31.737645128597954 ], [ -60.495537535485667, -31.738059134525589 ], [ -60.495846496318819, -31.738015167390664 ] ] ] ] } },
{ "type": "Feature", "properties": { "fid": 162, "nombre": "Plaza 2 de abril", "tipo": "PLAZA", "area": 4181 }, "geometry": { "type": "MultiPolygon", "coordinates": [ [ [ [ -60.540624657969282, -31.738780640364467 ], [ -60.540835208856144, -31.738951745859026 ], [ -60.540653026147147, -31.739115327944109 ], [ -60.540390180403584, -31.738901417140482 ], [ -60.540395862450652, -31.738980376154046 ], [ -60.540588695588006, -31.739138510463537 ], [ -60.540549913255781, -31.739173212512647 ], [ -60.540613912785552, -31.739227629655449 ], [ -60.54052635426735, -31.739309525601737 ], [ -60.54026431927749, -31.739098073799791 ], [ -60.540196423504177, -31.73909800489497 ], [ -60.540833230010293, -31.739613170578487 ], [ -60.540871233127454, -31.739600287779471 ], [ -60.541246712054814, -31.73924357872162 ], [ -60.541236303254884, -31.739220852213514 ], [ -60.540917370788073, -31.738953716490894 ], [ -60.540937726558028, -31.738933466097144 ], [ -60.540896540962805, -31.738899795567011 ], [ -60.541032089797731, -31.738775580263038 ], [ -60.54094604055814, -31.73870507756482 ], [ -60.541014922616547, -31.738652529779017 ], [ -60.541055301279108, -31.738688865321905 ], [ -60.54122212310979, -31.738512125608015 ], [ -60.541148872777839, -31.738509505037065 ], [ -60.540725514911493, -31.738728690392673 ], [ -60.540624657969282, -31.738780640364467 ] ] ] ] } },
{ "type": "Feature", "properties": { "fid": 163, "nombre": "Plaza Juan M de Rozas", "tipo": "PLAZA", "area": 1355 }, "geometry": { "type": "MultiPolygon", "coordinates": [ [ [ [ -60.491971068179453, -31.745257946820757 ], [ -60.491974833094361, -31.745275570108799 ], [ -60.491986448511447, -31.7452827941088 ], [ -60.49248507202222, -31.74520517646819 ], [ -60.49250013469657, -31.745185764731108 ], [ -60.492096310451153, -31.74494945502267 ], [ -60.492031072283694, -31.744874276885984 ], [ -60.49190669847993, -31.744894056463426 ], [ -60.491895956713023, -31.744906353957909 ], [ -60.4918970827298, -31.744911624975618 ], [ -60.491971068179453, -31.745257946820757 ] ] ] ] } },
{ "type": "Feature", "properties": { "fid": 164, "nombre": "Plaza B° Parana V", "tipo": "PLAZA", "area": 4059 }, "geometry": { "type": "MultiPolygon", "coordinates": [ [ [ [ -60.510217442367178, -31.756516191125311 ], [ -60.51018317451733, -31.756364687441057 ], [ -60.510179723698535, -31.756351458938337 ], [ -60.510435872673831, -31.7563082629764 ], [ -60.510594888390301, -31.756115543104436 ], [ -60.510544895978875, -31.755883853561613 ], [ -60.510315922800629, -31.755751280667827 ], [ -60.51005794504097, -31.755791769168223 ], [ -60.509901399193346, -31.75600000816825 ], [ -60.509956776159555, -31.756251525895525 ], [ -60.509939617038491, -31.756253984448971 ], [ -60.509675476717874, -31.756289239125181 ], [ -60.510101919524381, -31.756535321770698 ], [ -60.510217442367178, -31.756516191125311 ] ] ] ] } },
{ "type": "Feature", "properties": { "fid": 165, "nombre": "Plaza Unidad", "tipo": "PLAZA", "area": 4632 }, "geometry": { "type": "MultiPolygon", "coordinates": [ [ [ [ -60.483600766350619, -31.771159995332162 ], [ -60.482859980667754, -31.771234036303955 ], [ -60.482822212766202, -31.77127761235716 ], [ -60.48291995063537, -31.77173684462694 ], [ -60.482977549873787, -31.771771791571442 ], [ -60.483715166250711, -31.771658700748915 ], [ -60.483752079526035, -31.771611874507574 ], [ -60.483665375529661, -31.771208297931921 ], [ -60.483600766350619, -31.771159995332162 ] ] ] ] } },
{ "type": "Feature", "properties": { "fid": 166, "nombre": "Plaza Saenz Peña", "tipo": "PLAZA", "area": 19823 }, "geometry": { "type": "MultiPolygon", "coordinates": [ [ [ [ -60.527678478564923, -31.739298663351029 ], [ -60.52646095248982, -31.739908003874433 ], [ -60.526447610937979, -31.739956036892291 ], [ -60.526452463520421, -31.739958276659024 ], [ -60.526455328825087, -31.739962290837472 ], [ -60.5267911029459, -31.740449249833791 ], [ -60.526815718050003, -31.740485663592768 ], [ -60.526817703658743, -31.740487819801164 ], [ -60.527155296504041, -31.740977413044234 ], [ -60.527156972383693, -31.74098371365551 ], [ -60.527155840936089, -31.740988881800057 ], [ -60.527209139481336, -31.741002946466686 ], [ -60.527782571302218, -31.740718540478081 ], [ -60.527824968820518, -31.740697297899892 ], [ -60.528433724070986, -31.74039544539491 ], [ -60.528447442642523, -31.740352650306612 ], [ -60.528109756446909, -31.739857496900822 ], [ -60.528058775901883, -31.739785037863733 ], [ -60.527741746926345, -31.739321731982724 ], [ -60.527738039748769, -31.739318976608033 ], [ -60.527736088802463, -31.739313521443552 ], [ -60.527737571153438, -31.739309258786015 ], [ -60.527678478564923, -31.739298663351029 ] ] ] ] } },
{ "type": "Feature", "properties": { "fid": 167, "nombre": "Plaza 1° de Mayo", "tipo": "PLAZA", "area": 8380 }, "geometry": { "type": "MultiPolygon", "coordinates": [ [ [ [ -60.529668580893187, -31.733569527866088 ], [ -60.530365382016555, -31.733300731479304 ], [ -60.530381530128508, -31.7332661237736 ], [ -60.53001497138105, -31.732476788079051 ], [ -60.52997226304484, -31.732463077313671 ], [ -60.529209130419268, -31.732704794136563 ], [ -60.529191912505368, -31.73275545891314 ], [ -60.529601242414067, -31.733537106931127 ], [ -60.529615819245947, -31.733561973246704 ], [ -60.529668580893187, -31.733569527866088 ] ] ] ] } },
{ "type": "Feature", "properties": { "fid": 168, "nombre": "Parque Gazzano", "tipo": "PARQUE PUBLICO", "area": 73486 }, "geometry": { "type": "MultiPolygon", "coordinates": [ [ [ [ -60.503187428782788, -31.767504496597553 ], [ -60.50328589191345, -31.767488006424955 ], [ -60.503390777530008, -31.767470601352262 ], [ -60.503493893820199, -31.76745382848063 ], [ -60.503597831734886, -31.767436921873283 ], [ -60.503702455054146, -31.767419903685912 ], [ -60.503838265357523, -31.767397812439288 ], [ -60.503986369737561, -31.767370852400077 ], [ -60.503984180319542, -31.767361431150025 ], [ -60.503995703854379, -31.767359705595393 ], [ -60.503922477750876, -31.767009766831816 ], [ -60.502904947142696, -31.767178013632279 ], [ -60.502851073531083, -31.766938964877106 ], [ -60.503872327349264, -31.766770102470613 ], [ -60.503836979773858, -31.766601178729193 ], [ -60.503793701871295, -31.766394355590556 ], [ -60.503737563140689, -31.766126069685541 ], [ -60.503695789243253, -31.765926431976418 ], [ -60.503669160531587, -31.765931019402032 ], [ -60.503532195342444, -31.76595583925608 ], [ -60.502463278010261, -31.766149535321702 ], [ -60.501846951684286, -31.766247974803321 ], [ -60.501020220424834, -31.766380015104925 ], [ -60.501016191601472, -31.766380658549139 ], [ -60.501073283745967, -31.766616769703887 ], [ -60.500968780986511, -31.766633749635947 ], [ -60.500866596756694, -31.766650352757399 ], [ -60.500761101340537, -31.766667493795712 ], [ -60.500658028445926, -31.766684241129099 ], [ -60.500557010326006, -31.76670065451507 ], [ -60.500453967034105, -31.766717396861871 ], [ -60.500350587054569, -31.766734193823609 ], [ -60.500096141915968, -31.76677553515221 ], [ -60.499567314802725, -31.766861455334119 ], [ -60.499876562893064, -31.768320071903176 ], [ -60.500578946301999, -31.768210532807007 ], [ -60.500601441970225, -31.768326184532253 ], [ -60.500326489125477, -31.768369070761562 ], [ -60.500343448529684, -31.768448580325341 ], [ -60.500617015928306, -31.76840625110739 ], [ -60.500634278018623, -31.768494996292585 ], [ -60.500636716060235, -31.768507530360047 ], [ -60.500953795928318, -31.768456161583853 ], [ -60.501567325292584, -31.768356763873019 ], [ -60.502379546018474, -31.768225171369185 ], [ -60.502707409377777, -31.76817205078968 ], [ -60.502591033911663, -31.767602864793783 ], [ -60.502739268767321, -31.767578833754278 ], [ -60.502873260475027, -31.767557111578686 ], [ -60.502976848335628, -31.767539763411218 ], [ -60.503071426752534, -31.76752392400304 ], [ -60.503187428782788, -31.767504496597553 ] ] ] ] } },
{ "type": "Feature", "properties": { "fid": 169, "nombre": "PLaza La Amistad", "tipo": "PLAZA", "area": 500 }, "geometry": { "type": "MultiPolygon", "coordinates": [ [ [ [ -60.502574382411069, -31.740346896502544 ], [ -60.502495415181883, -31.740151544294068 ], [ -60.502429905186375, -31.740128580151865 ], [ -60.502303484021851, -31.740156521540648 ], [ -60.502352880488793, -31.74038493471723 ], [ -60.502574382411069, -31.740346896502544 ] ] ] ] } },
{ "type": "Feature", "properties": { "fid": 170, "nombre": "Plaza Loteo Dragan", "tipo": "PLAZA", "area": 7483 }, "geometry": { "type": "MultiPolygon", "coordinates": [ [ [ [ -60.5581269331892, -31.717866109810167 ], [ -60.557120798564533, -31.718080717406405 ], [ -60.556994986719999, -31.718501420401928 ], [ -60.557105498167232, -31.718699669335749 ], [ -60.55829613451305, -31.718445708491551 ], [ -60.5581269331892, -31.717866109810167 ] ] ] ] } },
{ "type": "Feature", "properties": { "fid": 171, "nombre": "Plaza Dr. Guillermo Mors", "tipo": "PLAZA", "area": 1929 }, "geometry": { "type": "MultiPolygon", "coordinates": [ [ [ [ -60.493898391118783, -31.720531205850879 ], [ -60.493842341451732, -31.720267157564354 ], [ -60.493787052762784, -31.720006692671266 ], [ -60.493731812513147, -31.720033664481704 ], [ -60.493672695807106, -31.720070387890523 ], [ -60.493618627771426, -31.720112409902594 ], [ -60.493570263233138, -31.720159221588002 ], [ -60.493528187946531, -31.72021025600823 ], [ -60.493492911499018, -31.720264895081907 ], [ -60.493464861139174, -31.7203224770705 ], [ -60.493444376601701, -31.720382304592221 ], [ -60.493431705992322, -31.720443653068124 ], [ -60.493427002782369, -31.720505779497191 ], [ -60.493430323949191, -31.720567931455165 ], [ -60.493480438848458, -31.720603576801413 ], [ -60.493898391118783, -31.720531205850879 ] ] ] ] } },
{ "type": "Feature", "properties": { "fid": 172, "nombre": "Plaza B° ASSVER", "tipo": "PLAZA", "area": 1220 }, "geometry": { "type": "MultiPolygon", "coordinates": [ [ [ [ -60.5154691263226, -31.776063746475451 ], [ -60.514960724360513, -31.77581124426127 ], [ -60.514897924487698, -31.775826191162608 ], [ -60.514811239539306, -31.775949691556232 ], [ -60.515360057144107, -31.776223636585904 ], [ -60.5154691263226, -31.776063746475451 ] ] ] ] } },
{ "type": "Feature", "properties": { "fid": 173, "nombre": "Plaza Filiberto Reula", "tipo": "PLAZA", "area": 7427 }, "geometry": { "type": "MultiPolygon", "coordinates": [ [ [ [ -60.496598454188522, -31.768473592422712 ], [ -60.496390093353213, -31.768502623078124 ], [ -60.495444633318982, -31.768661618545803 ], [ -60.495482675492219, -31.768871301390305 ], [ -60.495550338507186, -31.769221248875365 ], [ -60.496771586742753, -31.769034834645485 ], [ -60.496691219449367, -31.768680635480035 ], [ -60.496654655351719, -31.768513144370353 ], [ -60.496598454188522, -31.768473592422712 ] ] ] ] } },
{ "type": "Feature", "properties": { "fid": 174, "nombre": "Plaza Francisco Ramirez", "tipo": "PLAZA", "area": 6976 }, "geometry": { "type": "MultiPolygon", "coordinates": [ [ [ [ -60.514789039924352, -31.738178833143621 ], [ -60.514785568160463, -31.738178847166935 ], [ -60.514782194959864, -31.738179510117789 ], [ -60.514779078459952, -31.738180794302217 ], [ -60.514503939965834, -31.738219394884549 ], [ -60.514206887780318, -31.738262637589948 ], [ -60.51442288903776, -31.739274190936975 ], [ -60.514425305112539, -31.739277914807047 ], [ -60.514428425968738, -31.739281230003705 ], [ -60.514432145681639, -31.739284064807126 ], [ -60.51443635822681, -31.739286329461144 ], [ -60.514440957679454, -31.739287952245981 ], [ -60.514445817258746, -31.739288906618174 ], [ -60.514450788978969, -31.739289148082904 ], [ -60.515059961824235, -31.739205215257989 ], [ -60.515063834175535, -31.739205118442321 ], [ -60.515067597307954, -31.739204354705407 ], [ -60.515071093032411, -31.739202942723537 ], [ -60.515074184564412, -31.739200955196768 ], [ -60.515076735119528, -31.739198464825332 ], [ -60.515078639770728, -31.739195580254229 ], [ -60.515079814845954, -31.739192437097774 ], [ -60.515080208181196, -31.739189143787879 ], [ -60.515079810172182, -31.739185871713094 ], [ -60.514801993930732, -31.738187519660656 ], [ -60.514800459660655, -31.738184865426305 ], [ -60.514798273132349, -31.738182574563048 ], [ -60.514795550971662, -31.738180745802524 ], [ -60.514792420356933, -31.738179477833278 ], [ -60.514789039924352, -31.738178833143621 ] ] ] ] } },
{ "type": "Feature", "properties": { "fid": 175, "nombre": "PLaza De Los Colonizadores", "tipo": "PLAZA", "area": 2227 }, "geometry": { "type": "MultiPolygon", "coordinates": [ [ [ [ -60.519566298909687, -31.768180940610581 ], [ -60.51954013149885, -31.768298371242729 ], [ -60.519538009887967, -31.768307892313434 ], [ -60.51950237967273, -31.768444882111016 ], [ -60.519455419966661, -31.768625430517947 ], [ -60.519918758421795, -31.768553225628207 ], [ -60.519851072565956, -31.76821826138087 ], [ -60.519782943230837, -31.76788109985749 ], [ -60.519632241773103, -31.767902469596457 ], [ -60.51960898261639, -31.767989389707605 ], [ -60.519587459456261, -31.768085978904072 ], [ -60.519566298909687, -31.768180940610581 ] ] ] ] } },
{ "type": "Feature", "properties": { "fid": 176, "nombre": "PLaza F Barroetaveña", "tipo": "PLAZA", "area": 708 }, "geometry": { "type": "MultiPolygon", "coordinates": [ [ [ [ -60.5048399379613, -31.738166644494292 ], [ -60.505047340674693, -31.73813914243301 ], [ -60.504988972686974, -31.737858873817064 ], [ -60.504938293716982, -31.73782877272372 ], [ -60.504769244557806, -31.737851050508656 ], [ -60.5048399379613, -31.738166644494292 ] ] ] ] } },
{ "type": "Feature", "properties": { "fid": 177, "nombre": "Plaza B° Nueva Ciudad", "tipo": "PLAZA", "area": 2852 }, "geometry": { "type": "MultiPolygon", "coordinates": [ [ [ [ -60.486542568724097, -31.724160085131029 ], [ -60.486420531052502, -31.723609244547628 ], [ -60.486368252549177, -31.723578788855136 ], [ -60.48600811187999, -31.723637079996788 ], [ -60.485972480224973, -31.723681764530475 ], [ -60.486025404451304, -31.723920654259107 ], [ -60.486084699940548, -31.724188301098003 ], [ -60.486094515353265, -31.724232605562214 ], [ -60.486542568724097, -31.724160085131029 ] ] ] ] } },
{ "type": "Feature", "properties": { "fid": 178, "nombre": "Espacio verde", "tipo": "RESERVA MUNICIPAL", "area": 3829 }, "geometry": { "type": "MultiPolygon", "coordinates": [ [ [ [ -60.510431144143233, -31.770700340408677 ], [ -60.51040749482592, -31.770688769724558 ], [ -60.510353937164226, -31.770656108960168 ], [ -60.510304367473424, -31.770624158397311 ], [ -60.510250186588507, -31.77029913756186 ], [ -60.510119963879035, -31.770320869065703 ], [ -60.509787573723798, -31.770374164097486 ], [ -60.509753055015651, -31.770417782571343 ], [ -60.509928651018534, -31.771199725531165 ], [ -60.509987069477361, -31.771213278087711 ], [ -60.510146340634833, -31.771055686936965 ], [ -60.510431144143233, -31.770700340408677 ] ] ] ] } },
{ "type": "Feature", "properties": { "fid": 179, "nombre": "Plaza Puerto Argentino", "tipo": "PLAZA", "area": 5097 }, "geometry": { "type": "MultiPolygon", "coordinates": [ [ [ [ -60.487180552029997, -31.74278788936277 ], [ -60.487148223949916, -31.742638036557278 ], [ -60.487143112094827, -31.742611045918125 ], [ -60.485872290409759, -31.742806179942825 ], [ -60.485836120429951, -31.742850583664666 ], [ -60.48589614748299, -31.743137682210104 ], [ -60.485948003644786, -31.743168308205938 ], [ -60.487218102836032, -31.742965724393347 ], [ -60.487213615955142, -31.742941202417324 ], [ -60.487180552029997, -31.74278788936277 ] ] ] ] } },
{ "type": "Feature", "properties": { "fid": 180, "nombre": "Plazoleta", "tipo": "ESPACIO VERDE", "area": 205 }, "geometry": { "type": "MultiPolygon", "coordinates": [ [ [ [ -60.511458555514842, -31.725989403758049 ], [ -60.511410320500111, -31.725994013424991 ], [ -60.511406099752435, -31.725961748480717 ], [ -60.51123783460212, -31.72597782889903 ], [ -60.511141855752086, -31.725987001106809 ], [ -60.511187128585043, -31.726054363392628 ], [ -60.511463596987163, -31.726027942438982 ], [ -60.511458555514842, -31.725989403758049 ] ] ] ] } },
{ "type": "Feature", "properties": { "fid": 181, "nombre": "Plaza Loteo Bioquimicos", "tipo": "PLAZA", "area": 7469 }, "geometry": { "type": "MultiPolygon", "coordinates": [ [ [ [ -60.558697409109747, -31.70888486025493 ], [ -60.558694075575652, -31.70884106501213 ], [ -60.557794636093995, -31.708519424995011 ], [ -60.557312812108179, -31.708222446442374 ], [ -60.556833869188722, -31.708448304878431 ], [ -60.557250099298265, -31.708762111609108 ], [ -60.558003538836815, -31.709202752527723 ], [ -60.558054969531916, -31.709204376781464 ], [ -60.558697409109747, -31.70888486025493 ] ] ] ] } },
{ "type": "Feature", "properties": { "fid": 182, "nombre": "Thompson", "tipo": "PARQUE PUBLICO", "area": 151850 }, "geometry": { "type": "MultiPolygon", "coordinates": [ [ [ [ -60.50614484069721, -31.712911551329849 ], [ -60.506420913298577, -31.71490371181304 ], [ -60.506685377014009, -31.716524666610706 ], [ -60.507875532602974, -31.716609449030074 ], [ -60.508065871696708, -31.716643388456067 ], [ -60.50813166888598, -31.716663472907889 ], [ -60.50850641115796, -31.716883402341246 ], [ -60.508604369344106, -31.71692831777359 ], [ -60.508672109243086, -31.716962434861241 ], [ -60.508740236491029, -31.716995991222994 ], [ -60.509512992079614, -31.717327390473546 ], [ -60.509544481664413, -31.717340305296712 ], [ -60.509576263158806, -31.717352578635666 ], [ -60.509608368360638, -31.717364237418309 ], [ -60.50964077607042, -31.717375263692393 ], [ -60.509673465187376, -31.717385657542 ], [ -60.5097064251608, -31.717395419009101 ], [ -60.509739634791146, -31.717404530141369 ], [ -60.509773083527648, -31.71741299098078 ], [ -60.509806739719288, -31.717420801653752 ], [ -60.509840603316036, -31.717427953141836 ], [ -60.509874642666851, -31.717434445571513 ], [ -60.509936835529452, -31.717445731422412 ], [ -60.509998966438964, -31.717457260988716 ], [ -60.510924923469361, -31.717633092772051 ], [ -60.512928566715814, -31.718038185011867 ], [ -60.512930933149853, -31.718037520038791 ], [ -60.512987992489883, -31.718046877857617 ], [ -60.512788931858616, -31.717151234274493 ], [ -60.512765663999829, -31.717059782357705 ], [ -60.512664458083954, -31.716897475120096 ], [ -60.507472617833656, -31.713478180659266 ], [ -60.506437676413533, -31.71309664058996 ], [ -60.506304894517385, -31.713013156722187 ], [ -60.50614484069721, -31.712911551329849 ] ], [ [ -60.510790033462953, -31.716594210389442 ], [ -60.510864704705419, -31.716615245372285 ], [ -60.510950432210542, -31.716639394852255 ], [ -60.511012702325957, -31.716656933942964 ], [ -60.511028715938124, -31.716661444354081 ], [ -60.511065788949338, -31.71667309599324 ], [ -60.511136433717091, -31.71669348520534 ], [ -60.511159267062467, -31.716728007680949 ], [ -60.511243561943573, -31.71675042372528 ], [ -60.511327856864519, -31.71677283971335 ], [ -60.51138719248155, -31.716788618399548 ], [ -60.511424881944009, -31.716798640865143 ], [ -60.511453378130035, -31.716805602418358 ], [ -60.511563558904356, -31.716832381670809 ], [ -60.511580485787668, -31.716836471028145 ], [ -60.511642536142801, -31.716847027467061 ], [ -60.511694893174557, -31.716855934784803 ], [ -60.511866988361795, -31.71689052290122 ], [ -60.511972512981217, -31.716913150422883 ], [ -60.512073447160866, -31.716930313594293 ], [ -60.512118106088309, -31.716937907513863 ], [ -60.512175716656166, -31.716948732554126 ], [ -60.512262584913984, -31.716963378397868 ], [ -60.512288098060552, -31.716967679859767 ], [ -60.51234314350981, -31.716976114168467 ], [ -60.512376181480654, -31.716979627229861 ], [ -60.512465027677358, -31.716989074562317 ], [ -60.512535503156101, -31.717003544073506 ], [ -60.512501368773897, -31.717152784969244 ], [ -60.5124274651346, -31.717139827902585 ], [ -60.512349642507736, -31.717126183693782 ], [ -60.512236755935895, -31.717106391826519 ], [ -60.512152512406011, -31.717091621737129 ], [ -60.512048880437732, -31.717075400225173 ], [ -60.511939932833833, -31.717058346559593 ], [ -60.511819961708383, -31.717039567257121 ], [ -60.511813740047288, -31.717060752482347 ], [ -60.511677140038337, -31.717029346566051 ], [ -60.511561499987707, -31.717001677645296 ], [ -60.511436871428444, -31.716976322112853 ], [ -60.511350247526856, -31.71695869850274 ], [ -60.511318593406479, -31.716950472871936 ], [ -60.511281202844636, -31.716936295933554 ], [ -60.511259356975756, -31.716928012885969 ], [ -60.511199338985435, -31.716915604002445 ], [ -60.511118805033256, -31.716898953338003 ], [ -60.511117418791116, -31.716903642435703 ], [ -60.511107430758592, -31.716924009607432 ], [ -60.510996311350183, -31.716907438463444 ], [ -60.51096220666976, -31.71688552677961 ], [ -60.510907020869361, -31.716862928985734 ], [ -60.510819456999435, -31.716831044653226 ], [ -60.510789253372955, -31.716838224876877 ], [ -60.51070071385206, -31.716841482508517 ], [ -60.510637739262258, -31.716816511649743 ], [ -60.510646700323157, -31.71678877496138 ], [ -60.510575887572926, -31.716774772429144 ], [ -60.510555768721325, -31.71677911730713 ], [ -60.510549360391472, -31.71678050125275 ], [ -60.510492074611911, -31.716780129055593 ], [ -60.510435214927007, -31.716783170906972 ], [ -60.510385227500471, -31.716769185946653 ], [ -60.51038973380404, -31.71675327255511 ], [ -60.510315965681933, -31.71675289437195 ], [ -60.510284933864945, -31.716707007142418 ], [ -60.510277791022908, -31.716696444903405 ], [ -60.510217146788357, -31.716678808620273 ], [ -60.510176579128803, -31.716677463996824 ], [ -60.510182183856422, -31.716837645671511 ], [ -60.509932811636261, -31.716875159227818 ], [ -60.510009953355436, -31.716668982724805 ], [ -60.510109632326163, -31.716675245002822 ], [ -60.510111638728823, -31.71661811279786 ], [ -60.51011204423201, -31.716576563192646 ], [ -60.510119688814726, -31.716506405165802 ], [ -60.510157265372442, -31.716473021836357 ], [ -60.510243543948711, -31.716482398456385 ], [ -60.510313143761152, -31.716489963186525 ], [ -60.510377005426108, -31.716496936984022 ], [ -60.510459417373283, -31.716507193909649 ], [ -60.51056075697263, -31.716522550276188 ], [ -60.510636503465534, -31.716540520728465 ], [ -60.510717463286795, -31.716559727957556 ], [ -60.510716272381821, -31.716573431747676 ], [ -60.510790033462953, -31.716594210389442 ] ] ] ] } },
{ "type": "Feature", "properties": { "fid": 183, "nombre": "PLAZA Y POLIDEPORTIVO", "tipo": "PLAZA", "area": 3658 }, "geometry": { "type": "MultiPolygon", "coordinates": [ [ [ [ -60.492233005568636, -31.744671937492715 ], [ -60.492266929801644, -31.744828077809427 ], [ -60.492642198282184, -31.745048841407893 ], [ -60.492689516593551, -31.745041488373669 ], [ -60.492641717442183, -31.744822535794064 ], [ -60.492989759444491, -31.74476844941622 ], [ -60.492937925711473, -31.744524997283101 ], [ -60.492887566673012, -31.744288470189655 ], [ -60.492609384567231, -31.744332590241044 ], [ -60.492570114169396, -31.74428452957541 ], [ -60.492418543503931, -31.744307995082515 ], [ -60.492422917519114, -31.744328864837776 ], [ -60.492361573120689, -31.744338253715622 ], [ -60.492424483670689, -31.744639608693081 ], [ -60.492233005568636, -31.744671937492715 ] ] ] ] } },
{ "type": "Feature", "properties": { "fid": 184, "nombre": "Mujeres Entrerrianas", "tipo": "PLAZA", "area": 25930 }, "geometry": { "type": "MultiPolygon", "coordinates": [ [ [ [ -60.509620448365133, -31.748295828165784 ], [ -60.508809532961237, -31.748675342275117 ], [ -60.508791443517033, -31.748727197226934 ], [ -60.50907394966984, -31.749179600319355 ], [ -60.50934479895561, -31.750311976416036 ], [ -60.509396629400364, -31.750343063011652 ], [ -60.509965874279892, -31.750271944709777 ], [ -60.510935311522189, -31.749632039100579 ], [ -60.510941983153366, -31.749578230455736 ], [ -60.509682704079943, -31.748305718445 ], [ -60.509620448365133, -31.748295828165784 ] ] ] ] } },
{ "type": "Feature", "properties": { "fid": 185, "nombre": "Reserva", "tipo": "RESERVA MUNICIPAL", "area": 1444 }, "geometry": { "type": "MultiPolygon", "coordinates": [ [ [ [ -60.515216520613095, -31.763497584650111 ], [ -60.51537358871537, -31.763473014535855 ], [ -60.515312234034653, -31.763089133966055 ], [ -60.515016641985817, -31.763133967579872 ], [ -60.514910215772062, -31.76315010948591 ], [ -60.514823215613532, -31.763164086987175 ], [ -60.514881806316374, -31.763231272475103 ], [ -60.514955998783556, -31.763310265199145 ], [ -60.515030354464109, -31.763389431515751 ], [ -60.515216520613095, -31.763497584650111 ] ] ] ] } },
{ "type": "Feature", "properties": { "fid": 186, "nombre": "Plaza", "tipo": "RESERVA MUNICIPAL SIN ESCRITUR", "area": 3003 }, "geometry": { "type": "MultiPolygon", "coordinates": [ [ [ [ -60.517079309552358, -31.773184323110581 ], [ -60.517103323448694, -31.773141489378208 ], [ -60.51698562367087, -31.772548496851407 ], [ -60.516162335923639, -31.772678082180182 ], [ -60.516158520597806, -31.772694402843243 ], [ -60.517079309552358, -31.773184323110581 ] ] ] ] } },
{ "type": "Feature", "properties": { "fid": 187, "nombre": "Plaza Vecinal Jadines del Sur", "tipo": "PLAZA", "area": 2701 }, "geometry": { "type": "MultiPolygon", "coordinates": [ [ [ [ -60.509287790847424, -31.77115460897792 ], [ -60.508984082023865, -31.771202903856928 ], [ -60.509140533736421, -31.7718834075941 ], [ -60.509510194694855, -31.771731050162661 ], [ -60.509374495365762, -31.771140821339976 ], [ -60.509287790847424, -31.77115460897792 ] ] ] ] } },
{ "type": "Feature", "properties": { "fid": 188, "nombre": "PLaza Friuli", "tipo": "PLAZA", "area": 1093 }, "geometry": { "type": "MultiPolygon", "coordinates": [ [ [ [ -60.54660181177411, -31.742437332519884 ], [ -60.546852683904731, -31.742401566158321 ], [ -60.546854832460674, -31.742397281079391 ], [ -60.546857200844357, -31.74239085884361 ], [ -60.546858808412381, -31.742384268523274 ], [ -60.546859634430021, -31.742377573336018 ], [ -60.546859679268437, -31.742370836409158 ], [ -60.54685893306381, -31.742364175023862 ], [ -60.546794030956832, -31.742076757969887 ], [ -60.54679179913758, -31.742070499767181 ], [ -60.546788829890083, -31.742064461169747 ], [ -60.546785144744064, -31.742058714232254 ], [ -60.546780775782061, -31.742053330964115 ], [ -60.54677579713902, -31.742048356139048 ], [ -60.546770240844424, -31.742043852748346 ], [ -60.546764159874527, -31.742039856638129 ], [ -60.546757638917036, -31.742036412536962 ], [ -60.546750741553879, -31.74203356526386 ], [ -60.546743531261107, -31.742031341601642 ], [ -60.546736092620279, -31.742029768242524 ], [ -60.546553558966934, -31.742051960874459 ], [ -60.546547272362396, -31.74205427850659 ], [ -60.546541326891415, -31.7420571808705 ], [ -60.546535806870899, -31.7420606495679 ], [ -60.546530785800094, -31.742064621154999 ], [ -60.546526305625633, -31.742069050359884 ], [ -60.546522450452699, -31.742073882711669 ], [ -60.546519262174982, -31.742079063920421 ], [ -60.546516761421742, -31.742084512732252 ], [ -60.546515011139448, -31.742090165748511 ], [ -60.546599396107425, -31.742431925347404 ], [ -60.54660181177411, -31.742437332519884 ] ] ] ] } },
{ "type": "Feature", "properties": { "fid": 189, "nombre": "Plaza Gral M Belgrano", "tipo": "PLAZA", "area": 2505 }, "geometry": { "type": "MultiPolygon", "coordinates": [ [ [ [ -60.51854053467617, -31.744419242241474 ], [ -60.519020586439446, -31.744267519340962 ], [ -60.518774143060156, -31.743748729181171 ], [ -60.518427652540893, -31.743928099391262 ], [ -60.51854053467617, -31.744419242241474 ] ] ] ] } },
{ "type": "Feature", "properties": { "fid": 190, "nombre": "Plazoleta Irigoyen", "tipo": "PLAZA", "area": 130 }, "geometry": { "type": "MultiPolygon", "coordinates": [ [ [ [ -60.52400912616384, -31.735853846078104 ], [ -60.524076981419725, -31.735929366816254 ], [ -60.524251131561293, -31.735759767496262 ], [ -60.52400912616384, -31.735853846078104 ] ] ] ] } },
{ "type": "Feature", "properties": { "fid": 191, "nombre": "Plaza La Delfina", "tipo": "PLAZA", "area": 3229 }, "geometry": { "type": "MultiPolygon", "coordinates": [ [ [ [ -60.50283865184182, -31.727986587800249 ], [ -60.502945024353998, -31.728451943230379 ], [ -60.503030507338075, -31.728511344022969 ], [ -60.503356019568287, -31.728459609907574 ], [ -60.503447991157849, -31.7284442903692 ], [ -60.503484835735904, -31.72821605436323 ], [ -60.503415354532279, -31.727892251341263 ], [ -60.503127049002487, -31.727940060024199 ], [ -60.50283865184182, -31.727986587800249 ] ] ] ] } },
{ "type": "Feature", "properties": { "fid": 192, "nombre": "Plaza Villa Lola", "tipo": "PLAZA", "area": 584 }, "geometry": { "type": "MultiPolygon", "coordinates": [ [ [ [ -60.48251546777928, -31.761046888362003 ], [ -60.482740746621175, -31.761012739715124 ], [ -60.48269146670394, -31.760773937636642 ], [ -60.482465200321009, -31.760808227948718 ], [ -60.48251546777928, -31.761046888362003 ] ] ] ] } },
{ "type": "Feature", "properties": { "fid": 193, "nombre": "Plaza Gonzalez Pecotche", "tipo": "PLAZA", "area": 446 }, "geometry": { "type": "MultiPolygon", "coordinates": [ [ [ [ -60.499227303470605, -31.735486000022611 ], [ -60.499337812442505, -31.73546905437523 ], [ -60.499256422078737, -31.735099220907184 ], [ -60.49914468857893, -31.73511714359713 ], [ -60.499162176081931, -31.735195221520307 ], [ -60.499227303470605, -31.735486000022611 ] ] ] ] } },
{ "type": "Feature", "properties": { "fid": 194, "nombre": "Espacio verde", "tipo": "RESERVA MUNICIPAL SIN ESCRITUR", "area": 1571 }, "geometry": { "type": "MultiPolygon", "coordinates": [ [ [ [ -60.485748956500842, -31.780305412314622 ], [ -60.485899803339613, -31.78028382916165 ], [ -60.485936209312698, -31.780239851167696 ], [ -60.485796482290681, -31.779560172695888 ], [ -60.485744591819419, -31.779528827177089 ], [ -60.485594442092264, -31.779550307026287 ], [ -60.485748956500842, -31.780305412314622 ] ] ] ] } },
{ "type": "Feature", "properties": { "fid": 195, "nombre": "Reserva", "tipo": "RESERVA MUNICIPAL SIN ESCRITUR", "area": 1538 }, "geometry": { "type": "MultiPolygon", "coordinates": [ [ [ [ -60.518545635174746, -31.762994862980541 ], [ -60.518547789199985, -31.762973093133958 ], [ -60.518548893722837, -31.762952298663713 ], [ -60.518578533912311, -31.762904217386545 ], [ -60.519104961524725, -31.762114871709279 ], [ -60.518933677422318, -31.762143180909103 ], [ -60.518877344616762, -31.762154165304597 ], [ -60.518860497395771, -31.762222935713687 ], [ -60.518810917356689, -31.762292795134204 ], [ -60.51877453704887, -31.762371588847177 ], [ -60.518753823481759, -31.762430095610558 ], [ -60.518706810523241, -31.762488709456601 ], [ -60.5186519202231, -31.762549602372221 ], [ -60.518573172435893, -31.762576887143929 ], [ -60.518505082177001, -31.762628845664892 ], [ -60.51846604648302, -31.762703156064219 ], [ -60.518461099789086, -31.762759351593179 ], [ -60.518471995405122, -31.762826717725059 ], [ -60.518474897211576, -31.762888919439529 ], [ -60.518492560380572, -31.762963282893402 ], [ -60.518545635174746, -31.762994862980541 ] ] ] ] } },
{ "type": "Feature", "properties": { "fid": 196, "nombre": "PARQUE \"LAS PIEDRAS\"", "tipo": "PARQUE PUBLICO", "area": 65391 }, "geometry": { "type": "MultiPolygon", "coordinates": [ [ [ [ -60.564666902331076, -31.764829620508522 ], [ -60.564706168926215, -31.764980084940085 ], [ -60.565425250861622, -31.767735420737196 ], [ -60.567303119775509, -31.769409123264762 ], [ -60.567680246919572, -31.769352796011731 ], [ -60.567865977720658, -31.769318290582426 ], [ -60.56786172988491, -31.769317403428527 ], [ -60.567814504167899, -31.769293481434065 ], [ -60.567710588026955, -31.769237635400966 ], [ -60.567635017194583, -31.769197751318433 ], [ -60.567512368178292, -31.769158076949576 ], [ -60.567446016748626, -31.769085974977056 ], [ -60.567379616330278, -31.769005829011405 ], [ -60.567285263649268, -31.768974072551604 ], [ -60.56722827907307, -31.768893884569682 ], [ -60.567190027676325, -31.768797524795584 ], [ -60.567114261149214, -31.768725464565716 ], [ -60.567019810721398, -31.76867761998869 ], [ -60.566962973723442, -31.768621563752358 ], [ -60.566887452758273, -31.768589723170599 ], [ -60.566840374792186, -31.768589932678431 ], [ -60.566793542027867, -31.768630361958099 ], [ -60.566755928675207, -31.768638573496041 ], [ -60.566671090229576, -31.768622862594626 ], [ -60.5666234729621, -31.768534588483302 ], [ -60.566623031732462, -31.768462192859221 ], [ -60.566603808381252, -31.768397924958357 ], [ -60.566660007655351, -31.768349409903131 ], [ -60.566611753230518, -31.76815656432019 ], [ -60.566724053357071, -31.768043446260808 ], [ -60.566826790558345, -31.767906238125939 ], [ -60.56676980704357, -31.767826049913303 ], [ -60.566703457150837, -31.767753947521122 ], [ -60.566712480405471, -31.767689553959421 ], [ -60.566768237872402, -31.767568643224092 ], [ -60.566833459715703, -31.767455734525424 ], [ -60.566898485213869, -31.767310649955917 ], [ -60.566954340321566, -31.767205827056351 ], [ -60.567047955192692, -31.767116924402732 ], [ -60.56700970474251, -31.767020564536956 ], [ -60.567065608615749, -31.76692378554695 ], [ -60.567121316112242, -31.766794830693637 ], [ -60.567148630060622, -31.766641869699889 ], [ -60.567138478668141, -31.766521252220873 ], [ -60.567081152326566, -31.766384756401923 ], [ -60.567061880052982, -31.766312444587602 ], [ -60.566976406014547, -31.766192162372477 ], [ -60.566891275507615, -31.766128187821344 ], [ -60.566871954395246, -31.766047832012077 ], [ -60.566758136813355, -31.765911587411278 ], [ -60.56670125266168, -31.765847487050909 ], [ -60.566625341887978, -31.765751294579559 ], [ -60.566539966962743, -31.765647099972298 ], [ -60.566435663651866, -31.765526901113489 ], [ -60.566416343065413, -31.765446545221526 ], [ -60.566378289975027, -31.765382360975355 ], [ -60.566311942156815, -31.765310258327812 ], [ -60.566255107671545, -31.765254201717148 ], [ -60.566254764759698, -31.765197893976989 ], [ -60.566273203349994, -31.765133458567043 ], [ -60.566272076612492, -31.764948447416014 ], [ -60.566215144409021, -31.764876302854816 ], [ -60.566158261272605, -31.764812202229873 ], [ -60.566120355550325, -31.764772149786108 ], [ -60.566006491685705, -31.764627860491522 ], [ -60.565993478637175, -31.76461961211167 ], [ -60.564666902331076, -31.764829620508522 ] ] ] ] } },
{ "type": "Feature", "properties": { "fid": 197, "nombre": "Reserva", "tipo": "ESPACIO VERDE", "area": 2110 }, "geometry": { "type": "MultiPolygon", "coordinates": [ [ [ [ -60.511898815983507, -31.781425807040236 ], [ -60.511805103053675, -31.781010873261351 ], [ -60.511701346986072, -31.781027410959449 ], [ -60.511597561662768, -31.781043953245319 ], [ -60.511493776459247, -31.781060495421766 ], [ -60.511285901901374, -31.781093627981246 ], [ -60.511516853636863, -31.78151020435147 ], [ -60.511898815983507, -31.781425807040236 ] ] ] ] } },
{ "type": "Feature", "properties": { "fid": 198, "nombre": "PLaza Alemania", "tipo": "PLAZA", "area": 5217 }, "geometry": { "type": "MultiPolygon", "coordinates": [ [ [ [ -60.494362969833738, -31.763703722643093 ], [ -60.494471130265339, -31.763687206817636 ], [ -60.494570514599026, -31.763672028299716 ], [ -60.494691131217706, -31.763653615986225 ], [ -60.494614503435336, -31.763280264497475 ], [ -60.494611398247407, -31.763266692661411 ], [ -60.494609017076627, -31.763257907113946 ], [ -60.494606356692778, -31.763249180240908 ], [ -60.494603419070266, -31.763240518518401 ], [ -60.494600206389045, -31.7632319283741 ], [ -60.494596721033332, -31.763223416182736 ], [ -60.494592965589604, -31.763214988260891 ], [ -60.494588942844793, -31.763206650862923 ], [ -60.494584655784195, -31.763198410175871 ], [ -60.494580107589179, -31.763190272314958 ], [ -60.494575301635017, -31.763182243319179 ], [ -60.494570241488177, -31.763174329146732 ], [ -60.494564930903763, -31.763166535670575 ], [ -60.494559373822717, -31.763158868674097 ], [ -60.494553574368929, -31.763151333846864 ], [ -60.494547536846135, -31.763143936780335 ], [ -60.494541265734675, -31.763136682963697 ], [ -60.494534765688364, -31.763129577779946 ], [ -60.494528041530764, -31.763122626501673 ], [ -60.494521098251781, -31.763115834287341 ], [ -60.49451394100398, -31.763109206177191 ], [ -60.494506575098647, -31.76310274708997 ], [ -60.494499006001945, -31.76309646181879 ], [ -60.494491239330799, -31.763090355027806 ], [ -60.494483280848684, -31.763084431248785 ], [ -60.49447513646151, -31.763078694877617 ], [ -60.494466812213112, -31.763073150171255 ], [ -60.494458314280799, -31.763067801244166 ], [ -60.494449648970679, -31.763062652065781 ], [ -60.494440822713216, -31.763057706457158 ], [ -60.494431842058169, -31.76305296808837 ], [ -60.494422713669913, -31.763048440475654 ], [ -60.494413444322497, -31.763044126978922 ], [ -60.49440404089453, -31.76304003079899 ], [ -60.494394510364103, -31.763036154975577 ], [ -60.49438485980366, -31.763032502384981 ], [ -60.494375096374689, -31.76302907573762 ], [ -60.494365227322412, -31.763025877576357 ], [ -60.494355259970497, -31.763022910274469 ], [ -60.494345201715504, -31.763020176033972 ], [ -60.494335060021463, -31.763017676883845 ], [ -60.494324842414322, -31.763015414678694 ], [ -60.494314556476347, -31.763013391097246 ], [ -60.494304209840529, -31.763011607641111 ], [ -60.494293810184864, -31.763010065633789 ], [ -60.494283365226764, -31.763008766219606 ], [ -60.494272882717155, -31.763007710362771 ], [ -60.494262370434924, -31.763006898846871 ], [ -60.494251836181036, -31.763006332274067 ], [ -60.494241287772702, -31.763006011064832 ], [ -60.494230733037668, -31.763005935457507 ], [ -60.49422017980838, -31.763006105508222 ], [ -60.494209635916164, -31.763006521090748 ], [ -60.494199109185431, -31.763007181896761 ], [ -60.494188607427866, -31.763008087435811 ], [ -60.494178138436567, -31.763009237036066 ], [ -60.494167709980339, -31.763010629844121 ], [ -60.494157329797964, -31.763012264826727 ], [ -60.49414700559236, -31.763014140770473 ], [ -60.494136745024839, -31.763016256283244 ], [ -60.494126555709627, -31.763018609795214 ], [ -60.494116445207972, -31.763021199559841 ], [ -60.494106421022686, -31.763024023655312 ], [ -60.494096490592526, -31.763027079985996 ], [ -60.494086661286659, -31.763030366283797 ], [ -60.494076940399196, -31.763033880109997 ], [ -60.494067335143825, -31.763037618857108 ], [ -60.494057852648481, -31.763041579750677 ], [ -60.494048499949884, -31.763045759851398 ], [ -60.494039283988513, -31.7630501560573 ], [ -60.494030211603381, -31.76305476510602 ], [ -60.494021289526977, -31.763059583577359 ], [ -60.494012524380125, -31.763064607895547 ], [ -60.494003922667382, -31.763069834332164 ], [ -60.493995490771887, -31.763075259008762 ], [ -60.493987234950836, -31.763080877899839 ], [ -60.493979161330756, -31.763086686835667 ], [ -60.493971275902943, -31.763092681505576 ], [ -60.493963584519058, -31.763098857461035 ], [ -60.493956092886798, -31.76310521011899 ], [ -60.493948806565555, -31.76311173476525 ], [ -60.493941730962419, -31.763118426558002 ], [ -60.493934871328172, -31.763125280531391 ], [ -60.493928232753206, -31.763132291599145 ], [ -60.493921820163962, -31.76313945455858 ], [ -60.493915638319145, -31.763146764094152 ], [ -60.493909691806309, -31.763154214781579 ], [ -60.493903985038209, -31.763161801091858 ], [ -60.493898522249886, -31.763169517395276 ], [ -60.493893307495199, -31.763177357965738 ], [ -60.493888344644034, -31.763185316984863 ], [ -60.493883637379213, -31.763193388546409 ], [ -60.493879189194068, -31.763201566660669 ], [ -60.49387500338959, -31.763209845258725 ], [ -60.493871083072044, -31.76321821819711 ], [ -60.493867431150662, -31.763226679262562 ], [ -60.493864050335638, -31.763235222176142 ], [ -60.493860943135836, -31.763243840598321 ], [ -60.493858111857158, -31.763252528133503 ], [ -60.49385555860075, -31.763261278334785 ], [ -60.493853285261402, -31.763270084708793 ], [ -60.493851293526156, -31.763278940720465 ], [ -60.49384958487321, -31.763287839797847 ], [ -60.493848160570586, -31.763296775337079 ], [ -60.493847021675336, -31.763305740707217 ], [ -60.493846169032643, -31.763314729255214 ], [ -60.493845603275361, -31.763323734310784 ], [ -60.493845324823425, -31.763332749191356 ], [ -60.493845333883556, -31.763341767207198 ], [ -60.493845630449108, -31.763350781666031 ], [ -60.493846214300056, -31.763359785878457 ], [ -60.49384708500326, -31.763368773162533 ], [ -60.493848241912637, -31.763377736848877 ], [ -60.493849684169746, -31.763386670285659 ], [ -60.493905749890558, -31.76366336238646 ], [ -60.493929027021295, -31.763770980460411 ], [ -60.494055569058844, -31.763751185457679 ], [ -60.494157134918126, -31.763735297387925 ], [ -60.494262382212966, -31.76371908203188 ], [ -60.494362969833738, -31.763703722643093 ] ] ] ] } },
{ "type": "Feature", "properties": { "fid": 199, "nombre": "Reserva", "tipo": "RESERVA MUNICIPAL SIN ESCRITUR", "area": 2050 }, "geometry": { "type": "MultiPolygon", "coordinates": [ [ [ [ -60.519205282031919, -31.762941563385247 ], [ -60.51949284147171, -31.762890031730645 ], [ -60.51935427123987, -31.762256026780459 ], [ -60.518901875508917, -31.762992648986973 ], [ -60.519059446158586, -31.762967675482308 ], [ -60.519205282031919, -31.762941563385247 ] ] ] ] } },
{ "type": "Feature", "properties": { "fid": 201, "nombre": "Plazoleta", "tipo": "PLAZA", "area": 1220 }, "geometry": { "type": "MultiPolygon", "coordinates": [ [ [ [ -60.524911328691452, -31.755712977292454 ], [ -60.52487963038854, -31.755529718379503 ], [ -60.524767896231033, -31.755545371101441 ], [ -60.524450591791528, -31.755974501603433 ], [ -60.524944364499667, -31.755903967972568 ], [ -60.524911328691452, -31.755712977292454 ] ] ] ] } },
{ "type": "Feature", "properties": { "fid": 202, "nombre": "Plaza Eduardo Mencho Germano", "tipo": "PARQUE PUBLICO", "area": 486 }, "geometry": { "type": "MultiPolygon", "coordinates": [ [ [ [ -60.52373749828088, -31.719680045008371 ], [ -60.523761257215718, -31.719764745236837 ], [ -60.523967611780854, -31.719739339451731 ], [ -60.524068294248586, -31.719761948584839 ], [ -60.524272689108429, -31.719733632017942 ], [ -60.524253243209394, -31.71972041893051 ], [ -60.524226251761924, -31.719703016125173 ], [ -60.524198746604768, -31.719686192606083 ], [ -60.524183584747384, -31.71967858026084 ], [ -60.524168025378884, -31.719671573783206 ], [ -60.52415210030231, -31.719665200097534 ], [ -60.524135851668163, -31.719659450011953 ], [ -60.524119300779809, -31.719654359512553 ], [ -60.524102500388764, -31.719649928382307 ], [ -60.524085471646195, -31.719646165552607 ], [ -60.52406826735421, -31.719643079824799 ], [ -60.524050908613226, -31.719640671112007 ], [ -60.524033437725727, -31.719638957277191 ], [ -60.524015886342447, -31.719637938190186 ], [ -60.523998307214775, -31.719637613634166 ], [ -60.523980721493714, -31.719637992540612 ], [ -60.523963181829266, -31.719639056656284 ], [ -60.523945719922779, -31.719640814869358 ], [ -60.52373749828088, -31.719680045008371 ] ] ] ] } },
{ "type": "Feature", "properties": { "fid": 203, "nombre": "Espacio verde", "tipo": "ESPACIO VERDE", "area": 2545 }, "geometry": { "type": "MultiPolygon", "coordinates": [ [ [ [ -60.484899665526221, -31.744398337731102 ], [ -60.484166597655651, -31.744512995729753 ], [ -60.48423507218174, -31.744832699752884 ], [ -60.484968150692914, -31.744718017881603 ], [ -60.484899665526221, -31.744398337731102 ] ] ] ] } },
{ "type": "Feature", "properties": { "fid": 204, "nombre": "reserva sin escriturar", "tipo": "RESERVA MUNICIPAL SIN ESCRITUR", "area": 1823 }, "geometry": { "type": "MultiPolygon", "coordinates": [ [ [ [ -60.497226818523473, -31.77900785074598 ], [ -60.497245081806156, -31.779096673793756 ], [ -60.497263345124907, -31.779185496837314 ], [ -60.497281608479703, -31.779274319876674 ], [ -60.497401186656582, -31.779256378670979 ], [ -60.497520819701997, -31.779238429113871 ], [ -60.497418977642688, -31.778743128538483 ], [ -60.497367114000049, -31.778712063098947 ], [ -60.496976979281712, -31.778770597697214 ], [ -60.496940612383796, -31.778814900974847 ], [ -60.496969399662319, -31.778954909625561 ], [ -60.497208555276863, -31.778919027694013 ], [ -60.497226818523473, -31.77900785074598 ] ] ] ] } },
{ "type": "Feature", "properties": { "fid": 205, "nombre": "reserva sin escriturar", "tipo": "RESERVA MUNICIPAL SIN ESCRITUR", "area": 538 }, "geometry": { "type": "MultiPolygon", "coordinates": [ [ [ [ -60.499112234609015, -31.779489144155598 ], [ -60.499083814137322, -31.779349102846762 ], [ -60.499031831261021, -31.779318182775977 ], [ -60.498832988893945, -31.779348590592289 ], [ -60.498890725749007, -31.779614634709432 ], [ -60.498974957445867, -31.779601753677579 ], [ -60.498956353331877, -31.779512982268283 ], [ -60.499112234609015, -31.779489144155598 ] ] ] ] } },
{ "type": "Feature", "properties": { "fid": 206, "nombre": "Principado de Asturias", "tipo": "ESPACIO VERDE", "area": 2052 }, "geometry": { "type": "MultiPolygon", "coordinates": [ [ [ [ -60.514187283485768, -31.779459657870948 ], [ -60.514343230395767, -31.780133918881603 ], [ -60.514589342332251, -31.779127043936995 ], [ -60.514126715425007, -31.779197779532524 ], [ -60.514147177568361, -31.779286251948978 ], [ -60.514307401237119, -31.779259211439928 ], [ -60.514347507440391, -31.779432617309126 ], [ -60.514187283485768, -31.779459657870948 ] ] ] ] } },
{ "type": "Feature", "properties": { "fid": 207, "nombre": "LOS CEIBOS", "tipo": "PLAZA", "area": 4669 }, "geometry": { "type": "MultiPolygon", "coordinates": [ [ [ [ -60.487698052510076, -31.784695363035596 ], [ -60.487717225114274, -31.784785107632988 ], [ -60.48840999709094, -31.784677122928017 ], [ -60.488277320842407, -31.784056099622187 ], [ -60.487584553322257, -31.784164083570978 ], [ -60.487641051142127, -31.784428545574542 ], [ -60.487660146172693, -31.784517927602455 ], [ -60.487679099322726, -31.784606645321226 ], [ -60.487698052510076, -31.784695363035596 ] ] ] ] } },
{ "type": "Feature", "properties": { "fid": 208, "nombre": "Plaza de las Colectividades", "tipo": "PARQUE PUBLICO", "area": 2026 }, "geometry": { "type": "MultiPolygon", "coordinates": [ [ [ [ -60.52283715667172, -31.719418320299344 ], [ -60.52283746782674, -31.719428311381662 ], [ -60.522838288529641, -31.719438281353238 ], [ -60.522839617218345, -31.719448211235672 ], [ -60.52284145136376, -31.719458082126838 ], [ -60.522843787474649, -31.719467875236884 ], [ -60.522846621104236, -31.719477571924067 ], [ -60.522849946858706, -31.719487153730157 ], [ -60.522853758407408, -31.71949660241561 ], [ -60.522858048494989, -31.719505899994225 ], [ -60.522862808955132, -31.719515028767553 ], [ -60.522868030726151, -31.719523971358353 ], [ -60.522873703868186, -31.719532710743852 ], [ -60.522879817582201, -31.719541230288076 ], [ -60.522886360230437, -31.719549513773543 ], [ -60.522893319358687, -31.719557545432078 ], [ -60.52290068171984, -31.719565309974911 ], [ -60.522908433299328, -31.719572792621697 ], [ -60.522916559341539, -31.71957997912876 ], [ -60.52292504437812, -31.719586855816093 ], [ -60.522933872257312, -31.719593409593465 ], [ -60.522943026174701, -31.719599627985289 ], [ -60.522952488705272, -31.719605499154493 ], [ -60.52296224183651, -31.719611011924847 ], [ -60.522972267002679, -31.719616155802466 ], [ -60.522982545120243, -31.719620920995595 ], [ -60.522993056624117, -31.719625298433385 ], [ -60.523003781504976, -31.719629279783067 ], [ -60.523014699347272, -31.719632857465871 ], [ -60.523025789368155, -31.719636024671406 ], [ -60.523037030457004, -31.719638775370708 ], [ -60.523048401215618, -31.719641104327618 ], [ -60.523059879998982, -31.719643007108807 ], [ -60.523071444956415, -31.719644480092207 ], [ -60.523083074073213, -31.719645520473865 ], [ -60.523094745212518, -31.719646126273368 ], [ -60.523106436157512, -31.719646296337519 ], [ -60.523118124653621, -31.719646030342606 ], [ -60.523129788450987, -31.719645328794943 ], [ -60.523141405346749, -31.719644193030025 ], [ -60.52315295322731, -31.719642625209822 ], [ -60.523164410110482, -31.719640628318793 ], [ -60.523175754187271, -31.719638206158184 ], [ -60.523186963863473, -31.719635363338757 ], [ -60.523198017800652, -31.719632105271984 ], [ -60.523208894956895, -31.719628438159837 ], [ -60.523219574626829, -31.719624368982924 ], [ -60.523230036480939, -31.719619905487225 ], [ -60.523240260604425, -31.719615056169285 ], [ -60.523250227535001, -31.719609830260136 ], [ -60.523259918299978, -31.719604237707653 ], [ -60.523269314452349, -31.719598289157634 ], [ -60.52327839810598, -31.719591995933559 ], [ -60.523287151969583, -31.719585370014975 ], [ -60.523295559379662, -31.719578424014809 ], [ -60.523303604332241, -31.719571171155224 ], [ -60.523311271513293, -31.719563625242479 ], [ -60.523318546327928, -31.719555800640766 ], [ -60.523325414928173, -31.719547712244708 ], [ -60.523331864239303, -31.719539375451074 ], [ -60.523337881984759, -31.719530806129519 ], [ -60.523343456709483, -31.71952202059229 ], [ -60.523348577801784, -31.719513035563182 ], [ -60.523353235513461, -31.719503868145797 ], [ -60.5233574209784, -31.719494535790876 ], [ -60.523361126229481, -31.719485056263107 ], [ -60.523364344213654, -31.719475447607369 ], [ -60.523367068805456, -31.719465728114322 ], [ -60.523369294818615, -31.719455916285611 ], [ -60.523371018015943, -31.719446030798611 ], [ -60.523372235117392, -31.719436090470943 ], [ -60.523372943806308, -31.719426114224582 ], [ -60.523373142733831, -31.719416121049925 ], [ -60.523372831521421, -31.71940612996951 ], [ -60.52337201076169, -31.719396160001935 ], [ -60.523370682017138, -31.719386230125583 ], [ -60.523368847817281, -31.719376359242514 ], [ -60.523366511653776, -31.719366566142522 ], [ -60.523363677973784, -31.719356869467259 ], [ -60.523360352171501, -31.719347287674893 ], [ -60.523356540577979, -31.719337839004879 ], [ -60.523352250448873, -31.719328541443222 ], [ -60.523347489950829, -31.719319412688328 ], [ -60.523342268145818, -31.719310470117247 ], [ -60.523336594973969, -31.71930173075263 ], [ -60.523330481234552, -31.719293211230269 ], [ -60.52332393856549, -31.719284927767486 ], [ -60.523316979421189, -31.719276896132303 ], [ -60.523309617048824, -31.719269131613316 ], [ -60.523301865463111, -31.719261648990614 ], [ -60.523293739419657, -31.719254462507788 ], [ -60.52328525438687, -31.719247585844609 ], [ -60.523276426516446, -31.719241032091137 ], [ -60.523267272612742, -31.719234813722739 ], [ -60.523257810100681, -31.719228942576393 ], [ -60.523248056992621, -31.719223429828059 ], [ -60.523238031854142, -31.719218285971518 ], [ -60.523227753768545, -31.719213520798352 ], [ -60.523217242300674, -31.719209143379246 ], [ -60.523206517459599, -31.71920516204684 ], [ -60.523195599660546, -31.719201584379775 ], [ -60.523184509686061, -31.719198417188302 ], [ -60.523173268646381, -31.719195666501271 ], [ -60.523161897939346, -31.719193337554781 ], [ -60.523150419209578, -31.719191434782065 ], [ -60.523138854307362, -31.719189961805146 ], [ -60.523127225246974, -31.719188921427893 ], [ -60.523115554164825, -31.71918831563071 ], [ -60.523103863277328, -31.719188145566754 ], [ -60.523092174838588, -31.71918841155977 ], [ -60.523080511098058, -31.719189113103411 ], [ -60.523068894258145, -31.719190248862269 ], [ -60.523057346432026, -31.719191816674378 ], [ -60.523045889601484, -31.71919381355535 ], [ -60.523034545575086, -31.719196235704018 ], [ -60.523023335946696, -31.719199078509753 ], [ -60.523012282054353, -31.719202336561086 ], [ -60.52300140493962, -31.71920600365624 ], [ -60.522990725307587, -31.719210072814725 ], [ -60.522980263487462, -31.719214536290711 ], [ -60.522970039393783, -31.719219385587763 ], [ -60.522960072488623, -31.719224611475049 ], [ -60.522950381744472, -31.719230204004845 ], [ -60.522940985608159, -31.719236152531508 ], [ -60.522931901965727, -31.719242445731787 ], [ -60.522923148108362, -31.719249071626244 ], [ -60.522914740699505, -31.719256017602191 ], [ -60.522906695743146, -31.719263270437626 ], [ -60.522899028553319, -31.719270816326478 ], [ -60.522891753724991, -31.719278640904726 ], [ -60.522884885106251, -31.719286729277965 ], [ -60.522878435771936, -31.719295066049547 ], [ -60.522872417998798, -31.719303635350016 ], [ -60.522866843242113, -31.719312420867293 ], [ -60.522861722113802, -31.719321405877707 ], [ -60.522857064362341, -31.719330573277833 ], [ -60.522852878854145, -31.719339905617037 ], [ -60.522849173556693, -31.719349385130734 ], [ -60.522845955523337, -31.719358993774186 ], [ -60.52284323087995, -31.719368713256809 ], [ -60.522841004813195, -31.71937852507704 ], [ -60.522839281560643, -31.719388410557571 ], [ -60.522838064402798, -31.719398350880844 ], [ -60.522837355656719, -31.719408327124871 ], [ -60.52283715667172, -31.719418320299344 ] ] ] ] } },
{ "type": "Feature", "properties": { "fid": 209, "nombre": "Reserva", "tipo": "RESERVA MUNICIPAL", "area": 663 }, "geometry": { "type": "MultiPolygon", "coordinates": [ [ [ [ -60.509161430390797, -31.764257890569723 ], [ -60.509111983069666, -31.764038976424825 ], [ -60.509080815482939, -31.763909754738005 ], [ -60.508906762344608, -31.763937960161975 ], [ -60.508923106587432, -31.764005672203627 ], [ -60.50893666550013, -31.764068385963093 ], [ -60.50895832646917, -31.764157238690167 ], [ -60.508986565346419, -31.764286611518695 ], [ -60.509077085768254, -31.764271743900018 ], [ -60.509161430390797, -31.764257890569723 ] ] ] ] } },
{ "type": "Feature", "properties": { "fid": 210, "nombre": "Espacio verde", "tipo": "RESERVA MUNICIPAL SIN ESCRITUR", "area": 1571 }, "geometry": { "type": "MultiPolygon", "coordinates": [ [ [ [ -60.485748956500842, -31.780305412314622 ], [ -60.485899803339613, -31.78028382916165 ], [ -60.485936209312698, -31.780239851167696 ], [ -60.485796482290681, -31.779560172695888 ], [ -60.485744591819419, -31.779528827177089 ], [ -60.485594442092264, -31.779550307026287 ], [ -60.485748956500842, -31.780305412314622 ] ] ] ] } },
{ "type": "Feature", "properties": { "fid": 211, "nombre": "Espacio verde", "tipo": "ESPACIO VERDE", "area": 2651 }, "geometry": { "type": "MultiPolygon", "coordinates": [ [ [ [ -60.495253330574947, -31.765541721813275 ], [ -60.495627980830434, -31.765484759972761 ], [ -60.496007710268316, -31.765424388462968 ], [ -60.495942973470555, -31.765100449497194 ], [ -60.495189381313352, -31.765217668655836 ], [ -60.495253330574947, -31.765541721813275 ] ] ] ] } },
{ "type": "Feature", "properties": { "fid": 212, "nombre": "Espacio verde", "tipo": "RESERVA MUNICIPAL", "area": 1059 }, "geometry": { "type": "MultiPolygon", "coordinates": [ [ [ [ -60.532148434187718, -31.758018212089802 ], [ -60.532260956128646, -31.758418746308685 ], [ -60.53231281074202, -31.75840574017251 ], [ -60.532389160164207, -31.758386590221381 ], [ -60.532465509554349, -31.75836744022482 ], [ -60.53250126199714, -31.758358472758822 ], [ -60.532398076389704, -31.757979523704943 ], [ -60.532148434187718, -31.758018212089802 ] ] ] ] } },
{ "type": "Feature", "properties": { "fid": 213, "nombre": "Plazoleta J. Sulmaister", "tipo": "PLAZA", "area": 729 }, "geometry": { "type": "MultiPolygon", "coordinates": [ [ [ [ -60.502889911156004, -31.757185513442629 ], [ -60.502924821443195, -31.757180509136308 ], [ -60.502894065068013, -31.757036278698916 ], [ -60.502440352224454, -31.757092621059464 ], [ -60.502470047092132, -31.757245692456472 ], [ -60.502889911156004, -31.757185513442629 ] ] ] ] } },
{ "type": "Feature", "properties": { "fid": 214, "nombre": "Plaza de la Democracia", "tipo": "PLAZA", "area": 1762 }, "geometry": { "type": "MultiPolygon", "coordinates": [ [ [ [ -60.495982658440482, -31.747236015928067 ], [ -60.496383561355039, -31.747165400769173 ], [ -60.496286553913009, -31.746760529717982 ], [ -60.495894333026989, -31.746827490829617 ], [ -60.495973270759663, -31.74719259270784 ], [ -60.495982658440482, -31.747236015928067 ] ] ] ] } },
{ "type": "Feature", "properties": { "fid": 215, "nombre": "Plaza Italia", "tipo": "PLAZA", "area": 10569 }, "geometry": { "type": "MultiPolygon", "coordinates": [ [ [ [ -60.514792677466687, -31.723206386381293 ], [ -60.514895911649987, -31.723231753157805 ], [ -60.514890954800094, -31.72327985045068 ], [ -60.514899565880725, -31.723354542413894 ], [ -60.514921772134159, -31.723380597158656 ], [ -60.514932218337869, -31.723401712209021 ], [ -60.514928659600649, -31.723446963047881 ], [ -60.514899867160381, -31.72347774202148 ], [ -60.514891315678362, -31.72348253829453 ], [ -60.514588443512409, -31.724188281266475 ], [ -60.514821753672415, -31.724204221753652 ], [ -60.514838909637099, -31.724206100448889 ], [ -60.514856156871197, -31.724207311409184 ], [ -60.514873442569979, -31.724207845829334 ], [ -60.514890745631327, -31.724207703794487 ], [ -60.514908013350272, -31.724206894536131 ], [ -60.514925224624648, -31.72420541813938 ], [ -60.514942347751557, -31.724203265713921 ], [ -60.514959330075946, -31.724200455509319 ], [ -60.514976139944736, -31.724196987653638 ], [ -60.514992756255886, -31.724192862232062 ], [ -60.515215129874463, -31.724144842364709 ], [ -60.515437288048382, -31.724096065433333 ], [ -60.515664099282894, -31.724045429533554 ], [ -60.515668700276336, -31.724043652327463 ], [ -60.515672886240353, -31.724041236491395 ], [ -60.515676552065656, -31.724038254598046 ], [ -60.515679571641172, -31.724034797341911 ], [ -60.515681882161012, -31.724030955161453 ], [ -60.51568341036841, -31.724026836574208 ], [ -60.515684104158289, -31.724022559030633 ], [ -60.515683953629008, -31.724018239810441 ], [ -60.51568295947979, -31.724014005168762 ], [ -60.515681154012491, -31.72400997221462 ], [ -60.515678590580784, -31.724006248953323 ], [ -60.51566362585266, -31.723980886527212 ], [ -60.515649387444455, -31.723955214534477 ], [ -60.515635886006464, -31.723929250969217 ], [ -60.515623132238822, -31.723903022843654 ], [ -60.515611115590161, -31.723876530200656 ], [ -60.515599867862313, -31.723849799967091 ], [ -60.515589389104598, -31.723822841161503 ], [ -60.515579668865463, -31.723795671863098 ], [ -60.515570728345807, -31.723768310023257 ], [ -60.515562578195741, -31.723740773635893 ], [ -60.515555207913629, -31.723713071762077 ], [ -60.515548628149553, -31.723685222395734 ], [ -60.515542849603413, -31.723657252548985 ], [ -60.515537861723701, -31.7236291622648 ], [ -60.515520147462354, -31.72353212341341 ], [ -60.515509891291714, -31.723472931818645 ], [ -60.515489716366957, -31.723354502168185 ], [ -60.51548564680769, -31.723324568406426 ], [ -60.515480680933543, -31.723294728453165 ], [ -60.515474829445793, -31.723265009320155 ], [ -60.515468071343626, -31.72323542912924 ], [ -60.515460438379975, -31.723206005788576 ], [ -60.515451920104688, -31.723176757377281 ], [ -60.515442527219015, -31.723147710907124 ], [ -60.515432270324446, -31.723118875353514 ], [ -60.515375533727223, -31.722973267644495 ], [ -60.515317901895131, -31.722827916040785 ], [ -60.515259385382578, -31.722682820498424 ], [ -60.515254778879168, -31.722674055161885 ], [ -60.515209885159116, -31.722679882146956 ], [ -60.514736376779638, -31.722883663587009 ], [ -60.514623282524845, -31.722931701448058 ], [ -60.514677777165289, -31.722942943877676 ], [ -60.514828740800759, -31.723166298098604 ], [ -60.514781268480696, -31.723187007504702 ], [ -60.514792677466687, -31.723206386381293 ] ] ] ] } },
{ "type": "Feature", "properties": { "fid": 216, "nombre": "Espacio verde", "tipo": "ESPACIO VERDE", "area": 2729 }, "geometry": { "type": "MultiPolygon", "coordinates": [ [ [ [ -60.484345424945218, -31.746099123450442 ], [ -60.484235593822774, -31.74611630478126 ], [ -60.484142164668683, -31.746130920205808 ], [ -60.484048735484357, -31.74614553556211 ], [ -60.483955306269777, -31.746160150850177 ], [ -60.483861877024928, -31.746174766069998 ], [ -60.483768447749839, -31.746189381221576 ], [ -60.483675018444487, -31.746203996304907 ], [ -60.483581589108894, -31.746218611319993 ], [ -60.483394808604402, -31.746247828903893 ], [ -60.483443771101648, -31.74647634235119 ], [ -60.483495833731858, -31.746507071471875 ], [ -60.484358421324103, -31.746372136372766 ], [ -60.484394379222024, -31.746327638151588 ], [ -60.484345424945218, -31.746099123450442 ] ] ] ] } },
{ "type": "Feature", "properties": { "fid": 217, "nombre": "PLaza B° 20 de Junio", "tipo": "PLAZA", "area": 1432 }, "geometry": { "type": "MultiPolygon", "coordinates": [ [ [ [ -60.477939414424412, -31.767133082449686 ], [ -60.477896043454344, -31.766925240915548 ], [ -60.477617967277318, -31.766967646607988 ], [ -60.477581778950579, -31.76701205394367 ], [ -60.477653358141055, -31.767352365077503 ], [ -60.477705337035324, -31.767383282100308 ], [ -60.477982795330398, -31.767340970616495 ], [ -60.477939414424412, -31.767133082449686 ] ] ] ] } },
{ "type": "Feature", "properties": { "fid": 218, "nombre": "Reserva", "tipo": "RESERVA MUNICIPAL SIN ESCRITUR", "area": 7183 }, "geometry": { "type": "MultiPolygon", "coordinates": [ [ [ [ -60.511432434111249, -31.79017496462556 ], [ -60.51149221377036, -31.790462430932518 ], [ -60.513402439743665, -31.79017262170083 ], [ -60.513395201120623, -31.789765823019106 ], [ -60.511432434111249, -31.79017496462556 ] ] ] ] } },
{ "type": "Feature", "properties": { "fid": 219, "nombre": "Reserva", "tipo": "RESERVA MUNICIPAL SIN ESCRITUR", "area": 4452 }, "geometry": { "type": "MultiPolygon", "coordinates": [ [ [ [ -60.506391913806212, -31.779982340739561 ], [ -60.506300731016097, -31.779996934296996 ], [ -60.506051688073249, -31.780036792586877 ], [ -60.505802644909998, -31.780076650391731 ], [ -60.505667746437986, -31.780098239833485 ], [ -60.505532847901264, -31.780119829132936 ], [ -60.505408326117731, -31.780139757590725 ], [ -60.505310962419173, -31.780155339579792 ], [ -60.50544734254602, -31.780809696158627 ], [ -60.505418598555124, -31.780814296304204 ], [ -60.50542307007629, -31.780834683584636 ], [ -60.505536697050744, -31.780816498851767 ], [ -60.505650323979317, -31.780798314017922 ], [ -60.50576116926193, -31.78078057425385 ], [ -60.505670776681029, -31.780368446800122 ], [ -60.506405248321897, -31.780250898836723 ], [ -60.506441024756128, -31.780206245883658 ], [ -60.506391913806212, -31.779982340739561 ] ] ] ] } },
{ "type": "Feature", "properties": { "fid": 220, "nombre": "Espacio verde", "tipo": "ESPACIO VERDE", "area": 472 }, "geometry": { "type": "MultiPolygon", "coordinates": [ [ [ [ -60.476052643702097, -31.763794157666691 ], [ -60.476009542041261, -31.76356781238735 ], [ -60.47566544852527, -31.763847187093852 ], [ -60.476052643702097, -31.763794157666691 ] ] ] ] } },
{ "type": "Feature", "properties": { "fid": 221, "nombre": "PLAZA GUARDACOSTA RIO IGUAZU", "tipo": "PLAZA", "area": 1841 }, "geometry": { "type": "MultiPolygon", "coordinates": [ [ [ [ -60.492097328011241, -31.783018427410294 ], [ -60.492091602188964, -31.78301739320845 ], [ -60.491786255372958, -31.783066018615202 ], [ -60.491747919740888, -31.783113771750553 ], [ -60.491824775109599, -31.783465910364079 ], [ -60.491827967757224, -31.78347010007219 ], [ -60.491874954255593, -31.783497621938796 ], [ -60.491880680105254, -31.783498656150051 ], [ -60.49218602828735, -31.783450030506309 ], [ -60.492190933198764, -31.783447303383131 ], [ -60.492223153088815, -31.78340716817457 ], [ -60.492224363828768, -31.783402277242526 ], [ -60.492147507004979, -31.783050138881428 ], [ -60.492144314357766, -31.783045949180973 ], [ -60.492097328011241, -31.783018427410294 ] ] ] ] } },
{ "type": "Feature", "properties": { "fid": 222, "nombre": "Reserva", "tipo": "RESERVA MUNICIPAL SIN ESCRITUR", "area": 1293 }, "geometry": { "type": "MultiPolygon", "coordinates": [ [ [ [ -60.550167900220394, -31.768025403247965 ], [ -60.55017234607466, -31.768047992462684 ], [ -60.550176120563791, -31.76804986357719 ], [ -60.55017981738078, -31.768051844644113 ], [ -60.55018343213905, -31.768053933312753 ], [ -60.550186960549397, -31.768056127104742 ], [ -60.550190398425045, -31.768058423416942 ], [ -60.550193741686662, -31.76806081952461 ], [ -60.550196986367204, -31.768063312584548 ], [ -60.550200128616559, -31.76806589963854 ], [ -60.550203164706211, -31.768068577616841 ], [ -60.550206091033544, -31.768071343341816 ], [ -60.550208904126222, -31.768074193531657 ], [ -60.550211600646286, -31.768077124804424 ], [ -60.550214177394054, -31.768080133681881 ], [ -60.550216631312011, -31.76808321659378 ], [ -60.550218959488362, -31.768086369881967 ], [ -60.5502211591605, -31.768089589804799 ], [ -60.550223227718341, -31.768092872541569 ], [ -60.550225162707328, -31.768096214197048 ], [ -60.550226961831441, -31.768099610806054 ], [ -60.550228622955842, -31.768103058338255 ], [ -60.550230144109449, -31.768106552702843 ], [ -60.550231523487291, -31.768110089753442 ], [ -60.55023275945257, -31.768113665293093 ], [ -60.550233850538696, -31.768117275079092 ], [ -60.550234795451026, -31.768120914828096 ], [ -60.550235593068258, -31.768124580221251 ], [ -60.550236242444008, -31.768128266909265 ], [ -60.550236742807662, -31.768131970517569 ], [ -60.550237093565499, -31.768135686651497 ], [ -60.550237294301297, -31.768139410901558 ], [ -60.550237344776853, -31.768143138848597 ], [ -60.550237244932248, -31.768146866069078 ], [ -60.550236994885928, -31.768150588140351 ], [ -60.550236594934603, -31.768154300645854 ], [ -60.550236045552801, -31.76815799918036 ], [ -60.550235347392423, -31.768161679355259 ], [ -60.550234501281849, -31.768165336803722 ], [ -60.550233508225062, -31.768168967185826 ], [ -60.550232369400412, -31.768172566193815 ], [ -60.550231086159165, -31.76817612955719 ], [ -60.550229660023973, -31.76817965304766 ], [ -60.550228092687099, -31.768183132484332 ], [ -60.550226386008276, -31.768186563738563 ], [ -60.550224542012614, -31.768189942738815 ], [ -60.55022256288818, -31.768193265475659 ], [ -60.550220450983346, -31.768196528006346 ], [ -60.550218208804075, -31.768199726459592 ], [ -60.55021583901086, -31.768202857040176 ], [ -60.550213344415702, -31.768205916033384 ], [ -60.55021072797863, -31.768208899809444 ], [ -60.55020799280426, -31.768211804827839 ], [ -60.550205142138104, -31.768214627641516 ], [ -60.55020960551461, -31.76823730578797 ], [ -60.550833033687439, -31.768141683807581 ], [ -60.550828283597227, -31.768117549703902 ], [ -60.550824450384852, -31.768115631461718 ], [ -60.550820698026435, -31.768113599885439 ], [ -60.550817031111066, -31.768111457459625 ], [ -60.550813454123372, -31.768109206804475 ], [ -60.550809971437943, -31.768106850672503 ], [ -60.550806587314085, -31.768104391945247 ], [ -60.55080330589054, -31.768101833629725 ], [ -60.550800131180459, -31.768099178854719 ], [ -60.550797067066497, -31.768096430866994 ], [ -60.550794117295979, -31.76809359302732 ], [ -60.550791285476485, -31.768090668806359 ], [ -60.55078857507128, -31.768087661780392 ], [ -60.550785989395145, -31.768084575627004 ], [ -60.550783531610342, -31.768081414120545 ], [ -60.550781204722696, -31.768078181127454 ], [ -60.550779011577958, -31.768074880601695 ], [ -60.550776954858314, -31.768071516579784 ], [ -60.550775037079084, -31.768068093175867 ], [ -60.550773260585707, -31.76806461457673 ], [ -60.550771627550773, -31.768061085036699 ], [ -60.550770139971455, -31.768057508872342 ], [ -60.550768799667054, -31.768053890457281 ], [ -60.550767608276708, -31.768050234216787 ], [ -60.550766567257462, -31.768046544622432 ], [ -60.550765677882453, -31.768042826186541 ], [ -60.550764941239386, -31.768039083456703 ], [ -60.550764358229095, -31.768035321010249 ], [ -60.550763929564638, -31.7680315434486 ], [ -60.550763655770197, -31.768027755391724 ], [ -60.550763537180636, -31.768023961472313 ], [ -60.550763573940955, -31.768020166330302 ], [ -60.550763766006163, -31.768016374607132 ], [ -60.550764113141383, -31.768012590939996 ], [ -60.550764614922024, -31.768008819956318 ], [ -60.550765270734409, -31.768005066267961 ], [ -60.550766079776452, -31.768001334465591 ], [ -60.550767041058712, -31.767997629113189 ], [ -60.550768153405514, -31.767993954742384 ], [ -60.550769415456472, -31.767990315846877 ], [ -60.550770825668067, -31.767986716876941 ], [ -60.550772382315635, -31.767983162234117 ], [ -60.550774083495391, -31.76797965626568 ], [ -60.5507759271268, -31.76797620325938 ], [ -60.550777910955127, -31.767972807438198 ], [ -60.55078003255413, -31.767969472955166 ], [ -60.550782289329106, -31.767966203888353 ], [ -60.550784678520067, -31.767963004235732 ], [ -60.550787197205032, -31.767959877910478 ], [ -60.550789842303665, -31.767956828736008 ], [ -60.550792610581034, -31.76795386044147 ], [ -60.550795498651588, -31.767950976656966 ], [ -60.550792487973958, -31.767935680039063 ], [ -60.550480265539541, -31.767980531784445 ], [ -60.550167900220394, -31.768025403247965 ] ] ] ] } },
{ "type": "Feature", "properties": { "fid": 223, "nombre": "Reserva", "tipo": "RESERVA MUNICIPAL", "area": 1801 }, "geometry": { "type": "MultiPolygon", "coordinates": [ [ [ [ -60.514064893377252, -31.770521951619443 ], [ -60.514247728365625, -31.770613673701725 ], [ -60.514662976150028, -31.769880258236345 ], [ -60.514487732402351, -31.769792344474713 ], [ -60.514465633111506, -31.769824501091414 ], [ -60.514338461579314, -31.77004014785317 ], [ -60.514278592852541, -31.770142504573858 ], [ -60.514064893377252, -31.770521951619443 ] ] ] ] } },
{ "type": "Feature", "properties": { "fid": 224, "nombre": "Espacio verde", "tipo": "ESPACIO VERDE", "area": 1878 }, "geometry": { "type": "MultiPolygon", "coordinates": [ [ [ [ -60.499174087595179, -31.781828494376516 ], [ -60.499291299698541, -31.782390491427247 ], [ -60.499599813980232, -31.782344139122266 ], [ -60.499482600010424, -31.781782142564285 ], [ -60.499174087595179, -31.781828494376516 ] ] ] ] } },
{ "type": "Feature", "properties": { "fid": 225, "nombre": "Reserva", "tipo": "RESERVA MUNICIPAL", "area": 4782 }, "geometry": { "type": "MultiPolygon", "coordinates": [ [ [ [ -60.499386925574406, -31.777918008997414 ], [ -60.499466303724823, -31.778272309567289 ], [ -60.500044476884874, -31.778177784356082 ], [ -60.50008002686738, -31.778133040721961 ], [ -60.499938095225971, -31.777499551960936 ], [ -60.499885716980948, -31.777469183894894 ], [ -60.499307548047597, -31.777563708352247 ], [ -60.499386925574406, -31.777918008997414 ] ] ] ] } },
{ "type": "Feature", "properties": { "fid": 226, "nombre": "Plaza del Bicentenario", "tipo": "PLAZA", "area": 2209 }, "geometry": { "type": "MultiPolygon", "coordinates": [ [ [ [ -60.531903073148499, -31.763380765349243 ], [ -60.532005063904066, -31.763363971400747 ], [ -60.531957049882948, -31.763138279052932 ], [ -60.531909257855411, -31.762913629043705 ], [ -60.531752314693207, -31.762937098776522 ], [ -60.531740308061416, -31.762874588561573 ], [ -60.531479265896401, -31.762917258170518 ], [ -60.531541138743172, -31.763194769242372 ], [ -60.531567212720788, -31.763311715290715 ], [ -60.531593974753527, -31.763431747054423 ], [ -60.531693922318674, -31.763415204159998 ], [ -60.531796937491485, -31.763398241710366 ], [ -60.531903073148499, -31.763380765349243 ] ] ] ] } },
{ "type": "Feature", "properties": { "fid": 227, "nombre": "Reserva", "tipo": "RESERVA MUNICIPAL", "area": 2677 }, "geometry": { "type": "MultiPolygon", "coordinates": [ [ [ [ -60.556077694665071, -31.733783664286452 ], [ -60.556067379126169, -31.732985210360329 ], [ -60.556063955510766, -31.732956149997264 ], [ -60.556039806762769, -31.732932248387232 ], [ -60.55561333673888, -31.733031759337994 ], [ -60.555583376070821, -31.733064807075365 ], [ -60.555963616102247, -31.733785005918868 ], [ -60.556077694665071, -31.733783664286452 ] ] ] ] } },
{ "type": "Feature", "properties": { "fid": 228, "nombre": "Reserva", "tipo": "RESERVA MUNICIPAL SIN ESCRITUR", "area": 2467 }, "geometry": { "type": "MultiPolygon", "coordinates": [ [ [ [ -60.534279832851169, -31.772277187444914 ], [ -60.534183056509868, -31.772292949479915 ], [ -60.534281905976556, -31.772735883683762 ], [ -60.534793470801183, -31.772652563810407 ], [ -60.534694618997072, -31.772209630023671 ], [ -60.534590922518952, -31.772226519505054 ], [ -60.534487226001929, -31.772243408902394 ], [ -60.534383529446004, -31.772260298215684 ], [ -60.534279832851169, -31.772277187444914 ] ] ] ] } },
{ "type": "Feature", "properties": { "fid": 229, "nombre": "Reserva", "tipo": "RESERVA MUNICIPAL SIN ESCRITUR", "area": 12687 }, "geometry": { "type": "MultiPolygon", "coordinates": [ [ [ [ -60.537321039970834, -31.77195350625529 ], [ -60.536259144931051, -31.772115668984476 ], [ -60.536615184058967, -31.773815609969542 ], [ -60.536665079201534, -31.773774822784542 ], [ -60.536720242479113, -31.773724385192889 ], [ -60.536778481383344, -31.773669100780378 ], [ -60.536836675218076, -31.773606024677662 ], [ -60.53688572931236, -31.773552510451339 ], [ -60.536974520357248, -31.773464549939231 ], [ -60.536992222659975, -31.77342412721228 ], [ -60.53700317754685, -31.773396205307975 ], [ -60.537015395896432, -31.773365879194657 ], [ -60.537025580651459, -31.77333621999389 ], [ -60.537035293226779, -31.773307058792291 ], [ -60.537042674213929, -31.773276320191449 ], [ -60.537055677098941, -31.773210034606763 ], [ -60.537063124130384, -31.773176112248482 ], [ -60.537074836151845, -31.773142207978985 ], [ -60.537089945314669, -31.773109768392665 ], [ -60.537107230604462, -31.773073928728298 ], [ -60.537122777866728, -31.773033271573905 ], [ -60.537137444387142, -31.772986350378531 ], [ -60.537149262426958, -31.772934264661341 ], [ -60.537156892082002, -31.772878977055491 ], [ -60.537160364976032, -31.772820478410086 ], [ -60.537161067645201, -31.772704589648942 ], [ -60.537162353902033, -31.772649500141672 ], [ -60.537166575677134, -31.772596373272606 ], [ -60.537170896539401, -31.77254906312298 ], [ -60.537286319783369, -31.772276924940748 ], [ -60.537509984917378, -31.771922255511551 ], [ -60.537321039970834, -31.77195350625529 ] ] ] ] } },
{ "type": "Feature", "properties": { "fid": 231, "nombre": "Padre Emilio Senger", "tipo": "PLAZA", "area": 863 }, "geometry": { "type": "MultiPolygon", "coordinates": [ [ [ [ -60.487403988878825, -31.743648946785584 ], [ -60.487454221721315, -31.743886045946841 ], [ -60.487789568343963, -31.743829894857328 ], [ -60.487740540490904, -31.743594477271799 ], [ -60.487403988878825, -31.743648946785584 ] ] ] ] } },
{ "type": "Feature", "properties": { "fid": 232, "nombre": "Madre Teresa de Calcuta", "tipo": "PLAZA", "area": 1047 }, "geometry": { "type": "MultiPolygon", "coordinates": [ [ [ [ -60.546687687709486, -31.745113174835002 ], [ -60.546755996748146, -31.745082511054502 ], [ -60.546577895025834, -31.744747418539923 ], [ -60.546340033313378, -31.744776595420685 ], [ -60.546336420132306, -31.744830848279836 ], [ -60.546543179786383, -31.745169620245875 ], [ -60.546687687709486, -31.745113174835002 ] ] ] ] } },
{ "type": "Feature", "properties": { "fid": 233, "nombre": "Santisima Trinidad", "tipo": "PLAZA", "area": 690 }, "geometry": { "type": "MultiPolygon", "coordinates": [ [ [ [ -60.543527637300635, -31.728676643676003 ], [ -60.543855937546937, -31.728570754365268 ], [ -60.543781978502025, -31.728367067575082 ], [ -60.543697735166525, -31.728396037015663 ], [ -60.54359898182404, -31.728432531780996 ], [ -60.543531030422962, -31.728509944380885 ], [ -60.543496711800273, -31.7286145797103 ], [ -60.543527637300635, -31.728676643676003 ] ] ] ] } },
{ "type": "Feature", "properties": { "fid": 234, "nombre": "Reserva", "tipo": "RESERVA MUNICIPAL SIN ESCRITUR", "area": 4643 }, "geometry": { "type": "MultiPolygon", "coordinates": [ [ [ [ -60.47966362380636, -31.740693365714421 ], [ -60.479714671978122, -31.740936495337692 ], [ -60.479733309568303, -31.741025261165081 ], [ -60.479751947195133, -31.741114026988139 ], [ -60.479770584858635, -31.741202792806916 ], [ -60.4797892225588, -31.741291558621345 ], [ -60.479807860295622, -31.741380324431503 ], [ -60.479911731375857, -31.741364397000286 ], [ -60.480119473426356, -31.741332541884844 ], [ -60.480431086227142, -31.74128475857902 ], [ -60.480286845304938, -31.740597800601119 ], [ -60.47966362380636, -31.740693365714421 ] ] ] ] } },
{ "type": "Feature", "properties": { "fid": 235, "nombre": "Reserva", "tipo": "RESERVA MUNICIPAL SIN ESCRITUR", "area": 1178 }, "geometry": { "type": "MultiPolygon", "coordinates": [ [ [ [ -60.476922253532138, -31.776868128217099 ], [ -60.476564775423476, -31.776922799291668 ], [ -60.476621072108124, -31.777191422021811 ], [ -60.476673021786979, -31.777222322661615 ], [ -60.476986439612432, -31.777174389895368 ], [ -60.476922253532138, -31.776868128217099 ] ] ] ] } },
{ "type": "Feature", "properties": { "fid": 236, "nombre": "reserva sin escriturar", "tipo": "RESERVA MUNICIPAL SIN ESCRITUR", "area": 922 }, "geometry": { "type": "MultiPolygon", "coordinates": [ [ [ [ -60.479548246590539, -31.749507064522643 ], [ -60.478893693961339, -31.749607420856396 ], [ -60.47885755142466, -31.749651810486217 ], [ -60.478866721627156, -31.749695483271392 ], [ -60.47891866977038, -31.749726367050883 ], [ -60.479573223206017, -31.749626010582723 ], [ -60.479609365388633, -31.74958162075319 ], [ -60.479600194850178, -31.749537948023995 ], [ -60.479548246590539, -31.749507064522643 ] ] ] ] } },
{ "type": "Feature", "properties": { "fid": 237, "nombre": "Espacio verde", "tipo": "ESPACIO VERDE", "area": 6311 }, "geometry": { "type": "MultiPolygon", "coordinates": [ [ [ [ -60.492919595698865, -31.721370423878543 ], [ -60.493431072451735, -31.721296012868834 ], [ -60.49326422655561, -31.720537983044096 ], [ -60.493268942616602, -31.720537250052956 ], [ -60.493266903135464, -31.720520008525749 ], [ -60.493265702976629, -31.720506557639901 ], [ -60.493264840338838, -31.720493087411192 ], [ -60.493264184592498, -31.720472861561785 ], [ -60.493264165899831, -31.720459370030706 ], [ -60.493264765663319, -31.720439139323407 ], [ -60.493265591153694, -31.720425671581321 ], [ -60.493266754355247, -31.720412220569457 ], [ -60.493268255267779, -31.720398786287735 ], [ -60.493270083436222, -31.720385386813554 ], [ -60.49327345912333, -31.720365361808227 ], [ -60.493276121304362, -31.720352058309889 ], [ -60.49327912143459, -31.720338816633017 ], [ -60.493282448915593, -31.720325627800115 ], [ -60.493286103842777, -31.720312509847798 ], [ -60.493104296591014, -31.719833235315175 ], [ -60.492808946114565, -31.720256512833025 ], [ -60.492919595698865, -31.721370423878543 ] ] ] ] } },
{ "type": "Feature", "properties": { "fid": 238, "nombre": "Reserva", "tipo": "RESERVA MUNICIPAL", "area": 5166 }, "geometry": { "type": "MultiPolygon", "coordinates": [ [ [ [ -60.496683053469845, -31.711745275259002 ], [ -60.497831906373968, -31.710889498928157 ], [ -60.497821104909157, -31.710863822435162 ], [ -60.496567308461287, -31.711056313128289 ], [ -60.496515707521439, -31.711087593243963 ], [ -60.496652017678869, -31.711736447358959 ], [ -60.496683053469845, -31.711745275259002 ] ] ] ] } },
{ "type": "Feature", "properties": { "fid": 239, "nombre": "Reserva", "tipo": "RESERVA MUNICIPAL SIN ESCRITUR", "area": 5746 }, "geometry": { "type": "MultiPolygon", "coordinates": [ [ [ [ -60.486839337112102, -31.71472914011277 ], [ -60.486232105719196, -31.714748811651194 ], [ -60.48641139397234, -31.71562450145726 ], [ -60.486467897853174, -31.715660639306439 ], [ -60.487017318663646, -31.715607410194568 ], [ -60.486839337112102, -31.71472914011277 ] ] ] ] } },
{ "type": "Feature", "properties": { "fid": 240, "nombre": "Espacio verde", "tipo": "RESERVA MUNICIPAL SIN ESCRITUR", "area": 1287 }, "geometry": { "type": "MultiPolygon", "coordinates": [ [ [ [ -60.51105615934695, -31.773734122364662 ], [ -60.510833147417259, -31.774005740730008 ], [ -60.511171300840644, -31.774170308272804 ], [ -60.511362695282315, -31.773883304882986 ], [ -60.51105615934695, -31.773734122364662 ] ] ] ] } },
{ "type": "Feature", "properties": { "fid": 241, "nombre": "Reserva", "tipo": "RESERVA MUNICIPAL", "area": 6934 }, "geometry": { "type": "MultiPolygon", "coordinates": [ [ [ [ -60.495697209127741, -31.712001769364196 ], [ -60.496476905242218, -31.711872861005151 ], [ -60.496303944809142, -31.711128016978019 ], [ -60.496291255527794, -31.711055097986488 ], [ -60.49551182245191, -31.711184404969391 ], [ -60.495606942582974, -31.711603788721714 ], [ -60.495697209127741, -31.712001769364196 ] ] ] ] } },
{ "type": "Feature", "properties": { "fid": 242, "nombre": "PLAZA DR. A. FRONDIZI PTE.  DE LA NACION", "tipo": "PLAZA", "area": 4437 }, "geometry": { "type": "MultiPolygon", "coordinates": [ [ [ [ -60.491921524930149, -31.724876578683368 ], [ -60.492227136334726, -31.724832025682534 ], [ -60.492097345518232, -31.724195592531672 ], [ -60.49205181915768, -31.72416641982441 ], [ -60.491523138498607, -31.724245944707729 ], [ -60.491486796670479, -31.724291930925041 ], [ -60.491610331377601, -31.724921944671987 ], [ -60.491921524930149, -31.724876578683368 ] ] ] ] } },
{ "type": "Feature", "properties": { "fid": 243, "nombre": "Reserva", "tipo": "RESERVA MUNICIPAL", "area": 480 }, "geometry": { "type": "MultiPolygon", "coordinates": [ [ [ [ -60.490206277192826, -31.753179350978378 ], [ -60.49039978102649, -31.75314769300196 ], [ -60.490435788278958, -31.753102872008224 ], [ -60.490403938368267, -31.752952012923462 ], [ -60.490165021963108, -31.752990485345563 ], [ -60.490206277192826, -31.753179350978378 ] ] ] ] } },
{ "type": "Feature", "properties": { "fid": 244, "nombre": "Reserva", "tipo": "RESERVA MUNICIPAL SIN ESCRITUR", "area": 1170 }, "geometry": { "type": "MultiPolygon", "coordinates": [ [ [ [ -60.489896507986536, -31.72888507631394 ], [ -60.489837526598507, -31.72861568826649 ], [ -60.489764287187278, -31.728578511532437 ], [ -60.489481651176256, -31.728624578536436 ], [ -60.489546784924727, -31.728937942545617 ], [ -60.489554335177992, -31.728935170565933 ], [ -60.489896507986536, -31.72888507631394 ] ] ] ] } },
{ "type": "Feature", "properties": { "fid": 245, "nombre": "Reserva", "tipo": "RESERVA MUNICIPAL SIN ESCRITUR", "area": 1380 }, "geometry": { "type": "MultiPolygon", "coordinates": [ [ [ [ -60.489373786144384, -31.728105625780017 ], [ -60.489455014991634, -31.728496428941995 ], [ -60.489456352707194, -31.728496717474027 ], [ -60.489738897009417, -31.728444985681772 ], [ -60.48977638712411, -31.728403403546725 ], [ -60.489699464569853, -31.728050012613238 ], [ -60.489373786144384, -31.728105625780017 ] ] ] ] } },
{ "type": "Feature", "properties": { "fid": 246, "nombre": "Espacio verde", "tipo": "ESPACIO VERDE", "area": 2729 }, "geometry": { "type": "MultiPolygon", "coordinates": [ [ [ [ -60.477615674225582, -31.761966888715403 ], [ -60.476979919845334, -31.762731437435775 ], [ -60.47774941237325, -31.762623290835371 ], [ -60.477615674225582, -31.761966888715403 ] ] ] ] } },
{ "type": "Feature", "properties": { "fid": 247, "nombre": "Espacio verde", "tipo": "ESPACIO VERDE", "area": 764 }, "geometry": { "type": "MultiPolygon", "coordinates": [ [ [ [ -60.476640585445068, -31.763002496207683 ], [ -60.476244565152825, -31.763377491824013 ], [ -60.476699812611443, -31.763313513800842 ], [ -60.476640585445068, -31.763002496207683 ] ] ] ] } },
{ "type": "Feature", "properties": { "fid": 248, "nombre": "Reserva", "tipo": "RESERVA MUNICIPAL", "area": 536 }, "geometry": { "type": "MultiPolygon", "coordinates": [ [ [ [ -60.48998835108776, -31.753547489093062 ], [ -60.490036402275379, -31.753761928562444 ], [ -60.490067218674355, -31.753756886973942 ], [ -60.490111137958614, -31.753717905189838 ], [ -60.490178700877074, -31.753338908199197 ], [ -60.490133212440682, -31.753301490164414 ], [ -60.490018045736619, -31.753320331641653 ], [ -60.490066096586531, -31.753534769851996 ], [ -60.48998835108776, -31.753547489093062 ] ] ] ] } },
{ "type": "Feature", "properties": { "fid": 249, "nombre": "Reserva", "tipo": "RESERVA MUNICIPAL", "area": 513 }, "geometry": { "type": "MultiPolygon", "coordinates": [ [ [ [ -60.48972256499367, -31.754158795530845 ], [ -60.489773400079969, -31.754385773309419 ], [ -60.490014062040885, -31.753924508788266 ], [ -60.489974801366387, -31.753882192052746 ], [ -60.489827187985497, -31.753906341510231 ], [ -60.489878057066036, -31.75413335731718 ], [ -60.489816536244156, -31.75414342203344 ], [ -60.489738790201585, -31.754156141126508 ], [ -60.48972256499367, -31.754158795530845 ] ] ] ] } },
{ "type": "Feature", "properties": { "fid": 250, "nombre": "Reserva", "tipo": "RESERVA MUNICIPAL", "area": 561 }, "geometry": { "type": "MultiPolygon", "coordinates": [ [ [ [ -60.518780593011236, -31.771080233819784 ], [ -60.51888670578839, -31.77106311768911 ], [ -60.518991288693613, -31.77104624823626 ], [ -60.518950856727237, -31.770845655161356 ], [ -60.518739502032382, -31.77087909965158 ], [ -60.518760888643563, -31.770990344053786 ], [ -60.518660503683172, -31.771006679287936 ], [ -60.518677021400286, -31.771096939965869 ], [ -60.518780593011236, -31.771080233819784 ] ] ] ] } },
{ "type": "Feature", "properties": { "fid": 251, "nombre": "Reserva", "tipo": "RESERVA MUNICIPAL", "area": 638 }, "geometry": { "type": "MultiPolygon", "coordinates": [ [ [ [ -60.557299131015156, -31.738663843256738 ], [ -60.557239410787567, -31.738380723833718 ], [ -60.557031471337147, -31.73841158229331 ], [ -60.557091190952562, -31.738694701807276 ], [ -60.557299131015156, -31.738663843256738 ] ] ] ] } },
{ "type": "Feature", "properties": { "fid": 252, "nombre": "Plazoleta", "tipo": "RESERVA MUNICIPAL SIN ESCRITUR", "area": 227 }, "geometry": { "type": "MultiPolygon", "coordinates": [ [ [ [ -60.491218875720733, -31.737802279110355 ], [ -60.49118451245198, -31.737659586700047 ], [ -60.491041451376802, -31.737681758149368 ], [ -60.491068932932578, -31.737824338841069 ], [ -60.491181139126908, -31.737808241438707 ], [ -60.491218875720733, -31.737802279110355 ] ] ] ] } },
{ "type": "Feature", "properties": { "fid": 253, "nombre": "Plaza Atahualpa Yupanqui", "tipo": "RESERVA MUNICIPAL", "area": 930 }, "geometry": { "type": "MultiPolygon", "coordinates": [ [ [ [ -60.530751128534909, -31.76667766189178 ], [ -60.530732887658239, -31.766595091806913 ], [ -60.530713310652331, -31.766506473358248 ], [ -60.530395159068391, -31.766557378007263 ], [ -60.530453444226978, -31.766825557964484 ], [ -60.53077266226812, -31.766775137389164 ], [ -60.530751128534909, -31.76667766189178 ] ] ] ] } },
{ "type": "Feature", "properties": { "fid": 254, "nombre": "Reserva", "tipo": "RESERVA MUNICIPAL", "area": 782 }, "geometry": { "type": "MultiPolygon", "coordinates": [ [ [ [ -60.488457002871058, -31.744969670464382 ], [ -60.488249621812081, -31.745003235096814 ], [ -60.488280572676167, -31.745142881347618 ], [ -60.48833286445241, -31.745173335461111 ], [ -60.488659697477175, -31.745120437230241 ], [ -60.488695335237217, -31.745075751641412 ], [ -60.488664383775905, -31.744936105495793 ], [ -60.488457002871058, -31.744969670464382 ] ] ] ] } },
{ "type": "Feature", "properties": { "fid": 255, "nombre": "Nuevo Parque", "tipo": "PARQUE PUBLICO", "area": 39318 }, "geometry": { "type": "MultiPolygon", "coordinates": [ [ [ [ -60.549787250611587, -31.717548002850602 ], [ -60.549594955456968, -31.717714042923742 ], [ -60.549465558791354, -31.717835539419092 ], [ -60.549380348567027, -31.717952526142131 ], [ -60.54928648031261, -31.718100864607582 ], [ -60.549156366936991, -31.718315227555102 ], [ -60.549160379369731, -31.718353003628948 ], [ -60.549193509367058, -31.71840145237638 ], [ -60.549235704724509, -31.718487655416798 ], [ -60.549240226525846, -31.71861181410539 ], [ -60.549206686286581, -31.718708061700234 ], [ -60.549150299827467, -31.718786050923956 ], [ -60.549118999437376, -31.718833697390622 ], [ -60.549128134778208, -31.718883329308127 ], [ -60.549866815882773, -31.720540893118823 ], [ -60.549953468638087, -31.720667936890933 ], [ -60.55013862338285, -31.720575354191794 ], [ -60.550300988379952, -31.720474231123163 ], [ -60.550448079287769, -31.720353737223423 ], [ -60.551408777162948, -31.719603437021437 ], [ -60.549787250611587, -31.717548002850602 ] ] ] ] } },
{ "type": "Feature", "properties": { "fid": 256, "nombre": "Nuevo Parque", "tipo": "PARQUE PUBLICO", "area": 55946 }, "geometry": { "type": "MultiPolygon", "coordinates": [ [ [ [ -60.55340571619783, -31.71190759575601 ], [ -60.553830591824912, -31.714400166788231 ], [ -60.55502602382284, -31.714205092146493 ], [ -60.555920739213668, -31.714048068109925 ], [ -60.555846311887166, -31.713582889445906 ], [ -60.555519293707448, -31.711612050876184 ], [ -60.55340571619783, -31.71190759575601 ] ] ] ] } },
{ "type": "Feature", "properties": { "fid": 257, "nombre": "Espacio verde", "tipo": "RESERVA MUNICIPAL", "area": 344 }, "geometry": { "type": "MultiPolygon", "coordinates": [ [ [ [ -60.508771427053119, -31.757911202664193 ], [ -60.508503820706487, -31.757752068671337 ], [ -60.508555309277355, -31.757989904717693 ], [ -60.508780766206627, -31.757953924482131 ], [ -60.508771427053119, -31.757911202664193 ] ] ] ] } },
{ "type": "Feature", "properties": { "fid": 258, "nombre": "Reserva", "tipo": "RESERVA MUNICIPAL", "area": 1058 }, "geometry": { "type": "MultiPolygon", "coordinates": [ [ [ [ -60.522503332267306, -31.758177733001958 ], [ -60.522607209788283, -31.758161749493794 ], [ -60.522860079515738, -31.758122840359185 ], [ -60.522833313413763, -31.757974522827517 ], [ -60.522808341776326, -31.757839089672803 ], [ -60.523066995128843, -31.757799287471229 ], [ -60.523049307382223, -31.757714818557162 ], [ -60.522793965166841, -31.757755660189495 ], [ -60.522443669550633, -31.758186913191114 ], [ -60.522503332267306, -31.758177733001958 ] ] ] ] } },
{ "type": "Feature", "properties": { "fid": 259, "nombre": "RESERVA", "tipo": "RESERVA MUNICIPAL", "area": 1319 }, "geometry": { "type": "MultiPolygon", "coordinates": [ [ [ [ -60.521954858344564, -31.758262124526496 ], [ -60.521930466143786, -31.758400614327833 ], [ -60.52188256834016, -31.758577162697534 ], [ -60.521834135920663, -31.758682053300603 ], [ -60.522174950189701, -31.758629614401809 ], [ -60.522264413828964, -31.758214494750614 ], [ -60.521954858344564, -31.758262124526496 ] ] ] ] } },
{ "type": "Feature", "properties": { "fid": 260, "nombre": "Reserva", "tipo": "RESERVA MUNICIPAL", "area": 1744 }, "geometry": { "type": "MultiPolygon", "coordinates": [ [ [ [ -60.477491561175036, -31.76991044710638 ], [ -60.47750112090425, -31.769908984911478 ], [ -60.477566234437134, -31.770219685163692 ], [ -60.477877965571828, -31.770172004336935 ], [ -60.477772145374956, -31.769667072285962 ], [ -60.477509477656604, -31.769653240431388 ], [ -60.477491561175036, -31.76991044710638 ] ] ] ] } },
{ "type": "Feature", "properties": { "fid": 261, "nombre": "Reserva", "tipo": "RESERVA MUNICIPAL", "area": 2195 }, "geometry": { "type": "MultiPolygon", "coordinates": [ [ [ [ -60.514247728365625, -31.770613673701725 ], [ -60.514434749043311, -31.770707495138865 ], [ -60.514919827600082, -31.770009111033232 ], [ -60.514662976150028, -31.769880258236345 ], [ -60.514247728365625, -31.770613673701725 ] ] ] ] } },
{ "type": "Feature", "properties": { "fid": 262, "nombre": "Reserva", "tipo": "RESERVA MUNICIPAL", "area": 888 }, "geometry": { "type": "MultiPolygon", "coordinates": [ [ [ [ -60.557164536424104, -31.73922735968101 ], [ -60.557008714950257, -31.738844239588335 ], [ -60.556800774381813, -31.738875097669855 ], [ -60.556956595057365, -31.73925821802419 ], [ -60.557164536424104, -31.73922735968101 ] ] ] ] } },
{ "type": "Feature", "properties": { "fid": 263, "nombre": "Reserva", "tipo": "RESERVA MUNICIPAL", "area": 663 }, "geometry": { "type": "MultiPolygon", "coordinates": [ [ [ [ -60.510026297622673, -31.764115341415028 ], [ -60.510117143271934, -31.76410057612247 ], [ -60.510200363511032, -31.764087050139523 ], [ -60.510186945086261, -31.7640211968193 ], [ -60.510172290117268, -31.763957026609795 ], [ -60.510153503429564, -31.763867026267196 ], [ -60.510138282674326, -31.763803615861701 ], [ -60.510123063432339, -31.763736405699259 ], [ -60.509949159926819, -31.763765539926393 ], [ -60.509979020797964, -31.763896241010379 ], [ -60.509999058174252, -31.763985280424027 ], [ -60.510026297622673, -31.764115341415028 ] ] ] ] } },
{ "type": "Feature", "properties": { "fid": 264, "nombre": "Reserva", "tipo": "RESERVA MUNICIPAL", "area": 805 }, "geometry": { "type": "MultiPolygon", "coordinates": [ [ [ [ -60.507074367175711, -31.75403113116467 ], [ -60.507230785531704, -31.754007989618053 ], [ -60.507291802169249, -31.753998563768313 ], [ -60.50734961363942, -31.753989633024137 ], [ -60.507370289254588, -31.753987575663977 ], [ -60.507577144808657, -31.753952924239993 ], [ -60.507520970551141, -31.753704140614587 ], [ -60.507469434545328, -31.753690872404039 ], [ -60.507074367175711, -31.75403113116467 ] ] ] ] } },
{ "type": "Feature", "properties": { "fid": 265, "nombre": "Reserva", "tipo": "RESERVA MUNICIPAL", "area": 1069 }, "geometry": { "type": "MultiPolygon", "coordinates": [ [ [ [ -60.509722851020058, -31.764956447412718 ], [ -60.509696103392592, -31.76484653758191 ], [ -60.509664015784224, -31.764691968621523 ], [ -60.509622540435345, -31.764492177245611 ], [ -60.509362401789481, -31.764917990147435 ], [ -60.509389425519124, -31.765036668348177 ], [ -60.509437435663671, -31.765024229600847 ], [ -60.509453281542179, -31.76502025913576 ], [ -60.509722851020058, -31.764956447412718 ] ] ] ] } },
{ "type": "Feature", "properties": { "fid": 266, "nombre": "Reserva", "tipo": "RESERVA MUNICIPAL SIN ESCRITUR", "area": 2899 }, "geometry": { "type": "MultiPolygon", "coordinates": [ [ [ [ -60.487673652421954, -31.761864132754223 ], [ -60.487605923859675, -31.761545931924957 ], [ -60.487553886560711, -31.761515163737055 ], [ -60.486695303238548, -31.761648782800737 ], [ -60.486654919385273, -31.761698639474517 ], [ -60.486690253271611, -31.761866725441767 ], [ -60.486900955620477, -31.761864137811227 ], [ -60.48721806624787, -31.761862925421173 ], [ -60.487430892186474, -31.761867458797877 ], [ -60.487670802055135, -31.761864758138177 ], [ -60.487673652421954, -31.761864132754223 ] ] ] ] } },
{ "type": "Feature", "properties": { "fid": 267, "nombre": "LEANDRO N. ALEM", "tipo": "PASEO PARQUE BOTANICO", "area": 150006 }, "geometry": { "type": "MultiPolygon", "coordinates": [ [ [ [ -60.442272385625074, -31.739222137066697 ], [ -60.446035998941973, -31.73863388566982 ], [ -60.445410929507908, -31.736943347210204 ], [ -60.446032089577351, -31.736797613494939 ], [ -60.445344307803133, -31.733412125871453 ], [ -60.443769693388681, -31.733671663628208 ], [ -60.442740294301203, -31.7339000562527 ], [ -60.443370953821209, -31.736564595269883 ], [ -60.443411641532172, -31.73674453540205 ], [ -60.44342384785292, -31.736744535407595 ], [ -60.443452329252821, -31.736869109135998 ], [ -60.443419779074375, -31.736907173297705 ], [ -60.443313991025839, -31.736997143074753 ], [ -60.443208202977345, -31.737097493876863 ], [ -60.443143102639787, -31.737208225670265 ], [ -60.443122758784291, -31.737395085271462 ], [ -60.443110552471012, -31.73748851493071 ], [ -60.44309020861553, -31.737640770469817 ], [ -60.443082071073327, -31.737831089541778 ], [ -60.443033245820189, -31.737917598081566 ], [ -60.442992558109211, -31.73794874113613 ], [ -60.442915251458359, -31.737993725529794 ], [ -60.442894907602877, -31.738066392581082 ], [ -60.442878632518486, -31.738177123216289 ], [ -60.442935595313841, -31.738305155348222 ], [ -60.442894907602877, -31.738353599892555 ], [ -60.442821669723145, -31.738450488905212 ], [ -60.442744363072293, -31.738554298449095 ], [ -60.442658918879268, -31.738658107876709 ], [ -60.442585680999528, -31.738789599651309 ], [ -60.442557199601843, -31.738876107296001 ], [ -60.442479892951006, -31.738969535461454 ], [ -60.442353761047016, -31.739080265017019 ], [ -60.442272385625074, -31.739222137066697 ] ] ] ] } },
{ "type": "Feature", "properties": { "fid": 268, "nombre": "Maria Carmen Caviglia de Boeykens", "tipo": "PLAZA", "area": 1815 }, "geometry": { "type": "MultiPolygon", "coordinates": [ [ [ [ -60.508886847929631, -31.757447178388581 ], [ -60.5085932772595, -31.757492180029143 ], [ -60.508637094574944, -31.757690609700575 ], [ -60.508773352524088, -31.757772561061749 ], [ -60.509233251436306, -31.757703925168446 ], [ -60.509172312239542, -31.757399621462547 ], [ -60.509013547875092, -31.757425767623072 ], [ -60.508886847929631, -31.757447178388581 ] ] ] ] } },
{ "type": "Feature", "properties": { "fid": 269, "nombre": "Martires de Trelew", "tipo": "PLAZA", "area": 1635 }, "geometry": { "type": "MultiPolygon", "coordinates": [ [ [ [ -60.552875310652595, -31.740455334524299 ], [ -60.552239240304132, -31.740547645444671 ], [ -60.552671654306138, -31.74082818161715 ], [ -60.552943076279632, -31.740787034519062 ], [ -60.552875310652595, -31.740455334524299 ] ] ] ] } },
{ "type": "Feature", "properties": { "fid": 270, "nombre": "RICARDO BALBIN", "tipo": "PLAZA", "area": 2526 }, "geometry": { "type": "MultiPolygon", "coordinates": [ [ [ [ -60.485425454369732, -31.736427570591999 ], [ -60.485202715611024, -31.736873795266956 ], [ -60.485899090489426, -31.736767548896832 ], [ -60.485935273055475, -31.736723186028257 ], [ -60.485867543658848, -31.736398962463554 ], [ -60.485815634405263, -31.736368040092998 ], [ -60.485425454369732, -31.736427570591999 ] ] ] ] } },
{ "type": "Feature", "properties": { "fid": 271, "nombre": "PLAZA ISLAS MALVINAS", "tipo": "PLAZA", "area": 1357 }, "geometry": { "type": "MultiPolygon", "coordinates": [ [ [ [ -60.501396650348703, -31.741548404100005 ], [ -60.501346651935592, -31.741553959448943 ], [ -60.501358368011985, -31.741660141288371 ], [ -60.501631601892853, -31.741625654304602 ], [ -60.501607185595525, -31.741525011200181 ], [ -60.501588585323226, -31.741402758649503 ], [ -60.501562739246474, -31.741288651478641 ], [ -60.50153758061429, -31.741177579004162 ], [ -60.50150708256254, -31.741068140144051 ], [ -60.501294972744283, -31.741098761851298 ], [ -60.501396650348703, -31.741548404100005 ] ] ] ] } },
{ "type": "Feature", "properties": { "fid": 272, "nombre": "Paseo Aº Culantrillo", "tipo": "PLAZA", "area": 3756 }, "geometry": { "type": "MultiPolygon", "coordinates": [ [ [ [ -60.509661460564629, -31.735937871761521 ], [ -60.509780479154884, -31.735871464640759 ], [ -60.50986042962127, -31.735868355503932 ], [ -60.509880742970907, -31.735585982923489 ], [ -60.509889368232685, -31.735586697286369 ], [ -60.509868258987083, -31.735291121509452 ], [ -60.509845809184711, -31.735172700253955 ], [ -60.509841907171378, -31.734928433901995 ], [ -60.509830633316021, -31.734927712433578 ], [ -60.509793946031728, -31.734677796402998 ], [ -60.509708901063398, -31.734521669613791 ], [ -60.50970770421506, -31.734342769431741 ], [ -60.509638710885362, -31.734346811151905 ], [ -60.509589067616623, -31.734085835794144 ], [ -60.509615704333257, -31.734054704978874 ], [ -60.509488598060855, -31.734074804159665 ], [ -60.509529633210242, -31.734290574112425 ], [ -60.509539299940897, -31.734352634709786 ], [ -60.509544206517162, -31.734384134990371 ], [ -60.509566367602204, -31.73448400212099 ], [ -60.509525165516045, -31.734486346587875 ], [ -60.509532209868745, -31.734575679056352 ], [ -60.509640926157338, -31.734569967547817 ], [ -60.509645088103206, -31.734627986965201 ], [ -60.509558271366501, -31.734650935493121 ], [ -60.509571350004926, -31.734738487705521 ], [ -60.50959410654356, -31.73482628123574 ], [ -60.509622160471245, -31.734912159710529 ], [ -60.509638998079723, -31.735003963038491 ], [ -60.509658346995792, -31.735097659207284 ], [ -60.509697714203057, -31.735294548262328 ], [ -60.509665913836436, -31.735286691118226 ], [ -60.509643580936753, -31.73552688684471 ], [ -60.509638754255754, -31.73559164938294 ], [ -60.509622780830696, -31.735806144224597 ], [ -60.509606714845333, -31.735807128343222 ], [ -60.509547701218381, -31.736056949054845 ], [ -60.509661460564629, -31.735937871761521 ] ] ] ] } },
{ "type": "Feature", "properties": { "fid": 273, "nombre": "Vecinos Barrio Consejo", "tipo": "PLAZA", "area": 591 }, "geometry": { "type": "MultiPolygon", "coordinates": [ [ [ [ -60.513356341760705, -31.731762830752125 ], [ -60.513533229521222, -31.731736929745615 ], [ -60.513502017582674, -31.731597414229789 ], [ -60.513467197859924, -31.731419792360423 ], [ -60.513421308388061, -31.731427615818902 ], [ -60.513417132437816, -31.731428189442592 ], [ -60.513321488355651, -31.731441327421798 ], [ -60.513296172712558, -31.731444804162575 ], [ -60.513330923674999, -31.731623418115991 ], [ -60.513356341760705, -31.731762830752125 ] ] ] ] } },
{ "type": "Feature", "properties": { "fid": 275, "nombre": "Plaza Los Aromos", "tipo": "PLAZA", "area": 1652 }, "geometry": { "type": "MultiPolygon", "coordinates": [ [ [ [ -60.514289475634108, -31.758582543097639 ], [ -60.514264056726276, -31.758595469848505 ], [ -60.514379343569431, -31.759172704095086 ], [ -60.514796246538531, -31.758831000033872 ], [ -60.514831358743756, -31.758801593492478 ], [ -60.514400159467954, -31.758630948834483 ], [ -60.514319882558496, -31.75859552406137 ], [ -60.514289475634108, -31.758582543097639 ] ] ] ] } },
{ "type": "Feature", "properties": { "fid": 276, "nombre": "Plaza Tomas de Rocamora", "tipo": "PLAZA", "area": 1829 }, "geometry": { "type": "MultiPolygon", "coordinates": [ [ [ [ -60.5190497987752, -31.753009824160543 ], [ -60.51891692364989, -31.752933077790292 ], [ -60.518906623611777, -31.752942724323852 ], [ -60.518915479264464, -31.753179330801029 ], [ -60.518998069007779, -31.753231132600103 ], [ -60.519077452921024, -31.753280923537893 ], [ -60.519163709879209, -31.753335025248429 ], [ -60.519245660904431, -31.753386222032404 ], [ -60.519331740792168, -31.753439998097772 ], [ -60.51941696208835, -31.753493237661679 ], [ -60.51950287872188, -31.753546681448082 ], [ -60.519524992640378, -31.753560435188597 ], [ -60.519665856572139, -31.753391707541844 ], [ -60.519613780718863, -31.753359479636497 ], [ -60.519460407890719, -31.753263117698186 ], [ -60.519449656356109, -31.753256362649321 ], [ -60.519396621444081, -31.75322403855716 ], [ -60.519314945834722, -31.753174258242794 ], [ -60.519222976226189, -31.753117771997559 ], [ -60.519170785104713, -31.75308571699469 ], [ -60.519082298421189, -31.753029887382723 ], [ -60.51905812135707, -31.753014633131425 ], [ -60.5190497987752, -31.753009824160543 ] ] ] ] } },
{ "type": "Feature", "properties": { "fid": 277, "nombre": "Plaza Prefectura Naval Argentina", "tipo": "PARQUE PUBLICO", "area": 490 }, "geometry": { "type": "MultiPolygon", "coordinates": [ [ [ [ -60.519563492072933, -31.719242503626365 ], [ -60.519563744944904, -31.719242562521622 ], [ -60.519593177271915, -31.719251530370126 ], [ -60.519757691526827, -31.71904673798851 ], [ -60.519759131375018, -31.719031314607712 ], [ -60.519746506611156, -31.719018873098605 ], [ -60.519648294972001, -31.719006314446091 ], [ -60.519527027297848, -31.718991226487852 ], [ -60.519484700511491, -31.718986066818736 ], [ -60.519463045600922, -31.718991029696237 ], [ -60.519450659947047, -31.719003212518139 ], [ -60.519451215021228, -31.719030157083633 ], [ -60.519563436844074, -31.719242217825094 ], [ -60.519563492072933, -31.719242503626365 ] ] ] ] } },
{ "type": "Feature", "properties": { "fid": 278, "nombre": "Espacio Verde", "tipo": "PLAZA", "area": 552 }, "geometry": { "type": "MultiPolygon", "coordinates": [ [ [ [ -60.492961233677228, -31.728133304269655 ], [ -60.492937870460068, -31.728031726044478 ], [ -60.492915526147357, -31.727916854381604 ], [ -60.492893922776496, -31.727822942930381 ], [ -60.492726351879746, -31.727850424471594 ], [ -60.492801819084214, -31.72815944819116 ], [ -60.492961233677228, -31.728133304269655 ] ] ] ] } },
{ "type": "Feature", "properties": { "fid": 279, "nombre": "Plazoleta Vecinal La Perlita", "tipo": "PLAZA", "area": 431 }, "geometry": { "type": "MultiPolygon", "coordinates": [ [ [ [ -60.499271644465132, -31.757621545129062 ], [ -60.499341802091905, -31.757760383226575 ], [ -60.49973807575337, -31.757573232019954 ], [ -60.499721433483984, -31.757545288369101 ], [ -60.499271644465132, -31.757621545129062 ] ] ] ] } },
{ "type": "Feature", "properties": { "fid": 280, "nombre": "Nuevo Parque", "tipo": "PARQUE PUBLICO", "area": 54619 }, "geometry": { "type": "MultiPolygon", "coordinates": [ [ [ [ -60.54358393587831, -31.719828812663945 ], [ -60.543654846854437, -31.719810833590266 ], [ -60.543775136401713, -31.7197587802989 ], [ -60.543970940572486, -31.719635775445077 ], [ -60.544396055696453, -31.719391530661735 ], [ -60.544774440101641, -31.719176117646839 ], [ -60.545043667187734, -31.719006983809681 ], [ -60.545566542418051, -31.718678325599829 ], [ -60.545673251745626, -31.718595786255481 ], [ -60.545750963820943, -31.718519097652592 ], [ -60.545804156160358, -31.718450149573901 ], [ -60.545837116112018, -31.718358381309532 ], [ -60.54584764415101, -31.718249528988405 ], [ -60.545851484007287, -31.7181426141996 ], [ -60.545819616424048, -31.71803967008513 ], [ -60.545767882192123, -31.717595118048123 ], [ -60.545735053192445, -31.717328012675146 ], [ -60.545710176042313, -31.717274669978288 ], [ -60.545676545449787, -31.717251907131903 ], [ -60.545605041725445, -31.717244577556031 ], [ -60.5454486916314, -31.717239519865267 ], [ -60.545189596901537, -31.717231083587951 ], [ -60.544961720852143, -31.717214877746148 ], [ -60.544736144941055, -31.717210115065839 ], [ -60.544557564429454, -31.717222331359352 ], [ -60.54446393068848, -31.717249455856834 ], [ -60.544321391874398, -31.717314967084381 ], [ -60.54409856168818, -31.717398000935269 ], [ -60.543853355523019, -31.717473494253344 ], [ -60.543674930338327, -31.717512433246021 ], [ -60.543373907082163, -31.717590072559137 ], [ -60.543361073462449, -31.71759811508695 ], [ -60.543489231489133, -31.71770334598234 ], [ -60.543321220047247, -31.717832176188864 ], [ -60.543421268320017, -31.717970110364483 ], [ -60.543554197836997, -31.718230693432442 ], [ -60.543685557418776, -31.718345304081893 ], [ -60.543483659787434, -31.718394104171615 ], [ -60.543345396963716, -31.718494044897682 ], [ -60.543182691423119, -31.718520063370338 ], [ -60.543020375083735, -31.718620475673664 ], [ -60.542497806592003, -31.718684690291781 ], [ -60.542757313330526, -31.719081640611055 ], [ -60.54287895968551, -31.719262468091038 ], [ -60.543011672104292, -31.719426068220869 ], [ -60.543146573620348, -31.719582023282495 ], [ -60.543341570335365, -31.719703361904198 ], [ -60.54358393587831, -31.719828812663945 ] ] ] ] } },
{ "type": "Feature", "properties": { "fid": 281, "nombre": "Parque Berduc", "tipo": "PARQUE PUBLICO", "area": 7110 }, "geometry": { "type": "MultiPolygon", "coordinates": [ [ [ [ -60.520658777383652, -31.725550921817579 ], [ -60.521084398999072, -31.726403847420851 ], [ -60.521178194952839, -31.726374310201628 ], [ -60.521181395615535, -31.726373302281612 ], [ -60.521286956564346, -31.726344208185594 ], [ -60.521392225711573, -31.726315194409345 ], [ -60.521484406346268, -31.726289787939962 ], [ -60.521494992386842, -31.726286712675101 ], [ -60.521620033354409, -31.726250387955229 ], [ -60.521626484209548, -31.726270736728612 ], [ -60.521634425838307, -31.726289841491777 ], [ -60.521651186387139, -31.726337823074882 ], [ -60.521655887148469, -31.726353856635203 ], [ -60.521818857285261, -31.726303786673316 ], [ -60.521334691636227, -31.725364140805198 ], [ -60.520658777383652, -31.725550921817579 ] ] ] ] } },
{ "type": "Feature", "properties": { "fid": 282, "nombre": "Nuevo Parque", "tipo": "PARQUE PUBLICO", "area": 120647 }, "geometry": { "type": "MultiPolygon", "coordinates": [ [ [ [ -60.543828571261614, -31.713617222456023 ], [ -60.544136419700799, -31.713938912427295 ], [ -60.544846117024235, -31.713485381106587 ], [ -60.545126191144504, -31.713264660390806 ], [ -60.545550894349127, -31.71295551087632 ], [ -60.545953332005411, -31.712657908697111 ], [ -60.546600554623716, -31.71221608854751 ], [ -60.547101090495829, -31.711893246468616 ], [ -60.547408398560016, -31.711748759927165 ], [ -60.547907335942504, -31.711534728903693 ], [ -60.547974268493235, -31.711524896762889 ], [ -60.548043501348779, -31.71152650810432 ], [ -60.548088295203193, -31.711549222371392 ], [ -60.548137644827236, -31.711587188243204 ], [ -60.548852841216949, -31.712452661353566 ], [ -60.548857577038454, -31.712498454575815 ], [ -60.548813164820658, -31.712540641555893 ], [ -60.548741889340171, -31.712571490734849 ], [ -60.548664420692269, -31.71268826703912 ], [ -60.548536110116451, -31.71289307144982 ], [ -60.548394580785214, -31.713128474988146 ], [ -60.548348317030779, -31.713235572376302 ], [ -60.54832884916204, -31.713342554511186 ], [ -60.54832270062375, -31.713436117060866 ], [ -60.548296974239676, -31.713997444313193 ], [ -60.548284800589961, -31.714205566758221 ], [ -60.548299164813521, -31.714369670377174 ], [ -60.548324941388174, -31.714575720705643 ], [ -60.548397457429417, -31.715134716432349 ], [ -60.548427678079385, -31.715336929798092 ], [ -60.5484490790341, -31.715558270084305 ], [ -60.548470064295401, -31.715708982867902 ], [ -60.548474867547455, -31.715766229187775 ], [ -60.548470761047497, -31.715827331634866 ], [ -60.548457778490786, -31.7158980167615 ], [ -60.548433799163888, -31.71599738268101 ], [ -60.548381048373969, -31.716140777034816 ], [ -60.548335019104591, -31.71628796025518 ], [ -60.548339631305524, -31.71631275610936 ], [ -60.548366506802317, -31.71632600281259 ], [ -60.548471472361562, -31.716327460199924 ], [ -60.548634464035374, -31.71632294111749 ], [ -60.548763982123255, -31.716322383707592 ], [ -60.548869048896719, -31.716341020424711 ], [ -60.548954074310068, -31.716369287844916 ], [ -60.549115271758204, -31.716439222939425 ], [ -60.549390784027089, -31.716581203442274 ], [ -60.549507275564487, -31.716643695075437 ], [ -60.549585771124882, -31.716700623698628 ], [ -60.549637537388108, -31.716769120901944 ], [ -60.549682638270305, -31.716843373517559 ], [ -60.549741475665975, -31.716974833852287 ], [ -60.549804847003095, -31.717117727996662 ], [ -60.549836369380763, -31.717161496726817 ], [ -60.549865127305758, -31.71716764112476 ], [ -60.549900988146852, -31.717137356793678 ], [ -60.550751894010375, -31.716394939982901 ], [ -60.550905185771988, -31.716260654773031 ], [ -60.551187249466842, -31.715999825403937 ], [ -60.551478006515303, -31.71569887092959 ], [ -60.551677568467248, -31.715459395196426 ], [ -60.551802297186477, -31.715293101786603 ], [ -60.551802670225044, -31.715293055396053 ], [ -60.550381339919305, -31.713845622498837 ], [ -60.548779067594417, -31.712213850550413 ], [ -60.548416502012707, -31.711840903715686 ], [ -60.54793760635696, -31.711357103649917 ], [ -60.54793760635696, -31.711357103649917 ], [ -60.546780228196369, -31.71185656013542 ], [ -60.546780228196369, -31.71185656013542 ], [ -60.546780228196369, -31.71185656013542 ], [ -60.546207479814754, -31.711145532900343 ], [ -60.545702480916063, -31.711459023969415 ], [ -60.545702480916063, -31.711459023969415 ], [ -60.54611575335278, -31.712176170128927 ], [ -60.546126478378042, -31.712193683529108 ], [ -60.545547010557989, -31.712552668158761 ], [ -60.543828571261614, -31.713617222456023 ] ] ] ] } },
{ "type": "Feature", "properties": { "fid": 283, "nombre": "Sin nominar", "tipo": "PLAZA", "area": 2958 }, "geometry": { "type": "MultiPolygon", "coordinates": [ [ [ [ -60.536406011760164, -31.773930960290404 ], [ -60.536336809013562, -31.773620907659929 ], [ -60.536025715706501, -31.773671579893978 ], [ -60.535714103561098, -31.77372233582307 ], [ -60.535839673627038, -31.774284949070019 ], [ -60.536406011760164, -31.773930960290404 ] ] ] ] } },
{ "type": "Feature", "properties": { "fid": 285, "nombre": "Maria Reina Inmaculada", "tipo": "PLAZA", "area": 607 }, "geometry": { "type": "MultiPolygon", "coordinates": [ [ [ [ -60.524392032818604, -31.751051990531181 ], [ -60.524355307286051, -31.751030181427673 ], [ -60.524292115498334, -31.751034720329404 ], [ -60.524399109644293, -31.751466180424252 ], [ -60.524591832058483, -31.751199709507471 ], [ -60.524370274003402, -31.751080902383041 ], [ -60.524392032818604, -31.751051990531181 ] ] ] ] } },
{ "type": "Feature", "properties": { "fid": 286, "nombre": "Sin nominar", "tipo": "PLAZA", "area": 360 }, "geometry": { "type": "MultiPolygon", "coordinates": [ [ [ [ -60.553309783890043, -31.738334090372543 ], [ -60.553324937663689, -31.738331753643113 ], [ -60.553271974017271, -31.738088717966431 ], [ -60.553135630554152, -31.738109275778825 ], [ -60.553188688206241, -31.738352763398346 ], [ -60.553205935995386, -31.738350103786576 ], [ -60.553309783890043, -31.738334090372543 ] ] ] ] } },
{ "type": "Feature", "properties": { "fid": 287, "nombre": "Espacio Verde", "tipo": "PLAZA", "area": 557 }, "geometry": { "type": "MultiPolygon", "coordinates": [ [ [ [ -60.493577654215528, -31.727863034081143 ], [ -60.493496035335312, -31.727875883081936 ], [ -60.493344082352074, -31.727895797794702 ], [ -60.493265559253395, -31.727908159155657 ], [ -60.493303503135657, -31.728077171510623 ], [ -60.493587799021036, -31.728030545764859 ], [ -60.493606778348763, -31.728004111369291 ], [ -60.493577654215528, -31.727863034081143 ] ] ] ] } },
{ "type": "Feature", "properties": { "fid": 288, "nombre": "Espacio Verde", "tipo": "PLAZA", "area": 648 }, "geometry": { "type": "MultiPolygon", "coordinates": [ [ [ [ -60.491772058668559, -31.728526393682809 ], [ -60.491833399595158, -31.72881438818122 ], [ -60.491958078694793, -31.728793871962957 ], [ -60.492045600308842, -31.728786548570426 ], [ -60.491981481917541, -31.728500931995288 ], [ -60.491772058668559, -31.728526393682809 ] ] ] ] } },
{ "type": "Feature", "properties": { "fid": 290, "nombre": "Linares Cardozo", "tipo": "PLAZA", "area": 1456 }, "geometry": { "type": "MultiPolygon", "coordinates": [ [ [ [ -60.491732164155799, -31.728315068981992 ], [ -60.491755722301662, -31.728287022784468 ], [ -60.49224930563004, -31.728225725342131 ], [ -60.492189300581522, -31.727958432749116 ], [ -60.491671178301331, -31.728043400686808 ], [ -60.491732164155799, -31.728315068981992 ] ] ] ] } },
{ "type": "Feature", "properties": { "fid": 299, "nombre": "reserva", "tipo": "RESERVA MUNICIPAL", "area": 6524 }, "geometry": { "type": "MultiPolygon", "coordinates": [ [ [ [ -60.546712552676325, -31.773725869336378 ], [ -60.546668833613907, -31.773517257856572 ], [ -60.545579984772537, -31.773683660121513 ], [ -60.545543806163195, -31.773728033199593 ], [ -60.545639578831739, -31.77418539205247 ], [ -60.545691521508651, -31.774216298496381 ], [ -60.54678045715746, -31.774049882875836 ], [ -60.546712552676325, -31.773725869336378 ] ] ] ] } },
{ "type": "Feature", "properties": { "fid": 274, "nombre": "Reserva", "tipo": "RESERVA MUNICIPAL", "area": 120 }, "geometry": { "type": "MultiPolygon", "coordinates": [ [ [ [ -60.488946066619192, -31.73888744508471 ], [ -60.489042608800943, -31.738872872240339 ], [ -60.489046658590944, -31.738900540415308 ], [ -60.489084345200787, -31.738895177414513 ], [ -60.489086096669361, -31.73890748194593 ], [ -60.48896995908872, -31.738925582568399 ], [ -60.488976121160256, -31.738956064591815 ], [ -60.489109288579122, -31.738936696116028 ], [ -60.489032709603762, -31.738573698506514 ], [ -60.488890625462446, -31.738593724613718 ], [ -60.488946066619192, -31.73888744508471 ] ] ] ] } },
{ "type": "Feature", "properties": { "fid": 292, "nombre": "reserva sin escriturar", "tipo": "RESERVA MUNICIPAL SIN ESCRITUR", "area": 2671 }, "geometry": { "type": "MultiPolygon", "coordinates": [ [ [ [ -60.502502618710324, -31.777946210887876 ], [ -60.502538237446508, -31.778096324058058 ], [ -60.502542174307237, -31.778095686502869 ], [ -60.502574755291235, -31.778244674603876 ], [ -60.503235215497803, -31.778127851840306 ], [ -60.503275688375112, -31.778085529113579 ], [ -60.503226875531972, -31.777869777962923 ], [ -60.503172505137911, -31.77783736752211 ], [ -60.502502618710324, -31.777946210887876 ] ] ] ] } },
{ "type": "Feature", "properties": { "fid": 296, "nombre": "reserva sin escriturar", "tipo": "RESERVA MUNICIPAL SIN ESCRITUR", "area": 2515 }, "geometry": { "type": "MultiPolygon", "coordinates": [ [ [ [ -60.48502625272404, -31.733594573370748 ], [ -60.484713990004742, -31.733639017636232 ], [ -60.48477979077164, -31.733976703511807 ], [ -60.484831273841159, -31.734008140409721 ], [ -60.485367534847114, -31.73393181381218 ], [ -60.485404318095632, -31.733887813878695 ], [ -60.485338515135048, -31.733550128342891 ], [ -60.48502625272404, -31.733594573370748 ] ] ] ] } },
{ "type": "Feature", "properties": { "fid": 301, "nombre": "reserva sin escriturar", "tipo": "RESERVA MUNICIPAL SIN ESCRITUR", "area": 1426 }, "geometry": { "type": "MultiPolygon", "coordinates": [ [ [ [ -60.531796971508761, -31.771232241752294 ], [ -60.532220216273316, -31.771163314454604 ], [ -60.532242498812238, -31.771092494765853 ], [ -60.532239703414476, -31.771079967423585 ], [ -60.532192859814437, -31.770870041198354 ], [ -60.532178757232465, -31.770872337894701 ], [ -60.532075061754618, -31.770889225320023 ], [ -60.53197136623789, -31.770906112661269 ], [ -60.531763975087763, -31.770939887091629 ], [ -60.531732866401825, -31.770944953227183 ], [ -60.531796971508761, -31.771232241752294 ] ] ] ] } },
{ "type": "Feature", "properties": { "fid": 305, "nombre": "reserva sin escriturar", "tipo": "RESERVA MUNICIPAL SIN ESCRITUR", "area": 6000 }, "geometry": { "type": "MultiPolygon", "coordinates": [ [ [ [ -60.555890287182095, -31.767591967615047 ], [ -60.556123539442865, -31.768655649630102 ], [ -60.556123539442865, -31.768655649630116 ], [ -60.556642251481172, -31.768572334996648 ], [ -60.556408993524514, -31.767508653983111 ], [ -60.555890287182095, -31.767591967615047 ] ] ] ] } },
{ "type": "Feature", "properties": { "fid": 307, "nombre": "reserva sin escriturar", "tipo": "RESERVA MUNICIPAL SIN ESCRITUR", "area": 1072 }, "geometry": { "type": "MultiPolygon", "coordinates": [ [ [ [ -60.505631411084217, -31.781688877972766 ], [ -60.505585307440185, -31.781469376055195 ], [ -60.505518763701232, -31.781480025608694 ], [ -60.50541320254689, -31.781496919370703 ], [ -60.505307723560001, -31.781513799889449 ], [ -60.505366475773421, -31.781781671027481 ], [ -60.505418772284429, -31.781812204395209 ], [ -60.505649556752893, -31.781775270171845 ], [ -60.505631411084217, -31.781688877972766 ] ] ] ] } },
{ "type": "Feature", "properties": { "fid": 291, "nombre": "reserva sin escriturar", "tipo": "RESERVA MUNICIPAL SIN ESCRITUR", "area": 2556 }, "geometry": { "type": "MultiPolygon", "coordinates": [ [ [ [ -60.484714159168895, -31.739550435266789 ], [ -60.484961883935767, -31.739515076758668 ], [ -60.484968706593051, -31.739548431867139 ], [ -60.485472235194258, -31.739476560133063 ], [ -60.485509019283342, -31.739432518029457 ], [ -60.485491808228012, -31.739344456355312 ], [ -60.485398131070902, -31.739357827663564 ], [ -60.485356859650864, -31.739146657500285 ], [ -60.484653857752946, -31.739255624340675 ], [ -60.484685124290372, -31.739408485290461 ], [ -60.484712666218776, -31.739543136324322 ], [ -60.484714159168895, -31.739550435266789 ] ] ] ] } },
{ "type": "Feature", "properties": { "fid": 300, "nombre": "reserva", "tipo": "RESERVA MUNICIPAL", "area": 4805 }, "geometry": { "type": "MultiPolygon", "coordinates": [ [ [ [ -60.540620899738293, -31.769786534515084 ], [ -60.540061903510285, -31.770227951972142 ], [ -60.540155210058082, -31.770727968871235 ], [ -60.540206456855245, -31.770759709605102 ], [ -60.540743532767841, -31.77068656239836 ], [ -60.540780686417811, -31.770642781943703 ], [ -60.540620899738293, -31.769786534515084 ] ] ] ] } },
{ "type": "Feature", "properties": { "fid": 302, "nombre": "reserva", "tipo": "RESERVA MUNICIPAL", "area": 5018 }, "geometry": { "type": "MultiPolygon", "coordinates": [ [ [ [ -60.534237785853662, -31.775399270053178 ], [ -60.533913072171636, -31.775448344269059 ], [ -60.533715366958525, -31.775613610356913 ], [ -60.533695496299075, -31.775667256488013 ], [ -60.533811260593588, -31.776226249126488 ], [ -60.533863135074199, -31.776257240561492 ], [ -60.53439870890297, -31.776176299321119 ], [ -60.534434987635805, -31.776131985299806 ], [ -60.534289660007921, -31.775430261320796 ], [ -60.534237785853662, -31.775399270053178 ] ] ] ] } },
{ "type": "Feature", "properties": { "fid": 303, "nombre": "reserva", "tipo": "RESERVA MUNICIPAL", "area": 5277 }, "geometry": { "type": "MultiPolygon", "coordinates": [ [ [ [ -60.527504380990329, -31.776845905557607 ], [ -60.52745674658162, -31.776853453909407 ], [ -60.527400582136785, -31.776862353942754 ], [ -60.527405126273372, -31.776883280005212 ], [ -60.527424381112894, -31.776971949758668 ], [ -60.527443635990373, -31.777060619507605 ], [ -60.527462890905788, -31.777149289251984 ], [ -60.527482145859175, -31.777237958991819 ], [ -60.527501365421301, -31.777326465574806 ], [ -60.528226223993954, -31.777203330052341 ], [ -60.528077571329924, -31.776518800466658 ], [ -60.528025396560579, -31.776488178852286 ], [ -60.527540035119706, -31.776565092742164 ], [ -60.527597799926056, -31.776831101938956 ], [ -60.527560545414616, -31.776837005478683 ], [ -60.527504380990329, -31.776845905557607 ] ] ] ] } },
{ "type": "Feature", "properties": { "fid": 289, "nombre": "reserva", "tipo": "RESERVA MUNICIPAL", "area": 1200 }, "geometry": { "type": "MultiPolygon", "coordinates": [ [ [ [ -60.483598933981973, -31.765101668057344 ], [ -60.483702649725174, -31.765084898171533 ], [ -60.483806365429835, -31.765068128201566 ], [ -60.483910073719301, -31.765051359340251 ], [ -60.483873290010479, -31.764873739397046 ], [ -60.483769566888526, -31.764890509309605 ], [ -60.483665843728033, -31.764907279138022 ], [ -60.483562120529022, -31.764924048882335 ], [ -60.483458397291471, -31.764940818542488 ], [ -60.483354674015409, -31.764957588118534 ], [ -60.483250951991472, -31.764974363842892 ], [ -60.483287786521274, -31.765151977210156 ], [ -60.483598933981973, -31.765101668057344 ] ] ] ] } },
{ "type": "Feature", "properties": { "fid": 314, "nombre": "reserva sin escriturar", "tipo": "RESERVA MUNICIPAL SIN ESCRITUR", "area": 2536 }, "geometry": { "type": "MultiPolygon", "coordinates": [ [ [ [ -60.539480760530807, -31.765658558726738 ], [ -60.540409683377213, -31.765511516572797 ], [ -60.540355068718853, -31.765259684549896 ], [ -60.539426148289976, -31.765406726284386 ], [ -60.539480760530807, -31.765658558726738 ] ] ] ] } },
{ "type": "Feature", "properties": { "fid": 293, "nombre": "reserva", "tipo": "RESERVA MUNICIPAL", "area": 1772 }, "geometry": { "type": "MultiPolygon", "coordinates": [ [ [ [ -60.497778844860555, -31.713592290185144 ], [ -60.498053937066089, -31.713561037608109 ], [ -60.49808540744678, -31.713514088764384 ], [ -60.497960711016944, -31.713263036839443 ], [ -60.497900947400453, -31.712993738416813 ], [ -60.497845535286267, -31.71296758247686 ], [ -60.497648818937861, -31.712989930824136 ], [ -60.497713822262817, -31.713291066892992 ], [ -60.497778844860555, -31.713592290185144 ] ] ] ] } },
{ "type": "Feature", "properties": { "fid": 318, "nombre": "Reserva", "tipo": "RESERVA MUNICIPAL", "area": 1905 }, "geometry": { "type": "MultiPolygon", "coordinates": [ [ [ [ -60.48547085, -31.72684932 ], [ -60.48547085, -31.72684932 ], [ -60.48534736, -31.72629853 ], [ -60.48534736, -31.72629853 ], [ -60.48507785, -31.72634133 ], [ -60.48520133, -31.72689211 ], [ -60.48547085, -31.72684932 ] ] ] ] } },
{ "type": "Feature", "properties": { "fid": 315, "nombre": "reserva", "tipo": "RESERVA MUNICIPAL", "area": 1244 }, "geometry": { "type": "MultiPolygon", "coordinates": [ [ [ [ -60.506377067606202, -31.767164877456448 ], [ -60.506586871901419, -31.767131254358475 ], [ -60.506475313813034, -31.766623377902039 ], [ -60.506423069412875, -31.766592846153831 ], [ -60.506423069412861, -31.766592846153831 ], [ -60.506254443781863, -31.766619869939124 ], [ -60.506294296238785, -31.766796996853106 ], [ -60.506299821516087, -31.766821554261728 ], [ -60.506336308460824, -31.766983722214174 ], [ -60.506368029251021, -31.767124706280605 ], [ -60.506373212950677, -31.767147745356514 ], [ -60.506377067606202, -31.767164877456448 ] ] ] ] } },
{ "type": "Feature", "properties": { "fid": 319, "nombre": "reserva", "tipo": "RESERVA MUNICIPAL", "area": 2052 }, "geometry": { "type": "MultiPolygon", "coordinates": [ [ [ [ -60.474938289462578, -31.718829567186422 ], [ -60.474832667693285, -31.718326258669901 ], [ -60.474528868140283, -31.718372840917709 ], [ -60.47446537558357, -31.718450926230634 ], [ -60.474556975550549, -31.718887425384303 ], [ -60.474764378451972, -31.71885625788051 ], [ -60.474938289462578, -31.718829567186422 ] ] ] ] } },
{ "type": "Feature", "properties": { "fid": 320, "nombre": "reserva sin escriturar", "tipo": "RESERVA MUNICIPAL SIN ESCRITUR", "area": 1328 }, "geometry": { "type": "MultiPolygon", "coordinates": [ [ [ [ -60.513640127686884, -31.785271935580909 ], [ -60.513584501183651, -31.784970370308944 ], [ -60.513526972178205, -31.784658488911052 ], [ -60.513299380437395, -31.784697667329961 ], [ -60.513268490906846, -31.78472701463831 ], [ -60.513383336165958, -31.784992356285926 ], [ -60.513488575061309, -31.785258020095494 ], [ -60.51353904907095, -31.785287086608072 ], [ -60.513640127686884, -31.785271935580909 ] ] ] ] } },
{ "type": "Feature", "properties": { "fid": 321, "nombre": "reserva", "tipo": "RESERVA MUNICIPAL", "area": 2713 }, "geometry": { "type": "MultiPolygon", "coordinates": [ [ [ [ -60.483334258077605, -31.766972781991576 ], [ -60.483417100805816, -31.767359758931057 ], [ -60.483506547159038, -31.767777579059544 ], [ -60.483817856463283, -31.767728589344276 ], [ -60.483653631418839, -31.766960310389432 ], [ -60.483601530644293, -31.766930508616493 ], [ -60.483334258077605, -31.766972781991576 ] ] ] ] } },
{ "type": "Feature", "properties": { "fid": 322, "nombre": "reserva", "tipo": "RESERVA MUNICIPAL", "area": 2853 }, "geometry": { "type": "MultiPolygon", "coordinates": [ [ [ [ -60.482519803494675, -31.764025005719919 ], [ -60.482136647142923, -31.764087645834902 ], [ -60.482212143811985, -31.764443992652453 ], [ -60.482419569524005, -31.764410433385233 ], [ -60.48274807127541, -31.764357284567215 ], [ -60.482955496589135, -31.764323724430696 ], [ -60.482881408541949, -31.763965887776042 ], [ -60.482519803494675, -31.764025005719919 ] ] ] ] } },
{ "type": "Feature", "properties": { "fid": 323, "nombre": "reserva sin escriturar", "tipo": "RESERVA MUNICIPAL SIN ESCRITUR", "area": 2756 }, "geometry": { "type": "MultiPolygon", "coordinates": [ [ [ [ -60.522359466825002, -31.775679717998802 ], [ -60.523357854626475, -31.775523308150948 ], [ -60.523303353347359, -31.775266492740098 ], [ -60.522313072682898, -31.775424631947335 ], [ -60.522359466825002, -31.775679717998802 ] ] ] ] } },
{ "type": "Feature", "properties": { "fid": 324, "nombre": "reserva sin escriturar", "tipo": "RESERVA MUNICIPAL SIN ESCRITUR", "area": 5811 }, "geometry": { "type": "MultiPolygon", "coordinates": [ [ [ [ -60.540966301819601, -31.769268166572477 ], [ -60.541261407263207, -31.76892272782678 ], [ -60.541221413951135, -31.768702143632357 ], [ -60.541080816376081, -31.768721490067865 ], [ -60.539625237338008, -31.770309840396873 ], [ -60.538819009436182, -31.770435765448248 ], [ -60.538523848849216, -31.770672693582668 ], [ -60.538535747069901, -31.770747544808387 ], [ -60.53949716872593, -31.77042828312975 ], [ -60.540966301819601, -31.769268166572477 ] ] ] ] } },
{ "type": "Feature", "properties": { "fid": 325, "nombre": "reserva sin escriturar", "tipo": "RESERVA MUNICIPAL SIN ESCRITUR", "area": 18838 }, "geometry": { "type": "MultiPolygon", "coordinates": [ [ [ [ -60.537252090297159, -31.772023300539097 ], [ -60.537252090297159, -31.772023300539097 ], [ -60.537311051198827, -31.771872079876687 ], [ -60.537313266881306, -31.771866397169145 ], [ -60.537429142234878, -31.771680894148158 ], [ -60.537504976982525, -31.771562165091844 ], [ -60.537573623059295, -31.771448708397191 ], [ -60.538031148829859, -31.771110835414699 ], [ -60.538285415015785, -31.770947017423161 ], [ -60.53853906697028, -31.770778424962391 ], [ -60.538535747069901, -31.770747544808387 ], [ -60.538523848849216, -31.770672693582668 ], [ -60.538819009436182, -31.770435765448248 ], [ -60.539625237338008, -31.770309840396873 ], [ -60.541080816376081, -31.768721490067865 ], [ -60.540596621586673, -31.768795556855931 ], [ -60.540610097177719, -31.768859854058153 ], [ -60.54022886076126, -31.769144825477927 ], [ -60.540250639811511, -31.769248743213648 ], [ -60.539841284473745, -31.769635571690351 ], [ -60.539453441440536, -31.769801499763226 ], [ -60.539089191252387, -31.769892991122994 ], [ -60.538937332876657, -31.77007679063599 ], [ -60.538476862639179, -31.770210073571139 ], [ -60.53824707720316, -31.770245218483957 ], [ -60.538097794113753, -31.770370837541879 ], [ -60.537929761802303, -31.770450955750164 ], [ -60.537654403895914, -31.770703659490628 ], [ -60.537568343310639, -31.770858146087313 ], [ -60.537252090297159, -31.772023300539097 ] ] ] ] } },
{ "type": "Feature", "properties": { "fid": 326, "nombre": "reserva sin escriturar", "tipo": "RESERVA MUNICIPAL SIN ESCRITUR", "area": 2947 }, "geometry": { "type": "MultiPolygon", "coordinates": [ [ [ [ -60.538718869372204, -31.770880246962985 ], [ -60.538732789621896, -31.770960403930292 ], [ -60.539961687430967, -31.770793045258365 ], [ -60.539998841494395, -31.770749265027963 ], [ -60.539922154259763, -31.770338305454704 ], [ -60.539611030233068, -31.770583984140085 ], [ -60.538718869372204, -31.770880246962985 ] ] ] ] } },
{ "type": "Feature", "properties": { "fid": 327, "nombre": "reserva sin escriturar", "tipo": "RESERVA MUNICIPAL SIN ESCRITUR", "area": 132320 }, "geometry": { "type": "MultiPolygon", "coordinates": [ [ [ [ -60.535293124025671, -31.762424458590644 ], [ -60.535251318857767, -31.762218214806019 ], [ -60.535123677685164, -31.762119647957437 ], [ -60.535016088731624, -31.761557886605068 ], [ -60.535278951195266, -31.761518689711373 ], [ -60.535418023510573, -31.762227557775802 ], [ -60.536119999270177, -31.762122879383742 ], [ -60.536154054969316, -31.76229486473823 ], [ -60.536336369180816, -31.762267420629524 ], [ -60.536344148975182, -31.762249764838565 ], [ -60.536349100236002, -31.762241327400343 ], [ -60.5363547280703, -31.762233205480477 ], [ -60.536361005079819, -31.762225438619051 ], [ -60.536375381378484, -31.762211119404917 ], [ -60.536383410679058, -31.762204636762622 ], [ -60.536400956326801, -31.762193183051455 ], [ -60.536410387256161, -31.762188267742765 ], [ -60.536420196393813, -31.762183926263408 ], [ -60.536430335985777, -31.762180179748949 ], [ -60.536451407713614, -31.762174541586344 ], [ -60.536473192604504, -31.762171462914448 ], [ -60.536495266952755, -31.762171003611989 ], [ -60.53650627849769, -31.76217176101752 ], [ -60.53651720142296, -31.762173172612108 ], [ -60.536527982552428, -31.762175231523671 ], [ -60.536538569400278, -31.762177927728793 ], [ -60.536548910426461, -31.76218124810153 ], [ -60.536558955287717, -31.762185176477303 ], [ -60.536568655082505, -31.762189693731546 ], [ -60.536577962589256, -31.762194777872903 ], [ -60.536586832496013, -31.762200404150203 ], [ -60.53659522162134, -31.762206545172987 ], [ -60.536603089124249, -31.762213171044849 ], [ -60.536610396703189, -31.762220249508989 ], [ -60.536617108782444, -31.762227746105236 ], [ -60.53662319268539, -31.762235624337858 ], [ -60.536628618793529, -31.762243845853082 ], [ -60.536633360690672, -31.762252370626051 ], [ -60.536637395291557, -31.762261157155411 ], [ -60.536640702954294, -31.762270162665619 ], [ -60.536643267575911, -31.762279343314898 ], [ -60.53664612143141, -31.762298050618426 ], [ -60.536646396771353, -31.762307486199472 ], [ -60.536644637578746, -31.762326291766392 ], [ -60.536642611610084, -31.762335570200619 ], [ -60.536639833306729, -31.762344705348866 ], [ -60.536636316194226, -31.76235365273822 ], [ -60.536632077394778, -31.762362368809789 ], [ -60.536627137544102, -31.762370811130864 ], [ -60.536615254179587, -31.762386711654102 ], [ -60.536608368517626, -31.762394092447188 ], [ -60.536600897226542, -31.76240104504841 ], [ -60.536592876679009, -31.76240753561019 ], [ -60.536587428528094, -31.762411463175994 ], [ -60.536716043776359, -31.76306918380552 ], [ -60.536460137633718, -31.763107345788441 ], [ -60.536322043950669, -31.762406916347626 ], [ -60.53629205886714, -31.762411430069662 ], [ -60.536338725556121, -31.762650082202612 ], [ -60.535586753342393, -31.762762268572274 ], [ -60.535540279838585, -31.762524594595646 ], [ -60.534632151382084, -31.762661287968708 ], [ -60.534735382612737, -31.763189255822855 ], [ -60.53515609478827, -31.763126522786937 ], [ -60.535119640211775, -31.762940083800931 ], [ -60.535156354167533, -31.762895794878403 ], [ -60.535876012160983, -31.762788481911656 ], [ -60.535919842897442, -31.763012635377994 ], [ -60.536077980781705, -31.762989053811616 ], [ -60.536087083409754, -31.762971858307122 ], [ -60.536092665079316, -31.762963709150831 ], [ -60.536098898497336, -31.762955912502076 ], [ -60.536105753295239, -31.762948506345055 ], [ -60.536113196077238, -31.762941526761587 ], [ -60.536121190582939, -31.762935007755349 ], [ -60.536129697864077, -31.762928981085981 ], [ -60.536148082670692, -31.762918519660776 ], [ -60.536167992659799, -31.76291034610426 ], [ -60.536178399453625, -31.76290716882205 ], [ -60.536189040308727, -31.762904619504216 ], [ -60.536210815951918, -31.762901451321472 ], [ -60.536221844652104, -31.762900847891505 ], [ -60.536232895754601, -31.762900903220611 ], [ -60.536243915419988, -31.762901617039226 ], [ -60.536254849962006, -31.76290298586969 ], [ -60.536265646109065, -31.76290500304329 ], [ -60.536276251263864, -31.76290765873264 ], [ -60.536286613759522, -31.762910939999543 ], [ -60.536296683111374, -31.762914830858154 ], [ -60.536306410262917, -31.762919312352725 ], [ -60.536315747824737, -31.762924362650036 ], [ -60.536324650305424, -31.762929957145733 ], [ -60.536333074333243, -31.762936068584192 ], [ -60.536340978867386, -31.762942667191293 ], [ -60.536348325397881, -31.762949720819506 ], [ -60.536355078133305, -31.762957195104487 ], [ -60.536361204175059, -31.762965053632559 ], [ -60.536371459994378, -31.762981768589405 ], [ -60.536375539806556, -31.762990543585069 ], [ -60.536381503950153, -31.763008715065954 ], [ -60.536384450022041, -31.763027418875058 ], [ -60.536384320678764, -31.763046290965569 ], [ -60.536381118435934, -31.76306496401514 ], [ -60.536378382142999, -31.763074111976042 ], [ -60.53637490561956, -31.763083074575277 ], [ -60.536370705802597, -31.763091808148033 ], [ -60.536365803153011, -31.763100270145376 ], [ -60.536360221555718, -31.763108419341346 ], [ -60.536353988203508, -31.763116216033964 ], [ -60.536339690733989, -31.763130601872881 ], [ -60.536331696272143, -31.763137120932896 ], [ -60.536314210444928, -31.763148652687892 ], [ -60.53629501632372, -31.76315799305107 ], [ -60.536274487499838, -31.763164960222927 ], [ -60.536253023543296, -31.763169418595329 ], [ -60.536231042225651, -31.763171281391074 ], [ -60.536219991090633, -31.763171226117773 ], [ -60.536198036806148, -31.763169143573911 ], [ -60.53617663541543, -31.763164470806341 ], [ -60.536166272872514, -31.763161189583027 ], [ -60.53614647627186, -31.763152817308413 ], [ -60.53612823613188, -31.763142172582295 ], [ -60.536119812056342, -31.763136061172929 ], [ -60.536111907475558, -31.763129462592094 ], [ -60.536104560899751, -31.763122408987375 ], [ -60.536041022801008, -31.763131883832646 ], [ -60.536173908869628, -31.763811459909615 ], [ -60.535907712893255, -31.763851154887519 ], [ -60.535808153921828, -31.76334200632915 ], [ -60.535413332873475, -31.763400880696501 ], [ -60.535421491188082, -31.763442603768357 ], [ -60.534724495814316, -31.763546534178825 ], [ -60.53469876325051, -31.763530958207131 ], [ -60.534660970229702, -31.763337669946559 ], [ -60.534391655435243, -31.763377826892675 ], [ -60.534391443112597, -31.763378020883785 ], [ -60.534437803090988, -31.763607092357187 ], [ -60.534683670158664, -31.763570431667848 ], [ -60.534709558580623, -31.763585979160183 ], [ -60.534828544403176, -31.764168960150144 ], [ -60.534559631196863, -31.764209057244869 ], [ -60.534562540194514, -31.764223430792871 ], [ -60.535421771626737, -31.76408471554517 ], [ -60.535468446654242, -31.764313394489875 ], [ -60.537494915837271, -31.763986214566561 ], [ -60.537435119593255, -31.763702177121825 ], [ -60.538161149514103, -31.763584948898362 ], [ -60.538220947889961, -31.76386898598377 ], [ -60.538272807249939, -31.763860612355913 ], [ -60.538237303209414, -31.763691971917446 ], [ -60.539006893635587, -31.763567705035868 ], [ -60.538992186971591, -31.763497852480128 ], [ -60.538336894814655, -31.763603663765593 ], [ -60.538289861318418, -31.763380259574777 ], [ -60.539048869871415, -31.763257700685319 ], [ -60.539091943461479, -31.763462287884501 ], [ -60.539109976497855, -31.763547939351891 ], [ -60.539135485818981, -31.763516287564851 ], [ -60.539970659813484, -31.763381424240009 ], [ -60.539961783071888, -31.763339264255073 ], [ -60.539661312428578, -31.763387784722276 ], [ -60.539530107751006, -31.76276461532429 ], [ -60.539502000375158, -31.762769154107065 ], [ -60.539483313086045, -31.762680396159258 ], [ -60.539084520304783, -31.762744792552834 ], [ -60.53918087047655, -31.763202428802973 ], [ -60.53891814293727, -31.763244852887404 ], [ -60.538787765654952, -31.762625588007189 ], [ -60.539050491512405, -31.762583164206319 ], [ -60.539065216751844, -31.762653105524439 ], [ -60.539464009155168, -31.762588709194581 ], [ -60.539445321941066, -31.762499951237896 ], [ -60.538930989009131, -31.762583004606125 ], [ -60.538882436262405, -31.762360029341956 ], [ -60.539726313401566, -31.762223760746227 ], [ -60.539506521446107, -31.761193087429309 ], [ -60.539417387015909, -31.760758803982625 ], [ -60.539366632827637, -31.760728491523047 ], [ -60.537019041425474, -31.761078312575744 ], [ -60.536076699717519, -31.760719998012611 ], [ -60.535963777690725, -31.760708052846802 ], [ -60.53543336514916, -31.760787080501892 ], [ -60.535478968602277, -31.761010517905941 ], [ -60.534715424848514, -31.76112427635427 ], [ -60.534669823165949, -31.760900838661257 ], [ -60.534629893911884, -31.760906787484988 ], [ -60.534785103432839, -31.761667275162157 ], [ -60.534518802186284, -31.761706949502624 ], [ -60.534363594767107, -31.760946461482458 ], [ -60.534011717676016, -31.760998884219688 ], [ -60.533957029281879, -31.761061886937302 ], [ -60.533957029281865, -31.761061886937302 ], [ -60.533964143696544, -31.761100003458321 ], [ -60.533964143696558, -31.761100003458306 ], [ -60.534171780695765, -31.761071722024241 ], [ -60.534234947059048, -31.761410139594545 ], [ -60.534027309326532, -31.761438421138195 ], [ -60.534027309326518, -31.761438421138195 ], [ -60.534046109504963, -31.761539144916096 ], [ -60.534046109504978, -31.761539144916103 ], [ -60.53437093001974, -31.761490753284438 ], [ -60.534498807380793, -31.762134497751987 ], [ -60.534360404867947, -31.762155117019979 ], [ -60.53442370479916, -31.762485640198534 ], [ -60.534228184696161, -31.762514618415334 ], [ -60.534228184696147, -31.762514618415349 ], [ -60.534240917921537, -31.762582836253646 ], [ -60.53447106883273, -31.762548194813206 ], [ -60.534428798048459, -31.762327477226869 ], [ -60.535143864353465, -31.762220852567626 ], [ -60.535185949280034, -31.762440590914053 ], [ -60.535293124025671, -31.762424458590644 ] ] ] ] } },
{ "type": "Feature", "properties": { "fid": 328, "nombre": "reserva sin escriturar", "tipo": "RESERVA MUNICIPAL SIN ESCRITUR", "area": 12904 }, "geometry": { "type": "MultiPolygon", "coordinates": [ [ [ [ -60.536199709455339, -31.759825460620299 ], [ -60.535454219777513, -31.759936534967615 ], [ -60.535408734280857, -31.759712622384427 ], [ -60.535379764469695, -31.759570011380127 ], [ -60.534996203182509, -31.759627280281759 ], [ -60.535040442232471, -31.7598450620828 ], [ -60.53432629434851, -31.759954616791674 ], [ -60.534281274413736, -31.7597340218494 ], [ -60.534281274413722, -31.759734021849368 ], [ -60.533929008130059, -31.759786614974278 ], [ -60.534002772882637, -31.760181825454012 ], [ -60.533798449771595, -31.760212265326192 ], [ -60.533808423062453, -31.760265699722751 ], [ -60.533808423062467, -31.760265699722762 ], [ -60.53413860581108, -31.760216509222865 ], [ -60.534262623969454, -31.760824189242506 ], [ -60.534419013477809, -31.760800890062953 ], [ -60.534373322232213, -31.760577009078894 ], [ -60.535129999149717, -31.760464275195922 ], [ -60.535175692153381, -31.760688155893089 ], [ -60.535371906307965, -31.760658922047131 ], [ -60.53524062827303, -31.760015706386479 ], [ -60.535506820375495, -31.759976046075721 ], [ -60.535638100187271, -31.760619261446365 ], [ -60.535792201380232, -31.760596301423565 ], [ -60.535839213334711, -31.76050737449232 ], [ -60.535656445836352, -31.760436840989716 ], [ -60.535921484638394, -31.759935496959699 ], [ -60.53610425134098, -31.76000603009626 ], [ -60.536199709455339, -31.759825460620299 ] ] ] ] } }
]
}
