{
"type": "FeatureCollection",
"name": "vecinales",
"crs": { "type": "name", "properties": { "name": "urn:ogc:def:crs:OGC:1.3:CRS84" } },
"features": [
{ "type": "Feature", "properties": { "Name": "Lomas del Sur" }, "geometry": { "type": "Polygon", "coordinates": [ [ [ -60.523041, -31.76642, 0.0 ], [ -60.527388, -31.765744, 0.0 ], [ -60.527399, -31.76575, 0.0 ], [ -60.527256, -31.766029, 0.0 ], [ -60.526334, -31.767101, 0.0 ], [ -60.526116, -31.767328, 0.0 ], [ -60.523805, -31.769745, 0.0 ], [ -60.523257, -31.767237, 0.0 ], [ -60.523041, -31.76642, 0.0 ] ] ] } },
{ "type": "Feature", "properties": { "Name": "El Ceibo" }, "geometry": { "type": "Polygon", "coordinates": [ [ [ -60.500643, -31.738222, 0.0 ], [ -60.500599, -31.738037, 0.0 ], [ -60.50227, -31.73793, 0.0 ], [ -60.502691, -31.737936, 0.0 ], [ -60.502955, -31.737939, 0.0 ], [ -60.503315, -31.739666, 0.0 ], [ -60.502515, -31.739776, 0.0 ], [ -60.501393, -31.740231, 0.0 ], [ -60.501365, -31.740077, 0.0 ], [ -60.501369, -31.740073, 0.0 ], [ -60.501378, -31.740064, 0.0 ], [ -60.501381, -31.74006, 0.0 ], [ -60.501385, -31.740055, 0.0 ], [ -60.501388, -31.74005, 0.0 ], [ -60.501393, -31.740046, 0.0 ], [ -60.501398, -31.740042, 0.0 ], [ -60.501402, -31.740038, 0.0 ], [ -60.501406, -31.740033, 0.0 ], [ -60.501411, -31.74003, 0.0 ], [ -60.501415, -31.740025, 0.0 ], [ -60.501421, -31.740021, 0.0 ], [ -60.501433, -31.740016, 0.0 ], [ -60.501438, -31.74001, 0.0 ], [ -60.501442, -31.740004, 0.0 ], [ -60.501445, -31.739999, 0.0 ], [ -60.501447, -31.739993, 0.0 ], [ -60.501449, -31.739988, 0.0 ], [ -60.501453, -31.739981, 0.0 ], [ -60.501454, -31.739976, 0.0 ], [ -60.501455, -31.73997, 0.0 ], [ -60.501456, -31.739964, 0.0 ], [ -60.501458, -31.739959, 0.0 ], [ -60.50146, -31.739953, 0.0 ], [ -60.501464, -31.739942, 0.0 ], [ -60.501468, -31.739937, 0.0 ], [ -60.501472, -31.739933, 0.0 ], [ -60.501476, -31.739929, 0.0 ], [ -60.501482, -31.739926, 0.0 ], [ -60.501488, -31.739922, 0.0 ], [ -60.501493, -31.739918, 0.0 ], [ -60.501497, -31.739913, 0.0 ], [ -60.501497, -31.739906, 0.0 ], [ -60.5015, -31.7399, 0.0 ], [ -60.501505, -31.739896, 0.0 ], [ -60.501507, -31.739891, 0.0 ], [ -60.501507, -31.739884, 0.0 ], [ -60.501504, -31.739878, 0.0 ], [ -60.501505, -31.739872, 0.0 ], [ -60.501507, -31.739865, 0.0 ], [ -60.501509, -31.739859, 0.0 ], [ -60.501512, -31.739853, 0.0 ], [ -60.501512, -31.739847, 0.0 ], [ -60.501512, -31.73984, 0.0 ], [ -60.501512, -31.739834, 0.0 ], [ -60.501509, -31.739829, 0.0 ], [ -60.501508, -31.739824, 0.0 ], [ -60.501511, -31.739819, 0.0 ], [ -60.501324, -31.739853, 0.0 ], [ -60.501253, -31.739866, 0.0 ], [ -60.501253, -31.739855, 0.0 ], [ -60.50125, -31.739849, 0.0 ], [ -60.501249, -31.739844, 0.0 ], [ -60.501247, -31.739838, 0.0 ], [ -60.501244, -31.739833, 0.0 ], [ -60.501243, -31.739827, 0.0 ], [ -60.501243, -31.739816, 0.0 ], [ -60.501242, -31.739811, 0.0 ], [ -60.501239, -31.739805, 0.0 ], [ -60.501237, -31.7398, 0.0 ], [ -60.501234, -31.739786, 0.0 ], [ -60.501232, -31.739781, 0.0 ], [ -60.501231, -31.739775, 0.0 ], [ -60.501234, -31.739764, 0.0 ], [ -60.501232, -31.739759, 0.0 ], [ -60.501229, -31.739753, 0.0 ], [ -60.501226, -31.739748, 0.0 ], [ -60.501224, -31.739743, 0.0 ], [ -60.501223, -31.739737, 0.0 ], [ -60.501223, -31.739731, 0.0 ], [ -60.501222, -31.739726, 0.0 ], [ -60.501222, -31.73972, 0.0 ], [ -60.501223, -31.739715, 0.0 ], [ -60.50122, -31.739704, 0.0 ], [ -60.501218, -31.739699, 0.0 ], [ -60.501214, -31.739694, 0.0 ], [ -60.501212, -31.739689, 0.0 ], [ -60.501211, -31.739684, 0.0 ], [ -60.50121, -31.739678, 0.0 ], [ -60.501209, -31.739672, 0.0 ], [ -60.501207, -31.739667, 0.0 ], [ -60.501204, -31.739662, 0.0 ], [ -60.501201, -31.739657, 0.0 ], [ -60.501199, -31.739652, 0.0 ], [ -60.501198, -31.739646, 0.0 ], [ -60.501197, -31.739641, 0.0 ], [ -60.501195, -31.739636, 0.0 ], [ -60.501192, -31.73963, 0.0 ], [ -60.50119, -31.739625, 0.0 ], [ -60.501188, -31.739619, 0.0 ], [ -60.501187, -31.739614, 0.0 ], [ -60.501187, -31.739608, 0.0 ], [ -60.501188, -31.739602, 0.0 ], [ -60.501187, -31.739597, 0.0 ], [ -60.501185, -31.739591, 0.0 ], [ -60.501181, -31.739587, 0.0 ], [ -60.501178, -31.739583, 0.0 ], [ -60.501176, -31.739577, 0.0 ], [ -60.501177, -31.739565, 0.0 ], [ -60.501177, -31.73956, 0.0 ], [ -60.501175, -31.739555, 0.0 ], [ -60.501173, -31.739549, 0.0 ], [ -60.501172, -31.739544, 0.0 ], [ -60.501172, -31.739538, 0.0 ], [ -60.501167, -31.739521, 0.0 ], [ -60.501168, -31.739516, 0.0 ], [ -60.501167, -31.73951, 0.0 ], [ -60.501166, -31.739504, 0.0 ], [ -60.501164, -31.739499, 0.0 ], [ -60.501161, -31.739494, 0.0 ], [ -60.501158, -31.739489, 0.0 ], [ -60.501154, -31.739484, 0.0 ], [ -60.501149, -31.739481, 0.0 ], [ -60.501148, -31.739475, 0.0 ], [ -60.501148, -31.739469, 0.0 ], [ -60.501149, -31.739463, 0.0 ], [ -60.501149, -31.739458, 0.0 ], [ -60.501149, -31.739452, 0.0 ], [ -60.501147, -31.739446, 0.0 ], [ -60.501145, -31.739441, 0.0 ], [ -60.501141, -31.739436, 0.0 ], [ -60.501137, -31.739431, 0.0 ], [ -60.501134, -31.739426, 0.0 ], [ -60.501131, -31.739421, 0.0 ], [ -60.501129, -31.739419, 0.0 ], [ -60.501126, -31.739415, 0.0 ], [ -60.501123, -31.73941, 0.0 ], [ -60.501117, -31.739398, 0.0 ], [ -60.501114, -31.739386, 0.0 ], [ -60.501114, -31.739377, 0.0 ], [ -60.501113, -31.739359, 0.0 ], [ -60.501113, -31.739342, 0.0 ], [ -60.501109, -31.739319, 0.0 ], [ -60.5011, -31.739298, 0.0 ], [ -60.501097, -31.739278, 0.0 ], [ -60.501075, -31.739247, 0.0 ], [ -60.501063, -31.739225, 0.0 ], [ -60.501043, -31.739196, 0.0 ], [ -60.501001, -31.739166, 0.0 ], [ -60.500976, -31.739135, 0.0 ], [ -60.500873, -31.739056, 0.0 ], [ -60.500953, -31.738925, 0.0 ], [ -60.500975, -31.738889, 0.0 ], [ -60.500973, -31.738883, 0.0 ], [ -60.500973, -31.738878, 0.0 ], [ -60.500972, -31.738872, 0.0 ], [ -60.500969, -31.738867, 0.0 ], [ -60.500965, -31.738863, 0.0 ], [ -60.500958, -31.738853, 0.0 ], [ -60.500956, -31.738848, 0.0 ], [ -60.500955, -31.738843, 0.0 ], [ -60.500955, -31.738837, 0.0 ], [ -60.500958, -31.738826, 0.0 ], [ -60.500956, -31.738821, 0.0 ], [ -60.500954, -31.738815, 0.0 ], [ -60.500951, -31.738809, 0.0 ], [ -60.50095, -31.738805, 0.0 ], [ -60.500937, -31.738774, 0.0 ], [ -60.500916, -31.738738, 0.0 ], [ -60.500897, -31.738708, 0.0 ], [ -60.500876, -31.738672, 0.0 ], [ -60.500867, -31.73864, 0.0 ], [ -60.500861, -31.738595, 0.0 ], [ -60.500853, -31.738562, 0.0 ], [ -60.500857, -31.738543, 0.0 ], [ -60.500843, -31.738506, 0.0 ], [ -60.500838, -31.738484, 0.0 ], [ -60.500831, -31.738461, 0.0 ], [ -60.500828, -31.738448, 0.0 ], [ -60.500805, -31.738443, 0.0 ], [ -60.500802, -31.738439, 0.0 ], [ -60.500798, -31.738433, 0.0 ], [ -60.500793, -31.738423, 0.0 ], [ -60.500787, -31.738413, 0.0 ], [ -60.500783, -31.738409, 0.0 ], [ -60.500778, -31.738405, 0.0 ], [ -60.500769, -31.738396, 0.0 ], [ -60.500768, -31.73839, 0.0 ], [ -60.500768, -31.738385, 0.0 ], [ -60.500766, -31.738379, 0.0 ], [ -60.500757, -31.738371, 0.0 ], [ -60.500752, -31.738367, 0.0 ], [ -60.500749, -31.738362, 0.0 ], [ -60.500747, -31.738357, 0.0 ], [ -60.500743, -31.738345, 0.0 ], [ -60.500741, -31.73834, 0.0 ], [ -60.500739, -31.738334, 0.0 ], [ -60.500735, -31.73833, 0.0 ], [ -60.500725, -31.738323, 0.0 ], [ -60.500723, -31.738317, 0.0 ], [ -60.500722, -31.738312, 0.0 ], [ -60.500722, -31.738306, 0.0 ], [ -60.500716, -31.738295, 0.0 ], [ -60.500712, -31.73829, 0.0 ], [ -60.500707, -31.738285, 0.0 ], [ -60.500702, -31.73828, 0.0 ], [ -60.500696, -31.73827, 0.0 ], [ -60.500694, -31.738264, 0.0 ], [ -60.500693, -31.738259, 0.0 ], [ -60.500689, -31.738254, 0.0 ], [ -60.500685, -31.738249, 0.0 ], [ -60.500677, -31.73824, 0.0 ], [ -60.500673, -31.738235, 0.0 ], [ -60.500671, -31.73823, 0.0 ], [ -60.500669, -31.738225, 0.0 ], [ -60.500667, -31.738218, 0.0 ], [ -60.500643, -31.738222, 0.0 ] ] ] } },
{ "type": "Feature", "properties": { "Name": "La Delfina" }, "geometry": { "type": "Polygon", "coordinates": [ [ [ -60.526403, -31.752209, 0.0 ], [ -60.526755, -31.751736, 0.0 ], [ -60.526907, -31.751611, 0.0 ], [ -60.527091, -31.751591, 0.0 ], [ -60.527114, -31.75159, 0.0 ], [ -60.527151, -31.751593, 0.0 ], [ -60.527182, -31.75159, 0.0 ], [ -60.527194, -31.751587, 0.0 ], [ -60.527428, -31.751557, 0.0 ], [ -60.527632, -31.751396, 0.0 ], [ -60.527883, -31.75098, 0.0 ], [ -60.528021, -31.750587, 0.0 ], [ -60.528309, -31.750346, 0.0 ], [ -60.52857, -31.750177, 0.0 ], [ -60.528879, -31.75008, 0.0 ], [ -60.529166, -31.749591, 0.0 ], [ -60.529341, -31.749215, 0.0 ], [ -60.529743, -31.749109, 0.0 ], [ -60.529889, -31.749099, 0.0 ], [ -60.529894, -31.749149, 0.0 ], [ -60.529903, -31.749158, 0.0 ], [ -60.530167, -31.749135, 0.0 ], [ -60.530308, -31.749104, 0.0 ], [ -60.530461, -31.749069, 0.0 ], [ -60.530533, -31.749053, 0.0 ], [ -60.530575, -31.74905, 0.0 ], [ -60.530803, -31.748997, 0.0 ], [ -60.530968, -31.748971, 0.0 ], [ -60.53116, -31.748957, 0.0 ], [ -60.531226, -31.748948, 0.0 ], [ -60.531288, -31.749051, 0.0 ], [ -60.531315, -31.749127, 0.0 ], [ -60.53159, -31.749749, 0.0 ], [ -60.53074, -31.750049, 0.0 ], [ -60.530535, -31.750097, 0.0 ], [ -60.53018, -31.750291, 0.0 ], [ -60.529622, -31.750749, 0.0 ], [ -60.529039, -31.750311, 0.0 ], [ -60.526738, -31.752543, 0.0 ], [ -60.526126, -31.753128, 0.0 ], [ -60.526123, -31.753131, 0.0 ], [ -60.526032, -31.752709, 0.0 ], [ -60.526161, -31.752535, 0.0 ], [ -60.526228, -31.752526, 0.0 ], [ -60.52629, -31.752439, 0.0 ], [ -60.526326, -31.75238, 0.0 ], [ -60.526403, -31.752209, 0.0 ] ] ] } },
{ "type": "Feature", "properties": { "Name": "Orlando Sachetti" }, "geometry": { "type": "Polygon", "coordinates": [ [ [ -60.50188, -31.731243, 0.0 ], [ -60.501899, -31.73146, 0.0 ], [ -60.501888, -31.731597, 0.0 ], [ -60.501802, -31.731798, 0.0 ], [ -60.501543, -31.73195, 0.0 ], [ -60.501329, -31.732133, 0.0 ], [ -60.501221, -31.73229, 0.0 ], [ -60.501158, -31.732423, 0.0 ], [ -60.501152, -31.732581, 0.0 ], [ -60.501104, -31.732777, 0.0 ], [ -60.49827, -31.733215, 0.0 ], [ -60.497737, -31.730813, 0.0 ], [ -60.497732, -31.730795, 0.0 ], [ -60.501141, -31.730284, 0.0 ], [ -60.50122, -31.73027, 0.0 ], [ -60.501879, -31.73118, 0.0 ], [ -60.50188, -31.731243, 0.0 ] ] ] } },
{ "type": "Feature", "properties": { "Name": "Costanera Oeste" }, "geometry": { "type": "Polygon", "coordinates": [ [ [ -60.555937, -31.733906, 0.0 ], [ -60.555933, -31.733906, 0.0 ], [ -60.55394, -31.733927, 0.0 ], [ -60.553688, -31.732638, 0.0 ], [ -60.553575, -31.73251, 0.0 ], [ -60.554858, -31.7322, 0.0 ], [ -60.555009, -31.73216, 0.0 ], [ -60.555016, -31.732158, 0.0 ], [ -60.555027, -31.732155, 0.0 ], [ -60.555955, -31.733906, 0.0 ], [ -60.555937, -31.733906, 0.0 ] ] ] } },
{ "type": "Feature", "properties": { "Name": "1 de Julio" }, "geometry": { "type": "Polygon", "coordinates": [ [ [ -60.506666, -31.731476, 0.0 ], [ -60.506496, -31.730649, 0.0 ], [ -60.506867, -31.730559, 0.0 ], [ -60.506928, -31.730483, 0.0 ], [ -60.507177, -31.730099, 0.0 ], [ -60.507226, -31.730235, 0.0 ], [ -60.507717, -31.730411, 0.0 ], [ -60.508123, -31.730765, 0.0 ], [ -60.508676, -31.731265, 0.0 ], [ -60.508639, -31.731534, 0.0 ], [ -60.50883, -31.73239, 0.0 ], [ -60.506931, -31.732653, 0.0 ], [ -60.506666, -31.731476, 0.0 ] ] ] } },
{ "type": "Feature", "properties": { "Name": "Italia" }, "geometry": { "type": "Polygon", "coordinates": [ [ [ -60.513902, -31.723208, 0.0 ], [ -60.514199, -31.723015, 0.0 ], [ -60.515462, -31.722447, 0.0 ], [ -60.515696, -31.722349, 0.0 ], [ -60.517575, -31.725603, 0.0 ], [ -60.514733, -31.726617, 0.0 ], [ -60.514669, -31.726646, 0.0 ], [ -60.51402, -31.723691, 0.0 ], [ -60.513902, -31.723209, 0.0 ], [ -60.513902, -31.723208, 0.0 ] ] ] } },
{ "type": "Feature", "properties": { "Name": "El Trebol" }, "geometry": { "type": "Polygon", "coordinates": [ [ [ -60.46762, -31.755583, 0.0 ], [ -60.462687, -31.756349, 0.0 ], [ -60.461999, -31.754409, 0.0 ], [ -60.461286, -31.753377, 0.0 ], [ -60.460884, -31.75159, 0.0 ], [ -60.466605, -31.750709, 0.0 ], [ -60.466628, -31.750711, 0.0 ], [ -60.467188, -31.750586, 0.0 ], [ -60.472271, -31.749823, 0.0 ], [ -60.473135, -31.753998, 0.0 ], [ -60.47328, -31.754699, 0.0 ], [ -60.46762, -31.755583, 0.0 ] ] ] } },
{ "type": "Feature", "properties": { "Name": "Altos del Parana" }, "geometry": { "type": "Polygon", "coordinates": [ [ [ -60.501879, -31.73118, 0.0 ], [ -60.501109, -31.730116, 0.0 ], [ -60.500946, -31.729963, 0.0 ], [ -60.50078, -31.72975, 0.0 ], [ -60.50069, -31.729658, 0.0 ], [ -60.500671, -31.72958, 0.0 ], [ -60.500722, -31.729508, 0.0 ], [ -60.500772, -31.729326, 0.0 ], [ -60.500873, -31.729176, 0.0 ], [ -60.501015, -31.729033, 0.0 ], [ -60.501103, -31.728982, 0.0 ], [ -60.501208, -31.728812, 0.0 ], [ -60.501312, -31.728589, 0.0 ], [ -60.501374, -31.728398, 0.0 ], [ -60.501324, -31.728237, 0.0 ], [ -60.501172, -31.728162, 0.0 ], [ -60.501052, -31.728206, 0.0 ], [ -60.500991, -31.728272, 0.0 ], [ -60.500708, -31.72836, 0.0 ], [ -60.500563, -31.728405, 0.0 ], [ -60.500602, -31.727985, 0.0 ], [ -60.500604, -31.727985, 0.0 ], [ -60.500478, -31.727919, 0.0 ], [ -60.500474, -31.727919, 0.0 ], [ -60.500471, -31.727923, 0.0 ], [ -60.500471, -31.727921, 0.0 ], [ -60.497277, -31.728511, 0.0 ], [ -60.497126, -31.72788, 0.0 ], [ -60.49705, -31.727517, 0.0 ], [ -60.498146, -31.727053, 0.0 ], [ -60.499737, -31.726329, 0.0 ], [ -60.500476, -31.726003, 0.0 ], [ -60.501037, -31.725776, 0.0 ], [ -60.501864, -31.725474, 0.0 ], [ -60.502353, -31.725298, 0.0 ], [ -60.504137, -31.724871, 0.0 ], [ -60.504506, -31.724797, 0.0 ], [ -60.505317, -31.724634, 0.0 ], [ -60.505755, -31.726925, 0.0 ], [ -60.505436, -31.726989, 0.0 ], [ -60.505451, -31.727197, 0.0 ], [ -60.505398, -31.727414, 0.0 ], [ -60.505244, -31.727673, 0.0 ], [ -60.505187, -31.728006, 0.0 ], [ -60.505232, -31.728173, 0.0 ], [ -60.505174, -31.728344, 0.0 ], [ -60.505224, -31.728515, 0.0 ], [ -60.505288, -31.728685, 0.0 ], [ -60.505294, -31.728848, 0.0 ], [ -60.505314, -31.728956, 0.0 ], [ -60.505384, -31.729181, 0.0 ], [ -60.505629, -31.729397, 0.0 ], [ -60.506054, -31.72957, 0.0 ], [ -60.506398, -31.729408, 0.0 ], [ -60.506601, -31.729385, 0.0 ], [ -60.506611, -31.729429, 0.0 ], [ -60.506643, -31.729498, 0.0 ], [ -60.50704, -31.729765, 0.0 ], [ -60.507177, -31.730099, 0.0 ], [ -60.506928, -31.730483, 0.0 ], [ -60.506867, -31.730559, 0.0 ], [ -60.506496, -31.730649, 0.0 ], [ -60.504076, -31.731022, 0.0 ], [ -60.503651, -31.728994, 0.0 ], [ -60.504347, -31.728789, 0.0 ], [ -60.504162, -31.727244, 0.0 ], [ -60.50311, -31.727269, 0.0 ], [ -60.502473, -31.727554, 0.0 ], [ -60.501886, -31.727678, 0.0 ], [ -60.502025, -31.728209, 0.0 ], [ -60.501825, -31.728671, 0.0 ], [ -60.501593, -31.728809, 0.0 ], [ -60.501499, -31.728863, 0.0 ], [ -60.501453, -31.728911, 0.0 ], [ -60.501526, -31.729396, 0.0 ], [ -60.501754, -31.730011, 0.0 ], [ -60.502017, -31.730616, 0.0 ], [ -60.502237, -31.731129, 0.0 ], [ -60.502179, -31.731139, 0.0 ], [ -60.501879, -31.73118, 0.0 ] ] ] } },
{ "type": "Feature", "properties": { "Name": "Barrio Vitali" }, "geometry": { "type": "Polygon", "coordinates": [ [ [ -60.485418, -31.756511, 0.0 ], [ -60.48569, -31.757814, 0.0 ], [ -60.483166, -31.758198, 0.0 ], [ -60.482282, -31.758333, 0.0 ], [ -60.482186, -31.758348, 0.0 ], [ -60.480048, -31.758684, 0.0 ], [ -60.477722, -31.75902, 0.0 ], [ -60.478629, -31.75386, 0.0 ], [ -60.484673, -31.752938, 0.0 ], [ -60.485418, -31.756511, 0.0 ] ] ] } },
{ "type": "Feature", "properties": { "Name": "Miguel David Este" }, "geometry": { "type": "Polygon", "coordinates": [ [ [ -60.472752, -31.7799565, 0.0 ], [ -60.4596871, -31.7819061, 0.0 ], [ -60.460781, -31.7794925, 0.0 ], [ -60.460774, -31.7794625, 0.0 ], [ -60.460796, -31.7794625, 0.0 ], [ -60.462347, -31.7765565, 0.0 ], [ -60.462363, -31.7765275, 0.0 ], [ -60.463687, -31.7742205, 0.0 ], [ -60.46455, -31.7730575, 0.0 ], [ -60.465193, -31.7723895, 0.0 ], [ -60.466758, -31.7708735, 0.0 ], [ -60.467696, -31.7699645, 0.0 ], [ -60.4701948, -31.7678247, 0.0 ], [ -60.4706742, -31.7702364, 0.0 ], [ -60.4709067, -31.7714103, 0.0 ], [ -60.4711527, -31.7725116, 0.0 ], [ -60.4713428, -31.7734545, 0.0 ], [ -60.471526, -31.7743825, 0.0 ], [ -60.471694, -31.7751065, 0.0 ], [ -60.472752, -31.7799565, 0.0 ] ] ] } },
{ "type": "Feature", "properties": { "Name": "Antonio Gauchito Gill" }, "geometry": { "type": "Polygon", "coordinates": [ [ [ -60.513876, -31.764648, 0.0 ], [ -60.5142, -31.76603, 0.0 ], [ -60.511271, -31.76647, 0.0 ], [ -60.510928, -31.764977, 0.0 ], [ -60.513257, -31.764604, 0.0 ], [ -60.513578, -31.764693, 0.0 ], [ -60.513876, -31.764648, 0.0 ] ] ] } },
{ "type": "Feature", "properties": { "Name": "San Francisco Javier" }, "geometry": { "type": "Polygon", "coordinates": [ [ [ -60.510928, -31.764977, 0.0 ], [ -60.51077, -31.76422, 0.0 ], [ -60.510592, -31.76339, 0.0 ], [ -60.512501, -31.763095, 0.0 ], [ -60.513502, -31.762927, 0.0 ], [ -60.513876, -31.764648, 0.0 ], [ -60.513578, -31.764693, 0.0 ], [ -60.513257, -31.764604, 0.0 ], [ -60.510928, -31.764977, 0.0 ] ] ] } },
{ "type": "Feature", "properties": { "Name": "Unidad" }, "geometry": { "type": "Polygon", "coordinates": [ [ [ -60.487766, -31.767577, 0.0 ], [ -60.488787, -31.772457, 0.0 ], [ -60.483076, -31.773319, 0.0 ], [ -60.482065, -31.768472, 0.0 ], [ -60.487766, -31.767577, 0.0 ] ] ] } },
{ "type": "Feature", "properties": { "Name": "Thompson" }, "geometry": { "type": "Polygon", "coordinates": [ [ [ -60.512827, -31.718037, 0.0 ], [ -60.512923, -31.718358, 0.0 ], [ -60.510219, -31.718767, 0.0 ], [ -60.508579, -31.718403, 0.0 ], [ -60.507468, -31.717882, 0.0 ], [ -60.507635, -31.717634, 0.0 ], [ -60.508511, -31.716941, 0.0 ], [ -60.509525, -31.7174, 0.0 ], [ -60.509923, -31.717461, 0.0 ], [ -60.511038, -31.717654, 0.0 ], [ -60.512188, -31.717885, 0.0 ], [ -60.512827, -31.718037, 0.0 ] ] ] } },
{ "type": "Feature", "properties": { "Name": "6 de Febrero" }, "geometry": { "type": "Polygon", "coordinates": [ [ [ -60.498457, -31.776001, 0.0 ], [ -60.499404, -31.78082, 0.0 ], [ -60.493717, -31.78171, 0.0 ], [ -60.492738, -31.776848, 0.0 ], [ -60.49552, -31.776437, 0.0 ], [ -60.498457, -31.776001, 0.0 ] ] ] } },
{ "type": "Feature", "properties": { "Name": "Antartida Argentina" }, "geometry": { "type": "Polygon", "coordinates": [ [ [ -60.553163, -31.729179, 0.0 ], [ -60.55445, -31.728681, 0.0 ], [ -60.555261, -31.728619, 0.0 ], [ -60.556121, -31.72864, 0.0 ], [ -60.55689, -31.728219, 0.0 ], [ -60.557613, -31.728199, 0.0 ], [ -60.558636, -31.729397, 0.0 ], [ -60.559166, -31.729746, 0.0 ], [ -60.559881, -31.729968, 0.0 ], [ -60.559927, -31.731164, 0.0 ], [ -60.556835, -31.731678, 0.0 ], [ -60.555876, -31.731931, 0.0 ], [ -60.555027, -31.732155, 0.0 ], [ -60.555016, -31.732158, 0.0 ], [ -60.555009, -31.73216, 0.0 ], [ -60.554858, -31.7322, 0.0 ], [ -60.554293, -31.731177, 0.0 ], [ -60.55364, -31.730022, 0.0 ], [ -60.553163, -31.729179, 0.0 ] ] ] } },
{ "type": "Feature", "properties": { "Name": "Artigas" }, "geometry": { "type": "Polygon", "coordinates": [ [ [ -60.510592, -31.76339, 0.0 ], [ -60.509559, -31.758426, 0.0 ], [ -60.51144, -31.758139, 0.0 ], [ -60.512281, -31.758005, 0.0 ], [ -60.512288, -31.758057, 0.0 ], [ -60.512994, -31.76133, 0.0 ], [ -60.513502, -31.762927, 0.0 ], [ -60.512501, -31.763095, 0.0 ], [ -60.510592, -31.76339, 0.0 ] ] ] } },
{ "type": "Feature", "properties": { "Name": "Bartolome Mitre" }, "geometry": { "type": "Polygon", "coordinates": [ [ [ -60.533446, -31.745337, 0.0 ], [ -60.533277, -31.745015, 0.0 ], [ -60.5321, -31.7444, 0.0 ], [ -60.533902, -31.741824, 0.0 ], [ -60.534105, -31.741554, 0.0 ], [ -60.534815, -31.741851, 0.0 ], [ -60.535062, -31.741955, 0.0 ], [ -60.535417, -31.742304, 0.0 ], [ -60.535274, -31.742486, 0.0 ], [ -60.535178, -31.742513, 0.0 ], [ -60.535182, -31.742665, 0.0 ], [ -60.5348, -31.743486, 0.0 ], [ -60.534545, -31.743686, 0.0 ], [ -60.534499, -31.743866, 0.0 ], [ -60.534292, -31.744371, 0.0 ], [ -60.533961, -31.744816, 0.0 ], [ -60.53381, -31.745049, 0.0 ], [ -60.533662, -31.745176, 0.0 ], [ -60.533446, -31.745337, 0.0 ] ] ] } },
{ "type": "Feature", "properties": { "Name": "Villa Yatay" }, "geometry": { "type": "Polygon", "coordinates": [ [ [ -60.505436, -31.726989, 0.0 ], [ -60.505755, -31.726925, 0.0 ], [ -60.505317, -31.724634, 0.0 ], [ -60.505775, -31.72455, 0.0 ], [ -60.506351, -31.724459, 0.0 ], [ -60.508039, -31.724194, 0.0 ], [ -60.508124, -31.72418, 0.0 ], [ -60.508652, -31.726578, 0.0 ], [ -60.507682, -31.726682, 0.0 ], [ -60.506653, -31.726806, 0.0 ], [ -60.506965, -31.728335, 0.0 ], [ -60.506159, -31.728458, 0.0 ], [ -60.506398, -31.729408, 0.0 ], [ -60.506054, -31.72957, 0.0 ], [ -60.505629, -31.729397, 0.0 ], [ -60.505384, -31.729181, 0.0 ], [ -60.505314, -31.728956, 0.0 ], [ -60.505294, -31.728848, 0.0 ], [ -60.505288, -31.728685, 0.0 ], [ -60.505224, -31.728515, 0.0 ], [ -60.505174, -31.728344, 0.0 ], [ -60.505232, -31.728173, 0.0 ], [ -60.505187, -31.728006, 0.0 ], [ -60.505244, -31.727673, 0.0 ], [ -60.505398, -31.727414, 0.0 ], [ -60.505451, -31.727197, 0.0 ], [ -60.505436, -31.726989, 0.0 ] ] ] } },
{ "type": "Feature", "properties": { "Name": "Cassiano Calderon" }, "geometry": { "type": "Polygon", "coordinates": [ [ [ -60.544123, -31.736911, 0.0 ], [ -60.545144, -31.73835, 0.0 ], [ -60.544685, -31.738663, 0.0 ], [ -60.544529, -31.738889, 0.0 ], [ -60.543232, -31.740088, 0.0 ], [ -60.541184, -31.738437, 0.0 ], [ -60.542884, -31.73752, 0.0 ], [ -60.543827, -31.737057, 0.0 ], [ -60.544123, -31.736911, 0.0 ] ] ] } },
{ "type": "Feature", "properties": { "Name": "Corona Sur" }, "geometry": { "type": "Polygon", "coordinates": [ [ [ -60.480048, -31.758684, 0.0 ], [ -60.480052, -31.758705, 0.0 ], [ -60.481064, -31.763559, 0.0 ], [ -60.479084, -31.763875, 0.0 ], [ -60.478891, -31.763029, 0.0 ], [ -60.475181, -31.763621, 0.0 ], [ -60.475136, -31.763328, 0.0 ], [ -60.475135, -31.763322, 0.0 ], [ -60.476632, -31.762179, 0.0 ], [ -60.477482, -31.761254, 0.0 ], [ -60.477866, -31.760802, 0.0 ], [ -60.478119, -31.760357, 0.0 ], [ -60.478205, -31.759981, 0.0 ], [ -60.478326, -31.75959, 0.0 ], [ -60.478456, -31.759221, 0.0 ], [ -60.478613, -31.75889, 0.0 ], [ -60.480048, -31.758684, 0.0 ] ] ] } },
{ "type": "Feature", "properties": { "Name": "El Radar" }, "geometry": { "type": "Polygon", "coordinates": [ [ [ -60.492858, -31.791858, 0.0 ], [ -60.493913, -31.796722, 0.0 ], [ -60.488143, -31.797559, 0.0 ], [ -60.487139, -31.792717, 0.0 ], [ -60.492858, -31.791858, 0.0 ] ] ] } },
{ "type": "Feature", "properties": { "Name": "Corrales" }, "geometry": { "type": "Polygon", "coordinates": [ [ [ -60.491004, -31.762065, 0.0 ], [ -60.489949, -31.757183, 0.0 ], [ -60.49136, -31.756974, 0.0 ], [ -60.491391, -31.756969, 0.0 ], [ -60.495491, -31.756335, 0.0 ], [ -60.497674, -31.761037, 0.0 ], [ -60.491004, -31.762065, 0.0 ] ] ] } },
{ "type": "Feature", "properties": { "Name": "Cuenca de Unamuno" }, "geometry": { "type": "Polygon", "coordinates": [ [ [ -60.499756, -31.753429, 0.0 ], [ -60.500276, -31.753092, 0.0 ], [ -60.500289, -31.753084, 0.0 ], [ -60.500707, -31.752813, 0.0 ], [ -60.502155, -31.751876, 0.0 ], [ -60.502299, -31.751943, 0.0 ], [ -60.50331, -31.756868, 0.0 ], [ -60.503819, -31.759282, 0.0 ], [ -60.501013, -31.759768, 0.0 ], [ -60.499756, -31.753429, 0.0 ] ] ] } },
{ "type": "Feature", "properties": { "Name": "Enrique Berduc" }, "geometry": { "type": "Polygon", "coordinates": [ [ [ -60.51067, -31.728753, 0.0 ], [ -60.51123, -31.73115, 0.0 ], [ -60.509769, -31.73139, 0.0 ], [ -60.509239, -31.728986, 0.0 ], [ -60.51067, -31.728753, 0.0 ] ] ] } },
{ "type": "Feature", "properties": { "Name": "El Tunel" }, "geometry": { "type": "Polygon", "coordinates": [ [ [ -60.507779, -31.719162, 0.0 ], [ -60.507691, -31.720683, 0.0 ], [ -60.507168, -31.720317, 0.0 ], [ -60.503809, -31.720979, 0.0 ], [ -60.503609, -31.719801, 0.0 ], [ -60.503173, -31.719394, 0.0 ], [ -60.502952, -31.718226, 0.0 ], [ -60.502732, -31.717342, 0.0 ], [ -60.50357, -31.716938, 0.0 ], [ -60.505718, -31.716679, 0.0 ], [ -60.505681, -31.716996, 0.0 ], [ -60.505702, -31.717347, 0.0 ], [ -60.505884, -31.718415, 0.0 ], [ -60.506455, -31.719298, 0.0 ], [ -60.507779, -31.719162, 0.0 ] ] ] } },
{ "type": "Feature", "properties": { "Name": "El Progreso" }, "geometry": { "type": "Polygon", "coordinates": [ [ [ -60.542405, -31.736842, 0.0 ], [ -60.542418, -31.73686, 0.0 ], [ -60.542884, -31.73752, 0.0 ], [ -60.541184, -31.738437, 0.0 ], [ -60.54092, -31.738021, 0.0 ], [ -60.541572, -31.737643, 0.0 ], [ -60.541836, -31.737124, 0.0 ], [ -60.542405, -31.736842, 0.0 ] ] ] } },
{ "type": "Feature", "properties": { "Name": "Escuela Hogar" }, "geometry": { "type": "Polygon", "coordinates": [ [ [ -60.502563, -31.73311, 0.0 ], [ -60.502982, -31.735007, 0.0 ], [ -60.500958, -31.735324, 0.0 ], [ -60.501072, -31.734531, 0.0 ], [ -60.501004, -31.734374, 0.0 ], [ -60.501583, -31.734306, 0.0 ], [ -60.501699, -31.733978, 0.0 ], [ -60.50182, -31.733913, 0.0 ], [ -60.501727, -31.733237, 0.0 ], [ -60.502563, -31.73311, 0.0 ] ] ] } },
{ "type": "Feature", "properties": { "Name": "Fe y Esperanza" }, "geometry": { "type": "Polygon", "coordinates": [ [ [ -60.514943, -31.728056, 0.0 ], [ -60.51506, -31.728627, 0.0 ], [ -60.515434, -31.730444, 0.0 ], [ -60.515588, -31.731191, 0.0 ], [ -60.515943, -31.73292, 0.0 ], [ -60.515948, -31.732942, 0.0 ], [ -60.511628, -31.733617, 0.0 ], [ -60.511327, -31.732149, 0.0 ], [ -60.51123, -31.73115, 0.0 ], [ -60.51067, -31.728753, 0.0 ], [ -60.514943, -31.728056, 0.0 ] ] ] } },
{ "type": "Feature", "properties": { "Name": "Floresta Sur" }, "geometry": { "type": "Polygon", "coordinates": [ [ [ -60.554293, -31.731177, 0.0 ], [ -60.554858, -31.7322, 0.0 ], [ -60.553575, -31.73251, 0.0 ], [ -60.553688, -31.732638, 0.0 ], [ -60.55394, -31.733927, 0.0 ], [ -60.553738, -31.733951, 0.0 ], [ -60.552571, -31.734094, 0.0 ], [ -60.551428, -31.734355, 0.0 ], [ -60.551121, -31.733669, 0.0 ], [ -60.550732, -31.732963, 0.0 ], [ -60.550455, -31.732389, 0.0 ], [ -60.552332, -31.731796, 0.0 ], [ -60.554293, -31.731177, 0.0 ] ] ] } },
{ "type": "Feature", "properties": { "Name": "El Buen Pastor" }, "geometry": { "type": "Polygon", "coordinates": [ [ [ -60.5077, -31.763826, 0.0 ], [ -60.510592, -31.76339, 0.0 ], [ -60.51077, -31.76422, 0.0 ], [ -60.509639, -31.764409, 0.0 ], [ -60.509292, -31.764861, 0.0 ], [ -60.507938, -31.765081, 0.0 ], [ -60.507949, -31.765002, 0.0 ], [ -60.507767, -31.764146, 0.0 ], [ -60.5077, -31.763826, 0.0 ] ] ] } },
{ "type": "Feature", "properties": { "Name": "Guillermo Saraví" }, "geometry": { "type": "Polygon", "coordinates": [ [ [ -60.511245, -31.738554, 0.0 ], [ -60.511791, -31.740972, 0.0 ], [ -60.508825, -31.741377, 0.0 ], [ -60.508303, -31.738973, 0.0 ], [ -60.511245, -31.738554, 0.0 ] ] ] } },
{ "type": "Feature", "properties": { "Name": "Guiraldes" }, "geometry": { "type": "Polygon", "coordinates": [ [ [ -60.491705, -31.749317, 0.0 ], [ -60.491505, -31.749297, 0.0 ], [ -60.48958, -31.748612, 0.0 ], [ -60.489557, -31.748504, 0.0 ], [ -60.489274, -31.747137, 0.0 ], [ -60.491405, -31.746821, 0.0 ], [ -60.494389, -31.746379, 0.0 ], [ -60.494189, -31.746904, 0.0 ], [ -60.494004, -31.747388, 0.0 ], [ -60.493715, -31.747428, 0.0 ], [ -60.493511, -31.747637, 0.0 ], [ -60.493415, -31.747886, 0.0 ], [ -60.493176, -31.747911, 0.0 ], [ -60.493151, -31.748026, 0.0 ], [ -60.493218, -31.748188, 0.0 ], [ -60.493118, -31.748292, 0.0 ], [ -60.492964, -31.748373, 0.0 ], [ -60.492721, -31.748323, 0.0 ], [ -60.49256, -31.748531, 0.0 ], [ -60.492582, -31.748734, 0.0 ], [ -60.492492, -31.748762, 0.0 ], [ -60.49235, -31.748666, 0.0 ], [ -60.492167, -31.748642, 0.0 ], [ -60.492074, -31.748754, 0.0 ], [ -60.491965, -31.748885, 0.0 ], [ -60.492056, -31.74896, 0.0 ], [ -60.492076, -31.749013, 0.0 ], [ -60.492033, -31.749092, 0.0 ], [ -60.491972, -31.749194, 0.0 ], [ -60.491911, -31.749251, 0.0 ], [ -60.491801, -31.749265, 0.0 ], [ -60.491733, -31.74928, 0.0 ], [ -60.491707, -31.749314, 0.0 ], [ -60.491705, -31.749317, 0.0 ] ] ] } },
{ "type": "Feature", "properties": { "Name": "Hernandarias" }, "geometry": { "type": "Polygon", "coordinates": [ [ [ -60.484926, -31.726263, 0.0 ], [ -60.490583, -31.725411, 0.0 ], [ -60.490825, -31.726842, 0.0 ], [ -60.485202, -31.72778, 0.0 ], [ -60.485124, -31.727354, 0.0 ], [ -60.484926, -31.726263, 0.0 ] ] ] } },
{ "type": "Feature", "properties": { "Name": "Hipodromo" }, "geometry": { "type": "Polygon", "coordinates": [ [ [ -60.513461, -31.749004, 0.0 ], [ -60.513897, -31.750958, 0.0 ], [ -60.514001, -31.751424, 0.0 ], [ -60.511215, -31.7533, 0.0 ], [ -60.511307, -31.753818, 0.0 ], [ -60.510506, -31.753936, 0.0 ], [ -60.508646, -31.754217, 0.0 ], [ -60.508138, -31.751883, 0.0 ], [ -60.509628, -31.751655, 0.0 ], [ -60.509803, -31.751562, 0.0 ], [ -60.512783, -31.74955, 0.0 ], [ -60.512996, -31.749409, 0.0 ], [ -60.513461, -31.749004, 0.0 ] ] ] } },
{ "type": "Feature", "properties": { "Name": "Juan Pablo II" }, "geometry": { "type": "Polygon", "coordinates": [ [ [ -60.49858, -31.790984, 0.0 ], [ -60.492858, -31.791858, 0.0 ], [ -60.491845, -31.787062, 0.0 ], [ -60.497553, -31.786131, 0.0 ], [ -60.49858, -31.790984, 0.0 ] ] ] } },
{ "type": "Feature", "properties": { "Name": "Jardin los Tilos" }, "geometry": { "type": "Polygon", "coordinates": [ [ [ -60.515782, -31.756286, 0.0 ], [ -60.515984, -31.757275, 0.0 ], [ -60.516009, -31.757407, 0.0 ], [ -60.515273, -31.757519, 0.0 ], [ -60.512959, -31.757897, 0.0 ], [ -60.512281, -31.758005, 0.0 ], [ -60.51144, -31.758139, 0.0 ], [ -60.511146, -31.756887, 0.0 ], [ -60.511086, -31.756465, 0.0 ], [ -60.512098, -31.756298, 0.0 ], [ -60.512034, -31.755999, 0.0 ], [ -60.511935, -31.755511, 0.0 ], [ -60.513846, -31.755226, 0.0 ], [ -60.515782, -31.756286, 0.0 ] ] ] } },
{ "type": "Feature", "properties": { "Name": "Jardines del Sur" }, "geometry": { "type": "Polygon", "coordinates": [ [ [ -60.5126, -31.768098, 0.0 ], [ -60.51191, -31.768978, 0.0 ], [ -60.511614, -31.769292, 0.0 ], [ -60.510341, -31.770891, 0.0 ], [ -60.509476, -31.771784, 0.0 ], [ -60.509102, -31.772079, 0.0 ], [ -60.508334, -31.768797, 0.0 ], [ -60.510185, -31.768494, 0.0 ], [ -60.511647, -31.768251, 0.0 ], [ -60.5126, -31.768098, 0.0 ] ] ] } },
{ "type": "Feature", "properties": { "Name": "Jorge Newbery Este" }, "geometry": { "type": "Polygon", "coordinates": [ [ [ -60.47735, -31.774169, 0.0 ], [ -60.478338, -31.779052, 0.0 ], [ -60.478282, -31.779061, 0.0 ], [ -60.472752, -31.77992, 0.0 ], [ -60.471694, -31.77507, 0.0 ], [ -60.477281, -31.77418, 0.0 ], [ -60.477348, -31.774169, 0.0 ], [ -60.47735, -31.774169, 0.0 ] ] ] } },
{ "type": "Feature", "properties": { "Name": "Jorge Newbery Oeste" }, "geometry": { "type": "Polygon", "coordinates": [ [ [ -60.506848, -31.773091, 0.0 ], [ -60.507013, -31.774042, 0.0 ], [ -60.507463, -31.776256, 0.0 ], [ -60.504521, -31.776615, 0.0 ], [ -60.501514, -31.7768, 0.0 ], [ -60.501251, -31.77554, 0.0 ], [ -60.501139, -31.775025, 0.0 ], [ -60.500757, -31.773239, 0.0 ], [ -60.50117, -31.773224, 0.0 ], [ -60.501643, -31.773206, 0.0 ], [ -60.502344, -31.77318, 0.0 ], [ -60.502626, -31.773169, 0.0 ], [ -60.503326, -31.773206, 0.0 ], [ -60.504299, -31.773258, 0.0 ], [ -60.505209, -31.773274, 0.0 ], [ -60.505925, -31.773228, 0.0 ], [ -60.506174, -31.773213, 0.0 ], [ -60.506848, -31.773091, 0.0 ] ] ] } },
{ "type": "Feature", "properties": { "Name": "Juan Baez" }, "geometry": { "type": "Polygon", "coordinates": [ [ [ -60.5355707, -31.769483, 0.0 ], [ -60.5351827, -31.767597, 0.0 ], [ -60.5408617, -31.76676, 0.0 ], [ -60.5412957, -31.768569, 0.0 ], [ -60.5412727, -31.768734, 0.0 ], [ -60.5410317, -31.769003, 0.0 ], [ -60.5407327, -31.769236, 0.0 ], [ -60.5405207, -31.769542, 0.0 ], [ -60.5402217, -31.76969, 0.0 ], [ -60.5399797, -31.769861, 0.0 ], [ -60.5397377, -31.770009, 0.0 ], [ -60.5396817, -31.770107, 0.0 ], [ -60.5394397, -31.77023, 0.0 ], [ -60.5390977, -31.770304, 0.0 ], [ -60.5386707, -31.770501, 0.0 ], [ -60.5383997, -31.770563, 0.0 ], [ -60.5381147, -31.770796, 0.0 ], [ -60.5379167, -31.771102, 0.0 ], [ -60.5377467, -31.771298, 0.0 ], [ -60.5374767, -31.771555, 0.0 ], [ -60.5373787, -31.771763, 0.0 ], [ -60.5372807, -31.772068, 0.0 ], [ -60.5372097, -31.772203, 0.0 ], [ -60.5370677, -31.772313, 0.0 ], [ -60.5367967, -31.772363, 0.0 ], [ -60.5365677, -31.772364, 0.0 ], [ -60.5364687, -31.772462, 0.0 ], [ -60.5361807, -31.772441, 0.0 ], [ -60.5355707, -31.769483, 0.0 ] ] ] } },
{ "type": "Feature", "properties": { "Name": "La Santiagueña" }, "geometry": { "type": "Polygon", "coordinates": [ [ [ -60.521022, -31.724387, 0.0 ], [ -60.522605, -31.727532, 0.0 ], [ -60.519155, -31.728555, 0.0 ], [ -60.517575, -31.725603, 0.0 ], [ -60.521015, -31.724373, 0.0 ], [ -60.521022, -31.724387, 0.0 ] ] ] } },
{ "type": "Feature", "properties": { "Name": "Lagos del Sur" }, "geometry": { "type": "Polygon", "coordinates": [ [ [ -60.5142, -31.76603, 0.0 ], [ -60.514232, -31.766255, 0.0 ], [ -60.513945, -31.766315, 0.0 ], [ -60.5126, -31.768098, 0.0 ], [ -60.511647, -31.768251, 0.0 ], [ -60.511271, -31.76647, 0.0 ], [ -60.5142, -31.76603, 0.0 ] ] ] } },
{ "type": "Feature", "properties": { "Name": "Las Bases" }, "geometry": { "type": "Polygon", "coordinates": [ [ [ -60.518792, -31.752666, 0.0 ], [ -60.519089, -31.752607, 0.0 ], [ -60.519966, -31.751767, 0.0 ], [ -60.520128, -31.752515, 0.0 ], [ -60.520593, -31.754671, 0.0 ], [ -60.52061, -31.754701, 0.0 ], [ -60.520691, -31.754844, 0.0 ], [ -60.520733, -31.755089, 0.0 ], [ -60.520808, -31.755515, 0.0 ], [ -60.520851, -31.755763, 0.0 ], [ -60.52097, -31.756251, 0.0 ], [ -60.521022, -31.756585, 0.0 ], [ -60.516009, -31.757407, 0.0 ], [ -60.515984, -31.757275, 0.0 ], [ -60.515782, -31.756286, 0.0 ], [ -60.515701, -31.755924, 0.0 ], [ -60.515662, -31.755715, 0.0 ], [ -60.515565, -31.75528, 0.0 ], [ -60.515407, -31.754633, 0.0 ], [ -60.516319, -31.754498, 0.0 ], [ -60.517669, -31.75429, 0.0 ], [ -60.517886, -31.754206, 0.0 ], [ -60.518828, -31.753091, 0.0 ], [ -60.518792, -31.752666, 0.0 ] ] ] } },
{ "type": "Feature", "properties": { "Name": "Las Heras" }, "geometry": { "type": "Polygon", "coordinates": [ [ [ -60.496277, -31.766268, 0.0 ], [ -60.495261, -31.761409, 0.0 ], [ -60.497674, -31.761037, 0.0 ], [ -60.49815, -31.760951, 0.0 ], [ -60.499081, -31.765334, 0.0 ], [ -60.499208, -31.765839, 0.0 ], [ -60.496277, -31.766268, 0.0 ] ] ] } },
{ "type": "Feature", "properties": { "Name": "Parque del Rio" }, "geometry": { "type": "Polygon", "coordinates": [ [ [ -60.477453, -31.718847, 0.0 ], [ -60.47648, -31.714007, 0.0 ], [ -60.482058, -31.713198, 0.0 ], [ -60.482064, -31.713223, 0.0 ], [ -60.483139, -31.717895, 0.0 ], [ -60.483172, -31.718038, 0.0 ], [ -60.477453, -31.718847, 0.0 ] ] ] } },
{ "type": "Feature", "properties": { "Name": "Leandro Alem" }, "geometry": { "type": "Polygon", "coordinates": [ [ [ -60.526156, -31.722442, 0.0 ], [ -60.528222, -31.727444, 0.0 ], [ -60.528619, -31.728628, 0.0 ], [ -60.529188, -31.730328, 0.0 ], [ -60.530009, -31.732329, 0.0 ], [ -60.530534, -31.733351, 0.0 ], [ -60.526343, -31.734874, 0.0 ], [ -60.526319, -31.734883, 0.0 ], [ -60.526281, -31.734778, 0.0 ], [ -60.522605, -31.727532, 0.0 ], [ -60.521022, -31.724387, 0.0 ], [ -60.521019, -31.724371, 0.0 ], [ -60.526156, -31.722442, 0.0 ] ] ] } },
{ "type": "Feature", "properties": { "Name": "La Perlita" }, "geometry": { "type": "Polygon", "coordinates": [ [ [ -60.499756, -31.753429, 0.0 ], [ -60.501013, -31.759768, 0.0 ], [ -60.497997, -31.760231, 0.0 ], [ -60.496947, -31.755354, 0.0 ], [ -60.497517, -31.754953, 0.0 ], [ -60.498165, -31.754515, 0.0 ], [ -60.498814, -31.754076, 0.0 ], [ -60.499756, -31.753429, 0.0 ] ] ] } },
{ "type": "Feature", "properties": { "Name": "Lomas del Golf" }, "geometry": { "type": "Polygon", "coordinates": [ [ [ -60.496376, -31.710996, 0.0 ], [ -60.497211, -31.715471, 0.0 ], [ -60.494485, -31.715747, 0.0 ], [ -60.493466, -31.711532, 0.0 ], [ -60.493468, -31.71147, 0.0 ], [ -60.496376, -31.710996, 0.0 ] ] ] } },
{ "type": "Feature", "properties": { "Name": "Lomas del Rocamora" }, "geometry": { "type": "Polygon", "coordinates": [ [ [ -60.521033, -31.75664, 0.0 ], [ -60.521087, -31.756919, 0.0 ], [ -60.521156, -31.757273, 0.0 ], [ -60.521195, -31.757477, 0.0 ], [ -60.521449, -31.758814, 0.0 ], [ -60.521929, -31.761344, 0.0 ], [ -60.521967, -31.761546, 0.0 ], [ -60.51864, -31.762099, 0.0 ], [ -60.518315, -31.762153, 0.0 ], [ -60.518249, -31.762163, 0.0 ], [ -60.516313, -31.762454, 0.0 ], [ -60.515612, -31.759128, 0.0 ], [ -60.515273, -31.757519, 0.0 ], [ -60.516009, -31.757407, 0.0 ], [ -60.521033, -31.75664, 0.0 ] ] ] } },
{ "type": "Feature", "properties": { "Name": "Los Aromos" }, "geometry": { "type": "Polygon", "coordinates": [ [ [ -60.515273, -31.757519, 0.0 ], [ -60.515612, -31.759128, 0.0 ], [ -60.513682, -31.760727, 0.0 ], [ -60.513563, -31.760826, 0.0 ], [ -60.513403, -31.760967, 0.0 ], [ -60.512994, -31.76133, 0.0 ], [ -60.512288, -31.758057, 0.0 ], [ -60.512281, -31.758005, 0.0 ], [ -60.512959, -31.757897, 0.0 ], [ -60.515273, -31.757519, 0.0 ] ] ] } },
{ "type": "Feature", "properties": { "Name": "Quintas del Triangulo" }, "geometry": { "type": "Polygon", "coordinates": [ [ [ -60.447389, -31.773957, 0.0 ], [ -60.466758, -31.770837, 0.0 ], [ -60.46455, -31.773021, 0.0 ], [ -60.463687, -31.774184, 0.0 ], [ -60.462347, -31.77652, 0.0 ], [ -60.460796, -31.779426, 0.0 ], [ -60.455164, -31.790942, 0.0 ], [ -60.455157, -31.790938, 0.0 ], [ -60.455141, -31.790899, 0.0 ], [ -60.455133, -31.790865, 0.0 ], [ -60.455062, -31.790749, 0.0 ], [ -60.454954, -31.790657, 0.0 ], [ -60.45482, -31.790595, 0.0 ], [ -60.45467, -31.79057, 0.0 ], [ -60.454542, -31.790581, 0.0 ], [ -60.454485, -31.790576, 0.0 ], [ -60.454179, -31.7905, 0.0 ], [ -60.454138, -31.790483, 0.0 ], [ -60.454137, -31.790482, 0.0 ], [ -60.454136, -31.790481, 0.0 ], [ -60.454132, -31.790442, 0.0 ], [ -60.454265, -31.789049, 0.0 ], [ -60.454261, -31.788947, 0.0 ], [ -60.454083, -31.78794, 0.0 ], [ -60.454083, -31.787904, 0.0 ], [ -60.454083, -31.787903, 0.0 ], [ -60.454097, -31.787887, 0.0 ], [ -60.45417, -31.787759, 0.0 ], [ -60.454192, -31.787618, 0.0 ], [ -60.454161, -31.787478, 0.0 ], [ -60.453283, -31.785444, 0.0 ], [ -60.453207, -31.785327, 0.0 ], [ -60.453095, -31.785235, 0.0 ], [ -60.452955, -31.785176, 0.0 ], [ -60.452249, -31.784983, 0.0 ], [ -60.452128, -31.784963, 0.0 ], [ -60.452004, -31.784968, 0.0 ], [ -60.45103, -31.785109, 0.0 ], [ -60.450988, -31.785109, 0.0 ], [ -60.450986, -31.785109, 0.0 ], [ -60.450985, -31.785108, 0.0 ], [ -60.450985, -31.785107, 0.0 ], [ -60.450971, -31.785073, 0.0 ], [ -60.450765, -31.784106, 0.0 ], [ -60.450766, -31.784075, 0.0 ], [ -60.450757, -31.784067, 0.0 ], [ -60.450665, -31.783635, 0.0 ], [ -60.450602, -31.78349, 0.0 ], [ -60.450484, -31.783372, 0.0 ], [ -60.450325, -31.783297, 0.0 ], [ -60.450146, -31.783272, 0.0 ], [ -60.450074, -31.783274, 0.0 ], [ -60.450072, -31.783273, 0.0 ], [ -60.450071, -31.783273, 0.0 ], [ -60.450046, -31.783244, 0.0 ], [ -60.449998, -31.783169, 0.0 ], [ -60.44992, -31.78311, 0.0 ], [ -60.449867, -31.78307, 0.0 ], [ -60.449705, -31.783014, 0.0 ], [ -60.449531, -31.783006, 0.0 ], [ -60.449363, -31.783049, 0.0 ], [ -60.449326, -31.783065, 0.0 ], [ -60.449298, -31.783072, 0.0 ], [ -60.449267, -31.783077, 0.0 ], [ -60.449255, -31.783079, 0.0 ], [ -60.449216, -31.783084, 0.0 ], [ -60.449207, -31.783085, 0.0 ], [ -60.449145, -31.783091, 0.0 ], [ -60.449132, -31.783092, 0.0 ], [ -60.449119, -31.783093, 0.0 ], [ -60.449091, -31.783093, 0.0 ], [ -60.449071, -31.783093, 0.0 ], [ -60.449067, -31.783093, 0.0 ], [ -60.449054, -31.783092, 0.0 ], [ -60.449027, -31.783092, 0.0 ], [ -60.44901, -31.783092, 0.0 ], [ -60.448989, -31.783092, 0.0 ], [ -60.448967, -31.783093, 0.0 ], [ -60.44896, -31.783093, 0.0 ], [ -60.448943, -31.783093, 0.0 ], [ -60.448929, -31.783093, 0.0 ], [ -60.448853, -31.783091, 0.0 ], [ -60.448845, -31.783091, 0.0 ], [ -60.448799, -31.783086, 0.0 ], [ -60.448792, -31.783085, 0.0 ], [ -60.448792, -31.783086, 0.0 ], [ -60.448601, -31.783079, 0.0 ], [ -60.448591, -31.783081, 0.0 ], [ -60.448556, -31.783085, 0.0 ], [ -60.448553, -31.783085, 0.0 ], [ -60.448521, -31.783088, 0.0 ], [ -60.448503, -31.783089, 0.0 ], [ -60.448489, -31.78309, 0.0 ], [ -60.448452, -31.78309, 0.0 ], [ -60.448431, -31.783088, 0.0 ], [ -60.448403, -31.783086, 0.0 ], [ -60.448379, -31.783084, 0.0 ], [ -60.448365, -31.783084, 0.0 ], [ -60.448346, -31.783082, 0.0 ], [ -60.448323, -31.78308, 0.0 ], [ -60.44832, -31.78308, 0.0 ], [ -60.448299, -31.783077, 0.0 ], [ -60.448296, -31.783077, 0.0 ], [ -60.44823, -31.783066, 0.0 ], [ -60.448139, -31.783057, 0.0 ], [ -60.448132, -31.783057, 0.0 ], [ -60.448112, -31.783056, 0.0 ], [ -60.448105, -31.783055, 0.0 ], [ -60.44807, -31.783054, 0.0 ], [ -60.448065, -31.783054, 0.0 ], [ -60.448045, -31.783053, 0.0 ], [ -60.448018, -31.783052, 0.0 ], [ -60.447998, -31.783052, 0.0 ], [ -60.447987, -31.783052, 0.0 ], [ -60.447964, -31.783053, 0.0 ], [ -60.447958, -31.783053, 0.0 ], [ -60.447936, -31.783053, 0.0 ], [ -60.447926, -31.783052, 0.0 ], [ -60.447922, -31.783052, 0.0 ], [ -60.447868, -31.783053, 0.0 ], [ -60.447866, -31.783053, 0.0 ], [ -60.447865, -31.783053, 0.0 ], [ -60.447835, -31.783055, 0.0 ], [ -60.447818, -31.783057, 0.0 ], [ -60.447814, -31.783057, 0.0 ], [ -60.447802, -31.783058, 0.0 ], [ -60.44777, -31.783059, 0.0 ], [ -60.447759, -31.783059, 0.0 ], [ -60.447759, -31.78306, 0.0 ], [ -60.447721, -31.78306, 0.0 ], [ -60.447711, -31.783058, 0.0 ], [ -60.44771, -31.783058, 0.0 ], [ -60.447686, -31.783036, 0.0 ], [ -60.447677, -31.783024, 0.0 ], [ -60.447668, -31.783009, 0.0 ], [ -60.447661, -31.782996, 0.0 ], [ -60.447649, -31.782974, 0.0 ], [ -60.447645, -31.782966, 0.0 ], [ -60.447634, -31.782944, 0.0 ], [ -60.447633, -31.782941, 0.0 ], [ -60.447623, -31.782921, 0.0 ], [ -60.447622, -31.782918, 0.0 ], [ -60.447615, -31.782902, 0.0 ], [ -60.44761, -31.782891, 0.0 ], [ -60.447607, -31.782883, 0.0 ], [ -60.4476, -31.78286, 0.0 ], [ -60.4476, -31.782857, 0.0 ], [ -60.447596, -31.78284, 0.0 ], [ -60.447578, -31.782722, 0.0 ], [ -60.447577, -31.782717, 0.0 ], [ -60.447575, -31.78271, 0.0 ], [ -60.447546, -31.782615, 0.0 ], [ -60.447532, -31.782581, 0.0 ], [ -60.447528, -31.782572, 0.0 ], [ -60.447526, -31.782566, 0.0 ], [ -60.447519, -31.782545, 0.0 ], [ -60.447516, -31.782532, 0.0 ], [ -60.447515, -31.782527, 0.0 ], [ -60.44751, -31.782503, 0.0 ], [ -60.447508, -31.782493, 0.0 ], [ -60.447503, -31.782469, 0.0 ], [ -60.447503, -31.782466, 0.0 ], [ -60.447499, -31.78244, 0.0 ], [ -60.447498, -31.782436, 0.0 ], [ -60.447496, -31.78242, 0.0 ], [ -60.447496, -31.782418, 0.0 ], [ -60.447497, -31.782381, 0.0 ], [ -60.447499, -31.782368, 0.0 ], [ -60.447504, -31.782227, 0.0 ], [ -60.447499, -31.782199, 0.0 ], [ -60.447499, -31.782195, 0.0 ], [ -60.447495, -31.782172, 0.0 ], [ -60.447495, -31.782165, 0.0 ], [ -60.447493, -31.782149, 0.0 ], [ -60.447492, -31.782135, 0.0 ], [ -60.447494, -31.782105, 0.0 ], [ -60.447499, -31.782086, 0.0 ], [ -60.447507, -31.782063, 0.0 ], [ -60.44751, -31.782056, 0.0 ], [ -60.447514, -31.782048, 0.0 ], [ -60.44752, -31.782036, 0.0 ], [ -60.447532, -31.782009, 0.0 ], [ -60.447536, -31.782001, 0.0 ], [ -60.447542, -31.781983, 0.0 ], [ -60.44755, -31.781961, 0.0 ], [ -60.447552, -31.781956, 0.0 ], [ -60.447565, -31.781924, 0.0 ], [ -60.447567, -31.781919, 0.0 ], [ -60.447575, -31.781897, 0.0 ], [ -60.447584, -31.781872, 0.0 ], [ -60.447589, -31.781854, 0.0 ], [ -60.447593, -31.781843, 0.0 ], [ -60.447593, -31.78184, 0.0 ], [ -60.447606, -31.781771, 0.0 ], [ -60.447607, -31.781754, 0.0 ], [ -60.447608, -31.781744, 0.0 ], [ -60.447611, -31.78172, 0.0 ], [ -60.447613, -31.781709, 0.0 ], [ -60.447615, -31.78169, 0.0 ], [ -60.447617, -31.781656, 0.0 ], [ -60.447579, -31.781484, 0.0 ], [ -60.447564, -31.781454, 0.0 ], [ -60.447559, -31.781443, 0.0 ], [ -60.447543, -31.781402, 0.0 ], [ -60.447528, -31.781365, 0.0 ], [ -60.447524, -31.781355, 0.0 ], [ -60.447513, -31.78132, 0.0 ], [ -60.44751, -31.781313, 0.0 ], [ -60.447498, -31.781279, 0.0 ], [ -60.447497, -31.781275, 0.0 ], [ -60.447484, -31.781241, 0.0 ], [ -60.447483, -31.781239, 0.0 ], [ -60.447472, -31.781207, 0.0 ], [ -60.447471, -31.781204, 0.0 ], [ -60.447462, -31.781178, 0.0 ], [ -60.447458, -31.781163, 0.0 ], [ -60.447453, -31.781142, 0.0 ], [ -60.44745, -31.781128, 0.0 ], [ -60.447444, -31.781096, 0.0 ], [ -60.447443, -31.781089, 0.0 ], [ -60.447438, -31.781052, 0.0 ], [ -60.447437, -31.781042, 0.0 ], [ -60.447433, -31.780998, 0.0 ], [ -60.447432, -31.780993, 0.0 ], [ -60.447429, -31.780945, 0.0 ], [ -60.447429, -31.780935, 0.0 ], [ -60.447429, -31.780897, 0.0 ], [ -60.447429, -31.780886, 0.0 ], [ -60.447431, -31.780847, 0.0 ], [ -60.447431, -31.780843, 0.0 ], [ -60.447432, -31.78081, 0.0 ], [ -60.447432, -31.780805, 0.0 ], [ -60.447432, -31.78078, 0.0 ], [ -60.447432, -31.780772, 0.0 ], [ -60.447432, -31.78075, 0.0 ], [ -60.447432, -31.780747, 0.0 ], [ -60.447432, -31.780743, 0.0 ], [ -60.447436, -31.780709, 0.0 ], [ -60.447439, -31.780693, 0.0 ], [ -60.447443, -31.780678, 0.0 ], [ -60.447455, -31.780581, 0.0 ], [ -60.447457, -31.780581, 0.0 ], [ -60.447458, -31.780555, 0.0 ], [ -60.447459, -31.780535, 0.0 ], [ -60.44746, -31.780525, 0.0 ], [ -60.447463, -31.78049, 0.0 ], [ -60.447464, -31.780487, 0.0 ], [ -60.447469, -31.78045, 0.0 ], [ -60.447471, -31.780437, 0.0 ], [ -60.447474, -31.780422, 0.0 ], [ -60.447476, -31.780286, 0.0 ], [ -60.447429, -31.780156, 0.0 ], [ -60.447339, -31.780045, 0.0 ], [ -60.447213, -31.779962, 0.0 ], [ -60.447064, -31.779916, 0.0 ], [ -60.446906, -31.77991, 0.0 ], [ -60.44677, -31.779941, 0.0 ], [ -60.446769, -31.779939, 0.0 ], [ -60.446748, -31.779947, 0.0 ], [ -60.446705, -31.779957, 0.0 ], [ -60.446698, -31.779957, 0.0 ], [ -60.44665, -31.779963, 0.0 ], [ -60.44664, -31.779964, 0.0 ], [ -60.446599, -31.779965, 0.0 ], [ -60.446593, -31.779965, 0.0 ], [ -60.446545, -31.77996, 0.0 ], [ -60.446536, -31.779958, 0.0 ], [ -60.446503, -31.779946, 0.0 ], [ -60.446481, -31.779935, 0.0 ], [ -60.446461, -31.779921, 0.0 ], [ -60.44646, -31.77992, 0.0 ], [ -60.446443, -31.779905, 0.0 ], [ -60.446433, -31.779895, 0.0 ], [ -60.446425, -31.779887, 0.0 ], [ -60.446416, -31.779878, 0.0 ], [ -60.4464, -31.779861, 0.0 ], [ -60.446394, -31.779852, 0.0 ], [ -60.446383, -31.779837, 0.0 ], [ -60.446351, -31.77979, 0.0 ], [ -60.446344, -31.779779, 0.0 ], [ -60.44633, -31.77976, 0.0 ], [ -60.446318, -31.779743, 0.0 ], [ -60.446303, -31.779724, 0.0 ], [ -60.446296, -31.779715, 0.0 ], [ -60.446283, -31.779699, 0.0 ], [ -60.446265, -31.779678, 0.0 ], [ -60.446253, -31.779665, 0.0 ], [ -60.446247, -31.779659, 0.0 ], [ -60.446241, -31.779652, 0.0 ], [ -60.446224, -31.779628, 0.0 ], [ -60.446209, -31.779598, 0.0 ], [ -60.446201, -31.779569, 0.0 ], [ -60.446199, -31.779555, 0.0 ], [ -60.446197, -31.779547, 0.0 ], [ -60.446194, -31.779522, 0.0 ], [ -60.446193, -31.779512, 0.0 ], [ -60.44619, -31.779483, 0.0 ], [ -60.446189, -31.779472, 0.0 ], [ -60.446189, -31.779453, 0.0 ], [ -60.44619, -31.779425, 0.0 ], [ -60.446193, -31.779395, 0.0 ], [ -60.446198, -31.779372, 0.0 ], [ -60.446214, -31.77933, 0.0 ], [ -60.446218, -31.779322, 0.0 ], [ -60.446219, -31.77932, 0.0 ], [ -60.446229, -31.779297, 0.0 ], [ -60.446231, -31.779289, 0.0 ], [ -60.446239, -31.779266, 0.0 ], [ -60.446246, -31.779245, 0.0 ], [ -60.446247, -31.779242, 0.0 ], [ -60.446253, -31.779224, 0.0 ], [ -60.446262, -31.779201, 0.0 ], [ -60.446284, -31.779153, 0.0 ], [ -60.446285, -31.779151, 0.0 ], [ -60.446294, -31.779132, 0.0 ], [ -60.446298, -31.779123, 0.0 ], [ -60.446301, -31.779117, 0.0 ], [ -60.446311, -31.77909, 0.0 ], [ -60.446312, -31.779089, 0.0 ], [ -60.446322, -31.779055, 0.0 ], [ -60.446325, -31.779041, 0.0 ], [ -60.446324, -31.779041, 0.0 ], [ -60.446346, -31.778954, 0.0 ], [ -60.446344, -31.778924, 0.0 ], [ -60.446341, -31.778901, 0.0 ], [ -60.446351, -31.778902, 0.0 ], [ -60.446366, -31.778856, 0.0 ], [ -60.446341, -31.77875, 0.0 ], [ -60.446358, -31.778679, 0.0 ], [ -60.446408, -31.778636, 0.0 ], [ -60.446491, -31.778516, 0.0 ], [ -60.446491, -31.778424, 0.0 ], [ -60.446491, -31.778261, 0.0 ], [ -60.446491, -31.778154, 0.0 ], [ -60.446466, -31.778041, 0.0 ], [ -60.446425, -31.777977, 0.0 ], [ -60.446391, -31.777857, 0.0 ], [ -60.446358, -31.777743, 0.0 ], [ -60.446383, -31.777594, 0.0 ], [ -60.446458, -31.777509, 0.0 ], [ -60.446441, -31.777396, 0.0 ], [ -60.446508, -31.777247, 0.0 ], [ -60.446508, -31.777077, 0.0 ], [ -60.446566, -31.776928, 0.0 ], [ -60.446633, -31.776822, 0.0 ], [ -60.44675, -31.776666, 0.0 ], [ -60.446833, -31.776552, 0.0 ], [ -60.446908, -31.776432, 0.0 ], [ -60.447225, -31.776311, 0.0 ], [ -60.447442, -31.776247, 0.0 ], [ -60.4476, -31.776184, 0.0 ], [ -60.44775, -31.776077, 0.0 ], [ -60.447884, -31.775893, 0.0 ], [ -60.447959, -31.77573, 0.0 ], [ -60.447917, -31.77556, 0.0 ], [ -60.447859, -31.775447, 0.0 ], [ -60.447775, -31.775354, 0.0 ], [ -60.4477, -31.775269, 0.0 ], [ -60.447634, -31.775156, 0.0 ], [ -60.447592, -31.775021, 0.0 ], [ -60.447542, -31.774794, 0.0 ], [ -60.447509, -31.77466, 0.0 ], [ -60.447492, -31.774532, 0.0 ], [ -60.44745, -31.774284, 0.0 ], [ -60.447389, -31.773957, 0.0 ] ] ] } },
{ "type": "Feature", "properties": { "Name": "Nuestra Señora de Loreto" }, "geometry": { "type": "Polygon", "coordinates": [ [ [ -60.507463, -31.776256, 0.0 ], [ -60.508052, -31.778895, 0.0 ], [ -60.509126, -31.783711, 0.0 ], [ -60.503185, -31.784695, 0.0 ], [ -60.503255, -31.785204, 0.0 ], [ -60.497553, -31.786131, 0.0 ], [ -60.496514, -31.781277, 0.0 ], [ -60.499404, -31.78082, 0.0 ], [ -60.49896, -31.778559, 0.0 ], [ -60.49893, -31.778413, 0.0 ], [ -60.498457, -31.776001, 0.0 ], [ -60.501251, -31.77554, 0.0 ], [ -60.501514, -31.7768, 0.0 ], [ -60.504521, -31.776615, 0.0 ], [ -60.507463, -31.776256, 0.0 ] ] ] } },
{ "type": "Feature", "properties": { "Name": "Los Pinos" }, "geometry": { "type": "Polygon", "coordinates": [ [ [ -60.515612, -31.759128, 0.0 ], [ -60.516313, -31.762454, 0.0 ], [ -60.516485, -31.763182, 0.0 ], [ -60.5142, -31.76603, 0.0 ], [ -60.513876, -31.764648, 0.0 ], [ -60.513502, -31.762927, 0.0 ], [ -60.512994, -31.76133, 0.0 ], [ -60.513403, -31.760967, 0.0 ], [ -60.513563, -31.760826, 0.0 ], [ -60.513682, -31.760727, 0.0 ], [ -60.515612, -31.759128, 0.0 ] ] ] } },
{ "type": "Feature", "properties": { "Name": "Maria Auxiliadora" }, "geometry": { "type": "Polygon", "coordinates": [ [ [ -60.515948, -31.732942, 0.0 ], [ -60.515943, -31.73292, 0.0 ], [ -60.515588, -31.731191, 0.0 ], [ -60.515434, -31.730444, 0.0 ], [ -60.51506, -31.728627, 0.0 ], [ -60.514943, -31.728056, 0.0 ], [ -60.514669, -31.726646, 0.0 ], [ -60.514733, -31.726617, 0.0 ], [ -60.517575, -31.725603, 0.0 ], [ -60.519155, -31.728555, 0.0 ], [ -60.522605, -31.727532, 0.0 ], [ -60.526281, -31.734778, 0.0 ], [ -60.526319, -31.734883, 0.0 ], [ -60.524428, -31.735577, 0.0 ], [ -60.524248, -31.735645, 0.0 ], [ -60.522125, -31.736502, 0.0 ], [ -60.517122, -31.73843, 0.0 ], [ -60.516975, -31.737747, 0.0 ], [ -60.516747, -31.736686, 0.0 ], [ -60.516654, -31.736258, 0.0 ], [ -60.516498, -31.735531, 0.0 ], [ -60.516297, -31.734598, 0.0 ], [ -60.516279, -31.73451, 0.0 ], [ -60.516117, -31.733758, 0.0 ], [ -60.516089, -31.73363, 0.0 ], [ -60.515948, -31.732942, 0.0 ] ] ] } },
{ "type": "Feature", "properties": { "Name": "Mariano Moreno" }, "geometry": { "type": "Polygon", "coordinates": [ [ [ -60.501004, -31.734374, 0.0 ], [ -60.501072, -31.734531, 0.0 ], [ -60.500958, -31.735324, 0.0 ], [ -60.498794, -31.735663, 0.0 ], [ -60.494117, -31.736408, 0.0 ], [ -60.493624, -31.733876, 0.0 ], [ -60.493626, -31.733876, 0.0 ], [ -60.495365, -31.733584, 0.0 ], [ -60.49571, -31.733625, 0.0 ], [ -60.49827, -31.733215, 0.0 ], [ -60.501104, -31.732777, 0.0 ], [ -60.500999, -31.732993, 0.0 ], [ -60.500864, -31.733093, 0.0 ], [ -60.500906, -31.733695, 0.0 ], [ -60.500785, -31.733776, 0.0 ], [ -60.500899, -31.734153, 0.0 ], [ -60.501004, -31.734374, 0.0 ] ] ] } },
{ "type": "Feature", "properties": { "Name": "Leopoldo Lugones" }, "geometry": { "type": "Polygon", "coordinates": [ [ [ -60.532381, -31.754846, 0.0 ], [ -60.533056, -31.757702, 0.0 ], [ -60.533108, -31.758158, 0.0 ], [ -60.53304, -31.758253, 0.0 ], [ -60.533397, -31.759759, 0.0 ], [ -60.527744, -31.760654, 0.0 ], [ -60.526686, -31.755745, 0.0 ], [ -60.530413, -31.755157, 0.0 ], [ -60.532381, -31.754846, 0.0 ] ] ] } },
{ "type": "Feature", "properties": { "Name": "Mercantil" }, "geometry": { "type": "Polygon", "coordinates": [ [ [ -60.542462, -31.748129, 0.0 ], [ -60.539102, -31.745779, 0.0 ], [ -60.539233, -31.745689, 0.0 ], [ -60.538949, -31.744395, 0.0 ], [ -60.541792, -31.743989, 0.0 ], [ -60.541847, -31.744282, 0.0 ], [ -60.54194, -31.744461, 0.0 ], [ -60.542179, -31.744742, 0.0 ], [ -60.544722, -31.747207, 0.0 ], [ -60.544459, -31.747197, 0.0 ], [ -60.544459, -31.747209, 0.0 ], [ -60.542462, -31.748129, 0.0 ] ] ] } },
{ "type": "Feature", "properties": { "Name": "Mosconi Nuevo" }, "geometry": { "type": "Polygon", "coordinates": [ [ [ -60.554813, -31.721419, 0.0 ], [ -60.55539, -31.724209, 0.0 ], [ -60.554413, -31.723943, 0.0 ], [ -60.553551, -31.723828, 0.0 ], [ -60.553243, -31.723885, 0.0 ], [ -60.552853, -31.723963, 0.0 ], [ -60.55235, -31.724097, 0.0 ], [ -60.552017, -31.724154, 0.0 ], [ -60.551676, -31.72417, 0.0 ], [ -60.551663, -31.723413, 0.0 ], [ -60.551548, -31.722637, 0.0 ], [ -60.551545, -31.722614, 0.0 ], [ -60.551621, -31.722586, 0.0 ], [ -60.553149, -31.722028, 0.0 ], [ -60.554813, -31.721419, 0.0 ] ] ] } },
{ "type": "Feature", "properties": { "Name": "Pres Humberto Ilia" }, "geometry": { "type": "Polygon", "coordinates": [ [ [ -60.469506, -31.764529, 0.0 ], [ -60.468649, -31.760444, 0.0 ], [ -60.474261, -31.759593, 0.0 ], [ -60.475134, -31.76333, 0.0 ], [ -60.473158, -31.764784, 0.0 ], [ -60.470297, -31.765239, 0.0 ], [ -60.469506, -31.764529, 0.0 ] ] ] } },
{ "type": "Feature", "properties": { "Name": "Villa Hermosa" }, "geometry": { "type": "Polygon", "coordinates": [ [ [ -60.492944, -31.736574, 0.0 ], [ -60.493609, -31.739481, 0.0 ], [ -60.494017, -31.74146, 0.0 ], [ -60.490306, -31.741991, 0.0 ], [ -60.48824, -31.742301, 0.0 ], [ -60.487986, -31.741042, 0.0 ], [ -60.487182, -31.737386, 0.0 ], [ -60.492944, -31.736574, 0.0 ] ] ] } },
{ "type": "Feature", "properties": { "Name": "Los Gobernadores" }, "geometry": { "type": "Polygon", "coordinates": [ [ [ -60.493445, -31.76672, 0.0 ], [ -60.492439, -31.761844, 0.0 ], [ -60.495261, -31.761409, 0.0 ], [ -60.496277, -31.766268, 0.0 ], [ -60.493445, -31.76672, 0.0 ] ] ] } },
{ "type": "Feature", "properties": { "Name": "Olegario Victor Andrade" }, "geometry": { "type": "Polygon", "coordinates": [ [ [ -60.523256, -31.746851, 0.0 ], [ -60.523633, -31.746801, 0.0 ], [ -60.52372, -31.74679, 0.0 ], [ -60.524744, -31.746655, 0.0 ], [ -60.525494, -31.75017, 0.0 ], [ -60.525067, -31.750749, 0.0 ], [ -60.524733, -31.751121, 0.0 ], [ -60.52225, -31.754639, 0.0 ], [ -60.52097, -31.756251, 0.0 ], [ -60.520851, -31.755763, 0.0 ], [ -60.520808, -31.755515, 0.0 ], [ -60.520733, -31.755089, 0.0 ], [ -60.520691, -31.754844, 0.0 ], [ -60.520669, -31.754805, 0.0 ], [ -60.52061, -31.754701, 0.0 ], [ -60.520593, -31.754671, 0.0 ], [ -60.520128, -31.752515, 0.0 ], [ -60.51997, -31.751787, 0.0 ], [ -60.519966, -31.751767, 0.0 ], [ -60.519871, -31.751319, 0.0 ], [ -60.519598, -31.750034, 0.0 ], [ -60.51925, -31.748397, 0.0 ], [ -60.51908, -31.747593, 0.0 ], [ -60.51906, -31.747499, 0.0 ], [ -60.519057, -31.747486, 0.0 ], [ -60.519051, -31.747457, 0.0 ], [ -60.521752, -31.747048, 0.0 ], [ -60.523256, -31.746851, 0.0 ] ] ] } },
{ "type": "Feature", "properties": { "Name": "Padre Kolbe" }, "geometry": { "type": "Polygon", "coordinates": [ [ [ -60.547702, -31.743074, 0.0 ], [ -60.548758, -31.747911, 0.0 ], [ -60.545783, -31.74843, 0.0 ], [ -60.544722, -31.747207, 0.0 ], [ -60.542258, -31.744819, 0.0 ], [ -60.542179, -31.744742, 0.0 ], [ -60.54194, -31.744461, 0.0 ], [ -60.541847, -31.744282, 0.0 ], [ -60.541792, -31.743989, 0.0 ], [ -60.547702, -31.743074, 0.0 ] ] ] } },
{ "type": "Feature", "properties": { "Name": "Paisaje de la Colina" }, "geometry": { "type": "Polygon", "coordinates": [ [ [ -60.510506, -31.753936, 0.0 ], [ -60.511307, -31.753818, 0.0 ], [ -60.511324, -31.753865, 0.0 ], [ -60.513663, -31.75513, 0.0 ], [ -60.513846, -31.755226, 0.0 ], [ -60.511935, -31.755511, 0.0 ], [ -60.512034, -31.755999, 0.0 ], [ -60.512098, -31.756298, 0.0 ], [ -60.511086, -31.756465, 0.0 ], [ -60.510897, -31.755528, 0.0 ], [ -60.510545, -31.753987, 0.0 ], [ -60.510506, -31.753936, 0.0 ] ] ] } },
{ "type": "Feature", "properties": { "Name": "Paisajes del Paraná" }, "geometry": { "type": "Polygon", "coordinates": [ [ [ -60.485202, -31.72778, 0.0 ], [ -60.490825, -31.726842, 0.0 ], [ -60.490583, -31.725411, 0.0 ], [ -60.484926, -31.726263, 0.0 ], [ -60.484534, -31.724449, 0.0 ], [ -60.486064, -31.7242, 0.0 ], [ -60.486085, -31.724243, 0.0 ], [ -60.486609, -31.72415, 0.0 ], [ -60.486246, -31.722507, 0.0 ], [ -60.484204, -31.72283, 0.0 ], [ -60.483172, -31.718038, 0.0 ], [ -60.494554, -31.716233, 0.0 ], [ -60.494485, -31.715747, 0.0 ], [ -60.497211, -31.715471, 0.0 ], [ -60.500076, -31.715181, 0.0 ], [ -60.502353, -31.725298, 0.0 ], [ -60.501864, -31.725474, 0.0 ], [ -60.501037, -31.725776, 0.0 ], [ -60.500476, -31.726003, 0.0 ], [ -60.499737, -31.726329, 0.0 ], [ -60.498146, -31.727053, 0.0 ], [ -60.49705, -31.727517, 0.0 ], [ -60.49558, -31.728288, 0.0 ], [ -60.492697, -31.729643, 0.0 ], [ -60.491592, -31.730155, 0.0 ], [ -60.490512, -31.730745, 0.0 ], [ -60.489522, -31.731476, 0.0 ], [ -60.488904, -31.732039, 0.0 ], [ -60.487312, -31.733452, 0.0 ], [ -60.486491, -31.734206, 0.0 ], [ -60.486482, -31.734115, 0.0 ], [ -60.486407, -31.733566, 0.0 ], [ -60.486315, -31.733031, 0.0 ], [ -60.486095, -31.7321, 0.0 ], [ -60.485202, -31.72778, 0.0 ] ] ] } },
{ "type": "Feature", "properties": { "Name": "Paracao" }, "geometry": { "type": "Polygon", "coordinates": [ [ [ -60.530885, -31.775249, 0.0 ], [ -60.525189, -31.776107, 0.0 ], [ -60.524536, -31.773101, 0.0 ], [ -60.524151, -31.771329, 0.0 ], [ -60.524141, -31.771285, 0.0 ], [ -60.523805, -31.769745, 0.0 ], [ -60.526116, -31.767328, 0.0 ], [ -60.526334, -31.767101, 0.0 ], [ -60.527256, -31.766029, 0.0 ], [ -60.527399, -31.76575, 0.0 ], [ -60.527399, -31.765748, 0.0 ], [ -60.528787, -31.765524, 0.0 ], [ -60.530885, -31.775249, 0.0 ] ] ] } },
{ "type": "Feature", "properties": { "Name": "Parana V" }, "geometry": { "type": "Polygon", "coordinates": [ [ [ -60.508646, -31.754217, 0.0 ], [ -60.510506, -31.753936, 0.0 ], [ -60.510545, -31.753987, 0.0 ], [ -60.510897, -31.755528, 0.0 ], [ -60.511086, -31.756465, 0.0 ], [ -60.511146, -31.756887, 0.0 ], [ -60.511227, -31.757231, 0.0 ], [ -60.51058, -31.75734, 0.0 ], [ -60.509799, -31.757451, 0.0 ], [ -60.509336, -31.757519, 0.0 ], [ -60.509123, -31.756448, 0.0 ], [ -60.508996, -31.756434, 0.0 ], [ -60.504368, -31.757101, 0.0 ], [ -60.5043, -31.75671, 0.0 ], [ -60.504214, -31.756087, 0.0 ], [ -60.508912, -31.755382, 0.0 ], [ -60.508646, -31.754217, 0.0 ] ] ] } },
{ "type": "Feature", "properties": { "Name": "Parque del Lago" }, "geometry": { "type": "Polygon", "coordinates": [ [ [ -60.494464, -31.771593, 0.0 ], [ -60.489896, -31.772289, 0.0 ], [ -60.488787, -31.772457, 0.0 ], [ -60.487766, -31.767577, 0.0 ], [ -60.493445, -31.76672, 0.0 ], [ -60.496277, -31.766268, 0.0 ], [ -60.499208, -31.765839, 0.0 ], [ -60.499359, -31.766585, 0.0 ], [ -60.499722, -31.768369, 0.0 ], [ -60.500087, -31.770162, 0.0 ], [ -60.500197, -31.770703, 0.0 ], [ -60.494464, -31.771593, 0.0 ] ] ] } },
{ "type": "Feature", "properties": { "Name": "Plan Piloto Ramirez" }, "geometry": { "type": "Polygon", "coordinates": [ [ [ -60.556681, -31.727644, 0.0 ], [ -60.557613, -31.728199, 0.0 ], [ -60.55689, -31.728219, 0.0 ], [ -60.556121, -31.72864, 0.0 ], [ -60.555261, -31.728619, 0.0 ], [ -60.55445, -31.728681, 0.0 ], [ -60.553163, -31.729179, 0.0 ], [ -60.552965, -31.728804, 0.0 ], [ -60.554047, -31.728357, 0.0 ], [ -60.555188, -31.727968, 0.0 ], [ -60.556681, -31.727644, 0.0 ] ] ] } },
{ "type": "Feature", "properties": { "Name": "Predolini" }, "geometry": { "type": "Polygon", "coordinates": [ [ [ -60.5043, -31.75671, 0.0 ], [ -60.50331, -31.756868, 0.0 ], [ -60.502296, -31.751938, 0.0 ], [ -60.502155, -31.751876, 0.0 ], [ -60.502289, -31.751784, 0.0 ], [ -60.502575, -31.751589, 0.0 ], [ -60.502767, -31.751456, 0.0 ], [ -60.50288, -31.751378, 0.0 ], [ -60.50322, -31.751142, 0.0 ], [ -60.504877, -31.750018, 0.0 ], [ -60.505402, -31.749666, 0.0 ], [ -60.505821, -31.749461, 0.0 ], [ -60.505985, -31.749386, 0.0 ], [ -60.507087, -31.748873, 0.0 ], [ -60.507454, -31.748705, 0.0 ], [ -60.508138, -31.751883, 0.0 ], [ -60.508646, -31.754217, 0.0 ], [ -60.508912, -31.755382, 0.0 ], [ -60.504214, -31.756087, 0.0 ], [ -60.5043, -31.75671, 0.0 ] ] ] } },
{ "type": "Feature", "properties": { "Name": "Puente Blanco" }, "geometry": { "type": "Polygon", "coordinates": [ [ [ -60.550195, -31.725035, 0.0 ], [ -60.550177, -31.725783, 0.0 ], [ -60.550006, -31.726347, 0.0 ], [ -60.549843, -31.7267, 0.0 ], [ -60.549573, -31.727035, 0.0 ], [ -60.547586, -31.729206, 0.0 ], [ -60.547287, -31.729547, 0.0 ], [ -60.545811, -31.729645, 0.0 ], [ -60.545142, -31.728693, 0.0 ], [ -60.547633, -31.727216, 0.0 ], [ -60.547965, -31.72763, 0.0 ], [ -60.548936, -31.726505, 0.0 ], [ -60.549331, -31.725979, 0.0 ], [ -60.549076, -31.725353, 0.0 ], [ -60.549077, -31.725353, 0.0 ], [ -60.549835, -31.72508, 0.0 ], [ -60.550195, -31.725035, 0.0 ] ] ] } },
{ "type": "Feature", "properties": { "Name": "Rocamora" }, "geometry": { "type": "Polygon", "coordinates": [ [ [ -60.515782, -31.756286, 0.0 ], [ -60.513846, -31.755226, 0.0 ], [ -60.513663, -31.75513, 0.0 ], [ -60.511324, -31.753865, 0.0 ], [ -60.511307, -31.753818, 0.0 ], [ -60.511215, -31.7533, 0.0 ], [ -60.514001, -31.751424, 0.0 ], [ -60.514238, -31.752533, 0.0 ], [ -60.514826, -31.752444, 0.0 ], [ -60.515599, -31.752327, 0.0 ], [ -60.516302, -31.75222, 0.0 ], [ -60.516424, -31.752201, 0.0 ], [ -60.516857, -31.752132, 0.0 ], [ -60.516882, -31.752127, 0.0 ], [ -60.517002, -31.752103, 0.0 ], [ -60.51724, -31.752055, 0.0 ], [ -60.517284, -31.752285, 0.0 ], [ -60.517405, -31.752858, 0.0 ], [ -60.518792, -31.752666, 0.0 ], [ -60.518828, -31.753091, 0.0 ], [ -60.517886, -31.754206, 0.0 ], [ -60.517669, -31.75429, 0.0 ], [ -60.516319, -31.754498, 0.0 ], [ -60.515407, -31.754633, 0.0 ], [ -60.515565, -31.75528, 0.0 ], [ -60.515662, -31.755715, 0.0 ], [ -60.515701, -31.755924, 0.0 ], [ -60.515782, -31.756286, 0.0 ] ] ] } },
{ "type": "Feature", "properties": { "Name": "Saenz Peña" }, "geometry": { "type": "Polygon", "coordinates": [ [ [ -60.519051, -31.747457, 0.0 ], [ -60.518918, -31.74684, 0.0 ], [ -60.518655, -31.745617, 0.0 ], [ -60.51828, -31.743871, 0.0 ], [ -60.518246, -31.743713, 0.0 ], [ -60.518071, -31.742895, 0.0 ], [ -60.51803, -31.742682, 0.0 ], [ -60.518006, -31.74256, 0.0 ], [ -60.51822, -31.742566, 0.0 ], [ -60.520843, -31.741011, 0.0 ], [ -60.521184, -31.740809, 0.0 ], [ -60.52503, -31.738837, 0.0 ], [ -60.527317, -31.737664, 0.0 ], [ -60.52792, -31.737354, 0.0 ], [ -60.530758, -31.735899, 0.0 ], [ -60.531796, -31.73545, 0.0 ], [ -60.534291, -31.739784, 0.0 ], [ -60.534257, -31.739811, 0.0 ], [ -60.533841, -31.74014, 0.0 ], [ -60.53322, -31.740621, 0.0 ], [ -60.533107, -31.740709, 0.0 ], [ -60.532984, -31.740805, 0.0 ], [ -60.532896, -31.740781, 0.0 ], [ -60.532784, -31.740782, 0.0 ], [ -60.532442, -31.740783, 0.0 ], [ -60.528909, -31.745647, 0.0 ], [ -60.528689, -31.74595, 0.0 ], [ -60.528687, -31.745953, 0.0 ], [ -60.52829, -31.746023, 0.0 ], [ -60.52681, -31.746287, 0.0 ], [ -60.525485, -31.746523, 0.0 ], [ -60.524744, -31.746655, 0.0 ], [ -60.52372, -31.74679, 0.0 ], [ -60.523633, -31.746801, 0.0 ], [ -60.523256, -31.746851, 0.0 ], [ -60.521752, -31.747048, 0.0 ], [ -60.519051, -31.747457, 0.0 ] ] ] } },
{ "type": "Feature", "properties": { "Name": "San Roque Nuevo" }, "geometry": { "type": "Polygon", "coordinates": [ [ [ -60.504162, -31.727244, 0.0 ], [ -60.504347, -31.728789, 0.0 ], [ -60.503651, -31.728994, 0.0 ], [ -60.504076, -31.731022, 0.0 ], [ -60.506496, -31.730649, 0.0 ], [ -60.506666, -31.731476, 0.0 ], [ -60.503467, -31.732004, 0.0 ], [ -60.503261, -31.731066, 0.0 ], [ -60.502281, -31.731231, 0.0 ], [ -60.502237, -31.731129, 0.0 ], [ -60.502017, -31.730616, 0.0 ], [ -60.501754, -31.730011, 0.0 ], [ -60.501526, -31.729396, 0.0 ], [ -60.501453, -31.728911, 0.0 ], [ -60.501499, -31.728863, 0.0 ], [ -60.501593, -31.728809, 0.0 ], [ -60.501825, -31.728671, 0.0 ], [ -60.502025, -31.728209, 0.0 ], [ -60.501886, -31.727678, 0.0 ], [ -60.502473, -31.727554, 0.0 ], [ -60.50311, -31.727269, 0.0 ], [ -60.504162, -31.727244, 0.0 ] ] ] } },
{ "type": "Feature", "properties": { "Name": "Santa Lucia" }, "geometry": { "type": "Polygon", "coordinates": [ [ [ -60.522647, -31.764554, 0.0 ], [ -60.523013, -31.766318, 0.0 ], [ -60.52304, -31.766417, 0.0 ], [ -60.523041, -31.76642, 0.0 ], [ -60.523257, -31.767237, 0.0 ], [ -60.523805, -31.769745, 0.0 ], [ -60.524141, -31.771285, 0.0 ], [ -60.524105, -31.771291, 0.0 ], [ -60.519105, -31.772064, 0.0 ], [ -60.518411, -31.772181, 0.0 ], [ -60.518404, -31.772182, 0.0 ], [ -60.517385, -31.772358, 0.0 ], [ -60.517094, -31.772403, 0.0 ], [ -60.516881, -31.772448, 0.0 ], [ -60.516658, -31.772495, 0.0 ], [ -60.516207, -31.772585, 0.0 ], [ -60.51586, -31.772642, 0.0 ], [ -60.515362, -31.772723, 0.0 ], [ -60.514595, -31.772849, 0.0 ], [ -60.513485, -31.773031, 0.0 ], [ -60.510717, -31.773484, 0.0 ], [ -60.510768, -31.773406, 0.0 ], [ -60.515184, -31.766659, 0.0 ], [ -60.516116, -31.765234, 0.0 ], [ -60.51616, -31.765227, 0.0 ], [ -60.51776, -31.764932, 0.0 ], [ -60.518378, -31.76483, 0.0 ], [ -60.518544, -31.764803, 0.0 ], [ -60.518755, -31.764779, 0.0 ], [ -60.518956, -31.764737, 0.0 ], [ -60.519554, -31.764644, 0.0 ], [ -60.519861, -31.764592, 0.0 ], [ -60.52011, -31.764593, 0.0 ], [ -60.520649, -31.764876, 0.0 ], [ -60.521331, -31.764775, 0.0 ], [ -60.521476, -31.764742, 0.0 ], [ -60.52251, -31.764578, 0.0 ], [ -60.522647, -31.764554, 0.0 ] ] ] } },
{ "type": "Feature", "properties": { "Name": "Santa Rita" }, "geometry": { "type": "Polygon", "coordinates": [ [ [ -60.55354, -31.743416, 0.0 ], [ -60.553817, -31.744547, 0.0 ], [ -60.553792, -31.744655, 0.0 ], [ -60.552494, -31.744832, 0.0 ], [ -60.552222, -31.743348, 0.0 ], [ -60.55218, -31.743021, 0.0 ], [ -60.55194, -31.742482, 0.0 ], [ -60.552953, -31.742329, 0.0 ], [ -60.552955, -31.742328, 0.0 ], [ -60.552955, -31.742334, 0.0 ], [ -60.553489, -31.743321, 0.0 ], [ -60.55354, -31.743416, 0.0 ] ] ] } },
{ "type": "Feature", "properties": { "Name": "Santa Teresita" }, "geometry": { "type": "Polygon", "coordinates": [ [ [ -60.517485, -31.740107, 0.0 ], [ -60.517929, -31.742108, 0.0 ], [ -60.517974, -31.742411, 0.0 ], [ -60.518006, -31.74256, 0.0 ], [ -60.517895, -31.742581, 0.0 ], [ -60.51229, -31.743491, 0.0 ], [ -60.509386, -31.743963, 0.0 ], [ -60.508825, -31.741377, 0.0 ], [ -60.511791, -31.740972, 0.0 ], [ -60.514636, -31.740614, 0.0 ], [ -60.517485, -31.740107, 0.0 ] ] ] } },
{ "type": "Feature", "properties": { "Name": "Villa Almendral" }, "geometry": { "type": "Polygon", "coordinates": [ [ [ -60.511209, -31.723669, 0.0 ], [ -60.511191, -31.723671, 0.0 ], [ -60.509952, -31.723826, 0.0 ], [ -60.509416, -31.721319, 0.0 ], [ -60.508859, -31.721415, 0.0 ], [ -60.507691, -31.720683, 0.0 ], [ -60.507779, -31.719162, 0.0 ], [ -60.507813, -31.718589, 0.0 ], [ -60.507468, -31.717882, 0.0 ], [ -60.508579, -31.718403, 0.0 ], [ -60.510219, -31.718767, 0.0 ], [ -60.512923, -31.718358, 0.0 ], [ -60.513617, -31.721793, 0.0 ], [ -60.513902, -31.723208, 0.0 ], [ -60.513902, -31.723209, 0.0 ], [ -60.513813, -31.723238, 0.0 ], [ -60.513382, -31.723377, 0.0 ], [ -60.513115, -31.72343, 0.0 ], [ -60.512635, -31.72349, 0.0 ], [ -60.512197, -31.723545, 0.0 ], [ -60.511209, -31.723669, 0.0 ] ] ] } },
{ "type": "Feature", "properties": { "Name": "Villa Uranga" }, "geometry": { "type": "Polygon", "coordinates": [ [ [ -60.486693, -31.762726, 0.0 ], [ -60.48569, -31.757814, 0.0 ], [ -60.487364, -31.757566, 0.0 ], [ -60.48767, -31.757521, 0.0 ], [ -60.489441, -31.757258, 0.0 ], [ -60.489949, -31.757183, 0.0 ], [ -60.491004, -31.762065, 0.0 ], [ -60.486693, -31.762726, 0.0 ] ] ] } },
{ "type": "Feature", "properties": { "Name": "Santa Maria del Rosario" }, "geometry": { "type": "Polygon", "coordinates": [ [ [ -60.489581, -31.762283, 0.0 ], [ -60.491004, -31.762065, 0.0 ], [ -60.492439, -31.761844, 0.0 ], [ -60.493445, -31.76672, 0.0 ], [ -60.487766, -31.767577, 0.0 ], [ -60.487177, -31.764914, 0.0 ], [ -60.490027, -31.76448, 0.0 ], [ -60.489581, -31.762283, 0.0 ] ] ] } },
{ "type": "Feature", "properties": { "Name": "Loma Hermosa" }, "geometry": { "type": "Polygon", "coordinates": [ [ [ -60.493609, -31.739481, 0.0 ], [ -60.492944, -31.736574, 0.0 ], [ -60.494117, -31.736408, 0.0 ], [ -60.498794, -31.735663, 0.0 ], [ -60.499014, -31.736715, 0.0 ], [ -60.499163, -31.737432, 0.0 ], [ -60.49681, -31.738907, 0.0 ], [ -60.496229, -31.738999, 0.0 ], [ -60.495807, -31.739084, 0.0 ], [ -60.495503, -31.739153, 0.0 ], [ -60.495169, -31.73923, 0.0 ], [ -60.494835, -31.739273, 0.0 ], [ -60.494245, -31.739368, 0.0 ], [ -60.493609, -31.739481, 0.0 ] ] ] } },
{ "type": "Feature", "properties": { "Name": "Las Flores" }, "geometry": { "type": "Polygon", "coordinates": [ [ [ -60.543206, -31.734083, 0.0 ], [ -60.542723, -31.733839, 0.0 ], [ -60.54195, -31.733322, 0.0 ], [ -60.541938, -31.733315, 0.0 ], [ -60.542284, -31.73264, 0.0 ], [ -60.542814, -31.731866, 0.0 ], [ -60.543026, -31.731666, 0.0 ], [ -60.543015, -31.731516, 0.0 ], [ -60.543131, -31.731366, 0.0 ], [ -60.543797, -31.7306, 0.0 ], [ -60.543933, -31.730574, 0.0 ], [ -60.544261, -31.730307, 0.0 ], [ -60.544699, -31.729637, 0.0 ], [ -60.544987, -31.729814, 0.0 ], [ -60.545698, -31.730193, 0.0 ], [ -60.546603, -31.730472, 0.0 ], [ -60.546314, -31.730816, 0.0 ], [ -60.545388, -31.731921, 0.0 ], [ -60.544951, -31.732466, 0.0 ], [ -60.544799, -31.732654, 0.0 ], [ -60.544211, -31.733296, 0.0 ], [ -60.543786, -31.733671, 0.0 ], [ -60.543476, -31.733872, 0.0 ], [ -60.543206, -31.734083, 0.0 ] ] ] } },
{ "type": "Feature", "properties": { "Name": "9 de Julio" }, "geometry": { "type": "Polygon", "coordinates": [ [ [ -60.478613, -31.75889, 0.0 ], [ -60.478456, -31.759221, 0.0 ], [ -60.478326, -31.75959, 0.0 ], [ -60.478205, -31.759981, 0.0 ], [ -60.478119, -31.760357, 0.0 ], [ -60.477866, -31.760802, 0.0 ], [ -60.477482, -31.761254, 0.0 ], [ -60.476632, -31.762179, 0.0 ], [ -60.475854, -31.762773, 0.0 ], [ -60.475136, -31.763328, 0.0 ], [ -60.475134, -31.76333, 0.0 ], [ -60.474261, -31.759593, 0.0 ], [ -60.477722, -31.75902, 0.0 ], [ -60.478613, -31.75889, 0.0 ] ] ] } },
{ "type": "Feature", "properties": { "Name": "4 de Junio" }, "geometry": { "type": "MultiPolygon", "coordinates": [ [ [ [ -60.477733, -31.759019, 0.0 ], [ -60.478613, -31.75889, 0.0 ], [ -60.477731, -31.759023, 0.0 ], [ -60.477733, -31.759019, 0.0 ] ] ], [ [ [ -60.479433, -31.75373, 0.0 ], [ -60.479434, -31.753725, 0.0 ], [ -60.479897, -31.753668, 0.0 ], [ -60.478629, -31.75386, 0.0 ], [ -60.478418, -31.75502, 0.0 ], [ -60.477733, -31.759019, 0.0 ], [ -60.477722, -31.75902, 0.0 ], [ -60.474261, -31.759593, 0.0 ], [ -60.473282, -31.754703, 0.0 ], [ -60.47798, -31.753953, 0.0 ], [ -60.478974, -31.753807, 0.0 ], [ -60.479433, -31.75373, 0.0 ] ] ] ] } },
{ "type": "Feature", "properties": { "Name": "Circunvalacion" }, "geometry": { "type": "Polygon", "coordinates": [ [ [ -60.478797, -31.743716, 0.0 ], [ -60.481514, -31.743357, 0.0 ], [ -60.481519, -31.743311, 0.0 ], [ -60.482568, -31.743189, 0.0 ], [ -60.48256, -31.74323, 0.0 ], [ -60.482556, -31.743998, 0.0 ], [ -60.482611, -31.744389, 0.0 ], [ -60.482613, -31.744682, 0.0 ], [ -60.482649, -31.744967, 0.0 ], [ -60.482735, -31.746328, 0.0 ], [ -60.482706, -31.747373, 0.0 ], [ -60.48269, -31.747696, 0.0 ], [ -60.482612, -31.748042, 0.0 ], [ -60.482534, -31.7482, 0.0 ], [ -60.481778, -31.748301, 0.0 ], [ -60.481479, -31.748347, 0.0 ], [ -60.481207, -31.748386, 0.0 ], [ -60.479923, -31.748593, 0.0 ], [ -60.478797, -31.743716, 0.0 ] ] ] } },
{ "type": "Feature", "properties": { "Name": "Lopez Jordan" }, "geometry": { "type": "Polygon", "coordinates": [ [ [ -60.486774, -31.748957, 0.0 ], [ -60.487075, -31.750412, 0.0 ], [ -60.486406, -31.750522, 0.0 ], [ -60.485666, -31.750644, 0.0 ], [ -60.485967, -31.752146, 0.0 ], [ -60.487404, -31.751914, 0.0 ], [ -60.487418, -31.751987, 0.0 ], [ -60.487519, -31.75251, 0.0 ], [ -60.484673, -31.752938, 0.0 ], [ -60.479897, -31.753668, 0.0 ], [ -60.480017, -31.753051, 0.0 ], [ -60.480154, -31.752314, 0.0 ], [ -60.480641, -31.751244, 0.0 ], [ -60.481112, -31.750476, 0.0 ], [ -60.48133, -31.750122, 0.0 ], [ -60.481531, -31.74979, 0.0 ], [ -60.486774, -31.748957, 0.0 ] ] ] } },
{ "type": "Feature", "properties": { "Name": "Brisas del Este" }, "geometry": { "type": "Polygon", "coordinates": [ [ [ -60.481514, -31.743357, 0.0 ], [ -60.478797, -31.743716, 0.0 ], [ -60.465587, -31.745798, 0.0 ], [ -60.45411, -31.747607, 0.0 ], [ -60.453517, -31.744881, 0.0 ], [ -60.454424, -31.742481, 0.0 ], [ -60.454755, -31.740951, 0.0 ], [ -60.454748, -31.739504, 0.0 ], [ -60.454308, -31.738473, 0.0 ], [ -60.453381, -31.736906, 0.0 ], [ -60.452812, -31.736343, 0.0 ], [ -60.452798, -31.736329, 0.0 ], [ -60.45699, -31.733297, 0.0 ], [ -60.458581, -31.7323, 0.0 ], [ -60.458944, -31.732179, 0.0 ], [ -60.459597, -31.731963, 0.0 ], [ -60.46085, -31.731548, 0.0 ], [ -60.468212, -31.730455, 0.0 ], [ -60.473895, -31.729631, 0.0 ], [ -60.475826, -31.73916, 0.0 ], [ -60.475831, -31.739179, 0.0 ], [ -60.475885, -31.73917, 0.0 ], [ -60.481571, -31.738199, 0.0 ], [ -60.484071, -31.737821, 0.0 ], [ -60.483821, -31.738274, 0.0 ], [ -60.482834, -31.740702, 0.0 ], [ -60.482785, -31.740799, 0.0 ], [ -60.482585, -31.741831, 0.0 ], [ -60.482536, -31.742086, 0.0 ], [ -60.48257, -31.743177, 0.0 ], [ -60.482568, -31.743189, 0.0 ], [ -60.481519, -31.743311, 0.0 ], [ -60.481514, -31.743357, 0.0 ] ] ] } },
{ "type": "Feature", "properties": { "Name": "Lomas del Brete" }, "geometry": { "type": "Polygon", "coordinates": [ [ [ -60.493626, -31.733876, 0.0 ], [ -60.493613, -31.733867, 0.0 ], [ -60.492431, -31.734056, 0.0 ], [ -60.492411, -31.734053, 0.0 ], [ -60.491905, -31.731656, 0.0 ], [ -60.491592, -31.730155, 0.0 ], [ -60.492697, -31.729643, 0.0 ], [ -60.49558, -31.728288, 0.0 ], [ -60.49705, -31.727517, 0.0 ], [ -60.497126, -31.72788, 0.0 ], [ -60.497277, -31.728511, 0.0 ], [ -60.497732, -31.730795, 0.0 ], [ -60.497737, -31.730813, 0.0 ], [ -60.49827, -31.733215, 0.0 ], [ -60.49571, -31.733625, 0.0 ], [ -60.495365, -31.733584, 0.0 ], [ -60.493626, -31.733876, 0.0 ] ] ] } },
{ "type": "Feature", "properties": { "Name": "Anac. Medina Norte" }, "geometry": { "type": "Polygon", "coordinates": [ [ [ -60.55215, -31.740513, 0.0 ], [ -60.557362, -31.739755, 0.0 ], [ -60.557336, -31.739781, 0.0 ], [ -60.557273, -31.739926, 0.0 ], [ -60.557182, -31.740356, 0.0 ], [ -60.557184, -31.740521, 0.0 ], [ -60.557283, -31.740944, 0.0 ], [ -60.557285, -31.740998, 0.0 ], [ -60.557317, -31.741133, 0.0 ], [ -60.557333, -31.74117, 0.0 ], [ -60.557658, -31.742561, 0.0 ], [ -60.55766, -31.742626, 0.0 ], [ -60.55767, -31.742683, 0.0 ], [ -60.556736, -31.743056, 0.0 ], [ -60.556331, -31.743011, 0.0 ], [ -60.555857, -31.743036, 0.0 ], [ -60.555173, -31.743159, 0.0 ], [ -60.555049, -31.743013, 0.0 ], [ -60.553489, -31.743321, 0.0 ], [ -60.552955, -31.742334, 0.0 ], [ -60.552953, -31.742329, 0.0 ], [ -60.55215, -31.740513, 0.0 ] ] ] } },
{ "type": "Feature", "properties": { "Name": "SOETAP" }, "geometry": { "type": "Polygon", "coordinates": [ [ [ -60.484131, -31.740516, 0.0 ], [ -60.484438, -31.741922, 0.0 ], [ -60.484235, -31.741924, 0.0 ], [ -60.483536, -31.742033, 0.0 ], [ -60.482777, -31.741861, 0.0 ], [ -60.482585, -31.741831, 0.0 ], [ -60.482785, -31.740799, 0.0 ], [ -60.482834, -31.740702, 0.0 ], [ -60.483095, -31.740673, 0.0 ], [ -60.483097, -31.740668, 0.0 ], [ -60.484131, -31.740516, 0.0 ] ] ] } },
{ "type": "Feature", "properties": { "Name": "Quintas al Sur" }, "geometry": { "type": "Polygon", "coordinates": [ [ [ -60.525494, -31.75017, 0.0 ], [ -60.525917, -31.752176, 0.0 ], [ -60.526032, -31.752709, 0.0 ], [ -60.526126, -31.753128, 0.0 ], [ -60.526123, -31.753131, 0.0 ], [ -60.526686, -31.755745, 0.0 ], [ -60.527744, -31.760654, 0.0 ], [ -60.521967, -31.761546, 0.0 ], [ -60.521929, -31.761344, 0.0 ], [ -60.521449, -31.758814, 0.0 ], [ -60.524491, -31.758337, 0.0 ], [ -60.524023, -31.756185, 0.0 ], [ -60.521022, -31.756585, 0.0 ], [ -60.52097, -31.756251, 0.0 ], [ -60.52225, -31.754639, 0.0 ], [ -60.524733, -31.751121, 0.0 ], [ -60.525067, -31.750749, 0.0 ], [ -60.525494, -31.75017, 0.0 ] ] ] } },
{ "type": "Feature", "properties": { "Name": "La Milagrosa" }, "geometry": { "type": "Polygon", "coordinates": [ [ [ -60.490621, -31.753124, 0.0 ], [ -60.490709, -31.752972, 0.0 ], [ -60.490797, -31.752896, 0.0 ], [ -60.490877, -31.752744, 0.0 ], [ -60.490867, -31.752645, 0.0 ], [ -60.490804, -31.752433, 0.0 ], [ -60.490794, -31.752251, 0.0 ], [ -60.490811, -31.752129, 0.0 ], [ -60.490855, -31.752053, 0.0 ], [ -60.490846, -31.75197, 0.0 ], [ -60.49089, -31.751871, 0.0 ], [ -60.490978, -31.751787, 0.0 ], [ -60.491075, -31.751635, 0.0 ], [ -60.491163, -31.751551, 0.0 ], [ -60.491083, -31.751445, 0.0 ], [ -60.491109, -31.751369, 0.0 ], [ -60.491189, -31.751316, 0.0 ], [ -60.491206, -31.751194, 0.0 ], [ -60.491223, -31.751134, 0.0 ], [ -60.491267, -31.751035, 0.0 ], [ -60.491249, -31.750929, 0.0 ], [ -60.491222, -31.750792, 0.0 ], [ -60.491239, -31.750655, 0.0 ], [ -60.491336, -31.750564, 0.0 ], [ -60.491424, -31.750495, 0.0 ], [ -60.491486, -31.750404, 0.0 ], [ -60.491468, -31.750313, 0.0 ], [ -60.491476, -31.750222, 0.0 ], [ -60.491574, -31.750176, 0.0 ], [ -60.491689, -31.75013, 0.0 ], [ -60.491724, -31.750054, 0.0 ], [ -60.491661, -31.749971, 0.0 ], [ -60.491599, -31.749918, 0.0 ], [ -60.491652, -31.749849, 0.0 ], [ -60.491714, -31.749864, 0.0 ], [ -60.491821, -31.749871, 0.0 ], [ -60.491829, -31.749796, 0.0 ], [ -60.491775, -31.749697, 0.0 ], [ -60.491695, -31.749629, 0.0 ], [ -60.491695, -31.749584, 0.0 ], [ -60.491748, -31.749545, 0.0 ], [ -60.491783, -31.749469, 0.0 ], [ -60.491774, -31.749432, 0.0 ], [ -60.491729, -31.749394, 0.0 ], [ -60.491702, -31.749341, 0.0 ], [ -60.491707, -31.749314, 0.0 ], [ -60.491733, -31.74928, 0.0 ], [ -60.491801, -31.749265, 0.0 ], [ -60.491911, -31.749251, 0.0 ], [ -60.491972, -31.749194, 0.0 ], [ -60.492033, -31.749092, 0.0 ], [ -60.492076, -31.749013, 0.0 ], [ -60.492056, -31.74896, 0.0 ], [ -60.491965, -31.748885, 0.0 ], [ -60.492074, -31.748754, 0.0 ], [ -60.492167, -31.748642, 0.0 ], [ -60.49235, -31.748666, 0.0 ], [ -60.492492, -31.748762, 0.0 ], [ -60.492582, -31.748734, 0.0 ], [ -60.49256, -31.748531, 0.0 ], [ -60.492721, -31.748323, 0.0 ], [ -60.492964, -31.748373, 0.0 ], [ -60.493118, -31.748292, 0.0 ], [ -60.493218, -31.748188, 0.0 ], [ -60.493151, -31.748026, 0.0 ], [ -60.493176, -31.747911, 0.0 ], [ -60.493415, -31.747886, 0.0 ], [ -60.493511, -31.747637, 0.0 ], [ -60.493715, -31.747428, 0.0 ], [ -60.494004, -31.747388, 0.0 ], [ -60.494189, -31.746904, 0.0 ], [ -60.494389, -31.746379, 0.0 ], [ -60.495029, -31.746294, 0.0 ], [ -60.496888, -31.755048, 0.0 ], [ -60.496947, -31.755354, 0.0 ], [ -60.496588, -31.755588, 0.0 ], [ -60.496111, -31.755881, 0.0 ], [ -60.495887, -31.756045, 0.0 ], [ -60.495491, -31.756335, 0.0 ], [ -60.491391, -31.756969, 0.0 ], [ -60.49136, -31.756974, 0.0 ], [ -60.490621, -31.753124, 0.0 ] ] ] } },
{ "type": "Feature", "properties": { "Name": "7 de Mayo" }, "geometry": { "type": "Polygon", "coordinates": [ [ [ -60.521967, -31.761546, 0.0 ], [ -60.52233, -31.763058, 0.0 ], [ -60.517173, -31.763853, 0.0 ], [ -60.517184, -31.763837, 0.0 ], [ -60.517099, -31.763849, 0.0 ], [ -60.51763, -31.763071, 0.0 ], [ -60.518249, -31.762163, 0.0 ], [ -60.518251, -31.762161, 0.0 ], [ -60.518315, -31.762153, 0.0 ], [ -60.51864, -31.762099, 0.0 ], [ -60.521967, -31.761546, 0.0 ] ] ] } },
{ "type": "Feature", "properties": { "Name": "Barranca Oeste" }, "geometry": { "type": "MultiPolygon", "coordinates": [ [ [ [ -60.555955, -31.733906, 0.0 ], [ -60.555027, -31.732155, 0.0 ], [ -60.556835, -31.731678, 0.0 ], [ -60.56064, -31.731045, 0.0 ], [ -60.560537, -31.731101, 0.0 ], [ -60.560442, -31.731194, 0.0 ], [ -60.56038, -31.731305, 0.0 ], [ -60.559731, -31.733081, 0.0 ], [ -60.559708, -31.733118, 0.0 ], [ -60.559707, -31.733118, 0.0 ], [ -60.559662, -31.733133, 0.0 ], [ -60.557788, -31.733416, 0.0 ], [ -60.557649, -31.733455, 0.0 ], [ -60.557528, -31.733526, 0.0 ], [ -60.557435, -31.733624, 0.0 ], [ -60.557378, -31.733739, 0.0 ], [ -60.557374, -31.733765, 0.0 ], [ -60.556445, -31.733901, 0.0 ], [ -60.555955, -31.733906, 0.0 ] ] ], [ [ [ -60.561356, -31.731004, 0.0 ], [ -60.561225, -31.730967, 0.0 ], [ -60.561115, -31.730966, 0.0 ], [ -60.561343, -31.730929, 0.0 ], [ -60.561356, -31.731004, 0.0 ] ] ] ] } },
{ "type": "Feature", "properties": { "Name": "Padre Kentenich" }, "geometry": { "type": "Polygon", "coordinates": [ [ [ -60.533397, -31.759759, 0.0 ], [ -60.533702, -31.759897, 0.0 ], [ -60.534553, -31.764593, 0.0 ], [ -60.527399, -31.765748, 0.0 ], [ -60.527789, -31.765136, 0.0 ], [ -60.527889, -31.764978, 0.0 ], [ -60.528081, -31.764622, 0.0 ], [ -60.528153, -31.764489, 0.0 ], [ -60.528267, -31.764097, 0.0 ], [ -60.528314, -31.763936, 0.0 ], [ -60.528389, -31.763644, 0.0 ], [ -60.527744, -31.760654, 0.0 ], [ -60.533397, -31.759759, 0.0 ] ] ] } },
{ "type": "Feature", "properties": { "Name": "Elpidio Gonzalez" }, "geometry": { "type": "Polygon", "coordinates": [ [ [ -60.528687, -31.745953, 0.0 ], [ -60.528689, -31.74595, 0.0 ], [ -60.528909, -31.745647, 0.0 ], [ -60.528922, -31.745654, 0.0 ], [ -60.530517, -31.746453, 0.0 ], [ -60.529548, -31.74731, 0.0 ], [ -60.52948, -31.747387, 0.0 ], [ -60.529012, -31.747916, 0.0 ], [ -60.528924, -31.748016, 0.0 ], [ -60.528114, -31.749146, 0.0 ], [ -60.527181, -31.750447, 0.0 ], [ -60.527054, -31.750625, 0.0 ], [ -60.525917, -31.752176, 0.0 ], [ -60.525583, -31.750593, 0.0 ], [ -60.525494, -31.75017, 0.0 ], [ -60.525107, -31.748356, 0.0 ], [ -60.524744, -31.746655, 0.0 ], [ -60.525485, -31.746523, 0.0 ], [ -60.52681, -31.746287, 0.0 ], [ -60.52829, -31.746023, 0.0 ], [ -60.528687, -31.745953, 0.0 ] ] ] } },
{ "type": "Feature", "properties": { "Name": "Lomas del Mirador II" }, "geometry": { "type": "Polygon", "coordinates": [ [ [ -60.487404, -31.751914, 0.0 ], [ -60.485967, -31.752146, 0.0 ], [ -60.485666, -31.750644, 0.0 ], [ -60.486406, -31.750522, 0.0 ], [ -60.487075, -31.750412, 0.0 ], [ -60.488498, -31.750215, 0.0 ], [ -60.488646, -31.750195, 0.0 ], [ -60.489884, -31.75001, 0.0 ], [ -60.490263, -31.751751, 0.0 ], [ -60.490333, -31.752071, 0.0 ], [ -60.488928, -31.752302, 0.0 ], [ -60.487519, -31.75251, 0.0 ], [ -60.487418, -31.751987, 0.0 ], [ -60.487404, -31.751914, 0.0 ] ] ] } },
{ "type": "Feature", "properties": { "Name": "San Jose Obrero" }, "geometry": { "type": "Polygon", "coordinates": [ [ [ -60.503336, -31.764579, 0.0 ], [ -60.504936, -31.764302, 0.0 ], [ -60.5077, -31.763826, 0.0 ], [ -60.507767, -31.764146, 0.0 ], [ -60.507949, -31.765002, 0.0 ], [ -60.507938, -31.765081, 0.0 ], [ -60.509292, -31.764861, 0.0 ], [ -60.509639, -31.764409, 0.0 ], [ -60.51077, -31.76422, 0.0 ], [ -60.510928, -31.764977, 0.0 ], [ -60.511271, -31.76647, 0.0 ], [ -60.511647, -31.768251, 0.0 ], [ -60.510185, -31.768494, 0.0 ], [ -60.508334, -31.768797, 0.0 ], [ -60.507826, -31.768872, 0.0 ], [ -60.50598, -31.769178, 0.0 ], [ -60.505561, -31.767445, 0.0 ], [ -60.503977, -31.767693, 0.0 ], [ -60.503922, -31.767415, 0.0 ], [ -60.50385, -31.766917, 0.0 ], [ -60.503336, -31.764579, 0.0 ] ] ] } },
{ "type": "Feature", "properties": { "Name": "Humito" }, "geometry": { "type": "Polygon", "coordinates": [ [ [ -60.547633, -31.727216, 0.0 ], [ -60.5473, -31.7268, 0.0 ], [ -60.546732, -31.726047, 0.0 ], [ -60.547014, -31.726012, 0.0 ], [ -60.547139, -31.725779, 0.0 ], [ -60.547064, -31.725601, 0.0 ], [ -60.547011, -31.725473, 0.0 ], [ -60.54725, -31.725194, 0.0 ], [ -60.547241, -31.724978, 0.0 ], [ -60.547126, -31.724796, 0.0 ], [ -60.547065, -31.724687, 0.0 ], [ -60.546844, -31.724239, 0.0 ], [ -60.546576, -31.72393, 0.0 ], [ -60.545815, -31.723594, 0.0 ], [ -60.545506, -31.723459, 0.0 ], [ -60.545316, -31.72338, 0.0 ], [ -60.545162, -31.723306, 0.0 ], [ -60.544987, -31.72324, 0.0 ], [ -60.545069, -31.723085, 0.0 ], [ -60.545142, -31.722947, 0.0 ], [ -60.545865, -31.723097, 0.0 ], [ -60.546095, -31.723025, 0.0 ], [ -60.54612, -31.722985, 0.0 ], [ -60.546119, -31.722847, 0.0 ], [ -60.546142, -31.722688, 0.0 ], [ -60.546273, -31.722525, 0.0 ], [ -60.546381, -31.722432, 0.0 ], [ -60.546541, -31.722352, 0.0 ], [ -60.546665, -31.722308, 0.0 ], [ -60.546766, -31.722272, 0.0 ], [ -60.546937, -31.722258, 0.0 ], [ -60.547093, -31.722237, 0.0 ], [ -60.547303, -31.72219, 0.0 ], [ -60.547445, -31.722198, 0.0 ], [ -60.547499, -31.722235, 0.0 ], [ -60.547495, -31.722306, 0.0 ], [ -60.547427, -31.722373, 0.0 ], [ -60.547276, -31.722424, 0.0 ], [ -60.547046, -31.722534, 0.0 ], [ -60.546915, -31.722589, 0.0 ], [ -60.546881, -31.722702, 0.0 ], [ -60.546943, -31.72275, 0.0 ], [ -60.547179, -31.722749, 0.0 ], [ -60.547903, -31.722676, 0.0 ], [ -60.54837, -31.722839, 0.0 ], [ -60.548958, -31.723117, 0.0 ], [ -60.549198, -31.723474, 0.0 ], [ -60.549297, -31.72376, 0.0 ], [ -60.54943, -31.723854, 0.0 ], [ -60.549443, -31.723856, 0.0 ], [ -60.549517, -31.723984, 0.0 ], [ -60.549505, -31.724224, 0.0 ], [ -60.549479, -31.724457, 0.0 ], [ -60.549514, -31.724644, 0.0 ], [ -60.549508, -31.724784, 0.0 ], [ -60.549474, -31.724872, 0.0 ], [ -60.549393, -31.724913, 0.0 ], [ -60.549236, -31.724984, 0.0 ], [ -60.549141, -31.725025, 0.0 ], [ -60.549093, -31.725113, 0.0 ], [ -60.549039, -31.725212, 0.0 ], [ -60.54906, -31.725305, 0.0 ], [ -60.549077, -31.725353, 0.0 ], [ -60.549076, -31.725353, 0.0 ], [ -60.549331, -31.725979, 0.0 ], [ -60.548936, -31.726505, 0.0 ], [ -60.547965, -31.72763, 0.0 ], [ -60.547633, -31.727216, 0.0 ] ] ] } },
{ "type": "Feature", "properties": { "Name": "Union Y Progreso" }, "geometry": { "type": "Polygon", "coordinates": [ [ [ -60.545851, -31.722222, 0.0 ], [ -60.546099, -31.722126, 0.0 ], [ -60.546307, -31.722046, 0.0 ], [ -60.546475, -31.72198, 0.0 ], [ -60.54988, -31.720878, 0.0 ], [ -60.549888, -31.720876, 0.0 ], [ -60.549907, -31.72087, 0.0 ], [ -60.550102, -31.720937, 0.0 ], [ -60.549965, -31.721169, 0.0 ], [ -60.549698, -31.721733, 0.0 ], [ -60.549728, -31.721825, 0.0 ], [ -60.550677, -31.721983, 0.0 ], [ -60.550874, -31.722439, 0.0 ], [ -60.551186, -31.722399, 0.0 ], [ -60.551529, -31.722398, 0.0 ], [ -60.551545, -31.722614, 0.0 ], [ -60.551548, -31.722637, 0.0 ], [ -60.551663, -31.723413, 0.0 ], [ -60.551676, -31.72417, 0.0 ], [ -60.551726, -31.724427, 0.0 ], [ -60.550884, -31.724861, 0.0 ], [ -60.55041, -31.725, 0.0 ], [ -60.550195, -31.725035, 0.0 ], [ -60.549835, -31.72508, 0.0 ], [ -60.549077, -31.725353, 0.0 ], [ -60.54906, -31.725305, 0.0 ], [ -60.549039, -31.725212, 0.0 ], [ -60.549093, -31.725113, 0.0 ], [ -60.549141, -31.725025, 0.0 ], [ -60.549236, -31.724984, 0.0 ], [ -60.549393, -31.724913, 0.0 ], [ -60.549474, -31.724872, 0.0 ], [ -60.549508, -31.724784, 0.0 ], [ -60.549514, -31.724644, 0.0 ], [ -60.549479, -31.724457, 0.0 ], [ -60.549505, -31.724224, 0.0 ], [ -60.549517, -31.723984, 0.0 ], [ -60.549443, -31.723856, 0.0 ], [ -60.54943, -31.723854, 0.0 ], [ -60.549297, -31.72376, 0.0 ], [ -60.549198, -31.723474, 0.0 ], [ -60.548958, -31.723117, 0.0 ], [ -60.54837, -31.722839, 0.0 ], [ -60.547903, -31.722676, 0.0 ], [ -60.547179, -31.722749, 0.0 ], [ -60.546943, -31.72275, 0.0 ], [ -60.546881, -31.722702, 0.0 ], [ -60.546915, -31.722589, 0.0 ], [ -60.547046, -31.722534, 0.0 ], [ -60.547276, -31.722424, 0.0 ], [ -60.547427, -31.722373, 0.0 ], [ -60.547495, -31.722306, 0.0 ], [ -60.547499, -31.722235, 0.0 ], [ -60.547445, -31.722198, 0.0 ], [ -60.547303, -31.72219, 0.0 ], [ -60.547093, -31.722237, 0.0 ], [ -60.546937, -31.722258, 0.0 ], [ -60.546766, -31.722272, 0.0 ], [ -60.546665, -31.722308, 0.0 ], [ -60.546541, -31.722352, 0.0 ], [ -60.546381, -31.722432, 0.0 ], [ -60.546273, -31.722525, 0.0 ], [ -60.546142, -31.722688, 0.0 ], [ -60.546119, -31.722847, 0.0 ], [ -60.54612, -31.722985, 0.0 ], [ -60.546095, -31.723025, 0.0 ], [ -60.545865, -31.723097, 0.0 ], [ -60.545142, -31.722947, 0.0 ], [ -60.545189, -31.722857, 0.0 ], [ -60.545196, -31.72285, 0.0 ], [ -60.545739, -31.722266, 0.0 ], [ -60.545851, -31.722222, 0.0 ] ] ] } },
{ "type": "Feature", "properties": { "Name": "Centro Este" }, "geometry": { "type": "Polygon", "coordinates": [ [ [ -60.526343, -31.734874, 0.0 ], [ -60.52792, -31.737354, 0.0 ], [ -60.527317, -31.737664, 0.0 ], [ -60.52503, -31.738837, 0.0 ], [ -60.521184, -31.740809, 0.0 ], [ -60.520843, -31.741011, 0.0 ], [ -60.51822, -31.742566, 0.0 ], [ -60.518006, -31.74256, 0.0 ], [ -60.517974, -31.742411, 0.0 ], [ -60.517929, -31.742108, 0.0 ], [ -60.517489, -31.740124, 0.0 ], [ -60.517145, -31.738589, 0.0 ], [ -60.517128, -31.738471, 0.0 ], [ -60.517122, -31.73843, 0.0 ], [ -60.522125, -31.736502, 0.0 ], [ -60.524248, -31.735645, 0.0 ], [ -60.524428, -31.735577, 0.0 ], [ -60.526319, -31.734883, 0.0 ], [ -60.526343, -31.734874, 0.0 ] ] ] } },
{ "type": "Feature", "properties": { "Name": "Carlos Pellegrini" }, "geometry": { "type": "Polygon", "coordinates": [ [ [ -60.535431, -31.737757, 0.0 ], [ -60.536, -31.73846, 0.0 ], [ -60.53705, -31.739832, 0.0 ], [ -60.535985, -31.740756, 0.0 ], [ -60.535561, -31.741133, 0.0 ], [ -60.535163, -31.741359, 0.0 ], [ -60.534474, -31.740051, 0.0 ], [ -60.534291, -31.739784, 0.0 ], [ -60.531796, -31.73545, 0.0 ], [ -60.530758, -31.735899, 0.0 ], [ -60.52792, -31.737354, 0.0 ], [ -60.526343, -31.734874, 0.0 ], [ -60.530534, -31.733351, 0.0 ], [ -60.530009, -31.732329, 0.0 ], [ -60.532767, -31.73129, 0.0 ], [ -60.533553, -31.733271, 0.0 ], [ -60.533624, -31.733432, 0.0 ], [ -60.534054, -31.734546, 0.0 ], [ -60.535017, -31.736792, 0.0 ], [ -60.535431, -31.737757, 0.0 ] ] ] } },
{ "type": "Feature", "properties": { "Name": "Los Paraisos" }, "geometry": { "type": "Polygon", "coordinates": [ [ [ -60.487177, -31.764914, 0.0 ], [ -60.487766, -31.767577, 0.0 ], [ -60.482068, -31.768483, 0.0 ], [ -60.481064, -31.763559, 0.0 ], [ -60.48329, -31.763226, 0.0 ], [ -60.486693, -31.762726, 0.0 ], [ -60.489581, -31.762283, 0.0 ], [ -60.490027, -31.76448, 0.0 ], [ -60.487177, -31.764914, 0.0 ] ] ] } },
{ "type": "Feature", "properties": { "Name": "Lomas del Sur" }, "geometry": { "type": "Polygon", "coordinates": [ [ [ -60.527744, -31.760654, 0.0 ], [ -60.528389, -31.763644, 0.0 ], [ -60.528314, -31.763936, 0.0 ], [ -60.528267, -31.764097, 0.0 ], [ -60.528153, -31.764489, 0.0 ], [ -60.528081, -31.764622, 0.0 ], [ -60.527889, -31.764978, 0.0 ], [ -60.527789, -31.765136, 0.0 ], [ -60.527399, -31.765748, 0.0 ], [ -60.527399, -31.76575, 0.0 ], [ -60.527388, -31.765744, 0.0 ], [ -60.523041, -31.76642, 0.0 ], [ -60.52304, -31.766417, 0.0 ], [ -60.523013, -31.766318, 0.0 ], [ -60.522647, -31.764554, 0.0 ], [ -60.52233, -31.763058, 0.0 ], [ -60.521967, -31.761546, 0.0 ], [ -60.527744, -31.760654, 0.0 ] ] ] } },
{ "type": "Feature", "properties": { "Name": "Las Americas" }, "geometry": { "type": "Polygon", "coordinates": [ [ [ -60.507013, -31.774042, 0.0 ], [ -60.507039, -31.774038, 0.0 ], [ -60.510717, -31.773484, 0.0 ], [ -60.513485, -31.773031, 0.0 ], [ -60.514595, -31.772849, 0.0 ], [ -60.515362, -31.772723, 0.0 ], [ -60.51586, -31.772642, 0.0 ], [ -60.517972, -31.773779, 0.0 ], [ -60.518067, -31.773899, 0.0 ], [ -60.520302, -31.773568, 0.0 ], [ -60.521028, -31.772461, 0.0 ], [ -60.518595, -31.772938, 0.0 ], [ -60.518411, -31.772181, 0.0 ], [ -60.519105, -31.772064, 0.0 ], [ -60.524105, -31.771291, 0.0 ], [ -60.524141, -31.771285, 0.0 ], [ -60.524151, -31.771329, 0.0 ], [ -60.524536, -31.773101, 0.0 ], [ -60.525189, -31.776107, 0.0 ], [ -60.528288, -31.790372, 0.0 ], [ -60.528533, -31.791498, 0.0 ], [ -60.530053, -31.798496, 0.0 ], [ -60.530193, -31.798668, 0.0 ], [ -60.53012, -31.798666, 0.0 ], [ -60.529957, -31.798706, 0.0 ], [ -60.529819, -31.79879, 0.0 ], [ -60.528636, -31.799786, 0.0 ], [ -60.528579, -31.799823, 0.0 ], [ -60.527668, -31.800259, 0.0 ], [ -60.527603, -31.800282, 0.0 ], [ -60.52714, -31.800382, 0.0 ], [ -60.527091, -31.800383, 0.0 ], [ -60.527082, -31.800385, 0.0 ], [ -60.527074, -31.800384, 0.0 ], [ -60.527051, -31.800385, 0.0 ], [ -60.526895, -31.800364, 0.0 ], [ -60.524528, -31.799983, 0.0 ], [ -60.524474, -31.799967, 0.0 ], [ -60.524362, -31.799917, 0.0 ], [ -60.524207, -31.799893, 0.0 ], [ -60.524164, -31.799892, 0.0 ], [ -60.522467, -31.799619, 0.0 ], [ -60.522429, -31.799607, 0.0 ], [ -60.522396, -31.799587, 0.0 ], [ -60.522251, -31.799462, 0.0 ], [ -60.522153, -31.799396, 0.0 ], [ -60.52204, -31.799352, 0.0 ], [ -60.521766, -31.799278, 0.0 ], [ -60.521613, -31.799257, 0.0 ], [ -60.52146, -31.799276, 0.0 ], [ -60.521419, -31.799292, 0.0 ], [ -60.521359, -31.79931, 0.0 ], [ -60.521323, -31.799312, 0.0 ], [ -60.520847, -31.799283, 0.0 ], [ -60.520754, -31.799262, 0.0 ], [ -60.520098, -31.799002, 0.0 ], [ -60.519877, -31.798961, 0.0 ], [ -60.519842, -31.798961, 0.0 ], [ -60.519801, -31.798959, 0.0 ], [ -60.519689, -31.798945, 0.0 ], [ -60.51963, -31.79894, 0.0 ], [ -60.519445, -31.798935, 0.0 ], [ -60.519394, -31.798925, 0.0 ], [ -60.519393, -31.798925, 0.0 ], [ -60.519392, -31.798925, 0.0 ], [ -60.519349, -31.798916, 0.0 ], [ -60.519186, -31.798853, 0.0 ], [ -60.519034, -31.798815, 0.0 ], [ -60.518876, -31.798819, 0.0 ], [ -60.518475, -31.79888, 0.0 ], [ -60.518432, -31.798881, 0.0 ], [ -60.518431, -31.798881, 0.0 ], [ -60.51843, -31.79888, 0.0 ], [ -60.518429, -31.798879, 0.0 ], [ -60.518415, -31.798845, 0.0 ], [ -60.518362, -31.798607, 0.0 ], [ -60.518312, -31.798485, 0.0 ], [ -60.518224, -31.798381, 0.0 ], [ -60.518105, -31.798303, 0.0 ], [ -60.518035, -31.798281, 0.0 ], [ -60.518036, -31.798277, 0.0 ], [ -60.514436, -31.797095, 0.0 ], [ -60.514402, -31.797078, 0.0 ], [ -60.514371, -31.797051, 0.0 ], [ -60.514333, -31.797005, 0.0 ], [ -60.514215, -31.796926, 0.0 ], [ -60.514075, -31.79688, 0.0 ], [ -60.513926, -31.796869, 0.0 ], [ -60.513924, -31.796869, 0.0 ], [ -60.513779, -31.796896, 0.0 ], [ -60.513724, -31.796913, 0.0 ], [ -60.512127, -31.79716, 0.0 ], [ -60.509126, -31.783711, 0.0 ], [ -60.507463, -31.776256, 0.0 ], [ -60.506989, -31.774079, 0.0 ], [ -60.506982, -31.774047, 0.0 ], [ -60.507013, -31.774042, 0.0 ] ], [ [ -60.517603, -31.777351, 0.0 ], [ -60.513473, -31.775334, 0.0 ], [ -60.514235, -31.775057, 0.0 ], [ -60.514241, -31.775059, 0.0 ], [ -60.518527, -31.777219, 0.0 ], [ -60.517603, -31.777351, 0.0 ] ] ] } },
{ "type": "Feature", "properties": { "Name": "El Triangulo" }, "geometry": { "type": "Polygon", "coordinates": [ [ [ -60.494478, -31.771582, 0.0 ], [ -60.500197, -31.770703, 0.0 ], [ -60.500684, -31.772896, 0.0 ], [ -60.500757, -31.773239, 0.0 ], [ -60.500288, -31.773221, 0.0 ], [ -60.499358, -31.773163, 0.0 ], [ -60.49869, -31.773112, 0.0 ], [ -60.498038, -31.773019, 0.0 ], [ -60.497434, -31.772879, 0.0 ], [ -60.496894, -31.772708, 0.0 ], [ -60.496498, -31.772557, 0.0 ], [ -60.495952, -31.772301, 0.0 ], [ -60.495252, -31.771991, 0.0 ], [ -60.494479, -31.771655, 0.0 ], [ -60.494464, -31.771593, 0.0 ], [ -60.494462, -31.771584, 0.0 ], [ -60.494478, -31.771582, 0.0 ] ] ] } },
{ "type": "Feature", "properties": { "Name": "Lomas del Mirador" }, "geometry": { "type": "Polygon", "coordinates": [ [ [ -60.486774, -31.748957, 0.0 ], [ -60.489557, -31.748504, 0.0 ], [ -60.48958, -31.748612, 0.0 ], [ -60.489884, -31.75001, 0.0 ], [ -60.488646, -31.750195, 0.0 ], [ -60.488499, -31.750215, 0.0 ], [ -60.488498, -31.750215, 0.0 ], [ -60.487075, -31.750412, 0.0 ], [ -60.486774, -31.748957, 0.0 ] ] ] } },
{ "type": "Feature", "properties": { "Name": "ALLOATTI" }, "geometry": { "type": "Polygon", "coordinates": [ [ [ -60.549907, -31.72087, 0.0 ], [ -60.551329, -31.719784, 0.0 ], [ -60.551428, -31.719888, 0.0 ], [ -60.551518, -31.719971, 0.0 ], [ -60.551658, -31.720083, 0.0 ], [ -60.551781, -31.720201, 0.0 ], [ -60.552003, -31.720305, 0.0 ], [ -60.552794, -31.720092, 0.0 ], [ -60.553149, -31.722028, 0.0 ], [ -60.551621, -31.722586, 0.0 ], [ -60.551545, -31.722614, 0.0 ], [ -60.551529, -31.722398, 0.0 ], [ -60.551186, -31.722399, 0.0 ], [ -60.550874, -31.722439, 0.0 ], [ -60.550677, -31.721983, 0.0 ], [ -60.549728, -31.721825, 0.0 ], [ -60.549698, -31.721733, 0.0 ], [ -60.549965, -31.721169, 0.0 ], [ -60.550102, -31.720937, 0.0 ], [ -60.549907, -31.72087, 0.0 ] ] ] } },
{ "type": "Feature", "properties": { "Name": "San Jorge" }, "geometry": { "type": "Polygon", "coordinates": [ [ [ -60.55434, -31.746961, 0.0 ], [ -60.552903, -31.747206, 0.0 ], [ -60.55251, -31.745395, 0.0 ], [ -60.552494, -31.744832, 0.0 ], [ -60.553792, -31.744655, 0.0 ], [ -60.553786, -31.744719, 0.0 ], [ -60.55434, -31.746961, 0.0 ] ] ] } },
{ "type": "Feature", "properties": { "Name": "Gazzano" }, "geometry": { "type": "Polygon", "coordinates": [ [ [ -60.497997, -31.760231, 0.0 ], [ -60.501013, -31.759768, 0.0 ], [ -60.503819, -31.759282, 0.0 ], [ -60.504936, -31.764302, 0.0 ], [ -60.503336, -31.764579, 0.0 ], [ -60.502289, -31.76476, 0.0 ], [ -60.499081, -31.765334, 0.0 ], [ -60.49815, -31.760951, 0.0 ], [ -60.497997, -31.760231, 0.0 ] ] ] } },
{ "type": "Feature", "properties": { "Name": "Prefectura Naval Arg." }, "geometry": { "type": "Polygon", "coordinates": [ [ [ -60.496514, -31.781277, 0.0 ], [ -60.496526, -31.781333, 0.0 ], [ -60.497553, -31.786131, 0.0 ], [ -60.491845, -31.787062, 0.0 ], [ -60.491833, -31.787008, 0.0 ], [ -60.490781, -31.782165, 0.0 ], [ -60.496514, -31.781277, 0.0 ] ] ] } },
{ "type": "Feature", "properties": { "Name": "Torres al Sur" }, "geometry": { "type": "Polygon", "coordinates": [ [ [ -60.542405, -31.736842, 0.0 ], [ -60.542569, -31.736762, 0.0 ], [ -60.54333, -31.736369, 0.0 ], [ -60.543827, -31.737057, 0.0 ], [ -60.542884, -31.73752, 0.0 ], [ -60.542405, -31.736842, 0.0 ] ] ] } },
{ "type": "Feature", "properties": { "Name": "Universitario" }, "geometry": { "type": "Polygon", "coordinates": [ [ [ -60.498165, -31.754515, 0.0 ], [ -60.497517, -31.754953, 0.0 ], [ -60.496947, -31.755354, 0.0 ], [ -60.496888, -31.755048, 0.0 ], [ -60.495029, -31.746294, 0.0 ], [ -60.498544, -31.745708, 0.0 ], [ -60.498663, -31.745951, 0.0 ], [ -60.498882, -31.746279, 0.0 ], [ -60.499168, -31.746378, 0.0 ], [ -60.499315, -31.746734, 0.0 ], [ -60.499624, -31.747093, 0.0 ], [ -60.499474, -31.747294, 0.0 ], [ -60.49966, -31.747608, 0.0 ], [ -60.499563, -31.748224, 0.0 ], [ -60.499148, -31.748898, 0.0 ], [ -60.49931, -31.749691, 0.0 ], [ -60.499596, -31.750568, 0.0 ], [ -60.500707, -31.752813, 0.0 ], [ -60.500276, -31.753092, 0.0 ], [ -60.499756, -31.753429, 0.0 ], [ -60.498814, -31.754076, 0.0 ], [ -60.498165, -31.754515, 0.0 ] ] ] } },
{ "type": "Feature", "properties": { "Name": "Arroyo Culantrillo" }, "geometry": { "type": "Polygon", "coordinates": [ [ [ -60.510276, -31.733841, 0.0 ], [ -60.511245, -31.738554, 0.0 ], [ -60.508303, -31.738973, 0.0 ], [ -60.50542, -31.739379, 0.0 ], [ -60.504817, -31.736439, 0.0 ], [ -60.504476, -31.734772, 0.0 ], [ -60.507268, -31.73431, 0.0 ], [ -60.50945, -31.734002, 0.0 ], [ -60.510276, -31.733841, 0.0 ] ] ] } },
{ "type": "Feature", "properties": { "Name": "Arroyo Culantrillo II" }, "geometry": { "type": "Polygon", "coordinates": [ [ [ -60.51123, -31.73115, 0.0 ], [ -60.511327, -31.732149, 0.0 ], [ -60.511628, -31.733617, 0.0 ], [ -60.510276, -31.733841, 0.0 ], [ -60.509769, -31.73139, 0.0 ], [ -60.51123, -31.73115, 0.0 ] ] ] } },
{ "type": "Feature", "properties": { "Name": "UOCRA" }, "geometry": { "type": "Polygon", "coordinates": [ [ [ -60.478891, -31.763029, 0.0 ], [ -60.479084, -31.763875, 0.0 ], [ -60.475343, -31.764454, 0.0 ], [ -60.475181, -31.763621, 0.0 ], [ -60.478891, -31.763029, 0.0 ] ] ] } },
{ "type": "Feature", "properties": { "Name": "Capiba" }, "geometry": { "type": "Polygon", "coordinates": [ [ [ -60.497553, -31.786131, 0.0 ], [ -60.50322, -31.785209, 0.0 ], [ -60.503255, -31.785204, 0.0 ], [ -60.505349, -31.79503, 0.0 ], [ -60.50529, -31.795039, 0.0 ], [ -60.499623, -31.795912, 0.0 ], [ -60.49858, -31.790984, 0.0 ], [ -60.497553, -31.786131, 0.0 ] ] ] } },
{ "type": "Feature", "properties": { "Name": "Ciudad de Paraná" }, "geometry": { "type": "Polygon", "coordinates": [ [ [ -60.501762, -31.749469, 0.0 ], [ -60.502763, -31.749314, 0.0 ], [ -60.502893, -31.749939, 0.0 ], [ -60.50322, -31.751142, 0.0 ], [ -60.50288, -31.751378, 0.0 ], [ -60.502767, -31.751456, 0.0 ], [ -60.502575, -31.751589, 0.0 ], [ -60.502289, -31.751784, 0.0 ], [ -60.502155, -31.751876, 0.0 ], [ -60.500707, -31.752813, 0.0 ], [ -60.499596, -31.750568, 0.0 ], [ -60.49931, -31.749691, 0.0 ], [ -60.500139, -31.749721, 0.0 ], [ -60.500931, -31.749591, 0.0 ], [ -60.501762, -31.749469, 0.0 ] ] ] } },
{ "type": "Feature", "properties": { "Name": "CO.VE.FLO" }, "geometry": { "type": "Polygon", "coordinates": [ [ [ -60.551536, -31.72626, 0.0 ], [ -60.552602, -31.728153, 0.0 ], [ -60.552965, -31.728804, 0.0 ], [ -60.553163, -31.729179, 0.0 ], [ -60.55364, -31.730022, 0.0 ], [ -60.554293, -31.731177, 0.0 ], [ -60.552331, -31.731795, 0.0 ], [ -60.552, -31.731255, 0.0 ], [ -60.550196, -31.731825, 0.0 ], [ -60.549026, -31.729636, 0.0 ], [ -60.547372, -31.730316, 0.0 ], [ -60.54677, -31.730462, 0.0 ], [ -60.546603, -31.730472, 0.0 ], [ -60.547287, -31.729547, 0.0 ], [ -60.547586, -31.729206, 0.0 ], [ -60.549573, -31.727035, 0.0 ], [ -60.549843, -31.7267, 0.0 ], [ -60.550006, -31.726347, 0.0 ], [ -60.550177, -31.725783, 0.0 ], [ -60.550195, -31.725035, 0.0 ], [ -60.55041, -31.725, 0.0 ], [ -60.550884, -31.724861, 0.0 ], [ -60.550827, -31.725, 0.0 ], [ -60.551536, -31.72626, 0.0 ] ] ] } },
{ "type": "Feature", "properties": { "Name": "Consejo" }, "geometry": { "type": "Polygon", "coordinates": [ [ [ -60.506601, -31.729385, 0.0 ], [ -60.509239, -31.728986, 0.0 ], [ -60.509769, -31.73139, 0.0 ], [ -60.510276, -31.733841, 0.0 ], [ -60.50945, -31.734002, 0.0 ], [ -60.509399, -31.733636, 0.0 ], [ -60.509409, -31.73327, 0.0 ], [ -60.509567, -31.73306, 0.0 ], [ -60.509272, -31.732936, 0.0 ], [ -60.509185, -31.732706, 0.0 ], [ -60.509405, -31.732548, 0.0 ], [ -60.509293, -31.732162, 0.0 ], [ -60.508639, -31.731534, 0.0 ], [ -60.508676, -31.731265, 0.0 ], [ -60.508123, -31.730765, 0.0 ], [ -60.507717, -31.730411, 0.0 ], [ -60.507226, -31.730235, 0.0 ], [ -60.507177, -31.730099, 0.0 ], [ -60.50704, -31.729765, 0.0 ], [ -60.506643, -31.729498, 0.0 ], [ -60.506611, -31.729429, 0.0 ], [ -60.506601, -31.729385, 0.0 ] ] ] } },
{ "type": "Feature", "properties": { "Name": "Croacia Sur" }, "geometry": { "type": "Polygon", "coordinates": [ [ [ -60.562571, -31.710811, 0.0 ], [ -60.56291, -31.710723, 0.0 ], [ -60.563205, -31.710644, 0.0 ], [ -60.564999, -31.710636, 0.0 ], [ -60.56541, -31.710926, 0.0 ], [ -60.5658, -31.711565, 0.0 ], [ -60.566692, -31.712571, 0.0 ], [ -60.567363, -31.713211, 0.0 ], [ -60.5674, -31.713247, 0.0 ], [ -60.567774, -31.713644, 0.0 ], [ -60.567773, -31.713645, 0.0 ], [ -60.567665, -31.713699, 0.0 ], [ -60.567651, -31.713705, 0.0 ], [ -60.567491, -31.713774, 0.0 ], [ -60.567367, -31.713849, 0.0 ], [ -60.567274, -31.71395, 0.0 ], [ -60.567229, -31.714048, 0.0 ], [ -60.567064, -31.714161, 0.0 ], [ -60.566685, -31.714449, 0.0 ], [ -60.566709, -31.714528, 0.0 ], [ -60.566549, -31.714893, 0.0 ], [ -60.566343, -31.715051, 0.0 ], [ -60.566021, -31.715142, 0.0 ], [ -60.564846, -31.715304, 0.0 ], [ -60.56261, -31.71153, 0.0 ], [ -60.562851, -31.711441, 0.0 ], [ -60.562571, -31.710811, 0.0 ] ] ] } },
{ "type": "Feature", "properties": { "Name": "Fca. A de Larramendi" }, "geometry": { "type": "Polygon", "coordinates": [ [ [ -60.551428, -31.719888, 0.0 ], [ -60.551329, -31.719784, 0.0 ], [ -60.554225, -31.717562, 0.0 ], [ -60.554779, -31.716844, 0.0 ], [ -60.557877, -31.712225, 0.0 ], [ -60.562571, -31.710811, 0.0 ], [ -60.562851, -31.711441, 0.0 ], [ -60.56261, -31.71153, 0.0 ], [ -60.564846, -31.715304, 0.0 ], [ -60.556687, -31.716498, 0.0 ], [ -60.556067, -31.718038, 0.0 ], [ -60.555662, -31.718654, 0.0 ], [ -60.555183, -31.719075, 0.0 ], [ -60.554971, -31.719209, 0.0 ], [ -60.553621, -31.719827, 0.0 ], [ -60.552794, -31.720092, 0.0 ], [ -60.552003, -31.720305, 0.0 ], [ -60.551781, -31.720201, 0.0 ], [ -60.551658, -31.720083, 0.0 ], [ -60.551518, -31.719971, 0.0 ], [ -60.551428, -31.719888, 0.0 ] ] ] } },
{ "type": "Feature", "properties": { "Name": "Gaucho Rivero" }, "geometry": { "type": "Polygon", "coordinates": [ [ [ -60.55194, -31.742482, 0.0 ], [ -60.55218, -31.743021, 0.0 ], [ -60.552222, -31.743348, 0.0 ], [ -60.552494, -31.744832, 0.0 ], [ -60.55251, -31.745395, 0.0 ], [ -60.552903, -31.747206, 0.0 ], [ -60.548758, -31.747911, 0.0 ], [ -60.547702, -31.743074, 0.0 ], [ -60.550546, -31.742677, 0.0 ], [ -60.55194, -31.742482, 0.0 ] ] ] } },
{ "type": "Feature", "properties": { "Name": "Gral. Espejo" }, "geometry": { "type": "Polygon", "coordinates": [ [ [ -60.530885, -31.775249, 0.0 ], [ -60.528787, -31.765524, 0.0 ], [ -60.534553, -31.764593, 0.0 ], [ -60.535172, -31.767597, 0.0 ], [ -60.53556, -31.769483, 0.0 ], [ -60.53617, -31.772441, 0.0 ], [ -60.536595, -31.774507, 0.0 ], [ -60.536615, -31.774605, 0.0 ], [ -60.530885, -31.775249, 0.0 ] ] ] } },
{ "type": "Feature", "properties": { "Name": "Itati" }, "geometry": { "type": "Polygon", "coordinates": [ [ [ -60.500924, -31.745362, 0.0 ], [ -60.501094, -31.746105, 0.0 ], [ -60.50117, -31.746432, 0.0 ], [ -60.499315, -31.746734, 0.0 ], [ -60.499168, -31.746378, 0.0 ], [ -60.498882, -31.746279, 0.0 ], [ -60.498663, -31.745951, 0.0 ], [ -60.498544, -31.745708, 0.0 ], [ -60.499971, -31.745487, 0.0 ], [ -60.500924, -31.745362, 0.0 ] ] ] } },
{ "type": "Feature", "properties": { "Name": "Jardin Las Americas" }, "geometry": { "type": "Polygon", "coordinates": [ [ [ -60.518411, -31.772181, 0.0 ], [ -60.518595, -31.772938, 0.0 ], [ -60.521028, -31.772461, 0.0 ], [ -60.520302, -31.773568, 0.0 ], [ -60.518067, -31.773899, 0.0 ], [ -60.517972, -31.773779, 0.0 ], [ -60.51586, -31.772642, 0.0 ], [ -60.516207, -31.772585, 0.0 ], [ -60.516658, -31.772495, 0.0 ], [ -60.516881, -31.772448, 0.0 ], [ -60.517094, -31.772403, 0.0 ], [ -60.517385, -31.772358, 0.0 ], [ -60.518404, -31.772182, 0.0 ], [ -60.518411, -31.772181, 0.0 ] ] ] } },
{ "type": "Feature", "properties": { "Name": "Justo Jose de Urquiza" }, "geometry": { "type": "Polygon", "coordinates": [ [ [ -60.482065, -31.768472, 0.0 ], [ -60.483076, -31.773319, 0.0 ], [ -60.484116, -31.778201, 0.0 ], [ -60.483246, -31.778329, 0.0 ], [ -60.48179, -31.778544, 0.0 ], [ -60.48138, -31.778604, 0.0 ], [ -60.478338, -31.779052, 0.0 ], [ -60.47735, -31.774169, 0.0 ], [ -60.476378, -31.769212, 0.0 ], [ -60.482065, -31.768472, 0.0 ] ] ] } },
{ "type": "Feature", "properties": { "Name": "La Convivencia (Incone)" }, "geometry": { "type": "Polygon", "coordinates": [ [ [ -60.502289, -31.76476, 0.0 ], [ -60.502573, -31.766037, 0.0 ], [ -60.499359, -31.766585, 0.0 ], [ -60.499081, -31.765334, 0.0 ], [ -60.502289, -31.76476, 0.0 ] ] ] } },
{ "type": "Feature", "properties": { "Name": "Las Piedras" }, "geometry": { "type": "Polygon", "coordinates": [ [ [ -60.55172, -31.761912, 0.0 ], [ -60.55234, -31.764806, 0.0 ], [ -60.552552, -31.765796, 0.0 ], [ -60.552738, -31.766762, 0.0 ], [ -60.552131, -31.766858, 0.0 ], [ -60.542085, -31.768441, 0.0 ], [ -60.541285, -31.768569, 0.0 ], [ -60.540851, -31.76676, 0.0 ], [ -60.535172, -31.767597, 0.0 ], [ -60.534553, -31.764593, 0.0 ], [ -60.551717, -31.761912, 0.0 ], [ -60.55172, -31.761912, 0.0 ] ] ] } },
{ "type": "Feature", "properties": { "Name": "Las Rosas" }, "geometry": { "type": "Polygon", "coordinates": [ [ [ -60.473282, -31.754703, 0.0 ], [ -60.474261, -31.759593, 0.0 ], [ -60.468649, -31.760444, 0.0 ], [ -60.462924, -31.761312, 0.0 ], [ -60.461918, -31.756469, 0.0 ], [ -60.462687, -31.756349, 0.0 ], [ -60.46762, -31.755583, 0.0 ], [ -60.47328, -31.754699, 0.0 ], [ -60.473282, -31.754703, 0.0 ] ] ] } },
{ "type": "Feature", "properties": { "Name": "Los Intendentes" }, "geometry": { "type": "Polygon", "coordinates": [ [ [ -60.508996, -31.756434, 0.0 ], [ -60.509123, -31.756448, 0.0 ], [ -60.509379, -31.757735, 0.0 ], [ -60.509507, -31.75826, 0.0 ], [ -60.509559, -31.758426, 0.0 ], [ -60.507716, -31.758695, 0.0 ], [ -60.506595, -31.758888, 0.0 ], [ -60.505333, -31.759075, 0.0 ], [ -60.505124, -31.759085, 0.0 ], [ -60.503819, -31.759282, 0.0 ], [ -60.50331, -31.756868, 0.0 ], [ -60.5043, -31.75671, 0.0 ], [ -60.504368, -31.757101, 0.0 ], [ -60.508996, -31.756434, 0.0 ] ] ] } },
{ "type": "Feature", "properties": { "Name": "Nueva Ciudad" }, "geometry": { "type": "Polygon", "coordinates": [ [ [ -60.484204, -31.72283, 0.0 ], [ -60.486246, -31.722507, 0.0 ], [ -60.486609, -31.72415, 0.0 ], [ -60.486085, -31.724243, 0.0 ], [ -60.486064, -31.7242, 0.0 ], [ -60.484534, -31.724449, 0.0 ], [ -60.484209, -31.722851, 0.0 ], [ -60.484204, -31.72283, 0.0 ] ] ] } },
{ "type": "Feature", "properties": { "Name": "Juan Manuel de Rosas (Paraná XIV)" }, "geometry": { "type": "Polygon", "coordinates": [ [ [ -60.494017, -31.74146, 0.0 ], [ -60.494585, -31.744014, 0.0 ], [ -60.49489, -31.744501, 0.0 ], [ -60.495131, -31.745534, 0.0 ], [ -60.494982, -31.746052, 0.0 ], [ -60.495029, -31.746294, 0.0 ], [ -60.494389, -31.746379, 0.0 ], [ -60.491405, -31.746821, 0.0 ], [ -60.490306, -31.741991, 0.0 ], [ -60.494017, -31.74146, 0.0 ] ] ] } },
{ "type": "Feature", "properties": { "Name": "Parana XX-XXI A. Jauretche" }, "geometry": { "type": "Polygon", "coordinates": [ [ [ -60.48569, -31.757814, 0.0 ], [ -60.485418, -31.756511, 0.0 ], [ -60.484673, -31.752938, 0.0 ], [ -60.487519, -31.75251, 0.0 ], [ -60.488928, -31.752302, 0.0 ], [ -60.490333, -31.752071, 0.0 ], [ -60.490427, -31.752224, 0.0 ], [ -60.490609, -31.753064, 0.0 ], [ -60.490621, -31.753124, 0.0 ], [ -60.49136, -31.756974, 0.0 ], [ -60.489441, -31.757258, 0.0 ], [ -60.48767, -31.757521, 0.0 ], [ -60.487364, -31.757566, 0.0 ], [ -60.48569, -31.757814, 0.0 ] ] ] } },
{ "type": "Feature", "properties": { "Name": "Parque Nuevo" }, "geometry": { "type": "Polygon", "coordinates": [ [ [ -60.554813, -31.721419, 0.0 ], [ -60.560344, -31.719466, 0.0 ], [ -60.560348, -31.719488, 0.0 ], [ -60.560885, -31.722961, 0.0 ], [ -60.55539, -31.724209, 0.0 ], [ -60.554813, -31.721419, 0.0 ] ] ] } },
{ "type": "Feature", "properties": { "Name": "Villa Sarmiento" }, "geometry": { "type": "Polygon", "coordinates": [ [ [ -60.515948, -31.732942, 0.0 ], [ -60.516089, -31.73363, 0.0 ], [ -60.516117, -31.733758, 0.0 ], [ -60.516279, -31.73451, 0.0 ], [ -60.516297, -31.734598, 0.0 ], [ -60.516498, -31.735531, 0.0 ], [ -60.516654, -31.736258, 0.0 ], [ -60.516747, -31.736686, 0.0 ], [ -60.516975, -31.737747, 0.0 ], [ -60.511245, -31.738554, 0.0 ], [ -60.510276, -31.733841, 0.0 ], [ -60.511628, -31.733617, 0.0 ], [ -60.515948, -31.732942, 0.0 ] ] ] } },
{ "type": "Feature", "properties": { "Name": "Quintas al Este" }, "geometry": { "type": "Polygon", "coordinates": [ [ [ -60.473282, -31.754703, 0.0 ], [ -60.47328, -31.754699, 0.0 ], [ -60.473135, -31.753998, 0.0 ], [ -60.472271, -31.749823, 0.0 ], [ -60.467188, -31.750586, 0.0 ], [ -60.466628, -31.750711, 0.0 ], [ -60.466605, -31.750709, 0.0 ], [ -60.465587, -31.745798, 0.0 ], [ -60.478797, -31.743716, 0.0 ], [ -60.479923, -31.748593, 0.0 ], [ -60.481207, -31.748386, 0.0 ], [ -60.481479, -31.748347, 0.0 ], [ -60.481778, -31.748301, 0.0 ], [ -60.482534, -31.7482, 0.0 ], [ -60.482386, -31.748547, 0.0 ], [ -60.482064, -31.749097, 0.0 ], [ -60.481732, -31.749534, 0.0 ], [ -60.481531, -31.74979, 0.0 ], [ -60.48133, -31.750122, 0.0 ], [ -60.481112, -31.750476, 0.0 ], [ -60.480641, -31.751244, 0.0 ], [ -60.480154, -31.752314, 0.0 ], [ -60.480017, -31.753051, 0.0 ], [ -60.479897, -31.753668, 0.0 ], [ -60.479434, -31.753725, 0.0 ], [ -60.479433, -31.75373, 0.0 ], [ -60.478974, -31.753807, 0.0 ], [ -60.47798, -31.753953, 0.0 ], [ -60.473282, -31.754703, 0.0 ] ] ] } },
{ "type": "Feature", "properties": { "Name": "Reconstrucccion Ibicuy" }, "geometry": { "type": "Polygon", "coordinates": [ [ [ -60.549775, -31.740288, 0.0 ], [ -60.550052, -31.740649, 0.0 ], [ -60.550112, -31.740852, 0.0 ], [ -60.550347, -31.741872, 0.0 ], [ -60.55047, -31.742481, 0.0 ], [ -60.550546, -31.742677, 0.0 ], [ -60.547702, -31.743074, 0.0 ], [ -60.547197, -31.740647, 0.0 ], [ -60.549206, -31.740291, 0.0 ], [ -60.549775, -31.740288, 0.0 ] ] ] } },
{ "type": "Feature", "properties": { "Name": "Juan Carlos Wirth" }, "geometry": { "type": "Polygon", "coordinates": [ [ [ -60.521022, -31.756585, 0.0 ], [ -60.524023, -31.756185, 0.0 ], [ -60.524491, -31.758337, 0.0 ], [ -60.521449, -31.758814, 0.0 ], [ -60.521195, -31.757477, 0.0 ], [ -60.521156, -31.757273, 0.0 ], [ -60.521087, -31.756919, 0.0 ], [ -60.521024, -31.756592, 0.0 ], [ -60.521022, -31.756585, 0.0 ] ] ] } },
{ "type": "Feature", "properties": { "Name": "Hijos de María" }, "geometry": { "type": "Polygon", "coordinates": [ [ [ -60.490609, -31.753064, 0.0 ], [ -60.490427, -31.752224, 0.0 ], [ -60.490333, -31.752071, 0.0 ], [ -60.490263, -31.751751, 0.0 ], [ -60.489884, -31.75001, 0.0 ], [ -60.48958, -31.748612, 0.0 ], [ -60.491505, -31.749297, 0.0 ], [ -60.491705, -31.749317, 0.0 ], [ -60.491707, -31.749314, 0.0 ], [ -60.491702, -31.749341, 0.0 ], [ -60.491729, -31.749394, 0.0 ], [ -60.491774, -31.749432, 0.0 ], [ -60.491783, -31.749469, 0.0 ], [ -60.491748, -31.749545, 0.0 ], [ -60.491695, -31.749584, 0.0 ], [ -60.491695, -31.749629, 0.0 ], [ -60.491775, -31.749697, 0.0 ], [ -60.491829, -31.749796, 0.0 ], [ -60.491821, -31.749871, 0.0 ], [ -60.491714, -31.749864, 0.0 ], [ -60.491652, -31.749849, 0.0 ], [ -60.491599, -31.749918, 0.0 ], [ -60.491661, -31.749971, 0.0 ], [ -60.491724, -31.750054, 0.0 ], [ -60.491689, -31.75013, 0.0 ], [ -60.491574, -31.750176, 0.0 ], [ -60.491476, -31.750222, 0.0 ], [ -60.491468, -31.750313, 0.0 ], [ -60.491486, -31.750404, 0.0 ], [ -60.491424, -31.750495, 0.0 ], [ -60.491336, -31.750564, 0.0 ], [ -60.491239, -31.750655, 0.0 ], [ -60.491222, -31.750792, 0.0 ], [ -60.491249, -31.750929, 0.0 ], [ -60.491267, -31.751035, 0.0 ], [ -60.491223, -31.751134, 0.0 ], [ -60.491206, -31.751194, 0.0 ], [ -60.491189, -31.751316, 0.0 ], [ -60.491109, -31.751369, 0.0 ], [ -60.491083, -31.751445, 0.0 ], [ -60.491163, -31.751551, 0.0 ], [ -60.491075, -31.751635, 0.0 ], [ -60.490978, -31.751787, 0.0 ], [ -60.49089, -31.751871, 0.0 ], [ -60.490846, -31.75197, 0.0 ], [ -60.490855, -31.752053, 0.0 ], [ -60.490811, -31.752129, 0.0 ], [ -60.490794, -31.752251, 0.0 ], [ -60.490804, -31.752433, 0.0 ], [ -60.490867, -31.752645, 0.0 ], [ -60.490877, -31.752744, 0.0 ], [ -60.490797, -31.752896, 0.0 ], [ -60.490709, -31.752972, 0.0 ], [ -60.490621, -31.753124, 0.0 ], [ -60.490609, -31.753064, 0.0 ] ] ] } },
{ "type": "Feature", "properties": { "Name": "Arroyo Los Berros" }, "geometry": { "type": "Polygon", "coordinates": [ [ [ -60.542262, -31.799845, 0.0 ], [ -60.542199, -31.799842, 0.0 ], [ -60.542092, -31.799832, 0.0 ], [ -60.537594, -31.798817, 0.0 ], [ -60.537558, -31.798807, 0.0 ], [ -60.536141, -31.798293, 0.0 ], [ -60.535965, -31.798259, 0.0 ], [ -60.535786, -31.798278, 0.0 ], [ -60.535772, -31.798282, 0.0 ], [ -60.535728, -31.798281, 0.0 ], [ -60.53211, -31.797696, 0.0 ], [ -60.53197, -31.79769, 0.0 ], [ -60.531833, -31.797716, 0.0 ], [ -60.531709, -31.797773, 0.0 ], [ -60.530305, -31.79865, 0.0 ], [ -60.530264, -31.798667, 0.0 ], [ -60.530238, -31.79867, 0.0 ], [ -60.530193, -31.798668, 0.0 ], [ -60.530053, -31.798496, 0.0 ], [ -60.528533, -31.791498, 0.0 ], [ -60.528288, -31.790372, 0.0 ], [ -60.525189, -31.776107, 0.0 ], [ -60.530885, -31.775249, 0.0 ], [ -60.536615, -31.774605, 0.0 ], [ -60.539724, -31.788943, 0.0 ], [ -60.540468, -31.792499, 0.0 ], [ -60.542262, -31.799845, 0.0 ] ] ] } },
{ "type": "Feature", "properties": { "Name": "17 de Febrero" }, "geometry": { "type": "Polygon", "coordinates": [ [ [ -60.545388, -31.731921, 0.0 ], [ -60.545469, -31.732014, 0.0 ], [ -60.546522, -31.737406, 0.0 ], [ -60.546097, -31.737697, 0.0 ], [ -60.544502, -31.735762, 0.0 ], [ -60.543206, -31.734083, 0.0 ], [ -60.543476, -31.733872, 0.0 ], [ -60.543786, -31.733671, 0.0 ], [ -60.544211, -31.733296, 0.0 ], [ -60.544799, -31.732654, 0.0 ], [ -60.544951, -31.732466, 0.0 ], [ -60.545388, -31.731921, 0.0 ] ] ] } },
{ "type": "Feature", "properties": { "Name": "San Agustin Centro" }, "geometry": { "type": "Polygon", "coordinates": [ [ [ -60.549026, -31.729636, 0.0 ], [ -60.550196, -31.731825, 0.0 ], [ -60.550455, -31.732389, 0.0 ], [ -60.550732, -31.732963, 0.0 ], [ -60.551121, -31.733669, 0.0 ], [ -60.551428, -31.734355, 0.0 ], [ -60.551923, -31.735416, 0.0 ], [ -60.551151, -31.735503, 0.0 ], [ -60.551067, -31.735725, 0.0 ], [ -60.549869, -31.73601, 0.0 ], [ -60.549761, -31.735798, 0.0 ], [ -60.549387, -31.735318, 0.0 ], [ -60.546522, -31.737406, 0.0 ], [ -60.545469, -31.732014, 0.0 ], [ -60.545388, -31.731921, 0.0 ], [ -60.546314, -31.730816, 0.0 ], [ -60.546603, -31.730472, 0.0 ], [ -60.54677, -31.730462, 0.0 ], [ -60.547372, -31.730316, 0.0 ], [ -60.549026, -31.729636, 0.0 ] ] ] } },
{ "type": "Feature", "properties": { "Name": "Santa Maria" }, "geometry": { "type": "Polygon", "coordinates": [ [ [ -60.509559, -31.758426, 0.0 ], [ -60.510592, -31.76339, 0.0 ], [ -60.5077, -31.763826, 0.0 ], [ -60.504936, -31.764302, 0.0 ], [ -60.503819, -31.759282, 0.0 ], [ -60.505124, -31.759085, 0.0 ], [ -60.505333, -31.759075, 0.0 ], [ -60.506595, -31.758888, 0.0 ], [ -60.507716, -31.758695, 0.0 ], [ -60.509559, -31.758426, 0.0 ] ] ] } },
{ "type": "Feature", "properties": { "Name": "Villa del Parque" }, "geometry": { "type": "Polygon", "coordinates": [ [ [ -60.491592, -31.730155, 0.0 ], [ -60.491905, -31.731656, 0.0 ], [ -60.492411, -31.734053, 0.0 ], [ -60.492944, -31.736574, 0.0 ], [ -60.487182, -31.737386, 0.0 ], [ -60.484071, -31.737821, 0.0 ], [ -60.485226, -31.735747, 0.0 ], [ -60.485867, -31.734882, 0.0 ], [ -60.486491, -31.734206, 0.0 ], [ -60.487312, -31.733452, 0.0 ], [ -60.488904, -31.732039, 0.0 ], [ -60.489522, -31.731476, 0.0 ], [ -60.490512, -31.730745, 0.0 ], [ -60.491592, -31.730155, 0.0 ] ] ] } },
{ "type": "Feature", "properties": { "Name": "Parque Mayor" }, "geometry": { "type": "Polygon", "coordinates": [ [ [ -60.502721, -31.767895, 0.0 ], [ -60.50327, -31.767804, 0.0 ], [ -60.503977, -31.767693, 0.0 ], [ -60.505561, -31.767445, 0.0 ], [ -60.50598, -31.769178, 0.0 ], [ -60.507826, -31.768872, 0.0 ], [ -60.508334, -31.768797, 0.0 ], [ -60.509102, -31.772079, 0.0 ], [ -60.508572, -31.772407, 0.0 ], [ -60.507665, -31.772823, 0.0 ], [ -60.506881, -31.773085, 0.0 ], [ -60.506174, -31.773213, 0.0 ], [ -60.505925, -31.773228, 0.0 ], [ -60.505209, -31.773274, 0.0 ], [ -60.504299, -31.773258, 0.0 ], [ -60.503326, -31.773206, 0.0 ], [ -60.502626, -31.773169, 0.0 ], [ -60.502344, -31.77318, 0.0 ], [ -60.501643, -31.773206, 0.0 ], [ -60.50117, -31.773224, 0.0 ], [ -60.500757, -31.773239, 0.0 ], [ -60.500684, -31.772896, 0.0 ], [ -60.500197, -31.770703, 0.0 ], [ -60.500087, -31.770162, 0.0 ], [ -60.499722, -31.768369, 0.0 ], [ -60.501229, -31.768173, 0.0 ], [ -60.501226, -31.768157, 0.0 ], [ -60.502048, -31.768028, 0.0 ], [ -60.502721, -31.767895, 0.0 ] ] ] } },
{ "type": "Feature", "properties": { "Name": "La Buena Fe" }, "geometry": { "type": "Polygon", "coordinates": [ [ [ -60.500757, -31.773239, 0.0 ], [ -60.501139, -31.775025, 0.0 ], [ -60.501251, -31.77554, 0.0 ], [ -60.498457, -31.776001, 0.0 ], [ -60.49552, -31.776437, 0.0 ], [ -60.492738, -31.776848, 0.0 ], [ -60.490928, -31.777132, 0.0 ], [ -60.489906, -31.772288, 0.0 ], [ -60.489895, -31.77229, 0.0 ], [ -60.489896, -31.772289, 0.0 ], [ -60.494464, -31.771593, 0.0 ], [ -60.494479, -31.771655, 0.0 ], [ -60.495252, -31.771991, 0.0 ], [ -60.495952, -31.772301, 0.0 ], [ -60.496498, -31.772557, 0.0 ], [ -60.496894, -31.772708, 0.0 ], [ -60.497434, -31.772879, 0.0 ], [ -60.498038, -31.773019, 0.0 ], [ -60.49869, -31.773112, 0.0 ], [ -60.499358, -31.773163, 0.0 ], [ -60.500288, -31.773221, 0.0 ], [ -60.500757, -31.773239, 0.0 ] ] ] } },
{ "type": "Feature", "properties": { "Name": "San Jose de Puerto Nuevo" }, "geometry": { "type": "Polygon", "coordinates": [ [ [ -60.526156, -31.722442, 0.0 ], [ -60.521019, -31.724371, 0.0 ], [ -60.520105, -31.722708, 0.0 ], [ -60.52076, -31.72168, 0.0 ], [ -60.52014, -31.720388, 0.0 ], [ -60.515696, -31.722349, 0.0 ], [ -60.515692, -31.722341, 0.0 ], [ -60.515462, -31.722447, 0.0 ], [ -60.514199, -31.723015, 0.0 ], [ -60.513902, -31.723208, 0.0 ], [ -60.513617, -31.721793, 0.0 ], [ -60.513629, -31.721789, 0.0 ], [ -60.513747, -31.721755, 0.0 ], [ -60.514985, -31.721348, 0.0 ], [ -60.515451, -31.721209, 0.0 ], [ -60.516421, -31.721676, 0.0 ], [ -60.518589, -31.718348, 0.0 ], [ -60.518814, -31.718374, 0.0 ], [ -60.520302, -31.718555, 0.0 ], [ -60.520276, -31.718793, 0.0 ], [ -60.521417, -31.718912, 0.0 ], [ -60.521427, -31.718778, 0.0 ], [ -60.521381, -31.718775, 0.0 ], [ -60.521387, -31.718716, 0.0 ], [ -60.521542, -31.718725, 0.0 ], [ -60.521541, -31.718782, 0.0 ], [ -60.521492, -31.71878, 0.0 ], [ -60.521484, -31.718931, 0.0 ], [ -60.52154, -31.718966, 0.0 ], [ -60.521653, -31.718977, 0.0 ], [ -60.521784, -31.718969, 0.0 ], [ -60.521896, -31.718958, 0.0 ], [ -60.521901, -31.718801, 0.0 ], [ -60.521853, -31.718798, 0.0 ], [ -60.521854, -31.718743, 0.0 ], [ -60.522038, -31.718752, 0.0 ], [ -60.522036, -31.718806, 0.0 ], [ -60.521968, -31.718804, 0.0 ], [ -60.521955, -31.718953, 0.0 ], [ -60.522729, -31.71896, 0.0 ], [ -60.522737, -31.718955, 0.0 ], [ -60.522729, -31.718827, 0.0 ], [ -60.522685, -31.718826, 0.0 ], [ -60.522684, -31.718773, 0.0 ], [ -60.522846, -31.718766, 0.0 ], [ -60.52285, -31.71882, 0.0 ], [ -60.522794, -31.718822, 0.0 ], [ -60.522797, -31.718954, 0.0 ], [ -60.523209, -31.718954, 0.0 ], [ -60.523204, -31.718814, 0.0 ], [ -60.523167, -31.718814, 0.0 ], [ -60.523168, -31.718757, 0.0 ], [ -60.523323, -31.718755, 0.0 ], [ -60.523323, -31.718811, 0.0 ], [ -60.523269, -31.718817, 0.0 ], [ -60.523273, -31.718948, 0.0 ], [ -60.52352, -31.718943, 0.0 ], [ -60.523536, -31.718989, 0.0 ], [ -60.523664, -31.718986, 0.0 ], [ -60.523815, -31.718982, 0.0 ], [ -60.52382, -31.718985, 0.0 ], [ -60.523916, -31.719012, 0.0 ], [ -60.523956, -31.719003, 0.0 ], [ -60.524038, -31.718956, 0.0 ], [ -60.524096, -31.718926, 0.0 ], [ -60.524153, -31.718926, 0.0 ], [ -60.524179, -31.718944, 0.0 ], [ -60.524221, -31.718962, 0.0 ], [ -60.524254, -31.718961, 0.0 ], [ -60.52432, -31.718953, 0.0 ], [ -60.524346, -31.718948, 0.0 ], [ -60.524469, -31.718883, 0.0 ], [ -60.524548, -31.718882, 0.0 ], [ -60.524587, -31.71888, 0.0 ], [ -60.524676, -31.718829, 0.0 ], [ -60.524763, -31.718807, 0.0 ], [ -60.524838, -31.718801, 0.0 ], [ -60.524905, -31.718823, 0.0 ], [ -60.524952, -31.71881, 0.0 ], [ -60.525011, -31.718818, 0.0 ], [ -60.525044, -31.719022, 0.0 ], [ -60.525147, -31.719005, 0.0 ], [ -60.525326, -31.718969, 0.0 ], [ -60.525415, -31.718946, 0.0 ], [ -60.525714, -31.718933, 0.0 ], [ -60.525767, -31.719215, 0.0 ], [ -60.52425, -31.719551, 0.0 ], [ -60.52439, -31.719766, 0.0 ], [ -60.524597, -31.719948, 0.0 ], [ -60.524984, -31.720086, 0.0 ], [ -60.525244, -31.720181, 0.0 ], [ -60.525404, -31.72041, 0.0 ], [ -60.525384, -31.720672, 0.0 ], [ -60.525145, -31.720879, 0.0 ], [ -60.524893, -31.721008, 0.0 ], [ -60.524788, -31.721162, 0.0 ], [ -60.524934, -31.721261, 0.0 ], [ -60.525286, -31.721283, 0.0 ], [ -60.525623, -31.721341, 0.0 ], [ -60.525808, -31.721572, 0.0 ], [ -60.526125, -31.722327, 0.0 ], [ -60.526156, -31.722442, 0.0 ] ] ] } },
{ "type": "Feature", "properties": { "Name": "21 de Septiembre" }, "geometry": { "type": "Polygon", "coordinates": [ [ [ -60.490928, -31.777132, 0.0 ], [ -60.491978, -31.781979, 0.0 ], [ -60.490781, -31.782165, 0.0 ], [ -60.489765, -31.777315, 0.0 ], [ -60.489764, -31.777309, 0.0 ], [ -60.490928, -31.777132, 0.0 ] ] ] } },
{ "type": "Feature", "properties": { "Name": "San Agustin Sud Oeste" }, "geometry": { "type": "Polygon", "coordinates": [ [ [ -60.55232, -31.737421, 0.0 ], [ -60.552397, -31.737906, 0.0 ], [ -60.552652, -31.738144, 0.0 ], [ -60.552778, -31.738719, 0.0 ], [ -60.551449, -31.738928, 0.0 ], [ -60.55176, -31.739631, 0.0 ], [ -60.549801, -31.740288, 0.0 ], [ -60.549775, -31.740288, 0.0 ], [ -60.549206, -31.740291, 0.0 ], [ -60.547197, -31.740647, 0.0 ], [ -60.546522, -31.737406, 0.0 ], [ -60.549387, -31.735318, 0.0 ], [ -60.549761, -31.735798, 0.0 ], [ -60.549869, -31.73601, 0.0 ], [ -60.551067, -31.735725, 0.0 ], [ -60.551151, -31.735503, 0.0 ], [ -60.551923, -31.735416, 0.0 ], [ -60.552369, -31.736372, 0.0 ], [ -60.552483, -31.736604, 0.0 ], [ -60.552312, -31.737412, 0.0 ], [ -60.55231, -31.737422, 0.0 ], [ -60.55232, -31.737421, 0.0 ] ] ] } },
{ "type": "Feature", "properties": { "Name": "Parana XVI-XVIII" }, "geometry": { "type": "Polygon", "coordinates": [ [ [ -60.556445, -31.733901, 0.0 ], [ -60.55645, -31.734807, 0.0 ], [ -60.556044, -31.735915, 0.0 ], [ -60.556237, -31.736796, 0.0 ], [ -60.556068, -31.736861, 0.0 ], [ -60.555318, -31.736975, 0.0 ], [ -60.554981, -31.737026, 0.0 ], [ -60.554915, -31.736978, 0.0 ], [ -60.554493, -31.737036, 0.0 ], [ -60.554437, -31.737116, 0.0 ], [ -60.55365, -31.737224, 0.0 ], [ -60.5535, -31.737305, 0.0 ], [ -60.552816, -31.737388, 0.0 ], [ -60.552703, -31.737356, 0.0 ], [ -60.55232, -31.737421, 0.0 ], [ -60.55231, -31.737422, 0.0 ], [ -60.552312, -31.737412, 0.0 ], [ -60.552483, -31.736604, 0.0 ], [ -60.552369, -31.736372, 0.0 ], [ -60.551923, -31.735416, 0.0 ], [ -60.551428, -31.734355, 0.0 ], [ -60.552571, -31.734094, 0.0 ], [ -60.553781, -31.733928, 0.0 ], [ -60.55394, -31.733927, 0.0 ], [ -60.555933, -31.733906, 0.0 ], [ -60.555937, -31.733906, 0.0 ], [ -60.555955, -31.733906, 0.0 ], [ -60.556445, -31.733901, 0.0 ] ] ] } },
{ "type": "Feature", "properties": { "Name": "20 de Junio" }, "geometry": { "type": "Polygon", "coordinates": [ [ [ -60.481064, -31.763559, 0.0 ], [ -60.482068, -31.768483, 0.0 ], [ -60.476378, -31.769212, 0.0 ], [ -60.475343, -31.764454, 0.0 ], [ -60.479084, -31.763875, 0.0 ], [ -60.481064, -31.763559, 0.0 ] ] ] } },
{ "type": "Feature", "properties": { "Name": "25 de Mayo" }, "geometry": { "type": "Polygon", "coordinates": [ [ [ -60.502763, -31.749314, 0.0 ], [ -60.501762, -31.749469, 0.0 ], [ -60.500931, -31.749591, 0.0 ], [ -60.500139, -31.749721, 0.0 ], [ -60.49931, -31.749691, 0.0 ], [ -60.499148, -31.748898, 0.0 ], [ -60.499563, -31.748224, 0.0 ], [ -60.49966, -31.747608, 0.0 ], [ -60.499474, -31.747294, 0.0 ], [ -60.499624, -31.747093, 0.0 ], [ -60.499315, -31.746734, 0.0 ], [ -60.50117, -31.746432, 0.0 ], [ -60.501484, -31.747799, 0.0 ], [ -60.502196, -31.747653, 0.0 ], [ -60.50244, -31.748313, 0.0 ], [ -60.502763, -31.749314, 0.0 ] ] ] } },
{ "type": "Feature", "properties": { "Name": "Paisajes del Sud Oeste" }, "geometry": { "type": "Polygon", "coordinates": [ [ [ -60.551449, -31.738928, 0.0 ], [ -60.552778, -31.738719, 0.0 ], [ -60.552652, -31.738144, 0.0 ], [ -60.552397, -31.737906, 0.0 ], [ -60.55232, -31.737421, 0.0 ], [ -60.552703, -31.737356, 0.0 ], [ -60.552816, -31.737388, 0.0 ], [ -60.5535, -31.737305, 0.0 ], [ -60.55365, -31.737224, 0.0 ], [ -60.554437, -31.737116, 0.0 ], [ -60.554493, -31.737036, 0.0 ], [ -60.554915, -31.736978, 0.0 ], [ -60.554981, -31.737026, 0.0 ], [ -60.555318, -31.736975, 0.0 ], [ -60.556068, -31.736861, 0.0 ], [ -60.556206, -31.736808, 0.0 ], [ -60.556237, -31.736796, 0.0 ], [ -60.558714, -31.736121, 0.0 ], [ -60.558685, -31.736198, 0.0 ], [ -60.558659, -31.73624, 0.0 ], [ -60.558568, -31.736337, 0.0 ], [ -60.558511, -31.73647, 0.0 ], [ -60.558498, -31.736525, 0.0 ], [ -60.558343, -31.736898, 0.0 ], [ -60.558321, -31.736931, 0.0 ], [ -60.55832, -31.736931, 0.0 ], [ -60.558265, -31.736952, 0.0 ], [ -60.558212, -31.736963, 0.0 ], [ -60.558068, -31.737041, 0.0 ], [ -60.557962, -31.737156, 0.0 ], [ -60.557906, -31.737293, 0.0 ], [ -60.557646, -31.738566, 0.0 ], [ -60.557642, -31.738683, 0.0 ], [ -60.557642, -31.738688, 0.0 ], [ -60.557645, -31.738699, 0.0 ], [ -60.557652, -31.738784, 0.0 ], [ -60.557583, -31.739561, 0.0 ], [ -60.557572, -31.739598, 0.0 ], [ -60.557571, -31.739599, 0.0 ], [ -60.557532, -31.739626, 0.0 ], [ -60.557454, -31.739663, 0.0 ], [ -60.557406, -31.739711, 0.0 ], [ -60.557362, -31.739755, 0.0 ], [ -60.55215, -31.740513, 0.0 ], [ -60.55176, -31.739631, 0.0 ], [ -60.551449, -31.738928, 0.0 ] ] ] } },
{ "type": "Feature", "properties": { "Name": "3 de Febrero" }, "geometry": { "type": "Polygon", "coordinates": [ [ [ -60.546522, -31.737406, 0.0 ], [ -60.547197, -31.740647, 0.0 ], [ -60.547702, -31.743074, 0.0 ], [ -60.541792, -31.743989, 0.0 ], [ -60.541264, -31.741503, 0.0 ], [ -60.541554, -31.741491, 0.0 ], [ -60.543232, -31.740088, 0.0 ], [ -60.544529, -31.738889, 0.0 ], [ -60.544685, -31.738663, 0.0 ], [ -60.545144, -31.73835, 0.0 ], [ -60.546097, -31.737697, 0.0 ], [ -60.546522, -31.737406, 0.0 ] ] ] } },
{ "type": "Feature", "properties": { "Name": "33 Orientales" }, "geometry": { "type": "Polygon", "coordinates": [ [ [ -60.536738, -31.737913, 0.0 ], [ -60.536355, -31.738184, 0.0 ], [ -60.536, -31.73846, 0.0 ], [ -60.535431, -31.737757, 0.0 ], [ -60.535017, -31.736792, 0.0 ], [ -60.534054, -31.734546, 0.0 ], [ -60.533624, -31.733432, 0.0 ], [ -60.533553, -31.733271, 0.0 ], [ -60.539328, -31.730868, 0.0 ], [ -60.53935, -31.730932, 0.0 ], [ -60.540062, -31.732991, 0.0 ], [ -60.540123, -31.733167, 0.0 ], [ -60.540129, -31.733166, 0.0 ], [ -60.540172, -31.733155, 0.0 ], [ -60.54052, -31.733069, 0.0 ], [ -60.540611, -31.733046, 0.0 ], [ -60.540767, -31.73305, 0.0 ], [ -60.541121, -31.73306, 0.0 ], [ -60.541351, -31.733067, 0.0 ], [ -60.541938, -31.733315, 0.0 ], [ -60.54195, -31.733322, 0.0 ], [ -60.542723, -31.733839, 0.0 ], [ -60.543206, -31.734083, 0.0 ], [ -60.542911, -31.734264, 0.0 ], [ -60.542646, -31.734396, 0.0 ], [ -60.541992, -31.734647, 0.0 ], [ -60.541745, -31.73473, 0.0 ], [ -60.541615, -31.734776, 0.0 ], [ -60.541521, -31.734809, 0.0 ], [ -60.541393, -31.734855, 0.0 ], [ -60.540923, -31.735038, 0.0 ], [ -60.540268, -31.735311, 0.0 ], [ -60.539742, -31.735599, 0.0 ], [ -60.539471, -31.735773, 0.0 ], [ -60.538718, -31.736348, 0.0 ], [ -60.538013, -31.736917, 0.0 ], [ -60.537695, -31.737174, 0.0 ], [ -60.537372, -31.737443, 0.0 ], [ -60.537126, -31.737641, 0.0 ], [ -60.537008, -31.737741, 0.0 ], [ -60.536738, -31.737913, 0.0 ] ] ] } },
{ "type": "Feature", "properties": { "Name": "AATRA" }, "geometry": { "type": "Polygon", "coordinates": [ [ [ -60.48824, -31.742301, 0.0 ], [ -60.488471, -31.74338, 0.0 ], [ -60.487299, -31.743509, 0.0 ], [ -60.487398, -31.743959, 0.0 ], [ -60.486057, -31.744185, 0.0 ], [ -60.486028, -31.744038, 0.0 ], [ -60.484936, -31.744206, 0.0 ], [ -60.484438, -31.741922, 0.0 ], [ -60.484131, -31.740516, 0.0 ], [ -60.486142, -31.740206, 0.0 ], [ -60.486387, -31.741269, 0.0 ], [ -60.487986, -31.741042, 0.0 ], [ -60.48824, -31.742301, 0.0 ] ] ] } },
{ "type": "Feature", "properties": { "Name": "Almirante Brown" }, "geometry": { "type": "Polygon", "coordinates": [ [ [ -60.490306, -31.741991, 0.0 ], [ -60.491405, -31.746821, 0.0 ], [ -60.489274, -31.747137, 0.0 ], [ -60.488471, -31.74338, 0.0 ], [ -60.48824, -31.742301, 0.0 ], [ -60.490306, -31.741991, 0.0 ] ] ] } },
{ "type": "Feature", "properties": { "Name": "Cantera San Cayetano" }, "geometry": { "type": "Polygon", "coordinates": [ [ [ -60.501104, -31.732777, 0.0 ], [ -60.501152, -31.732581, 0.0 ], [ -60.501158, -31.732423, 0.0 ], [ -60.501221, -31.73229, 0.0 ], [ -60.501329, -31.732133, 0.0 ], [ -60.501543, -31.73195, 0.0 ], [ -60.501802, -31.731798, 0.0 ], [ -60.501888, -31.731597, 0.0 ], [ -60.501899, -31.73146, 0.0 ], [ -60.50188, -31.731243, 0.0 ], [ -60.501879, -31.73118, 0.0 ], [ -60.502179, -31.731139, 0.0 ], [ -60.502237, -31.731129, 0.0 ], [ -60.502281, -31.731231, 0.0 ], [ -60.502371, -31.732209, 0.0 ], [ -60.502563, -31.73311, 0.0 ], [ -60.501727, -31.733237, 0.0 ], [ -60.50182, -31.733913, 0.0 ], [ -60.501699, -31.733978, 0.0 ], [ -60.501583, -31.734306, 0.0 ], [ -60.501004, -31.734374, 0.0 ], [ -60.500899, -31.734153, 0.0 ], [ -60.500785, -31.733776, 0.0 ], [ -60.500906, -31.733695, 0.0 ], [ -60.500864, -31.733093, 0.0 ], [ -60.500999, -31.732993, 0.0 ], [ -60.501104, -31.732777, 0.0 ] ] ] } },
{ "type": "Feature", "properties": { "Name": "Estanislao Ceballos" }, "geometry": { "type": "Polygon", "coordinates": [ [ [ -60.508303, -31.738973, 0.0 ], [ -60.508825, -31.741377, 0.0 ], [ -60.509386, -31.743963, 0.0 ], [ -60.506969, -31.744376, 0.0 ], [ -60.506534, -31.744426, 0.0 ], [ -60.50542, -31.739379, 0.0 ], [ -60.508303, -31.738973, 0.0 ] ] ] } },
{ "type": "Feature", "properties": { "Name": "Maccarone" }, "geometry": { "type": "Polygon", "coordinates": [ [ [ -60.521019, -31.724371, 0.0 ], [ -60.521022, -31.724387, 0.0 ], [ -60.521015, -31.724373, 0.0 ], [ -60.517575, -31.725603, 0.0 ], [ -60.515696, -31.722349, 0.0 ], [ -60.515692, -31.722341, 0.0 ], [ -60.52014, -31.720388, 0.0 ], [ -60.52076, -31.72168, 0.0 ], [ -60.520105, -31.722708, 0.0 ], [ -60.521019, -31.724371, 0.0 ] ] ] } },
{ "type": "Feature", "properties": { "Name": "14 de Febrero" }, "geometry": { "type": "Polygon", "coordinates": [ [ [ -60.516094, -31.747968, 0.0 ], [ -60.516584, -31.750519, 0.0 ], [ -60.516882, -31.752127, 0.0 ], [ -60.516857, -31.752132, 0.0 ], [ -60.516424, -31.752201, 0.0 ], [ -60.516302, -31.75222, 0.0 ], [ -60.515599, -31.752327, 0.0 ], [ -60.514826, -31.752444, 0.0 ], [ -60.514238, -31.752533, 0.0 ], [ -60.514001, -31.751424, 0.0 ], [ -60.513897, -31.750958, 0.0 ], [ -60.513461, -31.749004, 0.0 ], [ -60.513379, -31.748616, 0.0 ], [ -60.513534, -31.748431, 0.0 ], [ -60.513725, -31.748348, 0.0 ], [ -60.513869, -31.748286, 0.0 ], [ -60.514227, -31.748235, 0.0 ], [ -60.516082, -31.74797, 0.0 ], [ -60.516094, -31.747968, 0.0 ] ] ] } },
{ "type": "Feature", "properties": { "Name": "San Martin Raul Salas" }, "geometry": { "type": "Polygon", "coordinates": [ [ [ -60.519051, -31.747457, 0.0 ], [ -60.519057, -31.747486, 0.0 ], [ -60.51906, -31.747499, 0.0 ], [ -60.51908, -31.747593, 0.0 ], [ -60.51925, -31.748397, 0.0 ], [ -60.519598, -31.750034, 0.0 ], [ -60.519871, -31.751319, 0.0 ], [ -60.519966, -31.751767, 0.0 ], [ -60.519089, -31.752607, 0.0 ], [ -60.518792, -31.752666, 0.0 ], [ -60.517405, -31.752858, 0.0 ], [ -60.517284, -31.752285, 0.0 ], [ -60.51724, -31.752055, 0.0 ], [ -60.517002, -31.752103, 0.0 ], [ -60.516882, -31.752127, 0.0 ], [ -60.516584, -31.750519, 0.0 ], [ -60.516082, -31.74797, 0.0 ], [ -60.516094, -31.747968, 0.0 ], [ -60.516093, -31.747954, 0.0 ], [ -60.515471, -31.744745, 0.0 ], [ -60.515606, -31.744615, 0.0 ], [ -60.516576, -31.743778, 0.0 ], [ -60.517637, -31.742863, 0.0 ], [ -60.517904, -31.742633, 0.0 ], [ -60.517931, -31.742609, 0.0 ], [ -60.518006, -31.74256, 0.0 ], [ -60.51803, -31.742682, 0.0 ], [ -60.518071, -31.742895, 0.0 ], [ -60.518246, -31.743713, 0.0 ], [ -60.51828, -31.743871, 0.0 ], [ -60.518655, -31.745617, 0.0 ], [ -60.518918, -31.74684, 0.0 ], [ -60.519051, -31.747457, 0.0 ] ] ] } },
{ "type": "Feature", "properties": { "Name": "Virgen de Lourdes" }, "geometry": { "type": "Polygon", "coordinates": [ [ [ -60.541916, -31.725307, 0.0 ], [ -60.542032, -31.725554, 0.0 ], [ -60.542292, -31.726104, 0.0 ], [ -60.5425, -31.726543, 0.0 ], [ -60.542792, -31.727036, 0.0 ], [ -60.542988, -31.727367, 0.0 ], [ -60.542981, -31.727369, 0.0 ], [ -60.541925, -31.727796, 0.0 ], [ -60.541424, -31.727998, 0.0 ], [ -60.540203, -31.728491, 0.0 ], [ -60.539998, -31.72858, 0.0 ], [ -60.539994, -31.72857, 0.0 ], [ -60.537046, -31.72968, 0.0 ], [ -60.535545, -31.726597, 0.0 ], [ -60.537271, -31.72609, 0.0 ], [ -60.537311, -31.72609, 0.0 ], [ -60.537624, -31.725976, 0.0 ], [ -60.538051, -31.725821, 0.0 ], [ -60.53852, -31.725671, 0.0 ], [ -60.540362, -31.725119, 0.0 ], [ -60.540391, -31.72511, 0.0 ], [ -60.541693, -31.72471, 0.0 ], [ -60.541916, -31.725307, 0.0 ] ] ] } },
{ "type": "Feature", "properties": { "Name": "Los Arenales" }, "geometry": { "type": "Polygon", "coordinates": [ [ [ -60.493468, -31.71147, 0.0 ], [ -60.493307, -31.710753, 0.0 ], [ -60.49346, -31.710728, 0.0 ], [ -60.493927, -31.710742, 0.0 ], [ -60.494376, -31.71061, 0.0 ], [ -60.4947, -31.710274, 0.0 ], [ -60.495691, -31.709622, 0.0 ], [ -60.496003, -31.709313, 0.0 ], [ -60.496484, -31.708608, 0.0 ], [ -60.497114, -31.708047, 0.0 ], [ -60.497548, -31.707763, 0.0 ], [ -60.496813, -31.707039, 0.0 ], [ -60.497379, -31.706267, 0.0 ], [ -60.497407, -31.706279, 0.0 ], [ -60.497428, -31.70629, 0.0 ], [ -60.497817, -31.706506, 0.0 ], [ -60.498433, -31.706847, 0.0 ], [ -60.49846, -31.706866, 0.0 ], [ -60.49848, -31.706891, 0.0 ], [ -60.498515, -31.706949, 0.0 ], [ -60.498592, -31.707044, 0.0 ], [ -60.498694, -31.707118, 0.0 ], [ -60.498912, -31.707238, 0.0 ], [ -60.498916, -31.70724, 0.0 ], [ -60.499063, -31.707324, 0.0 ], [ -60.499095, -31.707346, 0.0 ], [ -60.499148, -31.707388, 0.0 ], [ -60.499159, -31.707397, 0.0 ], [ -60.499336, -31.707554, 0.0 ], [ -60.49947, -31.707674, 0.0 ], [ -60.499482, -31.707685, 0.0 ], [ -60.499604, -31.70781, 0.0 ], [ -60.499616, -31.707821, 0.0 ], [ -60.499657, -31.707861, 0.0 ], [ -60.499676, -31.707878, 0.0 ], [ -60.499736, -31.70793, 0.0 ], [ -60.49977, -31.707965, 0.0 ], [ -60.499775, -31.707971, 0.0 ], [ -60.499788, -31.707997, 0.0 ], [ -60.499718, -31.708651, 0.0 ], [ -60.49916, -31.71009, 0.0 ], [ -60.499041, -31.710561, 0.0 ], [ -60.496376, -31.710996, 0.0 ], [ -60.493468, -31.71147, 0.0 ] ] ] } },
{ "type": "Feature", "properties": { "Name": "Toma Nueva" }, "geometry": { "type": "Polygon", "coordinates": [ [ [ -60.497379, -31.706267, 0.0 ], [ -60.496813, -31.707039, 0.0 ], [ -60.497548, -31.707763, 0.0 ], [ -60.497114, -31.708047, 0.0 ], [ -60.496484, -31.708608, 0.0 ], [ -60.496003, -31.709313, 0.0 ], [ -60.495691, -31.709622, 0.0 ], [ -60.4947, -31.710274, 0.0 ], [ -60.494376, -31.71061, 0.0 ], [ -60.493927, -31.710742, 0.0 ], [ -60.49346, -31.710728, 0.0 ], [ -60.493307, -31.710753, 0.0 ], [ -60.492436, -31.70689, 0.0 ], [ -60.492201, -31.705793, 0.0 ], [ -60.492004, -31.705031, 0.0 ], [ -60.491901, -31.704854, 0.0 ], [ -60.491821, -31.704788, 0.0 ], [ -60.491825, -31.704789, 0.0 ], [ -60.492002, -31.704767, 0.0 ], [ -60.492005, -31.704767, 0.0 ], [ -60.492046, -31.704779, 0.0 ], [ -60.492322, -31.704899, 0.0 ], [ -60.492355, -31.704916, 0.0 ], [ -60.492361, -31.704919, 0.0 ], [ -60.4925, -31.704979, 0.0 ], [ -60.492653, -31.705, 0.0 ], [ -60.492794, -31.704983, 0.0 ], [ -60.492806, -31.704981, 0.0 ], [ -60.492889, -31.704948, 0.0 ], [ -60.492946, -31.704925, 0.0 ], [ -60.493061, -31.704835, 0.0 ], [ -60.493139, -31.704721, 0.0 ], [ -60.493174, -31.704645, 0.0 ], [ -60.493196, -31.704613, 0.0 ], [ -60.493198, -31.704612, 0.0 ], [ -60.493199, -31.704612, 0.0 ], [ -60.49324, -31.70462, 0.0 ], [ -60.494567, -31.705075, 0.0 ], [ -60.494919, -31.705196, 0.0 ], [ -60.494933, -31.705201, 0.0 ], [ -60.495698, -31.705507, 0.0 ], [ -60.495711, -31.705512, 0.0 ], [ -60.49645, -31.705849, 0.0 ], [ -60.496453, -31.70585, 0.0 ], [ -60.497407, -31.706279, 0.0 ], [ -60.497379, -31.706267, 0.0 ] ] ] } },
{ "type": "Feature", "properties": { "Name": "General San Martin" }, "geometry": { "type": "Polygon", "coordinates": [ [ [ -60.561356, -31.731004, 0.0 ], [ -60.561343, -31.730929, 0.0 ], [ -60.561115, -31.730966, 0.0 ], [ -60.561064, -31.730966, 0.0 ], [ -60.560797, -31.731, 0.0 ], [ -60.560659, -31.731035, 0.0 ], [ -60.56064, -31.731045, 0.0 ], [ -60.559927, -31.731164, 0.0 ], [ -60.559881, -31.729968, 0.0 ], [ -60.559166, -31.729746, 0.0 ], [ -60.558636, -31.729397, 0.0 ], [ -60.557613, -31.728199, 0.0 ], [ -60.556681, -31.727644, 0.0 ], [ -60.555188, -31.727968, 0.0 ], [ -60.554997, -31.728033, 0.0 ], [ -60.554047, -31.728357, 0.0 ], [ -60.552965, -31.728804, 0.0 ], [ -60.552602, -31.728153, 0.0 ], [ -60.553323, -31.72781, 0.0 ], [ -60.553599, -31.727718, 0.0 ], [ -60.554018, -31.727596, 0.0 ], [ -60.558125, -31.725896, 0.0 ], [ -60.558599, -31.725799, 0.0 ], [ -60.560275, -31.725958, 0.0 ], [ -60.560359, -31.725958, 0.0 ], [ -60.560458, -31.725958, 0.0 ], [ -60.561252, -31.725873, 0.0 ], [ -60.561313, -31.725901, 0.0 ], [ -60.561477, -31.725925, 0.0 ], [ -60.561764, -31.725926, 0.0 ], [ -60.561774, -31.725926, 0.0 ], [ -60.562116, -31.725938, 0.0 ], [ -60.56212, -31.725938, 0.0 ], [ -60.562424, -31.725947, 0.0 ], [ -60.562438, -31.725949, 0.0 ], [ -60.562462, -31.725953, 0.0 ], [ -60.562463, -31.725953, 0.0 ], [ -60.562489, -31.725973, 0.0 ], [ -60.562509, -31.726002, 0.0 ], [ -60.562509, -31.726003, 0.0 ], [ -60.562507, -31.726038, 0.0 ], [ -60.562505, -31.726045, 0.0 ], [ -60.562498, -31.72606, 0.0 ], [ -60.562487, -31.726071, 0.0 ], [ -60.562487, -31.726072, 0.0 ], [ -60.562356, -31.726141, 0.0 ], [ -60.562112, -31.726253, 0.0 ], [ -60.561464, -31.726394, 0.0 ], [ -60.561442, -31.726441, 0.0 ], [ -60.561393, -31.726629, 0.0 ], [ -60.561342, -31.726831, 0.0 ], [ -60.561324, -31.726911, 0.0 ], [ -60.561345, -31.726979, 0.0 ], [ -60.561385, -31.727107, 0.0 ], [ -60.561424, -31.72725, 0.0 ], [ -60.561428, -31.727255, 0.0 ], [ -60.561453, -31.72728, 0.0 ], [ -60.561636, -31.727437, 0.0 ], [ -60.561678, -31.727561, 0.0 ], [ -60.561947, -31.727822, 0.0 ], [ -60.56227, -31.728136, 0.0 ], [ -60.562237, -31.728413, 0.0 ], [ -60.561808, -31.728746, 0.0 ], [ -60.561779, -31.728769, 0.0 ], [ -60.561557, -31.729424, 0.0 ], [ -60.561558, -31.729481, 0.0 ], [ -60.561562, -31.729683, 0.0 ], [ -60.561567, -31.729882, 0.0 ], [ -60.561567, -31.729883, 0.0 ], [ -60.561568, -31.729924, 0.0 ], [ -60.561579, -31.729928, 0.0 ], [ -60.56158, -31.729976, 0.0 ], [ -60.561584, -31.730172, 0.0 ], [ -60.561587, -31.730428, 0.0 ], [ -60.561589, -31.730602, 0.0 ], [ -60.561593, -31.730655, 0.0 ], [ -60.561619, -31.730826, 0.0 ], [ -60.561655, -31.731129, 0.0 ], [ -60.561636, -31.73116, 0.0 ], [ -60.56157, -31.731142, 0.0 ], [ -60.561556, -31.731135, 0.0 ], [ -60.561514, -31.7311, 0.0 ], [ -60.561507, -31.731092, 0.0 ], [ -60.561378, -31.73101, 0.0 ], [ -60.561356, -31.731004, 0.0 ] ] ] } },
{ "type": "Feature", "properties": { "Name": "Jorge Newbery" }, "geometry": { "type": "Polygon", "coordinates": [ [ [ -60.489895, -31.77229, 0.0 ], [ -60.489906, -31.772288, 0.0 ], [ -60.490928, -31.777132, 0.0 ], [ -60.489764, -31.777309, 0.0 ], [ -60.489765, -31.777315, 0.0 ], [ -60.490781, -31.782165, 0.0 ], [ -60.491831, -31.78701, 0.0 ], [ -60.48613, -31.787886, 0.0 ], [ -60.484116, -31.778201, 0.0 ], [ -60.483076, -31.773319, 0.0 ], [ -60.488787, -31.772457, 0.0 ], [ -60.489896, -31.772289, 0.0 ], [ -60.489895, -31.77229, 0.0 ] ] ] } },
{ "type": "Feature", "properties": { "Name": "Puerto Sanchez" }, "geometry": { "type": "Polygon", "coordinates": [ [ [ -60.514696, -31.718164, 0.0 ], [ -60.514156, -31.718247, 0.0 ], [ -60.513706, -31.718206, 0.0 ], [ -60.513053, -31.718338, 0.0 ], [ -60.512924, -31.718363, 0.0 ], [ -60.512827, -31.718037, 0.0 ], [ -60.512188, -31.717885, 0.0 ], [ -60.511038, -31.717654, 0.0 ], [ -60.510996, -31.717526, 0.0 ], [ -60.510828, -31.71742, 0.0 ], [ -60.510187, -31.717323, 0.0 ], [ -60.509886, -31.717168, 0.0 ], [ -60.509835, -31.716897, 0.0 ], [ -60.510102, -31.716401, 0.0 ], [ -60.510268, -31.716396, 0.0 ], [ -60.510905, -31.716575, 0.0 ], [ -60.51135, -31.71671, 0.0 ], [ -60.512401, -31.716933, 0.0 ], [ -60.512736, -31.716944, 0.0 ], [ -60.513185, -31.717026, 0.0 ], [ -60.513437, -31.717104, 0.0 ], [ -60.51372, -31.717197, 0.0 ], [ -60.513947, -31.71727, 0.0 ], [ -60.514076, -31.717327, 0.0 ], [ -60.514212, -31.717368, 0.0 ], [ -60.514372, -31.717425, 0.0 ], [ -60.514606, -31.717501, 0.0 ], [ -60.514716, -31.717494, 0.0 ], [ -60.51484, -31.717494, 0.0 ], [ -60.514989, -31.717504, 0.0 ], [ -60.515142, -31.717523, 0.0 ], [ -60.515239, -31.717539, 0.0 ], [ -60.515376, -31.717567, 0.0 ], [ -60.515631, -31.717627, 0.0 ], [ -60.515801, -31.717667, 0.0 ], [ -60.516069, -31.717732, 0.0 ], [ -60.51645, -31.717832, 0.0 ], [ -60.51693, -31.717987, 0.0 ], [ -60.516798, -31.718193, 0.0 ], [ -60.516371, -31.718104, 0.0 ], [ -60.516292, -31.71809, 0.0 ], [ -60.516103, -31.718056, 0.0 ], [ -60.515891, -31.71806, 0.0 ], [ -60.515849, -31.718058, 0.0 ], [ -60.515647, -31.718093, 0.0 ], [ -60.515561, -31.718061, 0.0 ], [ -60.515103, -31.718119, 0.0 ], [ -60.514952, -31.718138, 0.0 ], [ -60.514952, -31.718134, 0.0 ], [ -60.514696, -31.718164, 0.0 ] ] ] } },
{ "type": "Feature", "properties": { "Name": "Francisco Ramirez" }, "geometry": { "type": "Polygon", "coordinates": [ [ [ -60.542272, -31.719611, 0.0 ], [ -60.542306, -31.719615, 0.0 ], [ -60.542366, -31.719623, 0.0 ], [ -60.542509, -31.719642, 0.0 ], [ -60.542559, -31.719718, 0.0 ], [ -60.542632, -31.719829, 0.0 ], [ -60.542608, -31.719891, 0.0 ], [ -60.542569, -31.719989, 0.0 ], [ -60.542497, -31.720169, 0.0 ], [ -60.542427, -31.720343, 0.0 ], [ -60.542595, -31.720488, 0.0 ], [ -60.542747, -31.720621, 0.0 ], [ -60.54287, -31.720727, 0.0 ], [ -60.543304, -31.720623, 0.0 ], [ -60.54331, -31.720621, 0.0 ], [ -60.543725, -31.720483, 0.0 ], [ -60.543884, -31.720544, 0.0 ], [ -60.544021, -31.720597, 0.0 ], [ -60.544332, -31.720716, 0.0 ], [ -60.544509, -31.720783, 0.0 ], [ -60.544881, -31.721225, 0.0 ], [ -60.544965, -31.721325, 0.0 ], [ -60.544964, -31.72137, 0.0 ], [ -60.544963, -31.7214, 0.0 ], [ -60.544955, -31.721628, 0.0 ], [ -60.544672, -31.721872, 0.0 ], [ -60.544407, -31.722101, 0.0 ], [ -60.544276, -31.722614, 0.0 ], [ -60.544303, -31.722719, 0.0 ], [ -60.544309, -31.722744, 0.0 ], [ -60.544331, -31.72283, 0.0 ], [ -60.544351, -31.722906, 0.0 ], [ -60.544566, -31.723019, 0.0 ], [ -60.544641, -31.723059, 0.0 ], [ -60.544987, -31.72324, 0.0 ], [ -60.544643, -31.723696, 0.0 ], [ -60.544318, -31.723958, 0.0 ], [ -60.543812, -31.724189, 0.0 ], [ -60.542415, -31.724479, 0.0 ], [ -60.54196, -31.72462, 0.0 ], [ -60.541921, -31.724539, 0.0 ], [ -60.541855, -31.724405, 0.0 ], [ -60.541755, -31.724482, 0.0 ], [ -60.541684, -31.724327, 0.0 ], [ -60.541318, -31.724446, 0.0 ], [ -60.541146, -31.724401, 0.0 ], [ -60.540917, -31.72418, 0.0 ], [ -60.540579, -31.72424, 0.0 ], [ -60.540146, -31.72351, 0.0 ], [ -60.540329, -31.723457, 0.0 ], [ -60.54034, -31.723237, 0.0 ], [ -60.540486, -31.72308, 0.0 ], [ -60.540298, -31.722702, 0.0 ], [ -60.540288, -31.722683, 0.0 ], [ -60.540405, -31.722618, 0.0 ], [ -60.540747, -31.722426, 0.0 ], [ -60.540776, -31.722409, 0.0 ], [ -60.540316, -31.721188, 0.0 ], [ -60.540057, -31.720637, 0.0 ], [ -60.54005, -31.720623, 0.0 ], [ -60.540036, -31.720594, 0.0 ], [ -60.540017, -31.720554, 0.0 ], [ -60.540011, -31.720541, 0.0 ], [ -60.540393, -31.719861, 0.0 ], [ -60.540394, -31.71986, 0.0 ], [ -60.540446, -31.719838, 0.0 ], [ -60.541785, -31.719258, 0.0 ], [ -60.542117, -31.719591, 0.0 ], [ -60.542272, -31.719611, 0.0 ] ] ] } },
{ "type": "Feature", "properties": { "Name": "Juan Vucetich" }, "geometry": { "type": "Polygon", "coordinates": [ [ [ -60.504817, -31.736439, 0.0 ], [ -60.50542, -31.739379, 0.0 ], [ -60.503315, -31.739666, 0.0 ], [ -60.502955, -31.737939, 0.0 ], [ -60.503688, -31.737949, 0.0 ], [ -60.503409, -31.73665, 0.0 ], [ -60.504817, -31.736439, 0.0 ] ] ] } },
{ "type": "Feature", "properties": { "Name": "Scapellatto" }, "geometry": { "type": "Polygon", "coordinates": [ [ [ -60.503409, -31.73665, 0.0 ], [ -60.503688, -31.737949, 0.0 ], [ -60.50227, -31.73793, 0.0 ], [ -60.500599, -31.738037, 0.0 ], [ -60.500332, -31.737486, 0.0 ], [ -60.499967, -31.737007, 0.0 ], [ -60.500023, -31.7369, 0.0 ], [ -60.500076, -31.73676, 0.0 ], [ -60.500687, -31.736807, 0.0 ], [ -60.500929, -31.736574, 0.0 ], [ -60.501027, -31.73664, 0.0 ], [ -60.503253, -31.736297, 0.0 ], [ -60.503465, -31.736568, 0.0 ], [ -60.503409, -31.73665, 0.0 ] ] ] } },
{ "type": "Feature", "properties": { "Name": "Tiro Federal" }, "geometry": { "type": "Polygon", "coordinates": [ [ [ -60.501393, -31.740231, 0.0 ], [ -60.502247, -31.739885, 0.0 ], [ -60.502515, -31.739776, 0.0 ], [ -60.503315, -31.739666, 0.0 ], [ -60.50542, -31.739379, 0.0 ], [ -60.506534, -31.744426, 0.0 ], [ -60.501859, -31.745201, 0.0 ], [ -60.501836, -31.745079, 0.0 ], [ -60.501785, -31.74505, 0.0 ], [ -60.501405, -31.743357, 0.0 ], [ -60.501408, -31.742962, 0.0 ], [ -60.501172, -31.742624, 0.0 ], [ -60.501139, -31.742523, 0.0 ], [ -60.501136, -31.742462, 0.0 ], [ -60.500976, -31.742086, 0.0 ], [ -60.500969, -31.741748, 0.0 ], [ -60.501, -31.74153, 0.0 ], [ -60.501052, -31.741305, 0.0 ], [ -60.501375, -31.740605, 0.0 ], [ -60.501393, -31.740231, 0.0 ] ] ] } },
{ "type": "Feature", "properties": { "Name": "Villa Maria" }, "geometry": { "type": "Polygon", "coordinates": [ [ [ -60.547633, -31.727216, 0.0 ], [ -60.545142, -31.728693, 0.0 ], [ -60.545005, -31.728629, 0.0 ], [ -60.544669, -31.728898, 0.0 ], [ -60.544296, -31.727888, 0.0 ], [ -60.544586, -31.727675, 0.0 ], [ -60.544497, -31.727492, 0.0 ], [ -60.544379, -31.727227, 0.0 ], [ -60.544349, -31.727053, 0.0 ], [ -60.544386, -31.726704, 0.0 ], [ -60.54447, -31.726628, 0.0 ], [ -60.544579, -31.726529, 0.0 ], [ -60.544802, -31.726462, 0.0 ], [ -60.545326, -31.726368, 0.0 ], [ -60.54554, -31.726417, 0.0 ], [ -60.546189, -31.72614, 0.0 ], [ -60.546732, -31.726047, 0.0 ], [ -60.5473, -31.7268, 0.0 ], [ -60.547633, -31.727216, 0.0 ] ] ] } },
{ "type": "Feature", "properties": { "Name": "Pirola" }, "geometry": { "type": "Polygon", "coordinates": [ [ [ -60.53786, -31.738843, 0.0 ], [ -60.538011, -31.73898, 0.0 ], [ -60.538347, -31.738833, 0.0 ], [ -60.538405, -31.738889, 0.0 ], [ -60.538411, -31.738888, 0.0 ], [ -60.538421, -31.738888, 0.0 ], [ -60.538429, -31.738887, 0.0 ], [ -60.538441, -31.738886, 0.0 ], [ -60.538449, -31.738887, 0.0 ], [ -60.538466, -31.738885, 0.0 ], [ -60.538474, -31.738886, 0.0 ], [ -60.538482, -31.738885, 0.0 ], [ -60.538491, -31.738886, 0.0 ], [ -60.538507, -31.738883, 0.0 ], [ -60.538517, -31.738883, 0.0 ], [ -60.538525, -31.738882, 0.0 ], [ -60.53854, -31.738882, 0.0 ], [ -60.538431, -31.738779, 0.0 ], [ -60.538501, -31.738725, 0.0 ], [ -60.538659, -31.738876, 0.0 ], [ -60.538678, -31.738873, 0.0 ], [ -60.538685, -31.73887, 0.0 ], [ -60.538696, -31.738869, 0.0 ], [ -60.538703, -31.738866, 0.0 ], [ -60.53872, -31.738864, 0.0 ], [ -60.538726, -31.738861, 0.0 ], [ -60.538735, -31.738859, 0.0 ], [ -60.538741, -31.738857, 0.0 ], [ -60.53875, -31.738855, 0.0 ], [ -60.538758, -31.738857, 0.0 ], [ -60.538764, -31.738854, 0.0 ], [ -60.538763, -31.738852, 0.0 ], [ -60.538618, -31.738713, 0.0 ], [ -60.538715, -31.738679, 0.0 ], [ -60.538925, -31.738851, 0.0 ], [ -60.538687, -31.739051, 0.0 ], [ -60.538657, -31.739025, 0.0 ], [ -60.538134, -31.739354, 0.0 ], [ -60.538154, -31.739371, 0.0 ], [ -60.538225, -31.739423, 0.0 ], [ -60.538261, -31.739457, 0.0 ], [ -60.538347, -31.739534, 0.0 ], [ -60.538375, -31.739565, 0.0 ], [ -60.538436, -31.739627, 0.0 ], [ -60.538456, -31.739646, 0.0 ], [ -60.539043, -31.740174, 0.0 ], [ -60.53955, -31.739766, 0.0 ], [ -60.539792, -31.739565, 0.0 ], [ -60.541192, -31.74072, 0.0 ], [ -60.541296, -31.74132, 0.0 ], [ -60.541264, -31.741503, 0.0 ], [ -60.538478, -31.741901, 0.0 ], [ -60.538374, -31.741207, 0.0 ], [ -60.537465, -31.740408, 0.0 ], [ -60.537106, -31.739894, 0.0 ], [ -60.537161, -31.739822, 0.0 ], [ -60.537172, -31.739835, 0.0 ], [ -60.537216, -31.739806, 0.0 ], [ -60.537269, -31.739772, 0.0 ], [ -60.537312, -31.73972, 0.0 ], [ -60.537349, -31.739692, 0.0 ], [ -60.5374, -31.739633, 0.0 ], [ -60.537441, -31.739596, 0.0 ], [ -60.537486, -31.739553, 0.0 ], [ -60.537543, -31.739509, 0.0 ], [ -60.537616, -31.73944, 0.0 ], [ -60.53766, -31.739415, 0.0 ], [ -60.5377, -31.739379, 0.0 ], [ -60.537749, -31.739337, 0.0 ], [ -60.537786, -31.739308, 0.0 ], [ -60.537815, -31.739276, 0.0 ], [ -60.537844, -31.739241, 0.0 ], [ -60.537863, -31.739199, 0.0 ], [ -60.537881, -31.739149, 0.0 ], [ -60.537893, -31.739123, 0.0 ], [ -60.537894, -31.739119, 0.0 ], [ -60.537906, -31.739081, 0.0 ], [ -60.537936, -31.739046, 0.0 ], [ -60.537953, -31.739017, 0.0 ], [ -60.537959, -31.738993, 0.0 ], [ -60.537974, -31.738973, 0.0 ], [ -60.537975, -31.738954, 0.0 ], [ -60.537969, -31.738942, 0.0 ], [ -60.53786, -31.738843, 0.0 ] ] ] } },
{ "type": "Feature", "properties": { "Name": "Antonini" }, "geometry": { "type": "Polygon", "coordinates": [ [ [ -60.532372, -31.747526, 0.0 ], [ -60.532376, -31.747516, 0.0 ], [ -60.532409, -31.746861, 0.0 ], [ -60.532963, -31.746988, 0.0 ], [ -60.533876, -31.747193, 0.0 ], [ -60.534456, -31.746616, 0.0 ], [ -60.534514, -31.747355, 0.0 ], [ -60.535423, -31.747657, 0.0 ], [ -60.536232, -31.748086, 0.0 ], [ -60.531064, -31.754565, 0.0 ], [ -60.530413, -31.755157, 0.0 ], [ -60.526686, -31.755745, 0.0 ], [ -60.526126, -31.753128, 0.0 ], [ -60.526738, -31.752543, 0.0 ], [ -60.529039, -31.750311, 0.0 ], [ -60.529622, -31.750749, 0.0 ], [ -60.53018, -31.750291, 0.0 ], [ -60.530535, -31.750097, 0.0 ], [ -60.53074, -31.750049, 0.0 ], [ -60.53159, -31.749749, 0.0 ], [ -60.531315, -31.749127, 0.0 ], [ -60.531288, -31.749051, 0.0 ], [ -60.531297, -31.749051, 0.0 ], [ -60.531304, -31.74905, 0.0 ], [ -60.53131, -31.749047, 0.0 ], [ -60.531322, -31.749041, 0.0 ], [ -60.531328, -31.749038, 0.0 ], [ -60.531332, -31.749034, 0.0 ], [ -60.531338, -31.74903, 0.0 ], [ -60.531343, -31.749027, 0.0 ], [ -60.531347, -31.749023, 0.0 ], [ -60.531353, -31.749019, 0.0 ], [ -60.531357, -31.749015, 0.0 ], [ -60.531368, -31.749007, 0.0 ], [ -60.531374, -31.749004, 0.0 ], [ -60.531382, -31.748999, 0.0 ], [ -60.531387, -31.748995, 0.0 ], [ -60.531392, -31.74899, 0.0 ], [ -60.531397, -31.748986, 0.0 ], [ -60.531403, -31.748983, 0.0 ], [ -60.531408, -31.748978, 0.0 ], [ -60.531414, -31.748975, 0.0 ], [ -60.531422, -31.748969, 0.0 ], [ -60.531427, -31.748966, 0.0 ], [ -60.531433, -31.748962, 0.0 ], [ -60.531437, -31.748957, 0.0 ], [ -60.53144, -31.748952, 0.0 ], [ -60.531444, -31.748946, 0.0 ], [ -60.531448, -31.748939, 0.0 ], [ -60.531451, -31.748933, 0.0 ], [ -60.531456, -31.748921, 0.0 ], [ -60.531458, -31.748915, 0.0 ], [ -60.531463, -31.748904, 0.0 ], [ -60.531467, -31.748899, 0.0 ], [ -60.53147, -31.748893, 0.0 ], [ -60.53148, -31.748882, 0.0 ], [ -60.531486, -31.748877, 0.0 ], [ -60.531492, -31.74887, 0.0 ], [ -60.531499, -31.748864, 0.0 ], [ -60.531502, -31.748858, 0.0 ], [ -60.531505, -31.748853, 0.0 ], [ -60.531511, -31.748848, 0.0 ], [ -60.531516, -31.748843, 0.0 ], [ -60.531522, -31.748838, 0.0 ], [ -60.531526, -31.748834, 0.0 ], [ -60.53154, -31.748818, 0.0 ], [ -60.531544, -31.748814, 0.0 ], [ -60.531547, -31.748809, 0.0 ], [ -60.531552, -31.748803, 0.0 ], [ -60.531556, -31.748798, 0.0 ], [ -60.53156, -31.748793, 0.0 ], [ -60.531563, -31.748788, 0.0 ], [ -60.531567, -31.748783, 0.0 ], [ -60.531568, -31.748778, 0.0 ], [ -60.531573, -31.748772, 0.0 ], [ -60.531581, -31.748769, 0.0 ], [ -60.531588, -31.748757, 0.0 ], [ -60.531604, -31.748745, 0.0 ], [ -60.531617, -31.748732, 0.0 ], [ -60.531627, -31.748725, 0.0 ], [ -60.532123, -31.748084, 0.0 ], [ -60.532217, -31.747874, 0.0 ], [ -60.53222, -31.747871, 0.0 ], [ -60.532228, -31.747863, 0.0 ], [ -60.532236, -31.747855, 0.0 ], [ -60.532243, -31.747846, 0.0 ], [ -60.532251, -31.747838, 0.0 ], [ -60.532257, -31.747829, 0.0 ], [ -60.532264, -31.74782, 0.0 ], [ -60.532275, -31.747803, 0.0 ], [ -60.532286, -31.747785, 0.0 ], [ -60.532295, -31.747767, 0.0 ], [ -60.532305, -31.747749, 0.0 ], [ -60.532313, -31.747731, 0.0 ], [ -60.532334, -31.74768, 0.0 ], [ -60.532353, -31.747629, 0.0 ], [ -60.53237, -31.747578, 0.0 ], [ -60.532377, -31.747551, 0.0 ], [ -60.532381, -31.747526, 0.0 ], [ -60.532372, -31.747526, 0.0 ] ] ] } },
{ "type": "Feature", "properties": { "Name": "Villa Lola" }, "geometry": { "type": "Polygon", "coordinates": [ [ [ -60.48569, -31.757814, 0.0 ], [ -60.486693, -31.762726, 0.0 ], [ -60.48329, -31.763226, 0.0 ], [ -60.481064, -31.763559, 0.0 ], [ -60.480048, -31.758684, 0.0 ], [ -60.482186, -31.758348, 0.0 ], [ -60.482282, -31.758333, 0.0 ], [ -60.483166, -31.758198, 0.0 ], [ -60.48569, -31.757814, 0.0 ] ] ] } },
{ "type": "Feature", "properties": { "Name": "Ameghino" }, "geometry": { "type": "Polygon", "coordinates": [ [ [ -60.546603, -31.730472, 0.0 ], [ -60.545698, -31.730193, 0.0 ], [ -60.544987, -31.729814, 0.0 ], [ -60.544699, -31.729637, 0.0 ], [ -60.544417, -31.729481, 0.0 ], [ -60.543307, -31.729139, 0.0 ], [ -60.542659, -31.728939, 0.0 ], [ -60.543197, -31.728713, 0.0 ], [ -60.543565, -31.728443, 0.0 ], [ -60.543932, -31.728184, 0.0 ], [ -60.543974, -31.728095, 0.0 ], [ -60.544296, -31.727888, 0.0 ], [ -60.544669, -31.728898, 0.0 ], [ -60.545005, -31.728629, 0.0 ], [ -60.545142, -31.728693, 0.0 ], [ -60.545811, -31.729645, 0.0 ], [ -60.547287, -31.729547, 0.0 ], [ -60.546603, -31.730472, 0.0 ] ] ] } },
{ "type": "Feature", "properties": { "Name": "Estacion Parera" }, "geometry": { "type": "MultiPolygon", "coordinates": [ [ [ [ -60.435033, -31.759878, 0.0 ], [ -60.434838, -31.759922, 0.0 ], [ -60.434829, -31.759924, 0.0 ], [ -60.434824, -31.759925, 0.0 ], [ -60.434779, -31.759934, 0.0 ], [ -60.434773, -31.759935, 0.0 ], [ -60.43473, -31.759945, 0.0 ], [ -60.434723, -31.759946, 0.0 ], [ -60.434718, -31.759947, 0.0 ], [ -60.434579, -31.759971, 0.0 ], [ -60.434548, -31.759981, 0.0 ], [ -60.434519, -31.75999, 0.0 ], [ -60.434496, -31.759996, 0.0 ], [ -60.434467, -31.76, 0.0 ], [ -60.434427, -31.760006, 0.0 ], [ -60.434414, -31.760007, 0.0 ], [ -60.434401, -31.760002, 0.0 ], [ -60.4344, -31.760003, 0.0 ], [ -60.434385, -31.760005, 0.0 ], [ -60.434377, -31.760004, 0.0 ], [ -60.434364, -31.759998, 0.0 ], [ -60.434354, -31.759985, 0.0 ], [ -60.434352, -31.759984, 0.0 ], [ -60.434328, -31.759973, 0.0 ], [ -60.434274, -31.759935, 0.0 ], [ -60.434181, -31.759845, 0.0 ], [ -60.434129, -31.759783, 0.0 ], [ -60.434098, -31.759721, 0.0 ], [ -60.434097, -31.759663, 0.0 ], [ -60.434086, -31.759651, 0.0 ], [ -60.434086, -31.759635, 0.0 ], [ -60.434096, -31.759596, 0.0 ], [ -60.434096, -31.759584, 0.0 ], [ -60.434099, -31.759577, 0.0 ], [ -60.434102, -31.759574, 0.0 ], [ -60.434109, -31.759545, 0.0 ], [ -60.434111, -31.759542, 0.0 ], [ -60.434141, -31.759495, 0.0 ], [ -60.434148, -31.759485, 0.0 ], [ -60.434166, -31.759459, 0.0 ], [ -60.43417, -31.759453, 0.0 ], [ -60.434172, -31.759451, 0.0 ], [ -60.434239, -31.759323, 0.0 ], [ -60.434255, -31.759182, 0.0 ], [ -60.434219, -31.759045, 0.0 ], [ -60.434134, -31.758924, 0.0 ], [ -60.434009, -31.758832, 0.0 ], [ -60.433967, -31.758811, 0.0 ], [ -60.433941, -31.758795, 0.0 ], [ -60.433731, -31.758653, 0.0 ], [ -60.433709, -31.758636, 0.0 ], [ -60.433612, -31.758554, 0.0 ], [ -60.433574, -31.758514, 0.0 ], [ -60.433467, -31.758369, 0.0 ], [ -60.433457, -31.758355, 0.0 ], [ -60.433176, -31.757903, 0.0 ], [ -60.433136, -31.757839, 0.0 ], [ -60.433128, -31.757826, 0.0 ], [ -60.433065, -31.757705, 0.0 ], [ -60.433054, -31.757681, 0.0 ], [ -60.432964, -31.757444, 0.0 ], [ -60.432963, -31.757441, 0.0 ], [ -60.432866, -31.757193, 0.0 ], [ -60.432841, -31.757128, 0.0 ], [ -60.432839, -31.757124, 0.0 ], [ -60.43277, -31.756951, 0.0 ], [ -60.432755, -31.756902, 0.0 ], [ -60.43268, -31.756761, 0.0 ], [ -60.432672, -31.756751, 0.0 ], [ -60.43266, -31.756735, 0.0 ], [ -60.432656, -31.75673, 0.0 ], [ -60.432553, -31.756587, 0.0 ], [ -60.432551, -31.756583, 0.0 ], [ -60.432383, -31.756338, 0.0 ], [ -60.432375, -31.756326, 0.0 ], [ -60.432333, -31.756256, 0.0 ], [ -60.432277, -31.756126, 0.0 ], [ -60.432262, -31.756093, 0.0 ], [ -60.43226, -31.756069, 0.0 ], [ -60.432268, -31.756038, 0.0 ], [ -60.432269, -31.756038, 0.0 ], [ -60.43227, -31.756037, 0.0 ], [ -60.432312, -31.756024, 0.0 ], [ -60.432329, -31.756021, 0.0 ], [ -60.432768, -31.755957, 0.0 ], [ -60.432924, -31.755911, 0.0 ], [ -60.432984, -31.755872, 0.0 ], [ -60.433233, -31.755833, 0.0 ], [ -60.455185, -31.752378, 0.0 ], [ -60.456205, -31.75729, 0.0 ], [ -60.436048, -31.760406, 0.0 ], [ -60.436004, -31.760341, 0.0 ], [ -60.435922, -31.760277, 0.0 ], [ -60.435908, -31.760262, 0.0 ], [ -60.435907, -31.760261, 0.0 ], [ -60.435907, -31.760258, 0.0 ], [ -60.435896, -31.760209, 0.0 ], [ -60.435992, -31.760098, 0.0 ], [ -60.436112, -31.75997, 0.0 ], [ -60.436259, -31.759988, 0.0 ], [ -60.436261, -31.759988, 0.0 ], [ -60.436274, -31.759988, 0.0 ], [ -60.436296, -31.759987, 0.0 ], [ -60.436312, -31.759986, 0.0 ], [ -60.436342, -31.759985, 0.0 ], [ -60.436352, -31.759984, 0.0 ], [ -60.436384, -31.759982, 0.0 ], [ -60.436403, -31.75998, 0.0 ], [ -60.436439, -31.759976, 0.0 ], [ -60.436449, -31.759975, 0.0 ], [ -60.436486, -31.759971, 0.0 ], [ -60.436493, -31.75997, 0.0 ], [ -60.436529, -31.759967, 0.0 ], [ -60.436534, -31.759966, 0.0 ], [ -60.436565, -31.759963, 0.0 ], [ -60.436579, -31.759961, 0.0 ], [ -60.436603, -31.759958, 0.0 ], [ -60.43662, -31.759956, 0.0 ], [ -60.436644, -31.759954, 0.0 ], [ -60.436664, -31.759953, 0.0 ], [ -60.436696, -31.759949, 0.0 ], [ -60.436707, -31.759948, 0.0 ], [ -60.436813, -31.759934, 0.0 ], [ -60.43683, -31.759931, 0.0 ], [ -60.436857, -31.759927, 0.0 ], [ -60.436863, -31.759925, 0.0 ], [ -60.436905, -31.759915, 0.0 ], [ -60.43691, -31.759914, 0.0 ], [ -60.437029, -31.759864, 0.0 ], [ -60.437073, -31.759832, 0.0 ], [ -60.437129, -31.759791, 0.0 ], [ -60.437142, -31.759779, 0.0 ], [ -60.437226, -31.75967, 0.0 ], [ -60.43727, -31.759544, 0.0 ], [ -60.437268, -31.759413, 0.0 ], [ -60.437222, -31.759288, 0.0 ], [ -60.437135, -31.759181, 0.0 ], [ -60.437114, -31.759161, 0.0 ], [ -60.437107, -31.759156, 0.0 ], [ -60.437077, -31.759126, 0.0 ], [ -60.437075, -31.759124, 0.0 ], [ -60.437046, -31.759095, 0.0 ], [ -60.437036, -31.759084, 0.0 ], [ -60.437005, -31.759049, 0.0 ], [ -60.436975, -31.759015, 0.0 ], [ -60.436967, -31.759005, 0.0 ], [ -60.436939, -31.758969, 0.0 ], [ -60.436933, -31.758961, 0.0 ], [ -60.436901, -31.758922, 0.0 ], [ -60.436897, -31.758917, 0.0 ], [ -60.436874, -31.758889, 0.0 ], [ -60.436852, -31.758865, 0.0 ], [ -60.43683, -31.758842, 0.0 ], [ -60.436821, -31.758833, 0.0 ], [ -60.436796, -31.758808, 0.0 ], [ -60.436792, -31.758804, 0.0 ], [ -60.436703, -31.758731, 0.0 ], [ -60.436567, -31.758669, 0.0 ], [ -60.436415, -31.758643, 0.0 ], [ -60.436261, -31.758657, 0.0 ], [ -60.436119, -31.758709, 0.0 ], [ -60.436118, -31.758709, 0.0 ], [ -60.436103, -31.758717, 0.0 ], [ -60.436089, -31.758723, 0.0 ], [ -60.436072, -31.758731, 0.0 ], [ -60.436056, -31.758738, 0.0 ], [ -60.436044, -31.758744, 0.0 ], [ -60.436032, -31.758749, 0.0 ], [ -60.43602, -31.758754, 0.0 ], [ -60.435992, -31.758764, 0.0 ], [ -60.435989, -31.758765, 0.0 ], [ -60.435912, -31.7588, 0.0 ], [ -60.435911, -31.7588, 0.0 ], [ -60.435907, -31.758802, 0.0 ], [ -60.435902, -31.758805, 0.0 ], [ -60.43581, -31.75887, 0.0 ], [ -60.435805, -31.758875, 0.0 ], [ -60.435798, -31.75888, 0.0 ], [ -60.43571, -31.758979, 0.0 ], [ -60.435658, -31.759096, 0.0 ], [ -60.435646, -31.75922, 0.0 ], [ -60.435675, -31.759342, 0.0 ], [ -60.435691, -31.75938, 0.0 ], [ -60.435693, -31.759386, 0.0 ], [ -60.435696, -31.759395, 0.0 ], [ -60.435701, -31.759411, 0.0 ], [ -60.435704, -31.759424, 0.0 ], [ -60.435708, -31.759442, 0.0 ], [ -60.435709, -31.759446, 0.0 ], [ -60.435713, -31.759465, 0.0 ], [ -60.435719, -31.759488, 0.0 ], [ -60.435722, -31.759499, 0.0 ], [ -60.435725, -31.759509, 0.0 ], [ -60.435728, -31.759524, 0.0 ], [ -60.435731, -31.759535, 0.0 ], [ -60.435738, -31.759579, 0.0 ], [ -60.43574, -31.759586, 0.0 ], [ -60.435741, -31.759599, 0.0 ], [ -60.435764, -31.759669, 0.0 ], [ -60.435754, -31.75969, 0.0 ], [ -60.4357, -31.759754, 0.0 ], [ -60.435608, -31.759814, 0.0 ], [ -60.435505, -31.759839, 0.0 ], [ -60.435503, -31.75984, 0.0 ], [ -60.435468, -31.759847, 0.0 ], [ -60.435418, -31.759839, 0.0 ], [ -60.435267, -31.759851, 0.0 ], [ -60.435256, -31.759853, 0.0 ], [ -60.435238, -31.759856, 0.0 ], [ -60.435208, -31.759861, 0.0 ], [ -60.435202, -31.759862, 0.0 ], [ -60.435198, -31.759862, 0.0 ], [ -60.435151, -31.759859, 0.0 ], [ -60.435098, -31.759864, 0.0 ], [ -60.435089, -31.759865, 0.0 ], [ -60.435033, -31.759878, 0.0 ] ] ], [ [ [ -60.436084, -31.760465, 0.0 ], [ -60.436111, -31.760516, 0.0 ], [ -60.436114, -31.760515, 0.0 ], [ -60.441446, -31.762135, 0.0 ], [ -60.441517, -31.762516, 0.0 ], [ -60.441491, -31.762393, 0.0 ], [ -60.441428, -31.762249, 0.0 ], [ -60.441311, -31.762132, 0.0 ], [ -60.441155, -31.762056, 0.0 ], [ -60.43615, -31.760536, 0.0 ], [ -60.436112, -31.760518, 0.0 ], [ -60.436111, -31.760517, 0.0 ], [ -60.436084, -31.760465, 0.0 ] ] ] ] } },
{ "type": "Feature", "properties": { "Name": "Lomas del Seminario" }, "geometry": { "type": "Polygon", "coordinates": [ [ [ -60.475826, -31.73916, 0.0 ], [ -60.473895, -31.729631, 0.0 ], [ -60.468212, -31.730455, 0.0 ], [ -60.467216, -31.725458, 0.0 ], [ -60.466163, -31.720618, 0.0 ], [ -60.477453, -31.718847, 0.0 ], [ -60.483172, -31.718038, 0.0 ], [ -60.484209, -31.722851, 0.0 ], [ -60.484534, -31.724449, 0.0 ], [ -60.484926, -31.726263, 0.0 ], [ -60.485124, -31.727354, 0.0 ], [ -60.486095, -31.7321, 0.0 ], [ -60.486315, -31.733031, 0.0 ], [ -60.486407, -31.733566, 0.0 ], [ -60.486482, -31.734115, 0.0 ], [ -60.486491, -31.734206, 0.0 ], [ -60.485867, -31.734882, 0.0 ], [ -60.485226, -31.735747, 0.0 ], [ -60.484071, -31.737821, 0.0 ], [ -60.481571, -31.738199, 0.0 ], [ -60.475885, -31.73917, 0.0 ], [ -60.475831, -31.739179, 0.0 ], [ -60.475826, -31.73916, 0.0 ] ] ] } },
{ "type": "Feature", "properties": { "Name": "Bajada Grande" }, "geometry": { "type": "Polygon", "coordinates": [ [ [ -60.567363, -31.713211, 0.0 ], [ -60.566692, -31.712571, 0.0 ], [ -60.5658, -31.711565, 0.0 ], [ -60.56541, -31.710926, 0.0 ], [ -60.564999, -31.710636, 0.0 ], [ -60.563205, -31.710644, 0.0 ], [ -60.56291, -31.710723, 0.0 ], [ -60.562633, -31.709967, 0.0 ], [ -60.562403, -31.709599, 0.0 ], [ -60.561513, -31.705395, 0.0 ], [ -60.561765, -31.705468, 0.0 ], [ -60.561887, -31.705442, 0.0 ], [ -60.561888, -31.705445, 0.0 ], [ -60.561971, -31.705426, 0.0 ], [ -60.561971, -31.705425, 0.0 ], [ -60.562092, -31.705398, 0.0 ], [ -60.562146, -31.705377, 0.0 ], [ -60.562303, -31.705341, 0.0 ], [ -60.562453, -31.705284, 0.0 ], [ -60.562477, -31.705265, 0.0 ], [ -60.562653, -31.705253, 0.0 ], [ -60.562646, -31.705081, 0.0 ], [ -60.562655, -31.705066, 0.0 ], [ -60.562661, -31.705043, 0.0 ], [ -60.562685, -31.70498, 0.0 ], [ -60.562686, -31.704979, 0.0 ], [ -60.562687, -31.704978, 0.0 ], [ -60.562688, -31.704978, 0.0 ], [ -60.562765, -31.704972, 0.0 ], [ -60.562828, -31.704968, 0.0 ], [ -60.562831, -31.704968, 0.0 ], [ -60.562831, -31.704969, 0.0 ], [ -60.562837, -31.704968, 0.0 ], [ -60.562879, -31.704972, 0.0 ], [ -60.56289, -31.704971, 0.0 ], [ -60.562901, -31.704974, 0.0 ], [ -60.562903, -31.704974, 0.0 ], [ -60.562931, -31.704982, 0.0 ], [ -60.563007, -31.705029, 0.0 ], [ -60.563104, -31.705061, 0.0 ], [ -60.563104, -31.705063, 0.0 ], [ -60.563124, -31.705069, 0.0 ], [ -60.563184, -31.705094, 0.0 ], [ -60.563253, -31.705114, 0.0 ], [ -60.563252, -31.705117, 0.0 ], [ -60.563325, -31.705137, 0.0 ], [ -60.563343, -31.705144, 0.0 ], [ -60.563365, -31.705154, 0.0 ], [ -60.563379, -31.70516, 0.0 ], [ -60.563379, -31.705159, 0.0 ], [ -60.563495, -31.70521, 0.0 ], [ -60.563654, -31.705232, 0.0 ], [ -60.563672, -31.705229, 0.0 ], [ -60.563766, -31.705233, 0.0 ], [ -60.563777, -31.705231, 0.0 ], [ -60.563835, -31.705241, 0.0 ], [ -60.563836, -31.705242, 0.0 ], [ -60.563867, -31.705251, 0.0 ], [ -60.564087, -31.705271, 0.0 ], [ -60.564101, -31.70527, 0.0 ], [ -60.564113, -31.705269, 0.0 ], [ -60.564179, -31.70526, 0.0 ], [ -60.564193, -31.705257, 0.0 ], [ -60.564221, -31.705253, 0.0 ], [ -60.564223, -31.705253, 0.0 ], [ -60.564249, -31.705249, 0.0 ], [ -60.564309, -31.705246, 0.0 ], [ -60.564376, -31.705246, 0.0 ], [ -60.564423, -31.70525, 0.0 ], [ -60.564476, -31.705252, 0.0 ], [ -60.564537, -31.705259, 0.0 ], [ -60.564589, -31.705283, 0.0 ], [ -60.564614, -31.705291, 0.0 ], [ -60.564723, -31.705342, 0.0 ], [ -60.564731, -31.705345, 0.0 ], [ -60.564759, -31.705358, 0.0 ], [ -60.564854, -31.705393, 0.0 ], [ -60.564869, -31.705397, 0.0 ], [ -60.565011, -31.705418, 0.0 ], [ -60.565013, -31.705418, 0.0 ], [ -60.565029, -31.705419, 0.0 ], [ -60.565057, -31.705418, 0.0 ], [ -60.565069, -31.705419, 0.0 ], [ -60.565159, -31.705414, 0.0 ], [ -60.565173, -31.705412, 0.0 ], [ -60.565209, -31.705406, 0.0 ], [ -60.565233, -31.705404, 0.0 ], [ -60.565245, -31.705403, 0.0 ], [ -60.565253, -31.705404, 0.0 ], [ -60.565288, -31.705409, 0.0 ], [ -60.565289, -31.705409, 0.0 ], [ -60.565394, -31.705434, 0.0 ], [ -60.565403, -31.705436, 0.0 ], [ -60.565531, -31.70547, 0.0 ], [ -60.565589, -31.705493, 0.0 ], [ -60.565629, -31.705513, 0.0 ], [ -60.565764, -31.705562, 0.0 ], [ -60.565883, -31.705589, 0.0 ], [ -60.565899, -31.705593, 0.0 ], [ -60.566707, -31.705753, 0.0 ], [ -60.566709, -31.705754, 0.0 ], [ -60.566883, -31.705787, 0.0 ], [ -60.56706, -31.705769, 0.0 ], [ -60.567085, -31.705762, 0.0 ], [ -60.567266, -31.705738, 0.0 ], [ -60.567287, -31.705736, 0.0 ], [ -60.567448, -31.705725, 0.0 ], [ -60.567509, -31.705728, 0.0 ], [ -60.567602, -31.705721, 0.0 ], [ -60.567602, -31.705722, 0.0 ], [ -60.567727, -31.705714, 0.0 ], [ -60.567863, -31.705724, 0.0 ], [ -60.567908, -31.705734, 0.0 ], [ -60.567969, -31.70577, 0.0 ], [ -60.568143, -31.705836, 0.0 ], [ -60.568178, -31.705843, 0.0 ], [ -60.568221, -31.70585, 0.0 ], [ -60.568381, -31.705871, 0.0 ], [ -60.568448, -31.705887, 0.0 ], [ -60.568564, -31.705931, 0.0 ], [ -60.568644, -31.705977, 0.0 ], [ -60.56881, -31.706117, 0.0 ], [ -60.568849, -31.706147, 0.0 ], [ -60.569172, -31.70637, 0.0 ], [ -60.569223, -31.706401, 0.0 ], [ -60.570082, -31.706861, 0.0 ], [ -60.570105, -31.706875, 0.0 ], [ -60.57028, -31.706993, 0.0 ], [ -60.570309, -31.707015, 0.0 ], [ -60.571169, -31.70779, 0.0 ], [ -60.571275, -31.707864, 0.0 ], [ -60.571347, -31.707891, 0.0 ], [ -60.571366, -31.707909, 0.0 ], [ -60.571377, -31.707902, 0.0 ], [ -60.571401, -31.707911, 0.0 ], [ -60.571428, -31.707917, 0.0 ], [ -60.571464, -31.707939, 0.0 ], [ -60.57223, -31.708571, 0.0 ], [ -60.572378, -31.708657, 0.0 ], [ -60.572485, -31.70868, 0.0 ], [ -60.572506, -31.7087, 0.0 ], [ -60.572527, -31.708689, 0.0 ], [ -60.572553, -31.708694, 0.0 ], [ -60.572684, -31.708683, 0.0 ], [ -60.572714, -31.708683, 0.0 ], [ -60.572715, -31.708683, 0.0 ], [ -60.572748, -31.708703, 0.0 ], [ -60.572978, -31.708884, 0.0 ], [ -60.573129, -31.708968, 0.0 ], [ -60.573186, -31.708979, 0.0 ], [ -60.573257, -31.709, 0.0 ], [ -60.573289, -31.70902, 0.0 ], [ -60.573503, -31.709202, 0.0 ], [ -60.573528, -31.709232, 0.0 ], [ -60.573529, -31.709233, 0.0 ], [ -60.573529, -31.709234, 0.0 ], [ -60.573509, -31.709283, 0.0 ], [ -60.573485, -31.709323, 0.0 ], [ -60.573483, -31.709338, 0.0 ], [ -60.573397, -31.709434, 0.0 ], [ -60.573473, -31.709527, 0.0 ], [ -60.573489, -31.709605, 0.0 ], [ -60.573569, -31.709731, 0.0 ], [ -60.573711, -31.709887, 0.0 ], [ -60.573749, -31.709944, 0.0 ], [ -60.573864, -31.710195, 0.0 ], [ -60.573951, -31.710319, 0.0 ], [ -60.574079, -31.710412, 0.0 ], [ -60.574221, -31.71046, 0.0 ], [ -60.57424, -31.71047, 0.0 ], [ -60.574309, -31.710555, 0.0 ], [ -60.574297, -31.710656, 0.0 ], [ -60.574256, -31.71069, 0.0 ], [ -60.574186, -31.710645, 0.0 ], [ -60.57417, -31.710616, 0.0 ], [ -60.574193, -31.710563, 0.0 ], [ -60.574113, -31.710535, 0.0 ], [ -60.574032, -31.710548, 0.0 ], [ -60.573902, -31.710495, 0.0 ], [ -60.573778, -31.710467, 0.0 ], [ -60.573288, -31.71028, 0.0 ], [ -60.573228, -31.710248, 0.0 ], [ -60.573086, -31.71015, 0.0 ], [ -60.573054, -31.710123, 0.0 ], [ -60.573034, -31.710104, 0.0 ], [ -60.572899, -31.710011, 0.0 ], [ -60.572736, -31.709961, 0.0 ], [ -60.572563, -31.70996, 0.0 ], [ -60.572399, -31.710009, 0.0 ], [ -60.572263, -31.7101, 0.0 ], [ -60.572226, -31.710151, 0.0 ], [ -60.572223, -31.710149, 0.0 ], [ -60.572168, -31.710214, 0.0 ], [ -60.571937, -31.710424, 0.0 ], [ -60.571873, -31.710467, 0.0 ], [ -60.571584, -31.710607, 0.0 ], [ -60.571558, -31.710621, 0.0 ], [ -60.571037, -31.710908, 0.0 ], [ -60.571025, -31.710914, 0.0 ], [ -60.570566, -31.711142, 0.0 ], [ -60.570414, -31.711255, 0.0 ], [ -60.570002, -31.711714, 0.0 ], [ -60.569985, -31.711731, 0.0 ], [ -60.569767, -31.711931, 0.0 ], [ -60.569771, -31.711934, 0.0 ], [ -60.569716, -31.711982, 0.0 ], [ -60.569643, -31.712112, 0.0 ], [ -60.56964, -31.712133, 0.0 ], [ -60.569622, -31.712255, 0.0 ], [ -60.569623, -31.71227, 0.0 ], [ -60.569622, -31.712306, 0.0 ], [ -60.569617, -31.71233, 0.0 ], [ -60.569571, -31.7125, 0.0 ], [ -60.569558, -31.712533, 0.0 ], [ -60.569529, -31.712595, 0.0 ], [ -60.569528, -31.712598, 0.0 ], [ -60.569507, -31.712644, 0.0 ], [ -60.569505, -31.712647, 0.0 ], [ -60.569485, -31.712693, 0.0 ], [ -60.569483, -31.712696, 0.0 ], [ -60.56947, -31.712726, 0.0 ], [ -60.56945, -31.712762, 0.0 ], [ -60.569437, -31.712781, 0.0 ], [ -60.56943, -31.712791, 0.0 ], [ -60.569407, -31.71282, 0.0 ], [ -60.569399, -31.71283, 0.0 ], [ -60.569375, -31.712858, 0.0 ], [ -60.569367, -31.712867, 0.0 ], [ -60.569356, -31.712875, 0.0 ], [ -60.569341, -31.712886, 0.0 ], [ -60.569301, -31.712917, 0.0 ], [ -60.5693, -31.712917, 0.0 ], [ -60.568847, -31.71313, 0.0 ], [ -60.568193, -31.713437, 0.0 ], [ -60.568183, -31.713442, 0.0 ], [ -60.567774, -31.713644, 0.0 ], [ -60.5674, -31.713247, 0.0 ], [ -60.567363, -31.713211, 0.0 ] ] ] } },
{ "type": "Feature", "properties": { "Name": "Giachino" }, "geometry": { "type": "Polygon", "coordinates": [ [ [ -60.540959, -31.735567, 0.0 ], [ -60.540958, -31.735565, 0.0 ], [ -60.540953, -31.735556, 0.0 ], [ -60.540948, -31.735547, 0.0 ], [ -60.540945, -31.735539, 0.0 ], [ -60.540939, -31.735523, 0.0 ], [ -60.540937, -31.735517, 0.0 ], [ -60.540933, -31.735511, 0.0 ], [ -60.540931, -31.735505, 0.0 ], [ -60.540927, -31.7355, 0.0 ], [ -60.54092, -31.735495, 0.0 ], [ -60.540915, -31.735489, 0.0 ], [ -60.540909, -31.735485, 0.0 ], [ -60.540901, -31.73548, 0.0 ], [ -60.540897, -31.735475, 0.0 ], [ -60.540895, -31.735469, 0.0 ], [ -60.540894, -31.735463, 0.0 ], [ -60.540894, -31.735456, 0.0 ], [ -60.540895, -31.73545, 0.0 ], [ -60.540897, -31.735444, 0.0 ], [ -60.540898, -31.735438, 0.0 ], [ -60.540901, -31.735432, 0.0 ], [ -60.540904, -31.735427, 0.0 ], [ -60.540907, -31.735421, 0.0 ], [ -60.540912, -31.735415, 0.0 ], [ -60.54092, -31.735408, 0.0 ], [ -60.540926, -31.735405, 0.0 ], [ -60.540936, -31.735401, 0.0 ], [ -60.540943, -31.7354, 0.0 ], [ -60.540948, -31.735396, 0.0 ], [ -60.540953, -31.735391, 0.0 ], [ -60.540958, -31.735386, 0.0 ], [ -60.540965, -31.735382, 0.0 ], [ -60.540971, -31.735377, 0.0 ], [ -60.540985, -31.735361, 0.0 ], [ -60.54099, -31.735356, 0.0 ], [ -60.540997, -31.735351, 0.0 ], [ -60.541004, -31.735346, 0.0 ], [ -60.54101, -31.735341, 0.0 ], [ -60.54102, -31.735334, 0.0 ], [ -60.541024, -31.73533, 0.0 ], [ -60.54103, -31.735326, 0.0 ], [ -60.541031, -31.735325, 0.0 ], [ -60.541034, -31.735321, 0.0 ], [ -60.541038, -31.735315, 0.0 ], [ -60.541041, -31.73531, 0.0 ], [ -60.541044, -31.735304, 0.0 ], [ -60.541047, -31.735297, 0.0 ], [ -60.541052, -31.735289, 0.0 ], [ -60.541068, -31.735273, 0.0 ], [ -60.541077, -31.735262, 0.0 ], [ -60.541082, -31.735257, 0.0 ], [ -60.541088, -31.735254, 0.0 ], [ -60.541094, -31.73525, 0.0 ], [ -60.541107, -31.735243, 0.0 ], [ -60.541119, -31.735236, 0.0 ], [ -60.541127, -31.735226, 0.0 ], [ -60.541131, -31.735218, 0.0 ], [ -60.541134, -31.735212, 0.0 ], [ -60.541136, -31.735207, 0.0 ], [ -60.54114, -31.735198, 0.0 ], [ -60.541144, -31.735186, 0.0 ], [ -60.541144, -31.73518, 0.0 ], [ -60.541145, -31.735174, 0.0 ], [ -60.541144, -31.735167, 0.0 ], [ -60.541211, -31.735115, 0.0 ], [ -60.541369, -31.735069, 0.0 ], [ -60.541431, -31.734984, 0.0 ], [ -60.541393, -31.734855, 0.0 ], [ -60.541521, -31.734809, 0.0 ], [ -60.541615, -31.734776, 0.0 ], [ -60.541745, -31.73473, 0.0 ], [ -60.541992, -31.734647, 0.0 ], [ -60.542646, -31.734396, 0.0 ], [ -60.542911, -31.734264, 0.0 ], [ -60.543206, -31.734083, 0.0 ], [ -60.544502, -31.735762, 0.0 ], [ -60.54333, -31.736369, 0.0 ], [ -60.542569, -31.736762, 0.0 ], [ -60.542405, -31.736842, 0.0 ], [ -60.541836, -31.737124, 0.0 ], [ -60.541572, -31.737643, 0.0 ], [ -60.54092, -31.738021, 0.0 ], [ -60.54023, -31.736995, 0.0 ], [ -60.540467, -31.736777, 0.0 ], [ -60.540533, -31.736663, 0.0 ], [ -60.540514, -31.736585, 0.0 ], [ -60.540623, -31.736463, 0.0 ], [ -60.540702, -31.736416, 0.0 ], [ -60.540773, -31.736367, 0.0 ], [ -60.540586, -31.736188, 0.0 ], [ -60.540592, -31.736182, 0.0 ], [ -60.540595, -31.736169, 0.0 ], [ -60.540597, -31.736163, 0.0 ], [ -60.540597, -31.736156, 0.0 ], [ -60.540602, -31.736152, 0.0 ], [ -60.540607, -31.736147, 0.0 ], [ -60.540612, -31.736144, 0.0 ], [ -60.540615, -31.736138, 0.0 ], [ -60.540616, -31.736133, 0.0 ], [ -60.540616, -31.736127, 0.0 ], [ -60.540613, -31.736121, 0.0 ], [ -60.540613, -31.736115, 0.0 ], [ -60.540612, -31.736109, 0.0 ], [ -60.540613, -31.736102, 0.0 ], [ -60.540612, -31.736096, 0.0 ], [ -60.540614, -31.736089, 0.0 ], [ -60.540616, -31.736083, 0.0 ], [ -60.54062, -31.736079, 0.0 ], [ -60.540625, -31.736075, 0.0 ], [ -60.540631, -31.736071, 0.0 ], [ -60.540637, -31.736066, 0.0 ], [ -60.540644, -31.736059, 0.0 ], [ -60.540648, -31.736051, 0.0 ], [ -60.540654, -31.736045, 0.0 ], [ -60.540662, -31.736031, 0.0 ], [ -60.540667, -31.736023, 0.0 ], [ -60.540673, -31.736017, 0.0 ], [ -60.540679, -31.73601, 0.0 ], [ -60.540686, -31.736005, 0.0 ], [ -60.540694, -31.735999, 0.0 ], [ -60.540701, -31.735994, 0.0 ], [ -60.540719, -31.735981, 0.0 ], [ -60.540726, -31.735976, 0.0 ], [ -60.540731, -31.735972, 0.0 ], [ -60.540735, -31.735967, 0.0 ], [ -60.540741, -31.735963, 0.0 ], [ -60.540746, -31.735959, 0.0 ], [ -60.540765, -31.735948, 0.0 ], [ -60.540775, -31.735944, 0.0 ], [ -60.540785, -31.735937, 0.0 ], [ -60.540791, -31.735934, 0.0 ], [ -60.540795, -31.735929, 0.0 ], [ -60.540803, -31.735924, 0.0 ], [ -60.540811, -31.735917, 0.0 ], [ -60.540817, -31.73591, 0.0 ], [ -60.540825, -31.735904, 0.0 ], [ -60.540842, -31.735894, 0.0 ], [ -60.540848, -31.735891, 0.0 ], [ -60.540855, -31.735887, 0.0 ], [ -60.540862, -31.735881, 0.0 ], [ -60.540868, -31.735877, 0.0 ], [ -60.540878, -31.735871, 0.0 ], [ -60.540884, -31.735867, 0.0 ], [ -60.540892, -31.735863, 0.0 ], [ -60.540901, -31.735859, 0.0 ], [ -60.54091, -31.735854, 0.0 ], [ -60.540918, -31.73585, 0.0 ], [ -60.540927, -31.735845, 0.0 ], [ -60.540932, -31.73584, 0.0 ], [ -60.540944, -31.735831, 0.0 ], [ -60.540955, -31.735826, 0.0 ], [ -60.540965, -31.735823, 0.0 ], [ -60.540975, -31.735819, 0.0 ], [ -60.54098, -31.735813, 0.0 ], [ -60.540991, -31.7358, 0.0 ], [ -60.540998, -31.735795, 0.0 ], [ -60.541006, -31.735791, 0.0 ], [ -60.541012, -31.735789, 0.0 ], [ -60.541017, -31.735785, 0.0 ], [ -60.541022, -31.735779, 0.0 ], [ -60.541026, -31.735775, 0.0 ], [ -60.541027, -31.735766, 0.0 ], [ -60.541029, -31.735757, 0.0 ], [ -60.541033, -31.73575, 0.0 ], [ -60.541037, -31.735743, 0.0 ], [ -60.54104, -31.735737, 0.0 ], [ -60.54104, -31.735731, 0.0 ], [ -60.541038, -31.735726, 0.0 ], [ -60.541037, -31.735721, 0.0 ], [ -60.541036, -31.735715, 0.0 ], [ -60.541033, -31.735709, 0.0 ], [ -60.541032, -31.735702, 0.0 ], [ -60.54103, -31.735697, 0.0 ], [ -60.541029, -31.735691, 0.0 ], [ -60.541026, -31.735682, 0.0 ], [ -60.54102, -31.735676, 0.0 ], [ -60.541015, -31.73567, 0.0 ], [ -60.541012, -31.735664, 0.0 ], [ -60.54101, -31.735658, 0.0 ], [ -60.541011, -31.735653, 0.0 ], [ -60.541012, -31.735647, 0.0 ], [ -60.541012, -31.735641, 0.0 ], [ -60.54101, -31.735635, 0.0 ], [ -60.541006, -31.73563, 0.0 ], [ -60.541, -31.735623, 0.0 ], [ -60.540994, -31.735615, 0.0 ], [ -60.540989, -31.73561, 0.0 ], [ -60.540985, -31.735606, 0.0 ], [ -60.540979, -31.735598, 0.0 ], [ -60.540974, -31.735591, 0.0 ], [ -60.540969, -31.735581, 0.0 ], [ -60.540963, -31.735574, 0.0 ], [ -60.540959, -31.735567, 0.0 ] ] ] } },
{ "type": "Feature", "properties": { "Name": "Parque Urquiza" }, "geometry": { "type": "Polygon", "coordinates": [ [ [ -60.525767, -31.719215, 0.0 ], [ -60.527327, -31.718961, 0.0 ], [ -60.527926, -31.718863, 0.0 ], [ -60.52947, -31.718709, 0.0 ], [ -60.530213, -31.718527, 0.0 ], [ -60.531051, -31.718214, 0.0 ], [ -60.532022, -31.717981, 0.0 ], [ -60.534004, -31.717549, 0.0 ], [ -60.535031, -31.717105, 0.0 ], [ -60.535792, -31.716677, 0.0 ], [ -60.536647, -31.716168, 0.0 ], [ -60.537472, -31.716112, 0.0 ], [ -60.538167, -31.716193, 0.0 ], [ -60.539159, -31.716643, 0.0 ], [ -60.540323, -31.717288, 0.0 ], [ -60.540455, -31.717497, 0.0 ], [ -60.540301, -31.71777, 0.0 ], [ -60.540032, -31.717848, 0.0 ], [ -60.539516, -31.717718, 0.0 ], [ -60.539421, -31.718263, 0.0 ], [ -60.539174, -31.7185, 0.0 ], [ -60.540333, -31.719791, 0.0 ], [ -60.540394, -31.71986, 0.0 ], [ -60.540393, -31.719861, 0.0 ], [ -60.540011, -31.720541, 0.0 ], [ -60.537517, -31.721497, 0.0 ], [ -60.537768, -31.72192, 0.0 ], [ -60.537009, -31.722673, 0.0 ], [ -60.536077, -31.723182, 0.0 ], [ -60.537311, -31.72609, 0.0 ], [ -60.537271, -31.72609, 0.0 ], [ -60.535545, -31.726597, 0.0 ], [ -60.528619, -31.728628, 0.0 ], [ -60.528222, -31.727444, 0.0 ], [ -60.526156, -31.722442, 0.0 ], [ -60.526125, -31.722327, 0.0 ], [ -60.525808, -31.721572, 0.0 ], [ -60.525623, -31.721341, 0.0 ], [ -60.525286, -31.721283, 0.0 ], [ -60.524934, -31.721261, 0.0 ], [ -60.524788, -31.721162, 0.0 ], [ -60.524893, -31.721008, 0.0 ], [ -60.525145, -31.720879, 0.0 ], [ -60.525384, -31.720672, 0.0 ], [ -60.525404, -31.72041, 0.0 ], [ -60.525244, -31.720181, 0.0 ], [ -60.524984, -31.720086, 0.0 ], [ -60.524597, -31.719948, 0.0 ], [ -60.52439, -31.719766, 0.0 ], [ -60.52425, -31.719551, 0.0 ], [ -60.525767, -31.719215, 0.0 ] ] ] } },
{ "type": "Feature", "properties": { "Name": "Malvinas Argentinas" }, "geometry": { "type": "Polygon", "coordinates": [ [ [ -60.551726, -31.724427, 0.0 ], [ -60.552284, -31.725369, 0.0 ], [ -60.552597, -31.726062, 0.0 ], [ -60.552676, -31.726198, 0.0 ], [ -60.552934, -31.726644, 0.0 ], [ -60.553599, -31.727718, 0.0 ], [ -60.553323, -31.72781, 0.0 ], [ -60.552602, -31.728153, 0.0 ], [ -60.550827, -31.725, 0.0 ], [ -60.550884, -31.724861, 0.0 ], [ -60.551726, -31.724427, 0.0 ] ] ] } },
{ "type": "Feature", "properties": { "Name": "Mosconi Viejo" }, "geometry": { "type": "Polygon", "coordinates": [ [ [ -60.560275, -31.725958, 0.0 ], [ -60.558599, -31.725799, 0.0 ], [ -60.558125, -31.725896, 0.0 ], [ -60.554018, -31.727596, 0.0 ], [ -60.553599, -31.727718, 0.0 ], [ -60.552934, -31.726644, 0.0 ], [ -60.552676, -31.726198, 0.0 ], [ -60.552597, -31.726062, 0.0 ], [ -60.552284, -31.725369, 0.0 ], [ -60.551726, -31.724427, 0.0 ], [ -60.551676, -31.72417, 0.0 ], [ -60.552017, -31.724154, 0.0 ], [ -60.55235, -31.724097, 0.0 ], [ -60.552853, -31.723963, 0.0 ], [ -60.553243, -31.723885, 0.0 ], [ -60.553551, -31.723828, 0.0 ], [ -60.554413, -31.723943, 0.0 ], [ -60.55539, -31.724209, 0.0 ], [ -60.560885, -31.722961, 0.0 ], [ -60.561316, -31.724969, 0.0 ], [ -60.561224, -31.725055, 0.0 ], [ -60.561209, -31.72507, 0.0 ], [ -60.561082, -31.7252, 0.0 ], [ -60.560998, -31.725323, 0.0 ], [ -60.560988, -31.72536, 0.0 ], [ -60.56098, -31.725396, 0.0 ], [ -60.560421, -31.725924, 0.0 ], [ -60.560373, -31.72595, 0.0 ], [ -60.560359, -31.725958, 0.0 ], [ -60.560275, -31.725958, 0.0 ] ] ] } },
{ "type": "Feature", "properties": { "Name": "19 de Septiembre" }, "geometry": { "type": "Polygon", "coordinates": [ [ [ -60.50117, -31.746432, 0.0 ], [ -60.501094, -31.746105, 0.0 ], [ -60.500924, -31.745362, 0.0 ], [ -60.501859, -31.745201, 0.0 ], [ -60.506534, -31.744426, 0.0 ], [ -60.506969, -31.744376, 0.0 ], [ -60.509386, -31.743963, 0.0 ], [ -60.51229, -31.743491, 0.0 ], [ -60.512873, -31.746124, 0.0 ], [ -60.511151, -31.746928, 0.0 ], [ -60.510665, -31.747155, 0.0 ], [ -60.510232, -31.747364, 0.0 ], [ -60.50873, -31.748089, 0.0 ], [ -60.507454, -31.748705, 0.0 ], [ -60.507087, -31.748873, 0.0 ], [ -60.505985, -31.749386, 0.0 ], [ -60.505821, -31.749461, 0.0 ], [ -60.505402, -31.749666, 0.0 ], [ -60.504877, -31.750018, 0.0 ], [ -60.50322, -31.751142, 0.0 ], [ -60.502893, -31.749939, 0.0 ], [ -60.502763, -31.749314, 0.0 ], [ -60.50244, -31.748313, 0.0 ], [ -60.502196, -31.747653, 0.0 ], [ -60.501484, -31.747799, 0.0 ], [ -60.50117, -31.746432, 0.0 ] ] ] } },
{ "type": "Feature", "properties": { "Name": "Pablo Balbi" }, "geometry": { "type": "Polygon", "coordinates": [ [ [ -60.547065, -31.724687, 0.0 ], [ -60.547126, -31.724796, 0.0 ], [ -60.547241, -31.724978, 0.0 ], [ -60.54725, -31.725194, 0.0 ], [ -60.547011, -31.725473, 0.0 ], [ -60.547064, -31.725601, 0.0 ], [ -60.547139, -31.725779, 0.0 ], [ -60.547014, -31.726012, 0.0 ], [ -60.546732, -31.726047, 0.0 ], [ -60.546189, -31.72614, 0.0 ], [ -60.54554, -31.726417, 0.0 ], [ -60.545326, -31.726368, 0.0 ], [ -60.544802, -31.726462, 0.0 ], [ -60.544579, -31.726529, 0.0 ], [ -60.54447, -31.726628, 0.0 ], [ -60.544386, -31.726704, 0.0 ], [ -60.544349, -31.727053, 0.0 ], [ -60.544379, -31.727227, 0.0 ], [ -60.544497, -31.727492, 0.0 ], [ -60.544586, -31.727675, 0.0 ], [ -60.544296, -31.727888, 0.0 ], [ -60.543974, -31.728095, 0.0 ], [ -60.543932, -31.728184, 0.0 ], [ -60.543565, -31.728443, 0.0 ], [ -60.543197, -31.728713, 0.0 ], [ -60.542659, -31.728939, 0.0 ], [ -60.542649, -31.728936, 0.0 ], [ -60.5405, -31.729708, 0.0 ], [ -60.539998, -31.72858, 0.0 ], [ -60.540203, -31.728491, 0.0 ], [ -60.541424, -31.727998, 0.0 ], [ -60.541925, -31.727796, 0.0 ], [ -60.542981, -31.727369, 0.0 ], [ -60.542988, -31.727367, 0.0 ], [ -60.542792, -31.727036, 0.0 ], [ -60.5425, -31.726543, 0.0 ], [ -60.542292, -31.726104, 0.0 ], [ -60.542032, -31.725554, 0.0 ], [ -60.541916, -31.725307, 0.0 ], [ -60.541693, -31.72471, 0.0 ], [ -60.54196, -31.72462, 0.0 ], [ -60.542415, -31.724479, 0.0 ], [ -60.543812, -31.724189, 0.0 ], [ -60.544318, -31.723958, 0.0 ], [ -60.544643, -31.723696, 0.0 ], [ -60.544987, -31.72324, 0.0 ], [ -60.545162, -31.723306, 0.0 ], [ -60.545316, -31.72338, 0.0 ], [ -60.545506, -31.723459, 0.0 ], [ -60.545815, -31.723594, 0.0 ], [ -60.546576, -31.72393, 0.0 ], [ -60.546844, -31.724239, 0.0 ], [ -60.547065, -31.724687, 0.0 ] ] ] } },
{ "type": "Feature", "properties": { "Name": "Pagani Chico" }, "geometry": { "type": "Polygon", "coordinates": [ [ [ -60.497193, -31.743215, 0.0 ], [ -60.499333, -31.742401, 0.0 ], [ -60.499971, -31.745487, 0.0 ], [ -60.498544, -31.745708, 0.0 ], [ -60.498448, -31.745617, 0.0 ], [ -60.498471, -31.745614, 0.0 ], [ -60.498457, -31.745597, 0.0 ], [ -60.498458, -31.745591, 0.0 ], [ -60.498455, -31.745584, 0.0 ], [ -60.498449, -31.74558, 0.0 ], [ -60.498443, -31.745577, 0.0 ], [ -60.498437, -31.745574, 0.0 ], [ -60.498428, -31.745566, 0.0 ], [ -60.498416, -31.74556, 0.0 ], [ -60.498412, -31.745556, 0.0 ], [ -60.498395, -31.745544, 0.0 ], [ -60.49839, -31.745541, 0.0 ], [ -60.498386, -31.745535, 0.0 ], [ -60.498345, -31.745491, 0.0 ], [ -60.498341, -31.745485, 0.0 ], [ -60.498337, -31.745481, 0.0 ], [ -60.498334, -31.745475, 0.0 ], [ -60.498325, -31.745467, 0.0 ], [ -60.498309, -31.745447, 0.0 ], [ -60.498305, -31.745443, 0.0 ], [ -60.498295, -31.745435, 0.0 ], [ -60.498291, -31.745431, 0.0 ], [ -60.498288, -31.745425, 0.0 ], [ -60.498283, -31.74542, 0.0 ], [ -60.49828, -31.745416, 0.0 ], [ -60.498273, -31.745406, 0.0 ], [ -60.498267, -31.745401, 0.0 ], [ -60.498262, -31.745398, 0.0 ], [ -60.498257, -31.745392, 0.0 ], [ -60.498253, -31.745387, 0.0 ], [ -60.498249, -31.745383, 0.0 ], [ -60.498246, -31.745378, 0.0 ], [ -60.498241, -31.745373, 0.0 ], [ -60.498239, -31.745368, 0.0 ], [ -60.498235, -31.745356, 0.0 ], [ -60.498233, -31.745349, 0.0 ], [ -60.49823, -31.745344, 0.0 ], [ -60.498227, -31.745337, 0.0 ], [ -60.498226, -31.745332, 0.0 ], [ -60.498223, -31.745326, 0.0 ], [ -60.49822, -31.745321, 0.0 ], [ -60.498219, -31.745315, 0.0 ], [ -60.498217, -31.74531, 0.0 ], [ -60.498213, -31.745304, 0.0 ], [ -60.49821, -31.7453, 0.0 ], [ -60.498202, -31.745291, 0.0 ], [ -60.498197, -31.745286, 0.0 ], [ -60.498182, -31.745266, 0.0 ], [ -60.498175, -31.745256, 0.0 ], [ -60.498171, -31.745251, 0.0 ], [ -60.498165, -31.745246, 0.0 ], [ -60.498162, -31.745241, 0.0 ], [ -60.498159, -31.745236, 0.0 ], [ -60.498156, -31.745231, 0.0 ], [ -60.498151, -31.745225, 0.0 ], [ -60.498148, -31.745219, 0.0 ], [ -60.498145, -31.745212, 0.0 ], [ -60.498143, -31.745207, 0.0 ], [ -60.49814, -31.745202, 0.0 ], [ -60.498135, -31.74519, 0.0 ], [ -60.49813, -31.745172, 0.0 ], [ -60.498127, -31.745166, 0.0 ], [ -60.498126, -31.74516, 0.0 ], [ -60.498126, -31.745154, 0.0 ], [ -60.498127, -31.745149, 0.0 ], [ -60.498127, -31.745143, 0.0 ], [ -60.498128, -31.745138, 0.0 ], [ -60.498128, -31.745132, 0.0 ], [ -60.498126, -31.745126, 0.0 ], [ -60.498124, -31.74512, 0.0 ], [ -60.498122, -31.745115, 0.0 ], [ -60.498119, -31.745109, 0.0 ], [ -60.498116, -31.745103, 0.0 ], [ -60.498114, -31.745098, 0.0 ], [ -60.498111, -31.745092, 0.0 ], [ -60.498103, -31.745075, 0.0 ], [ -60.4981, -31.745069, 0.0 ], [ -60.498098, -31.745063, 0.0 ], [ -60.498094, -31.745058, 0.0 ], [ -60.498084, -31.745049, 0.0 ], [ -60.49808, -31.745046, 0.0 ], [ -60.498076, -31.74504, 0.0 ], [ -60.498067, -31.745029, 0.0 ], [ -60.498061, -31.745019, 0.0 ], [ -60.498057, -31.745014, 0.0 ], [ -60.498053, -31.74501, 0.0 ], [ -60.498046, -31.745, 0.0 ], [ -60.498042, -31.744995, 0.0 ], [ -60.498039, -31.744991, 0.0 ], [ -60.498034, -31.744986, 0.0 ], [ -60.49803, -31.74498, 0.0 ], [ -60.498029, -31.744974, 0.0 ], [ -60.498028, -31.744968, 0.0 ], [ -60.49803, -31.744963, 0.0 ], [ -60.49803, -31.74496, 0.0 ], [ -60.498006, -31.744928, 0.0 ], [ -60.497997, -31.74492, 0.0 ], [ -60.497984, -31.744893, 0.0 ], [ -60.497975, -31.744886, 0.0 ], [ -60.497967, -31.744868, 0.0 ], [ -60.497957, -31.744861, 0.0 ], [ -60.497953, -31.744852, 0.0 ], [ -60.497925, -31.74483, 0.0 ], [ -60.497914, -31.744818, 0.0 ], [ -60.497895, -31.744803, 0.0 ], [ -60.497891, -31.744794, 0.0 ], [ -60.497879, -31.744782, 0.0 ], [ -60.497857, -31.744733, 0.0 ], [ -60.497845, -31.744721, 0.0 ], [ -60.497831, -31.744689, 0.0 ], [ -60.49782, -31.744677, 0.0 ], [ -60.497779, -31.744587, 0.0 ], [ -60.49778, -31.744576, 0.0 ], [ -60.497749, -31.744508, 0.0 ], [ -60.49775, -31.744497, 0.0 ], [ -60.49774, -31.744475, 0.0 ], [ -60.497743, -31.744453, 0.0 ], [ -60.497739, -31.744444, 0.0 ], [ -60.49774, -31.744433, 0.0 ], [ -60.497744, -31.744416, 0.0 ], [ -60.49774, -31.744407, 0.0 ], [ -60.497745, -31.744364, 0.0 ], [ -60.497739, -31.74435, 0.0 ], [ -60.497738, -31.744335, 0.0 ], [ -60.497621, -31.744077, 0.0 ], [ -60.497623, -31.744066, 0.0 ], [ -60.497619, -31.744057, 0.0 ], [ -60.49762, -31.744046, 0.0 ], [ -60.497605, -31.744015, 0.0 ], [ -60.497605, -31.743999, 0.0 ], [ -60.497596, -31.743981, 0.0 ], [ -60.497598, -31.74397, 0.0 ], [ -60.497589, -31.743952, 0.0 ], [ -60.497591, -31.743941, 0.0 ], [ -60.497566, -31.743887, 0.0 ], [ -60.497557, -31.74388, 0.0 ], [ -60.497558, -31.743869, 0.0 ], [ -60.497537, -31.743824, 0.0 ], [ -60.497539, -31.743813, 0.0 ], [ -60.497536, -31.743606, 0.0 ], [ -60.497546, -31.743519, 0.0 ], [ -60.497538, -31.743501, 0.0 ], [ -60.497544, -31.743447, 0.0 ], [ -60.497554, -31.743444, 0.0 ], [ -60.497561, -31.743431, 0.0 ], [ -60.49757, -31.743423, 0.0 ], [ -60.497576, -31.743411, 0.0 ], [ -60.497577, -31.7434, 0.0 ], [ -60.497572, -31.743394, 0.0 ], [ -60.497512, -31.743356, 0.0 ], [ -60.497399, -31.743313, 0.0 ], [ -60.497329, -31.743297, 0.0 ], [ -60.497227, -31.743227, 0.0 ], [ -60.497193, -31.743215, 0.0 ] ] ] } },
{ "type": "Feature", "properties": { "Name": "Dos Arroyos" }, "geometry": { "type": "Polygon", "coordinates": [ [ [ -60.494689, -31.743892, 0.0 ], [ -60.494692, -31.743888, 0.0 ], [ -60.494696, -31.743884, 0.0 ], [ -60.494702, -31.74388, 0.0 ], [ -60.494707, -31.743876, 0.0 ], [ -60.494715, -31.743866, 0.0 ], [ -60.49472, -31.743861, 0.0 ], [ -60.494724, -31.743855, 0.0 ], [ -60.494727, -31.743843, 0.0 ], [ -60.494729, -31.743837, 0.0 ], [ -60.494731, -31.743831, 0.0 ], [ -60.494735, -31.743825, 0.0 ], [ -60.49474, -31.743821, 0.0 ], [ -60.494753, -31.743812, 0.0 ], [ -60.494756, -31.743807, 0.0 ], [ -60.494759, -31.743801, 0.0 ], [ -60.49476, -31.743794, 0.0 ], [ -60.494763, -31.743788, 0.0 ], [ -60.494765, -31.743782, 0.0 ], [ -60.494768, -31.743776, 0.0 ], [ -60.49477, -31.743771, 0.0 ], [ -60.494773, -31.743765, 0.0 ], [ -60.494776, -31.743759, 0.0 ], [ -60.494779, -31.743754, 0.0 ], [ -60.494782, -31.743748, 0.0 ], [ -60.494787, -31.743741, 0.0 ], [ -60.494789, -31.743735, 0.0 ], [ -60.494831, -31.743644, 0.0 ], [ -60.494831, -31.743637, 0.0 ], [ -60.49483, -31.743625, 0.0 ], [ -60.494829, -31.743618, 0.0 ], [ -60.494828, -31.743612, 0.0 ], [ -60.494827, -31.743606, 0.0 ], [ -60.494827, -31.7436, 0.0 ], [ -60.49483, -31.743587, 0.0 ], [ -60.494834, -31.743581, 0.0 ], [ -60.494838, -31.743576, 0.0 ], [ -60.494843, -31.743572, 0.0 ], [ -60.494848, -31.743567, 0.0 ], [ -60.494852, -31.743559, 0.0 ], [ -60.494854, -31.743553, 0.0 ], [ -60.494856, -31.743547, 0.0 ], [ -60.494856, -31.74354, 0.0 ], [ -60.494855, -31.743527, 0.0 ], [ -60.494857, -31.743521, 0.0 ], [ -60.494861, -31.743516, 0.0 ], [ -60.494866, -31.74351, 0.0 ], [ -60.494872, -31.743505, 0.0 ], [ -60.494875, -31.743499, 0.0 ], [ -60.494876, -31.743494, 0.0 ], [ -60.494876, -31.743482, 0.0 ], [ -60.494878, -31.743475, 0.0 ], [ -60.494882, -31.74347, 0.0 ], [ -60.494889, -31.743467, 0.0 ], [ -60.494903, -31.743466, 0.0 ], [ -60.49491, -31.743465, 0.0 ], [ -60.494916, -31.743461, 0.0 ], [ -60.494922, -31.743456, 0.0 ], [ -60.494929, -31.743453, 0.0 ], [ -60.494942, -31.743446, 0.0 ], [ -60.494949, -31.743446, 0.0 ], [ -60.494959, -31.743444, 0.0 ], [ -60.494968, -31.743441, 0.0 ], [ -60.494976, -31.743438, 0.0 ], [ -60.494983, -31.743435, 0.0 ], [ -60.49499, -31.743434, 0.0 ], [ -60.494997, -31.743431, 0.0 ], [ -60.495003, -31.743425, 0.0 ], [ -60.495008, -31.743419, 0.0 ], [ -60.495013, -31.743415, 0.0 ], [ -60.495019, -31.743411, 0.0 ], [ -60.495025, -31.74341, 0.0 ], [ -60.495033, -31.74341, 0.0 ], [ -60.495042, -31.74341, 0.0 ], [ -60.49505, -31.74341, 0.0 ], [ -60.495058, -31.743407, 0.0 ], [ -60.495065, -31.743404, 0.0 ], [ -60.495079, -31.743398, 0.0 ], [ -60.495086, -31.743395, 0.0 ], [ -60.495092, -31.743394, 0.0 ], [ -60.495101, -31.743394, 0.0 ], [ -60.495108, -31.743394, 0.0 ], [ -60.495115, -31.743392, 0.0 ], [ -60.495121, -31.743389, 0.0 ], [ -60.495126, -31.743384, 0.0 ], [ -60.495131, -31.743379, 0.0 ], [ -60.495138, -31.743377, 0.0 ], [ -60.495144, -31.743373, 0.0 ], [ -60.495149, -31.743369, 0.0 ], [ -60.495153, -31.743364, 0.0 ], [ -60.495158, -31.74336, 0.0 ], [ -60.495171, -31.743355, 0.0 ], [ -60.495178, -31.743352, 0.0 ], [ -60.495186, -31.743351, 0.0 ], [ -60.495194, -31.743349, 0.0 ], [ -60.495209, -31.743345, 0.0 ], [ -60.495216, -31.743344, 0.0 ], [ -60.495222, -31.743341, 0.0 ], [ -60.495228, -31.743336, 0.0 ], [ -60.495232, -31.74333, 0.0 ], [ -60.495245, -31.743326, 0.0 ], [ -60.495266, -31.74332, 0.0 ], [ -60.495273, -31.743319, 0.0 ], [ -60.49528, -31.743319, 0.0 ], [ -60.495288, -31.743316, 0.0 ], [ -60.495293, -31.743311, 0.0 ], [ -60.495301, -31.743307, 0.0 ], [ -60.495307, -31.743304, 0.0 ], [ -60.495314, -31.743301, 0.0 ], [ -60.49532, -31.743297, 0.0 ], [ -60.495326, -31.743294, 0.0 ], [ -60.495333, -31.743292, 0.0 ], [ -60.49534, -31.743289, 0.0 ], [ -60.495347, -31.743288, 0.0 ], [ -60.495354, -31.743288, 0.0 ], [ -60.495362, -31.743288, 0.0 ], [ -60.495369, -31.743288, 0.0 ], [ -60.495376, -31.743286, 0.0 ], [ -60.495383, -31.743282, 0.0 ], [ -60.495393, -31.743273, 0.0 ], [ -60.495399, -31.74327, 0.0 ], [ -60.495407, -31.743267, 0.0 ], [ -60.495427, -31.74326, 0.0 ], [ -60.495434, -31.743258, 0.0 ], [ -60.495449, -31.743258, 0.0 ], [ -60.495456, -31.743256, 0.0 ], [ -60.495462, -31.743254, 0.0 ], [ -60.49547, -31.743252, 0.0 ], [ -60.495477, -31.743251, 0.0 ], [ -60.495483, -31.743247, 0.0 ], [ -60.495488, -31.743242, 0.0 ], [ -60.495492, -31.743237, 0.0 ], [ -60.495499, -31.743234, 0.0 ], [ -60.495506, -31.743232, 0.0 ], [ -60.495513, -31.74323, 0.0 ], [ -60.495519, -31.743227, 0.0 ], [ -60.495526, -31.743225, 0.0 ], [ -60.495546, -31.743219, 0.0 ], [ -60.495552, -31.743214, 0.0 ], [ -60.49556, -31.743211, 0.0 ], [ -60.495567, -31.743211, 0.0 ], [ -60.495574, -31.743212, 0.0 ], [ -60.495582, -31.743208, 0.0 ], [ -60.495587, -31.743204, 0.0 ], [ -60.495592, -31.743198, 0.0 ], [ -60.495599, -31.743191, 0.0 ], [ -60.495604, -31.743188, 0.0 ], [ -60.495612, -31.743187, 0.0 ], [ -60.49562, -31.743186, 0.0 ], [ -60.495626, -31.743185, 0.0 ], [ -60.495634, -31.743183, 0.0 ], [ -60.495641, -31.743182, 0.0 ], [ -60.495648, -31.743181, 0.0 ], [ -60.495655, -31.743177, 0.0 ], [ -60.49566, -31.743173, 0.0 ], [ -60.495666, -31.743167, 0.0 ], [ -60.495672, -31.743163, 0.0 ], [ -60.495679, -31.743163, 0.0 ], [ -60.495688, -31.743163, 0.0 ], [ -60.495696, -31.743163, 0.0 ], [ -60.495727, -31.743152, 0.0 ], [ -60.495735, -31.74315, 0.0 ], [ -60.495743, -31.743149, 0.0 ], [ -60.49575, -31.743145, 0.0 ], [ -60.495758, -31.743143, 0.0 ], [ -60.495773, -31.743137, 0.0 ], [ -60.49578, -31.743135, 0.0 ], [ -60.495795, -31.743131, 0.0 ], [ -60.49581, -31.743124, 0.0 ], [ -60.495817, -31.743121, 0.0 ], [ -60.495825, -31.743118, 0.0 ], [ -60.495832, -31.743116, 0.0 ], [ -60.495838, -31.743113, 0.0 ], [ -60.495848, -31.743107, 0.0 ], [ -60.49586, -31.743099, 0.0 ], [ -60.495867, -31.743097, 0.0 ], [ -60.495874, -31.743093, 0.0 ], [ -60.495881, -31.743092, 0.0 ], [ -60.495888, -31.743089, 0.0 ], [ -60.495895, -31.743088, 0.0 ], [ -60.495902, -31.743085, 0.0 ], [ -60.495908, -31.743082, 0.0 ], [ -60.495914, -31.743078, 0.0 ], [ -60.495919, -31.743072, 0.0 ], [ -60.495925, -31.743069, 0.0 ], [ -60.495928, -31.743063, 0.0 ], [ -60.495929, -31.743056, 0.0 ], [ -60.495944, -31.743044, 0.0 ], [ -60.49595, -31.743042, 0.0 ], [ -60.495956, -31.743039, 0.0 ], [ -60.495961, -31.743033, 0.0 ], [ -60.495965, -31.743028, 0.0 ], [ -60.495971, -31.743025, 0.0 ], [ -60.495979, -31.743024, 0.0 ], [ -60.495985, -31.743022, 0.0 ], [ -60.495992, -31.743016, 0.0 ], [ -60.495998, -31.743013, 0.0 ], [ -60.496003, -31.743008, 0.0 ], [ -60.496006, -31.743001, 0.0 ], [ -60.49601, -31.742989, 0.0 ], [ -60.49601, -31.742983, 0.0 ], [ -60.496012, -31.742977, 0.0 ], [ -60.496013, -31.742971, 0.0 ], [ -60.496073, -31.742896, 0.0 ], [ -60.496077, -31.742889, 0.0 ], [ -60.496081, -31.742884, 0.0 ], [ -60.496084, -31.742878, 0.0 ], [ -60.496087, -31.742872, 0.0 ], [ -60.496089, -31.742864, 0.0 ], [ -60.496093, -31.742857, 0.0 ], [ -60.496098, -31.742852, 0.0 ], [ -60.496104, -31.742847, 0.0 ], [ -60.496111, -31.742844, 0.0 ], [ -60.496116, -31.742838, 0.0 ], [ -60.49612, -31.742831, 0.0 ], [ -60.496125, -31.742827, 0.0 ], [ -60.49613, -31.742821, 0.0 ], [ -60.496136, -31.742817, 0.0 ], [ -60.496139, -31.742811, 0.0 ], [ -60.496139, -31.742804, 0.0 ], [ -60.496143, -31.742792, 0.0 ], [ -60.496147, -31.742785, 0.0 ], [ -60.496151, -31.74278, 0.0 ], [ -60.49616, -31.74277, 0.0 ], [ -60.496164, -31.742765, 0.0 ], [ -60.496169, -31.74276, 0.0 ], [ -60.496173, -31.742754, 0.0 ], [ -60.496175, -31.742748, 0.0 ], [ -60.496182, -31.742737, 0.0 ], [ -60.496185, -31.742732, 0.0 ], [ -60.496189, -31.742727, 0.0 ], [ -60.496194, -31.74272, 0.0 ], [ -60.496196, -31.742714, 0.0 ], [ -60.496198, -31.742708, 0.0 ], [ -60.4962, -31.742702, 0.0 ], [ -60.496203, -31.742696, 0.0 ], [ -60.496206, -31.74269, 0.0 ], [ -60.496216, -31.742681, 0.0 ], [ -60.496221, -31.742678, 0.0 ], [ -60.496227, -31.742673, 0.0 ], [ -60.496231, -31.742668, 0.0 ], [ -60.496234, -31.742662, 0.0 ], [ -60.496242, -31.74265, 0.0 ], [ -60.496244, -31.742644, 0.0 ], [ -60.496247, -31.742638, 0.0 ], [ -60.49625, -31.742632, 0.0 ], [ -60.496255, -31.742625, 0.0 ], [ -60.496261, -31.742622, 0.0 ], [ -60.496267, -31.742619, 0.0 ], [ -60.496273, -31.742616, 0.0 ], [ -60.49628, -31.742613, 0.0 ], [ -60.496285, -31.742609, 0.0 ], [ -60.496289, -31.742604, 0.0 ], [ -60.496289, -31.74259, 0.0 ], [ -60.496292, -31.742585, 0.0 ], [ -60.496297, -31.74258, 0.0 ], [ -60.496303, -31.742578, 0.0 ], [ -60.496312, -31.742578, 0.0 ], [ -60.496319, -31.74258, 0.0 ], [ -60.496326, -31.742579, 0.0 ], [ -60.496332, -31.742574, 0.0 ], [ -60.49634, -31.742565, 0.0 ], [ -60.496346, -31.742562, 0.0 ], [ -60.496353, -31.742565, 0.0 ], [ -60.496361, -31.742565, 0.0 ], [ -60.496365, -31.74256, 0.0 ], [ -60.496369, -31.742556, 0.0 ], [ -60.496374, -31.742551, 0.0 ], [ -60.496383, -31.742539, 0.0 ], [ -60.496388, -31.742535, 0.0 ], [ -60.496396, -31.742531, 0.0 ], [ -60.496403, -31.742532, 0.0 ], [ -60.49641, -31.742535, 0.0 ], [ -60.496419, -31.742535, 0.0 ], [ -60.496426, -31.742532, 0.0 ], [ -60.496431, -31.742527, 0.0 ], [ -60.496435, -31.742523, 0.0 ], [ -60.496445, -31.742512, 0.0 ], [ -60.496452, -31.742507, 0.0 ], [ -60.496456, -31.742502, 0.0 ], [ -60.496462, -31.742498, 0.0 ], [ -60.496469, -31.742493, 0.0 ], [ -60.496476, -31.742488, 0.0 ], [ -60.49648, -31.742482, 0.0 ], [ -60.496487, -31.74248, 0.0 ], [ -60.496495, -31.74248, 0.0 ], [ -60.496502, -31.742479, 0.0 ], [ -60.49651, -31.742477, 0.0 ], [ -60.496518, -31.742474, 0.0 ], [ -60.496524, -31.742471, 0.0 ], [ -60.49653, -31.742467, 0.0 ], [ -60.496537, -31.742464, 0.0 ], [ -60.496544, -31.742462, 0.0 ], [ -60.496551, -31.742458, 0.0 ], [ -60.496562, -31.742449, 0.0 ], [ -60.496567, -31.742445, 0.0 ], [ -60.496573, -31.74244, 0.0 ], [ -60.496579, -31.742435, 0.0 ], [ -60.496585, -31.74243, 0.0 ], [ -60.496591, -31.742427, 0.0 ], [ -60.496597, -31.742425, 0.0 ], [ -60.496605, -31.742421, 0.0 ], [ -60.496611, -31.742417, 0.0 ], [ -60.496619, -31.742418, 0.0 ], [ -60.496626, -31.742417, 0.0 ], [ -60.496633, -31.742416, 0.0 ], [ -60.49664, -31.742413, 0.0 ], [ -60.496646, -31.742407, 0.0 ], [ -60.496651, -31.742403, 0.0 ], [ -60.496655, -31.742396, 0.0 ], [ -60.49666, -31.74239, 0.0 ], [ -60.496666, -31.742388, 0.0 ], [ -60.496681, -31.742388, 0.0 ], [ -60.496688, -31.742386, 0.0 ], [ -60.496695, -31.742382, 0.0 ], [ -60.4967, -31.742378, 0.0 ], [ -60.496705, -31.742372, 0.0 ], [ -60.496711, -31.742369, 0.0 ], [ -60.496718, -31.742366, 0.0 ], [ -60.496732, -31.742361, 0.0 ], [ -60.496738, -31.742357, 0.0 ], [ -60.496744, -31.742353, 0.0 ], [ -60.496753, -31.742341, 0.0 ], [ -60.49677, -31.742329, 0.0 ], [ -60.496783, -31.742324, 0.0 ], [ -60.496784, -31.742323, 0.0 ], [ -60.496791, -31.742322, 0.0 ], [ -60.496797, -31.742318, 0.0 ], [ -60.496803, -31.742315, 0.0 ], [ -60.496809, -31.74231, 0.0 ], [ -60.496815, -31.742306, 0.0 ], [ -60.496822, -31.742305, 0.0 ], [ -60.49683, -31.742304, 0.0 ], [ -60.496838, -31.742302, 0.0 ], [ -60.496844, -31.742299, 0.0 ], [ -60.496851, -31.742295, 0.0 ], [ -60.496855, -31.74229, 0.0 ], [ -60.49686, -31.742284, 0.0 ], [ -60.496865, -31.742279, 0.0 ], [ -60.49687, -31.742276, 0.0 ], [ -60.496876, -31.742271, 0.0 ], [ -60.496882, -31.742268, 0.0 ], [ -60.496888, -31.742264, 0.0 ], [ -60.496902, -31.74226, 0.0 ], [ -60.496908, -31.742256, 0.0 ], [ -60.496914, -31.742253, 0.0 ], [ -60.496922, -31.74225, 0.0 ], [ -60.496929, -31.742246, 0.0 ], [ -60.496936, -31.742244, 0.0 ], [ -60.496942, -31.742242, 0.0 ], [ -60.496963, -31.742233, 0.0 ], [ -60.496975, -31.742224, 0.0 ], [ -60.496979, -31.742219, 0.0 ], [ -60.496986, -31.742213, 0.0 ], [ -60.497023, -31.742198, 0.0 ], [ -60.497045, -31.742186, 0.0 ], [ -60.497043, -31.742189, 0.0 ], [ -60.497041, -31.742197, 0.0 ], [ -60.497036, -31.742209, 0.0 ], [ -60.497035, -31.742215, 0.0 ], [ -60.497032, -31.742221, 0.0 ], [ -60.49703, -31.742227, 0.0 ], [ -60.497025, -31.742239, 0.0 ], [ -60.497021, -31.74225, 0.0 ], [ -60.497017, -31.742261, 0.0 ], [ -60.497016, -31.742267, 0.0 ], [ -60.497015, -31.742272, 0.0 ], [ -60.497014, -31.742279, 0.0 ], [ -60.497011, -31.742297, 0.0 ], [ -60.497009, -31.742302, 0.0 ], [ -60.497006, -31.742308, 0.0 ], [ -60.496997, -31.742317, 0.0 ], [ -60.49699, -31.742326, 0.0 ], [ -60.496986, -31.742332, 0.0 ], [ -60.496974, -31.742352, 0.0 ], [ -60.496971, -31.742357, 0.0 ], [ -60.496958, -31.74238, 0.0 ], [ -60.496956, -31.74239, 0.0 ], [ -60.496958, -31.742403, 0.0 ], [ -60.49696, -31.742416, 0.0 ], [ -60.496964, -31.742424, 0.0 ], [ -60.496968, -31.74243, 0.0 ], [ -60.49697, -31.742436, 0.0 ], [ -60.496971, -31.742442, 0.0 ], [ -60.496973, -31.742448, 0.0 ], [ -60.496973, -31.742453, 0.0 ], [ -60.496974, -31.742459, 0.0 ], [ -60.496976, -31.742465, 0.0 ], [ -60.496976, -31.742471, 0.0 ], [ -60.496976, -31.742477, 0.0 ], [ -60.496974, -31.742491, 0.0 ], [ -60.496973, -31.742497, 0.0 ], [ -60.496972, -31.742502, 0.0 ], [ -60.496972, -31.742515, 0.0 ], [ -60.496972, -31.742521, 0.0 ], [ -60.496972, -31.742532, 0.0 ], [ -60.496972, -31.742538, 0.0 ], [ -60.496971, -31.742543, 0.0 ], [ -60.496971, -31.742549, 0.0 ], [ -60.496969, -31.742555, 0.0 ], [ -60.496965, -31.742563, 0.0 ], [ -60.496965, -31.742577, 0.0 ], [ -60.496965, -31.742587, 0.0 ], [ -60.49697, -31.742593, 0.0 ], [ -60.496973, -31.7426, 0.0 ], [ -60.496974, -31.742606, 0.0 ], [ -60.496975, -31.742611, 0.0 ], [ -60.496977, -31.742617, 0.0 ], [ -60.496979, -31.742629, 0.0 ], [ -60.496979, -31.742634, 0.0 ], [ -60.496981, -31.74264, 0.0 ], [ -60.49698, -31.742645, 0.0 ], [ -60.496977, -31.742657, 0.0 ], [ -60.496978, -31.74267, 0.0 ], [ -60.496979, -31.742676, 0.0 ], [ -60.496982, -31.742682, 0.0 ], [ -60.496982, -31.742687, 0.0 ], [ -60.496981, -31.74269, 0.0 ], [ -60.49698, -31.742698, 0.0 ], [ -60.496979, -31.742704, 0.0 ], [ -60.49698, -31.74271, 0.0 ], [ -60.49698, -31.742721, 0.0 ], [ -60.49698, -31.742727, 0.0 ], [ -60.496979, -31.742733, 0.0 ], [ -60.496981, -31.742738, 0.0 ], [ -60.496985, -31.742744, 0.0 ], [ -60.496987, -31.74275, 0.0 ], [ -60.49699, -31.742755, 0.0 ], [ -60.496993, -31.74276, 0.0 ], [ -60.496997, -31.742764, 0.0 ], [ -60.497004, -31.742774, 0.0 ], [ -60.497006, -31.742779, 0.0 ], [ -60.497009, -31.742791, 0.0 ], [ -60.497012, -31.742796, 0.0 ], [ -60.497015, -31.742801, 0.0 ], [ -60.497019, -31.742805, 0.0 ], [ -60.497023, -31.742809, 0.0 ], [ -60.497027, -31.742813, 0.0 ], [ -60.497031, -31.742818, 0.0 ], [ -60.497036, -31.742822, 0.0 ], [ -60.497039, -31.742828, 0.0 ], [ -60.497041, -31.742835, 0.0 ], [ -60.497042, -31.742837, 0.0 ], [ -60.497043, -31.742844, 0.0 ], [ -60.497043, -31.742851, 0.0 ], [ -60.497043, -31.742856, 0.0 ], [ -60.497043, -31.742863, 0.0 ], [ -60.497044, -31.742869, 0.0 ], [ -60.497045, -31.742876, 0.0 ], [ -60.497045, -31.742882, 0.0 ], [ -60.497045, -31.74289, 0.0 ], [ -60.497045, -31.742896, 0.0 ], [ -60.497045, -31.742908, 0.0 ], [ -60.497045, -31.742914, 0.0 ], [ -60.497044, -31.742925, 0.0 ], [ -60.497046, -31.742931, 0.0 ], [ -60.497047, -31.742937, 0.0 ], [ -60.49705, -31.742943, 0.0 ], [ -60.49705, -31.742949, 0.0 ], [ -60.497052, -31.742956, 0.0 ], [ -60.497052, -31.742962, 0.0 ], [ -60.497053, -31.742968, 0.0 ], [ -60.497052, -31.74298, 0.0 ], [ -60.497053, -31.742985, 0.0 ], [ -60.497058, -31.742997, 0.0 ], [ -60.497059, -31.743003, 0.0 ], [ -60.497061, -31.743008, 0.0 ], [ -60.497064, -31.743013, 0.0 ], [ -60.497067, -31.743018, 0.0 ], [ -60.497069, -31.743024, 0.0 ], [ -60.497069, -31.743029, 0.0 ], [ -60.497069, -31.743036, 0.0 ], [ -60.497069, -31.743048, 0.0 ], [ -60.497067, -31.743072, 0.0 ], [ -60.497064, -31.743077, 0.0 ], [ -60.497065, -31.743085, 0.0 ], [ -60.497065, -31.743091, 0.0 ], [ -60.497067, -31.743095, 0.0 ], [ -60.497069, -31.743101, 0.0 ], [ -60.497074, -31.743142, 0.0 ], [ -60.497133, -31.743194, 0.0 ], [ -60.497193, -31.743215, 0.0 ], [ -60.497227, -31.743227, 0.0 ], [ -60.497329, -31.743297, 0.0 ], [ -60.497399, -31.743313, 0.0 ], [ -60.497512, -31.743356, 0.0 ], [ -60.497572, -31.743394, 0.0 ], [ -60.497577, -31.7434, 0.0 ], [ -60.497576, -31.743411, 0.0 ], [ -60.49757, -31.743423, 0.0 ], [ -60.497561, -31.743431, 0.0 ], [ -60.497554, -31.743444, 0.0 ], [ -60.497544, -31.743447, 0.0 ], [ -60.497538, -31.743501, 0.0 ], [ -60.497546, -31.743519, 0.0 ], [ -60.497536, -31.743606, 0.0 ], [ -60.497539, -31.743813, 0.0 ], [ -60.497537, -31.743824, 0.0 ], [ -60.497558, -31.743869, 0.0 ], [ -60.497557, -31.74388, 0.0 ], [ -60.497566, -31.743887, 0.0 ], [ -60.497591, -31.743941, 0.0 ], [ -60.497589, -31.743952, 0.0 ], [ -60.497598, -31.74397, 0.0 ], [ -60.497596, -31.743981, 0.0 ], [ -60.497605, -31.743999, 0.0 ], [ -60.497605, -31.744015, 0.0 ], [ -60.49762, -31.744046, 0.0 ], [ -60.497619, -31.744057, 0.0 ], [ -60.497623, -31.744066, 0.0 ], [ -60.497621, -31.744077, 0.0 ], [ -60.497738, -31.744335, 0.0 ], [ -60.497739, -31.74435, 0.0 ], [ -60.497745, -31.744364, 0.0 ], [ -60.49774, -31.744407, 0.0 ], [ -60.497744, -31.744416, 0.0 ], [ -60.49774, -31.744433, 0.0 ], [ -60.497739, -31.744444, 0.0 ], [ -60.497743, -31.744453, 0.0 ], [ -60.49774, -31.744475, 0.0 ], [ -60.49775, -31.744497, 0.0 ], [ -60.497749, -31.744508, 0.0 ], [ -60.49778, -31.744576, 0.0 ], [ -60.497779, -31.744587, 0.0 ], [ -60.49782, -31.744677, 0.0 ], [ -60.497831, -31.744689, 0.0 ], [ -60.497845, -31.744721, 0.0 ], [ -60.497857, -31.744733, 0.0 ], [ -60.497879, -31.744782, 0.0 ], [ -60.497891, -31.744794, 0.0 ], [ -60.497895, -31.744803, 0.0 ], [ -60.497914, -31.744818, 0.0 ], [ -60.497925, -31.74483, 0.0 ], [ -60.497953, -31.744852, 0.0 ], [ -60.497957, -31.744861, 0.0 ], [ -60.497967, -31.744868, 0.0 ], [ -60.497975, -31.744886, 0.0 ], [ -60.497984, -31.744893, 0.0 ], [ -60.497997, -31.74492, 0.0 ], [ -60.498006, -31.744928, 0.0 ], [ -60.49803, -31.74496, 0.0 ], [ -60.49803, -31.744963, 0.0 ], [ -60.498028, -31.744968, 0.0 ], [ -60.498029, -31.744974, 0.0 ], [ -60.49803, -31.74498, 0.0 ], [ -60.498034, -31.744986, 0.0 ], [ -60.498039, -31.744991, 0.0 ], [ -60.498042, -31.744995, 0.0 ], [ -60.498046, -31.745, 0.0 ], [ -60.498053, -31.74501, 0.0 ], [ -60.498057, -31.745014, 0.0 ], [ -60.498061, -31.745019, 0.0 ], [ -60.498067, -31.745029, 0.0 ], [ -60.498076, -31.74504, 0.0 ], [ -60.49808, -31.745046, 0.0 ], [ -60.498084, -31.745049, 0.0 ], [ -60.498094, -31.745058, 0.0 ], [ -60.498098, -31.745063, 0.0 ], [ -60.4981, -31.745069, 0.0 ], [ -60.498103, -31.745075, 0.0 ], [ -60.498111, -31.745092, 0.0 ], [ -60.498114, -31.745098, 0.0 ], [ -60.498116, -31.745103, 0.0 ], [ -60.498119, -31.745109, 0.0 ], [ -60.498122, -31.745115, 0.0 ], [ -60.498124, -31.74512, 0.0 ], [ -60.498126, -31.745126, 0.0 ], [ -60.498128, -31.745132, 0.0 ], [ -60.498128, -31.745138, 0.0 ], [ -60.498127, -31.745143, 0.0 ], [ -60.498127, -31.745149, 0.0 ], [ -60.498126, -31.745154, 0.0 ], [ -60.498126, -31.74516, 0.0 ], [ -60.498127, -31.745166, 0.0 ], [ -60.49813, -31.745172, 0.0 ], [ -60.498135, -31.74519, 0.0 ], [ -60.49814, -31.745202, 0.0 ], [ -60.498143, -31.745207, 0.0 ], [ -60.498145, -31.745212, 0.0 ], [ -60.498148, -31.745219, 0.0 ], [ -60.498151, -31.745225, 0.0 ], [ -60.498156, -31.745231, 0.0 ], [ -60.498159, -31.745236, 0.0 ], [ -60.498162, -31.745241, 0.0 ], [ -60.498165, -31.745246, 0.0 ], [ -60.498171, -31.745251, 0.0 ], [ -60.498175, -31.745256, 0.0 ], [ -60.498182, -31.745266, 0.0 ], [ -60.498197, -31.745286, 0.0 ], [ -60.498202, -31.745291, 0.0 ], [ -60.49821, -31.7453, 0.0 ], [ -60.498213, -31.745304, 0.0 ], [ -60.498217, -31.74531, 0.0 ], [ -60.498219, -31.745315, 0.0 ], [ -60.49822, -31.745321, 0.0 ], [ -60.498223, -31.745326, 0.0 ], [ -60.498226, -31.745332, 0.0 ], [ -60.498227, -31.745337, 0.0 ], [ -60.49823, -31.745344, 0.0 ], [ -60.498233, -31.745349, 0.0 ], [ -60.498235, -31.745356, 0.0 ], [ -60.498239, -31.745368, 0.0 ], [ -60.498241, -31.745373, 0.0 ], [ -60.498246, -31.745378, 0.0 ], [ -60.498249, -31.745383, 0.0 ], [ -60.498253, -31.745387, 0.0 ], [ -60.498257, -31.745392, 0.0 ], [ -60.498262, -31.745398, 0.0 ], [ -60.498267, -31.745401, 0.0 ], [ -60.498273, -31.745406, 0.0 ], [ -60.49828, -31.745416, 0.0 ], [ -60.498283, -31.74542, 0.0 ], [ -60.498288, -31.745425, 0.0 ], [ -60.498291, -31.745431, 0.0 ], [ -60.498295, -31.745435, 0.0 ], [ -60.498305, -31.745443, 0.0 ], [ -60.498309, -31.745447, 0.0 ], [ -60.498325, -31.745467, 0.0 ], [ -60.498334, -31.745475, 0.0 ], [ -60.498337, -31.745481, 0.0 ], [ -60.498341, -31.745485, 0.0 ], [ -60.498345, -31.745491, 0.0 ], [ -60.498386, -31.745535, 0.0 ], [ -60.49839, -31.745541, 0.0 ], [ -60.498395, -31.745544, 0.0 ], [ -60.498412, -31.745556, 0.0 ], [ -60.498416, -31.74556, 0.0 ], [ -60.498428, -31.745566, 0.0 ], [ -60.498437, -31.745574, 0.0 ], [ -60.498443, -31.745577, 0.0 ], [ -60.498449, -31.74558, 0.0 ], [ -60.498455, -31.745584, 0.0 ], [ -60.498458, -31.745591, 0.0 ], [ -60.498457, -31.745597, 0.0 ], [ -60.498471, -31.745614, 0.0 ], [ -60.498448, -31.745617, 0.0 ], [ -60.498544, -31.745708, 0.0 ], [ -60.495029, -31.746294, 0.0 ], [ -60.494982, -31.746052, 0.0 ], [ -60.495131, -31.745534, 0.0 ], [ -60.49489, -31.744501, 0.0 ], [ -60.494585, -31.744014, 0.0 ], [ -60.494683, -31.743895, 0.0 ], [ -60.494689, -31.743892, 0.0 ] ] ] } },
{ "type": "Feature", "properties": { "Name": "El Morro" }, "geometry": { "type": "Polygon", "coordinates": [ [ [ -60.514952, -31.718138, 0.0 ], [ -60.515103, -31.718119, 0.0 ], [ -60.515561, -31.718061, 0.0 ], [ -60.515647, -31.718093, 0.0 ], [ -60.515849, -31.718058, 0.0 ], [ -60.515891, -31.71806, 0.0 ], [ -60.516103, -31.718056, 0.0 ], [ -60.516292, -31.71809, 0.0 ], [ -60.516371, -31.718104, 0.0 ], [ -60.516798, -31.718193, 0.0 ], [ -60.516561, -31.718828, 0.0 ], [ -60.516394, -31.719103, 0.0 ], [ -60.516382, -31.719123, 0.0 ], [ -60.516271, -31.719315, 0.0 ], [ -60.516241, -31.719368, 0.0 ], [ -60.516021, -31.719719, 0.0 ], [ -60.516005, -31.719745, 0.0 ], [ -60.515943, -31.719752, 0.0 ], [ -60.514699, -31.719893, 0.0 ], [ -60.514704, -31.719919, 0.0 ], [ -60.514815, -31.720524, 0.0 ], [ -60.514985, -31.721348, 0.0 ], [ -60.513747, -31.721755, 0.0 ], [ -60.513629, -31.721789, 0.0 ], [ -60.513617, -31.721793, 0.0 ], [ -60.512924, -31.718363, 0.0 ], [ -60.513706, -31.718206, 0.0 ], [ -60.514156, -31.718247, 0.0 ], [ -60.514696, -31.718164, 0.0 ], [ -60.514952, -31.718134, 0.0 ], [ -60.514952, -31.718138, 0.0 ] ] ] } },
{ "type": "Feature", "properties": { "Name": "El Sol" }, "geometry": { "type": "Polygon", "coordinates": [ [ [ -60.538456, -31.739646, 0.0 ], [ -60.538436, -31.739627, 0.0 ], [ -60.538375, -31.739565, 0.0 ], [ -60.538347, -31.739534, 0.0 ], [ -60.538261, -31.739457, 0.0 ], [ -60.538225, -31.739423, 0.0 ], [ -60.538154, -31.739371, 0.0 ], [ -60.538134, -31.739354, 0.0 ], [ -60.538657, -31.739025, 0.0 ], [ -60.538687, -31.739051, 0.0 ], [ -60.538925, -31.738851, 0.0 ], [ -60.538715, -31.738679, 0.0 ], [ -60.538978, -31.738436, 0.0 ], [ -60.539086, -31.738178, 0.0 ], [ -60.539473, -31.737791, 0.0 ], [ -60.539658, -31.737606, 0.0 ], [ -60.539904, -31.737449, 0.0 ], [ -60.54023, -31.736995, 0.0 ], [ -60.54092, -31.738021, 0.0 ], [ -60.541184, -31.738437, 0.0 ], [ -60.543232, -31.740088, 0.0 ], [ -60.541554, -31.741491, 0.0 ], [ -60.541264, -31.741503, 0.0 ], [ -60.541296, -31.74132, 0.0 ], [ -60.541192, -31.74072, 0.0 ], [ -60.539792, -31.739565, 0.0 ], [ -60.53955, -31.739766, 0.0 ], [ -60.539043, -31.740174, 0.0 ], [ -60.538456, -31.739646, 0.0 ] ] ] } },
{ "type": "Feature", "properties": { "Name": "Libertad" }, "geometry": { "type": "Polygon", "coordinates": [ [ [ -60.537784, -31.738783, 0.0 ], [ -60.537826, -31.738727, 0.0 ], [ -60.536738, -31.737913, 0.0 ], [ -60.537008, -31.737741, 0.0 ], [ -60.537126, -31.737641, 0.0 ], [ -60.537372, -31.737443, 0.0 ], [ -60.537695, -31.737174, 0.0 ], [ -60.538013, -31.736917, 0.0 ], [ -60.538718, -31.736348, 0.0 ], [ -60.539471, -31.735773, 0.0 ], [ -60.539742, -31.735599, 0.0 ], [ -60.540268, -31.735311, 0.0 ], [ -60.540923, -31.735038, 0.0 ], [ -60.541393, -31.734855, 0.0 ], [ -60.541431, -31.734984, 0.0 ], [ -60.541369, -31.735069, 0.0 ], [ -60.541211, -31.735115, 0.0 ], [ -60.541144, -31.735167, 0.0 ], [ -60.541145, -31.735174, 0.0 ], [ -60.541144, -31.73518, 0.0 ], [ -60.541144, -31.735186, 0.0 ], [ -60.54114, -31.735198, 0.0 ], [ -60.541136, -31.735207, 0.0 ], [ -60.541134, -31.735212, 0.0 ], [ -60.541131, -31.735218, 0.0 ], [ -60.541127, -31.735226, 0.0 ], [ -60.541119, -31.735236, 0.0 ], [ -60.541107, -31.735243, 0.0 ], [ -60.541094, -31.73525, 0.0 ], [ -60.541088, -31.735254, 0.0 ], [ -60.541082, -31.735257, 0.0 ], [ -60.541077, -31.735262, 0.0 ], [ -60.541068, -31.735273, 0.0 ], [ -60.541052, -31.735289, 0.0 ], [ -60.541047, -31.735297, 0.0 ], [ -60.541044, -31.735304, 0.0 ], [ -60.541041, -31.73531, 0.0 ], [ -60.541038, -31.735315, 0.0 ], [ -60.541034, -31.735321, 0.0 ], [ -60.541031, -31.735325, 0.0 ], [ -60.54103, -31.735326, 0.0 ], [ -60.541024, -31.73533, 0.0 ], [ -60.54102, -31.735334, 0.0 ], [ -60.54101, -31.735341, 0.0 ], [ -60.541004, -31.735346, 0.0 ], [ -60.540997, -31.735351, 0.0 ], [ -60.54099, -31.735356, 0.0 ], [ -60.540985, -31.735361, 0.0 ], [ -60.540971, -31.735377, 0.0 ], [ -60.540965, -31.735382, 0.0 ], [ -60.540958, -31.735386, 0.0 ], [ -60.540953, -31.735391, 0.0 ], [ -60.540948, -31.735396, 0.0 ], [ -60.540943, -31.7354, 0.0 ], [ -60.540936, -31.735401, 0.0 ], [ -60.540926, -31.735405, 0.0 ], [ -60.54092, -31.735408, 0.0 ], [ -60.540912, -31.735415, 0.0 ], [ -60.540907, -31.735421, 0.0 ], [ -60.540904, -31.735427, 0.0 ], [ -60.540901, -31.735432, 0.0 ], [ -60.540898, -31.735438, 0.0 ], [ -60.540897, -31.735444, 0.0 ], [ -60.540895, -31.73545, 0.0 ], [ -60.540894, -31.735456, 0.0 ], [ -60.540894, -31.735463, 0.0 ], [ -60.540895, -31.735469, 0.0 ], [ -60.540897, -31.735475, 0.0 ], [ -60.540901, -31.73548, 0.0 ], [ -60.540909, -31.735485, 0.0 ], [ -60.540915, -31.735489, 0.0 ], [ -60.54092, -31.735495, 0.0 ], [ -60.540927, -31.7355, 0.0 ], [ -60.540931, -31.735505, 0.0 ], [ -60.540933, -31.735511, 0.0 ], [ -60.540937, -31.735517, 0.0 ], [ -60.540939, -31.735523, 0.0 ], [ -60.540945, -31.735539, 0.0 ], [ -60.540948, -31.735547, 0.0 ], [ -60.540953, -31.735556, 0.0 ], [ -60.540958, -31.735565, 0.0 ], [ -60.540959, -31.735567, 0.0 ], [ -60.540963, -31.735574, 0.0 ], [ -60.540969, -31.735581, 0.0 ], [ -60.540974, -31.735591, 0.0 ], [ -60.540979, -31.735598, 0.0 ], [ -60.540985, -31.735606, 0.0 ], [ -60.540989, -31.73561, 0.0 ], [ -60.540994, -31.735615, 0.0 ], [ -60.541, -31.735623, 0.0 ], [ -60.541006, -31.73563, 0.0 ], [ -60.54101, -31.735635, 0.0 ], [ -60.541012, -31.735641, 0.0 ], [ -60.541012, -31.735647, 0.0 ], [ -60.541011, -31.735653, 0.0 ], [ -60.54101, -31.735658, 0.0 ], [ -60.541012, -31.735664, 0.0 ], [ -60.541015, -31.73567, 0.0 ], [ -60.54102, -31.735676, 0.0 ], [ -60.541026, -31.735682, 0.0 ], [ -60.541029, -31.735691, 0.0 ], [ -60.54103, -31.735697, 0.0 ], [ -60.541032, -31.735702, 0.0 ], [ -60.541033, -31.735709, 0.0 ], [ -60.541036, -31.735715, 0.0 ], [ -60.541037, -31.735721, 0.0 ], [ -60.541038, -31.735726, 0.0 ], [ -60.54104, -31.735731, 0.0 ], [ -60.54104, -31.735737, 0.0 ], [ -60.541037, -31.735743, 0.0 ], [ -60.541033, -31.73575, 0.0 ], [ -60.541029, -31.735757, 0.0 ], [ -60.541027, -31.735766, 0.0 ], [ -60.541026, -31.735775, 0.0 ], [ -60.541022, -31.735779, 0.0 ], [ -60.541017, -31.735785, 0.0 ], [ -60.541012, -31.735789, 0.0 ], [ -60.541006, -31.735791, 0.0 ], [ -60.540998, -31.735795, 0.0 ], [ -60.540991, -31.7358, 0.0 ], [ -60.54098, -31.735813, 0.0 ], [ -60.540975, -31.735819, 0.0 ], [ -60.540965, -31.735823, 0.0 ], [ -60.540955, -31.735826, 0.0 ], [ -60.540944, -31.735831, 0.0 ], [ -60.540932, -31.73584, 0.0 ], [ -60.540927, -31.735845, 0.0 ], [ -60.540918, -31.73585, 0.0 ], [ -60.54091, -31.735854, 0.0 ], [ -60.540901, -31.735859, 0.0 ], [ -60.540892, -31.735863, 0.0 ], [ -60.540884, -31.735867, 0.0 ], [ -60.540878, -31.735871, 0.0 ], [ -60.540868, -31.735877, 0.0 ], [ -60.540862, -31.735881, 0.0 ], [ -60.540855, -31.735887, 0.0 ], [ -60.540848, -31.735891, 0.0 ], [ -60.540842, -31.735894, 0.0 ], [ -60.540825, -31.735904, 0.0 ], [ -60.540817, -31.73591, 0.0 ], [ -60.540811, -31.735917, 0.0 ], [ -60.540803, -31.735924, 0.0 ], [ -60.540795, -31.735929, 0.0 ], [ -60.540791, -31.735934, 0.0 ], [ -60.540785, -31.735937, 0.0 ], [ -60.540775, -31.735944, 0.0 ], [ -60.540765, -31.735948, 0.0 ], [ -60.540746, -31.735959, 0.0 ], [ -60.540741, -31.735963, 0.0 ], [ -60.540735, -31.735967, 0.0 ], [ -60.540731, -31.735972, 0.0 ], [ -60.540726, -31.735976, 0.0 ], [ -60.540719, -31.735981, 0.0 ], [ -60.540701, -31.735994, 0.0 ], [ -60.540694, -31.735999, 0.0 ], [ -60.540686, -31.736005, 0.0 ], [ -60.540679, -31.73601, 0.0 ], [ -60.540673, -31.736017, 0.0 ], [ -60.540667, -31.736023, 0.0 ], [ -60.540662, -31.736031, 0.0 ], [ -60.540654, -31.736045, 0.0 ], [ -60.540648, -31.736051, 0.0 ], [ -60.540644, -31.736059, 0.0 ], [ -60.540637, -31.736066, 0.0 ], [ -60.540631, -31.736071, 0.0 ], [ -60.540625, -31.736075, 0.0 ], [ -60.54062, -31.736079, 0.0 ], [ -60.540616, -31.736083, 0.0 ], [ -60.540614, -31.736089, 0.0 ], [ -60.540612, -31.736096, 0.0 ], [ -60.540613, -31.736102, 0.0 ], [ -60.540612, -31.736109, 0.0 ], [ -60.540613, -31.736115, 0.0 ], [ -60.540613, -31.736121, 0.0 ], [ -60.540616, -31.736127, 0.0 ], [ -60.540616, -31.736133, 0.0 ], [ -60.540615, -31.736138, 0.0 ], [ -60.540612, -31.736144, 0.0 ], [ -60.540607, -31.736147, 0.0 ], [ -60.540602, -31.736152, 0.0 ], [ -60.540597, -31.736156, 0.0 ], [ -60.540597, -31.736163, 0.0 ], [ -60.540595, -31.736169, 0.0 ], [ -60.540592, -31.736182, 0.0 ], [ -60.540586, -31.736188, 0.0 ], [ -60.540773, -31.736367, 0.0 ], [ -60.540702, -31.736416, 0.0 ], [ -60.540623, -31.736463, 0.0 ], [ -60.540514, -31.736585, 0.0 ], [ -60.540533, -31.736663, 0.0 ], [ -60.540467, -31.736777, 0.0 ], [ -60.54023, -31.736995, 0.0 ], [ -60.539904, -31.737449, 0.0 ], [ -60.539658, -31.737606, 0.0 ], [ -60.539473, -31.737791, 0.0 ], [ -60.539086, -31.738178, 0.0 ], [ -60.538978, -31.738436, 0.0 ], [ -60.538715, -31.738679, 0.0 ], [ -60.538618, -31.738713, 0.0 ], [ -60.538763, -31.738852, 0.0 ], [ -60.538764, -31.738854, 0.0 ], [ -60.538758, -31.738857, 0.0 ], [ -60.53875, -31.738855, 0.0 ], [ -60.538741, -31.738857, 0.0 ], [ -60.538735, -31.738859, 0.0 ], [ -60.538726, -31.738861, 0.0 ], [ -60.53872, -31.738864, 0.0 ], [ -60.538703, -31.738866, 0.0 ], [ -60.538696, -31.738869, 0.0 ], [ -60.538685, -31.73887, 0.0 ], [ -60.538678, -31.738873, 0.0 ], [ -60.538659, -31.738876, 0.0 ], [ -60.538501, -31.738725, 0.0 ], [ -60.538431, -31.738779, 0.0 ], [ -60.53854, -31.738882, 0.0 ], [ -60.538525, -31.738882, 0.0 ], [ -60.538517, -31.738883, 0.0 ], [ -60.538507, -31.738883, 0.0 ], [ -60.538491, -31.738886, 0.0 ], [ -60.538482, -31.738885, 0.0 ], [ -60.538474, -31.738886, 0.0 ], [ -60.538466, -31.738885, 0.0 ], [ -60.538449, -31.738887, 0.0 ], [ -60.538441, -31.738886, 0.0 ], [ -60.538429, -31.738887, 0.0 ], [ -60.538421, -31.738888, 0.0 ], [ -60.538411, -31.738888, 0.0 ], [ -60.538405, -31.738889, 0.0 ], [ -60.538347, -31.738833, 0.0 ], [ -60.538011, -31.73898, 0.0 ], [ -60.537969, -31.738942, 0.0 ], [ -60.53786, -31.738843, 0.0 ], [ -60.537816, -31.738808, 0.0 ], [ -60.537784, -31.738783, 0.0 ] ] ] } },
{ "type": "Feature", "properties": { "Name": "Cuarteles" }, "geometry": { "type": "Polygon", "coordinates": [ [ [ -60.532963, -31.746988, 0.0 ], [ -60.532409, -31.746861, 0.0 ], [ -60.532482, -31.746776, 0.0 ], [ -60.532486, -31.746772, 0.0 ], [ -60.532491, -31.746765, 0.0 ], [ -60.532495, -31.74676, 0.0 ], [ -60.532499, -31.746755, 0.0 ], [ -60.532505, -31.746749, 0.0 ], [ -60.53251, -31.746744, 0.0 ], [ -60.532521, -31.746732, 0.0 ], [ -60.53253, -31.746722, 0.0 ], [ -60.532538, -31.746714, 0.0 ], [ -60.532542, -31.746709, 0.0 ], [ -60.532549, -31.746701, 0.0 ], [ -60.53255, -31.746692, 0.0 ], [ -60.532548, -31.746683, 0.0 ], [ -60.532547, -31.746674, 0.0 ], [ -60.532545, -31.746666, 0.0 ], [ -60.532546, -31.746657, 0.0 ], [ -60.532554, -31.746644, 0.0 ], [ -60.532558, -31.74664, 0.0 ], [ -60.532562, -31.746633, 0.0 ], [ -60.532567, -31.746628, 0.0 ], [ -60.53257, -31.746623, 0.0 ], [ -60.532577, -31.746616, 0.0 ], [ -60.532582, -31.746609, 0.0 ], [ -60.532587, -31.746604, 0.0 ], [ -60.532591, -31.746599, 0.0 ], [ -60.532597, -31.746592, 0.0 ], [ -60.532601, -31.746586, 0.0 ], [ -60.532604, -31.74658, 0.0 ], [ -60.532608, -31.746574, 0.0 ], [ -60.532611, -31.746568, 0.0 ], [ -60.532613, -31.746562, 0.0 ], [ -60.532616, -31.746556, 0.0 ], [ -60.532619, -31.74655, 0.0 ], [ -60.532623, -31.746544, 0.0 ], [ -60.532628, -31.746539, 0.0 ], [ -60.532632, -31.746532, 0.0 ], [ -60.532636, -31.746527, 0.0 ], [ -60.53264, -31.746521, 0.0 ], [ -60.532642, -31.746516, 0.0 ], [ -60.532649, -31.746507, 0.0 ], [ -60.532652, -31.746501, 0.0 ], [ -60.532656, -31.746497, 0.0 ], [ -60.532659, -31.746492, 0.0 ], [ -60.532663, -31.746487, 0.0 ], [ -60.532667, -31.746479, 0.0 ], [ -60.532671, -31.746473, 0.0 ], [ -60.532675, -31.746469, 0.0 ], [ -60.532683, -31.74646, 0.0 ], [ -60.532689, -31.746455, 0.0 ], [ -60.532705, -31.746439, 0.0 ], [ -60.53271, -31.746432, 0.0 ], [ -60.532715, -31.746424, 0.0 ], [ -60.53272, -31.746418, 0.0 ], [ -60.532724, -31.746412, 0.0 ], [ -60.532729, -31.746404, 0.0 ], [ -60.532732, -31.746397, 0.0 ], [ -60.532736, -31.746391, 0.0 ], [ -60.532741, -31.746385, 0.0 ], [ -60.532745, -31.746377, 0.0 ], [ -60.532755, -31.746365, 0.0 ], [ -60.532758, -31.74636, 0.0 ], [ -60.532762, -31.746354, 0.0 ], [ -60.532765, -31.74635, 0.0 ], [ -60.532768, -31.746344, 0.0 ], [ -60.532773, -31.746339, 0.0 ], [ -60.532783, -31.746322, 0.0 ], [ -60.532803, -31.746291, 0.0 ], [ -60.532806, -31.746285, 0.0 ], [ -60.53281, -31.746279, 0.0 ], [ -60.532813, -31.746274, 0.0 ], [ -60.532827, -31.746258, 0.0 ], [ -60.53283, -31.746252, 0.0 ], [ -60.532833, -31.746245, 0.0 ], [ -60.532835, -31.746239, 0.0 ], [ -60.532838, -31.746232, 0.0 ], [ -60.532845, -31.746221, 0.0 ], [ -60.532851, -31.746211, 0.0 ], [ -60.532855, -31.746206, 0.0 ], [ -60.532858, -31.746199, 0.0 ], [ -60.532863, -31.746192, 0.0 ], [ -60.532868, -31.746186, 0.0 ], [ -60.532872, -31.746181, 0.0 ], [ -60.532876, -31.746176, 0.0 ], [ -60.532879, -31.746171, 0.0 ], [ -60.532883, -31.746165, 0.0 ], [ -60.532885, -31.746157, 0.0 ], [ -60.532888, -31.746152, 0.0 ], [ -60.532889, -31.746146, 0.0 ], [ -60.532891, -31.746143, 0.0 ], [ -60.532895, -31.746134, 0.0 ], [ -60.532898, -31.74613, 0.0 ], [ -60.532902, -31.746124, 0.0 ], [ -60.532906, -31.746119, 0.0 ], [ -60.532916, -31.746108, 0.0 ], [ -60.532919, -31.746101, 0.0 ], [ -60.532922, -31.746096, 0.0 ], [ -60.532926, -31.746088, 0.0 ], [ -60.532929, -31.746083, 0.0 ], [ -60.532933, -31.746078, 0.0 ], [ -60.532937, -31.746072, 0.0 ], [ -60.532947, -31.746061, 0.0 ], [ -60.532951, -31.746055, 0.0 ], [ -60.532955, -31.746051, 0.0 ], [ -60.532959, -31.746046, 0.0 ], [ -60.532962, -31.746041, 0.0 ], [ -60.532966, -31.746036, 0.0 ], [ -60.53297, -31.74603, 0.0 ], [ -60.532998, -31.746002, 0.0 ], [ -60.533002, -31.745997, 0.0 ], [ -60.533007, -31.745992, 0.0 ], [ -60.533011, -31.745988, 0.0 ], [ -60.533015, -31.745981, 0.0 ], [ -60.533026, -31.74597, 0.0 ], [ -60.533032, -31.745965, 0.0 ], [ -60.533036, -31.74596, 0.0 ], [ -60.533046, -31.74595, 0.0 ], [ -60.533052, -31.74594, 0.0 ], [ -60.533057, -31.745932, 0.0 ], [ -60.533062, -31.745927, 0.0 ], [ -60.533068, -31.745918, 0.0 ], [ -60.533069, -31.74591, 0.0 ], [ -60.533069, -31.745904, 0.0 ], [ -60.533068, -31.745898, 0.0 ], [ -60.533067, -31.745893, 0.0 ], [ -60.533064, -31.745887, 0.0 ], [ -60.533063, -31.74588, 0.0 ], [ -60.53306, -31.745875, 0.0 ], [ -60.533058, -31.745867, 0.0 ], [ -60.533056, -31.74586, 0.0 ], [ -60.533054, -31.745855, 0.0 ], [ -60.533054, -31.745847, 0.0 ], [ -60.533052, -31.745841, 0.0 ], [ -60.533052, -31.745835, 0.0 ], [ -60.533053, -31.745828, 0.0 ], [ -60.533054, -31.745822, 0.0 ], [ -60.533056, -31.745815, 0.0 ], [ -60.533057, -31.745808, 0.0 ], [ -60.533059, -31.745795, 0.0 ], [ -60.53306, -31.745792, 0.0 ], [ -60.53306, -31.74579, 0.0 ], [ -60.533059, -31.745783, 0.0 ], [ -60.533058, -31.745777, 0.0 ], [ -60.533058, -31.74577, 0.0 ], [ -60.533057, -31.745765, 0.0 ], [ -60.533057, -31.745759, 0.0 ], [ -60.533056, -31.745754, 0.0 ], [ -60.533057, -31.745748, 0.0 ], [ -60.533059, -31.745735, 0.0 ], [ -60.533061, -31.745729, 0.0 ], [ -60.533061, -31.745722, 0.0 ], [ -60.533062, -31.74571, 0.0 ], [ -60.533062, -31.745705, 0.0 ], [ -60.533062, -31.745696, 0.0 ], [ -60.533064, -31.745682, 0.0 ], [ -60.533091, -31.745562, 0.0 ], [ -60.533446, -31.745337, 0.0 ], [ -60.533662, -31.745176, 0.0 ], [ -60.53381, -31.745049, 0.0 ], [ -60.533961, -31.744816, 0.0 ], [ -60.534292, -31.744371, 0.0 ], [ -60.534499, -31.743866, 0.0 ], [ -60.534545, -31.743686, 0.0 ], [ -60.5348, -31.743486, 0.0 ], [ -60.535182, -31.742665, 0.0 ], [ -60.535178, -31.742513, 0.0 ], [ -60.535274, -31.742486, 0.0 ], [ -60.535417, -31.742304, 0.0 ], [ -60.535541, -31.742251, 0.0 ], [ -60.535705, -31.742292, 0.0 ], [ -60.535792, -31.742856, 0.0 ], [ -60.536059, -31.744288, 0.0 ], [ -60.536144, -31.744815, 0.0 ], [ -60.536369, -31.745773, 0.0 ], [ -60.536498, -31.746319, 0.0 ], [ -60.536774, -31.747495, 0.0 ], [ -60.536737, -31.747535, 0.0 ], [ -60.536305, -31.748003, 0.0 ], [ -60.536232, -31.748086, 0.0 ], [ -60.535423, -31.747657, 0.0 ], [ -60.534514, -31.747355, 0.0 ], [ -60.534456, -31.746616, 0.0 ], [ -60.533876, -31.747193, 0.0 ], [ -60.532963, -31.746988, 0.0 ] ] ] } },
{ "type": "Feature", "properties": { "Name": "General Belgrano" }, "geometry": { "type": "Polygon", "coordinates": [ [ [ -60.526908, -31.751611, 0.0 ], [ -60.526755, -31.751736, 0.0 ], [ -60.52662, -31.751917, 0.0 ], [ -60.526403, -31.752209, 0.0 ], [ -60.526326, -31.75238, 0.0 ], [ -60.52629, -31.752439, 0.0 ], [ -60.526228, -31.752526, 0.0 ], [ -60.526161, -31.752535, 0.0 ], [ -60.526032, -31.752709, 0.0 ], [ -60.525917, -31.752176, 0.0 ], [ -60.527054, -31.750625, 0.0 ], [ -60.527181, -31.750447, 0.0 ], [ -60.528114, -31.749146, 0.0 ], [ -60.528924, -31.748016, 0.0 ], [ -60.529012, -31.747916, 0.0 ], [ -60.52948, -31.747387, 0.0 ], [ -60.529548, -31.74731, 0.0 ], [ -60.530517, -31.746453, 0.0 ], [ -60.530673, -31.746315, 0.0 ], [ -60.5321, -31.7444, 0.0 ], [ -60.533277, -31.745015, 0.0 ], [ -60.533446, -31.745337, 0.0 ], [ -60.533091, -31.745562, 0.0 ], [ -60.533064, -31.745682, 0.0 ], [ -60.533062, -31.745696, 0.0 ], [ -60.533062, -31.745705, 0.0 ], [ -60.533062, -31.74571, 0.0 ], [ -60.533061, -31.745722, 0.0 ], [ -60.533061, -31.745729, 0.0 ], [ -60.533059, -31.745735, 0.0 ], [ -60.533057, -31.745748, 0.0 ], [ -60.533056, -31.745754, 0.0 ], [ -60.533057, -31.745759, 0.0 ], [ -60.533057, -31.745765, 0.0 ], [ -60.533058, -31.74577, 0.0 ], [ -60.533058, -31.745777, 0.0 ], [ -60.533059, -31.745783, 0.0 ], [ -60.53306, -31.74579, 0.0 ], [ -60.53306, -31.745792, 0.0 ], [ -60.533059, -31.745795, 0.0 ], [ -60.533057, -31.745808, 0.0 ], [ -60.533056, -31.745815, 0.0 ], [ -60.533054, -31.745822, 0.0 ], [ -60.533053, -31.745828, 0.0 ], [ -60.533052, -31.745835, 0.0 ], [ -60.533052, -31.745841, 0.0 ], [ -60.533054, -31.745847, 0.0 ], [ -60.533054, -31.745855, 0.0 ], [ -60.533056, -31.74586, 0.0 ], [ -60.533058, -31.745867, 0.0 ], [ -60.53306, -31.745875, 0.0 ], [ -60.533063, -31.74588, 0.0 ], [ -60.533064, -31.745887, 0.0 ], [ -60.533067, -31.745893, 0.0 ], [ -60.533068, -31.745898, 0.0 ], [ -60.533069, -31.745904, 0.0 ], [ -60.533069, -31.74591, 0.0 ], [ -60.533068, -31.745918, 0.0 ], [ -60.533062, -31.745927, 0.0 ], [ -60.533057, -31.745932, 0.0 ], [ -60.533052, -31.74594, 0.0 ], [ -60.533046, -31.74595, 0.0 ], [ -60.533036, -31.74596, 0.0 ], [ -60.533032, -31.745965, 0.0 ], [ -60.533026, -31.74597, 0.0 ], [ -60.533015, -31.745981, 0.0 ], [ -60.533011, -31.745988, 0.0 ], [ -60.533007, -31.745992, 0.0 ], [ -60.533002, -31.745997, 0.0 ], [ -60.532998, -31.746002, 0.0 ], [ -60.53297, -31.74603, 0.0 ], [ -60.532966, -31.746036, 0.0 ], [ -60.532962, -31.746041, 0.0 ], [ -60.532959, -31.746046, 0.0 ], [ -60.532955, -31.746051, 0.0 ], [ -60.532951, -31.746055, 0.0 ], [ -60.532947, -31.746061, 0.0 ], [ -60.532937, -31.746072, 0.0 ], [ -60.532933, -31.746078, 0.0 ], [ -60.532929, -31.746083, 0.0 ], [ -60.532926, -31.746088, 0.0 ], [ -60.532922, -31.746096, 0.0 ], [ -60.532919, -31.746101, 0.0 ], [ -60.532916, -31.746108, 0.0 ], [ -60.532906, -31.746119, 0.0 ], [ -60.532902, -31.746124, 0.0 ], [ -60.532898, -31.74613, 0.0 ], [ -60.532895, -31.746134, 0.0 ], [ -60.532891, -31.746143, 0.0 ], [ -60.532889, -31.746146, 0.0 ], [ -60.532888, -31.746152, 0.0 ], [ -60.532885, -31.746157, 0.0 ], [ -60.532883, -31.746165, 0.0 ], [ -60.532879, -31.746171, 0.0 ], [ -60.532876, -31.746176, 0.0 ], [ -60.532872, -31.746181, 0.0 ], [ -60.532868, -31.746186, 0.0 ], [ -60.532863, -31.746192, 0.0 ], [ -60.532858, -31.746199, 0.0 ], [ -60.532855, -31.746206, 0.0 ], [ -60.532851, -31.746211, 0.0 ], [ -60.532845, -31.746221, 0.0 ], [ -60.532838, -31.746232, 0.0 ], [ -60.532835, -31.746239, 0.0 ], [ -60.532833, -31.746245, 0.0 ], [ -60.53283, -31.746252, 0.0 ], [ -60.532827, -31.746258, 0.0 ], [ -60.532813, -31.746274, 0.0 ], [ -60.53281, -31.746279, 0.0 ], [ -60.532806, -31.746285, 0.0 ], [ -60.532803, -31.746291, 0.0 ], [ -60.532783, -31.746322, 0.0 ], [ -60.532773, -31.746339, 0.0 ], [ -60.532768, -31.746344, 0.0 ], [ -60.532765, -31.74635, 0.0 ], [ -60.532762, -31.746354, 0.0 ], [ -60.532758, -31.74636, 0.0 ], [ -60.532755, -31.746365, 0.0 ], [ -60.532745, -31.746377, 0.0 ], [ -60.532741, -31.746385, 0.0 ], [ -60.532736, -31.746391, 0.0 ], [ -60.532732, -31.746397, 0.0 ], [ -60.532729, -31.746404, 0.0 ], [ -60.532724, -31.746412, 0.0 ], [ -60.53272, -31.746418, 0.0 ], [ -60.532715, -31.746424, 0.0 ], [ -60.53271, -31.746432, 0.0 ], [ -60.532705, -31.746439, 0.0 ], [ -60.532689, -31.746455, 0.0 ], [ -60.532683, -31.74646, 0.0 ], [ -60.532675, -31.746469, 0.0 ], [ -60.532671, -31.746473, 0.0 ], [ -60.532667, -31.746479, 0.0 ], [ -60.532663, -31.746487, 0.0 ], [ -60.532659, -31.746492, 0.0 ], [ -60.532656, -31.746497, 0.0 ], [ -60.532652, -31.746501, 0.0 ], [ -60.532649, -31.746507, 0.0 ], [ -60.532642, -31.746516, 0.0 ], [ -60.53264, -31.746521, 0.0 ], [ -60.532636, -31.746527, 0.0 ], [ -60.532632, -31.746532, 0.0 ], [ -60.532628, -31.746539, 0.0 ], [ -60.532623, -31.746544, 0.0 ], [ -60.532619, -31.74655, 0.0 ], [ -60.532616, -31.746556, 0.0 ], [ -60.532613, -31.746562, 0.0 ], [ -60.532611, -31.746568, 0.0 ], [ -60.532608, -31.746574, 0.0 ], [ -60.532604, -31.74658, 0.0 ], [ -60.532601, -31.746586, 0.0 ], [ -60.532597, -31.746592, 0.0 ], [ -60.532591, -31.746599, 0.0 ], [ -60.532587, -31.746604, 0.0 ], [ -60.532582, -31.746609, 0.0 ], [ -60.532577, -31.746616, 0.0 ], [ -60.53257, -31.746623, 0.0 ], [ -60.532567, -31.746628, 0.0 ], [ -60.532562, -31.746633, 0.0 ], [ -60.532558, -31.74664, 0.0 ], [ -60.532554, -31.746644, 0.0 ], [ -60.532546, -31.746657, 0.0 ], [ -60.532545, -31.746666, 0.0 ], [ -60.532547, -31.746674, 0.0 ], [ -60.532548, -31.746683, 0.0 ], [ -60.53255, -31.746692, 0.0 ], [ -60.532549, -31.746701, 0.0 ], [ -60.532542, -31.746709, 0.0 ], [ -60.532538, -31.746714, 0.0 ], [ -60.53253, -31.746722, 0.0 ], [ -60.532521, -31.746732, 0.0 ], [ -60.53251, -31.746744, 0.0 ], [ -60.532505, -31.746749, 0.0 ], [ -60.532499, -31.746755, 0.0 ], [ -60.532495, -31.74676, 0.0 ], [ -60.532491, -31.746765, 0.0 ], [ -60.532486, -31.746772, 0.0 ], [ -60.532482, -31.746776, 0.0 ], [ -60.532409, -31.746861, 0.0 ], [ -60.532376, -31.747516, 0.0 ], [ -60.532372, -31.747526, 0.0 ], [ -60.532381, -31.747526, 0.0 ], [ -60.532377, -31.747551, 0.0 ], [ -60.53237, -31.747578, 0.0 ], [ -60.532353, -31.747629, 0.0 ], [ -60.532334, -31.74768, 0.0 ], [ -60.532313, -31.747731, 0.0 ], [ -60.532305, -31.747749, 0.0 ], [ -60.532295, -31.747767, 0.0 ], [ -60.532286, -31.747785, 0.0 ], [ -60.532275, -31.747803, 0.0 ], [ -60.532264, -31.74782, 0.0 ], [ -60.532257, -31.747829, 0.0 ], [ -60.532251, -31.747838, 0.0 ], [ -60.532243, -31.747846, 0.0 ], [ -60.532236, -31.747855, 0.0 ], [ -60.532228, -31.747863, 0.0 ], [ -60.53222, -31.747871, 0.0 ], [ -60.532217, -31.747874, 0.0 ], [ -60.532123, -31.748084, 0.0 ], [ -60.531627, -31.748725, 0.0 ], [ -60.531617, -31.748732, 0.0 ], [ -60.531604, -31.748745, 0.0 ], [ -60.531588, -31.748757, 0.0 ], [ -60.531581, -31.748769, 0.0 ], [ -60.531573, -31.748772, 0.0 ], [ -60.531568, -31.748778, 0.0 ], [ -60.531567, -31.748783, 0.0 ], [ -60.531563, -31.748788, 0.0 ], [ -60.53156, -31.748793, 0.0 ], [ -60.531556, -31.748798, 0.0 ], [ -60.531552, -31.748803, 0.0 ], [ -60.531547, -31.748809, 0.0 ], [ -60.531544, -31.748814, 0.0 ], [ -60.53154, -31.748818, 0.0 ], [ -60.531526, -31.748834, 0.0 ], [ -60.531522, -31.748838, 0.0 ], [ -60.531516, -31.748843, 0.0 ], [ -60.531511, -31.748848, 0.0 ], [ -60.531505, -31.748853, 0.0 ], [ -60.531502, -31.748858, 0.0 ], [ -60.531499, -31.748864, 0.0 ], [ -60.531492, -31.74887, 0.0 ], [ -60.531486, -31.748877, 0.0 ], [ -60.53148, -31.748882, 0.0 ], [ -60.53147, -31.748893, 0.0 ], [ -60.531467, -31.748899, 0.0 ], [ -60.531463, -31.748904, 0.0 ], [ -60.531458, -31.748915, 0.0 ], [ -60.531456, -31.748921, 0.0 ], [ -60.531451, -31.748933, 0.0 ], [ -60.531448, -31.748939, 0.0 ], [ -60.531444, -31.748946, 0.0 ], [ -60.53144, -31.748952, 0.0 ], [ -60.531437, -31.748957, 0.0 ], [ -60.531433, -31.748962, 0.0 ], [ -60.531427, -31.748966, 0.0 ], [ -60.531422, -31.748969, 0.0 ], [ -60.531414, -31.748975, 0.0 ], [ -60.531408, -31.748978, 0.0 ], [ -60.531403, -31.748983, 0.0 ], [ -60.531397, -31.748986, 0.0 ], [ -60.531392, -31.74899, 0.0 ], [ -60.531387, -31.748995, 0.0 ], [ -60.531382, -31.748999, 0.0 ], [ -60.531374, -31.749004, 0.0 ], [ -60.531368, -31.749007, 0.0 ], [ -60.531357, -31.749015, 0.0 ], [ -60.531353, -31.749019, 0.0 ], [ -60.531347, -31.749023, 0.0 ], [ -60.531343, -31.749027, 0.0 ], [ -60.531338, -31.74903, 0.0 ], [ -60.531332, -31.749034, 0.0 ], [ -60.531328, -31.749038, 0.0 ], [ -60.531322, -31.749041, 0.0 ], [ -60.53131, -31.749047, 0.0 ], [ -60.531304, -31.74905, 0.0 ], [ -60.531297, -31.749051, 0.0 ], [ -60.531288, -31.749051, 0.0 ], [ -60.531226, -31.748948, 0.0 ], [ -60.53116, -31.748957, 0.0 ], [ -60.530968, -31.748971, 0.0 ], [ -60.530803, -31.748997, 0.0 ], [ -60.530575, -31.74905, 0.0 ], [ -60.530533, -31.749053, 0.0 ], [ -60.530461, -31.749069, 0.0 ], [ -60.530308, -31.749104, 0.0 ], [ -60.530167, -31.749135, 0.0 ], [ -60.529903, -31.749158, 0.0 ], [ -60.529894, -31.749149, 0.0 ], [ -60.529889, -31.749099, 0.0 ], [ -60.529743, -31.749109, 0.0 ], [ -60.529341, -31.749215, 0.0 ], [ -60.529166, -31.749591, 0.0 ], [ -60.528879, -31.75008, 0.0 ], [ -60.52857, -31.750177, 0.0 ], [ -60.528309, -31.750346, 0.0 ], [ -60.528021, -31.750587, 0.0 ], [ -60.527955, -31.750775, 0.0 ], [ -60.527883, -31.75098, 0.0 ], [ -60.527632, -31.751396, 0.0 ], [ -60.527428, -31.751557, 0.0 ], [ -60.527166, -31.75159, 0.0 ], [ -60.527091, -31.751591, 0.0 ], [ -60.526908, -31.751611, 0.0 ] ] ] } },
{ "type": "Feature", "properties": { "Name": "Florida" }, "geometry": { "type": "Polygon", "coordinates": [ [ [ -60.513902, -31.723209, 0.0 ], [ -60.51402, -31.723691, 0.0 ], [ -60.514669, -31.726646, 0.0 ], [ -60.514943, -31.728056, 0.0 ], [ -60.51067, -31.728753, 0.0 ], [ -60.509239, -31.728986, 0.0 ], [ -60.506601, -31.729385, 0.0 ], [ -60.506398, -31.729408, 0.0 ], [ -60.506159, -31.728458, 0.0 ], [ -60.506965, -31.728335, 0.0 ], [ -60.506653, -31.726806, 0.0 ], [ -60.507682, -31.726682, 0.0 ], [ -60.508652, -31.726578, 0.0 ], [ -60.508124, -31.72418, 0.0 ], [ -60.508496, -31.724108, 0.0 ], [ -60.509952, -31.723826, 0.0 ], [ -60.511191, -31.723671, 0.0 ], [ -60.512197, -31.723545, 0.0 ], [ -60.512635, -31.72349, 0.0 ], [ -60.513115, -31.72343, 0.0 ], [ -60.513382, -31.723377, 0.0 ], [ -60.513813, -31.723238, 0.0 ], [ -60.513902, -31.723209, 0.0 ] ] ] } },
{ "type": "Feature", "properties": { "Name": "Puerto Viejo" }, "geometry": { "type": "Polygon", "coordinates": [ [ [ -60.54617, -31.710078, 0.0 ], [ -60.546596, -31.70999, 0.0 ], [ -60.547079, -31.709889, 0.0 ], [ -60.547642, -31.709772, 0.0 ], [ -60.547943, -31.709739, 0.0 ], [ -60.548172, -31.70964, 0.0 ], [ -60.548215, -31.709621, 0.0 ], [ -60.548328, -31.709639, 0.0 ], [ -60.5480132, -31.7116552, 0.0 ], [ -60.5487285, -31.7124483, 0.0 ], [ -60.5482277, -31.7132862, 0.0 ], [ -60.5482347, -31.7147064, 0.0 ], [ -60.5483946, -31.7158943, 0.0 ], [ -60.5480181, -31.7169363, 0.0 ], [ -60.5474769, -31.7174636, 0.0 ], [ -60.546764, -31.718356, 0.0 ], [ -60.5457613, -31.7195764, 0.0 ], [ -60.5449303, -31.7199571, 0.0 ], [ -60.5448132, -31.7205726, 0.0 ], [ -60.5455231, -31.7210005, 0.0 ], [ -60.546099, -31.722126, 0.0 ], [ -60.545851, -31.722222, 0.0 ], [ -60.545739, -31.722266, 0.0 ], [ -60.545196, -31.72285, 0.0 ], [ -60.545189, -31.722857, 0.0 ], [ -60.545142, -31.722947, 0.0 ], [ -60.545069, -31.723085, 0.0 ], [ -60.544987, -31.72324, 0.0 ], [ -60.544641, -31.723059, 0.0 ], [ -60.544566, -31.723019, 0.0 ], [ -60.544351, -31.722906, 0.0 ], [ -60.544331, -31.72283, 0.0 ], [ -60.544309, -31.722744, 0.0 ], [ -60.544303, -31.722719, 0.0 ], [ -60.544276, -31.722614, 0.0 ], [ -60.544407, -31.722101, 0.0 ], [ -60.544672, -31.721872, 0.0 ], [ -60.544955, -31.721628, 0.0 ], [ -60.544963, -31.7214, 0.0 ], [ -60.544964, -31.72137, 0.0 ], [ -60.544965, -31.721325, 0.0 ], [ -60.544881, -31.721225, 0.0 ], [ -60.544509, -31.720783, 0.0 ], [ -60.544332, -31.720716, 0.0 ], [ -60.544021, -31.720597, 0.0 ], [ -60.543884, -31.720544, 0.0 ], [ -60.543725, -31.720483, 0.0 ], [ -60.54331, -31.720621, 0.0 ], [ -60.543304, -31.720623, 0.0 ], [ -60.54287, -31.720727, 0.0 ], [ -60.542747, -31.720621, 0.0 ], [ -60.542595, -31.720488, 0.0 ], [ -60.542427, -31.720343, 0.0 ], [ -60.542497, -31.720169, 0.0 ], [ -60.542569, -31.719989, 0.0 ], [ -60.542608, -31.719891, 0.0 ], [ -60.542632, -31.719829, 0.0 ], [ -60.542559, -31.719718, 0.0 ], [ -60.542509, -31.719642, 0.0 ], [ -60.542366, -31.719623, 0.0 ], [ -60.542306, -31.719615, 0.0 ], [ -60.542272, -31.719611, 0.0 ], [ -60.542117, -31.719591, 0.0 ], [ -60.541785, -31.719258, 0.0 ], [ -60.540446, -31.719838, 0.0 ], [ -60.540394, -31.71986, 0.0 ], [ -60.540333, -31.719791, 0.0 ], [ -60.539188, -31.718516, 0.0 ], [ -60.539174, -31.7185, 0.0 ], [ -60.539421, -31.718263, 0.0 ], [ -60.539516, -31.717718, 0.0 ], [ -60.540032, -31.717848, 0.0 ], [ -60.540301, -31.71777, 0.0 ], [ -60.540455, -31.717497, 0.0 ], [ -60.540323, -31.717288, 0.0 ], [ -60.539159, -31.716643, 0.0 ], [ -60.538167, -31.716193, 0.0 ], [ -60.537472, -31.716112, 0.0 ], [ -60.536647, -31.716168, 0.0 ], [ -60.536149, -31.71564, 0.0 ], [ -60.536183, -31.715622, 0.0 ], [ -60.536256, -31.715645, 0.0 ], [ -60.536403, -31.715547, 0.0 ], [ -60.536504, -31.715471, 0.0 ], [ -60.536506, -31.71547, 0.0 ], [ -60.536589, -31.715408, 0.0 ], [ -60.536594, -31.7154, 0.0 ], [ -60.536653, -31.715312, 0.0 ], [ -60.536669, -31.715288, 0.0 ], [ -60.536675, -31.715279, 0.0 ], [ -60.536707, -31.715134, 0.0 ], [ -60.536707, -31.715128, 0.0 ], [ -60.536707, -31.71512, 0.0 ], [ -60.536706, -31.71509, 0.0 ], [ -60.536704, -31.715047, 0.0 ], [ -60.536703, -31.715035, 0.0 ], [ -60.536693, -31.71499, 0.0 ], [ -60.536683, -31.71495, 0.0 ], [ -60.536681, -31.714938, 0.0 ], [ -60.536678, -31.714927, 0.0 ], [ -60.536678, -31.714923, 0.0 ], [ -60.536675, -31.714908, 0.0 ], [ -60.536674, -31.714904, 0.0 ], [ -60.536671, -31.714891, 0.0 ], [ -60.53667, -31.714886, 0.0 ], [ -60.536663, -31.714863, 0.0 ], [ -60.536656, -31.71484, 0.0 ], [ -60.536653, -31.714832, 0.0 ], [ -60.536649, -31.714819, 0.0 ], [ -60.536637, -31.714789, 0.0 ], [ -60.536636, -31.714787, 0.0 ], [ -60.536634, -31.714782, 0.0 ], [ -60.536628, -31.714763, 0.0 ], [ -60.536626, -31.71476, 0.0 ], [ -60.536624, -31.714754, 0.0 ], [ -60.536623, -31.714751, 0.0 ], [ -60.53662, -31.714742, 0.0 ], [ -60.536619, -31.714738, 0.0 ], [ -60.536591, -31.714674, 0.0 ], [ -60.536592, -31.714674, 0.0 ], [ -60.536584, -31.714659, 0.0 ], [ -60.536561, -31.714619, 0.0 ], [ -60.536559, -31.714617, 0.0 ], [ -60.536555, -31.714611, 0.0 ], [ -60.536538, -31.714586, 0.0 ], [ -60.536518, -31.71456, 0.0 ], [ -60.536501, -31.714532, 0.0 ], [ -60.536499, -31.714529, 0.0 ], [ -60.53648, -31.7145, 0.0 ], [ -60.536474, -31.71449, 0.0 ], [ -60.536469, -31.714482, 0.0 ], [ -60.536458, -31.714466, 0.0 ], [ -60.536457, -31.714465, 0.0 ], [ -60.536455, -31.714462, 0.0 ], [ -60.536452, -31.714457, 0.0 ], [ -60.536445, -31.714448, 0.0 ], [ -60.536442, -31.714444, 0.0 ], [ -60.536438, -31.714438, 0.0 ], [ -60.536436, -31.714435, 0.0 ], [ -60.536429, -31.714424, 0.0 ], [ -60.536417, -31.714407, 0.0 ], [ -60.536408, -31.714395, 0.0 ], [ -60.536405, -31.71439, 0.0 ], [ -60.536402, -31.714385, 0.0 ], [ -60.536396, -31.714377, 0.0 ], [ -60.53639, -31.714369, 0.0 ], [ -60.536389, -31.714367, 0.0 ], [ -60.536379, -31.714351, 0.0 ], [ -60.536373, -31.714344, 0.0 ], [ -60.536368, -31.714335, 0.0 ], [ -60.536357, -31.714313, 0.0 ], [ -60.536351, -31.714298, 0.0 ], [ -60.536348, -31.714287, 0.0 ], [ -60.536347, -31.714281, 0.0 ], [ -60.536347, -31.71428, 0.0 ], [ -60.53635, -31.714258, 0.0 ], [ -60.536355, -31.714248, 0.0 ], [ -60.536364, -31.714237, 0.0 ], [ -60.536387, -31.714222, 0.0 ], [ -60.536413, -31.714215, 0.0 ], [ -60.536452, -31.714216, 0.0 ], [ -60.536605, -31.71424, 0.0 ], [ -60.536761, -31.714223, 0.0 ], [ -60.536837, -31.714193, 0.0 ], [ -60.536903, -31.714167, 0.0 ], [ -60.53701, -31.714085, 0.0 ], [ -60.537011, -31.714086, 0.0 ], [ -60.537051, -31.714047, 0.0 ], [ -60.537064, -31.714035, 0.0 ], [ -60.537069, -31.71403, 0.0 ], [ -60.537095, -31.714003, 0.0 ], [ -60.537096, -31.714004, 0.0 ], [ -60.537167, -31.713935, 0.0 ], [ -60.537183, -31.713924, 0.0 ], [ -60.537291, -31.713812, 0.0 ], [ -60.537311, -31.713782, 0.0 ], [ -60.537321, -31.713772, 0.0 ], [ -60.537329, -31.713764, 0.0 ], [ -60.537385, -31.713713, 0.0 ], [ -60.537407, -31.713696, 0.0 ], [ -60.537478, -31.713643, 0.0 ], [ -60.537517, -31.71362, 0.0 ], [ -60.537556, -31.7136, 0.0 ], [ -60.537583, -31.713589, 0.0 ], [ -60.537636, -31.713569, 0.0 ], [ -60.537667, -31.713556, 0.0 ], [ -60.537746, -31.71352, 0.0 ], [ -60.537846, -31.713493, 0.0 ], [ -60.537971, -31.713481, 0.0 ], [ -60.538039, -31.713481, 0.0 ], [ -60.538053, -31.713482, 0.0 ], [ -60.538178, -31.713474, 0.0 ], [ -60.538243, -31.713456, 0.0 ], [ -60.538303, -31.713449, 0.0 ], [ -60.538345, -31.713432, 0.0 ], [ -60.538357, -31.713426, 0.0 ], [ -60.538391, -31.713395, 0.0 ], [ -60.53847, -31.713339, 0.0 ], [ -60.538517, -31.713297, 0.0 ], [ -60.538529, -31.713288, 0.0 ], [ -60.538544, -31.713276, 0.0 ], [ -60.538648, -31.713164, 0.0 ], [ -60.538675, -31.713124, 0.0 ], [ -60.538678, -31.713119, 0.0 ], [ -60.538717, -31.713057, 0.0 ], [ -60.538764, -31.713004, 0.0 ], [ -60.538792, -31.71298, 0.0 ], [ -60.538857, -31.712912, 0.0 ], [ -60.538896, -31.712862, 0.0 ], [ -60.538922, -31.712838, 0.0 ], [ -60.538954, -31.712821, 0.0 ], [ -60.539042, -31.712802, 0.0 ], [ -60.539137, -31.712796, 0.0 ], [ -60.539181, -31.712796, 0.0 ], [ -60.53925, -31.712801, 0.0 ], [ -60.539266, -31.712803, 0.0 ], [ -60.539395, -31.712804, 0.0 ], [ -60.539458, -31.712791, 0.0 ], [ -60.539615, -31.712767, 0.0 ], [ -60.539763, -31.712724, 0.0 ], [ -60.539854, -31.712667, 0.0 ], [ -60.539917, -31.712656, 0.0 ], [ -60.539926, -31.712602, 0.0 ], [ -60.539953, -31.71257, 0.0 ], [ -60.539981, -31.712537, 0.0 ], [ -60.539991, -31.712521, 0.0 ], [ -60.540015, -31.712499, 0.0 ], [ -60.540061, -31.712465, 0.0 ], [ -60.540083, -31.712451, 0.0 ], [ -60.540147, -31.712414, 0.0 ], [ -60.540185, -31.712389, 0.0 ], [ -60.54026, -31.712336, 0.0 ], [ -60.540296, -31.712314, 0.0 ], [ -60.541131, -31.711897, 0.0 ], [ -60.541182, -31.71188, 0.0 ], [ -60.541298, -31.711859, 0.0 ], [ -60.541426, -31.711801, 0.0 ], [ -60.54149, -31.711761, 0.0 ], [ -60.541514, -31.711747, 0.0 ], [ -60.542386, -31.711317, 0.0 ], [ -60.54242, -31.711303, 0.0 ], [ -60.542991, -31.711106, 0.0 ], [ -60.543082, -31.711085, 0.0 ], [ -60.543119, -31.711072, 0.0 ], [ -60.543319, -31.710991, 0.0 ], [ -60.543558, -31.710884, 0.0 ], [ -60.544094, -31.710666, 0.0 ], [ -60.544098, -31.710664, 0.0 ], [ -60.544149, -31.710654, 0.0 ], [ -60.54415, -31.710653, 0.0 ], [ -60.544151, -31.710653, 0.0 ], [ -60.544202, -31.710643, 0.0 ], [ -60.544279, -31.71064, 0.0 ], [ -60.544334, -31.71063, 0.0 ], [ -60.544377, -31.710627, 0.0 ], [ -60.544406, -31.710616, 0.0 ], [ -60.544458, -31.710606, 0.0 ], [ -60.544713, -31.710515, 0.0 ], [ -60.544735, -31.710508, 0.0 ], [ -60.545367, -31.710335, 0.0 ], [ -60.545407, -31.710323, 0.0 ], [ -60.545642, -31.71024, 0.0 ], [ -60.545674, -31.710227, 0.0 ], [ -60.54579, -31.710178, 0.0 ], [ -60.54585, -31.710163, 0.0 ], [ -60.545933, -31.710128, 0.0 ], [ -60.54617, -31.710078, 0.0 ] ] ] } },
{ "type": "Feature", "properties": { "Name": "Anac. Medina Sur" }, "geometry": { "type": "Polygon", "coordinates": [ [ [ -60.55767, -31.742683, 0.0 ], [ -60.557683, -31.742751, 0.0 ], [ -60.557711, -31.742828, 0.0 ], [ -60.557867, -31.743629, 0.0 ], [ -60.557868, -31.74366, 0.0 ], [ -60.557858, -31.743698, 0.0 ], [ -60.557849, -31.743863, 0.0 ], [ -60.557905, -31.744003, 0.0 ], [ -60.557917, -31.744045, 0.0 ], [ -60.55792, -31.744069, 0.0 ], [ -60.557922, -31.744083, 0.0 ], [ -60.557937, -31.74418, 0.0 ], [ -60.557938, -31.744183, 0.0 ], [ -60.557946, -31.744237, 0.0 ], [ -60.557946, -31.744242, 0.0 ], [ -60.55795, -31.744277, 0.0 ], [ -60.557952, -31.744293, 0.0 ], [ -60.557962, -31.744352, 0.0 ], [ -60.557962, -31.744419, 0.0 ], [ -60.557984, -31.744535, 0.0 ], [ -60.558014, -31.744741, 0.0 ], [ -60.558014, -31.744744, 0.0 ], [ -60.558021, -31.744794, 0.0 ], [ -60.558022, -31.744798, 0.0 ], [ -60.558035, -31.74489, 0.0 ], [ -60.558034, -31.744924, 0.0 ], [ -60.55805, -31.745041, 0.0 ], [ -60.558057, -31.745067, 0.0 ], [ -60.558069, -31.745148, 0.0 ], [ -60.558071, -31.745165, 0.0 ], [ -60.558089, -31.745261, 0.0 ], [ -60.55809, -31.74527, 0.0 ], [ -60.558089, -31.74528, 0.0 ], [ -60.558113, -31.745464, 0.0 ], [ -60.558119, -31.74548, 0.0 ], [ -60.558134, -31.745576, 0.0 ], [ -60.558152, -31.745706, 0.0 ], [ -60.558189, -31.745826, 0.0 ], [ -60.558195, -31.745834, 0.0 ], [ -60.558206, -31.745864, 0.0 ], [ -60.558275, -31.745982, 0.0 ], [ -60.558381, -31.746077, 0.0 ], [ -60.558503, -31.746136, 0.0 ], [ -60.554861, -31.746882, 0.0 ], [ -60.55434, -31.746961, 0.0 ], [ -60.553786, -31.744719, 0.0 ], [ -60.553792, -31.744655, 0.0 ], [ -60.553817, -31.744547, 0.0 ], [ -60.55354, -31.743416, 0.0 ], [ -60.553489, -31.743321, 0.0 ], [ -60.555049, -31.743013, 0.0 ], [ -60.555158, -31.742992, 0.0 ], [ -60.555173, -31.743159, 0.0 ], [ -60.555857, -31.743036, 0.0 ], [ -60.556331, -31.743011, 0.0 ], [ -60.556736, -31.743056, 0.0 ], [ -60.55767, -31.742683, 0.0 ] ] ] } },
{ "type": "Feature", "properties": { "Name": "Independencia" }, "geometry": { "type": "Polygon", "coordinates": [ [ [ -60.504476, -31.734772, 0.0 ], [ -60.504817, -31.736439, 0.0 ], [ -60.503409, -31.73665, 0.0 ], [ -60.503465, -31.736568, 0.0 ], [ -60.503253, -31.736297, 0.0 ], [ -60.501027, -31.73664, 0.0 ], [ -60.500929, -31.736574, 0.0 ], [ -60.500687, -31.736807, 0.0 ], [ -60.500076, -31.73676, 0.0 ], [ -60.500091, -31.736564, 0.0 ], [ -60.49999, -31.736527, 0.0 ], [ -60.499014, -31.736715, 0.0 ], [ -60.498794, -31.735663, 0.0 ], [ -60.504476, -31.734772, 0.0 ] ] ] } },
{ "type": "Feature", "properties": { "Name": "Intendente Bertozzi" }, "geometry": { "type": "Polygon", "coordinates": [ [ [ -60.518527, -31.777219, 0.0 ], [ -60.517603, -31.777351, 0.0 ], [ -60.513473, -31.775334, 0.0 ], [ -60.514235, -31.775057, 0.0 ], [ -60.514241, -31.775059, 0.0 ], [ -60.518527, -31.777219, 0.0 ] ] ] } },
{ "type": "Feature", "properties": { "Name": "Rondeau" }, "geometry": { "type": "Polygon", "coordinates": [ [ [ -60.501075, -31.739247, 0.0 ], [ -60.501097, -31.739278, 0.0 ], [ -60.5011, -31.739298, 0.0 ], [ -60.501109, -31.739319, 0.0 ], [ -60.501113, -31.739342, 0.0 ], [ -60.501113, -31.739359, 0.0 ], [ -60.501114, -31.739377, 0.0 ], [ -60.501114, -31.739386, 0.0 ], [ -60.501117, -31.739398, 0.0 ], [ -60.501123, -31.73941, 0.0 ], [ -60.501126, -31.739415, 0.0 ], [ -60.501129, -31.739419, 0.0 ], [ -60.501131, -31.739421, 0.0 ], [ -60.501134, -31.739426, 0.0 ], [ -60.501137, -31.739431, 0.0 ], [ -60.501141, -31.739436, 0.0 ], [ -60.501145, -31.739441, 0.0 ], [ -60.501147, -31.739446, 0.0 ], [ -60.501149, -31.739452, 0.0 ], [ -60.501149, -31.739458, 0.0 ], [ -60.501149, -31.739463, 0.0 ], [ -60.501148, -31.739469, 0.0 ], [ -60.501148, -31.739475, 0.0 ], [ -60.501149, -31.739481, 0.0 ], [ -60.501154, -31.739484, 0.0 ], [ -60.501158, -31.739489, 0.0 ], [ -60.501161, -31.739494, 0.0 ], [ -60.501164, -31.739499, 0.0 ], [ -60.501166, -31.739504, 0.0 ], [ -60.501167, -31.73951, 0.0 ], [ -60.501168, -31.739516, 0.0 ], [ -60.501167, -31.739521, 0.0 ], [ -60.501172, -31.739538, 0.0 ], [ -60.501172, -31.739544, 0.0 ], [ -60.501173, -31.739549, 0.0 ], [ -60.501175, -31.739555, 0.0 ], [ -60.501177, -31.73956, 0.0 ], [ -60.501177, -31.739565, 0.0 ], [ -60.501176, -31.739577, 0.0 ], [ -60.501178, -31.739583, 0.0 ], [ -60.501181, -31.739587, 0.0 ], [ -60.501185, -31.739591, 0.0 ], [ -60.501187, -31.739597, 0.0 ], [ -60.501188, -31.739602, 0.0 ], [ -60.501187, -31.739608, 0.0 ], [ -60.501187, -31.739614, 0.0 ], [ -60.501188, -31.739619, 0.0 ], [ -60.50119, -31.739625, 0.0 ], [ -60.501192, -31.73963, 0.0 ], [ -60.501195, -31.739636, 0.0 ], [ -60.501197, -31.739641, 0.0 ], [ -60.501198, -31.739646, 0.0 ], [ -60.501199, -31.739652, 0.0 ], [ -60.501201, -31.739657, 0.0 ], [ -60.501204, -31.739662, 0.0 ], [ -60.501207, -31.739667, 0.0 ], [ -60.501209, -31.739672, 0.0 ], [ -60.50121, -31.739678, 0.0 ], [ -60.501211, -31.739684, 0.0 ], [ -60.501212, -31.739689, 0.0 ], [ -60.501214, -31.739694, 0.0 ], [ -60.501218, -31.739699, 0.0 ], [ -60.50122, -31.739704, 0.0 ], [ -60.501223, -31.739715, 0.0 ], [ -60.501222, -31.73972, 0.0 ], [ -60.501222, -31.739726, 0.0 ], [ -60.501223, -31.739731, 0.0 ], [ -60.501223, -31.739737, 0.0 ], [ -60.501224, -31.739743, 0.0 ], [ -60.501226, -31.739748, 0.0 ], [ -60.501229, -31.739753, 0.0 ], [ -60.501232, -31.739759, 0.0 ], [ -60.501234, -31.739764, 0.0 ], [ -60.501231, -31.739775, 0.0 ], [ -60.501232, -31.739781, 0.0 ], [ -60.501234, -31.739786, 0.0 ], [ -60.501237, -31.7398, 0.0 ], [ -60.501239, -31.739805, 0.0 ], [ -60.501242, -31.739811, 0.0 ], [ -60.501243, -31.739816, 0.0 ], [ -60.501243, -31.739827, 0.0 ], [ -60.501244, -31.739833, 0.0 ], [ -60.501247, -31.739838, 0.0 ], [ -60.501249, -31.739844, 0.0 ], [ -60.50125, -31.739849, 0.0 ], [ -60.501253, -31.739855, 0.0 ], [ -60.501253, -31.739866, 0.0 ], [ -60.501324, -31.739853, 0.0 ], [ -60.501511, -31.739819, 0.0 ], [ -60.501508, -31.739824, 0.0 ], [ -60.501509, -31.739829, 0.0 ], [ -60.501512, -31.739834, 0.0 ], [ -60.501512, -31.73984, 0.0 ], [ -60.501512, -31.739847, 0.0 ], [ -60.501512, -31.739853, 0.0 ], [ -60.501509, -31.739859, 0.0 ], [ -60.501507, -31.739865, 0.0 ], [ -60.501505, -31.739872, 0.0 ], [ -60.501504, -31.739878, 0.0 ], [ -60.501507, -31.739884, 0.0 ], [ -60.501507, -31.739891, 0.0 ], [ -60.501505, -31.739896, 0.0 ], [ -60.5015, -31.7399, 0.0 ], [ -60.501497, -31.739906, 0.0 ], [ -60.501497, -31.739913, 0.0 ], [ -60.501493, -31.739918, 0.0 ], [ -60.501488, -31.739922, 0.0 ], [ -60.501482, -31.739926, 0.0 ], [ -60.501476, -31.739929, 0.0 ], [ -60.501472, -31.739933, 0.0 ], [ -60.501468, -31.739937, 0.0 ], [ -60.501464, -31.739942, 0.0 ], [ -60.50146, -31.739953, 0.0 ], [ -60.501458, -31.739959, 0.0 ], [ -60.501456, -31.739964, 0.0 ], [ -60.501455, -31.73997, 0.0 ], [ -60.501454, -31.739976, 0.0 ], [ -60.501453, -31.739981, 0.0 ], [ -60.501449, -31.739988, 0.0 ], [ -60.501447, -31.739993, 0.0 ], [ -60.501445, -31.739999, 0.0 ], [ -60.501442, -31.740004, 0.0 ], [ -60.501438, -31.74001, 0.0 ], [ -60.501433, -31.740016, 0.0 ], [ -60.501421, -31.740021, 0.0 ], [ -60.501415, -31.740025, 0.0 ], [ -60.501411, -31.74003, 0.0 ], [ -60.501406, -31.740033, 0.0 ], [ -60.501402, -31.740038, 0.0 ], [ -60.501398, -31.740042, 0.0 ], [ -60.501393, -31.740046, 0.0 ], [ -60.501388, -31.74005, 0.0 ], [ -60.501385, -31.740055, 0.0 ], [ -60.501381, -31.74006, 0.0 ], [ -60.501378, -31.740064, 0.0 ], [ -60.501369, -31.740073, 0.0 ], [ -60.501365, -31.740077, 0.0 ], [ -60.501393, -31.740231, 0.0 ], [ -60.500465, -31.740427, 0.0 ], [ -60.49984, -31.740513, 0.0 ], [ -60.500924, -31.745362, 0.0 ], [ -60.499971, -31.745487, 0.0 ], [ -60.499333, -31.742401, 0.0 ], [ -60.497193, -31.743215, 0.0 ], [ -60.497133, -31.743194, 0.0 ], [ -60.497074, -31.743142, 0.0 ], [ -60.497069, -31.743101, 0.0 ], [ -60.497067, -31.743095, 0.0 ], [ -60.497065, -31.743091, 0.0 ], [ -60.497065, -31.743085, 0.0 ], [ -60.497064, -31.743077, 0.0 ], [ -60.497067, -31.743072, 0.0 ], [ -60.497069, -31.743048, 0.0 ], [ -60.497069, -31.743036, 0.0 ], [ -60.497069, -31.743029, 0.0 ], [ -60.497069, -31.743024, 0.0 ], [ -60.497067, -31.743018, 0.0 ], [ -60.497064, -31.743013, 0.0 ], [ -60.497061, -31.743008, 0.0 ], [ -60.497059, -31.743003, 0.0 ], [ -60.497058, -31.742997, 0.0 ], [ -60.497053, -31.742985, 0.0 ], [ -60.497052, -31.74298, 0.0 ], [ -60.497053, -31.742968, 0.0 ], [ -60.497052, -31.742962, 0.0 ], [ -60.497052, -31.742956, 0.0 ], [ -60.49705, -31.742949, 0.0 ], [ -60.49705, -31.742943, 0.0 ], [ -60.497047, -31.742937, 0.0 ], [ -60.497046, -31.742931, 0.0 ], [ -60.497044, -31.742925, 0.0 ], [ -60.497045, -31.742914, 0.0 ], [ -60.497045, -31.742908, 0.0 ], [ -60.497045, -31.742896, 0.0 ], [ -60.497045, -31.74289, 0.0 ], [ -60.497045, -31.742882, 0.0 ], [ -60.497045, -31.742876, 0.0 ], [ -60.497044, -31.742869, 0.0 ], [ -60.497043, -31.742863, 0.0 ], [ -60.497043, -31.742856, 0.0 ], [ -60.497043, -31.742851, 0.0 ], [ -60.497043, -31.742844, 0.0 ], [ -60.497042, -31.742837, 0.0 ], [ -60.497041, -31.742835, 0.0 ], [ -60.497039, -31.742828, 0.0 ], [ -60.497036, -31.742822, 0.0 ], [ -60.497031, -31.742818, 0.0 ], [ -60.497027, -31.742813, 0.0 ], [ -60.497023, -31.742809, 0.0 ], [ -60.497019, -31.742805, 0.0 ], [ -60.497015, -31.742801, 0.0 ], [ -60.497012, -31.742796, 0.0 ], [ -60.497009, -31.742791, 0.0 ], [ -60.497006, -31.742779, 0.0 ], [ -60.497004, -31.742774, 0.0 ], [ -60.496997, -31.742764, 0.0 ], [ -60.496993, -31.74276, 0.0 ], [ -60.49699, -31.742755, 0.0 ], [ -60.496987, -31.74275, 0.0 ], [ -60.496985, -31.742744, 0.0 ], [ -60.496981, -31.742738, 0.0 ], [ -60.496979, -31.742733, 0.0 ], [ -60.49698, -31.742727, 0.0 ], [ -60.49698, -31.742721, 0.0 ], [ -60.49698, -31.74271, 0.0 ], [ -60.496979, -31.742704, 0.0 ], [ -60.49698, -31.742698, 0.0 ], [ -60.496981, -31.74269, 0.0 ], [ -60.496982, -31.742687, 0.0 ], [ -60.496982, -31.742682, 0.0 ], [ -60.496979, -31.742676, 0.0 ], [ -60.496978, -31.74267, 0.0 ], [ -60.496977, -31.742657, 0.0 ], [ -60.49698, -31.742645, 0.0 ], [ -60.496981, -31.74264, 0.0 ], [ -60.496979, -31.742634, 0.0 ], [ -60.496979, -31.742629, 0.0 ], [ -60.496977, -31.742617, 0.0 ], [ -60.496975, -31.742611, 0.0 ], [ -60.496974, -31.742606, 0.0 ], [ -60.496973, -31.7426, 0.0 ], [ -60.49697, -31.742593, 0.0 ], [ -60.496965, -31.742587, 0.0 ], [ -60.496965, -31.742577, 0.0 ], [ -60.496965, -31.742563, 0.0 ], [ -60.496969, -31.742555, 0.0 ], [ -60.496971, -31.742549, 0.0 ], [ -60.496971, -31.742543, 0.0 ], [ -60.496972, -31.742538, 0.0 ], [ -60.496972, -31.742532, 0.0 ], [ -60.496972, -31.742521, 0.0 ], [ -60.496972, -31.742515, 0.0 ], [ -60.496972, -31.742502, 0.0 ], [ -60.496973, -31.742497, 0.0 ], [ -60.496974, -31.742491, 0.0 ], [ -60.496976, -31.742477, 0.0 ], [ -60.496976, -31.742471, 0.0 ], [ -60.496976, -31.742465, 0.0 ], [ -60.496974, -31.742459, 0.0 ], [ -60.496973, -31.742453, 0.0 ], [ -60.496973, -31.742448, 0.0 ], [ -60.496971, -31.742442, 0.0 ], [ -60.49697, -31.742436, 0.0 ], [ -60.496968, -31.74243, 0.0 ], [ -60.496964, -31.742424, 0.0 ], [ -60.49696, -31.742416, 0.0 ], [ -60.496958, -31.742403, 0.0 ], [ -60.496956, -31.74239, 0.0 ], [ -60.496958, -31.74238, 0.0 ], [ -60.496971, -31.742357, 0.0 ], [ -60.496974, -31.742352, 0.0 ], [ -60.496986, -31.742332, 0.0 ], [ -60.49699, -31.742326, 0.0 ], [ -60.496997, -31.742317, 0.0 ], [ -60.497006, -31.742308, 0.0 ], [ -60.497009, -31.742302, 0.0 ], [ -60.497011, -31.742297, 0.0 ], [ -60.497014, -31.742279, 0.0 ], [ -60.497015, -31.742272, 0.0 ], [ -60.497016, -31.742267, 0.0 ], [ -60.497017, -31.742261, 0.0 ], [ -60.497021, -31.74225, 0.0 ], [ -60.497025, -31.742239, 0.0 ], [ -60.49703, -31.742227, 0.0 ], [ -60.497032, -31.742221, 0.0 ], [ -60.497035, -31.742215, 0.0 ], [ -60.497036, -31.742209, 0.0 ], [ -60.497041, -31.742197, 0.0 ], [ -60.497043, -31.742189, 0.0 ], [ -60.497045, -31.742186, 0.0 ], [ -60.497052, -31.742178, 0.0 ], [ -60.497059, -31.742172, 0.0 ], [ -60.49707, -31.742166, 0.0 ], [ -60.497075, -31.742162, 0.0 ], [ -60.497078, -31.742157, 0.0 ], [ -60.497081, -31.742152, 0.0 ], [ -60.497083, -31.742147, 0.0 ], [ -60.497084, -31.742141, 0.0 ], [ -60.497087, -31.742136, 0.0 ], [ -60.497087, -31.74213, 0.0 ], [ -60.497091, -31.742125, 0.0 ], [ -60.497094, -31.74212, 0.0 ], [ -60.497096, -31.742114, 0.0 ], [ -60.4971, -31.742104, 0.0 ], [ -60.497108, -31.742099, 0.0 ], [ -60.497111, -31.742093, 0.0 ], [ -60.497145, -31.742075, 0.0 ], [ -60.497134, -31.74203, 0.0 ], [ -60.49714, -31.742018, 0.0 ], [ -60.497147, -31.74201, 0.0 ], [ -60.497156, -31.742007, 0.0 ], [ -60.497161, -31.742004, 0.0 ], [ -60.49716, -31.741997, 0.0 ], [ -60.49716, -31.741996, 0.0 ], [ -60.497162, -31.74199, 0.0 ], [ -60.497162, -31.741985, 0.0 ], [ -60.497165, -31.741979, 0.0 ], [ -60.497167, -31.741967, 0.0 ], [ -60.497168, -31.74196, 0.0 ], [ -60.497168, -31.741952, 0.0 ], [ -60.497174, -31.741944, 0.0 ], [ -60.497175, -31.741938, 0.0 ], [ -60.497174, -31.741933, 0.0 ], [ -60.497171, -31.741924, 0.0 ], [ -60.49718, -31.741917, 0.0 ], [ -60.497183, -31.741912, 0.0 ], [ -60.497186, -31.741906, 0.0 ], [ -60.497189, -31.741895, 0.0 ], [ -60.49719, -31.741889, 0.0 ], [ -60.497188, -31.741883, 0.0 ], [ -60.497184, -31.741876, 0.0 ], [ -60.497183, -31.741862, 0.0 ], [ -60.497184, -31.741854, 0.0 ], [ -60.497183, -31.741848, 0.0 ], [ -60.497182, -31.741842, 0.0 ], [ -60.497179, -31.74183, 0.0 ], [ -60.497179, -31.741817, 0.0 ], [ -60.497181, -31.74181, 0.0 ], [ -60.497183, -31.741804, 0.0 ], [ -60.497186, -31.741792, 0.0 ], [ -60.497189, -31.741781, 0.0 ], [ -60.49719, -31.741776, 0.0 ], [ -60.497189, -31.741765, 0.0 ], [ -60.4972, -31.741762, 0.0 ], [ -60.497212, -31.741754, 0.0 ], [ -60.497218, -31.741749, 0.0 ], [ -60.497224, -31.741745, 0.0 ], [ -60.49723, -31.741741, 0.0 ], [ -60.497245, -31.741727, 0.0 ], [ -60.497251, -31.741724, 0.0 ], [ -60.497256, -31.741719, 0.0 ], [ -60.497262, -31.741716, 0.0 ], [ -60.497272, -31.741711, 0.0 ], [ -60.497283, -31.741707, 0.0 ], [ -60.497297, -31.741705, 0.0 ], [ -60.497312, -31.741705, 0.0 ], [ -60.497321, -31.741706, 0.0 ], [ -60.497328, -31.741707, 0.0 ], [ -60.497335, -31.741707, 0.0 ], [ -60.497343, -31.741706, 0.0 ], [ -60.497351, -31.741703, 0.0 ], [ -60.497364, -31.741702, 0.0 ], [ -60.497372, -31.7417, 0.0 ], [ -60.497378, -31.741698, 0.0 ], [ -60.497386, -31.741697, 0.0 ], [ -60.497392, -31.741695, 0.0 ], [ -60.4974, -31.741693, 0.0 ], [ -60.497407, -31.741688, 0.0 ], [ -60.497413, -31.741682, 0.0 ], [ -60.497416, -31.741677, 0.0 ], [ -60.497421, -31.741672, 0.0 ], [ -60.497423, -31.741665, 0.0 ], [ -60.49743, -31.741653, 0.0 ], [ -60.497435, -31.741648, 0.0 ], [ -60.497436, -31.741642, 0.0 ], [ -60.497438, -31.741633, 0.0 ], [ -60.497445, -31.741625, 0.0 ], [ -60.497448, -31.74162, 0.0 ], [ -60.497448, -31.741613, 0.0 ], [ -60.497451, -31.741613, 0.0 ], [ -60.49746, -31.741608, 0.0 ], [ -60.49747, -31.741608, 0.0 ], [ -60.497477, -31.741605, 0.0 ], [ -60.497481, -31.7416, 0.0 ], [ -60.497486, -31.741597, 0.0 ], [ -60.497493, -31.741594, 0.0 ], [ -60.497497, -31.74159, 0.0 ], [ -60.497494, -31.741585, 0.0 ], [ -60.49749, -31.74158, 0.0 ], [ -60.497487, -31.741571, 0.0 ], [ -60.497495, -31.741565, 0.0 ], [ -60.497498, -31.741559, 0.0 ], [ -60.497498, -31.741553, 0.0 ], [ -60.497495, -31.741547, 0.0 ], [ -60.497495, -31.741541, 0.0 ], [ -60.497493, -31.741535, 0.0 ], [ -60.497495, -31.741529, 0.0 ], [ -60.497496, -31.74152, 0.0 ], [ -60.497507, -31.741517, 0.0 ], [ -60.497509, -31.741512, 0.0 ], [ -60.497505, -31.741499, 0.0 ], [ -60.497509, -31.741495, 0.0 ], [ -60.497513, -31.741489, 0.0 ], [ -60.497512, -31.741483, 0.0 ], [ -60.497513, -31.741471, 0.0 ], [ -60.497516, -31.741459, 0.0 ], [ -60.497517, -31.741454, 0.0 ], [ -60.497519, -31.741448, 0.0 ], [ -60.49752, -31.741442, 0.0 ], [ -60.497518, -31.741435, 0.0 ], [ -60.49752, -31.741428, 0.0 ], [ -60.497527, -31.74142, 0.0 ], [ -60.497529, -31.741415, 0.0 ], [ -60.497528, -31.741404, 0.0 ], [ -60.497529, -31.741398, 0.0 ], [ -60.497533, -31.741393, 0.0 ], [ -60.497535, -31.741388, 0.0 ], [ -60.497538, -31.741376, 0.0 ], [ -60.497539, -31.74137, 0.0 ], [ -60.497542, -31.741365, 0.0 ], [ -60.497546, -31.741356, 0.0 ], [ -60.497552, -31.741346, 0.0 ], [ -60.497557, -31.74134, 0.0 ], [ -60.497562, -31.741336, 0.0 ], [ -60.497566, -31.741333, 0.0 ], [ -60.49757, -31.741327, 0.0 ], [ -60.497571, -31.741322, 0.0 ], [ -60.497571, -31.741316, 0.0 ], [ -60.497571, -31.74131, 0.0 ], [ -60.497569, -31.741303, 0.0 ], [ -60.497569, -31.741293, 0.0 ], [ -60.497573, -31.741285, 0.0 ], [ -60.497573, -31.741279, 0.0 ], [ -60.497575, -31.741272, 0.0 ], [ -60.497576, -31.741267, 0.0 ], [ -60.497577, -31.741261, 0.0 ], [ -60.497579, -31.741252, 0.0 ], [ -60.497583, -31.741245, 0.0 ], [ -60.497587, -31.741239, 0.0 ], [ -60.49759, -31.741233, 0.0 ], [ -60.497593, -31.741227, 0.0 ], [ -60.497593, -31.741218, 0.0 ], [ -60.497596, -31.74121, 0.0 ], [ -60.497597, -31.741204, 0.0 ], [ -60.497597, -31.741198, 0.0 ], [ -60.497596, -31.741192, 0.0 ], [ -60.497596, -31.741185, 0.0 ], [ -60.497602, -31.741172, 0.0 ], [ -60.497608, -31.741165, 0.0 ], [ -60.497609, -31.74116, 0.0 ], [ -60.497611, -31.741154, 0.0 ], [ -60.497612, -31.741149, 0.0 ], [ -60.497611, -31.741143, 0.0 ], [ -60.497609, -31.741138, 0.0 ], [ -60.497607, -31.741132, 0.0 ], [ -60.497609, -31.741127, 0.0 ], [ -60.497609, -31.741121, 0.0 ], [ -60.497608, -31.741116, 0.0 ], [ -60.497607, -31.74111, 0.0 ], [ -60.497606, -31.741105, 0.0 ], [ -60.497606, -31.741099, 0.0 ], [ -60.497604, -31.74109, 0.0 ], [ -60.49761, -31.741084, 0.0 ], [ -60.497612, -31.741078, 0.0 ], [ -60.497612, -31.741073, 0.0 ], [ -60.49761, -31.741065, 0.0 ], [ -60.497608, -31.741043, 0.0 ], [ -60.49761, -31.74104, 0.0 ], [ -60.497609, -31.741034, 0.0 ], [ -60.497606, -31.741028, 0.0 ], [ -60.497604, -31.741003, 0.0 ], [ -60.497452, -31.741028, 0.0 ], [ -60.497455, -31.740957, 0.0 ], [ -60.497441, -31.740614, 0.0 ], [ -60.497151, -31.739782, 0.0 ], [ -60.49681, -31.738907, 0.0 ], [ -60.499163, -31.737432, 0.0 ], [ -60.499014, -31.736715, 0.0 ], [ -60.49999, -31.736527, 0.0 ], [ -60.500091, -31.736564, 0.0 ], [ -60.500076, -31.73676, 0.0 ], [ -60.500023, -31.7369, 0.0 ], [ -60.499967, -31.737007, 0.0 ], [ -60.500332, -31.737486, 0.0 ], [ -60.500599, -31.738037, 0.0 ], [ -60.500643, -31.738222, 0.0 ], [ -60.500667, -31.738218, 0.0 ], [ -60.500669, -31.738225, 0.0 ], [ -60.500671, -31.73823, 0.0 ], [ -60.500673, -31.738235, 0.0 ], [ -60.500677, -31.73824, 0.0 ], [ -60.500685, -31.738249, 0.0 ], [ -60.500689, -31.738254, 0.0 ], [ -60.500693, -31.738259, 0.0 ], [ -60.500694, -31.738264, 0.0 ], [ -60.500696, -31.73827, 0.0 ], [ -60.500702, -31.73828, 0.0 ], [ -60.500707, -31.738285, 0.0 ], [ -60.500712, -31.73829, 0.0 ], [ -60.500716, -31.738295, 0.0 ], [ -60.500722, -31.738306, 0.0 ], [ -60.500722, -31.738312, 0.0 ], [ -60.500723, -31.738317, 0.0 ], [ -60.500725, -31.738323, 0.0 ], [ -60.500735, -31.73833, 0.0 ], [ -60.500739, -31.738334, 0.0 ], [ -60.500741, -31.73834, 0.0 ], [ -60.500743, -31.738345, 0.0 ], [ -60.500747, -31.738357, 0.0 ], [ -60.500749, -31.738362, 0.0 ], [ -60.500752, -31.738367, 0.0 ], [ -60.500757, -31.738371, 0.0 ], [ -60.500766, -31.738379, 0.0 ], [ -60.500768, -31.738385, 0.0 ], [ -60.500768, -31.73839, 0.0 ], [ -60.500769, -31.738396, 0.0 ], [ -60.500778, -31.738405, 0.0 ], [ -60.500783, -31.738409, 0.0 ], [ -60.500787, -31.738413, 0.0 ], [ -60.500793, -31.738423, 0.0 ], [ -60.500798, -31.738433, 0.0 ], [ -60.500802, -31.738439, 0.0 ], [ -60.500805, -31.738443, 0.0 ], [ -60.500828, -31.738448, 0.0 ], [ -60.500831, -31.738461, 0.0 ], [ -60.500838, -31.738484, 0.0 ], [ -60.500843, -31.738506, 0.0 ], [ -60.500857, -31.738543, 0.0 ], [ -60.500853, -31.738562, 0.0 ], [ -60.500861, -31.738595, 0.0 ], [ -60.500867, -31.73864, 0.0 ], [ -60.500876, -31.738672, 0.0 ], [ -60.500897, -31.738708, 0.0 ], [ -60.500916, -31.738738, 0.0 ], [ -60.500937, -31.738774, 0.0 ], [ -60.50095, -31.738805, 0.0 ], [ -60.500951, -31.738809, 0.0 ], [ -60.500954, -31.738815, 0.0 ], [ -60.500956, -31.738821, 0.0 ], [ -60.500958, -31.738826, 0.0 ], [ -60.500955, -31.738837, 0.0 ], [ -60.500955, -31.738843, 0.0 ], [ -60.500956, -31.738848, 0.0 ], [ -60.500958, -31.738853, 0.0 ], [ -60.500965, -31.738863, 0.0 ], [ -60.500969, -31.738867, 0.0 ], [ -60.500972, -31.738872, 0.0 ], [ -60.500973, -31.738878, 0.0 ], [ -60.500973, -31.738883, 0.0 ], [ -60.500975, -31.738889, 0.0 ], [ -60.500953, -31.738925, 0.0 ], [ -60.500873, -31.739056, 0.0 ], [ -60.500976, -31.739135, 0.0 ], [ -60.501001, -31.739166, 0.0 ], [ -60.501043, -31.739196, 0.0 ], [ -60.501063, -31.739225, 0.0 ], [ -60.501075, -31.739247, 0.0 ] ] ] } },
{ "type": "Feature", "properties": { "Name": "San Jose" }, "geometry": { "type": "Polygon", "coordinates": [ [ [ -60.441754, -31.763633, 0.0 ], [ -60.441517, -31.762516, 0.0 ], [ -60.441446, -31.762135, 0.0 ], [ -60.436114, -31.760515, 0.0 ], [ -60.436111, -31.760516, 0.0 ], [ -60.436084, -31.760465, 0.0 ], [ -60.436081, -31.760454, 0.0 ], [ -60.436048, -31.760406, 0.0 ], [ -60.456205, -31.75729, 0.0 ], [ -60.457219, -31.76218, 0.0 ], [ -60.44189, -31.764488, 0.0 ], [ -60.441754, -31.763633, 0.0 ] ] ] } },
{ "type": "Feature", "properties": { "Name": "Almafuerte" }, "geometry": { "type": "Polygon", "coordinates": [ [ [ -60.441379, -31.765165, 0.0 ], [ -60.441392, -31.765137, 0.0 ], [ -60.441394, -31.765133, 0.0 ], [ -60.441413, -31.765096, 0.0 ], [ -60.441415, -31.765092, 0.0 ], [ -60.441432, -31.76506, 0.0 ], [ -60.441441, -31.765041, 0.0 ], [ -60.441445, -31.765032, 0.0 ], [ -60.441456, -31.76501, 0.0 ], [ -60.441457, -31.765007, 0.0 ], [ -60.441566, -31.764646, 0.0 ], [ -60.44189, -31.764488, 0.0 ], [ -60.468684, -31.760439, 0.0 ], [ -60.469491, -31.764457, 0.0 ], [ -60.469506, -31.764529, 0.0 ], [ -60.4701948, -31.7677882, 0.0 ], [ -60.469271, -31.768609, 0.0 ], [ -60.466758, -31.770837, 0.0 ], [ -60.447389, -31.773957, 0.0 ], [ -60.447315, -31.773969, 0.0 ], [ -60.447266, -31.773921, 0.0 ], [ -60.447131, -31.773826, 0.0 ], [ -60.446966, -31.773775, 0.0 ], [ -60.446791, -31.773775, 0.0 ], [ -60.44456, -31.774089, 0.0 ], [ -60.444551, -31.77409, 0.0 ], [ -60.444411, -31.774105, 0.0 ], [ -60.444378, -31.774105, 0.0 ], [ -60.444346, -31.774099, 0.0 ], [ -60.444145, -31.774036, 0.0 ], [ -60.444109, -31.774021, 0.0 ], [ -60.444102, -31.774019, 0.0 ], [ -60.444052, -31.773999, 0.0 ], [ -60.44402, -31.77398, 0.0 ], [ -60.444019, -31.773979, 0.0 ], [ -60.444013, -31.773968, 0.0 ], [ -60.443989, -31.773891, 0.0 ], [ -60.443978, -31.773874, 0.0 ], [ -60.443954, -31.773812, 0.0 ], [ -60.443952, -31.773798, 0.0 ], [ -60.443929, -31.773667, 0.0 ], [ -60.443877, -31.773529, 0.0 ], [ -60.443828, -31.773473, 0.0 ], [ -60.443793, -31.773415, 0.0 ], [ -60.443766, -31.773343, 0.0 ], [ -60.443753, -31.773327, 0.0 ], [ -60.443679, -31.773236, 0.0 ], [ -60.443559, -31.773156, 0.0 ], [ -60.443558, -31.773155, 0.0 ], [ -60.443551, -31.773152, 0.0 ], [ -60.443531, -31.773142, 0.0 ], [ -60.443524, -31.773139, 0.0 ], [ -60.443521, -31.773138, 0.0 ], [ -60.44337, -31.773093, 0.0 ], [ -60.44321, -31.77309, 0.0 ], [ -60.443206, -31.77309, 0.0 ], [ -60.443173, -31.773095, 0.0 ], [ -60.443162, -31.773097, 0.0 ], [ -60.443132, -31.773103, 0.0 ], [ -60.443122, -31.773105, 0.0 ], [ -60.443076, -31.773117, 0.0 ], [ -60.443053, -31.773124, 0.0 ], [ -60.443045, -31.773127, 0.0 ], [ -60.443002, -31.773141, 0.0 ], [ -60.442998, -31.773142, 0.0 ], [ -60.442959, -31.773155, 0.0 ], [ -60.442949, -31.773158, 0.0 ], [ -60.442919, -31.773166, 0.0 ], [ -60.442903, -31.77317, 0.0 ], [ -60.442873, -31.773176, 0.0 ], [ -60.442866, -31.773178, 0.0 ], [ -60.442832, -31.773184, 0.0 ], [ -60.44282, -31.773187, 0.0 ], [ -60.442794, -31.77319, 0.0 ], [ -60.442775, -31.773193, 0.0 ], [ -60.442758, -31.773194, 0.0 ], [ -60.442739, -31.773195, 0.0 ], [ -60.442727, -31.773196, 0.0 ], [ -60.442703, -31.773195, 0.0 ], [ -60.442663, -31.773191, 0.0 ], [ -60.442654, -31.773189, 0.0 ], [ -60.442642, -31.773187, 0.0 ], [ -60.442626, -31.773183, 0.0 ], [ -60.442599, -31.773176, 0.0 ], [ -60.442588, -31.773172, 0.0 ], [ -60.442571, -31.773166, 0.0 ], [ -60.442557, -31.773161, 0.0 ], [ -60.442538, -31.773153, 0.0 ], [ -60.442518, -31.773143, 0.0 ], [ -60.442513, -31.773141, 0.0 ], [ -60.442492, -31.773131, 0.0 ], [ -60.442347, -31.773087, 0.0 ], [ -60.442329, -31.773084, 0.0 ], [ -60.442291, -31.773065, 0.0 ], [ -60.442144, -31.772962, 0.0 ], [ -60.442033, -31.772903, 0.0 ], [ -60.441967, -31.772877, 0.0 ], [ -60.441959, -31.772873, 0.0 ], [ -60.441954, -31.772871, 0.0 ], [ -60.441886, -31.772834, 0.0 ], [ -60.4418, -31.772796, 0.0 ], [ -60.441792, -31.772793, 0.0 ], [ -60.441779, -31.772789, 0.0 ], [ -60.441749, -31.772779, 0.0 ], [ -60.441736, -31.772775, 0.0 ], [ -60.441705, -31.772763, 0.0 ], [ -60.441697, -31.77276, 0.0 ], [ -60.441667, -31.772748, 0.0 ], [ -60.441654, -31.772743, 0.0 ], [ -60.441634, -31.772734, 0.0 ], [ -60.441618, -31.772725, 0.0 ], [ -60.441606, -31.772719, 0.0 ], [ -60.441588, -31.772709, 0.0 ], [ -60.441581, -31.772704, 0.0 ], [ -60.441567, -31.772694, 0.0 ], [ -60.441553, -31.772684, 0.0 ], [ -60.441544, -31.772677, 0.0 ], [ -60.441523, -31.772663, 0.0 ], [ -60.441517, -31.772659, 0.0 ], [ -60.441497, -31.772643, 0.0 ], [ -60.441485, -31.772635, 0.0 ], [ -60.441463, -31.77262, 0.0 ], [ -60.441457, -31.772615, 0.0 ], [ -60.441438, -31.772601, 0.0 ], [ -60.441426, -31.772592, 0.0 ], [ -60.441413, -31.772583, 0.0 ], [ -60.441393, -31.77257, 0.0 ], [ -60.441383, -31.772564, 0.0 ], [ -60.441355, -31.772547, 0.0 ], [ -60.441339, -31.772538, 0.0 ], [ -60.441323, -31.77253, 0.0 ], [ -60.441294, -31.772515, 0.0 ], [ -60.441289, -31.772513, 0.0 ], [ -60.441255, -31.772496, 0.0 ], [ -60.441248, -31.772492, 0.0 ], [ -60.441222, -31.77248, 0.0 ], [ -60.4412, -31.77247, 0.0 ], [ -60.441177, -31.77246, 0.0 ], [ -60.441164, -31.772454, 0.0 ], [ -60.441136, -31.772441, 0.0 ], [ -60.441132, -31.772439, 0.0 ], [ -60.441113, -31.772429, 0.0 ], [ -60.44109, -31.772411, 0.0 ], [ -60.441007, -31.77236, 0.0 ], [ -60.441003, -31.772358, 0.0 ], [ -60.440997, -31.772356, 0.0 ], [ -60.440966, -31.772339, 0.0 ], [ -60.440953, -31.772332, 0.0 ], [ -60.440908, -31.772305, 0.0 ], [ -60.440899, -31.7723, 0.0 ], [ -60.440872, -31.772283, 0.0 ], [ -60.440855, -31.772271, 0.0 ], [ -60.440847, -31.772266, 0.0 ], [ -60.440835, -31.772257, 0.0 ], [ -60.44082, -31.772247, 0.0 ], [ -60.440808, -31.772239, 0.0 ], [ -60.440796, -31.772231, 0.0 ], [ -60.440679, -31.772145, 0.0 ], [ -60.440669, -31.772137, 0.0 ], [ -60.440541, -31.772032, 0.0 ], [ -60.440526, -31.772019, 0.0 ], [ -60.440288, -31.771791, 0.0 ], [ -60.44025, -31.771742, 0.0 ], [ -60.440243, -31.771732, 0.0 ], [ -60.440241, -31.771728, 0.0 ], [ -60.440223, -31.771698, 0.0 ], [ -60.440221, -31.771695, 0.0 ], [ -60.440209, -31.771675, 0.0 ], [ -60.440197, -31.771653, 0.0 ], [ -60.440194, -31.771647, 0.0 ], [ -60.440183, -31.771618, 0.0 ], [ -60.440178, -31.771602, 0.0 ], [ -60.440176, -31.771594, 0.0 ], [ -60.440175, -31.771589, 0.0 ], [ -60.440138, -31.771495, 0.0 ], [ -60.440134, -31.771488, 0.0 ], [ -60.440133, -31.771485, 0.0 ], [ -60.440117, -31.771455, 0.0 ], [ -60.440113, -31.771447, 0.0 ], [ -60.440096, -31.771411, 0.0 ], [ -60.440095, -31.771408, 0.0 ], [ -60.440092, -31.771403, 0.0 ], [ -60.440065, -31.771332, 0.0 ], [ -60.440064, -31.771327, 0.0 ], [ -60.440063, -31.771325, 0.0 ], [ -60.440061, -31.771318, 0.0 ], [ -60.440052, -31.771291, 0.0 ], [ -60.440049, -31.771283, 0.0 ], [ -60.440036, -31.771248, 0.0 ], [ -60.440036, -31.771246, 0.0 ], [ -60.440025, -31.771216, 0.0 ], [ -60.440016, -31.771195, 0.0 ], [ -60.440003, -31.771164, 0.0 ], [ -60.440001, -31.77116, 0.0 ], [ -60.439989, -31.771133, 0.0 ], [ -60.439977, -31.771108, 0.0 ], [ -60.439976, -31.771106, 0.0 ], [ -60.439948, -31.771059, 0.0 ], [ -60.439942, -31.771052, 0.0 ], [ -60.43994, -31.771048, 0.0 ], [ -60.439925, -31.771027, 0.0 ], [ -60.439917, -31.771016, 0.0 ], [ -60.43991, -31.771004, 0.0 ], [ -60.439899, -31.770984, 0.0 ], [ -60.439892, -31.770971, 0.0 ], [ -60.439885, -31.770956, 0.0 ], [ -60.439878, -31.770938, 0.0 ], [ -60.439871, -31.770916, 0.0 ], [ -60.439863, -31.770887, 0.0 ], [ -60.439862, -31.770884, 0.0 ], [ -60.439851, -31.770843, 0.0 ], [ -60.43985, -31.770837, 0.0 ], [ -60.439832, -31.770773, 0.0 ], [ -60.439829, -31.770758, 0.0 ], [ -60.439828, -31.770754, 0.0 ], [ -60.439825, -31.770731, 0.0 ], [ -60.439827, -31.770709, 0.0 ], [ -60.439833, -31.770685, 0.0 ], [ -60.439854, -31.770644, 0.0 ], [ -60.439883, -31.770568, 0.0 ], [ -60.439886, -31.770562, 0.0 ], [ -60.439887, -31.770561, 0.0 ], [ -60.439889, -31.77056, 0.0 ], [ -60.439964, -31.770546, 0.0 ], [ -60.439963, -31.770544, 0.0 ], [ -60.440001, -31.770538, 0.0 ], [ -60.440001, -31.770539, 0.0 ], [ -60.440017, -31.770536, 0.0 ], [ -60.44004, -31.770533, 0.0 ], [ -60.440073, -31.770531, 0.0 ], [ -60.440098, -31.770532, 0.0 ], [ -60.440099, -31.770532, 0.0 ], [ -60.440122, -31.770535, 0.0 ], [ -60.440138, -31.770538, 0.0 ], [ -60.440141, -31.770538, 0.0 ], [ -60.440164, -31.770542, 0.0 ], [ -60.44018, -31.770545, 0.0 ], [ -60.440192, -31.770547, 0.0 ], [ -60.440231, -31.770552, 0.0 ], [ -60.440238, -31.770552, 0.0 ], [ -60.440386, -31.770547, 0.0 ], [ -60.440527, -31.770506, 0.0 ], [ -60.440617, -31.770451, 0.0 ], [ -60.440644, -31.770435, 0.0 ], [ -60.440645, -31.770435, 0.0 ], [ -60.440653, -31.770429, 0.0 ], [ -60.440674, -31.770412, 0.0 ], [ -60.440687, -31.770403, 0.0 ], [ -60.440704, -31.770391, 0.0 ], [ -60.440714, -31.770384, 0.0 ], [ -60.440739, -31.770367, 0.0 ], [ -60.440743, -31.770364, 0.0 ], [ -60.440772, -31.770344, 0.0 ], [ -60.440781, -31.770338, 0.0 ], [ -60.4408, -31.770326, 0.0 ], [ -60.440832, -31.770305, 0.0 ], [ -60.44085, -31.770291, 0.0 ], [ -60.440863, -31.770282, 0.0 ], [ -60.440892, -31.770259, 0.0 ], [ -60.4409, -31.770253, 0.0 ], [ -60.440932, -31.77023, 0.0 ], [ -60.440948, -31.770218, 0.0 ], [ -60.440975, -31.770197, 0.0 ], [ -60.440985, -31.770189, 0.0 ], [ -60.44101, -31.770171, 0.0 ], [ -60.441022, -31.770163, 0.0 ], [ -60.441044, -31.770149, 0.0 ], [ -60.441066, -31.770134, 0.0 ], [ -60.441182, -31.770051, 0.0 ], [ -60.441187, -31.770048, 0.0 ], [ -60.441225, -31.770022, 0.0 ], [ -60.441237, -31.770014, 0.0 ], [ -60.441275, -31.769987, 0.0 ], [ -60.441305, -31.769965, 0.0 ], [ -60.441314, -31.769959, 0.0 ], [ -60.441563, -31.769796, 0.0 ], [ -60.441573, -31.769789, 0.0 ], [ -60.441579, -31.769786, 0.0 ], [ -60.441603, -31.769773, 0.0 ], [ -60.441624, -31.769764, 0.0 ], [ -60.441629, -31.769761, 0.0 ], [ -60.441646, -31.769754, 0.0 ], [ -60.441666, -31.769744, 0.0 ], [ -60.441666, -31.769745, 0.0 ], [ -60.441704, -31.769726, 0.0 ], [ -60.441716, -31.769722, 0.0 ], [ -60.441744, -31.769716, 0.0 ], [ -60.44177, -31.769717, 0.0 ], [ -60.441799, -31.769725, 0.0 ], [ -60.441809, -31.769729, 0.0 ], [ -60.441822, -31.769736, 0.0 ], [ -60.441832, -31.769742, 0.0 ], [ -60.441873, -31.769775, 0.0 ], [ -60.441882, -31.769784, 0.0 ], [ -60.441926, -31.769823, 0.0 ], [ -60.441946, -31.76984, 0.0 ], [ -60.441954, -31.769846, 0.0 ], [ -60.441965, -31.769854, 0.0 ], [ -60.441985, -31.769869, 0.0 ], [ -60.442007, -31.769883, 0.0 ], [ -60.442018, -31.769891, 0.0 ], [ -60.442031, -31.769901, 0.0 ], [ -60.442075, -31.769932, 0.0 ], [ -60.442116, -31.769956, 0.0 ], [ -60.442124, -31.769962, 0.0 ], [ -60.442126, -31.76996, 0.0 ], [ -60.44223, -31.770022, 0.0 ], [ -60.442362, -31.770058, 0.0 ], [ -60.442361, -31.77006, 0.0 ], [ -60.442401, -31.770067, 0.0 ], [ -60.442433, -31.770074, 0.0 ], [ -60.442438, -31.770075, 0.0 ], [ -60.442453, -31.770079, 0.0 ], [ -60.442468, -31.770082, 0.0 ], [ -60.442483, -31.770086, 0.0 ], [ -60.442491, -31.770089, 0.0 ], [ -60.442504, -31.770093, 0.0 ], [ -60.442533, -31.7701, 0.0 ], [ -60.442541, -31.770102, 0.0 ], [ -60.442563, -31.770107, 0.0 ], [ -60.442581, -31.770111, 0.0 ], [ -60.442588, -31.770112, 0.0 ], [ -60.442605, -31.770116, 0.0 ], [ -60.442618, -31.770118, 0.0 ], [ -60.442648, -31.770125, 0.0 ], [ -60.442669, -31.770131, 0.0 ], [ -60.442698, -31.77014, 0.0 ], [ -60.442708, -31.770144, 0.0 ], [ -60.442758, -31.770157, 0.0 ], [ -60.442813, -31.77017, 0.0 ], [ -60.442962, -31.770184, 0.0 ], [ -60.442969, -31.77019, 0.0 ], [ -60.443093, -31.770204, 0.0 ], [ -60.443152, -31.770238, 0.0 ], [ -60.443197, -31.77027, 0.0 ], [ -60.443274, -31.770304, 0.0 ], [ -60.443383, -31.770304, 0.0 ], [ -60.443427, -31.770258, 0.0 ], [ -60.443451, -31.770166, 0.0 ], [ -60.4435, -31.770044, 0.0 ], [ -60.443505, -31.769995, 0.0 ], [ -60.443512, -31.76992, 0.0 ], [ -60.443498, -31.769776, 0.0 ], [ -60.443446, -31.769624, 0.0 ], [ -60.44344, -31.769619, 0.0 ], [ -60.443433, -31.769589, 0.0 ], [ -60.443386, -31.769518, 0.0 ], [ -60.443389, -31.769517, 0.0 ], [ -60.443353, -31.76946, 0.0 ], [ -60.44335, -31.769448, 0.0 ], [ -60.44335, -31.769446, 0.0 ], [ -60.443343, -31.76933, 0.0 ], [ -60.4433, -31.769219, 0.0 ], [ -60.44324, -31.76914, 0.0 ], [ -60.443213, -31.769084, 0.0 ], [ -60.443211, -31.769071, 0.0 ], [ -60.443209, -31.769061, 0.0 ], [ -60.443207, -31.769038, 0.0 ], [ -60.443207, -31.769035, 0.0 ], [ -60.443205, -31.769022, 0.0 ], [ -60.443176, -31.768905, 0.0 ], [ -60.443173, -31.768899, 0.0 ], [ -60.44317, -31.768891, 0.0 ], [ -60.443161, -31.768868, 0.0 ], [ -60.443148, -31.768846, 0.0 ], [ -60.443144, -31.768824, 0.0 ], [ -60.443129, -31.768789, 0.0 ], [ -60.443121, -31.768748, 0.0 ], [ -60.443115, -31.768719, 0.0 ], [ -60.443112, -31.768703, 0.0 ], [ -60.443106, -31.76867, 0.0 ], [ -60.443085, -31.768623, 0.0 ], [ -60.443059, -31.768583, 0.0 ], [ -60.443035, -31.768557, 0.0 ], [ -60.443002, -31.76853, 0.0 ], [ -60.44296, -31.76851, 0.0 ], [ -60.442903, -31.768505, 0.0 ], [ -60.442858, -31.768508, 0.0 ], [ -60.442819, -31.768521, 0.0 ], [ -60.442752, -31.768548, 0.0 ], [ -60.442711, -31.768559, 0.0 ], [ -60.442696, -31.768556, 0.0 ], [ -60.442679, -31.768553, 0.0 ], [ -60.442663, -31.768553, 0.0 ], [ -60.442654, -31.768549, 0.0 ], [ -60.442651, -31.768547, 0.0 ], [ -60.442637, -31.768544, 0.0 ], [ -60.442617, -31.768527, 0.0 ], [ -60.442614, -31.768524, 0.0 ], [ -60.442611, -31.76852, 0.0 ], [ -60.442609, -31.768517, 0.0 ], [ -60.442503, -31.768415, 0.0 ], [ -60.442497, -31.768411, 0.0 ], [ -60.442481, -31.768399, 0.0 ], [ -60.442449, -31.768379, 0.0 ], [ -60.442427, -31.768364, 0.0 ], [ -60.442406, -31.768348, 0.0 ], [ -60.442393, -31.768338, 0.0 ], [ -60.442379, -31.768325, 0.0 ], [ -60.442363, -31.768309, 0.0 ], [ -60.442353, -31.7683, 0.0 ], [ -60.442331, -31.768276, 0.0 ], [ -60.442327, -31.768271, 0.0 ], [ -60.442306, -31.768248, 0.0 ], [ -60.442296, -31.768235, 0.0 ], [ -60.442282, -31.768217, 0.0 ], [ -60.442269, -31.768198, 0.0 ], [ -60.442258, -31.76818, 0.0 ], [ -60.442251, -31.768168, 0.0 ], [ -60.442235, -31.768137, 0.0 ], [ -60.442234, -31.768135, 0.0 ], [ -60.44222, -31.768109, 0.0 ], [ -60.442212, -31.768091, 0.0 ], [ -60.442203, -31.768067, 0.0 ], [ -60.442198, -31.768054, 0.0 ], [ -60.442187, -31.768021, 0.0 ], [ -60.442184, -31.768009, 0.0 ], [ -60.442174, -31.767969, 0.0 ], [ -60.442172, -31.767963, 0.0 ], [ -60.442163, -31.76792, 0.0 ], [ -60.442161, -31.767915, 0.0 ], [ -60.442154, -31.767877, 0.0 ], [ -60.442152, -31.767866, 0.0 ], [ -60.442145, -31.767837, 0.0 ], [ -60.442141, -31.767822, 0.0 ], [ -60.442135, -31.767798, 0.0 ], [ -60.442132, -31.767787, 0.0 ], [ -60.442126, -31.767758, 0.0 ], [ -60.442125, -31.767753, 0.0 ], [ -60.442118, -31.767724, 0.0 ], [ -60.442117, -31.767715, 0.0 ], [ -60.442111, -31.767683, 0.0 ], [ -60.44211, -31.767677, 0.0 ], [ -60.442106, -31.767657, 0.0 ], [ -60.442098, -31.767626, 0.0 ], [ -60.442094, -31.767612, 0.0 ], [ -60.442091, -31.7676, 0.0 ], [ -60.442088, -31.76759, 0.0 ], [ -60.442081, -31.767564, 0.0 ], [ -60.44208, -31.767554, 0.0 ], [ -60.442079, -31.767548, 0.0 ], [ -60.44208, -31.767516, 0.0 ], [ -60.442093, -31.767476, 0.0 ], [ -60.442101, -31.767463, 0.0 ], [ -60.44211, -31.767448, 0.0 ], [ -60.442129, -31.767399, 0.0 ], [ -60.442136, -31.767381, 0.0 ], [ -60.442173, -31.767353, 0.0 ], [ -60.442263, -31.767309, 0.0 ], [ -60.442327, -31.767275, 0.0 ], [ -60.442379, -31.767281, 0.0 ], [ -60.442378, -31.767282, 0.0 ], [ -60.442427, -31.767287, 0.0 ], [ -60.442433, -31.767288, 0.0 ], [ -60.442438, -31.767288, 0.0 ], [ -60.442463, -31.767291, 0.0 ], [ -60.44247, -31.767292, 0.0 ], [ -60.442505, -31.767297, 0.0 ], [ -60.442515, -31.767298, 0.0 ], [ -60.442521, -31.767299, 0.0 ], [ -60.442669, -31.767299, 0.0 ], [ -60.442811, -31.767264, 0.0 ], [ -60.442936, -31.767195, 0.0 ], [ -60.442944, -31.767189, 0.0 ], [ -60.442994, -31.767144, 0.0 ], [ -60.442995, -31.767145, 0.0 ], [ -60.443015, -31.767126, 0.0 ], [ -60.443025, -31.767116, 0.0 ], [ -60.443043, -31.767102, 0.0 ], [ -60.443043, -31.767101, 0.0 ], [ -60.443101, -31.767038, 0.0 ], [ -60.443201, -31.766975, 0.0 ], [ -60.443284, -31.766891, 0.0 ], [ -60.443309, -31.766819, 0.0 ], [ -60.443298, -31.766751, 0.0 ], [ -60.443206, -31.766629, 0.0 ], [ -60.44316, -31.766586, 0.0 ], [ -60.443137, -31.766536, 0.0 ], [ -60.443127, -31.766523, 0.0 ], [ -60.443118, -31.76651, 0.0 ], [ -60.443089, -31.766463, 0.0 ], [ -60.443069, -31.766435, 0.0 ], [ -60.443048, -31.766408, 0.0 ], [ -60.443025, -31.766382, 0.0 ], [ -60.442994, -31.766341, 0.0 ], [ -60.442902, -31.766247, 0.0 ], [ -60.442892, -31.76624, 0.0 ], [ -60.442888, -31.766237, 0.0 ], [ -60.44286, -31.766216, 0.0 ], [ -60.442856, -31.766213, 0.0 ], [ -60.442827, -31.766192, 0.0 ], [ -60.442824, -31.766189, 0.0 ], [ -60.442802, -31.766172, 0.0 ], [ -60.44267, -31.766099, 0.0 ], [ -60.442518, -31.766063, 0.0 ], [ -60.442361, -31.766068, 0.0 ], [ -60.442213, -31.766112, 0.0 ], [ -60.442087, -31.766193, 0.0 ], [ -60.441995, -31.766302, 0.0 ], [ -60.441947, -31.76643, 0.0 ], [ -60.441945, -31.766565, 0.0 ], [ -60.441945, -31.766566, 0.0 ], [ -60.441946, -31.766576, 0.0 ], [ -60.441936, -31.766646, 0.0 ], [ -60.441929, -31.766664, 0.0 ], [ -60.441917, -31.766692, 0.0 ], [ -60.441886, -31.766832, 0.0 ], [ -60.441889, -31.766852, 0.0 ], [ -60.441852, -31.766832, 0.0 ], [ -60.441685, -31.766799, 0.0 ], [ -60.441656, -31.766797, 0.0 ], [ -60.441637, -31.766797, 0.0 ], [ -60.441628, -31.766796, 0.0 ], [ -60.44156, -31.766799, 0.0 ], [ -60.441544, -31.7668, 0.0 ], [ -60.441533, -31.766801, 0.0 ], [ -60.441492, -31.766806, 0.0 ], [ -60.441484, -31.766807, 0.0 ], [ -60.441453, -31.766811, 0.0 ], [ -60.441446, -31.766812, 0.0 ], [ -60.441383, -31.766818, 0.0 ], [ -60.44138, -31.766818, 0.0 ], [ -60.441339, -31.766822, 0.0 ], [ -60.441333, -31.766823, 0.0 ], [ -60.441276, -31.766828, 0.0 ], [ -60.441224, -31.766833, 0.0 ], [ -60.441216, -31.766834, 0.0 ], [ -60.441176, -31.766837, 0.0 ], [ -60.441158, -31.766837, 0.0 ], [ -60.441125, -31.766838, 0.0 ], [ -60.441119, -31.766838, 0.0 ], [ -60.441078, -31.766839, 0.0 ], [ -60.44104, -31.766839, 0.0 ], [ -60.441036, -31.766839, 0.0 ], [ -60.440997, -31.766839, 0.0 ], [ -60.44099, -31.76684, 0.0 ], [ -60.440987, -31.76684, 0.0 ], [ -60.440947, -31.76684, 0.0 ], [ -60.44094, -31.76684, 0.0 ], [ -60.440898, -31.76684, 0.0 ], [ -60.440896, -31.76684, 0.0 ], [ -60.440877, -31.76684, 0.0 ], [ -60.440854, -31.76684, 0.0 ], [ -60.440834, -31.76684, 0.0 ], [ -60.440815, -31.766839, 0.0 ], [ -60.4408, -31.766838, 0.0 ], [ -60.440793, -31.766838, 0.0 ], [ -60.440787, -31.766837, 0.0 ], [ -60.440783, -31.766837, 0.0 ], [ -60.440757, -31.766828, 0.0 ], [ -60.44074, -31.766816, 0.0 ], [ -60.440723, -31.766789, 0.0 ], [ -60.440722, -31.766779, 0.0 ], [ -60.440726, -31.76675, 0.0 ], [ -60.440754, -31.766698, 0.0 ], [ -60.440754, -31.766697, 0.0 ], [ -60.440825, -31.766577, 0.0 ], [ -60.440834, -31.766552, 0.0 ], [ -60.440835, -31.76655, 0.0 ], [ -60.440845, -31.766522, 0.0 ], [ -60.440854, -31.766501, 0.0 ], [ -60.440864, -31.76648, 0.0 ], [ -60.440869, -31.766472, 0.0 ], [ -60.440886, -31.766441, 0.0 ], [ -60.440888, -31.766437, 0.0 ], [ -60.440908, -31.766403, 0.0 ], [ -60.440912, -31.766397, 0.0 ], [ -60.440929, -31.766369, 0.0 ], [ -60.44094, -31.766351, 0.0 ], [ -60.440949, -31.766336, 0.0 ], [ -60.440963, -31.766308, 0.0 ], [ -60.44097, -31.766293, 0.0 ], [ -60.440973, -31.766288, 0.0 ], [ -60.440982, -31.766269, 0.0 ], [ -60.440987, -31.766259, 0.0 ], [ -60.441001, -31.766235, 0.0 ], [ -60.441004, -31.76623, 0.0 ], [ -60.441021, -31.766202, 0.0 ], [ -60.441026, -31.766193, 0.0 ], [ -60.441036, -31.766178, 0.0 ], [ -60.441052, -31.766157, 0.0 ], [ -60.441053, -31.766156, 0.0 ], [ -60.441064, -31.766144, 0.0 ], [ -60.441072, -31.766135, 0.0 ], [ -60.441094, -31.766112, 0.0 ], [ -60.441098, -31.766108, 0.0 ], [ -60.441107, -31.766099, 0.0 ], [ -60.44118, -31.766002, 0.0 ], [ -60.441222, -31.765892, 0.0 ], [ -60.441225, -31.765876, 0.0 ], [ -60.44123, -31.76586, 0.0 ], [ -60.441237, -31.765837, 0.0 ], [ -60.441243, -31.765812, 0.0 ], [ -60.44125, -31.765782, 0.0 ], [ -60.441252, -31.765775, 0.0 ], [ -60.441258, -31.765747, 0.0 ], [ -60.441259, -31.765742, 0.0 ], [ -60.441271, -31.765636, 0.0 ], [ -60.441271, -31.765635, 0.0 ], [ -60.441269, -31.76561, 0.0 ], [ -60.441265, -31.765575, 0.0 ], [ -60.441265, -31.765558, 0.0 ], [ -60.441264, -31.76548, 0.0 ], [ -60.441275, -31.765411, 0.0 ], [ -60.441293, -31.765363, 0.0 ], [ -60.441301, -31.765344, 0.0 ], [ -60.441307, -31.76533, 0.0 ], [ -60.441323, -31.765297, 0.0 ], [ -60.441324, -31.765295, 0.0 ], [ -60.441337, -31.76527, 0.0 ], [ -60.441349, -31.765244, 0.0 ], [ -60.441355, -31.765228, 0.0 ], [ -60.441364, -31.765204, 0.0 ], [ -60.441371, -31.765186, 0.0 ], [ -60.441379, -31.765165, 0.0 ] ] ] } },
{ "type": "Feature", "properties": { "Name": "Toma Vieja " }, "geometry": { "type": "Polygon", "coordinates": [ [ [ -60.4765229, -31.714007, 0.0 ], [ -60.4740256, -31.7026251, 0.0 ], [ -60.4742183, -31.702633, 0.0 ], [ -60.4743011, -31.7026227, 0.0 ], [ -60.4744238, -31.7025702, 0.0 ], [ -60.4745725, -31.7025518, 0.0 ], [ -60.475031, -31.702579, 0.0 ], [ -60.4752075, -31.7026288, 0.0 ], [ -60.4753622, -31.702637, 0.0 ], [ -60.4754837, -31.7025942, 0.0 ], [ -60.4756892, -31.7025816, 0.0 ], [ -60.4761647, -31.7026431, 0.0 ], [ -60.4763692, -31.7027024, 0.0 ], [ -60.4764557, -31.7027023, 0.0 ], [ -60.4765932, -31.7026824, 0.0 ], [ -60.4766523, -31.7026916, 0.0 ], [ -60.4768422, -31.7027902, 0.0 ], [ -60.4768974, -31.7028025, 0.0 ], [ -60.4770062, -31.7028103, 0.0 ], [ -60.4772054, -31.7027834, 0.0 ], [ -60.477502, -31.7026771, 0.0 ], [ -60.4777302, -31.7026287, 0.0 ], [ -60.4784657, -31.7026506, 0.0 ], [ -60.4788744, -31.702603, 0.0 ], [ -60.4795418, -31.70259, 0.0 ], [ -60.4799752, -31.7024454, 0.0 ], [ -60.4807348, -31.7023388, 0.0 ], [ -60.4820608, -31.7022715, 0.0 ], [ -60.4821291, -31.7023042, 0.0 ], [ -60.4822349, -31.702426, 0.0 ], [ -60.4823425, -31.7025403, 0.0 ], [ -60.4825144, -31.7025998, 0.0 ], [ -60.4827081, -31.702582, 0.0 ], [ -60.482881, -31.7025189, 0.0 ], [ -60.4830026, -31.7024885, 0.0 ], [ -60.4831746, -31.702481, 0.0 ], [ -60.4832742, -31.7024872, 0.0 ], [ -60.4833744, -31.7024922, 0.0 ], [ -60.4834707, -31.7025246, 0.0 ], [ -60.4835722, -31.7025627, 0.0 ], [ -60.4838114, -31.7025692, 0.0 ], [ -60.4842291, -31.7026587, 0.0 ], [ -60.4846629, -31.7027071, 0.0 ], [ -60.4850833, -31.7027783, 0.0 ], [ -60.4855197, -31.702813, 0.0 ], [ -60.4858118, -31.7028926, 0.0 ], [ -60.4863507, -31.7029424, 0.0 ], [ -60.4866749, -31.703006, 0.0 ], [ -60.4869909, -31.7030053, 0.0 ], [ -60.4874571, -31.7030777, 0.0 ], [ -60.487697, -31.7031526, 0.0 ], [ -60.4879349, -31.7032015, 0.0 ], [ -60.4881344, -31.7032511, 0.0 ], [ -60.4887093, -31.7033599, 0.0 ], [ -60.4892201, -31.7035262, 0.0 ], [ -60.4896397, -31.7036148, 0.0 ], [ -60.4903597, -31.7038244, 0.0 ], [ -60.4906613, -31.7038879, 0.0 ], [ -60.4911372, -31.7041044, 0.0 ], [ -60.4916131, -31.70425, 0.0 ], [ -60.491821, -31.704788, 0.0 ], [ -60.491901, -31.704854, 0.0 ], [ -60.492004, -31.705031, 0.0 ], [ -60.4935089, -31.711532, 0.0 ], [ -60.4765229, -31.714007, 0.0 ] ] ] } },
{ "type": "Feature", "properties": { "Name": "Rieles del Este" }, "geometry": { "type": "Polygon", "coordinates": [ [ [ -60.4706742, -31.7701999, 0.0 ], [ -60.4761595, -31.7693519, 0.0 ], [ -60.476378, -31.769212, 0.0 ], [ -60.47735, -31.774169, 0.0 ], [ -60.471694, -31.77507, 0.0 ], [ -60.4706742, -31.7701999, 0.0 ] ] ] } },
{ "type": "Feature", "properties": { "Name": "Nueva Alianza" }, "geometry": { "type": "Polygon", "coordinates": [ [ [ -60.475343, -31.764454, 0.0 ], [ -60.476378, -31.769212, 0.0 ], [ -60.4761595, -31.7693519, 0.0 ], [ -60.4706742, -31.7701999, 0.0 ], [ -60.4696764, -31.7653339, 0.0 ], [ -60.475343, -31.764454, 0.0 ] ] ] } },
{ "type": "Feature", "properties": { "Name": "Entre Vías" }, "geometry": { "type": "Polygon", "coordinates": [ [ [ -60.510717, -31.773484, 0.0 ], [ -60.507013, -31.774042, 0.0 ], [ -60.506848, -31.773091, 0.0 ], [ -60.506881, -31.773085, 0.0 ], [ -60.507665, -31.772823, 0.0 ], [ -60.508572, -31.772407, 0.0 ], [ -60.509102, -31.772079, 0.0 ], [ -60.509476, -31.771784, 0.0 ], [ -60.510341, -31.770891, 0.0 ], [ -60.51191, -31.768978, 0.0 ], [ -60.5126, -31.768098, 0.0 ], [ -60.513945, -31.766315, 0.0 ], [ -60.514232, -31.766255, 0.0 ], [ -60.5142, -31.76603, 0.0 ], [ -60.516485, -31.763182, 0.0 ], [ -60.516313, -31.762454, 0.0 ], [ -60.5172786, -31.762308, 0.0 ], [ -60.518249, -31.762163, 0.0 ], [ -60.517173, -31.763853, 0.0 ], [ -60.516116, -31.765234, 0.0 ], [ -60.510717, -31.773484, 0.0 ] ] ] } }
]
}
