{
"type": "FeatureCollection",
"name": "red_de_agua",
"crs": { "type": "name", "properties": { "name": "urn:ogc:def:crs:OGC:1.3:CRS84" } },
"features": [
{ "type": "Feature", "properties": { "id": 1875, "layer": "Ø 032", "tipo": "red", "datos": "PEN Ø-032" }, "geometry": { "type": "MultiPolygon", "coordinates": [ [ [ [ -60.557743836611209, -31.731633181663831 ], [ -60.557744094231353, -31.731632603312072 ], [ -60.557769922555863, -31.731568012194327 ], [ -60.557770133161085, -31.731567420104099 ], [ -60.557791144801506, -31.731500104853964 ], [ -60.557791307400088, -31.731499501813325 ], [ -60.557807125454197, -31.73142999147117 ], [ -60.557807239280486, -31.731429380319796 ], [ -60.557817564329149, -31.731358282778455 ], [ -60.557817628847147, -31.731357666394182 ], [ -60.557822257904981, -31.731285649967404 ], [ -60.557822272810881, -31.731285031252703 ], [ -60.557821112895297, -31.731212800498817 ], [ -60.557821078118906, -31.731212182367145 ], [ -60.557817494227699, -31.731175061527505 ], [ -60.557817619818529, -31.73117296586862 ], [ -60.55781709812365, -31.731170958803915 ], [ -60.557814152648156, -31.731140450477319 ], [ -60.557814068353252, -31.731139835839407 ], [ -60.557801515508764, -31.731069295975313 ], [ -60.557801382092244, -31.731068687725369 ], [ -60.557783445435419, -31.730999986741594 ], [ -60.557783263525565, -31.730999387743843 ], [ -60.557760275983924, -31.730933103819538 ], [ -60.55776004643733, -31.730932516894551 ], [ -60.557751190248879, -31.730917398008128 ], [ -60.557746782299112, -31.730900439742452 ], [ -60.557676889164775, -31.730740235288053 ], [ -60.557643916040846, -31.730688617960542 ], [ -60.557620630846095, -31.730631966613611 ], [ -60.557494809580469, -31.730425384147672 ], [ -60.557403724674352, -31.730318147386949 ], [ -60.557312661998331, -31.73021089175597 ], [ -60.556923892816044, -31.729876876015656 ], [ -60.556910636203156, -31.729868698814183 ], [ -60.556900154332752, -31.729857177755118 ], [ -60.556899617718827, -31.729856747784094 ], [ -60.556850985304024, -31.729820404265876 ], [ -60.556850414945544, -31.729820007291341 ], [ -60.556800503654259, -31.729787662892651 ], [ -60.556799902322908, -31.729787300843707 ], [ -60.556748979830815, -31.729758848037037 ], [ -60.556748350448721, -31.729758522673027 ], [ -60.556696640851762, -31.729733844125093 ], [ -60.556695986477422, -31.729733557027124 ], [ -60.556643674319943, -31.729712534095672 ], [ -60.556642998133228, -31.729712286658902 ], [ -60.556590233373754, -31.729694806273393 ], [ -60.556589538660624, -31.729694599700224 ], [ -60.556536441615556, -31.729680559581919 ], [ -60.556535731751922, -31.729680394876212 ], [ -60.556482398696005, -31.729669707652594 ], [ -60.556481677131465, -31.729669585614698 ], [ -60.556428185214379, -31.729662181671298 ], [ -60.556427455455321, -31.729662102894277 ], [ -60.556373868165103, -31.729657932499638 ], [ -60.556373133757802, -31.729657897366295 ], [ -60.556319505702625, -31.729656931957187 ], [ -60.556318770215888, -31.72965694063825 ], [ -60.556265152117504, -31.729659173549219 ], [ -60.556264419125448, -31.729659226002514 ], [ -60.556210862713257, -31.72966467261935 ], [ -60.556210135777818, -31.729664768589966 ], [ -60.556180756002504, -31.729669550414084 ], [ -60.55593091780117, -31.729437231744235 ], [ -60.55589104227392, -31.72939805925915 ], [ -60.555461890727408, -31.728638588292426 ], [ -60.55531198636821, -31.728351682745746 ], [ -60.555286397088821, -31.728317209751939 ], [ -60.55526891980076, -31.72827799568655 ], [ -60.555217714159625, -31.728199212217245 ], [ -60.555206631838978, -31.728186913561832 ], [ -60.555199346034641, -31.728172047768432 ], [ -60.555198236900935, -31.728170470199728 ], [ -60.555159221263025, -31.728119005371479 ], [ -60.555157989204879, -31.728117495904112 ], [ -60.55511630309411, -31.728069937709972 ], [ -60.555114953813266, -31.728068503329411 ], [ -60.555104691279737, -31.728058319241484 ], [ -60.55510256276925, -31.728054532088734 ], [ -60.556469493829518, -31.727506128653996 ], [ -60.556480722640117, -31.727499418906906 ], [ -60.556493386258047, -31.727496141762714 ], [ -60.557147605320047, -31.727211557731586 ], [ -60.557161762719623, -31.727205253784 ], [ -60.557714122884867, -31.72695358045257 ], [ -60.55808824408507, -31.726793450158297 ], [ -60.558360014864178, -31.726717753410476 ], [ -60.558644861275717, -31.726652055804308 ], [ -60.558741390470388, -31.726644230017833 ], [ -60.559011734607296, -31.726639525400095 ], [ -60.559182012280438, -31.726664609765979 ], [ -60.55946357784363, -31.726661563911577 ], [ -60.55973042138649, -31.726571658587847 ], [ -60.559956422403843, -31.726403694354278 ], [ -60.560119458341461, -31.726174112720329 ], [ -60.560203570105841, -31.725905386735924 ], [ -60.560200524251442, -31.725623821172739 ], [ -60.560110618927709, -31.725356977629879 ], [ -60.55994265469414, -31.725130976612526 ], [ -60.559713073060195, -31.724967940674905 ], [ -60.559444347075789, -31.724883828910524 ], [ -60.559201044316936, -31.724847986892538 ], [ -60.559054217193783, -31.724838513567803 ], [ -60.558681493347841, -31.724844999830964 ], [ -60.558624427146619, -31.724847806762714 ], [ -60.558433905344458, -31.724863252690216 ], [ -60.558304363477653, -31.724883333034782 ], [ -60.557935757890519, -31.724968349042406 ], [ -60.557896539526723, -31.724978328150716 ], [ -60.557547628447089, -31.725075510909264 ], [ -60.557434974711121, -31.725115111796569 ], [ -60.556996284286221, -31.725302878827137 ], [ -60.556977263734069, -31.72531128124055 ], [ -60.556422493389967, -31.725564052728185 ], [ -60.555787254535133, -31.725840380405774 ], [ -60.553788817855057, -31.726642139595629 ], [ -60.553784602095448, -31.726644658712015 ], [ -60.553779826290821, -31.726645803380759 ], [ -60.55371396309399, -31.72667305577869 ], [ -60.553748802518449, -31.726538805913513 ], [ -60.553731847871596, -31.726257734777406 ], [ -60.553628867286541, -31.725995659515881 ], [ -60.553482384540651, -31.725746503961723 ], [ -60.553608976772011, -31.725700488198573 ], [ -60.553855311130569, -31.725564077687999 ], [ -60.554047435861484, -31.725358222079933 ], [ -60.554166544457487, -31.725103071955576 ], [ -60.554200977739313, -31.724823603186827 ], [ -60.554197982447683, -31.724808159212476 ], [ -60.554436360121542, -31.72485043039211 ], [ -60.5545467331265, -31.724872375436682 ], [ -60.554804385108376, -31.724953652178492 ], [ -60.555082868420726, -31.724995311371288 ], [ -60.555360595188162, -31.724948875541894 ], [ -60.555610379579655, -31.724818890152829 ], [ -60.555807770958609, -31.724618079079637 ], [ -60.555812355526861, -31.724608887058849 ], [ -60.55607158170222, -31.724617462024774 ], [ -60.556188778317143, -31.724602853200601 ], [ -60.556306567569187, -31.724594241790989 ], [ -60.557110183120606, -31.724406031025186 ], [ -60.557122577373036, -31.724400977723462 ], [ -60.557135892045977, -31.72439960920584 ], [ -60.557136571305726, -31.724399428869813 ], [ -60.557187773765918, -31.724384194827902 ], [ -60.557188437267172, -31.724383975784125 ], [ -60.557239277322573, -31.724365479464314 ], [ -60.557239922050002, -31.724365222708244 ], [ -60.557290278898513, -31.724343366568924 ], [ -60.557290901922102, -31.724343073267409 ], [ -60.557340626903958, -31.724317752228359 ], [ -60.557341225392328, -31.724317423714329 ], [ -60.557390137697986, -31.724288530182339 ], [ -60.557390708931244, -31.72428816794875 ], [ -60.557438591679038, -31.724255598183536 ], [ -60.557439133061202, -31.724255203876602 ], [ -60.557485730353847, -31.72421886563092 ], [ -60.55748623942452, -31.724218441042591 ], [ -60.557531254208307, -31.724178262936743 ], [ -60.557531728654013, -31.72417780999659 ], [ -60.557574822782428, -31.724133751914014 ], [ -60.557575260446981, -31.724133272680451 ], [ -60.557616056654801, -31.724085337579208 ], [ -60.557616455549208, -31.724084834230197 ], [ -60.557654542760019, -31.724033080079828 ], [ -60.557654901071487, -31.724032554902845 ], [ -60.557689842762322, -31.723977106692402 ], [ -60.557690158862464, -31.723976562074164 ], [ -60.557721505338762, -31.723917622169949 ], [ -60.557721777791016, -31.723917060585507 ], [ -60.557749081910238, -31.723854916589215 ], [ -60.557749309476456, -31.723854340590744 ], [ -60.557772145544227, -31.723789368752659 ], [ -60.557772327190193, -31.723788780957833 ], [ -60.557790311468594, -31.72372144479499 ], [ -60.55779044636882, -31.723720847875104 ], [ -60.557803257986095, -31.723651690162505 ], [ -60.557803345527518, -31.723651086830284 ], [ -60.557807125574925, -31.72361513951893 ], [ -60.55780764711794, -31.723613190341048 ], [ -60.557807541346087, -31.723611185638493 ], [ -60.5578107454267, -31.723580715628227 ], [ -60.557810785211473, -31.723580108625573 ], [ -60.55781263123032, -31.723509177478515 ], [ -60.557812623077623, -31.723508569564004 ], [ -60.557808879280842, -31.723437753651258 ], [ -60.557808823227766, -31.723437147587603 ], [ -60.557799562298435, -31.723367117454845 ], [ -60.557799458599696, -31.723366515996364 ], [ -60.557793745815005, -31.723349717807135 ], [ -60.557792810960002, -31.723331999423664 ], [ -60.557723148479361, -31.72300483132986 ], [ -60.557742395840449, -31.722977540995259 ], [ -60.557776706701439, -31.722866663514765 ], [ -60.557878724950108, -31.722762812172014 ], [ -60.558004321565654, -31.722510792462934 ], [ -60.558045892672276, -31.722232295987737 ], [ -60.557999369000399, -31.721954583921818 ], [ -60.557973503897394, -31.721904919018868 ], [ -60.558001761513715, -31.721719151476734 ], [ -60.557956010024533, -31.721441311154173 ], [ -60.557934484657594, -31.72139969723554 ], [ -60.557962084897504, -31.721211581281054 ], [ -60.558121755507713, -31.721181188469288 ], [ -60.560002845071516, -31.720504801812314 ], [ -60.560059563912461, -31.720473649813762 ], [ -60.560130428811853, -31.7204498773282 ], [ -60.56037948214032, -31.720319981595665 ], [ -60.560379485534085, -31.720319980457187 ], [ -60.560391859004916, -31.720313526984967 ], [ -60.560391861923222, -31.720313524822014 ], [ -60.560751357874182, -31.720126026866534 ], [ -60.560977578935564, -31.719958359114745 ], [ -60.561140915765399, -31.719728991454382 ], [ -60.561225379816754, -31.719460375990138 ], [ -60.561222703159785, -31.71917880667521 ], [ -60.561133147804327, -31.718911845475951 ], [ -60.560965480052538, -31.718685624414572 ], [ -60.560956676466724, -31.718679355223021 ], [ -60.560952491940448, -31.718665354029518 ], [ -60.560921545964241, -31.718546616939673 ], [ -60.560913727420541, -31.718518494642776 ], [ -60.560759128816109, -31.717995442760536 ], [ -60.560755288830194, -31.71798279348295 ], [ -60.560716184863658, -31.717857304413574 ], [ -60.560555287640305, -31.717302438516089 ], [ -60.560523323751482, -31.71717979173021 ], [ -60.56051625812983, -31.717154229994321 ], [ -60.560361392557226, -31.71662448487962 ], [ -60.560353350460161, -31.71659844594932 ], [ -60.560316663728251, -31.716485741705831 ], [ -60.560162988886198, -31.715948610602744 ], [ -60.560152609753906, -31.715914852289174 ], [ -60.560152511649903, -31.71591455415907 ], [ -60.560128090678369, -31.715849031357912 ], [ -60.560127968865629, -31.715848739687317 ], [ -60.560099019942939, -31.715786259572578 ], [ -60.560098874996129, -31.715785975737454 ], [ -60.56006585606081, -31.715726911236413 ], [ -60.560065688663641, -31.715726636575649 ], [ -60.560064683985892, -31.715725117202506 ], [ -60.560071870328812, -31.715721376086051 ], [ -60.560085540789601, -31.715718654904524 ], [ -60.560086875996049, -31.715718162111877 ], [ -60.560138585733817, -31.71569723448755 ], [ -60.560139878056845, -31.715696664241499 ], [ -60.560190992241544, -31.715672158605024 ], [ -60.560192235541464, -31.71567151361474 ], [ -60.560239037675764, -31.715645296733797 ], [ -60.560974605263809, -31.715401941739479 ], [ -60.561359428778943, -31.715288694532106 ], [ -60.561376609758476, -31.715280537033227 ], [ -60.561395351583464, -31.715277300547307 ], [ -60.562124056202968, -31.715029262515987 ], [ -60.562373143686735, -31.714897946602896 ], [ -60.562569461112524, -31.714696085482487 ], [ -60.562693791562879, -31.714443438727674 ], [ -60.562733964707043, -31.714164737163109 ], [ -60.562686048117776, -31.713887262039766 ], [ -60.562618972316137, -31.71376002884876 ], [ -60.56258546354136, -31.713494597928996 ], [ -60.562465593423497, -31.713239804682527 ], [ -60.562272854723588, -31.713034523808702 ], [ -60.562026114048464, -31.712898849629724 ], [ -60.561749524094552, -31.712846062879532 ], [ -60.561470159413652, -31.712881330693023 ], [ -60.561418429906233, -31.712896354730596 ], [ -60.561353904960825, -31.712795173018705 ], [ -60.561289050817322, -31.712577861165869 ], [ -60.561287551670475, -31.712574734601365 ], [ -60.561287065900942, -31.712571301399517 ], [ -60.561226715769827, -31.712447857526108 ], [ -60.561167307406578, -31.712323957669359 ], [ -60.561164915471629, -31.712321447391663 ], [ -60.561163392559635, -31.712318332333719 ], [ -60.561107524108195, -31.712238702029815 ], [ -60.561901049869356, -31.711997677409098 ], [ -60.561901709042118, -31.711998529757281 ], [ -60.561907977054972, -31.712014167941785 ], [ -60.562166033667253, -31.712446347602164 ], [ -60.562265688365301, -31.712628606490895 ], [ -60.562277890527334, -31.712644412047823 ], [ -60.562285431312638, -31.71266290109714 ], [ -60.56272700056477, -31.713392358694076 ], [ -60.562777408040461, -31.713452032891542 ], [ -60.562818943376485, -31.713518189820974 ], [ -60.562867703760787, -31.71355892823933 ], [ -60.562908705414294, -31.713607467483438 ], [ -60.56297508611366, -31.713648644251155 ], [ -60.563035032181133, -31.713698728105296 ], [ -60.563093994925985, -31.713722404856142 ], [ -60.563147989267037, -31.713755898212806 ], [ -60.563223845384712, -31.713774546881861 ], [ -60.563296334244889, -31.713803655104108 ], [ -60.563359727665969, -31.713807952542091 ], [ -60.563421429352289, -31.713823121448218 ], [ -60.563499335562987, -31.71381741655695 ], [ -60.563577271501146, -31.713822699831699 ], [ -60.563638890208701, -31.713807197293654 ], [ -60.563702259449343, -31.713802556911016 ], [ -60.563774589750352, -31.71377305689392 ], [ -60.563850343853858, -31.713753998057438 ], [ -60.564395386296248, -31.713521271995976 ], [ -60.564457658005402, -31.713482175919626 ], [ -60.56452510370319, -31.713452895434642 ], [ -60.564576159142383, -31.713407777295235 ], [ -60.564633863520925, -31.713371548728205 ], [ -60.564681006083696, -31.713315123133626 ], [ -60.5647361025866, -31.713266433870775 ], [ -60.564770716922908, -31.713207746971925 ], [ -60.564792465905647, -31.713181715309439 ], [ -60.564885416317431, -31.713167057284277 ], [ -60.565013065448191, -31.713102124565403 ], [ -60.565140645984584, -31.713184717050144 ], [ -60.565412737342662, -31.713257206611203 ], [ -60.565693912108067, -31.713242067426943 ], [ -60.56595664693571, -31.713140781426201 ], [ -60.565972129230595, -31.713128207390248 ], [ -60.566170607694161, -31.713357871316667 ], [ -60.566367158103084, -31.713523769520005 ], [ -60.566249282104899, -31.713613718038964 ], [ -60.566054907085146, -31.713817450204559 ], [ -60.565933002157472, -31.714071276192612 ], [ -60.565910726819396, -31.714237039860084 ], [ -60.565898228975406, -31.714265960451154 ], [ -60.563714126622308, -31.714579219386355 ], [ -60.563687814859499, -31.714583391521057 ], [ -60.563685685842934, -31.714583761491198 ], [ -60.563633174176857, -31.714594506707673 ], [ -60.563631079868074, -31.71459500065864 ], [ -60.563578802721764, -31.714609002266478 ], [ -60.563576752989036, -31.714609617870813 ], [ -60.563524803443265, -31.714626960007287 ], [ -60.563522807944828, -31.71462769436425 ], [ -60.563471301991186, -31.714648474985736 ], [ -60.563469370129724, -31.714649324635111 ], [ -60.563418451666664, -31.714673651727487 ], [ -60.563416592545039, -31.714674612665764 ], [ -60.563366438124227, -31.714702599311941 ], [ -60.563364660502522, -31.714703667011221 ], [ -60.563315483787044, -31.714735425065758 ], [ -60.563313796041321, -31.714736594495076 ], [ -60.563265851559414, -31.714772226735054 ], [ -60.563264261642267, -31.714773492384126 ], [ -60.563217847453657, -31.714813083000283 ], [ -60.5632163628567, -31.714814438905435 ], [ -60.563171821441777, -31.714858042462517 ], [ -60.563170449160353, -31.714859482234807 ], [ -60.563128165982818, -31.714907111276951 ], [ -60.563126912483064, -31.714908628132193 ], [ -60.563087311445862, -31.714960240042426 ], [ -60.563086182634208, -31.714961826833321 ], [ -60.563049717966365, -31.715017310622251 ], [ -60.563048719161742, -31.715018959871902 ], [ -60.563015863184241, -31.715078124222622 ], [ -60.563014999092964, -31.715079828159826 ], [ -60.562986225936179, -31.715142392079073 ], [ -60.562985500629814, -31.715144142674959 ], [ -60.56296126642556, -31.715209730260717 ], [ -60.56296068332172, -31.715211519266582 ], [ -60.562941403962945, -31.715279660123969 ], [ -60.562940965809211, -31.715281479110079 ], [ -60.562926994065911, -31.715351615420904 ], [ -60.562926702926845, -31.715353455816288 ], [ -60.56291830712626, -31.715424956477488 ], [ -60.562918164373691, -31.715426809610271 ], [ -60.562916113838632, -31.715462858931637 ], [ -60.562870014839937, -31.716716380384732 ], [ -60.562856526090073, -31.71693481631435 ], [ -60.562069896363454, -31.718017546900843 ], [ -60.56194206384081, -31.718268439885509 ], [ -60.561898018083184, -31.718546555715402 ], [ -60.561942070596217, -31.718824670475346 ], [ -60.562069909213008, -31.719075560354892 ], [ -60.562269020199039, -31.719274666504582 ], [ -60.562519913183706, -31.719402499027229 ], [ -60.562798029013599, -31.719446544784855 ], [ -60.563076143773536, -31.719402492271819 ], [ -60.563327033653088, -31.719274653655027 ], [ -60.563526139802775, -31.719075542669 ], [ -60.564452485501576, -31.717800504632908 ], [ -60.564469805039629, -31.717775805600006 ], [ -60.56447312519748, -31.71777089783026 ], [ -60.564505643797368, -31.71771912351981 ], [ -60.564508596642057, -31.717714047121898 ], [ -60.564537994117011, -31.717659233704438 ], [ -60.564540567979165, -31.717654008739981 ], [ -60.564566481258041, -31.717596385970122 ], [ -60.564568665965986, -31.717591033087828 ], [ -60.564590746898702, -31.717530897830358 ], [ -60.564592533818683, -31.717525438184484 ], [ -60.564610463655164, -31.717463153713414 ], [ -60.564611845725445, -31.7174576088801 ], [ -60.564625349896176, -31.717393600223673 ], [ -60.564626321655005, -31.717387992115729 ], [ -60.564635183662659, -31.717322737181263 ], [ -60.564635741269782, -31.717317087961572 ], [ -60.564638382640375, -31.717284153631077 ], [ -60.56466728373826, -31.716816131149741 ], [ -60.564668355622572, -31.716794573959717 ], [ -60.564688593733202, -31.716257874520721 ], [ -60.566187783297416, -31.71604285047394 ], [ -60.566441139560084, -31.716007632350827 ], [ -60.56672509406571, -31.715918477274158 ], [ -60.566858957365312, -31.715850422374711 ], [ -60.56688153276734, -31.715838539615419 ], [ -60.566883171758555, -31.715837647026525 ], [ -60.5669278040995, -31.715811652797903 ], [ -60.566929375916658, -31.715810675905455 ], [ -60.566973181674989, -31.715781643876603 ], [ -60.56697468039205, -31.715780586363653 ], [ -60.567017471868212, -31.715748444712151 ], [ -60.567018891834749, -31.715747310565721 ], [ -60.567060453300726, -31.715712000185661 ], [ -60.567061789163205, -31.715710793681708 ], [ -60.567101876417574, -31.715672274577337 ], [ -60.567103123139553, -31.715671000264575 ], [ -60.567141464246312, -31.715629258661842 ], [ -60.567142617127438, -31.715627921344662 ], [ -60.567161041642876, -31.715605845835228 ], [ -60.567335122350265, -31.715390363332503 ], [ -60.567457001923565, -31.715191350949063 ], [ -60.567526180969132, -31.715036226799302 ], [ -60.567530371616385, -31.715026681640108 ], [ -60.567611825320085, -31.714838193989191 ], [ -60.567881277060003, -31.714632581436092 ], [ -60.569095087994981, -31.714079661528345 ], [ -60.569833350504346, -31.713750215451476 ], [ -60.5698938547974, -31.713710850518314 ], [ -60.569959683019071, -31.713681236118504 ], [ -60.570011136320218, -31.713634545531125 ], [ -60.570069374936651, -31.713596654678632 ], [ -60.570114753505493, -31.713540519547649 ], [ -60.570168208511852, -31.713492012540524 ], [ -60.570202715324221, -31.71343170720866 ], [ -60.570246394622515, -31.713377674144297 ], [ -60.570272205496657, -31.713310263713236 ], [ -60.570308054739236, -31.71324761230262 ], [ -60.570544074117365, -31.712625576101708 ], [ -60.570553439489395, -31.712580661474579 ], [ -60.570572076746558, -31.712538736701834 ], [ -60.570582022666777, -31.712443581735414 ], [ -60.570601551956258, -31.712349922802002 ], [ -60.570596579571273, -31.712304312394082 ], [ -60.570601349188884, -31.712258680336575 ], [ -60.570583275423303, -31.711917562284107 ], [ -60.570554411508482, -31.711782150833553 ], [ -60.570526260132439, -31.711646589458503 ], [ -60.570510173858345, -31.711604089258799 ], [ -60.570727725039497, -31.71145481752707 ], [ -60.57093212694798, -31.711261146921636 ], [ -60.571066677206595, -31.711013791566916 ], [ -60.571079478331491, -31.710945019103711 ], [ -60.57113036066729, -31.710870573485799 ], [ -60.571209636404959, -31.710600381330071 ], [ -60.571201538143981, -31.710318915769527 ], [ -60.571106858598576, -31.710053728614326 ], [ -60.570934865662309, -31.709830778230888 ], [ -60.570736944779426, -31.709695502614856 ], [ -60.570861197501138, -31.709629723425337 ], [ -60.57105716578905, -31.709427523341919 ], [ -60.571058970609563, -31.70942383978646 ], [ -60.571060532971224, -31.709424739787202 ], [ -60.571060874268731, -31.709424870417525 ], [ -60.571061158679122, -31.709425099893007 ], [ -60.57142511491638, -31.709634368775433 ], [ -60.572179899183645, -31.710240955554927 ], [ -60.573057524274084, -31.711006429510789 ], [ -60.573296070906366, -31.71115604217011 ], [ -60.573569175089744, -31.711224617301351 ], [ -60.573850103483913, -31.711205442292872 ], [ -60.574111356860314, -31.71110039412811 ], [ -60.574327361918208, -31.710919755653343 ], [ -60.574476974577529, -31.710681209021061 ], [ -60.574545549708766, -31.710408104837683 ], [ -60.574526374700291, -31.710127176443514 ], [ -60.574421326535528, -31.70986592306711 ], [ -60.574240688060762, -31.70964991800922 ], [ -60.5733494004173, -31.708872527429019 ], [ -60.573333899909898, -31.708862805756944 ], [ -60.573321606500294, -31.708849254051582 ], [ -60.572674858229718, -31.708329491031069 ], [ -60.572676379432991, -31.7080998261955 ], [ -60.572591141465395, -31.707831455309446 ], [ -60.572427144176288, -31.707602559410031 ], [ -60.572269530273523, -31.70748644345224 ], [ -60.572168572956151, -31.707393965679117 ], [ -60.572136112847616, -31.707379179629271 ], [ -60.572015092741736, -31.707276934971077 ], [ -60.571754371261562, -31.707170573543024 ], [ -60.571473542910084, -31.707149985181967 ], [ -60.571200097123004, -31.707217185220134 ], [ -60.571119039912048, -31.707267456487415 ], [ -60.57091507755154, -31.707239669476508 ], [ -60.570888050159468, -31.707090967668687 ], [ -60.570754549474572, -31.706843044271778 ], [ -60.570550970235324, -31.706648509089998 ], [ -60.570297240196084, -31.706526404582348 ], [ -60.570018196220936, -31.706488683188788 ], [ -60.569766972216534, -31.706534344568183 ], [ -60.569750463493939, -31.706501378046127 ], [ -60.569749525497606, -31.706499672474877 ], [ -60.56971447550584, -31.706441286872565 ], [ -60.569713400891573, -31.706439641266332 ], [ -60.569674858319388, -31.706385146132842 ], [ -60.569673652301944, -31.706383568477225 ], [ -60.569632103596525, -31.706333123401198 ], [ -60.56963077202834, -31.706331621352057 ], [ -60.569586677827068, -31.70628530652311 ], [ -60.569585227169796, -31.706283887369409 ], [ -60.569539011318085, -31.706241717270007 ], [ -60.569537448611307, -31.706240387898408 ], [ -60.569489491342246, -31.706202325542897 ], [ -60.569487824169293, -31.706201092404431 ], [ -60.569438459035297, -31.706167063192296 ], [ -60.569436695486402, -31.706165932271006 ], [ -60.569386209244527, -31.70613583661769 ], [ -60.569384357877617, -31.706134813401526 ], [ -60.56933299247823, -31.706108537693684 ], [ -60.569331062277413, -31.706107627147993 ], [ -60.569279018466368, -31.706085053003811 ], [ -60.569277018798282, -31.706084259547204 ], [ -60.569224460669879, -31.706065271328495 ], [ -60.569222401238228, -31.70606459881132 ], [ -60.569169461216873, -31.706049089515254 ], [ -60.569167352015448, -31.706048541201028 ], [ -60.569114136121847, -31.706036417007496 ], [ -60.569111987385909, -31.706035995557038 ], [ -60.569058580545729, -31.706027179207712 ], [ -60.569056402702387, -31.706026886666152 ], [ -60.569002873838222, -31.706021319857044 ], [ -60.569000677455833, -31.706021157644003 ], [ -60.568988469443184, -31.706020621198391 ], [ -60.568948805802513, -31.706000451812791 ], [ -60.568946933256214, -31.705999571674081 ], [ -60.568896483031963, -31.705977714618587 ], [ -60.568894545277359, -31.705976944518376 ], [ -60.568843610774927, -31.705958457445085 ], [ -60.568841616646942, -31.705957800894531 ], [ -60.568790319072797, -31.705942586088174 ], [ -60.568788277663494, -31.70594204608075 ], [ -60.56873671471223, -31.705930017329781 ], [ -60.568734635329115, -31.705929596327621 ], [ -60.568682885779602, -31.705920681877046 ], [ -60.568680777903438, -31.705920381799633 ], [ -60.56862890594703, -31.70591452644797 ], [ -60.568626779188392, -31.705914348663441 ], [ -60.568574838778318, -31.705911515234845 ], [ -60.568572702833926, -31.705911460553839 ], [ -60.568520741992607, -31.705911630804234 ], [ -60.568518606601053, -31.705911699476037 ], [ -60.568466671469373, -31.705914874506366 ], [ -60.568464546366741, -31.705915066217894 ], [ -60.568412685425443, -31.70592126645051 ], [ -60.568410580300863, -31.705921580327654 ], [ -60.568358848457947, -31.705930845038218 ], [ -60.56835677290951, -31.70593127964991 ], [ -60.568305235809603, -31.70594366599796 ], [ -60.568303199300516, -31.705944219362625 ], [ -60.568251937597701, -31.705959800875391 ], [ -60.568249949413214, -31.705960470470043 ], [ -60.568199063278549, -31.705979334819265 ], [ -60.56819713248354, -31.705980117590961 ], [ -60.568146746070362, -31.706002363570523 ], [ -60.568144881468079, -31.706003255950293 ], [ -60.568095147403461, -31.706028989449376 ], [ -60.568093357495336, -31.70602998736852 ], [ -60.568044461156653, -31.706059316183495 ], [ -60.568042754103573, -31.70606041509215 ], [ -60.567994917491596, -31.706093442376197 ], [ -60.567993301076683, -31.70609463726397 ], [ -60.567946785757037, -31.706131453609213 ], [ -60.567945267350147, -31.70613273902816 ], [ -60.567935336308913, -31.70614426450296 ], [ -60.567922601222499, -31.706152587947184 ], [ -60.567767859828756, -31.706292741347522 ], [ -60.566950688296011, -31.705895485819159 ], [ -60.566922594343112, -31.705710362511848 ], [ -60.566796384896996, -31.705458649144475 ], [ -60.566598568872628, -31.705258256369895 ], [ -60.566348509880726, -31.705128800029104 ], [ -60.566070685437687, -31.705082952210713 ], [ -60.565255869894131, -31.705077679659912 ], [ -60.565207949601096, -31.705084951950337 ], [ -60.565159557611857, -31.705082221369313 ], [ -60.565151007237347, -31.705084475756411 ], [ -60.565040264936705, -31.705070433085293 ], [ -60.565028803390177, -31.70507078790892 ], [ -60.565017715868514, -31.705067862193367 ], [ -60.564775776135647, -31.705043363804496 ], [ -60.56476279175633, -31.705044093844705 ], [ -60.564750127521158, -31.705041136782505 ], [ -60.564748724739808, -31.705041035173597 ], [ -60.564697388644049, -31.705038787458705 ], [ -60.564695981059266, -31.705038766054596 ], [ -60.564644633106994, -31.705039450458131 ], [ -60.564643226986199, -31.705039509354155 ], [ -60.56459191186682, -31.705043130196444 ], [ -60.564590513470925, -31.705043269130318 ], [ -60.56453927864105, -31.705049849118868 ], [ -60.564537894196533, -31.705050067472012 ], [ -60.564486794009305, -31.705059647169158 ], [ -60.564485429680538, -31.705059943969278 ], [ -60.564434529149096, -31.705072580847954 ], [ -60.56443319101092, -31.705072954773588 ], [ -60.564384675458633, -31.705088065914936 ], [ -60.564299125212322, -31.70509062502823 ], [ -60.564283989119467, -31.705085652915393 ], [ -60.564209423263044, -31.705049831070252 ], [ -60.56415103490513, -31.705041978278715 ], [ -60.564095063387761, -31.705023591981618 ], [ -60.564012339750469, -31.705023324831771 ], [ -60.563936398187892, -31.70501311126727 ], [ -60.563856553224603, -31.704881724646757 ], [ -60.563643116379275, -31.704698058763537 ], [ -60.56338336999751, -31.704589337740913 ], [ -60.56310273986491, -31.70456620395008 ], [ -60.562828696014115, -31.70463092188767 ], [ -60.562588063766626, -31.704777156511035 ], [ -60.562533774462196, -31.704840245734083 ], [ -60.562427797077305, -31.704862853888812 ], [ -60.562259071613113, -31.704927764798704 ], [ -60.562146693583244, -31.704912854285954 ], [ -60.562110041768442, -31.704913776947031 ], [ -60.56207416895213, -31.704906204108621 ], [ -60.561525185682754, -31.704878199173159 ], [ -60.561463909102194, -31.704884725834138 ], [ -60.561402443551131, -31.704880320989091 ], [ -60.560953645230647, -31.704918804337577 ], [ -60.560941884302615, -31.704921715087245 ], [ -60.560929780739862, -31.704921171340473 ], [ -60.559351762570756, -31.705098948208942 ], [ -60.559351135512593, -31.705099121256254 ], [ -60.559350485629267, -31.705099092990348 ], [ -60.55779775596671, -31.70527626656645 ], [ -60.557726999738016, -31.705295901716458 ], [ -60.557654092636263, -31.705304650289598 ], [ -60.556982831891986, -31.705495136558625 ], [ -60.55629089868399, -31.705611867566937 ], [ -60.556256590871243, -31.705623397284413 ], [ -60.556220543815471, -31.705626648464406 ], [ -60.555729483720562, -31.705750483762358 ], [ -60.555668278797725, -31.705776657719937 ], [ -60.555603580665966, -31.705792318830277 ], [ -60.555411614115869, -31.705872256342694 ], [ -60.555171802469616, -31.706019832824307 ], [ -60.554989331681561, -31.706234292272939 ], [ -60.55495417457341, -31.706319621583361 ], [ -60.5549532743185, -31.706320289207362 ], [ -60.554935625547024, -31.706328236908561 ], [ -60.554903145935384, -31.706343650837393 ], [ -60.55479547548893, -31.706397408861648 ], [ -60.554690598376745, -31.706442503654596 ], [ -60.554670776783105, -31.706451310999203 ], [ -60.554600563685497, -31.706483527485585 ], [ -60.554241762340091, -31.706647639927102 ], [ -60.553867315875316, -31.70681870459391 ], [ -60.553759902718049, -31.706836164999878 ], [ -60.55353403979376, -31.706871941053411 ], [ -60.553365010146166, -31.7068961464281 ], [ -60.553325844747462, -31.706902639526707 ], [ -60.553145800710539, -31.70693658450331 ], [ -60.552980148791221, -31.70698463464111 ], [ -60.552882114036926, -31.707023596563509 ], [ -60.552852139666328, -31.707036140457014 ], [ -60.552717430100557, -31.707095394553363 ], [ -60.552636750024185, -31.707135825711831 ], [ -60.552496508384174, -31.707215140087666 ], [ -60.552472404364863, -31.707229270502335 ], [ -60.551851861734249, -31.707606112131273 ], [ -60.551850853663396, -31.707606725214919 ], [ -60.551207569725904, -31.70799853237391 ], [ -60.551202249160639, -31.708001798341758 ], [ -60.550478172001561, -31.708449729787993 ], [ -60.549613240811006, -31.70885988687543 ], [ -60.548975785717516, -31.709103235315197 ], [ -60.546816899990453, -31.709768077799982 ], [ -60.546602152776757, -31.70986666845053 ], [ -60.546408008398522, -31.709988943093169 ], [ -60.545774957398237, -31.71032387045814 ], [ -60.545753445136626, -31.710340011701632 ], [ -60.545728558286157, -31.710350207868331 ], [ -60.544865009500526, -31.71087481951729 ], [ -60.54485562596394, -31.710877153853499 ], [ -60.544818274215487, -31.710892985546693 ], [ -60.544778335035019, -31.710900102953936 ], [ -60.544689301779101, -31.710947651047714 ], [ -60.544596370492158, -31.710987040358358 ], [ -60.544565739130633, -31.711013639518381 ], [ -60.544529954112598, -31.711032750460422 ], [ -60.54430406164699, -31.711203618785518 ], [ -60.543832532009766, -31.71154703853594 ], [ -60.543823997660823, -31.711555592636646 ], [ -60.543813387549655, -31.711561374789508 ], [ -60.543260688854375, -31.711986839450876 ], [ -60.543258522365861, -31.711989129558937 ], [ -60.543255764740522, -31.711990657227069 ], [ -60.542628411436624, -31.712480544735207 ], [ -60.542614521972105, -31.712495431837191 ], [ -60.542597172094268, -31.712506086637511 ], [ -60.542466806061995, -31.712617645021474 ], [ -60.542332638459648, -31.71265675599761 ], [ -60.542325202810076, -31.712661819101559 ], [ -60.542291381691804, -31.712619118928316 ], [ -60.542290538952436, -31.712618129404394 ], [ -60.542248253911673, -31.712571846789569 ], [ -60.542247334604973, -31.712570908403542 ], [ -60.542202919662913, -31.712528561351004 ], [ -60.542201928022401, -31.712527678424223 ], [ -60.542155747888771, -31.71248924608356 ], [ -60.542154688481105, -31.712488422682039 ], [ -60.54210706635552, -31.712453846348836 ], [ -60.542105944059387, -31.71245308626446 ], [ -60.542057160757949, -31.712422280902295 ], [ -60.542055980741694, -31.71242158763534 ], [ -60.542006275790527, -31.712394452013914 ], [ -60.542005043488267, -31.712393828756962 ], [ -60.54195461787473, -31.712370254212885 ], [ -60.541953338961378, -31.712369703836107 ], [ -60.541902358753859, -31.712349581447782 ], [ -60.541901039118969, -31.712349106485771 ], [ -60.541849639848813, -31.712332332906666 ], [ -60.5418482855695, -31.71233193554664 ], [ -60.541796576602103, -31.712318417459532 ], [ -60.541795193914972, -31.712318099531402 ], [ -60.541743263237606, -31.712307757143101 ], [ -60.541741858510122, -31.712307520110965 ], [ -60.541689777227354, -31.712300289653445 ], [ -60.541688356928475, -31.712300134608885 ], [ -60.541636183823186, -31.71229597013517 ], [ -60.54163475449355, -31.712295897792156 ], [ -60.541582540309321, -31.712294772328942 ], [ -60.541581108531211, -31.712294783020639 ], [ -60.541528900346556, -31.712296689217052 ], [ -60.541527472713454, -31.712296782894221 ], [ -60.541475318141401, -31.712301733186365 ], [ -60.541473901227789, -31.712301909417612 ], [ -60.541421852673118, -31.712309935743743 ], [ -60.541420453004029, -31.712310193717517 ], [ -60.541368572015465, -31.712321346740964 ], [ -60.541367196036553, -31.712321685269224 ], [ -60.541315557585037, -31.712336033091738 ], [ -60.541314211632908, -31.712336450615549 ], [ -60.541262908809991, -31.712354076774869 ], [ -60.54126159908288, -31.712354571371463 ], [ -60.541216171601363, -31.712373332097414 ], [ -60.541085815173687, -31.712347241052036 ], [ -60.54080614568997, -31.712380004194095 ], [ -60.540550288572753, -31.712497586417125 ], [ -60.540343288899344, -31.71268847795389 ], [ -60.540298287260654, -31.712768610004801 ], [ -60.539469176641731, -31.71319735350524 ], [ -60.539242369948553, -31.713364228211322 ], [ -60.539078231085171, -31.713593022610578 ], [ -60.538992827107165, -31.713861340713102 ], [ -60.53899451795094, -31.714142917673541 ], [ -60.539083138104935, -31.714410190777141 ], [ -60.53919282780447, -31.71455927483315 ], [ -60.53917502701848, -31.714627003071001 ], [ -60.539174755166329, -31.714628235915743 ], [ -60.539161993093821, -31.714699712742213 ], [ -60.539161822153652, -31.714700958758701 ], [ -60.53915483954993, -31.714773659750957 ], [ -60.539154770348702, -31.714774912910947 ], [ -60.539153710202882, -31.714848116676691 ], [ -60.539153743075445, -31.714849370917346 ], [ -60.539158627352634, -31.71492233532658 ], [ -60.53915876213992, -31.714923584579857 ], [ -60.539161725781426, -31.714943472690628 ], [ -60.538979874891048, -31.714883407323285 ], [ -60.538698296177891, -31.714882039149771 ], [ -60.538430076119027, -31.714967750547057 ], [ -60.538201469962615, -31.715132151486387 ], [ -60.538157425309194, -31.715192158429108 ], [ -60.538099537472498, -31.715181613938068 ], [ -60.538048464551487, -31.715173818109562 ], [ -60.537891377568513, -31.715154435772618 ], [ -60.53787187535108, -31.715155105236555 ], [ -60.53785290655113, -31.715150526011918 ], [ -60.53768260819443, -31.715136907888194 ], [ -60.537632272753577, -31.715134298625681 ], [ -60.537461297071012, -31.715130231067771 ], [ -60.537410943836882, -31.715130442156305 ], [ -60.537240023026563, -31.715135942583995 ], [ -60.537189693904679, -31.715138975307283 ], [ -60.537019559929881, -31.715154020165699 ], [ -60.536998998593759, -31.715159167076489 ], [ -60.536977808077701, -31.715158696690651 ], [ -60.53649303457064, -31.715224484998114 ], [ -60.536435714389917, -31.715241712807384 ], [ -60.536376225359639, -31.71524830490943 ], [ -60.536301696502782, -31.715281992418667 ], [ -60.536223369046297, -31.715305534048579 ], [ -60.536174178000742, -31.715339631578811 ], [ -60.536119637642408, -31.715364284161755 ], [ -60.535954113697926, -31.715473109311681 ], [ -60.534795760196062, -31.716146139819529 ], [ -60.534568862415121, -31.716273961684195 ], [ -60.534348448709856, -31.716384090170173 ], [ -60.534120640905712, -31.716484286301988 ], [ -60.533869444553531, -31.716580553020368 ], [ -60.533705878956006, -31.716641715451846 ], [ -60.533555178730701, -31.71669008920691 ], [ -60.533401129393354, -31.716731702233801 ], [ -60.533226187702248, -31.716770354626117 ], [ -60.532847859485102, -31.716851967932548 ], [ -60.532508133463111, -31.716922731196554 ], [ -60.531878911833779, -31.71704585593519 ], [ -60.531871654281076, -31.717048507746771 ], [ -60.53186393833986, -31.717048918145561 ], [ -60.531373041104018, -31.717153661059534 ], [ -60.531372274718784, -31.717153955931995 ], [ -60.531371454802468, -31.717154001024344 ], [ -60.53091905275889, -31.717251383152501 ], [ -60.530853414216594, -31.717276774002272 ], [ -60.53078459681803, -31.717291514393519 ], [ -60.530749396059065, -31.717305090055387 ], [ -60.530745104161426, -31.717307576963361 ], [ -60.530740265435774, -31.717308668673422 ], [ -60.530561780437267, -31.717379747561715 ], [ -60.530275194587034, -31.717491043305333 ], [ -60.53024998955356, -31.717497758212801 ], [ -60.530233757721263, -31.717502606013571 ], [ -60.530200251333326, -31.717518680288748 ], [ -60.530163945905336, -31.717526616046776 ], [ -60.530119987355818, -31.717543781262066 ], [ -60.530088883465453, -31.717561978738956 ], [ -60.529748266597885, -31.717683209460823 ], [ -60.529583137549608, -31.717724130266483 ], [ -60.529391851915065, -31.717762329419216 ], [ -60.529190610141896, -31.71779306981206 ], [ -60.528458657026192, -31.717883699501972 ], [ -60.528457083166636, -31.717884152534953 ], [ -60.528455446153423, -31.717884102931432 ], [ -60.526851056791543, -31.7180886167517 ], [ -60.52684055913744, -31.71809167940118 ], [ -60.526829624060923, -31.718091611100295 ], [ -60.526177065364287, -31.718190792221559 ], [ -60.526164860039849, -31.71819467385934 ], [ -60.526152055423175, -31.718194954658848 ], [ -60.525338632453554, -31.718342137411877 ], [ -60.525335864352883, -31.718342227659683 ], [ -60.524426457293181, -31.718516814321319 ], [ -60.524403614939416, -31.718492321270816 ], [ -60.524157331138895, -31.718355819500857 ], [ -60.52388091995887, -31.718302104482852 ], [ -60.523601438451514, -31.718336434217015 ], [ -60.523346244214032, -31.718455448269783 ], [ -60.523140317436422, -31.718647496716446 ], [ -60.523044920343047, -31.718819617259079 ], [ -60.522066333149098, -31.719020111339923 ], [ -60.522050314795578, -31.718964054534091 ], [ -60.521893070485561, -31.718730467996448 ], [ -60.521671340050084, -31.718556905161762 ], [ -60.521406828009049, -31.718460355569587 ], [ -60.521125426643998, -31.718450270166695 ], [ -60.520764632309522, -31.718494233974798 ], [ -60.520674791983517, -31.718266776572644 ], [ -60.520495483424781, -31.71804966626804 ], [ -60.520257860077791, -31.717898591489977 ], [ -60.519985182171368, -31.717828340490332 ], [ -60.51936869937402, -31.717769553867914 ], [ -60.519186234020161, -31.717739330299651 ], [ -60.519166430470534, -31.717739190286274 ], [ -60.519147384707942, -31.717733762661712 ], [ -60.518504864082153, -31.717655936419412 ], [ -60.518470609522772, -31.717657188651952 ], [ -60.518437028828046, -31.717650312616883 ], [ -60.518427958753435, -31.717649905186441 ], [ -60.51837518551983, -31.717649083762712 ], [ -60.518366104106804, -31.717649208751883 ], [ -60.518313342159253, -31.717651484516768 ], [ -60.518304292131404, -31.717652141337567 ], [ -60.518272057828128, -31.717655436939278 ], [ -60.518259694860177, -31.717637506815251 ], [ -60.518254916627086, -31.717631093502714 ], [ -60.518214454164351, -31.717580671521425 ], [ -60.51820917242835, -31.717574553550772 ], [ -60.518166159222979, -31.717528134943286 ], [ -60.518160398876162, -31.717522341147518 ], [ -60.518115248056553, -31.717479950418674 ], [ -60.518109036246578, -31.717474508103031 ], [ -60.518062120731408, -31.717436118576881 ], [ -60.518055486733616, -31.717431053390101 ], [ -60.518007135703726, -31.71739660021866 ], [ -60.518000110783163, -31.717391936032183 ], [ -60.517950609026272, -31.717361328231114 ], [ -60.517943226290278, -31.717357087026482 ], [ -60.517892815700385, -31.717330218075364 ], [ -60.517885109942654, -31.717326419840685 ], [ -60.517833992551154, -31.717303176679188 ], [ -60.517826000087666, -31.717299839314904 ], [ -60.517774342086689, -31.717280109730872 ], [ -60.517766100584666, -31.717277248965473 ], [ -60.517714036928574, -31.717260927488965 ], [ -60.517705585228882, -31.717258556804726 ], [ -60.517653224461647, -31.717245549267744 ], [ -60.517644602395755, -31.717243679837342 ], [ -60.517363468643225, -31.7172277972434 ], [ -60.517091186564492, -31.717299567106163 ], [ -60.516854409026514, -31.71745196409141 ], [ -60.516676313464444, -31.717670070520413 ], [ -60.516624812339749, -31.717802618593716 ], [ -60.516563283954319, -31.717626036771406 ], [ -60.516392998828024, -31.717401779286885 ], [ -60.516161748675195, -31.717241118742816 ], [ -60.515892169872018, -31.717159781712642 ], [ -60.515610650669998, -31.717165730031585 ], [ -60.515451108388163, -31.717194466239462 ], [ -60.515164151706294, -31.71721070581011 ], [ -60.514948379883641, -31.717203080127675 ], [ -60.514893862983357, -31.717202805658221 ], [ -60.514632645056231, -31.717209404812625 ], [ -60.51444667407916, -31.717245425254365 ], [ -60.51442222490536, -31.717244221755003 ], [ -60.514412862926292, -31.717246762175726 ], [ -60.514403166154757, -31.717246491969835 ], [ -60.513399316573157, -31.717376937583577 ], [ -60.513357281019623, -31.717349649545117 ], [ -60.513434436127341, -31.717145151140681 ], [ -60.51344755792703, -31.716863875009494 ], [ -60.513373118395478, -31.716592310652953 ], [ -60.513218404192685, -31.716357040682375 ], [ -60.512998559822783, -31.716181094961698 ], [ -60.51273510518444, -31.716081696283954 ], [ -60.511994040234214, -31.7159286206975 ], [ -60.511694153910128, -31.715866573315935 ], [ -60.511235771184523, -31.715725557528717 ], [ -60.511039180666934, -31.715664173841351 ], [ -60.51103176192926, -31.715632220157392 ], [ -60.511012456617856, -31.715584607502983 ], [ -60.510984758545995, -31.715523035321809 ], [ -60.5109617570035, -31.715476638126891 ], [ -60.510930094828794, -31.715418284297446 ], [ -60.510903500871301, -31.715373311962065 ], [ -60.510868318068503, -31.715318451244958 ], [ -60.510838251724877, -31.715275106738236 ], [ -60.510799992452014, -31.715223930645148 ], [ -60.510766589422118, -31.715182409589154 ], [ -60.510725683379412, -31.715135034331983 ], [ -60.510689094421636, -31.715095524119018 ], [ -60.510645945249848, -31.715052001069129 ], [ -60.510606335500619, -31.71501468001593 ], [ -60.510561312769902, -31.71497500741113 ], [ -60.510524543937237, -31.714944724446422 ], [ -60.510425746903707, -31.714860604754097 ], [ -60.510404496664627, -31.714847627247863 ], [ -60.510387284030642, -31.714829635206303 ], [ -60.510285002778993, -31.714751807214316 ], [ -60.510232767702796, -31.714723718812039 ], [ -60.510186509660812, -31.714686602035762 ], [ -60.509934720720985, -31.714542733329697 ], [ -60.509693220498136, -31.714389649337875 ], [ -60.509686846391688, -31.71438689496371 ], [ -60.509681565987528, -31.71438238573516 ], [ -60.509545303133365, -31.714298897351544 ], [ -60.509528749129636, -31.714292041866024 ], [ -60.509514675567956, -31.714280952791079 ], [ -60.509242229714758, -31.714128464029475 ], [ -60.50923799140309, -31.7141269016211 ], [ -60.509234415776092, -31.714124141313654 ], [ -60.509032345502014, -31.714013660589313 ], [ -60.509011170549492, -31.714006092460391 ], [ -60.508992712047387, -31.713993249606681 ], [ -60.508738787973705, -31.713870339317086 ], [ -60.508457622826192, -31.713733053296632 ], [ -60.508435595898334, -31.713726308428495 ], [ -60.508416084859626, -31.71371406105467 ], [ -60.508133630498079, -31.713593484334297 ], [ -60.508129275239888, -31.713592388986036 ], [ -60.508125448257516, -31.713590039035459 ], [ -60.507865744348635, -31.71348219034131 ], [ -60.507844705919972, -31.713477119294129 ], [ -60.507825745567956, -31.713466686842274 ], [ -60.507189608535306, -31.713237404118694 ], [ -60.507118745224609, -31.713223859719697 ], [ -60.507050801546704, -31.71319959624601 ], [ -60.507027044971622, -31.713195127903511 ], [ -60.506975091706799, -31.71318691998453 ], [ -60.506951035721961, -31.713183836938676 ], [ -60.506898973205892, -31.713178697487308 ], [ -60.506874728225363, -31.713177013888942 ], [ -60.506822609054595, -31.713174909890803 ], [ -60.506798286359903, -31.71317463346745 ], [ -60.506746158088646, -31.713175551246437 ], [ -60.506721869317964, -31.713176683266848 ], [ -60.506669778675104, -31.713180628800018 ], [ -60.50664563531096, -31.713183164068372 ], [ -60.506593632408034, -31.713190162849468 ], [ -60.506569745265544, -31.713194089729214 ], [ -60.506517887846478, -31.7132041861685 ], [ -60.506494366564787, -31.713209486635723 ], [ -60.506442724335656, -31.713222742946009 ], [ -60.506419676874678, -31.713229392672226 ], [ -60.506368335950704, -31.713245887149036 ], [ -60.506345868095664, -31.713253855612784 ], [ -60.506294935541028, -31.713273680186788 ], [ -60.506273150416874, -31.71328293081379 ], [ -60.506222758841204, -31.713306187715784 ], [ -60.506201756439346, -31.713316678046723 ], [ -60.506152068517707, -31.713343475415623 ], [ -60.50613194523703, -31.713355157301113 ], [ -60.506083157975908, -31.713385603549849 ], [ -60.506064006180324, -31.71339842337137 ], [ -60.506016354626411, -31.713432620160656 ], [ -60.505998262220942, -31.713446519076641 ], [ -60.505952022223909, -31.713484552798686 ], [ -60.505935072251205, -31.713499467014643 ], [ -60.505890561784561, -31.713541398795595 ], [ -60.505874832043766, -31.713557259856902 ], [ -60.505832410498023, -31.71360311425364 ], [ -60.505817973187611, -31.713619849359677 ], [ -60.505778038003335, -31.71366960216238 ], [ -60.505764959389793, -31.713687134500745 ], [ -60.505727939465842, -31.713740700297954 ], [ -60.505716279579495, -31.713758949396944 ], [ -60.505703557862759, -31.713788101942683 ], [ -60.505684170450031, -31.713813317835143 ], [ -60.50565846041868, -31.713860561358569 ], [ -60.505636810631131, -31.713921512022932 ], [ -60.505605114688954, -31.713977895212281 ], [ -60.505504530410882, -31.714249189480256 ], [ -60.505499014705684, -31.714276686424121 ], [ -60.50548680892598, -31.714301935659069 ], [ -60.505394724767299, -31.714606939384318 ], [ -60.505384677970831, -31.714680285893476 ], [ -60.505363788726804, -31.714751309044726 ], [ -60.505359905617617, -31.714781249874278 ], [ -60.505271707677387, -31.71476771730622 ], [ -60.504993808514399, -31.714813110023861 ], [ -60.504743537825746, -31.714942156627853 ], [ -60.504545393850158, -31.71514222513747 ], [ -60.504511028481708, -31.715210484507431 ], [ -60.504398814875536, -31.714656120049611 ], [ -60.504300464703235, -31.71439227220101 ], [ -60.504125394661841, -31.714171729859931 ], [ -60.503890741826801, -31.714016081247323 ], [ -60.503619475652513, -31.713940562333853 ], [ -60.503338149562154, -31.713952565436951 ], [ -60.503219295747527, -31.713996868595792 ], [ -60.503039240636724, -31.713673246922387 ], [ -60.502865531227172, -31.71345163129876 ], [ -60.502631840767357, -31.713294541475435 ], [ -60.502361044507708, -31.71321735449882 ], [ -60.502079649872854, -31.713227625967985 ], [ -60.50181520173026, -31.713324350439958 ], [ -60.50159358610663, -31.71349805984951 ], [ -60.501436496283304, -31.713731750309325 ], [ -60.501359309306686, -31.714002546568981 ], [ -60.501369580775851, -31.714283941203831 ], [ -60.501466305247831, -31.71454838934643 ], [ -60.502093457125554, -31.715675599450275 ], [ -60.502104388265209, -31.715689545219462 ], [ -60.502111119237647, -31.715705936323818 ], [ -60.502178168635588, -31.715816103155774 ], [ -60.502161639737587, -31.715850370246205 ], [ -60.502123665392183, -31.716129379910363 ], [ -60.50217376837135, -31.71640646858765 ], [ -60.502307044246407, -31.716654512907741 ], [ -60.502434467914441, -31.716822086960438 ], [ -60.502435533255131, -31.716837034170545 ], [ -60.502540046890736, -31.717286980726676 ], [ -60.502542492964906, -31.71729301169157 ], [ -60.502542819611556, -31.717296986682495 ], [ -60.50310794823163, -31.719615633007432 ], [ -60.503107814127056, -31.719644904140289 ], [ -60.50310802846181, -31.719650860810592 ], [ -60.503113592743183, -31.719723500724577 ], [ -60.503114289314993, -31.719729430392981 ], [ -60.503125638479865, -31.719801022422782 ], [ -60.503126813941932, -31.719806896598687 ], [ -60.503143721677041, -31.719876760958279 ], [ -60.503145370381681, -31.719882551417758 ], [ -60.503167513048524, -31.719950074778804 ], [ -60.503169627074207, -31.719955753700116 ], [ -60.503196604379461, -31.720020407481453 ], [ -60.503199173568873, -31.72002594757879 ], [ -60.503230532128988, -31.720087298922543 ], [ -60.503233544137899, -31.720092673577071 ], [ -60.503268801400864, -31.720150388916142 ], [ -60.503272241757386, -31.720155572303998 ], [ -60.503310908173319, -31.720209414431629 ], [ -60.503314760347436, -31.720214381647867 ], [ -60.503356358219719, -31.720264201615972 ], [ -60.503360603702745, -31.720268928794333 ], [ -60.50340468189966, -31.720314654337464 ], [ -60.503409300293114, -31.720319118764994 ], [ -60.503411916031837, -31.720321478156492 ], [ -60.50353243592987, -31.720800472046019 ], [ -60.503643015239419, -31.721059432776443 ], [ -60.503743313152214, -31.72117431307143 ], [ -60.503723962273547, -31.721274335580592 ], [ -60.503131552641712, -31.721366969087025 ], [ -60.503129831399441, -31.721367524609207 ], [ -60.503128022735083, -31.721367528231337 ], [ -60.502373757421879, -31.721488541038301 ], [ -60.501588887187893, -31.71797187762121 ], [ -60.501591441976124, -31.717863290625601 ], [ -60.501576856164313, -31.717754729864481 ], [ -60.501569931031774, -31.717645412769233 ], [ -60.500530650762713, -31.713005370730951 ], [ -60.500516255299914, -31.7129690578507 ], [ -60.500510435949302, -31.712930431567205 ], [ -60.500485449626424, -31.712851509981807 ], [ -60.499987845043449, -31.710629688821221 ], [ -60.499984692958371, -31.710612688557912 ], [ -60.500046532620566, -31.710554509965661 ], [ -60.500181958458803, -31.710307632899209 ], [ -60.500234466875675, -31.710030989970946 ], [ -60.500198917981493, -31.709751660918169 ], [ -60.500078791549711, -31.70949698841477 ], [ -60.499885846392431, -31.709291901579785 ], [ -60.499638969325979, -31.709156475741551 ], [ -60.499584333863275, -31.709136862593841 ], [ -60.499570509301158, -31.709134238612542 ], [ -60.499557968650144, -31.709127856146669 ], [ -60.499557280914722, -31.709127633040012 ], [ -60.499504281128488, -31.709112218877316 ], [ -60.499503576878155, -31.709112037282853 ], [ -60.499450303908347, -31.709100011794096 ], [ -60.49944958656716, -31.709099872594741 ], [ -60.499396124915158, -31.709091158862616 ], [ -60.499395397970851, -31.709091062735165 ], [ -60.499341816322257, -31.709085602953717 ], [ -60.499341083309197, -31.709085550365511 ], [ -60.499287439448722, -31.70908330743276 ], [ -60.499286703930821, -31.70908329863952 ], [ -60.499233049956651, -31.709084257126939 ], [ -60.499232315510014, -31.709084292171383 ], [ -60.499178702383361, -31.709088458688168 ], [ -60.499177972578842, -31.709088537399939 ], [ -60.499124455300816, -31.709095940428551 ], [ -60.49912373368673, -31.709096062424919 ], [ -60.499085330785192, -31.709103755709421 ], [ -60.499012654151407, -31.708839391728901 ], [ -60.49918862945453, -31.708702318352522 ], [ -60.49934642905081, -31.708469106579628 ], [ -60.499424438984008, -31.708198546246386 ], [ -60.499415023098337, -31.707917121683316 ], [ -60.499268027569023, -31.707154951358035 ], [ -60.499172107556973, -31.706890210362172 ], [ -60.498999072737647, -31.706668067626751 ], [ -60.498986475379127, -31.706659543794252 ], [ -60.498920136696633, -31.706536422412238 ], [ -60.49871650745974, -31.706341939565991 ], [ -60.498462746042478, -31.706219900282509 ], [ -60.498183692380437, -31.706182250617161 ], [ -60.498178803573452, -31.706183140483617 ], [ -60.498150207637948, -31.706140767474974 ], [ -60.497928275854484, -31.70596746217474 ], [ -60.497663651902656, -31.70587121973233 ], [ -60.497546039498474, -31.70586714122464 ], [ -60.497412576674378, -31.705690996178426 ], [ -60.497181494060598, -31.705530094751424 ], [ -60.496912000159597, -31.705448476855558 ], [ -60.496630474912081, -31.705454131819135 ], [ -60.496421340125764, -31.70552675870379 ], [ -60.496130628781827, -31.705326929271749 ], [ -60.496051811024238, -31.705289328561189 ], [ -60.495978068098999, -31.705242552142703 ], [ -60.49542190478796, -31.705002020918425 ], [ -60.495149154100105, -31.704932053026688 ], [ -60.494868131513485, -31.704949794205096 ], [ -60.494606345476882, -31.705053507823497 ], [ -60.494389421431528, -31.705233041670304 ], [ -60.494238593414387, -31.705470821721711 ], [ -60.494168625522647, -31.70574357240957 ], [ -60.494183885863912, -31.705985298211271 ], [ -60.4941360574608, -31.705973191247271 ], [ -60.493855092835375, -31.705991827847285 ], [ -60.493693862614059, -31.706056298734339 ], [ -60.493646556531758, -31.706043566274964 ], [ -60.493605956427864, -31.706033929414016 ], [ -60.493553808336152, -31.706023170379694 ], [ -60.493512534572709, -31.706015920636681 ], [ -60.493460226784109, -31.706008308776553 ], [ -60.493418471164389, -31.706003479841801 ], [ -60.493366064503597, -31.705998966512034 ], [ -60.493324021070045, -31.705996580826103 ], [ -60.493271567745737, -31.705995136595845 ], [ -60.49322943187822, -31.705995205245252 ], [ -60.493176979875535, -31.705996820605236 ], [ -60.493134947383417, -31.705999343271035 ], [ -60.493082544811465, -31.706004028854426 ], [ -60.493040811023803, -31.706008993813558 ], [ -60.493007181747544, -31.706018500076883 ], [ -60.492972260534771, -31.706019844009621 ], [ -60.492911811523044, -31.706031817538378 ], [ -60.492859873403759, -31.706043713166515 ], [ -60.492800515886955, -31.706059170789782 ], [ -60.492748841141683, -31.706074291929003 ], [ -60.492690849543642, -31.706093162182718 ], [ -60.492639536634471, -31.706111596019483 ], [ -60.492583179064546, -31.706133791662179 ], [ -60.492532350328688, -31.706155637417066 ], [ -60.492477887342297, -31.706181055833174 ], [ -60.492427693646164, -31.706206420777953 ], [ -60.492375377040169, -31.706234944452163 ], [ -60.492326002259539, -31.706263938740523 ], [ -60.492276073908272, -31.706295435801081 ], [ -60.492064355006441, -31.706481079411823 ], [ -60.491920365395842, -31.706723061716222 ], [ -60.491858199782804, -31.706997695800336 ], [ -60.491883943370667, -31.707278098566526 ], [ -60.491995076197675, -31.707536822238353 ], [ -60.492037192635749, -31.707584854303573 ], [ -60.491990826134007, -31.707660906129348 ], [ -60.4919257163833, -31.707934857154104 ], [ -60.491948448852895, -31.70821552008081 ], [ -60.492004779172895, -31.708447818827352 ], [ -60.492099511602525, -31.708922743360311 ], [ -60.492087121721347, -31.708970331382318 ], [ -60.492103853801225, -31.709251415855572 ], [ -60.492235847094868, -31.709851425287589 ], [ -60.492234339026794, -31.70992178763953 ], [ -60.492240264465906, -31.709965201193494 ], [ -60.491293182481179, -31.710093934478486 ], [ -60.491356038251283, -31.710050843799959 ], [ -60.491527717487607, -31.709827651767355 ], [ -60.491622024012948, -31.709562331728762 ], [ -60.49162972644752, -31.70928085505814 ], [ -60.491550070823379, -31.70901077465318 ], [ -60.491390854387994, -31.708778527865675 ], [ -60.491167662355394, -31.708606848629351 ], [ -60.490902342316794, -31.708512542104014 ], [ -60.490620865646179, -31.708504839669438 ], [ -60.490245637939879, -31.708553789871473 ], [ -60.490212539619819, -31.708546614481108 ], [ -60.490209087217139, -31.708545970648192 ], [ -60.490157709483213, -31.708537917714459 ], [ -60.490154214402331, -31.70853747293225 ], [ -60.490102730593009, -31.708532419850645 ], [ -60.49009920851941, -31.708532176115281 ], [ -60.490047669465547, -31.70853009115552 ], [ -60.490044136205825, -31.708530049560839 ], [ -60.48999258793333, -31.708530919476338 ], [ -60.489989059344303, -31.708531080208981 ], [ -60.489937547032852, -31.708534910538454 ], [ -60.489934038950388, -31.708535272877143 ], [ -60.489921395404018, -31.708538636353069 ], [ -60.489908316336255, -31.708538304357315 ], [ -60.489604592879346, -31.708578538032413 ], [ -60.48960225309213, -31.708318007524465 ], [ -60.489512837985863, -31.708050999317901 ], [ -60.489345289092924, -31.707824690210536 ], [ -60.48911600726634, -31.707661232914582 ], [ -60.488957846866391, -31.707611409289587 ], [ -60.488947493834715, -31.707555473150979 ], [ -60.488853564597427, -31.707290019309447 ], [ -60.488682202835975, -31.707066583434273 ], [ -60.488450182633521, -31.70690703698569 ], [ -60.488180215744066, -31.706826997481706 ], [ -60.487898728407707, -31.706834299746646 ], [ -60.487633274566178, -31.706928228983934 ], [ -60.487409838691001, -31.707099590745383 ], [ -60.487382303423708, -31.707139633869804 ], [ -60.487279273777254, -31.70706875126838 ], [ -60.48700932549081, -31.706988649044636 ], [ -60.486727836465498, -31.706995885910885 ], [ -60.486462360808375, -31.707089753472243 ], [ -60.486238885126426, -31.707261063317784 ], [ -60.486079284776451, -31.707493046446242 ], [ -60.485999182552703, -31.707762994732683 ], [ -60.486006419418956, -31.708044483757991 ], [ -60.486074763001682, -31.708414215597688 ], [ -60.486029879312696, -31.708554261324984 ], [ -60.486031008197394, -31.708835841099155 ], [ -60.486080972345732, -31.709143318960894 ], [ -60.486087937418098, -31.709164466392274 ], [ -60.4860891181849, -31.709186699967745 ], [ -60.486100902733945, -31.709241952341259 ], [ -60.485794973471073, -31.709290951702368 ], [ -60.484979228593978, -31.70940424864223 ], [ -60.482964618405823, -31.709677188487383 ], [ -60.482955226396598, -31.709680008989263 ], [ -60.482945420021267, -31.709680000558421 ], [ -60.482342387961566, -31.709774980075249 ], [ -60.482059712876293, -31.708364722356869 ], [ -60.482055486707985, -31.70835331851826 ], [ -60.482054666542716, -31.708341184460298 ], [ -60.481966763330028, -31.707956356014655 ], [ -60.48163958043947, -31.705985353854118 ], [ -60.481550582509406, -31.705718206306784 ], [ -60.481383387315951, -31.705491635763934 ], [ -60.481154361089558, -31.705327820528908 ], [ -60.480885922512989, -31.705242795978283 ], [ -60.480604348224432, -31.705244884907472 ], [ -60.480337200677099, -31.705333882837532 ], [ -60.480110630134241, -31.705501078030984 ], [ -60.479946814899222, -31.705730104257377 ], [ -60.479861790348593, -31.705998542833953 ], [ -60.479863879277779, -31.70628011712251 ], [ -60.480195490161407, -31.708277794222852 ], [ -60.480204102069585, -31.708303644825733 ], [ -60.480205939580479, -31.708330830156044 ], [ -60.480297183643231, -31.708730284394047 ], [ -60.480735611475559, -31.710917588004136 ], [ -60.480737393143755, -31.710922395634849 ], [ -60.480737659657578, -31.710927515852127 ], [ -60.48165073550819, -31.715230722473741 ], [ -60.481653202347189, -31.715237155644544 ], [ -60.481653664620573, -31.715244030037937 ], [ -60.481716289025691, -31.71551862727728 ], [ -60.481680399008496, -31.715523939464852 ], [ -60.481452946015608, -31.715557604908586 ], [ -60.481439406978062, -31.715559714273716 ], [ -60.48104172889736, -31.715624776571808 ], [ -60.480532444433749, -31.715670206976817 ], [ -60.480511684721876, -31.715675420509239 ], [ -60.480490285067013, -31.715674971812454 ], [ -60.479964689623742, -31.715746958479791 ], [ -60.479921321798358, -31.715753980504633 ], [ -60.479594042068015, -31.715815205266086 ], [ -60.479328997503615, -31.715858445679352 ], [ -60.479327671951268, -31.715858662950819 ], [ -60.479186093462367, -31.715881977604184 ], [ -60.479178948238619, -31.715883183819454 ], [ -60.478849879514051, -31.715940098728542 ], [ -60.478638260092325, -31.715974946556148 ], [ -60.478499934120805, -31.715993278499656 ], [ -60.478485410903595, -31.71599759405607 ], [ -60.478470260553529, -31.715997715540528 ], [ -60.477933037093365, -31.716087224831259 ], [ -60.477710507148394, -31.716009736510543 ], [ -60.477599104535216, -31.71600740510473 ], [ -60.477507484174502, -31.71589348188083 ], [ -60.477271846866302, -31.715739327728809 ], [ -60.477000106216124, -31.715665534350762 ], [ -60.476718862092142, -31.715679325156678 ], [ -60.476455644628757, -31.715779350206386 ], [ -60.476236219385221, -31.715955818351105 ], [ -60.4760820652332, -31.71619145565931 ], [ -60.476062426345287, -31.716263774942021 ], [ -60.474165190401791, -31.716553543049624 ], [ -60.474141635640315, -31.716561052984339 ], [ -60.47411694228871, -31.716562263064404 ], [ -60.474007974600667, -31.716603667964019 ], [ -60.473896913810123, -31.716639077334953 ], [ -60.473876832598194, -31.716653498528892 ], [ -60.473853721760534, -31.71666228004872 ], [ -60.473762882148371, -31.716735331315764 ], [ -60.473668199157224, -31.716803327300397 ], [ -60.473653557183773, -31.716823248106614 ], [ -60.473634291109875, -31.716838741469868 ], [ -60.473570471587763, -31.716936288337347 ], [ -60.473501434626854, -31.717030215014947 ], [ -60.473493665150251, -31.717053685446146 ], [ -60.47348012973768, -31.717074374054466 ], [ -60.47344957740512, -31.717186867955263 ], [ -60.473412944293166, -31.717297531128278 ], [ -60.473412807843921, -31.717322253735126 ], [ -60.473406328033157, -31.717346112443384 ], [ -60.473412033565303, -31.717462541690747 ], [ -60.473411390206579, -31.717579108876716 ], [ -60.473418900141297, -31.7176026636382 ], [ -60.473420110221362, -31.717627356989802 ], [ -60.473434954688237, -31.717698379419804 ], [ -60.473476359589355, -31.717807347111805 ], [ -60.473511768962645, -31.717918407906069 ], [ -60.473526190154253, -31.717938489114356 ], [ -60.473534971672549, -31.717961599947973 ], [ -60.473608022942244, -31.718052439563436 ], [ -60.473609439058116, -31.718054411475226 ], [ -60.473550486051124, -31.718229520600602 ], [ -60.473547505212132, -31.718511086859589 ], [ -60.473631679024848, -31.718779793414878 ], [ -60.473775397295626, -31.718982073612914 ], [ -60.473752237578573, -31.719050865374452 ], [ -60.473749256810997, -31.719332431634196 ], [ -60.473833430691876, -31.71960113816813 ], [ -60.47399651969527, -31.71983068210853 ], [ -60.474222559533224, -31.719998594095177 ], [ -60.474489423851487, -31.720088437732908 ], [ -60.474770990111232, -31.720091418500484 ], [ -60.476134568282127, -31.719890221642864 ], [ -60.476163506450412, -31.719890527672302 ], [ -60.477201148128934, -31.719737411198615 ], [ -60.477287978495525, -31.719760990689075 ], [ -60.477569222619508, -31.719747199883159 ], [ -60.477670038773923, -31.71970888882003 ], [ -60.479385838698128, -31.719456561644005 ], [ -60.479397369751489, -31.71945478944863 ], [ -60.479689332374463, -31.719407979039374 ], [ -60.480130062832345, -31.719337314919159 ], [ -60.480402802876867, -31.71934496887885 ], [ -60.480680209969513, -31.719300489862199 ], [ -60.480854582715544, -31.719254218661654 ], [ -60.480932031985894, -31.719225086413854 ], [ -60.481106580266548, -31.719174571023938 ], [ -60.481965410780866, -31.719049405880053 ], [ -60.482015181366791, -31.719053819067749 ], [ -60.482017383135577, -31.719053948113878 ], [ -60.482071028093522, -31.719055489422846 ], [ -60.482073235030107, -31.719055487004685 ], [ -60.482126879061212, -31.719053827984094 ], [ -60.48212908043574, -31.719053694113395 ], [ -60.482182672184095, -31.719048823324858 ], [ -60.48218485729376, -31.719048558652457 ], [ -60.482211618011668, -31.719044909033158 ], [ -60.482364732840338, -31.719021682040765 ], [ -60.482504608905202, -31.719014600141826 ], [ -60.483075223682633, -31.721606674174733 ], [ -60.483102589062092, -31.721676448700716 ], [ -60.483119375844829, -31.721749493566314 ], [ -60.483152878635927, -31.721832655321691 ], [ -60.483289694742631, -31.722474242925355 ], [ -60.483297699105876, -31.722767353472079 ], [ -60.483333088352651, -31.722945255625937 ], [ -60.483342717158855, -31.722988155256324 ], [ -60.483463021460153, -31.723468881319381 ], [ -60.483542238191951, -31.723854380947866 ], [ -60.483556406183368, -31.723998349333613 ], [ -60.483570503885929, -31.724091380845167 ], [ -60.483601599293877, -31.724242687242647 ], [ -60.48362300333492, -31.724346851217273 ], [ -60.483742338356173, -31.724927574826587 ], [ -60.483745779279779, -31.724943579815637 ], [ -60.483798710173154, -31.72517932599381 ], [ -60.483879677786668, -31.725540513922432 ], [ -60.482432326607089, -31.725781547279322 ], [ -60.482424781755881, -31.725784065154027 ], [ -60.4824197049997, -31.725784296895728 ], [ -60.482385233156137, -31.725797263349225 ], [ -60.482165225505405, -31.725870684505431 ], [ -60.481952997482871, -31.726027466797564 ], [ -60.481819962842266, -31.725990855611553 ], [ -60.481604791453449, -31.726000675689992 ], [ -60.481563271808831, -31.725869289964539 ], [ -60.481399607356323, -31.725640155963163 ], [ -60.481276441144182, -31.725549141560556 ], [ -60.481347979514368, -31.725538380086135 ], [ -60.481546055560067, -31.725593214338144 ], [ -60.481827363972705, -31.725580803835264 ], [ -60.482091069115334, -31.725482071665468 ], [ -60.482311357691252, -31.725306682421436 ], [ -60.482466666319809, -31.725071804424385 ], [ -60.482541792310336, -31.724800429169161 ], [ -60.48252938180746, -31.724519120756522 ], [ -60.482358014203307, -31.723678780453863 ], [ -60.482317081763398, -31.72356945342371 ], [ -60.48228212127686, -31.723458072866453 ], [ -60.482267890349995, -31.723438067384969 ], [ -60.482259282033503, -31.723415075311237 ], [ -60.482186569059586, -31.723323747946413 ], [ -60.482118901175973, -31.723228622126058 ], [ -60.482099184726493, -31.723213993380785 ], [ -60.482083892789475, -31.72319478673532 ], [ -60.481986516933993, -31.723130398794517 ], [ -60.481892765457275, -31.723060839289232 ], [ -60.481869493468622, -31.723053019243675 ], [ -60.481849014792424, -31.723039478106763 ], [ -60.481736507882594, -31.723008332330281 ], [ -60.481625849860499, -31.72297114810906 ], [ -60.48160130035707, -31.722970902243759 ], [ -60.4815776395372, -31.722964352116232 ], [ -60.481461014533259, -31.722969497269673 ], [ -60.481344281943969, -31.722968328183171 ], [ -60.479687192522825, -31.723213800100869 ], [ -60.479671607980201, -31.723194900453592 ], [ -60.479434100865639, -31.72304364301036 ], [ -60.479232723057862, -31.7229915961634 ], [ -60.47908767003716, -31.722371848014447 ], [ -60.479068936826366, -31.722303914892137 ], [ -60.479052062352942, -31.722250913632223 ], [ -60.478932294052143, -31.721682779136337 ], [ -60.478928032413947, -31.721663602877303 ], [ -60.478842442467887, -31.721297389457884 ], [ -60.478814244382356, -31.721169779872785 ], [ -60.478781623620691, -31.721057408379593 ], [ -60.478759603851799, -31.720996628767519 ], [ -60.478752688852737, -31.720999133993796 ], [ -60.478687649442755, -31.720830215895319 ], [ -60.478510220937075, -31.720611566475075 ], [ -60.478273910013904, -31.720458446942708 ], [ -60.478001848432875, -31.720385845704893 ], [ -60.477720667477115, -31.720400869476634 ], [ -60.477457891097664, -31.720502047626471 ], [ -60.477239241677417, -31.720679476132155 ], [ -60.477086122145046, -31.720915787055326 ], [ -60.477013520907235, -31.721187848636351 ], [ -60.47702854467898, -31.721469029592114 ], [ -60.477033282674725, -31.721491208808299 ], [ -60.477067244411259, -31.721609751531734 ], [ -60.477069293655127, -31.721615407914779 ], [ -60.477086018118953, -31.721691093971099 ], [ -60.477088435786285, -31.721701728793271 ], [ -60.477173031320497, -31.72206368742599 ], [ -60.477300106786338, -31.722666484286641 ], [ -60.477323166840257, -31.722753872459975 ], [ -60.477343070636046, -31.722816388559135 ], [ -60.477394349972727, -31.723035482748525 ], [ -60.476652712998479, -31.723151204094606 ], [ -60.476630723330601, -31.72314614849974 ], [ -60.476584034073063, -31.722926491817116 ], [ -60.476483124338181, -31.722663612245814 ], [ -60.476305919222256, -31.722444781739505 ], [ -60.476069764796698, -31.722291420952825 ], [ -60.475797777502066, -31.722218541908106 ], [ -60.475516581349801, -31.722233278514018 ], [ -60.475253701778499, -31.722334188248901 ], [ -60.475221603229933, -31.722360181092018 ], [ -60.474118857015576, -31.722531419472215 ], [ -60.473454469030628, -31.722634582114626 ], [ -60.473186405738844, -31.722720782550805 ], [ -60.473087145511968, -31.722792440047947 ], [ -60.472786998054929, -31.722839044261459 ], [ -60.472543612868733, -31.722852551683243 ], [ -60.472281045579443, -31.722954271210373 ], [ -60.47206276231055, -31.723132149984039 ], [ -60.471910130149269, -31.723368775990522 ], [ -60.471838089795, -31.723640986627636 ], [ -60.471849637679583, -31.723849063645257 ], [ -60.471849496893022, -31.723895395541565 ], [ -60.471852774729413, -31.723905588973981 ], [ -60.47185369305955, -31.723922136021621 ], [ -60.471924777946377, -31.724251569359687 ], [ -60.471888382990642, -31.724298739693214 ], [ -60.471793682814422, -31.72456391948171 ], [ -60.471785562655946, -31.72484538441137 ], [ -60.471864817372897, -31.725115582733796 ], [ -60.472023688961379, -31.725348065554613 ], [ -60.472246625963393, -31.725520075835508 ], [ -60.472274003085111, -31.725529852667542 ], [ -60.472290680590561, -31.72557737732723 ], [ -60.472461461257218, -31.725801257669154 ], [ -60.472693066153454, -31.725961406398902 ], [ -60.472962824178353, -31.726042147042985 ], [ -60.473244329536911, -31.726035576144611 ], [ -60.473510026523272, -31.725942336909092 ], [ -60.473733906865192, -31.725771556242435 ], [ -60.47389405559494, -31.725539951346196 ], [ -60.473929705978129, -31.725420841855986 ], [ -60.474434772034378, -31.725341997896315 ], [ -60.474440387370642, -31.725340187155222 ], [ -60.474446287108627, -31.725340124812313 ], [ -60.47479110849774, -31.725281769052206 ], [ -60.475702085951525, -31.725139641807186 ], [ -60.475707500904001, -31.725137896207933 ], [ -60.475713189980809, -31.725137839192385 ], [ -60.476432283533271, -31.725016546725115 ], [ -60.476841604827555, -31.724952681209349 ], [ -60.476854486348067, -31.724948528477263 ], [ -60.476868015594924, -31.724948156679361 ], [ -60.476868370829678, -31.72494809036484 ], [ -60.47692104928398, -31.724936613706781 ], [ -60.47692139833071, -31.724936526634714 ], [ -60.476964843368904, -31.724924281285883 ], [ -60.477709276522653, -31.724808123637857 ], [ -60.477707456242044, -31.724967165563715 ], [ -60.477791399325945, -31.725235944287327 ], [ -60.477954291136207, -31.725465628204375 ], [ -60.478060622297868, -31.725544757303215 ], [ -60.47806530400311, -31.725567847758906 ], [ -60.478064803773812, -31.725567774772863 ], [ -60.478064087830468, -31.725567691794403 ], [ -60.478011457958964, -31.725563152606018 ], [ -60.478010737050219, -31.725563111699003 ], [ -60.477958060360272, -31.725561667843913 ], [ -60.477957337866336, -31.725561669200115 ], [ -60.477904662661842, -31.725563311065049 ], [ -60.47790394197029, -31.725563354678144 ], [ -60.477851316877867, -31.725568093185522 ], [ -60.477850601367841, -31.725568178850981 ], [ -60.477824324173582, -31.725571718280694 ], [ -60.477735651314568, -31.725584994811463 ], [ -60.477709477102529, -31.725589309044786 ], [ -60.477708771999573, -31.725589435966114 ], [ -60.477656554515505, -31.725600442868366 ], [ -60.477655861191899, -31.725600610626742 ], [ -60.477603883371522, -31.725614847420733 ], [ -60.477603205060795, -31.725615055233753 ], [ -60.477551560300803, -31.725632606292848 ], [ -60.47755090016647, -31.725632853191332 ], [ -60.477499704885098, -31.725653816115749 ], [ -60.477499066005876, -31.725654100948205 ], [ -60.477448464280272, -31.725678582853018 ], [ -60.477447849635773, -31.725678904291055 ], [ -60.477398017966586, -31.725707016842652 ], [ -60.477397430423395, -31.725707373387145 ], [ -60.477348582006954, -31.725739226534827 ], [ -60.477348024305236, -31.725739616522922 ], [ -60.477300412621922, -31.725775310738818 ], [ -60.477299887362683, -31.725775732351689 ], [ -60.477253808660024, -31.725815349279014 ], [ -60.477253318292995, -31.725815800550354 ], [ -60.477209112464472, -31.725859392030532 ], [ -60.477208659276599, -31.725859870855686 ], [ -60.477166708107355, -31.725907446956036 ], [ -60.477166294212218, -31.725907951101874 ], [ -60.477127016970968, -31.72595946709065 ], [ -60.477126644298899, -31.72595999420593 ], [ -60.477090489526546, -31.726015337807645 ], [ -60.477090159815617, -31.726015885434016 ], [ -60.477080185423624, -31.726033949590416 ], [ -60.476813699281841, -31.726074146659897 ], [ -60.476788673689093, -31.726078283030812 ], [ -60.476787967345018, -31.726078410029775 ], [ -60.476735660488131, -31.726089427572088 ], [ -60.476734965955472, -31.726089595549304 ], [ -60.476682899381437, -31.726103853881558 ], [ -60.47668221991043, -31.726104062050961 ], [ -60.476630487553606, -31.726121645948943 ], [ -60.476629826323958, -31.726121893336359 ], [ -60.47657854519818, -31.726142900916582 ], [ -60.476577905304296, -31.726143186364265 ], [ -60.476527220264273, -31.726167725330065 ], [ -60.476526604700673, -31.726168047502235 ], [ -60.476476693319576, -31.726196230097873 ], [ -60.476476104966935, -31.726196587486854 ], [ -60.47642718178497, -31.726228524186315 ], [ -60.476426623396598, -31.726228915119606 ], [ -60.476378943482551, -31.726264706831479 ], [ -60.476378417671562, -31.726265129479636 ], [ -60.476332279249576, -31.726304858008984 ], [ -60.476331788476628, -31.726305310394128 ], [ -60.476287533614489, -31.72634902750244 ], [ -60.476287080176277, -31.726349507507525 ], [ -60.476245093203666, -31.726397222630474 ], [ -60.476244679222127, -31.726397728009207 ], [ -60.476205382003684, -31.726449395352184 ], [ -60.476205009416162, -31.726449923739544 ], [ -60.47616885323265, -31.726505429187174 ], [ -60.476168523782746, -31.726505978110431 ], [ -60.476135976950744, -31.726565127701534 ], [ -60.476135692180186, -31.726565694591869 ], [ -60.476107223860865, -31.726628205472593 ], [ -60.476106985102327, -31.726628787677161 ], [ -60.476096601107898, -31.726657197072178 ], [ -60.476046804898992, -31.726595338595288 ], [ -60.475811095267304, -31.726441295052318 ], [ -60.475539320013482, -31.72636762921891 ], [ -60.475258082392941, -31.726381552020101 ], [ -60.474994911903472, -31.726481700595105 ], [ -60.474775569506207, -31.726658271703624 ], [ -60.474621525963229, -31.726893981335312 ], [ -60.474547860129825, -31.727165756589134 ], [ -60.474561782931019, -31.727446994209679 ], [ -60.474758443191078, -31.728385559554134 ], [ -60.474661542267306, -31.728399337344001 ], [ -60.474418089543875, -31.727251845473013 ], [ -60.474317279137551, -31.726988927794682 ], [ -60.474140156712977, -31.726770030352224 ], [ -60.473904060247165, -31.726616580352452 ], [ -60.473632100507153, -31.726543598550489 ], [ -60.473350898807169, -31.726558228913611 ], [ -60.473087981128835, -31.726659039319937 ], [ -60.472869083686376, -31.726836161744512 ], [ -60.472715633686605, -31.727072258210328 ], [ -60.472642651884641, -31.727344217950332 ], [ -60.472657282247766, -31.727625419650323 ], [ -60.472875150599663, -31.7286523219549 ], [ -60.472411429574485, -31.728717763923161 ], [ -60.472142198419107, -31.728800244397075 ], [ -60.471911632242545, -31.728961884991687 ], [ -60.471742300468598, -31.729186863199374 ], [ -60.471650778471115, -31.729453156585656 ], [ -60.47164602506087, -31.729734698498511 ], [ -60.471728505534784, -31.730003929653886 ], [ -60.471890146129397, -31.730234495830452 ], [ -60.472115124337087, -31.730403827604395 ], [ -60.472381417723369, -31.730495349601881 ], [ -60.472662959636217, -31.730500103012123 ], [ -60.473178943357304, -31.730427285545446 ], [ -60.473287096539025, -31.730926192942476 ], [ -60.473280134339568, -31.730946698060308 ], [ -60.473276428231117, -31.731228255706913 ], [ -60.473359909610224, -31.731497178191923 ], [ -60.47352240673785, -31.731727141508813 ], [ -60.473748013262956, -31.731895635245877 ], [ -60.474014645246982, -31.731986166062168 ], [ -60.474139432732578, -31.731987808624392 ], [ -60.474154419389066, -31.731991759504478 ], [ -60.474208335054222, -31.731988715577124 ], [ -60.474296202893584, -31.731989872170615 ], [ -60.474365355172516, -31.731979850661297 ], [ -60.474435553736654, -31.731975887447099 ], [ -60.474461047682752, -31.731965982956606 ], [ -60.474537479778448, -31.731954906460341 ], [ -60.474821492107914, -31.733323578534954 ], [ -60.47480132822097, -31.733324275975782 ], [ -60.474536695722584, -31.733420494915698 ], [ -60.474440333112923, -31.733495730167618 ], [ -60.474256786213779, -31.733626953205839 ], [ -60.474089540166879, -31.733853486213143 ], [ -60.474000482273198, -31.734120613776632 ], [ -60.473998330139871, -31.734402187589197 ], [ -60.474083294432695, -31.734670645244233 ], [ -60.47416906509136, -31.734790616086613 ], [ -60.475014647444119, -31.739148478482353 ], [ -60.475010873353021, -31.739166431032061 ], [ -60.475022622755716, -31.739275869949029 ], [ -60.475022868341789, -31.73928235467033 ], [ -60.475022679503887, -31.739358258960131 ], [ -60.475026151031116, -31.739369034363968 ], [ -60.475026788202214, -31.739385858921473 ], [ -60.475031013950755, -31.739397363472914 ], [ -60.4750311956901, -31.739402162315319 ], [ -60.475038240725908, -31.739421342343409 ], [ -60.475040931373108, -31.7394464041719 ], [ -60.475045338860205, -31.739462707561735 ], [ -60.475084492572151, -31.739550122865751 ], [ -60.4751090266262, -31.739626275038137 ], [ -60.475118152833559, -31.73963890212746 ], [ -60.475128281730093, -31.739666477930523 ], [ -60.475147638402774, -31.73969110341924 ], [ -60.475160442194252, -31.739719689401742 ], [ -60.475234274243491, -31.739801321221289 ], [ -60.475250005479062, -31.739821334442073 ], [ -60.475273969142407, -31.739854490747391 ], [ -60.475278896410337, -31.739858089379965 ], [ -60.475302294058046, -31.739887855782445 ], [ -60.475328313042233, -31.739905294473136 ], [ -60.475349323725951, -31.739928524768917 ], [ -60.475396312362832, -31.739955514077767 ], [ -60.475441581205232, -31.739984364206521 ], [ -60.475534988225412, -31.740051756650608 ], [ -60.4755598692186, -31.740059749929568 ], [ -60.475581907572774, -31.740073795116537 ], [ -60.475693414729101, -31.740102652819786 ], [ -60.475803075494852, -31.740137882486259 ], [ -60.47582920878461, -31.740137795896569 ], [ -60.475854508706405, -31.740144343437187 ], [ -60.475969475834745, -31.740137331137607 ], [ -60.476084655986256, -31.740136949501242 ], [ -60.476103894109805, -31.74013383710512 ], [ -60.476113231488426, -31.74013076896544 ], [ -60.476121974474339, -31.740130466557705 ], [ -60.476130027712635, -31.740127538443975 ], [ -60.476135568420894, -31.740127200494278 ], [ -60.476141396137365, -31.740124906026882 ], [ -60.476154806716679, -31.740124088060004 ], [ -60.476261979944105, -31.74008189218128 ], [ -60.476296117530218, -31.740070675019929 ], [ -60.477136340491427, -31.739939738712238 ], [ -60.4775154979653, -31.741627324060349 ], [ -60.477464725579402, -31.741786897812361 ], [ -60.477466446776582, -31.742068474588894 ], [ -60.477555095741543, -31.742335738137871 ], [ -60.477721994895944, -31.742562526840988 ], [ -60.4779508069877, -31.742726641039855 ], [ -60.478219134295038, -31.742812016093232 ], [ -60.478500711071568, -31.742810294896053 ], [ -60.479630218280121, -31.742624314120164 ], [ -60.479642501239908, -31.742620239970599 ], [ -60.479655442026917, -31.742620160742131 ], [ -60.480739316304025, -31.742441682958592 ], [ -60.480689268389646, -31.742665427242979 ], [ -60.480604565233762, -31.742677807473171 ], [ -60.480545932004652, -31.742685267504807 ], [ -60.48052228312487, -31.742675063776186 ], [ -60.480521616425968, -31.742674800674234 ], [ -60.480469116911621, -31.742655941162081 ], [ -60.480468430415677, -31.742655718318389 ], [ -60.480415555329174, -31.742640325896268 ], [ -60.480414852360319, -31.742640144389906 ], [ -60.480361706411763, -31.742628125627082 ], [ -60.480360990373882, -31.742627986336899 ], [ -60.480307657233858, -31.742619264402414 ], [ -60.480306931594185, -31.742619168002893 ], [ -60.480253479169392, -31.742613685079895 ], [ -60.480252747441568, -31.742613632037841 ], [ -60.480199232972282, -31.742611350911599 ], [ -60.480198498699494, -31.742611341483823 ], [ -60.480144973432012, -31.742612246467768 ], [ -60.480144240169736, -31.742612280699941 ], [ -60.48009075441766, -31.742616378029279 ], [ -60.480090025716471, -31.742616455755627 ], [ -60.480074979139637, -31.74262051236288 ], [ -60.480059397444009, -31.742620254878616 ], [ -60.476750759321142, -31.74308839188183 ], [ -60.476742321891436, -31.743090980045718 ], [ -60.476733496464071, -31.743091005432561 ], [ -60.475821535990129, -31.743238136120908 ], [ -60.475553986965487, -31.743325919735632 ], [ -60.475326659350948, -31.743492084109882 ], [ -60.475161805557306, -31.743720363916971 ], [ -60.4750755626225, -31.743988413538865 ], [ -60.475076372605862, -31.74426999441096 ], [ -60.475164156220586, -31.744537543435602 ], [ -60.475330320594836, -31.74476487105014 ], [ -60.475558600401925, -31.744929724843779 ], [ -60.475826650023812, -31.745015967778592 ], [ -60.47610823089591, -31.74501515779523 ], [ -60.47623361741784, -31.744994928623232 ], [ -60.476326398597905, -31.745437788830309 ], [ -60.476326709196648, -31.74543860508869 ], [ -60.476326754028157, -31.745439477292472 ], [ -60.476543315718814, -31.746463377770336 ], [ -60.476543693006924, -31.746464363599092 ], [ -60.476543749634011, -31.746465417638035 ], [ -60.476850340381112, -31.747898562396724 ], [ -60.476951595281093, -31.748161309211799 ], [ -60.477129087644599, -31.748379906797556 ], [ -60.477230686472957, -31.748445696434704 ], [ -60.477223901970916, -31.748451432956564 ], [ -60.477075585971939, -31.748690787939903 ], [ -60.47700849383218, -31.748964260220738 ], [ -60.47702919299774, -31.749245080426824 ], [ -60.477922355696357, -31.753048431959808 ], [ -60.476719055787363, -31.753237820368682 ], [ -60.475800176264485, -31.753369832499644 ], [ -60.475332489292327, -31.753426235546673 ], [ -60.475312055142133, -31.75342893764639 ], [ -60.475053284709489, -31.75346617582505 ], [ -60.475013426533955, -31.753472828114766 ], [ -60.47414927923063, -31.753637073747782 ], [ -60.473857659525919, -31.753671632583419 ], [ -60.473355953454998, -31.751359964523473 ], [ -60.473081334990802, -31.750037813276872 ], [ -60.473123184608866, -31.749909826681215 ], [ -60.473123710151135, -31.749628245134577 ], [ -60.47303719648832, -31.749360282768286 ], [ -60.472930917623223, -31.749213426847518 ], [ -60.472449363955754, -31.746822674098716 ], [ -60.472351266077808, -31.746558732343885 ], [ -60.472176406963975, -31.746338022729429 ], [ -60.471941903042648, -31.746182149850188 ], [ -60.471670709191521, -31.746106371629608 ], [ -60.47138937175427, -31.746118105767902 ], [ -60.471125429999439, -31.746216203645854 ], [ -60.470904720384986, -31.746391062759685 ], [ -60.470748847505739, -31.746625566681011 ], [ -60.470673069285162, -31.746896760532138 ], [ -60.47068480342346, -31.747178097969389 ], [ -60.471166902272316, -31.749571557361254 ], [ -60.471138859573351, -31.749657318946173 ], [ -60.471138334031082, -31.749938900492811 ], [ -60.471224847693897, -31.750206862859102 ], [ -60.471301697238417, -31.750313053404245 ], [ -60.471302178109774, -31.750323123907069 ], [ -60.471594384847435, -31.751729953937957 ], [ -60.471595823223524, -31.751733753704261 ], [ -60.471596053214952, -31.751737810088581 ], [ -60.472075267637798, -31.753945845309509 ], [ -60.471861818015853, -31.753977881841706 ], [ -60.471468060329244, -31.754036979414149 ], [ -60.47114683767056, -31.754085189528631 ], [ -60.470702567643109, -31.754151865354814 ], [ -60.470706589155292, -31.753990265534156 ], [ -60.470626264769415, -31.753720383269762 ], [ -60.470573841350166, -31.7536443186596 ], [ -60.470523013246002, -31.753403979250638 ], [ -60.470529505254419, -31.753143108416999 ], [ -60.470449180946332, -31.752873226129449 ], [ -60.470393762912451, -31.752792816385032 ], [ -60.470255288919816, -31.752138032277909 ], [ -60.470154649731676, -31.751875049013396 ], [ -60.469977669878041, -31.751656036285439 ], [ -60.469741673380057, -31.751502432585802 ], [ -60.469469761219244, -31.75142927371482 ], [ -60.469188550052422, -31.751443720972521 ], [ -60.468985510851972, -31.751521420594699 ], [ -60.46883329983973, -31.751541660675912 ], [ -60.468748682603746, -31.751518893452314 ], [ -60.468467471329483, -31.751533338618497 ], [ -60.468239334848818, -31.751620640594432 ], [ -60.468118071527378, -31.751636764702038 ], [ -60.468045538140842, -31.75161724821065 ], [ -60.467764326761838, -31.751631691337654 ], [ -60.467524727681955, -31.751723377764264 ], [ -60.467525036890109, -31.751636678909794 ], [ -60.46743897890267, -31.751368569852879 ], [ -60.467274282638009, -31.751140176367841 ], [ -60.467047069714013, -31.750973855200304 ], [ -60.466779581314768, -31.750885887024982 ], [ -60.466498001068487, -31.750884882779776 ], [ -60.465640328331212, -31.751017590976009 ], [ -60.465594748425097, -31.751032221272474 ], [ -60.465547128241255, -31.751037109166305 ], [ -60.465461436239046, -31.751075011988178 ], [ -60.465372219274293, -31.751103648963444 ], [ -60.465368109554383, -31.751106612513468 ], [ -60.46368113997228, -31.751349576871025 ], [ -60.463655293978888, -31.751357575376801 ], [ -60.463628266770137, -31.751358808849936 ], [ -60.463555704192238, -31.751386102212528 ], [ -60.462695828103328, -31.751526763962122 ], [ -60.462683229920977, -31.751530928064234 ], [ -60.462669969173156, -31.751531382499664 ], [ -60.462666493155403, -31.751532055821791 ], [ -60.462614907789643, -31.75154362981165 ], [ -60.462611492891718, -31.751544502090802 ], [ -60.462560158495442, -31.751559250349281 ], [ -60.462556820295262, -31.751560317606341 ], [ -60.462505831207409, -31.751578324876895 ], [ -60.462502584933013, -31.751579582243284 ], [ -60.46245205837814, -31.751600945357691 ], [ -60.462448918838213, -31.751602387097648 ], [ -60.462398999482886, -31.751627211206273 ], [ -60.462395980999233, -31.751628830742924 ], [ -60.462346845298192, -31.75165722444315 ], [ -60.4623439616404, -31.751659014388565 ], [ -60.462295821857033, -31.751691083536262 ], [ -60.462293086179614, -31.751693035725172 ], [ -60.462246193674872, -31.751728875827478 ], [ -60.462243618457343, -31.751730981354481 ], [ -60.46219826585596, -31.751770668464086 ], [ -60.462195862845817, -31.751772917724267 ], [ -60.462152384478138, -31.751816497967774 ], [ -60.462150164637329, -31.751818880700611 ], [ -60.462108934780453, -31.751866358600616 ], [ -60.462106908235356, -31.751868863936647 ], [ -60.462068336389031, -31.75192019017766 ], [ -60.462066512384268, -31.751922806688146 ], [ -60.462031035192055, -31.751977866000193 ], [ -60.462029422048289, -31.751980581749297 ], [ -60.461997491483139, -31.75203918204847 ], [ -60.461996096559176, -31.752041984647594 ], [ -60.461968164430914, -31.752103848721259 ], [ -60.461966994090041, -31.752106725385623 ], [ -60.461943493376751, -31.752171486575072 ], [ -60.461942552957808, -31.752174424182101 ], [ -60.461923877104304, -31.752241627209894 ], [ -60.461923170897293, -31.752244612358883 ], [ -60.461909652625906, -31.75231372038153 ], [ -60.461909528994838, -31.752314516610912 ], [ -60.461896419829813, -31.752229461927431 ], [ -60.461892644898896, -31.752217677436136 ], [ -60.461892359569177, -31.752205306384219 ], [ -60.461735799914742, -31.751345627043953 ], [ -60.461728703567161, -31.751325387127199 ], [ -60.461727196961988, -31.751303992209117 ], [ -60.461214177814639, -31.749086815375939 ], [ -60.460734808142917, -31.746867493661728 ], [ -60.460533641875585, -31.745906113120789 ], [ -60.460232029862553, -31.744352401523255 ], [ -60.460229771236378, -31.74434619121833 ], [ -60.460229446373518, -31.744339590934732 ], [ -60.459987557900497, -31.743183530169272 ], [ -60.4599468776021, -31.742979069274952 ], [ -60.459945324658307, -31.742974860476771 ], [ -60.459945104147522, -31.742970379741159 ], [ -60.459680589557927, -31.74170614107868 ], [ -60.459640130923027, -31.741599730488407 ], [ -60.459606192558823, -31.741491064475923 ], [ -60.459590288356431, -31.741468639141765 ], [ -60.45958051774987, -31.741442941388645 ], [ -60.459509156620747, -31.741354241309139 ], [ -60.459443299673737, -31.741261381321141 ], [ -60.459421244069034, -31.741244968229768 ], [ -60.45940401062758, -31.741223547497697 ], [ -60.459308732328779, -31.741161240510742 ], [ -60.459217403335771, -31.741093276329863 ], [ -60.459191355285043, -31.741084482109034 ], [ -60.459168345937996, -31.741069435208491 ], [ -60.459058476973212, -31.741039620356059 ], [ -60.458950615852388, -31.74100320478988 ], [ -60.458923125120307, -31.741002890279201 ], [ -60.458896592182896, -31.74099569010566 ], [ -60.458782887291925, -31.741001285873242 ], [ -60.458669052241291, -31.740999983531101 ], [ -60.457364364201709, -31.741191352628658 ], [ -60.457340556623272, -31.741198788166681 ], [ -60.457315638555556, -31.741199873486003 ], [ -60.457206648945984, -31.741240609960059 ], [ -60.457169120622844, -31.741252330735207 ], [ -60.455355929010125, -31.741515103960104 ], [ -60.455331373326075, -31.741522726855074 ], [ -60.455305685990062, -31.741523845298509 ], [ -60.455197405614008, -31.741564314855484 ], [ -60.455087006819014, -31.741598586285967 ], [ -60.455066008579777, -31.741613424213583 ], [ -60.455041924089507, -31.741622425739866 ], [ -60.454951449113132, -31.741694375052095 ], [ -60.45485704407421, -31.741761084223192 ], [ -60.454841658733741, -31.741781684743717 ], [ -60.454821534646932, -31.741797688220739 ], [ -60.454757721391303, -31.741894074388245 ], [ -60.454688551131412, -31.741986691341495 ], [ -60.454680284714044, -31.742011037932443 ], [ -60.454666090916511, -31.742032476828374 ], [ -60.454635185867701, -31.742143864901514 ], [ -60.454598021253815, -31.742253323644238 ], [ -60.454597682934072, -31.742279033091666 ], [ -60.45459080881362, -31.742303808817987 ], [ -60.45459583717313, -31.742419295356072 ], [ -60.454594316136607, -31.742534881303889 ], [ -60.454601939031576, -31.742559436987939 ], [ -60.454603057475012, -31.742585124323949 ], [ -60.454686274200689, -31.742994399107243 ], [ -60.454684545155907, -31.743173115704316 ], [ -60.45476896392811, -31.743441745402041 ], [ -60.454780537672015, -31.743458003767035 ], [ -60.454963530269595, -31.744357994184913 ], [ -60.454961801212121, -31.744536715294139 ], [ -60.455046220030873, -31.744805344977237 ], [ -60.455057795005771, -31.744821605065532 ], [ -60.455159694374267, -31.745322764437251 ], [ -60.455200430308672, -31.745431757532959 ], [ -60.455235117356985, -31.745542823819708 ], [ -60.455249543950437, -31.745563166028564 ], [ -60.455258274815627, -31.745586526337803 ], [ -60.455330697710352, -31.745677596835719 ], [ -60.455398008423771, -31.745772508264032 ], [ -60.455418015017706, -31.745787396791762 ], [ -60.4554335372965, -31.745806915780385 ], [ -60.455530557894058, -31.745871149065653 ], [ -60.455623903430919, -31.745940615043629 ], [ -60.455647531640537, -31.745948592497413 ], [ -60.455668325904135, -31.745962359510806 ], [ -60.455780447152463, -31.74599346798189 ], [ -60.45589069020123, -31.746030688695644 ], [ -60.455915627132732, -31.746030974186731 ], [ -60.455939657893744, -31.746037641613693 ], [ -60.456055904583884, -31.746032580156662 ], [ -60.456172253786818, -31.746033912183439 ], [ -60.458654183038256, -31.745669887711532 ], [ -60.458767874262399, -31.746255551961827 ], [ -60.458770134704423, -31.746261767259604 ], [ -60.458770459905665, -31.746268372845815 ], [ -60.458973560869381, -31.747238999367625 ], [ -60.458974606222682, -31.747241748609987 ], [ -60.45897476982163, -31.747244685331339 ], [ -60.459456145262038, -31.749473293085639 ], [ -60.459458555365593, -31.749479510392003 ], [ -60.459459023765184, -31.749486162015835 ], [ -60.459968736002743, -31.751689046977436 ], [ -60.460119291506473, -31.752515757132013 ], [ -60.460188128726003, -31.75296238572415 ], [ -60.460195024352025, -31.752983912328627 ], [ -60.46019605568074, -31.753006492867129 ], [ -60.460267334406765, -31.753353272577407 ], [ -60.460268280227822, -31.753355786885052 ], [ -60.460268418620778, -31.753358469638833 ], [ -60.460317828324413, -31.75348750224148 ], [ -60.460366476029343, -31.75361682405677 ], [ -60.460368152522413, -31.753618923030654 ], [ -60.460369113158443, -31.753621431715349 ], [ -60.460663229694113, -31.754131821875422 ], [ -60.460707649742204, -31.754201333576042 ], [ -60.460781257250119, -31.754305653631231 ], [ -60.460808900765052, -31.754342767617754 ], [ -60.460858040057516, -31.754405318091273 ], [ -60.461043009514718, -31.75466986341625 ], [ -60.461067083035729, -31.754706696976594 ], [ -60.461105550349984, -31.754771939091714 ], [ -60.461122902603428, -31.754804758412316 ], [ -60.461140684403894, -31.754842298217085 ], [ -60.461422015251479, -31.755614720853718 ], [ -60.461151456974825, -31.755659414073946 ], [ -60.456167953952132, -31.756384237167218 ], [ -60.456137282230522, -31.756374550278696 ], [ -60.455855709772095, -31.756376872832643 ], [ -60.454888775237293, -31.756538206761835 ], [ -60.454461882539405, -31.754546298563852 ], [ -60.454455454767619, -31.754529637379605 ], [ -60.454453790077515, -31.754511857050119 ], [ -60.45445348291863, -31.754510656287046 ], [ -60.454433451023512, -31.754443389490493 ], [ -60.454433048869127, -31.754442209389889 ], [ -60.45440819730775, -31.754377548529934 ], [ -60.454407702025357, -31.75437639457186 ], [ -60.454378446957186, -31.754314785286009 ], [ -60.454377860846783, -31.754313662829173 ], [ -60.454344653892875, -31.754255458109608 ], [ -60.454343979676189, -31.754254372366393 ], [ -60.454307286696945, -31.754199833218014 ], [ -60.454306527504876, -31.754198789230333 ], [ -60.454266809854026, -31.754148090395244 ], [ -60.454265969212052, -31.754147093011106 ], [ -60.454223668587474, -31.754100332572165 ], [ -60.454222750399339, -31.754099386423167 ], [ -60.454178277568474, -31.754056597609811 ], [ -60.454177286097988, -31.754055707089609 ], [ -60.454131013539481, -31.754016871114324 ], [ -60.454129953390805, -31.75401604035828 ], [ -60.454082211341294, -31.753981099100816 ], [ -60.454081087437473, -31.753980331966744 ], [ -60.454032162838153, -31.753949199841305 ], [ -60.454030980398294, -31.753948499891553 ], [ -60.453981117965156, -31.753921074345289 ], [ -60.453979882480205, -31.753920444830271 ], [ -60.453929287477457, -31.753896615392115 ], [ -60.453928004684677, -31.753896059235107 ], [ -60.45390131281188, -31.75388544453309 ], [ -60.453901631383239, -31.753814402529773 ], [ -60.453815819500072, -31.753546214602547 ], [ -60.453651332922213, -31.75331767005699 ], [ -60.453424272741941, -31.753151140425576 ], [ -60.453156865191737, -31.753062926788914 ], [ -60.452875285985733, -31.75306166411238 ], [ -60.452081565177238, -31.753183731185128 ], [ -60.452080211709429, -31.753183457611041 ], [ -60.452078800629373, -31.753183215562419 ], [ -60.452026500994478, -31.753175817014309 ], [ -60.452025073891299, -31.753175657687262 ], [ -60.45197268014649, -31.753171353147792 ], [ -60.451971243654327, -31.753171277282963 ], [ -60.451918807013712, -31.753170038508522 ], [ -60.451917367810339, -31.753170046458617 ], [ -60.451864935620769, -31.753171865249765 ], [ -60.451863500396612, -31.753171956977802 ], [ -60.451811120373328, -31.753176845361594 ], [ -60.451809695800264, -31.753177020441139 ], [ -60.451794828955521, -31.75318128526466 ], [ -60.451779362486732, -31.753181273538178 ], [ -60.451499401380914, -31.753225397459623 ], [ -60.45150519609669, -31.753207594538885 ], [ -60.451505341941328, -31.752926012539582 ], [ -60.451418467024737, -31.752658167075801 ], [ -60.45125307526903, -31.752430276727726 ], [ -60.451025356371616, -31.75226464899043 ], [ -60.450757601044778, -31.752177496660838 ], [ -60.450476019045475, -31.752177350816194 ], [ -60.449459879739521, -31.752335746333607 ], [ -60.449433924257754, -31.752340182164051 ], [ -60.449432526490867, -31.752340442144341 ], [ -60.449380741954158, -31.752351660371552 ], [ -60.449379368004173, -31.752352000646809 ], [ -60.449327825720268, -31.75236640494759 ], [ -60.449326481897117, -31.752366823955079 ], [ -60.449275274642829, -31.752384498232725 ], [ -60.449273967117982, -31.752384994048153 ], [ -60.449223210303508, -31.75240603485263 ], [ -60.449221945081803, -31.752406605198978 ], [ -60.449171781417355, -31.752431118006534 ], [ -60.449170564309348, -31.752431760264464 ], [ -60.449121168233894, -31.75245985466854 ], [ -60.449120004829155, -31.752460565888459 ], [ -60.449071586625337, -31.752492349482811 ], [ -60.449070482266798, -31.752493126398463 ], [ -60.449023291572487, -31.752528697162262 ], [ -60.449022251331947, -31.752529536205632 ], [ -60.448976579406214, -31.752568973458335 ], [ -60.448975608060998, -31.752569870776135 ], [ -60.448931788549174, -31.752613224570798 ], [ -60.448930890560156, -31.752614176042091 ], [ -60.448889297823627, -31.752661455503493 ], [ -60.448888477314867, -31.7526624567586 ], [ -60.448849522025952, -31.752713617591034 ], [ -60.448848782765644, -31.752714664031689 ], [ -60.448812903997201, -31.752769596166292 ], [ -60.448812249380381, -31.752770682986764 ], [ -60.448779902940807, -31.752829199357425 ], [ -60.448779335973846, -31.7528303215664 ], [ -60.448750978924743, -31.752892149440417 ], [ -60.448750502211439, -31.752893301884189 ], [ -60.448726574170138, -31.752958077976086 ], [ -60.448726189899794, -31.752959255362043 ], [ -60.448707092039669, -31.753026526342556 ], [ -60.448706801977067, -31.753027723263493 ], [ -60.448692875480795, -31.753096952376413 ], [ -60.448692680958032, -31.753098163335515 ], [ -60.448684186890027, -31.753168743645151 ], [ -60.448684088800469, -31.753169963081053 ], [ -60.44868119163592, -31.753241236738049 ], [ -60.448681190430058, -31.75324245905049 ], [ -60.44868394719483, -31.753313741275079 ], [ -60.448684042878192, -31.753314960850545 ], [ -60.44869239930015, -31.753385566554815 ], [ -60.448692591433314, -31.753386777792414 ], [ -60.448698823216283, -31.753421621063318 ], [ -60.448876471283825, -31.754313334715555 ], [ -60.448876474337972, -31.75431334298662 ], [ -60.448876474686756, -31.754313351796547 ], [ -60.448890278305548, -31.754382638865604 ], [ -60.448888795813659, -31.754415946428185 ], [ -60.448888789729871, -31.754417164000916 ], [ -60.448891240677028, -31.754488188107228 ], [ -60.44889133074615, -31.754489403256418 ], [ -60.448899344043021, -31.754559792574316 ], [ -60.448899529854614, -31.754560999762472 ], [ -60.448904958568086, -31.75457795870096 ], [ -60.448905578866245, -31.754595754536325 ], [ -60.449317763182279, -31.756716987489071 ], [ -60.449355798291094, -31.75682150901039 ], [ -60.449386804570054, -31.756928326745637 ], [ -60.449403743840094, -31.756953264692914 ], [ -60.449414052890447, -31.756981594245794 ], [ -60.449482525354874, -31.757069246624699 ], [ -60.449545022574036, -31.757161254860765 ], [ -60.449568839026718, -31.757179737735722 ], [ -60.449587397829504, -31.757203495069824 ], [ -60.44967960508766, -31.757265698280793 ], [ -60.449767475583769, -31.757333890610436 ], [ -60.449795837898748, -31.75734410918048 ], [ -60.449820829789054, -31.757360968762431 ], [ -60.449927745952053, -31.757391633921777 ], [ -60.449998806407336, -31.757417236071682 ], [ -60.449970617538398, -31.757451663576877 ], [ -60.449893041174811, -31.757507951488179 ], [ -60.449727387962987, -31.757735651854922 ], [ -60.449640205679394, -31.758003397430102 ], [ -60.44964002833337, -31.758284979411325 ], [ -60.449726873284789, -31.758552834592376 ], [ -60.449782277279681, -31.758629192736649 ], [ -60.450527753431793, -31.762250797822858 ], [ -60.450085346817538, -31.762319379372503 ], [ -60.450084955469272, -31.762319376174652 ], [ -60.448804634504562, -31.762511448530926 ], [ -60.448800278209731, -31.762512824726159 ], [ -60.448795709714801, -31.76251283324153 ], [ -60.446882539050705, -31.762819506265124 ], [ -60.446727956725248, -31.762842811925005 ], [ -60.446459516223982, -31.762927830398787 ], [ -60.446230486289259, -31.763091640449154 ], [ -60.446063285966822, -31.763318207207039 ], [ -60.445974281989187, -31.7635853527396 ], [ -60.445972186685822, -31.7638669269808 ], [ -60.446057205159605, -31.764135367482059 ], [ -60.446221015209971, -31.764364397416784 ], [ -60.44644758196786, -31.764531597739222 ], [ -60.446714727500421, -31.764620601716853 ], [ -60.446996301741613, -31.764622697020222 ], [ -60.447155024636366, -31.764598767105923 ], [ -60.447163299786304, -31.764597480096022 ], [ -60.448609481401697, -31.764365663407119 ], [ -60.448696002142711, -31.764394217659461 ], [ -60.448775836176743, -31.7643945859677 ], [ -60.448776096932569, -31.764394658076661 ], [ -60.448777543814437, -31.764394593845754 ], [ -60.448977581183286, -31.764395516702926 ], [ -60.449432315576317, -31.764325642789579 ], [ -60.449446824380068, -31.764399345728027 ], [ -60.449444115067827, -31.764602175545704 ], [ -60.449527544098686, -31.76487111427555 ], [ -60.449689996460094, -31.765101109218701 ], [ -60.449771368051103, -31.76516190609016 ], [ -60.449772374036222, -31.765163187385355 ], [ -60.449779333784882, -31.765167857696689 ], [ -60.449915570183059, -31.765269646867644 ], [ -60.449946866492262, -31.765280279845939 ], [ -60.450006190785508, -31.765320089174239 ], [ -60.450277049047749, -31.765397058293878 ], [ -60.45055843532905, -31.765386560470564 ], [ -60.450721868198215, -31.765326634215022 ], [ -60.451548039324095, -31.765207070150531 ], [ -60.451553309238335, -31.765208580259397 ], [ -60.451834717990252, -31.765198703116635 ], [ -60.452099301412531, -31.765102349308943 ], [ -60.452321160236345, -31.764928950618351 ], [ -60.452356572142861, -31.764876430152533 ], [ -60.452491639648052, -31.764695653452566 ], [ -60.452582222363439, -31.764429039095724 ], [ -60.45258598327797, -31.764147482175858 ], [ -60.452502554247111, -31.763878543446012 ], [ -60.452491766271535, -31.763863270169541 ], [ -60.452490304296703, -31.76385575609936 ], [ -60.452514360166994, -31.763852059704668 ], [ -60.453837739218208, -31.763649409977702 ], [ -60.453842225883029, -31.763648711344263 ], [ -60.454052177918264, -31.763615476329814 ], [ -60.456247263404023, -31.763275529114384 ], [ -60.456251437196187, -31.763274872694296 ], [ -60.456326804981444, -31.763262838109824 ], [ -60.456460552067782, -31.763242426296767 ], [ -60.456810855736066, -31.764931423561244 ], [ -60.457022735763047, -31.766052367655121 ], [ -60.457027896181522, -31.766066777194528 ], [ -60.457028866157039, -31.766082052137808 ], [ -60.457072948648637, -31.766278726200028 ], [ -60.456821958951011, -31.766315943551614 ], [ -60.456819951882352, -31.766316573856088 ], [ -60.456817848199165, -31.766316562809781 ], [ -60.455273334737981, -31.766552883028819 ], [ -60.453651574443526, -31.766793322612607 ], [ -60.452512590923483, -31.766947406019987 ], [ -60.45250740257692, -31.766948963021772 ], [ -60.452501985951919, -31.766948904986105 ], [ -60.4506855805502, -31.767216679308472 ], [ -60.450416863247192, -31.767300818803729 ], [ -60.450187298439047, -31.767463878432284 ], [ -60.450019357528674, -31.767689896781597 ], [ -60.449929479742487, -31.767956749600867 ], [ -60.449926462944418, -31.768238315476871 ], [ -60.450010602439676, -31.768507032779887 ], [ -60.450173662068231, -31.768736597588028 ], [ -60.45039968041754, -31.768904538498401 ], [ -60.450666533236813, -31.768994416284588 ], [ -60.450948099112821, -31.768997433082657 ], [ -60.452759206488388, -31.768730439794833 ], [ -60.453898555938032, -31.768576306883944 ], [ -60.453904101676436, -31.768574642630313 ], [ -60.453909891466864, -31.768574699912875 ], [ -60.455539380923561, -31.768333114415874 ], [ -60.455541398198399, -31.768332480958254 ], [ -60.45554351256542, -31.768332492060658 ], [ -60.45708803653519, -31.76809617023374 ], [ -60.457450747380399, -31.768042386603664 ], [ -60.457538978787674, -31.768483272461719 ], [ -60.4575425978731, -31.768493047358998 ], [ -60.457543257778021, -31.768503449806847 ], [ -60.457546701641625, -31.76851881916977 ], [ -60.457553863786671, -31.768635366001526 ], [ -60.457573484906611, -31.768723750170572 ], [ -60.451926333060001, -31.769601574185984 ], [ -60.447780281228411, -31.770237350686077 ], [ -60.447644731819757, -31.770153066611055 ], [ -60.447371363863894, -31.770085550655114 ], [ -60.447090511910339, -31.770105814509343 ], [ -60.446829667705131, -31.770211874606506 ], [ -60.446614364496476, -31.770393349045325 ], [ -60.44655182300621, -31.77049393105942 ], [ -60.442825439747146, -31.771068170125339 ], [ -60.442557277815496, -31.771154063210133 ], [ -60.442328783085877, -31.77131861898226 ], [ -60.442162322214443, -31.771545729576207 ], [ -60.442074189551093, -31.771813163824675 ], [ -60.442073012134969, -31.772094743400093 ], [ -60.442158905219763, -31.772362905331743 ], [ -60.442323460991886, -31.772591400061359 ], [ -60.442550571585841, -31.772757860932792 ], [ -60.442818005834305, -31.772845993596142 ], [ -60.443099585409719, -31.772847171012266 ], [ -60.447501258467469, -31.772168869171193 ], [ -60.447501276270344, -31.772168863468877 ], [ -60.447501294964006, -31.772168863546277 ], [ -60.452322588384618, -31.771425695304774 ], [ -60.453191512860286, -31.775453179867338 ], [ -60.453197980772153, -31.775469876853013 ], [ -60.453199676263026, -31.775487702355061 ], [ -60.453199985907553, -31.775488905428851 ], [ -60.453220166302124, -31.775556286007031 ], [ -60.453220571349604, -31.775557468220477 ], [ -60.453245585712587, -31.775622218884596 ], [ -60.4532460842738, -31.775623374723683 ], [ -60.453275512113109, -31.775685048674813 ], [ -60.453276101862663, -31.775686172748447 ], [ -60.453309487397838, -31.775744416823045 ], [ -60.453310165585044, -31.775745503888334 ], [ -60.453347039215615, -31.775800057789862 ], [ -60.453347802677257, -31.775801102776555 ], [ -60.453387699931994, -31.775851793198097 ], [ -60.453388545107174, -31.775852791232111 ], [ -60.453431021750745, -31.775899521869125 ], [ -60.453431944697385, -31.775900468295514 ], [ -60.453444386937058, -31.775912379957532 ], [ -60.453834392168773, -31.777717845394751 ], [ -60.453936170499219, -31.777980389895841 ], [ -60.454114098156225, -31.778198633320653 ], [ -60.454350758341029, -31.778351212482178 ], [ -60.454622985105829, -31.778423191868999 ], [ -60.45490413099818, -31.778407525637228 ], [ -60.455166675499271, -31.778305747306781 ], [ -60.455384918924082, -31.778127819649775 ], [ -60.455537498085604, -31.777891159464975 ], [ -60.455609477472429, -31.777618932700172 ], [ -60.455593811240661, -31.777337786807824 ], [ -60.455304470129136, -31.775998329452012 ], [ -60.459007715791799, -31.775414198511015 ], [ -60.459294593509398, -31.776846922795059 ], [ -60.459297327898042, -31.777044694343203 ], [ -60.459388035471179, -31.777311266246784 ], [ -60.459427103989363, -31.777363505188422 ], [ -60.459728992305628, -31.778797755274319 ], [ -60.458886832728453, -31.780422075667122 ], [ -60.458885429117544, -31.780424794188171 ], [ -60.458808264235564, -31.780574872761537 ], [ -60.458698611185504, -31.780671343475987 ], [ -60.458108321733626, -31.781190661816645 ], [ -60.457404418640927, -31.781303561773754 ], [ -60.457136789023288, -31.781391099373462 ], [ -60.457061091803773, -31.78144632330234 ], [ -60.456330330982141, -31.781556856969541 ], [ -60.456317215081619, -31.78148874478503 ], [ -60.456221371959316, -31.781223975943377 ], [ -60.456048401661661, -31.7810017829648 ], [ -60.455815235726533, -31.780843915646145 ], [ -60.455544698060237, -31.780765827140492 ], [ -60.455263270774488, -31.780775161294844 ], [ -60.454998501932835, -31.780871004417147 ], [ -60.454776308954258, -31.781043974714805 ], [ -60.454618441635603, -31.78127714064993 ], [ -60.45454035312995, -31.78154767831623 ], [ -60.454547310366245, -31.781757440877641 ], [ -60.454341653443784, -31.781789407041291 ], [ -60.454337200610851, -31.781765268681664 ], [ -60.454243429357874, -31.781499758991224 ], [ -60.454072200590176, -31.781276221180747 ], [ -60.453840275372549, -31.7811165366886 ], [ -60.453570356161222, -31.781036336545462 ], [ -60.453288864529242, -31.78104347130013 ], [ -60.453023354838798, -31.781137242553108 ], [ -60.452799817028321, -31.781308471320809 ], [ -60.452640132536175, -31.781540396538436 ], [ -60.452559932393036, -31.781810315749759 ], [ -60.452562470018037, -31.781910434147132 ], [ -60.452439824352979, -31.781764213195064 ], [ -60.452201058164988, -31.781614951173527 ], [ -60.451927853524758, -31.781546777365083 ], [ -60.451646953606001, -31.781566365097092 ], [ -60.451385854849917, -31.781671796985876 ], [ -60.451286693504173, -31.781754970491619 ], [ -60.449892705121044, -31.781956588424858 ], [ -60.449623759296394, -31.782039994581709 ], [ -60.449393750537219, -31.782202427381069 ], [ -60.449225193703455, -31.782427986768798 ], [ -60.449158809553069, -31.782623322342658 ], [ -60.44906106704633, -31.782654769974503 ], [ -60.448832786812673, -31.782819623177449 ], [ -60.448666621850194, -31.783046950362028 ], [ -60.448578837543174, -31.783314499159523 ], [ -60.4485780268312, -31.783596080029522 ], [ -60.44866426907241, -31.783864129874573 ], [ -60.448829122275363, -31.784092410108233 ], [ -60.449056449459938, -31.784258575070705 ], [ -60.449323998257434, -31.784346359377732 ], [ -60.449605579127429, -31.784347170089703 ], [ -60.454876801171963, -31.783527840769292 ], [ -60.454941173689633, -31.783862133698129 ], [ -60.455037016811936, -31.784126902539782 ], [ -60.45520998710959, -31.784349095518358 ], [ -60.455443153044719, -31.784506962837014 ], [ -60.455713690711015, -31.784585051342667 ], [ -60.455995117996764, -31.784575717188314 ], [ -60.456259886838417, -31.784479874066012 ], [ -60.456289083815392, -31.784457145130872 ], [ -60.457214629551494, -31.784297066891973 ], [ -60.457227009189317, -31.78430042315836 ], [ -60.457508247556582, -31.78428651544893 ], [ -60.457771423419835, -31.784186380996299 ], [ -60.457990775291925, -31.784009821658362 ], [ -60.458144831483295, -31.783774120293284 ], [ -60.458218511900576, -31.783502348992901 ], [ -60.458204604191145, -31.783221110625636 ], [ -60.458178761160518, -31.783097741221045 ], [ -60.458375744096074, -31.783067945909639 ], [ -60.458644143588387, -31.782982798060981 ], [ -60.458778996732782, -31.782886248193893 ], [ -60.458864154902336, -31.78286447782234 ], [ -60.458889373263787, -31.782848510588398 ], [ -60.458917742534425, -31.78283923142909 ], [ -60.459007836733875, -31.782773504369434 ], [ -60.459102059518152, -31.782713846360235 ], [ -60.459887568128281, -31.782022780262604 ], [ -60.460119645791544, -31.78181860264997 ], [ -60.460142135266985, -31.781791474742011 ], [ -60.460166061491464, -31.781774225307814 ], [ -60.460238838634645, -31.781674826398486 ], [ -60.460299357324978, -31.781601825786922 ], [ -60.46030773685959, -31.781580725309674 ], [ -60.460332407317729, -31.781547030436197 ], [ -60.460485527413312, -31.781249225982815 ], [ -60.461471866420247, -31.779346818640303 ], [ -60.46156349782494, -31.779062117913814 ], [ -60.46155677455571, -31.778763110195449 ], [ -60.461513709820181, -31.778538476902011 ], [ -60.46151050851806, -31.778522556455282 ], [ -60.461318262706172, -31.777609210170059 ], [ -60.462134008967439, -31.77746842184899 ], [ -60.464362383799525, -31.777144823052648 ], [ -60.46436939271878, -31.777143777043495 ], [ -60.465247952138505, -31.777009123077136 ], [ -60.465379384233877, -31.777629968743867 ], [ -60.464930061856393, -31.777699193788578 ], [ -60.464925688122626, -31.777699878646306 ], [ -60.464206279903351, -31.777814340069352 ], [ -60.464205096919699, -31.777814725363449 ], [ -60.464203852779974, -31.777814729636017 ], [ -60.464023820175804, -31.77784387811317 ], [ -60.463998191236875, -31.777848408826028 ], [ -60.463996812053637, -31.777848673259385 ], [ -60.463945687441736, -31.777860026913434 ], [ -60.463944332060493, -31.777860369579717 ], [ -60.463893449390511, -31.777874837250359 ], [ -60.463892123885429, -31.777875256613854 ], [ -60.463841573793779, -31.777892920439925 ], [ -60.463840284105203, -31.777893414621236 ], [ -60.463790179166566, -31.777914368603284 ], [ -60.463788931074269, -31.777914935387738 ], [ -60.463739410121093, -31.777939281848433 ], [ -60.463738209218448, -31.777939918695957 ], [ -60.463689441512329, -31.777967763701731 ], [ -60.463688293181271, -31.777968467758264 ], [ -60.463640482368746, -31.777999915255489 ], [ -60.463639391755514, -31.77800068336575 ], [ -60.463592778968561, -31.778035828094705 ], [ -60.46359175096083, -31.778036656816411 ], [ -60.463546617188982, -31.77807557560909 ], [ -60.463545656393819, -31.77807646122827 ], [ -60.463502323016627, -31.778119203147945 ], [ -60.46350143373985, -31.778120141695656 ], [ -60.463460261093623, -31.778166716976152 ], [ -60.463459447320581, -31.778167704246247 ], [ -60.463420830601116, -31.778218072533903 ], [ -60.463420095978783, -31.7782191041019 ], [ -60.463384457937913, -31.778273162741861 ], [ -60.463383805758497, -31.778274233984757 ], [ -60.463351585816604, -31.778331807441312 ], [ -60.463351019002914, -31.778332913558252 ], [ -60.463322658941735, -31.778393744910904 ], [ -60.463322180033963, -31.778394880944777 ], [ -60.463298106473211, -31.778458627101454 ], [ -60.463297717617614, -31.778459787961101 ], [ -60.463278322388796, -31.778526019535867 ], [ -60.463278025328044, -31.778527200018853 ], [ -60.463275637608177, -31.778538525222938 ], [ -60.463269887715384, -31.77855919164864 ], [ -60.463243969989982, -31.778629931225716 ], [ -60.463233544040563, -31.778911320179269 ], [ -60.463267666222464, -31.779031281335826 ], [ -60.463290276998045, -31.779144817197906 ], [ -60.463188675536536, -31.779182913099248 ], [ -60.462968471668908, -31.779358408684043 ], [ -60.46281327646382, -31.77959336164087 ], [ -60.462738281509267, -31.779864773137298 ], [ -60.462750827833915, -31.780146075525021 ], [ -60.462823060803032, -31.780499414974976 ], [ -60.462712733592291, -31.780535058386754 ], [ -60.462484652198917, -31.780700186584216 ], [ -60.462318761322763, -31.780927713859089 ], [ -60.462231299518628, -31.781195368256437 ], [ -60.462230828157274, -31.781476949898984 ], [ -60.462317393378839, -31.781744895613667 ], [ -60.462482521576298, -31.781972977007044 ], [ -60.462710048851179, -31.782138867883198 ], [ -60.462977703248519, -31.782226329687333 ], [ -60.463259284891073, -31.782226801048687 ], [ -60.463282881187574, -31.782223104242284 ], [ -60.463282882241167, -31.782223103901899 ], [ -60.463282883348384, -31.78222310390375 ], [ -60.463854330933884, -31.782133574402128 ], [ -60.463854332377295, -31.782133573935802 ], [ -60.463854333894169, -31.782133573938331 ], [ -60.4640981631184, -31.782095372037123 ], [ -60.464098164763669, -31.782095371505577 ], [ -60.464098166492647, -31.782095371508454 ], [ -60.464783593190099, -31.781987979735117 ], [ -60.464796495687771, -31.781983811189072 ], [ -60.464810049485273, -31.781983429356206 ], [ -60.46501975955325, -31.781944131319467 ], [ -60.466493525588376, -31.781724177321536 ], [ -60.466493529404985, -31.781724176119003 ], [ -60.466493533406386, -31.78172417615469 ], [ -60.467161703140512, -31.781624448353792 ], [ -60.467430268915571, -31.781539826441318 ], [ -60.467659540536935, -31.781376354831441 ], [ -60.467827075300889, -31.781150035264304 ], [ -60.467916473737446, -31.780883021476001 ], [ -60.46791898490477, -31.780601450636532 ], [ -60.467834362992292, -31.780332884861476 ], [ -60.4678143483656, -31.780304814018372 ], [ -60.467752303182394, -31.779977149683123 ], [ -60.467634579741819, -31.779355436520813 ], [ -60.467624668946478, -31.779309649740089 ], [ -60.467527731123631, -31.778912143104307 ], [ -60.467466200286573, -31.778592637064335 ], [ -60.467473909511952, -31.778362267101638 ], [ -60.467455090443032, -31.778146673816238 ], [ -60.467212558945278, -31.776995185036473 ], [ -60.467153915626817, -31.776716752934238 ], [ -60.467959217017849, -31.776589662277321 ], [ -60.468042865302223, -31.776578629308354 ], [ -60.46806112120484, -31.776576030865538 ], [ -60.471737121067534, -31.776014330234208 ], [ -60.471744158734936, -31.776013226343395 ], [ -60.471799569067045, -31.776004310145783 ], [ -60.471745285842566, -31.776024754704245 ], [ -60.471525339529492, -31.776200572971117 ], [ -60.471370488987588, -31.776435753228103 ], [ -60.471295892066813, -31.776707274393047 ], [ -60.471308850833516, -31.776988558082529 ], [ -60.47174077080259, -31.779085691010387 ], [ -60.469067616337142, -31.77951596408511 ], [ -60.469058123917932, -31.779519074746197 ], [ -60.469048137803654, -31.779519319197895 ], [ -60.46904671042963, -31.779519581228573 ], [ -60.468993881988617, -31.77953092833253 ], [ -60.468992479223878, -31.779531273992202 ], [ -60.468939900020928, -31.779545935000154 ], [ -60.468938528571947, -31.7795463626363 ], [ -60.46888629673218, -31.77956442673548 ], [ -60.468884963155624, -31.779564934303579 ], [ -60.468833201276396, -31.779586504455668 ], [ -60.468831911947952, -31.779587089529119 ], [ -60.468780772364198, -31.779612278322954 ], [ -60.468779533447972, -31.779612938104616 ], [ -60.46872920314869, -31.779641862380782 ], [ -60.46872802056776, -31.779642593716321 ], [ -60.468678725706219, -31.779675367724796 ], [ -60.468677605114365, -31.779676167117785 ], [ -60.468629614802573, -31.77971289399153 ], [ -60.468628561557196, -31.779713757620168 ], [ -60.468582190292189, -31.779754519175128 ], [ -60.46858120942872, -31.779755442910538 ], [ -60.468536817654496, -31.779800287768769 ], [ -60.468535913862297, -31.779801267194692 ], [ -60.46849390579343, -31.779850197685739 ], [ -60.468493083393454, -31.779851228119657 ], [ -60.468453901598011, -31.77990418637361 ], [ -60.468453164522018, -31.779905262889166 ], [ -60.468417280427353, -31.779962117308937 ], [ -60.468416632199201, -31.779963234759443 ], [ -60.468384532344515, -31.780023768015443 ], [ -60.468383976063329, -31.780024921058516 ], [ -60.468356144175381, -31.780088821139383 ], [ -60.468355682500658, -31.78009000426248 ], [ -60.468332577983752, -31.780156860442705 ], [ -60.468332213122693, -31.78015806798949 ], [ -60.468314247481828, -31.780227372951995 ], [ -60.468313981178802, -31.780228599149293 ], [ -60.46830149431559, -31.780299758369267 ], [ -60.468301327843761, -31.780300997354814 ], [ -60.468294566703747, -31.780373345807543 ], [ -60.468294500858995, -31.780374591657917 ], [ -60.4682936029171, -31.780447417073177 ], [ -60.468293638014217, -31.780448663832139 ], [ -60.468298621731691, -31.780521234556403 ], [ -60.468298757602902, -31.780522476263339 ], [ -60.468309521125626, -31.780594071011194 ], [ -60.468309757121361, -31.780595301729672 ], [ -60.468315929341308, -31.780612394272811 ], [ -60.468317243595749, -31.78063051950565 ], [ -60.468510252384277, -31.781456838580795 ], [ -60.468616405444813, -31.78171764496749 ], [ -60.46879795661048, -31.781932883481343 ], [ -60.469037134388259, -31.782081485076958 ], [ -60.469310526390807, -31.782148903594788 ], [ -60.469591371104073, -31.782128539640578 ], [ -60.469852177490772, -31.782022386580049 ], [ -60.470067416004618, -31.781840835414378 ], [ -60.470216017600237, -31.7816016576366 ], [ -60.470283436118066, -31.781328265634055 ], [ -60.470270188596025, -31.781145565531158 ], [ -60.472462511394454, -31.780792687505045 ], [ -60.476185271575169, -31.780233151527622 ], [ -60.477995047714174, -31.779966060981046 ], [ -60.478485360247433, -31.779897067796139 ], [ -60.478533891083913, -31.779882221488091 ], [ -60.478584413250573, -31.779877408420422 ], [ -60.478649257078274, -31.779849291616006 ], [ -60.481086016311245, -31.779492841105085 ], [ -60.481086169662852, -31.779492793276088 ], [ -60.481086330289443, -31.779492795119626 ], [ -60.483296586271358, -31.779168681608507 ], [ -60.483303825887027, -31.779166420835814 ], [ -60.483311410185131, -31.77916638146046 ], [ -60.483316961792681, -31.779165472602617 ], [ -60.484150220716145, -31.783229874009802 ], [ -60.48415803818326, -31.783264516604664 ], [ -60.484158186713444, -31.783265119181046 ], [ -60.484177707564037, -31.78333279703838 ], [ -60.484177903888721, -31.783333389551906 ], [ -60.484202308464553, -31.783398502567678 ], [ -60.484202551668403, -31.783399082255791 ], [ -60.484231425724083, -31.783461171762298 ], [ -60.484231714673136, -31.783461735922206 ], [ -60.484264605816833, -31.783520436636817 ], [ -60.4842649391639, -31.78352098263818 ], [ -60.484301378517813, -31.783576022538519 ], [ -60.48430175470866, -31.783576547835608 ], [ -60.484341276252174, -31.783627742882093 ], [ -60.484341693532855, -31.783628245025714 ], [ -60.484372799856835, -31.783663105983265 ], [ -60.484373423622017, -31.783666241125342 ], [ -60.484603445063719, -31.78482269069206 ], [ -60.484607720074635, -31.784834278933211 ], [ -60.484608539964256, -31.784846603333047 ], [ -60.484806824138595, -31.785718929072996 ], [ -60.484817094314593, -31.78582497993655 ], [ -60.484827887874125, -31.785866621412797 ], [ -60.484829372489912, -31.785909613381701 ], [ -60.485085883200796, -31.787231985003718 ], [ -60.48519114673789, -31.787778036388556 ], [ -60.485222619374248, -31.78794498354921 ], [ -60.485261243920306, -31.788053000141645 ], [ -60.485293470171889, -31.788163095139346 ], [ -60.48540294578779, -31.788394531087562 ], [ -60.486285765112108, -31.792594996599359 ], [ -60.486292784546372, -31.792613408367583 ], [ -60.486294623592222, -31.792633026817505 ], [ -60.486388592544827, -31.793000200895481 ], [ -60.486681886408732, -31.794538281820849 ], [ -60.486686265038031, -31.794550446583759 ], [ -60.486687037530821, -31.794563352284296 ], [ -60.486845123235476, -31.795280847552949 ], [ -60.486941119815107, -31.795531078538097 ], [ -60.487106546051855, -31.795741945912113 ], [ -60.487326731928825, -31.795894749933034 ], [ -60.487582151338195, -31.795975939923458 ], [ -60.487850153658606, -31.79597831594609 ], [ -60.489236987056536, -31.79578205141647 ], [ -60.489506186142144, -31.795699466333616 ], [ -60.489736689492609, -31.795537736160099 ], [ -60.489905933833974, -31.795312692172139 ], [ -60.489997352350912, -31.795046363243252 ], [ -60.490001996362039, -31.794764819504618 ], [ -60.489969630925621, -31.794659319266707 ], [ -60.490047726956817, -31.794555402765518 ], [ -60.490139056427019, -31.794289043287602 ], [ -60.490143606309495, -31.794007498012075 ], [ -60.490060931230047, -31.793738326552148 ], [ -60.489936842132217, -31.793561596242768 ], [ -60.489959331071042, -31.793496446338164 ], [ -60.489964461751427, -31.793214911047798 ], [ -60.489882342129199, -31.792945569607898 ], [ -60.489721010645148, -31.792714787035212 ], [ -60.489496259548986, -31.792545153935912 ], [ -60.489355943667533, -31.792496718634382 ], [ -60.489322643904998, -31.792364045543877 ], [ -60.489280655298337, -31.792265555458521 ], [ -60.489246249724992, -31.792164167113445 ], [ -60.489225691888059, -31.792136631176412 ], [ -60.489212215494014, -31.792105020429943 ], [ -60.489141846845897, -31.792024325985519 ], [ -60.489077794479499, -31.791938531846107 ], [ -60.489049733742206, -31.791918696334729 ], [ -60.48902714867198, -31.791892797163108 ], [ -60.488935288155979, -31.791837797294054 ], [ -60.488847858888427, -31.79177599548845 ], [ -60.48881504203127, -31.7917658020408 ], [ -60.488785559068887, -31.791748149635382 ], [ -60.488681198632342, -31.791724228112081 ], [ -60.48857895064949, -31.791692468231616 ], [ -60.488544590015088, -31.791692914653371 ], [ -60.48851109515833, -31.791685236954589 ], [ -60.488404450327877, -31.791694735382407 ], [ -60.488297392374704, -31.791696126305478 ], [ -60.487948756568464, -31.791755997555278 ], [ -60.48726891177494, -31.788521287428424 ], [ -60.489400884810898, -31.788202880264958 ], [ -60.489436722514377, -31.788203941868453 ], [ -60.489437455883277, -31.788203941817564 ], [ -60.48949085442537, -31.788202352595565 ], [ -60.489491586021025, -31.788202309061102 ], [ -60.489544934709272, -31.788197537861279 ], [ -60.489545661001983, -31.788197451053247 ], [ -60.489558725132568, -31.78819375039069 ], [ -60.489572302829679, -31.788193862427764 ], [ -60.490393850063022, -31.788070682155247 ], [ -60.4906623593508, -31.787985881176606 ], [ -60.490891521915088, -31.787822256720212 ], [ -60.491058905727428, -31.787595825487895 ], [ -60.491148126094025, -31.787328752146308 ], [ -60.491150449503778, -31.787047179694941 ], [ -60.491065648525137, -31.786778670407163 ], [ -60.490902024068745, -31.786549507842874 ], [ -60.490675592836425, -31.786382124030535 ], [ -60.490408519494842, -31.786292903663934 ], [ -60.490126947043471, -31.786290580254185 ], [ -60.489428611755159, -31.786395286505549 ], [ -60.489324227716601, -31.786394365102165 ], [ -60.486829236162471, -31.786766988568889 ], [ -60.48663787570657, -31.785780481473022 ], [ -60.486855628599578, -31.785700589276544 ], [ -60.486937773242254, -31.78563606896731 ], [ -60.487090745997492, -31.785679505648496 ], [ -60.487372130164438, -31.785668951303862 ], [ -60.487636480938143, -31.785571961036084 ], [ -60.487857921823036, -31.785398028928348 ], [ -60.488014776642423, -31.785164180667213 ], [ -60.488091691353716, -31.784893306949794 ], [ -60.488090843790921, -31.784870710496978 ], [ -60.48834387242524, -31.784831702163689 ], [ -60.488612028921885, -31.784745792112425 ], [ -60.48884051323958, -31.784581221883737 ], [ -60.48900695974136, -31.78435410075824 ], [ -60.489095075483931, -31.784086660934143 ], [ -60.489096235084475, -31.783805081284793 ], [ -60.489010325033213, -31.783536924788148 ], [ -60.488965563400548, -31.783474779094004 ], [ -60.488980944107311, -31.783428097196058 ], [ -60.48898129290076, -31.78334340659795 ], [ -60.490145417919365, -31.783159023532033 ], [ -60.490478284431603, -31.784728540178417 ], [ -60.490579075072475, -31.784991465434551 ], [ -60.490756181040652, -31.785210376191795 ], [ -60.49099226597, -31.78536384393999 ], [ -60.491264220222739, -31.785436846186663 ], [ -60.49154542302179, -31.785422236963278 ], [ -60.491808348277928, -31.785321446322406 ], [ -60.491826696355147, -31.785306602127353 ], [ -60.492589990036976, -31.785189718415161 ], [ -60.492599333398985, -31.785186735469285 ], [ -60.492600653603446, -31.785186668514918 ], [ -60.492606310717285, -31.7851845079025 ], [ -60.492858233259838, -31.785104079539703 ], [ -60.493086883856996, -31.784939740414661 ], [ -60.493253559914905, -31.784712787698609 ], [ -60.493341946019704, -31.784445437104669 ], [ -60.493343390323645, -31.784163858771716 ], [ -60.493257751448184, -31.783895615548854 ], [ -60.493244358979219, -31.783876982152666 ], [ -60.493015438754369, -31.782790985641508 ], [ -60.493584944535201, -31.782703773338646 ], [ -60.493853187247957, -31.782618132865419 ], [ -60.493883017264615, -31.782596692727008 ], [ -60.494039875954137, -31.782598869683302 ], [ -60.494648480455069, -31.782511115585375 ], [ -60.494673696932381, -31.782507113741794 ], [ -60.495209010043972, -31.782414357072252 ], [ -60.496393917198311, -31.7822081581978 ], [ -60.496655618995128, -31.78219253945225 ], [ -60.496917759883729, -31.782089726038119 ], [ -60.497135299591804, -31.78191093868115 ], [ -60.497286943817038, -31.781673678333529 ], [ -60.497357848566104, -31.781401169691165 ], [ -60.497356413366262, -31.781377122025123 ], [ -60.497358109449351, -31.781368953423737 ], [ -60.497358159745971, -31.781368652728812 ], [ -60.497367071703266, -31.781298562415916 ], [ -60.497367098186295, -31.781298259510727 ], [ -60.497370486703609, -31.781227424788987 ], [ -60.497370489252873, -31.781227121048019 ], [ -60.497368288364072, -31.781156214189032 ], [ -60.49736826696801, -31.781155910990641 ], [ -60.497365090656196, -31.781127087369487 ], [ -60.497365250653665, -31.781124036219069 ], [ -60.497364407708226, -31.781120889919457 ], [ -60.497360519597891, -31.781085607042378 ], [ -60.497360474353599, -31.781085305762357 ], [ -60.497347329428948, -31.781016256492176 ], [ -60.497347260541723, -31.781015958497683 ], [ -60.497328963230515, -31.780948768694206 ], [ -60.49732887101294, -31.780948475337492 ], [ -60.49730574735996, -31.780883683442418 ], [ -60.497305632230521, -31.780883396054641 ], [ -60.497296826535809, -31.78086864273266 ], [ -60.497292380167167, -31.780852046631402 ], [ -60.497227060000689, -31.780705323074834 ], [ -60.497184156307604, -31.780494851603638 ], [ -60.497231506409491, -31.780487294436359 ], [ -60.497361095470289, -31.780571093081342 ], [ -60.497633223900898, -31.780643443346396 ], [ -60.497914390879558, -31.780628160227717 ], [ -60.498177073823371, -31.780526739743451 ], [ -60.498324199280006, -31.780407125902304 ], [ -60.498328119930704, -31.780426081601927 ], [ -60.498231237219663, -31.780558776732256 ], [ -60.498143598703237, -31.780826373320501 ], [ -60.498142941414514, -31.781107954590428 ], [ -60.498229329693494, -31.781375957405444 ], [ -60.498394307253534, -31.78160414778273 ], [ -60.498621724941586, -31.781770188858264 ], [ -60.498732491245981, -31.781806465085293 ], [ -60.498877238675504, -31.782511680970543 ], [ -60.498883572202864, -31.782528531924356 ], [ -60.498885100377414, -31.782546468838696 ], [ -60.498885548701821, -31.782548284553506 ], [ -60.498905194160415, -31.782616248994046 ], [ -60.498905787140309, -31.782618034186729 ], [ -60.498930356477885, -31.782683405948145 ], [ -60.49893109132362, -31.782685152220392 ], [ -60.498960164166739, -31.782747467595868 ], [ -60.498961037421282, -31.782749166732426 ], [ -60.498994154839814, -31.782808057012907 ], [ -60.498995162394998, -31.782809701020266 ], [ -60.499031849077419, -31.78286489242079 ], [ -60.499032986193249, -31.782866473564805 ], [ -60.499072770105727, -31.782917781638222 ], [ -60.499074031432706, -31.782919292480486 ], [ -60.499116459833317, -31.782966612442181 ], [ -60.499117839437616, -31.782968045875002 ], [ -60.49916249076449, -31.783011340410837 ], [ -60.499163982155814, -31.783012689690743 ], [ -60.499210473977975, -31.783051975791231 ], [ -60.499212070140182, -31.783053234570559 ], [ -60.499260063295928, -31.783088570241134 ], [ -60.499261756719932, -31.783089732598036 ], [ -60.499310956650426, -31.783121204623178 ], [ -60.499312739369614, -31.783122265089407 ], [ -60.49936289498369, -31.783149978023296 ], [ -60.49936475861135, -31.783150931609935 ], [ -60.499415659546614, -31.783174998412822 ], [ -60.499417595315421, -31.783175840633778 ], [ -60.499469068085041, -31.783196374922987 ], [ -60.499471066888248, -31.783197101816068 ], [ -60.499522970378237, -31.783214211650982 ], [ -60.499525022812584, -31.783214819796576 ], [ -60.499577243486002, -31.783228602836946 ], [ -60.499579339895917, -31.783229089374046 ], [ -60.499631786855652, -31.783239629193638 ], [ -60.499633917378688, -31.783239991833341 ], [ -60.499686517499995, -31.783247355224812 ], [ -60.49968867211318, -31.78324759226113 ], [ -60.499741365366013, -31.783251827349954 ], [ -60.499743533933099, -31.783251937667728 ], [ -60.499796268654407, -31.783253072663182 ], [ -60.4997984409735, -31.78325305574344 ], [ -60.499851169408863, -31.783251098272594 ], [ -60.499853335260347, -31.783250954194937 ], [ -60.499906009058591, -31.78324589112227 ], [ -60.499908158253369, -31.783245620564504 ], [ -60.499921047570282, -31.783241881944111 ], [ -60.499934468106666, -31.783241913178831 ], [ -60.501800351961265, -31.782950836131075 ], [ -60.501806286837478, -31.782971168275253 ], [ -60.501806487638405, -31.782971767030936 ], [ -60.50182084484679, -31.783009607952771 ], [ -60.501446233394475, -31.783066586011351 ], [ -60.501167738535678, -31.783080086407232 ], [ -60.501040761283662, -31.783128257947812 ], [ -60.49999494679188, -31.783287325373575 ], [ -60.499726617367955, -31.783372693774396 ], [ -60.499497801207454, -31.783536802300365 ], [ -60.499330896430429, -31.78376358686555 ], [ -60.499242240839337, -31.784030848216609 ], [ -60.499240512661139, -31.784312424950382 ], [ -60.499325881061957, -31.784580754374304 ], [ -60.499489989587929, -31.784809570534804 ], [ -60.49966357455309, -31.784937322438392 ], [ -60.498881143111966, -31.785062348456666 ], [ -60.498009007463381, -31.785187677316724 ], [ -60.497999420181827, -31.785189107779161 ], [ -60.496960422490247, -31.785349855054978 ], [ -60.496958714233472, -31.785350121026109 ], [ -60.496537531946245, -31.785416112411863 ], [ -60.49653629646869, -31.785416306867695 ], [ -60.495906634019086, -31.785515859883418 ], [ -60.495638809908243, -31.785602800606043 ], [ -60.495410960203195, -31.785768248348582 ], [ -60.495245388420592, -31.785996007933253 ], [ -60.495158301880139, -31.786263784665017 ], [ -60.495158225219164, -31.786545366691652 ], [ -60.495245165941789, -31.786813190802501 ], [ -60.495410613684328, -31.78704104050755 ], [ -60.495638373269003, -31.787206612290145 ], [ -60.495906150000764, -31.787293698830602 ], [ -60.496059077484148, -31.787293740465255 ], [ -60.496468508414239, -31.789409859687805 ], [ -60.496564586023261, -31.789674543530616 ], [ -60.496737753064963, -31.789896583210112 ], [ -60.496971058742766, -31.790054243935426 ], [ -60.4972416654714, -31.790132092776268 ], [ -60.497523084378827, -31.790122509345704 ], [ -60.497787768221642, -31.790026431736678 ], [ -60.498009807901141, -31.78985326469498 ], [ -60.498167468626448, -31.789619959017173 ], [ -60.498245317467294, -31.789349352288543 ], [ -60.498235734036726, -31.789067933381109 ], [ -60.49820633238344, -31.788915972698309 ], [ -60.498408235221774, -31.788840196294352 ], [ -60.498628384160071, -31.788664631808857 ], [ -60.498783505832769, -31.788429630297667 ], [ -60.498858415849746, -31.788158195346053 ], [ -60.498845781496613, -31.787876896898272 ], [ -60.49864867345434, -31.786914245765349 ], [ -60.499144183898125, -31.786843039228653 ], [ -60.499158176821965, -31.786840915971311 ], [ -60.500334074449974, -31.78665301733815 ], [ -60.501332472648279, -31.786518149484198 ], [ -60.5013472059617, -31.786516035049463 ], [ -60.502512836588743, -31.786338901707452 ], [ -60.502514668188908, -31.78633862144174 ], [ -60.502527734657434, -31.786336608283975 ], [ -60.503179764646703, -31.789396214120941 ], [ -60.50266101462983, -31.789482761840098 ], [ -60.501851212817002, -31.78959892467762 ], [ -60.501839703539275, -31.789602479287449 ], [ -60.501827658697088, -31.789602622471598 ], [ -60.500935147187995, -31.78975487888853 ], [ -60.500739640526099, -31.789782067232856 ], [ -60.500556619158672, -31.789837733124628 ], [ -60.500320230640604, -31.789875680996467 ], [ -60.49973906672065, -31.789966829784564 ], [ -60.498658536614691, -31.790106559358243 ], [ -60.498645884876304, -31.790110275375937 ], [ -60.498632698700845, -31.790110282348135 ], [ -60.498631299233935, -31.790110504760513 ], [ -60.498579724928682, -31.79012025099108 ], [ -60.498578346184701, -31.790120553426444 ], [ -60.498526974465278, -31.790133417223533 ], [ -60.498525622709174, -31.79013379830764 ], [ -60.498474535793441, -31.790149855896473 ], [ -60.498473217167543, -31.790150313897701 ], [ -60.498422517427088, -31.790169655278408 ], [ -60.498421237923154, -31.790170188115606 ], [ -60.498371052318547, -31.79019291394016 ], [ -60.498369817750579, -31.790193519192172 ], [ -60.498320302387199, -31.790219736563387 ], [ -60.498319118365032, -31.790220411479947 ], [ -60.498270462642552, -31.790250228634587 ], [ -60.498269334546322, -31.79025097014889 ], [ -60.498221764918057, -31.7902844897596 ], [ -60.498220697873762, -31.790285294502272 ], [ -60.498174480759054, -31.790322605507424 ], [ -60.498173479615325, -31.790323469821761 ], [ -60.498128922960056, -31.790364637790617 ], [ -60.498127992266028, -31.790365557749187 ], [ -60.498085445104074, -31.790410614030499 ], [ -60.498084589088798, -31.790411585453075 ], [ -60.498044438813217, -31.790460515161509 ], [ -60.49804366136636, -31.790461533633962 ], [ -60.498006327659944, -31.790514263544416 ], [ -60.498005632314218, -31.790515324438871 ], [ -60.497971557785498, -31.790571711159995 ], [ -60.497970947700509, -31.790572809655821 ], [ -60.497940584614781, -31.790632629725664 ], [ -60.497940062562733, -31.790633760831319 ], [ -60.497913856118863, -31.790696703830431 ], [ -60.497913424471946, -31.790697862406219 ], [ -60.497891793307801, -31.790763528479086 ], [ -60.497891454027396, -31.79076470926049 ], [ -60.497874769201481, -31.790832612314123 ], [ -60.497874523829267, -31.790833809935755 ], [ -60.497863088123552, -31.790903387074746 ], [ -60.497862937774492, -31.790904596094627 ], [ -60.497856967366552, -31.790975223414154 ], [ -60.497856912723826, -31.790976438338593 ], [ -60.497856523349135, -31.791047452071663 ], [ -60.497856564661063, -31.791048667380082 ], [ -60.497861763936434, -31.791119388726209 ], [ -60.497861901015263, -31.791120598896271 ], [ -60.49787258793215, -31.791190360485601 ], [ -60.497872820155031, -31.791191560018412 ], [ -60.497878867025655, -31.791208212890883 ], [ -60.497880161853097, -31.791225882249243 ], [ -60.497937026653183, -31.791468494208289 ], [ -60.498043379778068, -31.791729219075588 ], [ -60.498113975963868, -31.791812784417495 ], [ -60.498095050435118, -31.791861653203664 ], [ -60.498094848488506, -31.791862240589044 ], [ -60.498074703434845, -31.791929186377327 ], [ -60.498074548611257, -31.791929784111272 ], [ -60.498059532999378, -31.791998812367151 ], [ -60.498059426012276, -31.791999417695234 ], [ -60.498049820581166, -31.79206992998726 ], [ -60.498049761923546, -31.792070540120093 ], [ -60.498045752773706, -31.792141882304993 ], [ -60.498045742715874, -31.792142494431022 ], [ -60.498047409061726, -31.792213980085616 ], [ -60.498047447650023, -31.792214591384056 ], [ -60.498054756453627, -31.792285528437837 ], [ -60.498054843510225, -31.792286136091789 ], [ -60.498060573563251, -31.792321189688131 ], [ -60.498250920355531, -31.793356837073055 ], [ -60.498258084292637, -31.79339188259609 ], [ -60.498258221162665, -31.793392490341809 ], [ -60.498276539808003, -31.793461084675531 ], [ -60.498276725159066, -31.793461682972495 ], [ -60.498300073728927, -31.793527815866824 ], [ -60.49830030668808, -31.793528401897351 ], [ -60.498328277609623, -31.793591584920637 ], [ -60.498328557079766, -31.793592155924824 ], [ -60.498360698142022, -31.793651994840573 ], [ -60.498361022806975, -31.793652548129224 ], [ -60.498396859827061, -31.793708744510063 ], [ -60.498397228157785, -31.793709277477468 ], [ -60.498436285569909, -31.793761624487516 ], [ -60.498436695831771, -31.793762134623648 ], [ -60.498478513653573, -31.793810508023419 ], [ -60.49847896391443, -31.79381099292576 ], [ -60.498523110811369, -31.79385533944038 ], [ -60.49852359895069, -31.793855796825277 ], [ -60.498569681160681, -31.793896121022161 ], [ -60.498570204879563, -31.793896548735585 ], [ -60.498617871429651, -31.793932899736653 ], [ -60.498618428261636, -31.793933295764226 ], [ -60.498667372698108, -31.793965754424196 ], [ -60.498667960020789, -31.793966116900823 ], [ -60.498717919971178, -31.793994784552861 ], [ -60.498718535018511, -31.793995111771466 ], [ -60.498769289870083, -31.794020100434267 ], [ -60.498769929745507, -31.794020390853799 ], [ -60.498821296865728, -31.794041814962601 ], [ -60.49882195855573, -31.794042067215312 ], [ -60.498873788946185, -31.794060037049192 ], [ -60.49887446933451, -31.794060249947094 ], [ -60.49892664289996, -31.794074866455681 ], [ -60.498927338782316, -31.794075038996116 ], [ -60.498979759288417, -31.794086389802064 ], [ -60.498980467387504, -31.794086521172485 ], [ -60.499033057818757, -31.794094677696656 ], [ -60.49903377479977, -31.794094767278327 ], [ -60.499086472211836, -31.794099782579291 ], [ -60.499087194698141, -31.794099829950355 ], [ -60.499139945863433, -31.794101737390282 ], [ -60.499140670452462, -31.79410174232763 ], [ -60.499193427119955, -31.794100554733134 ], [ -60.499194150399212, -31.794100517213504 ], [ -60.499246864803553, -31.794096226589456 ], [ -60.499247583366767, -31.794096146789563 ], [ -60.499274835971192, -31.794092698460162 ], [ -60.500219782086603, -31.79395845061963 ], [ -60.500241434600809, -31.793960498732854 ], [ -60.500242146486961, -31.793960545306557 ], [ -60.500294122859117, -31.793962439691079 ], [ -60.500294836802944, -31.793962445068569 ], [ -60.500346819011334, -31.79396133468132 ], [ -60.500347531748474, -31.793961298838052 ], [ -60.500399474227287, -31.793957176423387 ], [ -60.500400182498943, -31.793957099523251 ], [ -60.500412925364955, -31.793953638180188 ], [ -60.500426127357812, -31.793953900696852 ], [ -60.501406983486014, -31.793818478803132 ], [ -60.501412898942249, -31.793818451444356 ], [ -60.501772707618912, -31.793759756250587 ], [ -60.501789163393937, -31.793835786741827 ], [ -60.501891047772425, -31.794098290107563 ], [ -60.50206906357559, -31.794316461639678 ], [ -60.502261672227455, -31.794440529852601 ], [ -60.499470355407055, -31.794924057715651 ], [ -60.499203839688278, -31.795014930237613 ], [ -60.498978449330849, -31.795183713028145 ], [ -60.498816247113339, -31.795413884451733 ], [ -60.498733110518927, -31.795682913725738 ], [ -60.498737177536725, -31.795964466390384 ], [ -60.498828050058684, -31.796230982109158 ], [ -60.498996832849215, -31.796456372466587 ], [ -60.499227004272804, -31.796618574684096 ], [ -60.499496033546812, -31.796701711278509 ], [ -60.499777586211451, -31.796697644260714 ], [ -60.504142217724848, -31.795941577828827 ], [ -60.504147628295662, -31.7959416308431 ], [ -60.504148362865095, -31.795941616202313 ], [ -60.504201843521997, -31.795938957039262 ], [ -60.504202575120786, -31.79593889880319 ], [ -60.504255988107168, -31.795933037942792 ], [ -60.504256713192667, -31.795932936393477 ], [ -60.504269750674972, -31.795928957275418 ], [ -60.504283380874114, -31.795928792965999 ], [ -60.505408630850845, -31.795736639329085 ], [ -60.505421160970485, -31.795732400395 ], [ -60.505434377487141, -31.795731856200359 ], [ -60.505435069039471, -31.795731717288405 ], [ -60.505486410584915, -31.79571983058926 ], [ -60.505487089635274, -31.795719652275476 ], [ -60.50553817455738, -31.795704608781605 ], [ -60.505538838031903, -31.795704391873127 ], [ -60.505589571119366, -31.795686105970269 ], [ -60.505590216014696, -31.795685851448994 ], [ -60.50564047906559, -31.795664225881616 ], [ -60.505641102462455, -31.795663934899697 ], [ -60.505690749701955, -31.795638864608872 ], [ -60.505691348778434, -31.795638538483519 ], [ -60.505740202710641, -31.795609915455678 ], [ -60.505740774754891, -31.79560955566313 ], [ -60.505788622084587, -31.795577275226798 ], [ -60.505789164507092, -31.795576883395743 ], [ -60.505835753044551, -31.795540851818892 ], [ -60.505836263389945, -31.795540429723054 ], [ -60.505881300112605, -31.795500573234822 ], [ -60.505881776070716, -31.795500122784922 ], [ -60.505924926822381, -31.795456397973613 ], [ -60.505925366238642, -31.795455921208656 ], [ -60.505966257442772, -31.795408326816915 ], [ -60.505966658328092, -31.795407825895118 ], [ -60.506004882161719, -31.795356414606793 ], [ -60.506005242701406, -31.795355891795676 ], [ -60.506040365112213, -31.795300782326208 ], [ -60.506040683674208, -31.795300239992418 ], [ -60.506072256376818, -31.795241627520387 ], [ -60.506072531519081, -31.795241068118859 ], [ -60.506100107372113, -31.795179232453698 ], [ -60.506100337849148, -31.795178658516726 ], [ -60.506123489493014, -31.795113967966373 ], [ -60.506123674261538, -31.795113382092005 ], [ -60.506142014607867, -31.795046292236627 ], [ -60.506142152831465, -31.795045697076919 ], [ -60.506155355842232, -31.79497674370684 ], [ -60.506155446895221, -31.794976141955932 ], [ -60.506159409594332, -31.794940561156743 ], [ -60.506159941238344, -31.794938624508912 ], [ -60.506159848494597, -31.794936620301826 ], [ -60.506163266841135, -31.794905927206454 ], [ -60.506163310311315, -31.794905321588296 ], [ -60.506165597141077, -31.794834494947253 ], [ -60.506165592831714, -31.7948338882033 ], [ -60.506162302032031, -31.794763122486941 ], [ -60.506162249962614, -31.794762517363775 ], [ -60.506159070232769, -31.794737224508811 ], [ -60.506210652291912, -31.794811120593469 ], [ -60.506435286184512, -31.794980908867203 ], [ -60.506701393173877, -31.795072971421003 ], [ -60.506982924853816, -31.795078296530669 ], [ -60.507556994614582, -31.794998470359658 ], [ -60.507569373714666, -31.7949947054326 ], [ -60.507582312088964, -31.794994581882616 ], [ -60.509000090728172, -31.794756128635488 ], [ -60.509806012315273, -31.794653099599806 ], [ -60.509815963111365, -31.794650192577503 ], [ -60.509826329578935, -31.794650266550228 ], [ -60.511442040235799, -31.794406168339535 ], [ -60.511444259357276, -31.794406216659176 ], [ -60.511446817615706, -31.7944054465829 ], [ -60.51148137674739, -31.794400225461054 ], [ -60.511749791254225, -31.794315124955041 ], [ -60.511935696229969, -31.794182073456572 ], [ -60.513552756184616, -31.793950503297893 ], [ -60.513578568252875, -31.793946423618575 ], [ -60.51357891675201, -31.793946363338787 ], [ -60.513630404811316, -31.793935901093214 ], [ -60.513630747769255, -31.793935820914381 ], [ -60.513682015975768, -31.793922230118973 ], [ -60.513682351836806, -31.79392213040482 ], [ -60.513733313997989, -31.793905331546647 ], [ -60.513733641238609, -31.793905212749475 ], [ -60.513784189947614, -31.793885113248781 ], [ -60.513784507083379, -31.793884975907474 ], [ -60.513834509307515, -31.79386147347001 ], [ -60.513834814899866, -31.793861318207576 ], [ -60.513884107668233, -31.79383430518622 ], [ -60.513884400330937, -31.793834132706973 ], [ -60.513905501118309, -31.793820774821025 ], [ -60.513477047961629, -31.79534594412975 ], [ -60.513444238506139, -31.795625608183986 ], [ -60.513499455805174, -31.795901723184464 ], [ -60.513637294804781, -31.79614726107113 ], [ -60.513660033926591, -31.796168237667072 ], [ -60.513653972733842, -31.796229775429488 ], [ -60.513714317225485, -31.796504815401001 ], [ -60.513856700272811, -31.796747746484716 ], [ -60.51406718443112, -31.796934788893559 ], [ -60.514325166044451, -31.797047633613349 ], [ -60.514605392075033, -31.797075234616678 ], [ -60.514880432046546, -31.797014890125034 ], [ -60.515123363130265, -31.796872507077705 ], [ -60.515310405539104, -31.796662022919403 ], [ -60.515423250258891, -31.796404041306072 ], [ -60.515742771730807, -31.795179590359751 ], [ -60.515869335156061, -31.794719395918932 ], [ -60.515911261745963, -31.794582004598528 ], [ -60.515913398183855, -31.794566745451565 ], [ -60.515919671935265, -31.794552672570706 ], [ -60.515921509074303, -31.794545829423807 ], [ -60.516534865410208, -31.794672791198956 ], [ -60.517045163830687, -31.797121452593256 ], [ -60.517050025246519, -31.797237000605929 ], [ -60.517092480660565, -31.797447382273763 ], [ -60.517120646687331, -31.797776057157805 ], [ -60.517137694879537, -31.797844955835167 ], [ -60.517143777981069, -31.797915671211666 ], [ -60.517255667866259, -31.798367235747911 ], [ -60.517365313386385, -31.798626593230004 ], [ -60.517549738342368, -31.798839374524324 ], [ -60.517790889934552, -31.798984751115242 ], [ -60.518065162564895, -31.799048492529149 ], [ -60.518345708517373, -31.799024359312334 ], [ -60.518605065999459, -31.798914713792204 ], [ -60.518817847293782, -31.798730288836222 ], [ -60.518963223884704, -31.798489137244033 ], [ -60.519026965298607, -31.798214864613691 ], [ -60.519002832081789, -31.79793431866122 ], [ -60.518908013162758, -31.797551649029145 ], [ -60.518881536428708, -31.797242686832746 ], [ -60.518869197923422, -31.797192821915409 ], [ -60.518867038612051, -31.797141498567211 ], [ -60.518832356788224, -31.796969637802121 ], [ -60.518826352289821, -31.796845619952247 ], [ -60.518188931363142, -31.793786962601118 ], [ -60.518040901662708, -31.793075326398384 ], [ -60.518142635355325, -31.792937966091447 ], [ -60.518232098689019, -31.792670974040018 ], [ -60.518234678294256, -31.792389403819225 ], [ -60.518150121661286, -31.792120817484086 ], [ -60.517986705782484, -31.791891506136441 ], [ -60.517760426942665, -31.791723916368703 ], [ -60.517493434891236, -31.791634453035002 ], [ -60.517211864670443, -31.791631873429772 ], [ -60.516720472424531, -31.79170509418001 ], [ -60.516823058969834, -31.791303190290975 ], [ -60.51683627712471, -31.791252107875689 ], [ -60.516863303335413, -31.790971825825718 ], [ -60.516862490710153, -31.790968157971154 ], [ -60.517171510037301, -31.789827535727806 ], [ -60.518930983234746, -31.789792355156052 ], [ -60.519624628235491, -31.789778498653746 ], [ -60.51971846835221, -31.789761708131135 ], [ -60.519777102541063, -31.789758267849866 ], [ -60.519810342711573, -31.78974526933542 ], [ -60.519901808289518, -31.789728903681706 ], [ -60.520036638241628, -31.789656776837603 ], [ -60.520039346553375, -31.789655717756713 ], [ -60.520040712881894, -31.789654597122052 ], [ -60.520150096496891, -31.789596082713178 ], [ -60.52034518867795, -31.789393037189974 ], [ -60.520467987850722, -31.789139642622612 ], [ -60.520506473576582, -31.78886070303685 ], [ -60.520456878604548, -31.788583522982822 ], [ -60.520430105349426, -31.788533474533448 ], [ -60.520276402607969, -31.787831937031587 ], [ -60.520968215323727, -31.787729046861443 ], [ -60.521274858320467, -31.789052042538355 ], [ -60.52153005288671, -31.790290985128824 ], [ -60.521629303991574, -31.790554495397664 ], [ -60.521805126552863, -31.790774438277843 ], [ -60.522040309833265, -31.790929284227818 ], [ -60.522311832454662, -31.791003875847128 ], [ -60.52259311589107, -31.790990911588363 ], [ -60.522856626159907, -31.790891660483499 ], [ -60.523076569040093, -31.790715837922207 ], [ -60.523231414990065, -31.790480654641808 ], [ -60.523306006609374, -31.790209132020411 ], [ -60.523293042350609, -31.789927848584004 ], [ -60.523035612482374, -31.78867805383911 ], [ -60.523031666063034, -31.788667576152005 ], [ -60.523030875392813, -31.788656407848944 ], [ -60.522774500425157, -31.787550291037267 ], [ -60.5237245544728, -31.787396241218488 ], [ -60.525550902003587, -31.787098444163576 ], [ -60.526502499461039, -31.786955299834851 ], [ -60.526506528803026, -31.786954025165794 ], [ -60.526507519549149, -31.786954023670948 ], [ -60.527154111800094, -31.790107882962054 ], [ -60.527253119759493, -31.790371484683554 ], [ -60.527428739336138, -31.79059158967646 ], [ -60.527663779662248, -31.790746652530501 ], [ -60.527935233353084, -31.790821494613144 ], [ -60.528216528630054, -31.790808789859881 ], [ -60.528480130351554, -31.790709781900478 ], [ -60.528700235344459, -31.790534162323834 ], [ -60.528855298198501, -31.790299121997727 ], [ -60.52893014028114, -31.790027668306891 ], [ -60.52891743552788, -31.789746373029921 ], [ -60.528157231379595, -31.786038353156957 ], [ -60.528156840548917, -31.785779320445808 ], [ -60.528069422954161, -31.785511651606139 ], [ -60.527903569660708, -31.785284096934351 ], [ -60.527675515544495, -31.785118931067181 ], [ -60.527644412461285, -31.785108876920383 ], [ -60.527579134806487, -31.785065811376583 ], [ -60.527307681115651, -31.78499096929394 ], [ -60.527026385838681, -31.785003674047204 ], [ -60.526817709628553, -31.785082052161062 ], [ -60.526230615593356, -31.785175946971755 ], [ -60.525277662924374, -31.785319295158573 ], [ -60.525266701654523, -31.785321013169693 ], [ -60.5234360572261, -31.78561951121732 ], [ -60.521946279120044, -31.785861076471242 ], [ -60.521837299100291, -31.785824526344687 ], [ -60.521749980606295, -31.785823702425009 ], [ -60.521735084776857, -31.785820002157688 ], [ -60.521690716867944, -31.785823143224341 ], [ -60.521555729597608, -31.785821869511715 ], [ -60.520938159052449, -31.785913718539039 ], [ -60.519467702534484, -31.786132412873322 ], [ -60.519464798413246, -31.786132849634303 ], [ -60.518153131009349, -31.786332304885455 ], [ -60.518144431496729, -31.786333671331803 ], [ -60.518089511703323, -31.786342573200532 ], [ -60.518140624865268, -31.786114727729665 ], [ -60.51824912983129, -31.78569596021795 ], [ -60.51837245674777, -31.785219983732144 ], [ -60.518553610213765, -31.784520818572933 ], [ -60.518562207880308, -31.784484559987366 ], [ -60.518676014521361, -31.783956103755386 ], [ -60.520102662400284, -31.783708354152605 ], [ -60.52014376695103, -31.783912109657091 ], [ -60.520241943762564, -31.784176022061647 ], [ -60.520416868876957, -31.784396679370513 ], [ -60.52065141940524, -31.784552482108889 ], [ -60.520922635907489, -31.784628179219201 ], [ -60.521203969822793, -31.784616360940873 ], [ -60.521467882227348, -31.78451818412934 ], [ -60.521688539536214, -31.784343259014946 ], [ -60.521844342274591, -31.784108708486666 ], [ -60.521920039384902, -31.783837491984418 ], [ -60.521908221106578, -31.783556158069114 ], [ -60.521732043229434, -31.782682843275918 ], [ -60.523442575195205, -31.782415258580244 ], [ -60.523710540785352, -31.782328754903432 ], [ -60.523938660099788, -31.782163679096659 ], [ -60.524104603230619, -31.781936189930033 ], [ -60.52414314271951, -31.781818341404364 ], [ -60.524212338464856, -31.781913879569665 ], [ -60.524439896784685, -31.782079727857802 ], [ -60.524707567547125, -31.782167139564908 ], [ -60.524989149272962, -31.782167558224064 ], [ -60.525606583177527, -31.782070707116205 ], [ -60.525639837276451, -31.782230021804882 ], [ -60.525641257401205, -31.782233762239212 ], [ -60.525641487271393, -31.782237756580589 ], [ -60.525761678390161, -31.782789295126758 ], [ -60.52576359336004, -31.782794208371875 ], [ -60.525763957293833, -31.78279946904096 ], [ -60.52594054514887, -31.783566956564002 ], [ -60.526045833604684, -31.783828113192627 ], [ -60.526226670713108, -31.784043951983897 ], [ -60.52646535487802, -31.784193345133083 ], [ -60.526738522030335, -31.784261668997864 ], [ -60.527019432665917, -31.78424223556231 ], [ -60.527280589294541, -31.7841369471065 ], [ -60.527496428085811, -31.783956109998069 ], [ -60.527645821234998, -31.783717425833164 ], [ -60.527714145099779, -31.783444258680849 ], [ -60.527694711664225, -31.783163348045264 ], [ -60.527519292726417, -31.782400940879455 ], [ -60.527401053584178, -31.78185835965316 ], [ -60.527380525688784, -31.781760014024499 ], [ -60.527696689475171, -31.781710951556299 ], [ -60.527851428659886, -31.781686939762281 ], [ -60.529255094690555, -31.781469106626446 ], [ -60.530605099764081, -31.781268731452585 ], [ -60.530606932469134, -31.78126815562371 ], [ -60.530608853477894, -31.78126816621257 ], [ -60.531209382498275, -31.781176442035122 ], [ -60.531898051546079, -31.784305551635896 ], [ -60.531805660833108, -31.784319935777649 ], [ -60.530766971039981, -31.784481638479765 ], [ -60.529800983155518, -31.784632014891127 ], [ -60.529532953248832, -31.784718319078294 ], [ -60.529304711120034, -31.784883225034054 ], [ -60.529138598698957, -31.785110590614487 ], [ -60.529050876226741, -31.785378159692424 ], [ -60.529050130590164, -31.785659740742265 ], [ -60.529136434777335, -31.78592777064895 ], [ -60.529301340733092, -31.786156012777745 ], [ -60.529528706313521, -31.786322125198826 ], [ -60.529796275391462, -31.786409847671045 ], [ -60.530077856441302, -31.786410593307618 ], [ -60.531043848068791, -31.786260216313575 ], [ -60.531043851616772, -31.786260215171144 ], [ -60.531043855344137, -31.786260215180985 ], [ -60.532082552411545, -31.786098511346413 ], [ -60.532082556088163, -31.786098510162528 ], [ -60.532082559950673, -31.786098510172692 ], [ -60.532285693929822, -31.786066884613614 ], [ -60.532954362045366, -31.789105115860917 ], [ -60.531879535437383, -31.789265080330075 ], [ -60.531610934335113, -31.789349590042299 ], [ -60.531381594443779, -31.789512965860109 ], [ -60.531213965149853, -31.789739215420152 ], [ -60.53112445517656, -31.790006191839119 ], [ -60.531121826383753, -31.790287761604983 ], [ -60.531206336095977, -31.790556362707257 ], [ -60.531369711913783, -31.79078570259859 ], [ -60.531595961473826, -31.790953331892517 ], [ -60.531862937892789, -31.791042841865803 ], [ -60.532144507658657, -31.791045470658617 ], [ -60.533342175035422, -31.790867224023547 ], [ -60.533554326022625, -31.791831175711216 ], [ -60.534191533411487, -31.794842502996708 ], [ -60.53429220358985, -31.795105474399698 ], [ -60.534469209251547, -31.795324466270163 ], [ -60.534705223849123, -31.795478042158024 ], [ -60.534977144629366, -31.795551168985348 ], [ -60.535258354091717, -31.795536688588772 ], [ -60.535521325494706, -31.795436018410403 ], [ -60.535740317365175, -31.795259012748712 ], [ -60.535893893253032, -31.795022998151133 ], [ -60.535967020080356, -31.79475107737089 ], [ -60.535952539683777, -31.794469867908539 ], [ -60.53531457736991, -31.79145497298353 ], [ -60.53531325823289, -31.791451527123805 ], [ -60.535313038634328, -31.791447843939281 ], [ -60.534033316274936, -31.785633161932207 ], [ -60.534748519542191, -31.785522054578983 ], [ -60.535016576433037, -31.785435834239898 ], [ -60.53524487013577, -31.785270999689846 ], [ -60.535411053672163, -31.78504368608305 ], [ -60.535498859839798, -31.784776144459133 ], [ -60.535499693559203, -31.78449456365632 ], [ -60.535413473220117, -31.784226506765474 ], [ -60.535248638670062, -31.783998213062734 ], [ -60.535021325063269, -31.783832029526344 ], [ -60.534753783439356, -31.78374422335871 ], [ -60.534472202636536, -31.783743389639305 ], [ -60.533645665917867, -31.783871792726032 ], [ -60.532970539048648, -31.780804214801705 ], [ -60.536920926422304, -31.780207951248698 ], [ -60.536944855742739, -31.780200368088227 ], [ -60.536969928895182, -31.780199162380139 ], [ -60.537855557826049, -31.780014901362325 ], [ -60.54680267174794, -31.778656338503687 ], [ -60.548860284821039, -31.778353086316667 ], [ -60.548888426550505, -31.778344275900793 ], [ -60.548917871765191, -31.778342675995372 ], [ -60.549308257255838, -31.778258912563754 ], [ -60.549308182787378, -31.778258565498149 ], [ -60.549329263573121, -31.778254185655666 ], [ -60.549329958242915, -31.778254019710072 ], [ -60.549381952364676, -31.778239941795935 ], [ -60.549382632147541, -31.778239735715459 ], [ -60.549434300611267, -31.778222346775408 ], [ -60.549434962333684, -31.778222101522168 ], [ -60.549486190371205, -31.77820130380481 ], [ -60.549486830943927, -31.778201020523738 ], [ -60.54953747605456, -31.77817670649867 ], [ -60.549538092487062, -31.778176386512268 ], [ -60.549587979843444, -31.77814844372605 ], [ -60.549588569257921, -31.778148088528209 ], [ -60.549637487461645, -31.778116405755014 ], [ -60.549638047106448, -31.778116017003914 ], [ -60.549685744236655, -31.778080492132805 ], [ -60.54968627149907, -31.778080071643355 ], [ -60.549732452731284, -31.778040620900398 ], [ -60.549732945149813, -31.778040170635649 ], [ -60.549777271831012, -31.777996739454245 ], [ -60.549777727106793, -31.777996261516218 ], [ -60.549819818042579, -31.777948836847955 ], [ -60.549820234050173, -31.777948333467936 ], [ -60.549859670134623, -31.777896956533557 ], [ -60.549860044931897, -31.777896430061546 ], [ -60.549896376948908, -31.777841209511692 ], [ -60.549896708786143, -31.777840662405517 ], [ -60.549929469507866, -31.77778178596342 ], [ -60.549929756835866, -31.77778122077725 ], [ -60.549958476886765, -31.777718964641419 ], [ -60.549958718364174, -31.777718384013799 ], [ -60.549982945752667, -31.777653117916543 ], [ -60.549983140252124, -31.777652524558132 ], [ -60.550002462138359, -31.777584711652437 ], [ -60.550002608751839, -31.777584108333318 ], [ -60.550016674013385, -31.777514298356465 ], [ -60.550016772056459, -31.777513687893222 ], [ -60.550025312362465, -31.777442503299493 ], [ -60.550025361377408, -31.777441888542079 ], [ -60.550028208373, -31.777370004567317 ], [ -60.550028208130989, -31.777369388385704 ], [ -60.550025304767296, -31.777297507876231 ], [ -60.550025255269453, -31.777296893147032 ], [ -60.55001665971929, -31.777225718829911 ], [ -60.550016561196699, -31.777225108423007 ], [ -60.550010178177907, -31.777190001081458 ], [ -60.54977263613398, -31.776016209815442 ], [ -60.549771501414206, -31.776013165239728 ], [ -60.549771339897724, -31.776009920098307 ], [ -60.549173876851256, -31.77316228391814 ], [ -60.549218456179503, -31.773156704423705 ], [ -60.549297162697471, -31.773119778670747 ], [ -60.549379751331699, -31.773092624579025 ], [ -60.54942387517854, -31.773060330560298 ], [ -60.549473377215278, -31.773037106308649 ], [ -60.549536820876853, -31.77297766617907 ], [ -60.549606976259817, -31.772926319811667 ], [ -60.549638961131286, -31.772881971356174 ], [ -60.549678863677435, -31.772844586809715 ], [ -60.549720834175012, -31.772768450717539 ], [ -60.549771689008999, -31.772697938214648 ], [ -60.549788404003003, -31.772645876458238 ], [ -60.549814801119368, -31.772597991076818 ], [ -60.549831190088213, -31.772512611753193 ], [ -60.549857766347749, -31.772429835369913 ], [ -60.549857575284229, -31.772375156480017 ], [ -60.549867883037116, -31.772321457618428 ], [ -60.549857086210764, -31.77223519258645 ], [ -60.54985678242641, -31.772148255051881 ], [ -60.549839704007994, -31.772096311379226 ], [ -60.549832913402739, -31.772042055456172 ], [ -60.549815635034705, -31.771982326095433 ], [ -60.549770821868414, -31.7718868077107 ], [ -60.549768833558055, -31.771880760303976 ], [ -60.549766468885629, -31.771877529413302 ], [ -60.549696036919649, -31.771727405059664 ], [ -60.549503517420717, -31.7715219185975 ], [ -60.549256921687821, -31.771385981155571 ], [ -60.548980388229424, -31.771332899237819 ], [ -60.548770334737718, -31.771359189277046 ], [ -60.548166866234205, -31.768426271167797 ], [ -60.549169656903885, -31.768271171240574 ], [ -60.549261418679976, -31.768511907085099 ], [ -60.549438109615323, -31.76873115296754 ], [ -60.549673903384381, -31.768885067690931 ], [ -60.549945718850154, -31.768958585009759 ], [ -60.550226948821006, -31.768944508536634 ], [ -60.550490064547951, -31.76884421617482 ], [ -60.550497267711606, -31.768838411122932 ], [ -60.550610542906753, -31.768912350112174 ], [ -60.550882359081584, -31.768985864809359 ], [ -60.551163588916658, -31.768971785623791 ], [ -60.55142670367627, -31.768871490724244 ], [ -60.551645947854531, -31.768694797674293 ], [ -60.551799860303696, -31.768459002420752 ], [ -60.551873375000881, -31.768187186245918 ], [ -60.551859295815312, -31.767905956410846 ], [ -60.551829059107042, -31.767762049784707 ], [ -60.552733210632027, -31.767623512221721 ], [ -60.552745963088867, -31.767619439615544 ], [ -60.552759346082148, -31.767619112862423 ], [ -60.552760752192945, -31.767618854827553 ], [ -60.552812809006298, -31.76760770098506 ], [ -60.552814191291276, -31.767607361760493 ], [ -60.552866006910243, -31.76759299179297 ], [ -60.552867358954572, -31.767592572952957 ], [ -60.552918839960327, -31.767574901996365 ], [ -60.552920155489538, -31.76757440548462 ], [ -60.55297118544155, -31.767553335655276 ], [ -60.552972458350595, -31.76755276377601 ], [ -60.553022893113862, -31.767528187910607 ], [ -60.553024117495525, -31.767527543317733 ], [ -60.553073780546391, -31.767499349934631 ], [ -60.553074950718617, -31.767498635619564 ], [ -60.553123628971008, -31.767466715151837 ], [ -60.553124739503353, -31.767465934429495 ], [ -60.553172179695203, -31.767430187016036 ], [ -60.553173225433945, -31.767429343509555 ], [ -60.553219131699684, -31.767389688343613 ], [ -60.55322010779188, -31.767388785967512 ], [ -60.553264141067871, -31.767345172021262 ], [ -60.553265042983682, -31.767344214963224 ], [ -60.553306822479414, -31.76729663318131 ], [ -60.553307646033311, -31.767295625882753 ], [ -60.5533467539097, -31.76724412192662 ], [ -60.55334749527978, -31.767243069062197 ], [ -60.553383484830746, -31.767187755978131 ], [ -60.553384140576519, -31.7671866624339 ], [ -60.553416548265048, -31.767127732172263 ], [ -60.553417115343372, -31.767126603023069 ], [ -60.553445476780773, -31.767064335306788 ], [ -60.553445952559962, -31.76706317579271 ], [ -60.553469821817238, -31.766997943002483 ], [ -60.553470204089365, -31.766996758504543 ], [ -60.553489175359225, -31.766929024872194 ], [ -60.55348946235025, -31.766927820887318 ], [ -60.553503192033759, -31.766858135541735 ], [ -60.55350338241184, -31.766856917657297 ], [ -60.553511609711521, -31.766785900645925 ], [ -60.553511702593156, -31.766784674513833 ], [ -60.553513539505765, -31.766733314732459 ], [ -60.553541784922885, -31.76663485288945 ], [ -60.553527045442699, -31.766340154332056 ], [ -60.553079742828253, -31.764288319546004 ], [ -60.552542462333285, -31.761767599946342 ], [ -60.552541651966827, -31.761763837485585 ], [ -60.551851577817935, -31.758592838842652 ], [ -60.551711830443416, -31.757947229423532 ], [ -60.551690970942587, -31.75779396117392 ], [ -60.551687290927703, -31.757769452158637 ], [ -60.551661900240518, -31.75761487511889 ], [ -60.551602139825015, -31.757408822359313 ], [ -60.551552496335482, -31.757291976729682 ], [ -60.551397307416032, -31.757046522032262 ], [ -60.551293819630871, -31.756929909364764 ], [ -60.551158143191671, -31.756805406840066 ], [ -60.551055283015636, -31.756728823562856 ], [ -60.55105432518539, -31.756727609835927 ], [ -60.55108902002106, -31.756588451408721 ], [ -60.551115736269836, -31.756365405375526 ], [ -60.551115093291287, -31.756256709411971 ], [ -60.551087794998082, -31.75604198950294 ], [ -60.551010021156394, -31.755839996766198 ], [ -60.550925867905114, -31.755681492809309 ], [ -60.55065904011628, -31.755374744645565 ], [ -60.550521389182563, -31.755275001450116 ], [ -60.550294048724652, -31.755155521241768 ], [ -60.550160724577275, -31.755108252485943 ], [ -60.550116866117193, -31.755072622716192 ], [ -60.550085307390944, -31.755036616756794 ], [ -60.549785323945727, -31.754652528208613 ], [ -60.54974912674146, -31.754609069717137 ], [ -60.549586234116006, -31.754425547837933 ], [ -60.549689977681226, -31.754374133602298 ], [ -60.549942150616204, -31.754268812831143 ], [ -60.550120732833925, -31.754169032480412 ], [ -60.550235958808322, -31.75408617520317 ], [ -60.550425972328682, -31.753901494852645 ], [ -60.550553969836493, -31.753669484922288 ], [ -60.550608856322917, -31.753410256367921 ], [ -60.550626438685576, -31.75312191955328 ], [ -60.550614587769147, -31.752911730212539 ], [ -60.550494836996542, -31.752228656705501 ], [ -60.550488457446903, -31.752195858745846 ], [ -60.549722608828333, -31.748614593255994 ], [ -60.550084357424993, -31.748557523516883 ], [ -60.550091309248934, -31.748555269407916 ], [ -60.550098616513303, -31.748555156487416 ], [ -60.554226764496079, -31.747835768315944 ], [ -60.554257156770802, -31.747830721848519 ], [ -60.554262675574613, -31.747831304979613 ], [ -60.554264101925966, -31.747831413817106 ], [ -60.554316273131988, -31.747833874831262 ], [ -60.554317704836834, -31.747833900771777 ], [ -60.554369890487905, -31.74783333290836 ], [ -60.554371320956037, -31.747833275832491 ], [ -60.554423474644437, -31.747829675368273 ], [ -60.554424897291305, -31.747829535538727 ], [ -60.554476969670979, -31.747822879032196 ], [ -60.554478377948058, -31.747822657092627 ], [ -60.55449105319483, -31.747818549425141 ], [ -60.554504371987022, -31.747818169178338 ], [ -60.556029507794705, -31.74753177428331 ], [ -60.556955119354591, -31.747368278985789 ], [ -60.557221333014468, -31.74727652534337 ], [ -60.557229964284417, -31.74727001717309 ], [ -60.557293696189831, -31.747248260709348 ], [ -60.557519024577076, -31.74707939519628 ], [ -60.557681142294769, -31.746849164248726 ], [ -60.557764180131159, -31.746580104475942 ], [ -60.557760009764266, -31.746298553323147 ], [ -60.557669039418656, -31.746032070978849 ], [ -60.557500173905588, -31.745806742591608 ], [ -60.557496880242674, -31.745804423350343 ], [ -60.557549093206951, -31.74562729880822 ], [ -60.557541351431482, -31.745345823216887 ], [ -60.557447007824258, -31.74508051636176 ], [ -60.557433710317, -31.745063233902091 ], [ -60.557430732103718, -31.744928872439889 ], [ -60.557407356269785, -31.744862008546562 ], [ -60.557415938891083, -31.744833556918095 ], [ -60.557409974484948, -31.744552038056451 ], [ -60.557320529354875, -31.744295384486424 ], [ -60.557318410806985, -31.744143452576221 ], [ -60.557371148856568, -31.744125153966237 ], [ -60.557595629397149, -31.743955162994414 ], [ -60.557756592978869, -31.743724123671001 ], [ -60.557838283364845, -31.743454651734726 ], [ -60.557832704130931, -31.743173124976227 ], [ -60.557740401411415, -31.742907101196142 ], [ -60.557570410439588, -31.742682620655557 ], [ -60.557339371116178, -31.742521657073841 ], [ -60.557069899179901, -31.742439966687865 ], [ -60.556933337206864, -31.742442673042298 ], [ -60.556835895393533, -31.74231287174695 ], [ -60.55660553169929, -31.742150942713188 ], [ -60.556476842360176, -31.742111341767199 ], [ -60.556273989894343, -31.741079767513476 ], [ -60.556269543302015, -31.741067632973223 ], [ -60.556268697231296, -31.741054737105117 ], [ -60.556266885846263, -31.741046734320275 ], [ -60.556334835172493, -31.741023954819124 ], [ -60.556561089323871, -31.740856331722306 ], [ -60.556724471423308, -31.740626996305974 ], [ -60.55680898849257, -31.740358397518548 ], [ -60.556807888130706, -31.740240191035202 ], [ -60.556843017029102, -31.740144804937948 ], [ -60.556853913758225, -31.739863433821988 ], [ -60.556802730865776, -31.739682342602528 ], [ -60.557012101575729, -31.739530170242265 ], [ -60.557177571727074, -31.739302336810532 ], [ -60.557264538790477, -31.739034521251824 ], [ -60.557264489823829, -31.738752939219008 ], [ -60.557177429620324, -31.738485153923357 ], [ -60.557011880239273, -31.738257378055373 ], [ -60.556784046807543, -31.738091907904025 ], [ -60.556516231248835, -31.738004940840625 ], [ -60.556508140165626, -31.738004942247652 ], [ -60.556618802763701, -31.737835786652767 ], [ -60.556692597093928, -31.737564046261163 ], [ -60.556691044716949, -31.737532385444442 ], [ -60.556846741873606, -31.737421026384322 ], [ -60.557013943040097, -31.737194460249327 ], [ -60.557102948012947, -31.736927315048344 ], [ -60.557105044365301, -31.736645740814954 ], [ -60.557020026891564, -31.736377299996967 ], [ -60.556921582271208, -31.736239659220718 ], [ -60.556883897848437, -31.736057178048199 ], [ -60.556885980264624, -31.736047696526011 ], [ -60.556894374972003, -31.736032002499044 ], [ -60.557188138040026, -31.735185684125419 ], [ -60.557199277031756, -31.735123416157872 ], [ -60.557221028244946, -31.735064016985802 ], [ -60.557223917504437, -31.734985673695189 ], [ -60.557237722558114, -31.734908502201105 ], [ -60.557229074508612, -31.734845839707074 ], [ -60.557231405788031, -31.734782626242882 ], [ -60.55717743228913, -31.734335823385141 ], [ -60.557271370033149, -31.734248259133079 ], [ -60.55740793155389, -31.734002008458653 ], [ -60.557461713634794, -31.733725610319414 ], [ -60.557469358389405, -31.733507905765833 ], [ -60.557634701471798, -31.733325917358716 ], [ -60.557743436314361, -31.733137859835814 ], [ -60.557836792163776, -31.732908175286997 ], [ -60.557863935241578, -31.732661733488776 ], [ -60.557822805679471, -31.732417236728661 ], [ -60.557742813748206, -31.732163009715045 ], [ -60.557627549350364, -31.731958284181289 ], [ -60.557633484501231, -31.7319428130407 ], [ -60.557633683747014, -31.731942227789059 ], [ -60.557653549185758, -31.731875526671502 ], [ -60.557653701720923, -31.731874931253763 ], [ -60.557668476846509, -31.731806189759126 ], [ -60.557668581974262, -31.731805586895216 ], [ -60.557674758667069, -31.731759521570488 ], [ -60.557678840042364, -31.731753638122065 ], [ -60.55767918783738, -31.731753095339904 ], [ -60.557713320402215, -31.731695172200421 ], [ -60.557713623824192, -31.731694610310516 ], [ -60.557743836611209, -31.731633181663831 ] ], [ [ -60.515905774243876, -31.751551588598424 ], [ -60.515934388916421, -31.75156077535382 ], [ -60.516215969225179, -31.751559788783634 ], [ -60.516689744921017, -31.751483047535899 ], [ -60.51670225562723, -31.751478934044524 ], [ -60.516715418292229, -31.751478506457012 ], [ -60.516717489213278, -31.751478109137484 ], [ -60.516768696649088, -31.751466728040725 ], [ -60.516770731764431, -31.751466213055551 ], [ -60.516821695035432, -31.751451707844335 ], [ -60.516823685199739, -31.751451077507785 ], [ -60.516874312929751, -31.751433365885404 ], [ -60.516876249199676, -31.751432623030041 ], [ -60.51692642794761, -31.751411610845238 ], [ -60.516928301622023, -31.751410758809289 ], [ -60.516977891593214, -31.751386343603865 ], [ -60.51697969425225, -31.751385386216171 ], [ -60.516996794713087, -31.751375607156771 ], [ -60.517738147833725, -31.751256027007155 ], [ -60.51779353807278, -31.751322637412279 ], [ -60.518031667766522, -31.751472912801347 ], [ -60.518304580212536, -31.751542247067121 ], [ -60.518585560839121, -31.751523853288596 ], [ -60.518847105304829, -31.751419531976968 ], [ -60.518924077427044, -31.751355525396583 ], [ -60.518937112854765, -31.751418533859439 ], [ -60.518619100367481, -31.75171000976265 ], [ -60.517304882632956, -31.751923143007925 ], [ -60.517256381192041, -31.751924982528696 ], [ -60.517254229736118, -31.75192512700654 ], [ -60.517201870732464, -31.751930183802841 ], [ -60.51719973579182, -31.751930453172008 ], [ -60.517173601564245, -31.751934140638436 ], [ -60.515167208445938, -31.752247307633542 ], [ -60.515109190647735, -31.751935655012854 ], [ -60.515106771398891, -31.751928840492663 ], [ -60.515106461517931, -31.751921615921791 ], [ -60.515059148593188, -31.751688149191697 ], [ -60.515905774243876, -31.751551588598424 ] ], [ [ -60.518203815106425, -31.762108372597837 ], [ -60.518425132809718, -31.761934283776224 ], [ -60.518503576073662, -31.761817156866616 ], [ -60.518471155156497, -31.761916461880343 ], [ -60.518470758410814, -31.762198043637909 ], [ -60.518557394631642, -31.762465966404474 ], [ -60.51861096510774, -31.762539918735769 ], [ -60.51864413527418, -31.762695834895649 ], [ -60.518346184634957, -31.762742230562186 ], [ -60.518078158506285, -31.762828546481636 ], [ -60.517849923596067, -31.762993462427985 ], [ -60.517683821127527, -31.76322083527937 ], [ -60.517596110367585, -31.763488408196896 ], [ -60.517595880083597, -31.76357683399446 ], [ -60.517521982742707, -31.763204668289205 ], [ -60.517522667958453, -31.763154730309445 ], [ -60.517520608084361, -31.763140460252842 ], [ -60.517522606844715, -31.763126181508039 ], [ -60.517522580447611, -31.763124715308923 ], [ -60.517519746245213, -31.763067737046178 ], [ -60.517519626907841, -31.763066274222563 ], [ -60.517513211284452, -31.763009746292912 ], [ -60.517512999357365, -31.763008291142061 ], [ -60.517503082199489, -31.762952552493076 ], [ -60.5175027783053, -31.762951109289705 ], [ -60.517497704937966, -31.762937817197145 ], [ -60.517496543005812, -31.762923637327773 ], [ -60.517492000915901, -31.762904982976266 ], [ -60.517552071070995, -31.762882877362031 ], [ -60.517773343786111, -31.762708731362519 ], [ -60.517929972570343, -31.762474731645529 ], [ -60.518006625507006, -31.762203783733739 ], [ -60.518005756543872, -31.762181199381466 ], [ -60.518203815106425, -31.762108372597837 ] ], [ [ -60.517846608922348, -31.764266250317988 ], [ -60.517943895746825, -31.764337321167496 ], [ -60.517909659203511, -31.764365124403458 ], [ -60.517753226829129, -31.764369272014697 ], [ -60.517689634800973, -31.764049006471705 ], [ -60.517846608922348, -31.764266250317988 ] ], [ [ -60.517772332132736, -31.774533786504065 ], [ -60.517772691307158, -31.774533776869319 ], [ -60.51782502184291, -31.774530846417981 ], [ -60.517825379417545, -31.774530815928166 ], [ -60.517877640107464, -31.774524816848544 ], [ -60.517877994424971, -31.774524765644948 ], [ -60.517930130261476, -31.774515659003594 ], [ -60.517930479679578, -31.774515587323592 ], [ -60.517982425327794, -31.774503315427847 ], [ -60.517982768226972, -31.774503223603617 ], [ -60.51803444267707, -31.774487711685826 ], [ -60.518034777467939, -31.774487600143011 ], [ -60.518073906357415, -31.774473229452919 ], [ -60.518151517837161, -31.774492664766431 ], [ -60.518432433958885, -31.774473310796285 ], [ -60.518615538773581, -31.774399550083299 ], [ -60.518728789063587, -31.774427891975492 ], [ -60.519009702283938, -31.774408495938943 ], [ -60.519270872927748, -31.774303242252959 ], [ -60.519273290963149, -31.774301216888187 ], [ -60.519365091404481, -31.774287008447192 ], [ -60.51936985494541, -31.774285479210231 ], [ -60.5193748577938, -31.774285441850502 ], [ -60.519758751202808, -31.774221696914804 ], [ -60.519913962009049, -31.774211250212389 ], [ -60.519931579171576, -31.774207231335229 ], [ -60.519949626251901, -31.774208136144821 ], [ -60.519968086233867, -31.774206153624508 ], [ -60.519521212202356, -31.775415803990352 ], [ -60.519303599149588, -31.775983451300004 ], [ -60.519229161709639, -31.775985946698189 ], [ -60.518964426989108, -31.7760818840285 ], [ -60.518882049542547, -31.776146059388882 ], [ -60.517985454944174, -31.77629298382416 ], [ -60.517647314476939, -31.776146093477532 ], [ -60.517624824276552, -31.776136683600093 ], [ -60.517623856414566, -31.776136293965831 ], [ -60.517572946878346, -31.776117561531734 ], [ -60.517571950424994, -31.776117228618521 ], [ -60.51752067326931, -31.776101776981083 ], [ -60.517519652773643, -31.776101502308805 ], [ -60.517468106877359, -31.776089243526027 ], [ -60.51746706699825, -31.776089028348608 ], [ -60.517415331675664, -31.776079888853825 ], [ -60.517414277160405, -31.776079734153665 ], [ -60.517362416986465, -31.776073657014017 ], [ -60.51736135264921, -31.776073563497292 ], [ -60.517336029365204, -31.776072074441593 ], [ -60.515730506510245, -31.775215550350129 ], [ -60.517748988591464, -31.774533733505834 ], [ -60.517772332132736, -31.774533786504065 ] ], [ [ -60.518138259583822, -31.779498083807752 ], [ -60.51828399971253, -31.779543334979298 ], [ -60.518272087015895, -31.779578429991467 ], [ -60.517294410654841, -31.779247757461263 ], [ -60.517411579367305, -31.779139738019484 ], [ -60.518138259583822, -31.779498083807752 ] ], [ [ -60.535143654485672, -31.741041093963148 ], [ -60.535144871792433, -31.741066985069487 ], [ -60.534734773674721, -31.74083877083407 ], [ -60.534954965585698, -31.740657728910172 ], [ -60.535037665917727, -31.740712746472308 ], [ -60.535221486346998, -31.740764189035819 ], [ -60.535217994985679, -31.740769502480106 ], [ -60.535143654485672, -31.741041093963148 ] ], [ [ -60.53403070470447, -31.756374338460049 ], [ -60.534032095240875, -31.756370210557275 ], [ -60.534077665115717, -31.756308888061948 ], [ -60.534167556201588, -31.75604203972247 ], [ -60.534170587032747, -31.755760473997167 ], [ -60.534086460930311, -31.755491752501023 ], [ -60.534043267698891, -31.755430936143121 ], [ -60.534383443528988, -31.755380241518306 ], [ -60.534652028371575, -31.755295680144538 ], [ -60.534881336834736, -31.7551322602182 ], [ -60.535048922608411, -31.754905978420293 ], [ -60.535138381229423, -31.754638984789793 ], [ -60.535140955864669, -31.754357414523508 ], [ -60.535056394490901, -31.754088829680921 ], [ -60.534892974564563, -31.753859521217759 ], [ -60.534666692766656, -31.753691935444088 ], [ -60.534399699136152, -31.753602476823069 ], [ -60.534118128869871, -31.753599902187826 ], [ -60.533313465281317, -31.753719816993978 ], [ -60.533282272450791, -31.753716893949143 ], [ -60.533245028190215, -31.753725250777951 ], [ -60.53320685949069, -31.753724901607686 ], [ -60.53309997330507, -31.75374082983452 ], [ -60.533085177645674, -31.753745488037818 ], [ -60.533046224265391, -31.753557876768681 ], [ -60.53370014150893, -31.752756288311307 ], [ -60.534197614214619, -31.75312763914793 ], [ -60.534446832772851, -31.753258706130179 ], [ -60.534724355631553, -31.753306345467909 ], [ -60.535003016919703, -31.753265893890823 ], [ -60.535255539328872, -31.75314131108113 ], [ -60.535457204206217, -31.75294479207226 ], [ -60.535588271188459, -31.752695573514028 ], [ -60.535635910526196, -31.752418050655326 ], [ -60.535595458949111, -31.752139389367176 ], [ -60.535470876139414, -31.751886866958014 ], [ -60.535274357130547, -31.751685202080669 ], [ -60.534798545239205, -31.751330020496017 ], [ -60.534897365600074, -31.751197025780559 ], [ -60.535370648687895, -31.750580997658904 ], [ -60.535523363797793, -31.750591573282644 ], [ -60.535796535745739, -31.75052326859425 ], [ -60.536035230397395, -31.750373892200958 ], [ -60.53621608265717, -31.750158066104909 ], [ -60.53630786039362, -31.749930467427394 ], [ -60.53685627728899, -31.752235509624274 ], [ -60.536856279479402, -31.752235514943084 ], [ -60.536856279919078, -31.75223552067845 ], [ -60.537139218044317, -31.753424666669311 ], [ -60.537246446770894, -31.753685032649802 ], [ -60.537286383038889, -31.753731984581556 ], [ -60.538260410137049, -31.759459378138843 ], [ -60.538262594322759, -31.759465849015253 ], [ -60.538262774471356, -31.759472676200243 ], [ -60.538593529842167, -31.761255273867384 ], [ -60.538603064165436, -31.761282180786143 ], [ -60.538605610735452, -31.761310613172245 ], [ -60.539227207887699, -31.763781993014749 ], [ -60.539092549702936, -31.763803980571602 ], [ -60.53906747277432, -31.763812261184224 ], [ -60.539041116421892, -31.763813923586227 ], [ -60.53903909311525, -31.763814725041588 ], [ -60.538980036408752, -31.763815006534159 ], [ -60.537782538040005, -31.764010527099828 ], [ -60.537757462587173, -31.764018806953171 ], [ -60.537731107848629, -31.764020468898611 ], [ -60.537709199891431, -31.764029146556162 ], [ -60.53768465294624, -31.764029263108863 ], [ -60.535335594699788, -31.764412759479416 ], [ -60.535174190013386, -31.763647705235609 ], [ -60.535183137877581, -31.763596788174183 ], [ -60.535183468913644, -31.763594337249174 ], [ -60.535190236690468, -31.763522797534641 ], [ -60.535190370864917, -31.763520333009591 ], [ -60.535191405337052, -31.763448312991734 ], [ -60.535191342022273, -31.763445846395143 ], [ -60.53518662240257, -31.763374053512617 ], [ -60.535186361894738, -31.763371596382719 ], [ -60.535175982528216, -31.763300729023182 ], [ -60.535175526045947, -31.763298292853872 ], [ -60.535168273744077, -31.763263416375747 ], [ -60.535054006948542, -31.762763731937323 ], [ -60.534899714948772, -31.761865433249472 ], [ -60.534898105055724, -31.761856340201327 ], [ -60.534691283687664, -31.760722093706057 ], [ -60.534685424052896, -31.760692734271547 ], [ -60.534684982101133, -31.76069069704263 ], [ -60.534670446910503, -31.760632978803191 ], [ -60.534669868790779, -31.760630966614027 ], [ -60.534651743409931, -31.76057487152136 ], [ -60.534651031029469, -31.760572891010206 ], [ -60.534640962737754, -31.760546232708819 ], [ -60.534509342878046, -31.760213758542474 ], [ -60.534503124701857, -31.760187673203713 ], [ -60.534496251621398, -31.76017100433463 ], [ -60.534494153614759, -31.760153096548656 ], [ -60.534493813889739, -31.760151886486561 ], [ -60.534477634502124, -31.760101902504349 ], [ -60.534380343072037, -31.759672246041649 ], [ -60.534340036042337, -31.7594726948724 ], [ -60.534337293347967, -31.759459617388387 ], [ -60.534161047759383, -31.758649250378905 ], [ -60.534027380424483, -31.757972540709591 ], [ -60.533857448185017, -31.756795078169954 ], [ -60.533841977346952, -31.756714232326541 ], [ -60.533821706433081, -31.756629500145706 ], [ -60.533862752406627, -31.756600348347558 ], [ -60.53403070470447, -31.756374338460049 ] ], [ [ -60.536137991125436, -31.766321905549418 ], [ -60.536366580358369, -31.766486330018978 ], [ -60.536614434578233, -31.766565561503551 ], [ -60.536094997696935, -31.76664971968761 ], [ -60.536068875399195, -31.76665434806959 ], [ -60.536066766392622, -31.766654753892738 ], [ -60.536014630799905, -31.766666400533307 ], [ -60.536012559116465, -31.766666928341081 ], [ -60.535960678320961, -31.766681816320126 ], [ -60.535958653615332, -31.766682463652817 ], [ -60.535907124802449, -31.766700680524348 ], [ -60.535905156510346, -31.766701444365161 ], [ -60.535896605830786, -31.766705069571731 ], [ -60.535840089104425, -31.766581837016062 ], [ -60.535749244816927, -31.766169058228108 ], [ -60.535996236352069, -31.766128735533929 ], [ -60.536137991125436, -31.766321905549418 ] ], [ [ -60.535799530781851, -31.778165610307276 ], [ -60.536062397868939, -31.778064668055819 ], [ -60.536128692303642, -31.778010970403145 ], [ -60.536298889004783, -31.778056550615077 ], [ -60.536580083213678, -31.778041776973463 ], [ -60.536842949492062, -31.777940832616071 ], [ -60.537029858378112, -31.777789436305223 ], [ -60.537222135246139, -31.777779333018753 ], [ -60.537485000861494, -31.777678386934792 ], [ -60.537703806862424, -31.777501151561463 ], [ -60.537857134993047, -31.777264975931981 ], [ -60.537929976427641, -31.776992978562493 ], [ -60.537915200939075, -31.776711784450644 ], [ -60.53771020478613, -31.775748004330747 ], [ -60.537544283672403, -31.774967911720722 ], [ -60.537712242927896, -31.774967148672292 ], [ -60.538437836021885, -31.774848844479866 ], [ -60.538437838762391, -31.774848843575636 ], [ -60.538437841647941, -31.774848843562509 ], [ -60.539254459687406, -31.774715692914874 ], [ -60.539254459784743, -31.77471569291443 ], [ -60.539256332717436, -31.77471538751486 ], [ -60.539258949481606, -31.774714960848012 ], [ -60.539258949610755, -31.774714960805401 ], [ -60.540401734944169, -31.774528618737563 ], [ -60.540401738355676, -31.774528617611882 ], [ -60.540401741948045, -31.774528617595482 ], [ -60.541179970566823, -31.774401713683883 ], [ -60.541179972850863, -31.774401712930207 ], [ -60.541179975256021, -31.774401712919214 ], [ -60.541615955323643, -31.774330616311623 ], [ -60.541723779820934, -31.774836766807685 ], [ -60.541727787893713, -31.774847194119232 ], [ -60.541728651416541, -31.774858331794125 ], [ -60.541775718612179, -31.775055390036123 ], [ -60.541785611436403, -31.775101828106425 ], [ -60.541886641130191, -31.775364661598534 ], [ -60.542063946094565, -31.775583411211585 ], [ -60.542300170484253, -31.775736664209337 ], [ -60.542572191010116, -31.775809419120591 ], [ -60.542853380407799, -31.775794554187723 ], [ -60.543116213899907, -31.775693524493928 ], [ -60.543202665010796, -31.775623452547645 ], [ -60.543925459242445, -31.775512686853766 ], [ -60.544065266255288, -31.775707431812474 ], [ -60.544292126939581, -31.775874233111995 ], [ -60.544559428707906, -31.775962766768032 ], [ -60.544841006200784, -31.775964366489475 ], [ -60.546966931395012, -31.775640022853345 ], [ -60.547235221845561, -31.775554532048318 ], [ -60.547463963115206, -31.775390319152464 ], [ -60.547630764414727, -31.775163458468167 ], [ -60.547706546813117, -31.774934655434315 ], [ -60.548008957324271, -31.776376008364693 ], [ -60.548064317431432, -31.776650952533181 ], [ -60.546538278314358, -31.776875861047703 ], [ -60.546536380891787, -31.776876455079492 ], [ -60.546534392695285, -31.776876442380615 ], [ -60.537834966703969, -31.778197395388084 ], [ -60.537801993729737, -31.778188066738387 ], [ -60.537520619777176, -31.778198889973616 ], [ -60.537256361809696, -31.778296132815125 ], [ -60.537247916838723, -31.778302779028397 ], [ -60.536627658149811, -31.778431827993877 ], [ -60.535264972097295, -31.778637509095613 ], [ -60.535230545271943, -31.778595020166946 ], [ -60.534994347192701, -31.77844172662186 ], [ -60.534722339159742, -31.778368925017425 ], [ -60.53444114721453, -31.778383741681921 ], [ -60.534178296383828, -31.778484726256991 ], [ -60.533959516338342, -31.77866199366883 ], [ -60.533835363321217, -31.778853291379125 ], [ -60.532584419204923, -31.779042106376956 ], [ -60.532437378728851, -31.778367695603311 ], [ -60.53266339167903, -31.778041074773149 ], [ -60.532753381893272, -31.777951238851188 ], [ -60.532805540491239, -31.77798510379964 ], [ -60.533077534968683, -31.778057956032576 ], [ -60.533208759101704, -31.778051066017344 ], [ -60.533340539920616, -31.778213766630557 ], [ -60.533576710686795, -31.778367102252002 ], [ -60.533848705745797, -31.778439952313636 ], [ -60.534129900326143, -31.778425185743846 ], [ -60.534392769143118, -31.778324247997368 ], [ -60.534527613837014, -31.778215029329807 ], [ -60.534732639714512, -31.778269940642751 ], [ -60.535013834160942, -31.778255171522868 ], [ -60.535276702062518, -31.778154231392495 ], [ -60.535312482302139, -31.778125250329591 ], [ -60.535518336454608, -31.778180381696128 ], [ -60.535799530781851, -31.778165610307276 ] ], [ [ -60.549533922033177, -31.71081477405248 ], [ -60.549590018662805, -31.71079545246586 ], [ -60.550288065170925, -31.710528973257563 ], [ -60.55035270925196, -31.710501356854621 ], [ -60.551294683087782, -31.710054665546505 ], [ -60.551382542361118, -31.710006850013166 ], [ -60.551594971976741, -31.709875435972886 ], [ -60.55170455491244, -31.709861481572396 ], [ -60.551959218466074, -31.709741336168605 ], [ -60.552164290926655, -31.709548375733505 ], [ -60.552184851311033, -31.709510888173284 ], [ -60.552786678058091, -31.709144331487771 ], [ -60.553394774126375, -31.70877504837712 ], [ -60.55348352882941, -31.708724852701479 ], [ -60.553562009616272, -31.708690331707519 ], [ -60.553564430765945, -31.708689369470743 ], [ -60.553639824986966, -31.708675154864629 ], [ -60.553795818628245, -31.708652816271428 ], [ -60.553809040446893, -31.708650822539379 ], [ -60.554043307889238, -31.708613715233763 ], [ -60.554046908748198, -31.708613137386745 ], [ -60.554263086733108, -31.708577996855794 ], [ -60.554312574158295, -31.708568523563251 ], [ -60.554323487237681, -31.708566115984123 ], [ -60.554494383974315, -31.708510007153606 ], [ -60.554576362570899, -31.70847366020557 ], [ -60.554585558775528, -31.708469521067425 ], [ -60.554989913136346, -31.708284793074206 ], [ -60.555303283008293, -31.70814146065884 ], [ -60.555346856396554, -31.708214151691337 ], [ -60.555413036646534, -31.708682782447848 ], [ -60.555439312033101, -31.708768520971887 ], [ -60.555611586834708, -31.709989479722328 ], [ -60.555694060549975, -31.710258712948161 ], [ -60.555855695356534, -31.710489283182387 ], [ -60.556080669313339, -31.710658620604001 ], [ -60.556346960402024, -31.710750149286337 ], [ -60.556628502195458, -31.710754909764244 ], [ -60.556897735421295, -31.710672436048981 ], [ -60.557128305655517, -31.710510801242425 ], [ -60.557297643077135, -31.710285827285617 ], [ -60.557389171759468, -31.710019536196931 ], [ -60.557390111914039, -31.709963934047483 ], [ -60.557569296969206, -31.71006390786691 ], [ -60.557845555646161, -31.710118401784076 ], [ -60.558125132807561, -31.710084859953074 ], [ -60.558380661492912, -31.70996656568202 ], [ -60.558587128774121, -31.709775098438367 ], [ -60.558597887081014, -31.709755816112008 ], [ -60.558833840414479, -31.709768436097033 ], [ -60.55910590591288, -31.709695849540545 ], [ -60.559342225098476, -31.709542742760412 ], [ -60.559519665402846, -31.709324102915033 ], [ -60.559620857732696, -31.709061331995827 ], [ -60.559646151046124, -31.708942961748594 ], [ -60.559690220364857, -31.708768862771652 ], [ -60.559688593352519, -31.708744335881892 ], [ -60.559847659684145, -31.707999920917985 ], [ -60.559868152145413, -31.707968834679274 ], [ -60.559942896711526, -31.707697354121155 ], [ -60.559937525009211, -31.707579359935458 ], [ -60.560020995097673, -31.707188728038332 ], [ -60.560046456196822, -31.707154550999935 ], [ -60.560136666409662, -31.706887810374791 ], [ -60.560137455687901, -31.706821820036662 ], [ -60.560942397064302, -31.706731136697268 ], [ -60.560940492787438, -31.706737243542346 ], [ -60.560938577753937, -31.706744358775563 ], [ -60.560922734836552, -31.706814179815009 ], [ -60.560921397711567, -31.706821390927107 ], [ -60.56091109723409, -31.706892805389035 ], [ -60.560910344370946, -31.706900078117361 ], [ -60.560905790423348, -31.706972408878471 ], [ -60.560905625399286, -31.706979708667582 ], [ -60.560906910159822, -31.707052242179056 ], [ -60.560907333759097, -31.707059534344946 ], [ -60.560914431105523, -31.707131548854235 ], [ -60.560915441315579, -31.707138798749096 ], [ -60.560928208646601, -31.707209593383741 ], [ -60.560929800667687, -31.707216766560624 ], [ -60.560936028867609, -31.70724296910107 ], [ -60.561044823318987, -31.707672035937225 ], [ -60.561158323262923, -31.708287941930575 ], [ -60.561163782680616, -31.708315198600776 ], [ -60.561466166695681, -31.709712464164046 ], [ -60.561491950231897, -31.709806589338253 ], [ -60.561528484351726, -31.709916241520073 ], [ -60.561618829783832, -31.710108255848116 ], [ -60.561668116248541, -31.710187228345543 ], [ -60.558215883085388, -31.711235805757276 ], [ -60.558169780316291, -31.711251180286443 ], [ -60.557701052668591, -31.71142168912732 ], [ -60.557491103359048, -31.71153121158568 ], [ -60.557157250140712, -31.711765923988889 ], [ -60.556928968350825, -31.711998558363373 ], [ -60.555631034717543, -31.713920892237919 ], [ -60.555618341125658, -31.713940223341879 ], [ -60.554831953814407, -31.715172022263015 ], [ -60.554291783548393, -31.716010779987261 ], [ -60.554221859257453, -31.715707490252711 ], [ -60.554144635120572, -31.715339067192897 ], [ -60.554408088217244, -31.715248892682698 ], [ -60.554634119707373, -31.715078664718746 ], [ -60.554796124978267, -31.714846668842831 ], [ -60.554878089950073, -31.71457583764515 ], [ -60.554871912456726, -31.714292942553612 ], [ -60.554799945285104, -31.713896753732026 ], [ -60.554842800025639, -31.713865167397877 ], [ -60.555001906646815, -31.713650354894281 ], [ -60.555090898699206, -31.713398283985182 ], [ -60.555101925179954, -31.713131192717398 ], [ -60.555034013317567, -31.712872644254727 ], [ -60.554295204795167, -31.711153666886919 ], [ -60.554144916075316, -31.710915545606291 ], [ -60.553928399486544, -31.710735520579178 ], [ -60.553666849181113, -31.71063121390954 ], [ -60.55338586752525, -31.71061283586095 ], [ -60.553112958961144, -31.710682185404853 ], [ -60.552874837680513, -31.7108324741247 ], [ -60.552694812653399, -31.711048990713472 ], [ -60.552590505983758, -31.711310541018904 ], [ -60.552572127935171, -31.71159152267477 ], [ -60.552641477479071, -31.711864431238876 ], [ -60.553046050449858, -31.712805746558502 ], [ -60.55296632556, -31.712921890001212 ], [ -60.55288647973606, -31.713190376812605 ], [ -60.552893044532659, -31.713470407930412 ], [ -60.552938788248753, -31.713722233152467 ], [ -60.55291879919718, -31.713725704013051 ], [ -60.552646808782512, -31.713819619604998 ], [ -60.552418360462369, -31.71399457756883 ], [ -60.552256806428254, -31.714232693545082 ], [ -60.552178660877956, -31.714509627105798 ], [ -60.552191911919486, -31.71479706985485 ], [ -60.552461988227684, -31.716085557416825 ], [ -60.552465852249263, -31.7161031166032 ], [ -60.552716870543307, -31.717191883764748 ], [ -60.552781798090372, -31.717509670383098 ], [ -60.552493710001272, -31.71773038264487 ], [ -60.552492821140923, -31.717731064503717 ], [ -60.552414699807755, -31.717791069884381 ], [ -60.55197440310797, -31.718129261550786 ], [ -60.550786503764449, -31.718968099416244 ], [ -60.550752958311151, -31.718984205298284 ], [ -60.550722346000498, -31.719013404569459 ], [ -60.550703433566831, -31.719026759628182 ], [ -60.550501660085565, -31.719223167127687 ], [ -60.550420537124666, -31.719377212388128 ], [ -60.550362332242003, -31.719420833449391 ], [ -60.550194001678456, -31.719047771323151 ], [ -60.550181187054882, -31.719020590708155 ], [ -60.550139933355631, -31.718936747151663 ], [ -60.550145808043098, -31.718911691578693 ], [ -60.550169077663547, -31.718736043134541 ], [ -60.550175751855591, -31.718534581256431 ], [ -60.550141060890418, -31.718255594897837 ], [ -60.550140877331572, -31.71825495784741 ], [ -60.550146401447051, -31.718197736931948 ], [ -60.550080183054853, -31.717913812369769 ], [ -60.549926679481224, -31.717665952156427 ], [ -60.549701998753008, -31.717480165712246 ], [ -60.549446911024035, -31.717331308472431 ], [ -60.549184502559683, -31.717229179918949 ], [ -60.548903377821091, -31.717213138567612 ], [ -60.548631055256379, -31.717284754657655 ], [ -60.548394191695579, -31.717437017907208 ], [ -60.548215972994335, -31.717655023728529 ], [ -60.548113844440849, -31.717917432192884 ], [ -60.548097803089512, -31.718198556931476 ], [ -60.548169419179558, -31.718470879496184 ], [ -60.548321682429112, -31.718707743056989 ], [ -60.548341865406535, -31.718724242543111 ], [ -60.548321065119517, -31.71882012527686 ], [ -60.548316992520292, -31.719181882229538 ], [ -60.548334630251858, -31.719273046953905 ], [ -60.548410703007718, -31.71949942944585 ], [ -60.548559469104902, -31.719801779996217 ], [ -60.548788053601363, -31.72030837972757 ], [ -60.548515032598175, -31.720400311027117 ], [ -60.547445035373833, -31.720736528775166 ], [ -60.546494230733238, -31.721032153419596 ], [ -60.546482291059498, -31.721021171453781 ], [ -60.546372189820715, -31.720892179625078 ], [ -60.546330492216832, -31.720796571609409 ], [ -60.546210421026217, -31.720596773243614 ], [ -60.54612220510014, -31.720485651923294 ], [ -60.546074156378431, -31.720429961313084 ], [ -60.545986038507714, -31.720335891616379 ], [ -60.545935077137713, -31.720285649889366 ], [ -60.545874842888047, -31.720230813922676 ], [ -60.545840256967971, -31.720200898678584 ], [ -60.545727130349221, -31.720107966937643 ], [ -60.545625960252707, -31.720035945648817 ], [ -60.545520176511253, -31.71997114597001 ], [ -60.545505605129058, -31.719962408088477 ], [ -60.545405534198672, -31.719903676587556 ], [ -60.545310670765495, -31.719847866394716 ], [ -60.545266127585123, -31.719823327699057 ], [ -60.545149575573454, -31.719763347733846 ], [ -60.545136397646864, -31.719756702208173 ], [ -60.544998622975413, -31.719688634668174 ], [ -60.544770743610457, -31.719570569556822 ], [ -60.544548574912874, -31.719453847081663 ], [ -60.544543066521904, -31.71945097730606 ], [ -60.544316908086429, -31.719334143133658 ], [ -60.544310624212507, -31.719330928019694 ], [ -60.544079741999084, -31.719213938371652 ], [ -60.543806299860016, -31.719065328661507 ], [ -60.543801861868793, -31.719062932795335 ], [ -60.543731403513625, -31.719025150156792 ], [ -60.543683379366698, -31.718992146609512 ], [ -60.543660585317205, -31.718974833953386 ], [ -60.543619664557028, -31.718932968342486 ], [ -60.54356017078495, -31.718855249549907 ], [ -60.543680634111098, -31.718730382713161 ], [ -60.543843203496529, -31.718497224041933 ], [ -60.54392495278023, -31.718224994679698 ], [ -60.543917879294355, -31.717946796013059 ], [ -60.543947611632383, -31.717799958204754 ], [ -60.543960857979009, -31.71752992901731 ], [ -60.54392918745036, -31.717219749290265 ], [ -60.543888524333468, -31.716770258143971 ], [ -60.543825562231284, -31.716511519232267 ], [ -60.543760804118456, -31.716402417817779 ], [ -60.543747350687873, -31.716325143033178 ], [ -60.543615693764238, -31.716076235624566 ], [ -60.543413563969814, -31.71588019483848 ], [ -60.543160747177204, -31.715756210512961 ], [ -60.542881990855541, -31.715716419097639 ], [ -60.54261020426253, -31.715763736758653 ], [ -60.542628822661776, -31.715734507441422 ], [ -60.542654917046299, -31.71570922025801 ], [ -60.542704105047967, -31.715616320441644 ], [ -60.542760579124952, -31.715527660901714 ], [ -60.542769674780764, -31.715492480970024 ], [ -60.542786677845797, -31.715460367821176 ], [ -60.54280475079328, -31.715356814916987 ], [ -60.542831063527636, -31.715255043234311 ], [ -60.542828842813613, -31.715218774418819 ], [ -60.542835090180674, -31.715182978763295 ], [ -60.542820278967937, -31.715078909251091 ], [ -60.542813854685917, -31.714973987547001 ], [ -60.5427847005245, -31.714842522950637 ], [ -60.542752867539406, -31.714761725949671 ], [ -60.54326588768987, -31.714302933372799 ], [ -60.543752150561033, -31.713886822679378 ], [ -60.544361142376083, -31.713411273286564 ], [ -60.544901895430833, -31.712995004318881 ], [ -60.545370348707401, -31.712653825112689 ], [ -60.545376171170382, -31.71264798917429 ], [ -60.545383442897695, -31.712644105717839 ], [ -60.545488109968232, -31.71256493403326 ], [ -60.545557180288363, -31.712535658292168 ], [ -60.545682501636655, -31.712484314014603 ], [ -60.54664031877568, -31.711902433711984 ], [ -60.547279793769988, -31.71156410761391 ], [ -60.547307129406903, -31.711543596931239 ], [ -60.547338540018657, -31.711530132213696 ], [ -60.547460570793334, -31.711453275652101 ], [ -60.549533922033177, -31.71081477405248 ] ], [ [ -60.547704397413526, -31.725780063507642 ], [ -60.547423952570881, -31.725805344604101 ], [ -60.54716504596427, -31.725916050577986 ], [ -60.547070049462221, -31.725999070582596 ], [ -60.546995113740387, -31.726013849272675 ], [ -60.5467492105711, -31.726151035550913 ], [ -60.546557735650943, -31.726357495713057 ], [ -60.546439431879179, -31.726613019999942 ], [ -60.546405879653271, -31.72689259591403 ], [ -60.546411313456325, -31.726920148149837 ], [ -60.546365742356237, -31.726948312217161 ], [ -60.546183682040443, -31.727163120236131 ], [ -60.546145867929532, -31.727255398961091 ], [ -60.546007709272118, -31.727327575457341 ], [ -60.545005004508639, -31.728071797816472 ], [ -60.544997889332905, -31.727933604733735 ], [ -60.544897220746641, -31.727670632721267 ], [ -60.544720216410788, -31.727451639779165 ], [ -60.544484202743, -31.727298062462413 ], [ -60.544410920619626, -31.727278354448387 ], [ -60.544424389750255, -31.727141866700858 ], [ -60.544364096552904, -31.726866815480253 ], [ -60.54431681630458, -31.726786112377582 ], [ -60.546521479725918, -31.725894636707501 ], [ -60.546584474317783, -31.725915167532371 ], [ -60.546866056241029, -31.725915420722892 ], [ -60.547133934804172, -31.725828647921798 ], [ -60.547361888187041, -31.725663343055441 ], [ -60.547513221144214, -31.725455444479604 ], [ -60.547873033200865, -31.725727909997747 ], [ -60.54779895744867, -31.725801631931045 ], [ -60.547704397413526, -31.725780063507642 ] ], [ [ -60.548724761386282, -31.752555935686477 ], [ -60.548771154747961, -31.75282056927152 ], [ -60.548262885544283, -31.753072462220722 ], [ -60.548082391303005, -31.753190795208358 ], [ -60.547935259241491, -31.753348697151257 ], [ -60.547772643253332, -31.753571769942631 ], [ -60.547611391184219, -31.753958664228659 ], [ -60.547583482827235, -31.754131741092639 ], [ -60.547596918115779, -31.754485303543948 ], [ -60.547656231928073, -31.754732128766772 ], [ -60.547764560886897, -31.754993094086295 ], [ -60.547900871998991, -31.755214880031733 ], [ -60.547990166259993, -31.755336113103986 ], [ -60.548155212563024, -31.755524830829373 ], [ -60.548159575391693, -31.755529782631957 ], [ -60.548384141967716, -31.755782789052123 ], [ -60.548682393641784, -31.756164660299724 ], [ -60.54871487208699, -31.756203902625803 ], [ -60.548813436869594, -31.756316357087123 ], [ -60.548922773969032, -31.756421676803566 ], [ -60.549146218495061, -31.756603198840587 ], [ -60.549253852571802, -31.75666361410277 ], [ -60.549255529972825, -31.756947206115647 ], [ -60.549342635722361, -31.757328183943834 ], [ -60.549461598844857, -31.757578513461358 ], [ -60.54956797665082, -31.757749757668922 ], [ -60.549715939654838, -31.757937250894329 ], [ -60.549884967310071, -31.758101593901575 ], [ -60.549919771991469, -31.758127507298447 ], [ -60.549933002650704, -31.758224721512665 ], [ -60.549945152706037, -31.758293754960683 ], [ -60.550092425939063, -31.758974132583191 ], [ -60.550092637843058, -31.758975108922954 ], [ -60.550782409008903, -31.76214471531139 ], [ -60.551194827252907, -31.764079627821065 ], [ -60.551206542221657, -31.764336050411419 ], [ -60.551545395632942, -31.765984506584875 ], [ -60.550135547299007, -31.766200528951664 ], [ -60.549925130276272, -31.766142627714082 ], [ -60.549643841348711, -31.766155472278445 ], [ -60.549380288869862, -31.76625461124403 ], [ -60.549284792025333, -31.766330884936316 ], [ -60.547432834318968, -31.766614648996107 ], [ -60.54727271562507, -31.766510092982418 ], [ -60.547000912494433, -31.766436530072056 ], [ -60.54671968016644, -31.766450559373286 ], [ -60.546456547620814, -31.76655080760036 ], [ -60.546237272104463, -31.76672746175834 ], [ -60.546186208186057, -31.766805661831498 ], [ -60.542034274804863, -31.767441836981821 ], [ -60.541691145063325, -31.766070947514791 ], [ -60.541707401901412, -31.766065756549917 ], [ -60.541936044843986, -31.765901406775313 ], [ -60.542102710331051, -31.76567444629632 ], [ -60.542191083983504, -31.765407091585956 ], [ -60.542192515172509, -31.765125513186039 ], [ -60.542121307216213, -31.764902507204724 ], [ -60.542136695927425, -31.764855952089952 ], [ -60.542138127093899, -31.764574373689918 ], [ -60.542129411130929, -31.764547077423618 ], [ -60.542151152702566, -31.764517470293349 ], [ -60.542239526115281, -31.764250115503742 ], [ -60.542240957051796, -31.763968537102542 ], [ -60.542155305442073, -31.76370029794553 ], [ -60.541990955462438, -31.763471655150333 ], [ -60.541763994834, -31.763304989866786 ], [ -60.541496640044386, -31.76321661645407 ], [ -60.541215061643186, -31.763215185517556 ], [ -60.540950885531956, -31.763255651831521 ], [ -60.540358153445872, -31.760899034583826 ], [ -60.540033799433147, -31.759150936873464 ], [ -60.538959391628204, -31.75283329298907 ], [ -60.538953940843967, -31.75281714447619 ], [ -60.538953107937409, -31.752800121204377 ], [ -60.538497626371786, -31.7506200643295 ], [ -60.540315359889235, -31.750302824087765 ], [ -60.54031768589531, -31.750302027724882 ], [ -60.540320143903962, -31.750301975843957 ], [ -60.542855396663278, -31.749845393591443 ], [ -60.5431213012833, -31.749752748156308 ], [ -60.543345562590979, -31.749582468065046 ], [ -60.543506228327004, -31.749351221519408 ], [ -60.543587571409695, -31.749081644542461 ], [ -60.543581629411378, -31.748800125206966 ], [ -60.543512132275538, -31.748600659259495 ], [ -60.543715832904155, -31.74850942367312 ], [ -60.544203700978564, -31.748989622615415 ], [ -60.544432809628951, -31.749153322554086 ], [ -60.544701290966863, -31.749238211980952 ], [ -60.544982864168333, -31.749235981327448 ], [ -60.545249966886566, -31.749146848945486 ], [ -60.545416242903237, -31.74902401810786 ], [ -60.545450456451881, -31.749026082014698 ], [ -60.5454515132583, -31.74902681464869 ], [ -60.545500632141824, -31.749058554478562 ], [ -60.54550240802336, -31.749059621875112 ], [ -60.545552501259444, -31.74908759672407 ], [ -60.54555435857533, -31.749088557606967 ], [ -60.545605213056994, -31.749112879514666 ], [ -60.545607143072878, -31.749113729365149 ], [ -60.545658582712299, -31.749134511557113 ], [ -60.545660576351949, -31.749135246378657 ], [ -60.545712457742198, -31.74915259700844 ], [ -60.545714505630166, -31.749153213345377 ], [ -60.54576671315548, -31.749167230517578 ], [ -60.545768805661183, -31.749167725471484 ], [ -60.545821246677448, -31.74917849351981 ], [ -60.545823373960516, -31.749178864763092 ], [ -60.545875973938877, -31.749186451481481 ], [ -60.545878125995394, -31.749186697268271 ], [ -60.545930823710549, -31.7491911519536 ], [ -60.545932990420063, -31.74919127112808 ], [ -60.545985733431934, -31.749192623314791 ], [ -60.545987904605113, -31.749192615316485 ], [ -60.546040644617037, -31.74919087405183 ], [ -60.546042810043545, -31.749190738918362 ], [ -60.54609549849777, -31.749185892557811 ], [ -60.546097647994301, -31.749185630924678 ], [ -60.54611054914767, -31.74918194624146 ], [ -60.546123965897436, -31.749182032671747 ], [ -60.547944173784515, -31.748905747682969 ], [ -60.548724761386282, -31.752555935686477 ] ], [ [ -60.546843328917781, -31.772034548220518 ], [ -60.546575761381831, -31.771946821045098 ], [ -60.546294180345143, -31.771946070459016 ], [ -60.546084155357647, -31.771978761501884 ], [ -60.545669505694995, -31.772042387372956 ], [ -60.545668572333334, -31.772042685672144 ], [ -60.545667592466238, -31.77204268305465 ], [ -60.545322552916076, -31.772096387533431 ], [ -60.545080019634923, -31.772133619613857 ], [ -60.54379229739893, -31.772330016187368 ], [ -60.54354875474138, -31.7723671570002 ], [ -60.542903486716028, -31.772464475905281 ], [ -60.542672519421551, -31.7711748442239 ], [ -60.542668234084566, -31.77115254190528 ], [ -60.542326156882908, -31.7694860114159 ], [ -60.542326879663634, -31.769485047707899 ], [ -60.54238560927709, -31.769313217909524 ], [ -60.544398228194041, -31.76900195955843 ], [ -60.546385556274437, -31.768700368445437 ], [ -60.547119733681036, -31.772268545075526 ], [ -60.547070691578327, -31.772200664638106 ], [ -60.546843328917781, -31.772034548220518 ] ], [ [ -60.547426797371749, -31.773601309990866 ], [ -60.547440955589387, -31.773668791072812 ], [ -60.547415978263508, -31.77363404930917 ], [ -60.547426797371749, -31.773601309990866 ] ], [ [ -60.553469855493745, -31.719671964857483 ], [ -60.55365291925186, -31.719885918366607 ], [ -60.553893138502239, -31.720032830433329 ], [ -60.554166998910951, -31.720098320280965 ], [ -60.55444769311309, -31.72007597730693 ], [ -60.554707744804439, -31.719967988597201 ], [ -60.554921698313557, -31.719784924839082 ], [ -60.555068610380282, -31.719544705588703 ], [ -60.555124948412214, -31.71930911553914 ], [ -60.555396988573357, -31.719289368862153 ], [ -60.555657786754239, -31.71918319564308 ], [ -60.555873011234567, -31.719001627841227 ], [ -60.556021594342646, -31.7187624385781 ], [ -60.556088991728615, -31.718489041365302 ], [ -60.556068606066759, -31.71820819822689 ], [ -60.555917726290467, -31.717562469373387 ], [ -60.555964675777112, -31.717555234070975 ], [ -60.556315008794598, -31.717501243959791 ], [ -60.556328769698588, -31.717499123297952 ], [ -60.556269601465367, -31.71769713852995 ], [ -60.556260099638749, -31.717731390038328 ], [ -60.556259944224713, -31.717731996512761 ], [ -60.55624494121794, -31.717802020426628 ], [ -60.556244834987744, -31.717802634604134 ], [ -60.556235399193987, -31.717874149999716 ], [ -60.5562353426511, -31.717874768969462 ], [ -60.556231661483253, -31.717947093723588 ], [ -60.556231654895655, -31.717947714551968 ], [ -60.55623380285806, -31.718020134326888 ], [ -60.55623384625698, -31.7180207540715 ], [ -60.556241779782944, -31.718092550679799 ], [ -60.556241872962701, -31.718093166403374 ], [ -60.556255433440839, -31.718163646609003 ], [ -60.556255575959817, -31.718164255393351 ], [ -60.556274500541868, -31.7182327772076 ], [ -60.556274691724575, -31.718233376167394 ], [ -60.556297343340262, -31.71829582185001 ], [ -60.556261312619327, -31.718350226283725 ], [ -60.556260979345907, -31.718350771939082 ], [ -60.556228104714364, -31.718409413350404 ], [ -60.556227815762689, -31.718409977167745 ], [ -60.556198951830865, -31.718471998345397 ], [ -60.556198708547107, -31.718472577698044 ], [ -60.556174305518866, -31.718537614591813 ], [ -60.556174109036427, -31.718538206780686 ], [ -60.556154579141754, -31.718605802760077 ], [ -60.55615443037599, -31.718606405026332 ], [ -60.556140125614739, -31.718676017280757 ], [ -60.556140025258721, -31.71867662681856 ], [ -60.556131216483976, -31.718747639605755 ], [ -60.556131165005226, -31.718748253575438 ], [ -60.55612802466257, -31.718819997901644 ], [ -60.556128022300932, -31.718820613442858 ], [ -60.556130612934943, -31.718892391529788 ], [ -60.55613065970141, -31.718893005774888 ], [ -60.556138929679364, -31.718964118579276 ], [ -60.556139025356075, -31.718964728666624 ], [ -60.556152812391502, -31.719034503231512 ], [ -60.556152956532713, -31.719035106318874 ], [ -60.556171998560352, -31.719102920877543 ], [ -60.55617219049455, -31.719103514155275 ], [ -60.556196142437514, -31.719168818186454 ], [ -60.556196381270517, -31.719169398890621 ], [ -60.556224835714218, -31.719231727085329 ], [ -60.556225120333352, -31.719232292510579 ], [ -60.556240898350374, -31.719262222691935 ], [ -60.556540783232769, -31.719806057967492 ], [ -60.556557628820876, -31.719835297024023 ], [ -60.556557960179589, -31.719835848021365 ], [ -60.556594314816913, -31.719891532727292 ], [ -60.556594689650431, -31.719892062978122 ], [ -60.556617693984101, -31.719922226582671 ], [ -60.554602088676809, -31.720579619154428 ], [ -60.554543708244466, -31.720609447416425 ], [ -60.554430058766513, -31.720393067427928 ], [ -60.554228498751449, -31.720196440868353 ], [ -60.553976042837249, -31.720071723367635 ], [ -60.553697403167746, -31.720031123143702 ], [ -60.553437932974468, -31.720075521095559 ], [ -60.55343733494648, -31.720072269400074 ], [ -60.553343707145316, -31.719806709089692 ], [ -60.553172599165975, -31.719583078807737 ], [ -60.553159409779205, -31.719573987181484 ], [ -60.553336934914732, -31.719440942762212 ], [ -60.553357029991112, -31.719425435406773 ], [ -60.553364889234409, -31.719419191643116 ], [ -60.553469855493745, -31.719671964857483 ] ], [ [ -60.559099941000795, -31.712970197652698 ], [ -60.559047618744223, -31.712950432455166 ], [ -60.559046257728937, -31.712949966107182 ], [ -60.558993527514026, -31.712933686757815 ], [ -60.558992131896389, -31.712933302338648 ], [ -60.558939104644466, -31.712920412208483 ], [ -60.558937681164423, -31.712920111574604 ], [ -60.558891490165756, -31.712911797682938 ], [ -60.559294956282599, -31.712789249339146 ], [ -60.559307925473405, -31.712807734558961 ], [ -60.559216870162672, -31.712883409327628 ], [ -60.559148316677842, -31.712991973877344 ], [ -60.559101260840968, -31.712970743677349 ], [ -60.559099941000795, -31.712970197652698 ] ], [ [ -60.550590473943032, -31.730724583717457 ], [ -60.550585594308842, -31.730721817079196 ], [ -60.550412452518209, -31.730403935984821 ], [ -60.550404390863797, -31.730393458642055 ], [ -60.550399601155682, -31.730381136966876 ], [ -60.550260913675245, -31.730143251270093 ], [ -60.55029461759667, -31.730129069971596 ], [ -60.550639707292355, -31.730753701011547 ], [ -60.550636517594512, -31.730754690571853 ], [ -60.550591645089703, -31.730725297790499 ], [ -60.550590473943032, -31.730724583717457 ] ], [ [ -60.5489198796217, -31.72409989027031 ], [ -60.548941768228765, -31.724143971872934 ], [ -60.548950226864335, -31.724155871435443 ], [ -60.548981438290099, -31.724243094683679 ], [ -60.549007076396741, -31.724328809786385 ], [ -60.547591798501138, -31.723257099102959 ], [ -60.547793623560018, -31.723247190382263 ], [ -60.54791822900809, -31.723199830549763 ], [ -60.548146140051841, -31.723292145884319 ], [ -60.548427018781965, -31.723312035141898 ], [ -60.548477214065805, -31.723299566941805 ], [ -60.548477334536727, -31.72329991779419 ], [ -60.548617091280803, -31.723563307935986 ], [ -60.548619044238137, -31.723565904238203 ], [ -60.548620121205403, -31.723568969359551 ], [ -60.548775910295667, -31.723857582212993 ], [ -60.548779816745657, -31.723862699122336 ], [ -60.548782036485456, -31.723868741958412 ], [ -60.548889463757213, -31.724061196937626 ], [ -60.5489198796217, -31.72409989027031 ] ], [ [ -60.541677575071809, -31.719277593091054 ], [ -60.54181945491613, -31.719510331235206 ], [ -60.541838513290138, -31.719540251244833 ], [ -60.541959793734776, -31.719722617008486 ], [ -60.541994553358883, -31.719771294676228 ], [ -60.542200671312635, -31.720040553758896 ], [ -60.542076956446579, -31.719954999779393 ], [ -60.5415648718227, -31.719589941207133 ], [ -60.541246061861081, -31.719341154594268 ], [ -60.541203531739988, -31.719317611716065 ], [ -60.541179643412484, -31.719281035597771 ], [ -60.541178561538999, -31.719279501357441 ], [ -60.541140571091582, -31.719229433803676 ], [ -60.541139372809027, -31.719227964124176 ], [ -60.541127725357804, -31.719217547027316 ], [ -60.541119407316259, -31.719204318678454 ], [ -60.540644624260359, -31.71866124926779 ], [ -60.540647657718338, -31.718660505619361 ], [ -60.540749233067615, -31.718597589194651 ], [ -60.540853706410232, -31.718539612054805 ], [ -60.540868539346391, -31.718523690118154 ], [ -60.540887038661673, -31.718512231523277 ], [ -60.541005556794701, -31.718410022003575 ], [ -60.541027101250464, -31.718384550730072 ], [ -60.541093530156736, -31.718382122475429 ], [ -60.541205674155364, -31.718551118820706 ], [ -60.541479928860348, -31.718969131358794 ], [ -60.541597929271177, -31.719152958231707 ], [ -60.541677575071809, -31.719277593091054 ] ], [ [ -60.541164299455751, -31.731060464870019 ], [ -60.541213189581065, -31.731031988285437 ], [ -60.541216053519378, -31.731030197281292 ], [ -60.54126394216479, -31.730998070455364 ], [ -60.541266658751347, -31.730996118951367 ], [ -60.541313295636471, -31.73096024864774 ], [ -60.541315852580361, -31.730958145473267 ], [ -60.541360946850624, -31.730918458064025 ], [ -60.541363332583224, -31.730916212734666 ], [ -60.541406552441678, -31.7308726645335 ], [ -60.541408756169012, -31.730870287208045 ], [ -60.541449730782219, -31.730822875861538 ], [ -60.541451742533766, -31.730820377295895 ], [ -60.541490066703027, -31.730769153826998 ], [ -60.541491877376842, -31.730766545325686 ], [ -60.541527119612979, -31.730711625906864 ], [ -60.541528721016888, -31.73070891927178 ], [ -60.541560435201731, -31.730650495780122 ], [ -60.541561820090365, -31.730647703257159 ], [ -60.54158956071366, -31.730586051305497 ], [ -60.541590722821248, -31.730583185529095 ], [ -60.541614063266287, -31.730518668632953 ], [ -60.54161499733501, -31.730515742569047 ], [ -60.541633550169962, -31.730448811162802 ], [ -60.541634251973775, -31.730445838050041 ], [ -60.541647689639625, -31.730377022520489 ], [ -60.541648156003305, -31.730374015810391 ], [ -60.541656229939733, -31.730303913313261 ], [ -60.541656458753273, -31.730300886609381 ], [ -60.541659014904425, -31.73023014214683 ], [ -60.54165900513263, -31.730227109143151 ], [ -60.541658910736061, -31.73022489224256 ], [ -60.542533133529048, -31.729929969613611 ], [ -60.542534305061523, -31.729929988004141 ], [ -60.542536481184399, -31.72992995819569 ], [ -60.542546309707028, -31.729929534243048 ], [ -60.543204447109126, -31.730125878341092 ], [ -60.543303259141091, -31.73013908300398 ], [ -60.543400431118215, -31.730161349296328 ], [ -60.543442091266449, -31.730157635718427 ], [ -60.543483548069155, -31.730163175763433 ], [ -60.543499171514235, -31.730160311587927 ], [ -60.543881722482929, -31.73027443576871 ], [ -60.543961395750522, -31.730341781632795 ], [ -60.544071891397287, -31.730408718678085 ], [ -60.544180602436924, -31.730478516714275 ], [ -60.544192082125257, -31.730481528896743 ], [ -60.544194944944664, -31.730483263161194 ], [ -60.54403251652311, -31.730621766003917 ], [ -60.543968317707446, -31.730612484693438 ], [ -60.543690822546147, -31.730660285101994 ], [ -60.543441680103342, -31.73079149671273 ], [ -60.543245278177196, -31.730993275618985 ], [ -60.543120841956664, -31.731245870295535 ], [ -60.543109598776532, -31.731323639361701 ], [ -60.543095257282594, -31.731336016159332 ], [ -60.542949366622935, -31.731576857100674 ], [ -60.542935588150854, -31.731635576079878 ], [ -60.542926702689677, -31.731640526082455 ], [ -60.542556977494257, -31.731930654346741 ], [ -60.542546745176942, -31.731941674016451 ], [ -60.542533857705784, -31.731949422985835 ], [ -60.542532841149033, -31.731950276511135 ], [ -60.542487839915111, -31.73199071596839 ], [ -60.542486893073054, -31.731991626180701 ], [ -60.542443836756163, -31.732035960098564 ], [ -60.542442963946073, -31.732036922847662 ], [ -60.542402233689799, -31.732085145854857 ], [ -60.542401438891346, -31.73208615675096 ], [ -60.542363449615891, -31.732138207360826 ], [ -60.542362736453093, -31.732139261794629 ], [ -60.542327928139024, -31.732195010407178 ], [ -60.542327299863651, -31.732196103570807 ], [ -60.542296124970164, -31.732255342127285 ], [ -60.542295584446904, -31.732256469036358 ], [ -60.542268491826242, -31.732318903355651 ], [ -60.542268041519698, -31.732320058871839 ], [ -60.542245457293888, -31.732385305293246 ], [ -60.542245099257322, -31.732386484147831 ], [ -60.542227405969541, -31.732454071440941 ], [ -60.542227141835426, -31.732455268258757 ], [ -60.54221465742318, -31.732524646088894 ], [ -60.542214488395921, -31.732525855412906 ], [ -60.542207447278464, -31.732596408700452 ], [ -60.542207374128736, -31.732597625016563 ], [ -60.542206610817807, -31.73263473423383 ], [ -60.542100442910453, -31.732484996490374 ], [ -60.541874566846879, -31.732316864258173 ], [ -60.541607790227687, -31.732226760545405 ], [ -60.541232062312794, -31.732162790079649 ], [ -60.541216027197684, -31.732162604694167 ], [ -60.541200662584089, -31.732158012534114 ], [ -60.541084240510145, -31.73214239516015 ], [ -60.54103489484627, -31.732137155991545 ], [ -60.54091753973254, -31.732127959511711 ], [ -60.540868136585061, -31.732125451646791 ], [ -60.540750332729239, -31.732122714013183 ], [ -60.540700912910658, -31.732122922784441 ], [ -60.540695709104114, -31.732123087714797 ], [ -60.54066301468405, -31.732031066072043 ], [ -60.540661117326145, -31.732011519405734 ], [ -60.540660693559488, -31.732008442465446 ], [ -60.540648081830859, -31.731937823880141 ], [ -60.540647411846301, -31.73193477907294 ], [ -60.540629404936524, -31.731866009264174 ], [ -60.540628491897074, -31.731863010964283 ], [ -60.540620711964593, -31.731847014762032 ], [ -60.54061756810578, -31.731829506992618 ], [ -60.540456793082718, -31.731367306462388 ], [ -60.541083416653869, -31.731099635104968 ], [ -60.541095161857633, -31.731092258650101 ], [ -60.541108502100649, -31.731088463941386 ], [ -60.541111621261685, -31.731087017483766 ], [ -60.541161301123267, -31.731062087271088 ], [ -60.541164299455751, -31.731060464870019 ] ], [ [ -60.540082412855917, -31.737947333949908 ], [ -60.539983176708553, -31.738002199083407 ], [ -60.539951056974814, -31.737974641015185 ], [ -60.539922895650477, -31.737957296457996 ], [ -60.539961256525757, -31.737908349016539 ], [ -60.53996617199131, -31.737894906956601 ], [ -60.540039222465545, -31.737845543146747 ], [ -60.540073722627639, -31.737841094407546 ], [ -60.540105152220754, -31.737826205714949 ], [ -60.540093741392695, -31.7378744331108 ], [ -60.540093386656693, -31.737876247003502 ], [ -60.540082505147417, -31.737946528505908 ], [ -60.540082412855917, -31.737947333949908 ] ], [ [ -60.540836090211002, -31.748144508290473 ], [ -60.540884983014699, -31.748170804661836 ], [ -60.540885590574902, -31.748171107654539 ], [ -60.540935160425889, -31.748193978185039 ], [ -60.540935543668709, -31.748194141096317 ], [ -60.540994839776452, -31.748234492618447 ], [ -60.541069303306955, -31.748287429142621 ], [ -60.537901450582211, -31.748851728594655 ], [ -60.537721107209123, -31.748093730275489 ], [ -60.537674141244402, -31.747893757629789 ], [ -60.538093122843819, -31.747462573846793 ], [ -60.539059599974507, -31.746883948462827 ], [ -60.540763291353294, -31.748097701409129 ], [ -60.540776263649036, -31.748104159841127 ], [ -60.540786923609296, -31.748113976003591 ], [ -60.54078747863884, -31.748114345326496 ], [ -60.540835507621935, -31.748144171384261 ], [ -60.540836090211002, -31.748144508290473 ] ], [ [ -60.542510981753082, -31.735519232392576 ], [ -60.542366366301188, -31.735367876450798 ], [ -60.542672169190013, -31.735241605548545 ], [ -60.542801708434979, -31.735207011552369 ], [ -60.542878043832523, -31.73517310121327 ], [ -60.542884725492442, -31.735181219097715 ], [ -60.542708678028674, -31.735352808060131 ], [ -60.542577635506845, -31.735602039480856 ], [ -60.542575783570967, -31.735612834282993 ], [ -60.542510981753082, -31.735519232392576 ] ], [ [ -60.542774508096699, -31.738549167066612 ], [ -60.542777247763375, -31.738547729328388 ], [ -60.542823062207553, -31.738551252933668 ], [ -60.542824515084071, -31.738551321597523 ], [ -60.542877550912635, -31.738552263200557 ], [ -60.54287900587218, -31.738552246146149 ], [ -60.542932032025725, -31.738550059737118 ], [ -60.542933482152165, -31.738549957045528 ], [ -60.542969704722225, -31.738546312553883 ], [ -60.543031459830949, -31.738578354045874 ], [ -60.543309242800959, -31.738624452475065 ], [ -60.543457744222955, -31.738602053220088 ], [ -60.54317635492049, -31.738874171002287 ], [ -60.542774508096699, -31.738549167066612 ] ], [ [ -60.538002819529112, -31.720423529028889 ], [ -60.539095142558317, -31.719670769833101 ], [ -60.539121130599227, -31.719653416291965 ], [ -60.539371210059052, -31.719939463789185 ], [ -60.539351267841994, -31.719977858333145 ], [ -60.538008677659775, -31.720436108091686 ], [ -60.538002819529112, -31.720423529028889 ] ], [ [ -60.536548296998731, -31.718042517257913 ], [ -60.536542993807359, -31.718040600531864 ], [ -60.536491333952434, -31.718023674904003 ], [ -60.53648589022238, -31.718022071694488 ], [ -60.536433916026034, -31.71800843712246 ], [ -60.536428357090386, -31.71800715489023 ], [ -60.536414919496906, -31.718006217892494 ], [ -60.536402285185652, -31.71800154659077 ], [ -60.535787927031734, -31.71787888677828 ], [ -60.535721653422073, -31.717817561024081 ], [ -60.536231913704022, -31.717524716695955 ], [ -60.536237186008947, -31.7175204697674 ], [ -60.536243476093162, -31.717517966081683 ], [ -60.536698920819646, -31.71724749568375 ], [ -60.536770891269086, -31.717208536804943 ], [ -60.536841384172668, -31.717177619915308 ], [ -60.536967910410489, -31.717133565469716 ], [ -60.537151335474576, -31.717087809002681 ], [ -60.537285671679037, -31.717067387440768 ], [ -60.53742680982625, -31.717058906298114 ], [ -60.537599130926637, -31.71706281322022 ], [ -60.537788670841245, -31.717088595467189 ], [ -60.537597363533841, -31.717152402202309 ], [ -60.537370851474115, -31.717319676618771 ], [ -60.537059026062472, -31.717636384778778 ], [ -60.537048792946358, -31.71765070203622 ], [ -60.537035918943843, -31.717660960457774 ], [ -60.536872598360944, -31.717839499717133 ], [ -60.536637381723111, -31.718080417839481 ], [ -60.536604668929989, -31.718065050337593 ], [ -60.536599530956465, -31.718062829014706 ], [ -60.536548296998731, -31.718042517257913 ] ], [ [ -60.52652724791411, -31.774381986521135 ], [ -60.526264525095129, -31.774483303666713 ], [ -60.526239513419441, -31.774503621965923 ], [ -60.52614045422429, -31.774439508799791 ], [ -60.525868354973703, -31.774367048869959 ], [ -60.525790467474764, -31.774371251043075 ], [ -60.525736302621169, -31.7741117947179 ], [ -60.525730454290397, -31.774083780392157 ], [ -60.52567127635804, -31.773800308778469 ], [ -60.525663786533435, -31.77376443120804 ], [ -60.52578722522663, -31.773746698936314 ], [ -60.526685213059856, -31.773636696491899 ], [ -60.526841940161916, -31.774375739830941 ], [ -60.526808420882887, -31.774366814005493 ], [ -60.52652724791411, -31.774381986521135 ] ], [ [ -60.527613023068135, -31.778123481879099 ], [ -60.527831577671236, -31.777945936591738 ], [ -60.527876638828694, -31.777876311775593 ], [ -60.52798883992984, -31.777949110621993 ], [ -60.528260857155949, -31.778021877869442 ], [ -60.528542047227482, -31.778007025688673 ], [ -60.528804885301071, -31.777906007914616 ], [ -60.529023642954769, -31.777728712870836 ], [ -60.529176906665256, -31.777492495431495 ], [ -60.529249673912709, -31.777220478205386 ], [ -60.52923482173194, -31.776939288133853 ], [ -60.52913197803921, -31.776456420392375 ], [ -60.530146614880238, -31.776310722208194 ], [ -60.530792331346795, -31.779272343072119 ], [ -60.530061801415627, -31.779395486514279 ], [ -60.529794877117283, -31.779485151794926 ], [ -60.529653116034417, -31.779590311007343 ], [ -60.528987881240596, -31.779689048812177 ], [ -60.528981998878301, -31.779689941786607 ], [ -60.527575409836842, -31.779908228540819 ], [ -60.527420674250621, -31.779932239776436 ], [ -60.526985651621246, -31.779999746824501 ], [ -60.526871713097968, -31.780017427070788 ], [ -60.526167824536124, -31.780126653437673 ], [ -60.52614543039163, -31.780133852276506 ], [ -60.526121935372622, -31.780134997341353 ], [ -60.526073523015896, -31.780153377983797 ], [ -60.526022427433283, -31.780161794974706 ], [ -60.525898521874957, -31.780202903231526 ], [ -60.524710210857002, -31.780389302516891 ], [ -60.524442281348982, -31.78047591788696 ], [ -60.524214230865795, -31.780641088770352 ], [ -60.524048382577661, -31.780868647090184 ], [ -60.524010012524947, -31.780986143265519 ], [ -60.523941083060173, -31.780890889196765 ], [ -60.523713593893547, -31.780724946065934 ], [ -60.523445959591719, -31.780637422788541 ], [ -60.523164378064862, -31.780636886752795 ], [ -60.521715007314164, -31.780863617056003 ], [ -60.521519398788762, -31.780801710303844 ], [ -60.5214608935812, -31.780802157876181 ], [ -60.521453839911246, -31.780800286246468 ], [ -60.521413043026605, -31.780802523939055 ], [ -60.521237824991047, -31.780803864379479 ], [ -60.51969498774767, -31.781060339456324 ], [ -60.519842940224635, -31.780658314588035 ], [ -60.519845165531613, -31.780647080632974 ], [ -60.519850499901899, -31.780636946619413 ], [ -60.520271829509191, -31.779396570900094 ], [ -60.520888376589667, -31.777791213126381 ], [ -60.52294458373229, -31.77746140652819 ], [ -60.522937641845417, -31.777482810631867 ], [ -60.522937793325781, -31.777764392628196 ], [ -60.523024951014342, -31.778032146210666 ], [ -60.52319058330928, -31.778259861793082 ], [ -60.523418476967542, -31.778425248987645 ], [ -60.523686324170029, -31.778512118543436 ], [ -60.523967906166355, -31.778511967063071 ], [ -60.523999445500856, -31.77850695432916 ], [ -60.524035130863346, -31.778550572899249 ], [ -60.524272051707683, -31.778702747000594 ], [ -60.524544401203954, -31.77877426060407 ], [ -60.524825519885901, -31.778758113459901 ], [ -60.525087889898252, -31.778655886163062 ], [ -60.525270751384191, -31.778506282945944 ], [ -60.525484499075297, -31.778563203875915 ], [ -60.525765672190303, -31.778548034070358 ], [ -60.526028395985811, -31.778446719457033 ], [ -60.526106459321845, -31.778383305753749 ], [ -60.526162891046624, -31.778398333081697 ], [ -60.526444064056399, -31.778383161325781 ], [ -60.526706787149138, -31.778281844890078 ], [ -60.526835057009571, -31.778177645113669 ], [ -60.527069127887991, -31.77823997437725 ], [ -60.52735030077762, -31.778224800395027 ], [ -60.527613023068135, -31.778123481879099 ] ], [ [ -60.530875849571231, -31.744605047946983 ], [ -60.530860145006933, -31.744629315756232 ], [ -60.530838916550792, -31.744648934944664 ], [ -60.530432497307757, -31.745164362320057 ], [ -60.530423764008852, -31.745179952850282 ], [ -60.530411127574908, -31.745192588343098 ], [ -60.5303025856958, -31.745341971724095 ], [ -60.530297665626406, -31.745339318711427 ], [ -60.530549641875361, -31.74497007493073 ], [ -60.530965628284655, -31.744366951917453 ], [ -60.531022835532227, -31.744247523536433 ], [ -60.531075730579559, -31.744142232385375 ], [ -60.531217964086821, -31.743938149118332 ], [ -60.531239719271476, -31.743939184603835 ], [ -60.531489559340969, -31.743870953539162 ], [ -60.531332422151173, -31.744096338570944 ], [ -60.530875849571231, -31.744605047946983 ] ], [ [ -60.53285241407422, -31.762681744558517 ], [ -60.532672101090277, -31.76268275534159 ], [ -60.532619594863085, -31.762505021218001 ], [ -60.532460274389507, -31.762272845787987 ], [ -60.53226042621209, -31.762119265103752 ], [ -60.533070213363892, -31.761991710836181 ], [ -60.533217181648673, -31.762779729690102 ], [ -60.533143561866765, -31.762783672133374 ], [ -60.533120698063776, -31.762767255637037 ], [ -60.53285241407422, -31.762681744558517 ] ], [ [ -60.532226001547585, -31.772746080390032 ], [ -60.5324561467406, -31.772908319823383 ], [ -60.532511573109595, -31.772925457739213 ], [ -60.53254183629992, -31.773064408488978 ], [ -60.532644061886757, -31.773326779167594 ], [ -60.53282236119577, -31.773544719067583 ], [ -60.53305928104831, -31.773696894713058 ], [ -60.533331630078486, -31.77376841009157 ], [ -60.533612748865657, -31.773752264779592 ], [ -60.533875119544277, -31.773650039192752 ], [ -60.533902053391621, -31.773628004281427 ], [ -60.534023108094345, -31.773659790787558 ], [ -60.5340358415989, -31.773659059382314 ], [ -60.534086265288785, -31.773807019462552 ], [ -60.534255013258367, -31.774032435891332 ], [ -60.534337301562893, -31.774090443635107 ], [ -60.53431005596304, -31.774176410700004 ], [ -60.534290559272833, -31.774193692093228 ], [ -60.534212477398334, -31.774250052332224 ], [ -60.534185766180329, -31.774286578148221 ], [ -60.534151903172948, -31.774316593496469 ], [ -60.53411036411817, -31.774367079479372 ], [ -60.533893368094716, -31.774506072646211 ], [ -60.533803427738818, -31.77458604035062 ], [ -60.533709906608841, -31.774661789274841 ], [ -60.533698537642472, -31.774679300157484 ], [ -60.533682935131658, -31.77469317265065 ], [ -60.533622108149714, -31.774797019555553 ], [ -60.533598678272298, -31.774833107078411 ], [ -60.533579167760941, -31.774834131564422 ], [ -60.53348417646783, -31.774833798781867 ], [ -60.533419587955017, -31.774632877715149 ], [ -60.533254792155653, -31.774404556038309 ], [ -60.533027506758486, -31.774238333922341 ], [ -60.532969449831846, -31.774219268938552 ], [ -60.532968794764585, -31.774218843616595 ], [ -60.532965322054487, -31.77421791344123 ], [ -60.532759980041781, -31.774150482346098 ], [ -60.53271302650338, -31.774150335354062 ], [ -60.532696800853998, -31.774145989267325 ], [ -60.532619586977169, -31.774150042833696 ], [ -60.53247839938453, -31.774149600833955 ], [ -60.531688204980433, -31.774272220762391 ], [ -60.531217374419413, -31.772102953771476 ], [ -60.531962577450024, -31.771984702570464 ], [ -60.53196642577808, -31.772254132334851 ], [ -60.532057255204137, -31.772520662743929 ], [ -60.532226001547585, -31.772746080390032 ] ], [ [ -60.533207356954847, -31.770833754386818 ], [ -60.533679723389007, -31.770758146150328 ], [ -60.533682510576895, -31.770757695540606 ], [ -60.533788581785444, -31.770740376046373 ], [ -60.533786764686326, -31.77077900402552 ], [ -60.53385123812118, -31.771014570426772 ], [ -60.53322046959839, -31.771123730706851 ], [ -60.533220396773714, -31.77087384706158 ], [ -60.533207356954847, -31.770833754386818 ] ], [ [ -60.532578328979973, -31.719133105170513 ], [ -60.5324049040549, -31.719354943487687 ], [ -60.532373187865481, -31.719442002762708 ], [ -60.532334367218205, -31.71949034821176 ], [ -60.532250017935773, -31.71959088745314 ], [ -60.532232030089311, -31.719620829465814 ], [ -60.532230278862997, -31.719623309592283 ], [ -60.532227037394534, -31.719627259849471 ], [ -60.53222207152438, -31.719632505650722 ], [ -60.532215201381575, -31.719638822713332 ], [ -60.532206306774547, -31.719645951461896 ], [ -60.532195329090868, -31.719653610985617 ], [ -60.532182270366654, -31.719661511855975 ], [ -60.532167190207687, -31.719669367412411 ], [ -60.53215020119498, -31.719676903356159 ], [ -60.532131463302285, -31.719683865665981 ], [ -60.532111177741221, -31.719690026953938 ], [ -60.53208958053029, -31.719695191438134 ], [ -60.532075990793224, -31.719697596343309 ], [ -60.532069118719271, -31.71969538481207 ], [ -60.532061488502919, -31.719694198285076 ], [ -60.532054540221885, -31.719690829392313 ], [ -60.532031539901425, -31.719683856024584 ], [ -60.531980803920909, -31.719670117417419 ], [ -60.531949063369289, -31.719625394831862 ], [ -60.531900351872657, -31.719561621848182 ], [ -60.531861131183845, -31.719513777156113 ], [ -60.531807611828128, -31.719452884848238 ], [ -60.531766090810905, -31.719408734930475 ], [ -60.531707995995134, -31.71935098770312 ], [ -60.531664536571135, -31.719310548770292 ], [ -60.531602118560407, -31.719256197371219 ], [ -60.531557048104268, -31.719219443146205 ], [ -60.531490577934235, -31.719168723577564 ], [ -60.531444186588352, -31.71913559587972 ], [ -60.53142883099072, -31.719125348967346 ], [ -60.531588028823748, -31.71906749590454 ], [ -60.53181936418364, -31.718994727209793 ], [ -60.532536634223291, -31.718850304612129 ], [ -60.532538259221177, -31.718849700787366 ], [ -60.532539990991076, -31.718849622076071 ], [ -60.532935069581271, -31.718768506985665 ], [ -60.532933972283665, -31.718770071193717 ], [ -60.532839727218992, -31.71887775277947 ], [ -60.532721092477033, -31.719000055088092 ], [ -60.532578328979973, -31.719133105170513 ] ], [ [ -60.532064875796564, -31.74294904977241 ], [ -60.532524252723178, -31.742207656136436 ], [ -60.532570095573277, -31.74209850903328 ], [ -60.532621379373751, -31.741991810257119 ], [ -60.532621566241723, -31.741990422835112 ], [ -60.53273029851907, -31.741829765078698 ], [ -60.53276385844682, -31.741783061539842 ], [ -60.532878096829975, -31.741869325310933 ], [ -60.532031264339167, -31.743044811933757 ], [ -60.53203371527718, -31.742993318591971 ], [ -60.532043725052894, -31.742973567950425 ], [ -60.532064875796564, -31.74294904977241 ] ], [ [ -60.534114709315539, -31.720734573632104 ], [ -60.534070423577816, -31.72062731224948 ], [ -60.534114874846033, -31.720611748753928 ], [ -60.534141779274357, -31.720704721816848 ], [ -60.534114709315539, -31.720734573632104 ] ], [ [ -60.528518539749186, -31.747163748757625 ], [ -60.528367990950521, -31.747012139855698 ], [ -60.52822082018497, -31.746904423121745 ], [ -60.528806954527489, -31.746807985764342 ], [ -60.528746969590706, -31.746871102519286 ], [ -60.52865056344605, -31.746971965573788 ], [ -60.528650001100978, -31.74697313374131 ], [ -60.528649107966579, -31.746974073506326 ], [ -60.528518539749186, -31.747163748757625 ] ], [ [ -60.528806617643603, -31.769552967205904 ], [ -60.528657710291419, -31.769576304989997 ], [ -60.528639311909984, -31.769490638051956 ], [ -60.528788596614604, -31.769466728555418 ], [ -60.528806617643603, -31.769552967205904 ] ], [ [ -60.529426721933696, -31.773835224569805 ], [ -60.529556784528644, -31.773762505058997 ], [ -60.529586615934548, -31.773730278718627 ], [ -60.529654435898301, -31.77403629137396 ], [ -60.529640219598058, -31.77401364176951 ], [ -60.529426721933696, -31.773835224569805 ] ], [ [ -60.524776705092115, -31.720672502391309 ], [ -60.524769099413994, -31.720725114731156 ], [ -60.524761639172489, -31.720797005738646 ], [ -60.524758287267026, -31.720849940733117 ], [ -60.524756623239391, -31.720922396294618 ], [ -60.524757541006139, -31.720975402963894 ], [ -60.524761707009503, -31.721047703576421 ], [ -60.524766890104367, -31.721100530600427 ], [ -60.524776801881146, -31.721171963006796 ], [ -60.524786225736719, -31.721224359916818 ], [ -60.524801686793033, -31.721294245394571 ], [ -60.524815306735022, -31.721345963760736 ], [ -60.524836021587419, -31.72141368301353 ], [ -60.524853773046274, -31.721464477622813 ], [ -60.524865123562073, -31.72148559024221 ], [ -60.524870633691755, -31.721508918666448 ], [ -60.525042264439598, -31.721927614384086 ], [ -60.524449060336984, -31.722143197013917 ], [ -60.524361810638929, -31.721981125324323 ], [ -60.524362306122754, -31.721856858793327 ], [ -60.524291783428531, -31.721636830984245 ], [ -60.524291395876979, -31.721634733062093 ], [ -60.524290699125473, -31.721633448004773 ], [ -60.524276360962958, -31.721588713547032 ], [ -60.524275057555329, -31.721586130051477 ], [ -60.524261669078953, -31.721525882752662 ], [ -60.524118632704194, -31.721283335769385 ], [ -60.523913013963401, -31.72110160498497 ], [ -60.523911048055488, -31.721095915086586 ], [ -60.523865496448707, -31.721010462641164 ], [ -60.523856707044388, -31.720992390720468 ], [ -60.523855133337776, -31.720989443939189 ], [ -60.523821454644143, -31.720931656213303 ], [ -60.523819649651685, -31.720928807954017 ], [ -60.523782538237278, -31.720874713025871 ], [ -60.52378051035182, -31.720871976532298 ], [ -60.523740425993338, -31.72082173957676 ], [ -60.523738184644095, -31.720819127572913 ], [ -60.523695565890407, -31.720772838425098 ], [ -60.523693121499107, -31.720770363056218 ], [ -60.523648374943853, -31.720728048273994 ], [ -60.523645738876368, -31.720725721049948 ], [ -60.523599232178654, -31.720687356707518 ], [ -60.523596416692087, -31.720685188449355 ], [ -60.523550480384216, -31.720652154867608 ], [ -60.524299128538736, -31.720501536965589 ], [ -60.524300058264302, -31.720501191660201 ], [ -60.524301049099243, -31.720501148398924 ], [ -60.524850529158535, -31.720389355134749 ], [ -60.524836118996227, -31.720429890458419 ], [ -60.524820133973265, -31.720481111853179 ], [ -60.524801635395136, -31.720549832545871 ], [ -60.524789812012195, -31.720601872781511 ], [ -60.524776705092115, -31.720672502391309 ] ], [ [ -60.525003682823034, -31.754660094931108 ], [ -60.524740437470214, -31.754760046558506 ], [ -60.524520963013508, -31.754936453492768 ], [ -60.524366743141911, -31.755172047794069 ], [ -60.524334973377663, -31.755288909565113 ], [ -60.524314667324546, -31.755283372138745 ], [ -60.524209614474479, -31.755288411620644 ], [ -60.524104495201193, -31.75528502989355 ], [ -60.523853555586427, -31.755316541440525 ], [ -60.52385143561748, -31.755317155639887 ], [ -60.52384922929113, -31.755317095363395 ], [ -60.52371625681544, -31.755356319767174 ], [ -60.523583095811141, -31.755394899296238 ], [ -60.523581269398896, -31.755396138540977 ], [ -60.523579152431388, -31.755396763006964 ], [ -60.523536355592782, -31.755426105115028 ], [ -60.523494856379408, -31.755430947299786 ], [ -60.523439173202313, -31.755210681100639 ], [ -60.52336578233998, -31.755094080204593 ], [ -60.523395637308091, -31.75508731261467 ], [ -60.523397717943162, -31.755086775171073 ], [ -60.523449877402697, -31.755071608953283 ], [ -60.523451909981475, -31.755070950803788 ], [ -60.523503705973397, -31.755052411903907 ], [ -60.523505680917111, -31.755051636150117 ], [ -60.523556988457131, -31.755029622140746 ], [ -60.523558896458638, -31.755028732438518 ], [ -60.523609560953616, -31.755003132357057 ], [ -60.523611393021241, -31.755002132899179 ], [ -60.523661225457616, -31.754972832702933 ], [ -60.523662972957524, -31.754971728199514 ], [ -60.523711745727461, -31.754938617572051 ], [ -60.523713400424363, -31.754937413228152 ], [ -60.523760843773722, -31.754900394085077 ], [ -60.523762397869675, -31.75489909557632 ], [ -60.523808197850506, -31.754858092101014 ], [ -60.523809644021647, -31.754856705546761 ], [ -60.523853442261959, -31.754811675832897 ], [ -60.52385477369306, -31.754810207767473 ], [ -60.523896169897327, -31.754761156549112 ], [ -60.523897380313862, -31.754759613890911 ], [ -60.523905395744592, -31.754745224122686 ], [ -60.523917051372734, -31.754733585441826 ], [ -60.525008503211708, -31.753233626921048 ], [ -60.52507995567673, -31.753320404968584 ], [ -60.525199144976291, -31.753396431091325 ], [ -60.525490326837762, -31.754702221057247 ], [ -60.525284930782703, -31.754646382572268 ], [ -60.525003682823034, -31.754660094931108 ] ], [ [ -60.523670368376365, -31.773285123531217 ], [ -60.523675849930832, -31.773318371250681 ], [ -60.523774769894317, -31.773616393001081 ], [ -60.523860593464718, -31.774027490268558 ], [ -60.523903473481134, -31.774140419586413 ], [ -60.523909262218808, -31.774168148652794 ], [ -60.523968440416468, -31.774451621537345 ], [ -60.52397428900985, -31.774479637121033 ], [ -60.524027316754008, -31.774733646551866 ], [ -60.523732402680629, -31.774730755400494 ], [ -60.523567087843148, -31.774687968606219 ], [ -60.523286027756349, -31.774705105443999 ], [ -60.523093417084652, -31.774780934586836 ], [ -60.522386474071425, -31.774895198445332 ], [ -60.522189593517439, -31.774762736238348 ], [ -60.521972326906777, -31.77470071147588 ], [ -60.522251590142311, -31.773955570017232 ], [ -60.52260540399547, -31.773906827533228 ], [ -60.522874905576238, -31.773825234999475 ], [ -60.523106003331243, -31.773664355320101 ], [ -60.523276075802059, -31.773439936519036 ], [ -60.523368475110289, -31.773173946272145 ], [ -60.523374156567854, -31.772892421558058 ], [ -60.523292564034101, -31.772622919977287 ], [ -60.523137243723426, -31.772399808051386 ], [ -60.523475752033974, -31.772349713633385 ], [ -60.523631300375108, -31.773146118032212 ], [ -60.523639493758658, -31.77316856636762 ], [ -60.523641604973029, -31.773192369772254 ], [ -60.523656958133621, -31.773253635725126 ], [ -60.523670368376365, -31.773285123531217 ] ], [ [ -60.524058686434941, -31.721254174418839 ], [ -60.524065463547032, -31.721260532150698 ], [ -60.524064162353291, -31.721261774919366 ], [ -60.524058686434941, -31.721254174418839 ] ], [ [ -60.524026325553265, -31.721229497614182 ], [ -60.524001401698584, -31.72120043456794 ], [ -60.524053977466366, -31.721249756849947 ], [ -60.524026325553265, -31.721229497614182 ] ], [ [ -60.520482207121589, -31.725496465446014 ], [ -60.520591269682079, -31.725708420897682 ], [ -60.52074733643741, -31.726012022353085 ], [ -60.520407351291361, -31.726108861971827 ], [ -60.520406090435976, -31.726109447209314 ], [ -60.520404710958871, -31.726109618388072 ], [ -60.519775172639143, -31.726291011697093 ], [ -60.51971340327335, -31.726193898119583 ], [ -60.519692124982818, -31.726169812269486 ], [ -60.519677274471888, -31.726141310407289 ], [ -60.519522774569431, -31.725932676953018 ], [ -60.519321863182888, -31.72573538767719 ], [ -60.519181878680243, -31.725665658513563 ], [ -60.519207408752692, -31.725642373548705 ], [ -60.519346636179591, -31.725397620270481 ], [ -60.519368465155111, -31.725291590682232 ], [ -60.519531606220752, -31.725444693285404 ], [ -60.519786427165762, -31.725564504510192 ], [ -60.520065799990583, -31.72559970775372 ], [ -60.520342377736611, -31.725546857077237 ], [ -60.520482207121589, -31.725496465446014 ] ], [ [ -60.518658544990394, -31.761429396439262 ], [ -60.518651618319112, -31.761248153366648 ], [ -60.51888299583532, -31.761215663973577 ], [ -60.518911906237946, -31.761206829007772 ], [ -60.518942100051589, -31.761205345222294 ], [ -60.519045991833742, -31.761165852696625 ], [ -60.519152284052517, -31.761133369990308 ], [ -60.519177049324753, -31.761116033632778 ], [ -60.519188292290778, -31.76111175982868 ], [ -60.519218414663506, -31.761170009852695 ], [ -60.518952414239308, -31.761256024459765 ], [ -60.518724376610869, -31.761421213090177 ], [ -60.518620490156458, -31.761563777676351 ], [ -60.518658544990394, -31.761429396439262 ] ], [ [ -60.520802296697106, -31.764293855170255 ], [ -60.520781245225649, -31.76424235194429 ], [ -60.520738181646564, -31.764191450482247 ], [ -60.520955105452686, -31.76415767198592 ], [ -60.520819835989684, -31.76426692299836 ], [ -60.520802296697106, -31.764293855170255 ] ], [ [ -60.49798399836488, -31.712042696782504 ], [ -60.497942934193041, -31.712054415393784 ], [ -60.497900302920129, -31.712056898663338 ], [ -60.497831590399073, -31.712083735137835 ], [ -60.497743665188793, -31.712086492766687 ], [ -60.497563895819802, -31.712151200957788 ], [ -60.497486781733592, -31.712160259515443 ], [ -60.497425081737092, -31.711812266203058 ], [ -60.497417297457652, -31.711789728276418 ], [ -60.49741560736252, -31.711765943896719 ], [ -60.497414891293687, -31.71176285812702 ], [ -60.497395808334524, -31.711693381700975 ], [ -60.497394842324326, -31.711690346121351 ], [ -60.497387422842714, -31.71166986983291 ], [ -60.498343352813933, -31.711523136340212 ], [ -60.498447113132443, -31.711986429644121 ], [ -60.49798399836488, -31.712042696782504 ] ], [ [ -60.499359186604799, -31.716245001978773 ], [ -60.499803565448673, -31.718236071019117 ], [ -60.499807551429136, -31.71829808819589 ], [ -60.500257307451115, -31.7202974789619 ], [ -60.500387901676184, -31.720906584194058 ], [ -60.500587327267255, -31.721851390609885 ], [ -60.500304804532647, -31.721897028288804 ], [ -60.496774221089794, -31.722457944308985 ], [ -60.496513678743625, -31.721291410479797 ], [ -60.496513754348932, -31.721291128127358 ], [ -60.496498970281124, -31.721009934466437 ], [ -60.495569678831757, -31.716641567803212 ], [ -60.497243353595849, -31.716466441566723 ], [ -60.497251430939762, -31.716464281260016 ], [ -60.497259780579995, -31.716464722538049 ], [ -60.499359186604799, -31.716245001978773 ] ], [ [ -60.50058951298373, -31.723674183483194 ], [ -60.500590695592088, -31.723674179848757 ], [ -60.501503417298316, -31.723526742155901 ], [ -60.501569244671799, -31.723505129661284 ], [ -60.501637680346192, -31.723494317561986 ], [ -60.501677592107519, -31.723474000883765 ], [ -60.501748503530933, -31.723475462617625 ], [ -60.501827182130015, -31.723464658269105 ], [ -60.501827182594909, -31.723464658128577 ], [ -60.501827183080479, -31.723464658138585 ], [ -60.502012193121267, -31.723439251880809 ], [ -60.502016451800294, -31.723437964555643 ], [ -60.502020900533672, -31.723438012768987 ], [ -60.503259703537815, -31.723255544436903 ], [ -60.503273042358764, -31.723265644140891 ], [ -60.503319190687968, -31.723298356373522 ], [ -60.503354462592441, -31.723321728951511 ], [ -60.503401653172446, -31.723350946235723 ], [ -60.503438638473405, -31.723372296309797 ], [ -60.503486661307448, -31.723398111048475 ], [ -60.503525201530408, -31.723417347137332 ], [ -60.503539295419188, -31.723421797569827 ], [ -60.503551597116399, -31.723429989779319 ], [ -60.50422881377802, -31.723740920471798 ], [ -60.504228815758644, -31.723740921027083 ], [ -60.504228817470725, -31.723740922167217 ], [ -60.504419455680406, -31.72382844890447 ], [ -60.504441689575472, -31.723839246574748 ], [ -60.504441931441107, -31.723839320073292 ], [ -60.504442138758961, -31.723839464716143 ], [ -60.504769466167396, -31.723998427254958 ], [ -60.504836989395471, -31.72401894618903 ], [ -60.504900453533146, -31.724049812290438 ], [ -60.504970863672391, -31.72405962785577 ], [ -60.505038883458077, -31.724080297683589 ], [ -60.505109442563473, -31.724078946524553 ], [ -60.505179338695044, -31.724088690434357 ], [ -60.505284037750656, -31.724086746290233 ], [ -60.50603870522599, -31.724386269392955 ], [ -60.506015587118611, -31.724394270931615 ], [ -60.506013606887031, -31.724395024535138 ], [ -60.505962319730486, -31.72441637712604 ], [ -60.505960404485421, -31.724417244801991 ], [ -60.505909729954368, -31.724442146607956 ], [ -60.50590788867752, -31.72444312428728 ], [ -60.505858008162548, -31.724471688029485 ], [ -60.505856249488794, -31.724472771127289 ], [ -60.505807381924917, -31.724505107055016 ], [ -60.505805714101726, -31.72450629049197 ], [ -60.505758119448629, -31.72454249838713 ], [ -60.505756550297434, -31.724543776613402 ], [ -60.505710531968859, -31.724583936095055 ], [ -60.505709068848361, -31.72458530311626 ], [ -60.505664974235195, -31.724629462489588 ], [ -60.505663624006836, -31.72463091189497 ], [ -60.505621842612229, -31.724679075712089 ], [ -60.505620611608066, -31.724680600704474 ], [ -60.50558157001386, -31.724732716691314 ], [ -60.505580464006812, -31.724734310119135 ], [ -60.505544617213317, -31.724790256215908 ], [ -60.505543641390119, -31.724791910606594 ], [ -60.505511460050677, -31.724851483483484 ], [ -60.505510618987572, -31.724853191078605 ], [ -60.505482572750005, -31.724916097353368 ], [ -60.505481870391243, -31.724917850144987 ], [ -60.50545840781129, -31.724983702023064 ], [ -60.505457847450657, -31.724985491791283 ], [ -60.50543937377347, -31.725053808415549 ], [ -60.505438958038852, -31.725055626767077 ], [ -60.50542581264714, -31.725125842237301 ], [ -60.505425543488172, -31.725127680644761 ], [ -60.505417979234565, -31.725199159034389 ], [ -60.505417857913528, -31.72520100887639 ], [ -60.505416024711195, -31.725273065396131 ], [ -60.505416051797006, -31.725274917997677 ], [ -60.505417675576034, -31.725304601158005 ], [ -60.505359457106749, -31.725323420816935 ], [ -60.505131404012999, -31.725488588095871 ], [ -60.504965552128226, -31.725716143794372 ], [ -60.504878136190477, -31.725983813175194 ], [ -60.504877713080802, -31.72626539489438 ], [ -60.504964324216125, -31.726533325771364 ], [ -60.505129491495062, -31.726761378865117 ], [ -60.505244254157553, -31.726845022579603 ], [ -60.505204591631767, -31.726906692032721 ], [ -60.50519732441208, -31.726934300782336 ], [ -60.505183422515174, -31.726959236555818 ], [ -60.505131432254771, -31.727100999701534 ], [ -60.504949293904644, -31.727236649148502 ], [ -60.504865569949345, -31.727017799553636 ], [ -60.504688612822797, -31.726798768462317 ], [ -60.504452632264972, -31.726645140275025 ], [ -60.504180727697047, -31.726571953189122 ], [ -60.503899515032593, -31.726586371266507 ], [ -60.503802386237965, -31.72662352923733 ], [ -60.50368287907267, -31.726547652040157 ], [ -60.503410158346611, -31.726477567454264 ], [ -60.503129128194878, -31.72649518839123 ], [ -60.503079032483413, -31.726515010367912 ], [ -60.503065904570512, -31.726491055138208 ], [ -60.503065255899926, -31.726489969084003 ], [ -60.503029639271659, -31.726434986659893 ], [ -60.503028906227911, -31.72643394054867 ], [ -60.502990203648388, -31.726382700764468 ], [ -60.502989389581906, -31.726381699377502 ], [ -60.50294803765857, -31.726334315606756 ], [ -60.502947146290076, -31.726333363520958 ], [ -60.502903554191562, -31.726289883490004 ], [ -60.502902589595131, -31.726288985056922 ], [ -60.502857130963555, -31.726249402890058 ], [ -60.502856097547905, -31.726248562216036 ], [ -60.5028091059839, -31.726212830805292 ], [ -60.502808008472336, -31.726212051732674 ], [ -60.502759775749574, -31.726180094312909 ], [ -60.502758619158321, -31.726179380402474 ], [ -60.502709395767752, -31.726151101044888 ], [ -60.502708185383078, -31.726150455559637 ], [ -60.502658182785162, -31.726125748266409 ], [ -60.502656924139167, -31.72612517415655 ], [ -60.502606318071145, -31.726103930417167 ], [ -60.502605016916576, -31.726103430306672 ], [ -60.502553951338086, -31.726085545219394 ], [ -60.502552613621944, -31.726085121394089 ], [ -60.502501205275216, -31.726070498587269 ], [ -60.502499837111564, -31.726070152984242 ], [ -60.502448179936017, -31.726058708295962 ], [ -60.502446787578158, -31.726058442494814 ], [ -60.502394957282299, -31.726050106773553 ], [ -60.502393547094059, -31.726049921989134 ], [ -60.502341605582806, -31.726044643090027 ], [ -60.502340184009519, -31.726044540166928 ], [ -60.502288183772329, -31.726042284308722 ], [ -60.502286757311388, -31.72604226371735 ], [ -60.502234745609677, -31.726043016283189 ], [ -60.502233320780782, -31.726043078117637 ], [ -60.502181343802611, -31.726046843995764 ], [ -60.502179927118021, -31.72604698797344 ], [ -60.50216233994874, -31.726049293756763 ], [ -60.501805998467496, -31.725850976901764 ], [ -60.501793132065735, -31.725843952906928 ], [ -60.501387374148088, -31.725626712888999 ], [ -60.501283993973281, -31.725590784328755 ], [ -60.501183401286475, -31.725547663181491 ], [ -60.501151579606542, -31.725544765277601 ], [ -60.501121397066072, -31.725534275691704 ], [ -60.501011974141484, -31.725532051831259 ], [ -60.500902979643868, -31.725522126032896 ], [ -60.500498535582551, -31.725548965069752 ], [ -60.500357020830222, -31.725572914334283 ], [ -60.499954976477262, -31.725219891191244 ], [ -60.499740998256513, -31.725080267721058 ], [ -60.499496406206447, -31.725006402157867 ], [ -60.499240913054955, -31.725004247645888 ], [ -60.499126288363314, -31.725036764750282 ], [ -60.498890471687204, -31.725017034581828 ], [ -60.498616348840059, -31.72508141709713 ], [ -60.498375537811384, -31.725227357126155 ], [ -60.498191610862499, -31.725440569042043 ], [ -60.498082572044652, -31.725700182176926 ], [ -60.498075903332818, -31.725779887196257 ], [ -60.49759682258879, -31.726035191272725 ], [ -60.497474759367108, -31.72601455381507 ], [ -60.497196200666956, -31.726055705900936 ], [ -60.496943992293893, -31.72618092323264 ], [ -60.496742822160712, -31.726377948665309 ], [ -60.49661238220169, -31.726627495976839 ], [ -60.496565440788835, -31.726905137737678 ], [ -60.496606592874706, -31.72718369643783 ], [ -60.496731810206406, -31.727435904810893 ], [ -60.496840346541767, -31.727588609687587 ], [ -60.496898908125537, -31.727648403194685 ], [ -60.496949338763642, -31.727715197455847 ], [ -60.496996831077197, -31.727748386090084 ], [ -60.497037371974436, -31.727789779820764 ], [ -60.497111544560127, -31.727828550300718 ], [ -60.497173979004344, -31.72787218081222 ], [ -60.497056069224463, -31.728035485880071 ], [ -60.496969850100683, -31.728303543161815 ], [ -60.496970685096713, -31.728585123960848 ], [ -60.497058492477315, -31.728852665186668 ], [ -60.497079735401755, -31.72888172197489 ], [ -60.49708028648655, -31.729067556481848 ], [ -60.4971680938867, -31.729335097701252 ], [ -60.497262086274837, -31.729463663638832 ], [ -60.497129287871225, -31.729620809240565 ], [ -60.497022894621118, -31.729881517736658 ], [ -60.497019974444285, -31.729921282828954 ], [ -60.494962870431749, -31.73024248654696 ], [ -60.494948283136132, -31.730166019015073 ], [ -60.494852899506711, -31.729901084293225 ], [ -60.494680314952959, -31.729678591562095 ], [ -60.494447423253447, -31.7295203199604 ], [ -60.494177021470392, -31.729441762215263 ], [ -60.49389557841431, -31.729450608106117 ], [ -60.493630643692462, -31.729545991735538 ], [ -60.493408150961329, -31.729718576289294 ], [ -60.493324858380781, -31.72984113871005 ], [ -60.492732626232275, -31.729933896093122 ], [ -60.492697797849907, -31.729920563663097 ], [ -60.492738015012243, -31.729905499321365 ], [ -60.49273930375935, -31.729904971596895 ], [ -60.492789793129809, -31.729882462374039 ], [ -60.492791037135227, -31.729881861314343 ], [ -60.492840861741499, -31.729855838274418 ], [ -60.492842055300876, -31.729855166635623 ], [ -60.492891026068975, -31.729825520831724 ], [ -60.4928921637093, -31.729824781693623 ], [ -60.492940054316399, -31.729791409267293 ], [ -60.492941130821073, -31.729790606019154 ], [ -60.492987674628402, -31.729753416420721 ], [ -60.492988685061135, -31.729752552745836 ], [ -60.493033573483011, -31.729711478380015 ], [ -60.493034513210524, -31.729710558238708 ], [ -60.49307739590359, -31.729665565518133 ], [ -60.493078260616777, -31.729664593129694 ], [ -60.493118748224781, -31.729615694508144 ], [ -60.493119533958549, -31.729614674331387 ], [ -60.493157203925975, -31.729561940791271 ], [ -60.493157907077382, -31.729560877504241 ], [ -60.493192313169793, -31.72950445037301 ], [ -60.493192930514553, -31.729503348851324 ], [ -60.493223615934724, -31.729443450209548 ], [ -60.493224144642035, -31.729442315504208 ], [ -60.493250658950892, -31.729379255243646 ], [ -60.493251096596381, -31.729378092557802 ], [ -60.49326323701257, -31.729341635302063 ], [ -60.493294067291025, -31.729299624533045 ], [ -60.493294780012775, -31.729298577139858 ], [ -60.493329549108445, -31.729243266720299 ], [ -60.493330177945474, -31.729242180791928 ], [ -60.493361370869124, -31.729183405803667 ], [ -60.49336191298363, -31.729182286240686 ], [ -60.493366301947731, -31.729172279957684 ], [ -60.493427378263355, -31.729146427772719 ], [ -60.493640078428371, -31.728961909254938 ], [ -60.493640344952802, -31.72896146670249 ], [ -60.493898838611038, -31.728921999908387 ], [ -60.493908235905259, -31.728919004304899 ], [ -60.493918097827979, -31.728918845366785 ], [ -60.493919523806696, -31.728918595895589 ], [ -60.493972277300699, -31.728907730676053 ], [ -60.493973679767358, -31.728907397784258 ], [ -60.494026194986311, -31.728893243585027 ], [ -60.494027567268866, -31.728892828856377 ], [ -60.494079749456908, -31.72887529978097 ], [ -60.494081085026906, -31.728874805188418 ], [ -60.494132815720718, -31.728853801386819 ], [ -60.494134108224415, -31.72885322928337 ], [ -60.494185240505061, -31.728828640746698 ], [ -60.494186483793527, -31.728827993854026 ], [ -60.494236837164046, -31.72879970560653 ], [ -60.494238025322538, -31.728798987002126 ], [ -60.494287381276671, -31.728766885595419 ], [ -60.494288508652673, -31.728766098697943 ], [ -60.494336606777487, -31.728730080384484 ], [ -60.494337668007709, -31.728729228937514 ], [ -60.494384203471668, -31.728689209390989 ], [ -60.494385193507441, -31.728688297445117 ], [ -60.494429816070109, -31.728644223301377 ], [ -60.494430730201486, -31.728643255195081 ], [ -60.494473046003883, -31.728595116700873 ], [ -60.494473879882015, -31.728594097039771 ], [ -60.494513456210406, -31.728541941664922 ], [ -60.494514205868249, -31.72854087529991 ], [ -60.494550579834502, -31.728484821148573 ], [ -60.494551241705665, -31.728483713152723 ], [ -60.494583933056404, -31.728423961123926 ], [ -60.494584503992129, -31.72842281676834 ], [ -60.49461303209447, -31.728359659925754 ], [ -60.494613509378631, -31.728358484654592 ], [ -60.494637413858911, -31.728292313038057 ], [ -60.494637795220903, -31.728291112442442 ], [ -60.494656658847461, -31.728222412209512 ], [ -60.494656942473014, -31.728221192001158 ], [ -60.494670414621879, -31.728150537372624 ], [ -60.494670599161658, -31.728149303356453 ], [ -60.494678417346201, -31.728077341602333 ], [ -60.49467850192233, -31.728076099649009 ], [ -60.494680509080261, -31.728003529116982 ], [ -60.494680493290367, -31.72800228513492 ], [ -60.494676648524432, -31.727929828740717 ], [ -60.494676532443656, -31.72792858864798 ], [ -60.494666913884686, -31.727856964621111 ], [ -60.494666698065231, -31.727855734317238 ], [ -60.494660150455189, -31.727836664169686 ], [ -60.494658921759665, -31.727816538762148 ], [ -60.49450434024093, -31.727118902606293 ], [ -60.494498471505139, -31.727103999134172 ], [ -60.494496932586408, -31.727088055882714 ], [ -60.494496618703167, -31.727086843354602 ], [ -60.494492718960736, -31.727073901899608 ], [ -60.494498397715581, -31.727070026542908 ], [ -60.494670550637728, -31.726847199670651 ], [ -60.494765420505807, -31.726582080543213 ], [ -60.494773720796125, -31.726300620867981 ], [ -60.494766988958361, -31.726277615917866 ], [ -60.494825286801884, -31.726277389636977 ], [ -60.494941057682503, -31.726258592414677 ], [ -60.495057660143196, -31.726245939410408 ], [ -60.495079545984524, -31.726236106661915 ], [ -60.495103229028061, -31.726232261347516 ], [ -60.495207525017335, -31.726178608957195 ], [ -60.495314510554046, -31.726130543093092 ], [ -60.495535480409444, -31.725985982123873 ], [ -60.495622751589231, -31.725948427405083 ], [ -60.495638318433926, -31.725938592811779 ], [ -60.495671459296226, -31.725916616446451 ], [ -60.495684349896841, -31.725907652232738 ], [ -60.495724304554962, -31.725878200280771 ], [ -60.49573483533333, -31.725869980018008 ], [ -60.495781544776158, -31.725830905171041 ], [ -60.495790032153714, -31.725823302430317 ], [ -60.495841833122888, -31.725773012997436 ], [ -60.495848593520947, -31.725765901349671 ], [ -60.495901502327001, -31.725704995150387 ], [ -60.495906852166605, -31.725698248166381 ], [ -60.495954915996364, -31.725631593895645 ], [ -60.495959171698424, -31.725625085146053 ], [ -60.495996588272028, -31.725562456383123 ], [ -60.496000066257317, -31.725556059438553 ], [ -60.496025720272399, -31.725505087566251 ], [ -60.496028685438539, -31.725498699458399 ], [ -60.496049953888885, -31.725449026311992 ], [ -60.496052465041515, -31.72544263791734 ], [ -60.496071068429444, -31.725390686524033 ], [ -60.496073132851116, -31.725384312180267 ], [ -60.496088786752388, -31.725330269331582 ], [ -60.49609041172571, -31.725323923376333 ], [ -60.496102847157935, -31.725268012277304 ], [ -60.496104039965481, -31.725261709048215 ], [ -60.496104225143995, -31.725260521421706 ], [ -60.496156565709413, -31.725275158082788 ], [ -60.49643790551599, -31.725263480889829 ], [ -60.49670186712126, -31.725165436437948 ], [ -60.496922612124173, -31.724990622001208 ], [ -60.497078532465814, -31.724756149634683 ], [ -60.497154365576783, -31.724484971127268 ], [ -60.497143444959171, -31.724221859567965 ], [ -60.500588388425484, -31.723674549467479 ], [ -60.50058951298373, -31.723674183483194 ] ], [ [ -60.497299791203844, -31.739937088388881 ], [ -60.497294499908264, -31.739937009517813 ], [ -60.496756631052122, -31.740023511673066 ], [ -60.496572512322956, -31.740050231131896 ], [ -60.496547591227142, -31.740054205215639 ], [ -60.496404754024063, -31.740079041290667 ], [ -60.496204610970622, -31.740110803283379 ], [ -60.495607719903205, -31.740205704727874 ], [ -60.494910561995461, -31.740315841925632 ], [ -60.494648102130355, -31.740356815090774 ], [ -60.494638642762531, -31.740313671856384 ], [ -60.494577285421066, -31.740010758322317 ], [ -60.494799397125917, -31.73992282085176 ], [ -60.494898522293262, -31.739840819184643 ], [ -60.494947226808613, -31.739853848991501 ], [ -60.49522841712951, -31.739839001532648 ], [ -60.495491256899413, -31.73973798817234 ], [ -60.495671953874748, -31.739591544937916 ], [ -60.495824428821322, -31.739583614544554 ], [ -60.496087348196681, -31.739482808564251 ], [ -60.496110991062139, -31.739463678429868 ], [ -60.496267922491668, -31.739505834007787 ], [ -60.49654912785401, -31.739491274207317 ], [ -60.496812070820511, -31.739390529778333 ], [ -60.496951516851787, -31.739277753918589 ], [ -60.497161314447453, -31.739267124372333 ], [ -60.497168744966537, -31.739322751617554 ], [ -60.497169059760346, -31.739324561785086 ], [ -60.49717481712846, -31.739341411014991 ], [ -60.497175783486462, -31.739359190497094 ], [ -60.497299791203844, -31.739937088388881 ] ], [ [ -60.497295257505044, -31.741907451977315 ], [ -60.497312300565568, -31.741975893814434 ], [ -60.497312820659943, -31.741977680637756 ], [ -60.497334885884769, -31.742043823009585 ], [ -60.497335546991671, -31.742045575464019 ], [ -60.49736225091879, -31.742108923284061 ], [ -60.497363049976187, -31.742110633252722 ], [ -60.497386197299988, -31.742155674074876 ], [ -60.497273460515814, -31.742217106788299 ], [ -60.497264913592332, -31.742226140775191 ], [ -60.497207730750567, -31.742184533834884 ], [ -60.496939991279973, -31.742097332805727 ], [ -60.496658409311856, -31.742097135745201 ], [ -60.496186318692715, -31.742171568918433 ], [ -60.496173516069959, -31.742175718839373 ], [ -60.496160063275269, -31.742176107822932 ], [ -60.496158650382426, -31.742176373674052 ], [ -60.496106275349831, -31.742187853820358 ], [ -60.496104887087824, -31.74218820175992 ], [ -60.49605276444143, -31.742202945741994 ], [ -60.496051407332892, -31.742203374135222 ], [ -60.495999634302834, -31.742221469456045 ], [ -60.495998314724098, -31.742221976290161 ], [ -60.49594701254906, -31.742243523453027 ], [ -60.49594573670003, -31.742244106346725 ], [ -60.495895055474861, -31.742269214872536 ], [ -60.495893829350067, -31.7422698710871 ], [ -60.495843952728919, -31.742298654315192 ], [ -60.495842782089213, -31.742299380767449 ], [ -60.49579393161796, -31.742331949231719 ], [ -60.495792821963526, -31.742332742508491 ], [ -60.495745260650153, -31.742369195743223 ], [ -60.495744217194641, -31.742370052117323 ], [ -60.495698251755883, -31.742410468900257 ], [ -60.495697279401881, -31.742411384348095 ], [ -60.495653260764485, -31.742455811348822 ], [ -60.495652364080549, -31.742456781569231 ], [ -60.495610685334057, -31.742505220789091 ], [ -60.495609868533201, -31.742506241223523 ], [ -60.495570959670417, -31.742558636831241 ], [ -60.495570226590324, -31.742559702685252 ], [ -60.49553454555808, -31.742615928048401 ], [ -60.495533899643107, -31.742617034314172 ], [ -60.495501919347994, -31.742676880424852 ], [ -60.495501363632911, -31.742678021904641 ], [ -60.495473554846349, -31.742741188914021 ], [ -60.495473091942145, -31.742742360244673 ], [ -60.49544990297909, -31.742808453281519 ], [ -60.495449535060715, -31.742809648959593 ], [ -60.495435965986331, -31.742860838803171 ], [ -60.495284387572816, -31.74286897913094 ], [ -60.495185704547438, -31.742907006390112 ], [ -60.49513706583668, -31.742685248094162 ], [ -60.495058252897643, -31.742291443628293 ], [ -60.495047760007665, -31.74223874174788 ], [ -60.495114579560571, -31.742228091277635 ], [ -60.495939502533247, -31.742098893837863 ], [ -60.495941916089699, -31.742098512475003 ], [ -60.495965453149637, -31.742094760658997 ], [ -60.496033252128235, -31.742084499226156 ], [ -60.496037770935729, -31.742083803555456 ], [ -60.497043429682115, -31.741926366358349 ], [ -60.497053675455675, -31.741924701780686 ], [ -60.497116282332343, -31.741914159446303 ], [ -60.497238877050428, -31.741893896506124 ], [ -60.497291596003677, -31.741885951713204 ], [ -60.497294880832129, -31.741905639061141 ], [ -60.497295257505044, -31.741907451977315 ] ], [ [ -60.499149650857255, -31.749031198763834 ], [ -60.499163033525427, -31.74903092566155 ], [ -60.499165147578765, -31.749030546460922 ], [ -60.499211971030981, -31.749020708366523 ], [ -60.499196764830074, -31.749073462686781 ], [ -60.499197260075988, -31.749088231395891 ], [ -60.499193631048549, -31.74910255585738 ], [ -60.499201967758282, -31.749228619006018 ], [ -60.499206201945526, -31.749354886538743 ], [ -60.499287505876445, -31.749776275638759 ], [ -60.498947840630109, -31.749847619118057 ], [ -60.498615629516244, -31.749907081613653 ], [ -60.498514485607721, -31.749424429289157 ], [ -60.498506480033619, -31.749403393793507 ], [ -60.4985059187511, -31.749392691319652 ], [ -60.498505861959394, -31.749392077781742 ], [ -60.498496444237205, -31.749321173017236 ], [ -60.498496338605946, -31.74932056421796 ], [ -60.498490536729399, -31.749303563397479 ], [ -60.498489562442714, -31.749285626272911 ], [ -60.498457573209571, -31.749136524949961 ], [ -60.499136883656526, -31.74903521983067 ], [ -60.499149650857255, -31.749031198763834 ] ], [ [ -60.499079429087409, -31.758454573236367 ], [ -60.499080573273929, -31.758630370686987 ], [ -60.499169328021352, -31.758897599125614 ], [ -60.499289604688428, -31.759060900038399 ], [ -60.498891194723733, -31.75912337396144 ], [ -60.49891696536492, -31.759001597991606 ], [ -60.498887281957899, -31.758721584886647 ], [ -60.498785717467626, -31.758494014457188 ], [ -60.498901650067147, -31.758489643234189 ], [ -60.499079429087409, -31.758454573236367 ] ], [ [ -60.496691642408962, -31.77718312644965 ], [ -60.496620996450808, -31.777186667888838 ], [ -60.49660856013557, -31.777125341339357 ], [ -60.497093306215184, -31.777054659952316 ], [ -60.497098401257567, -31.7770530734232 ], [ -60.497103737597349, -31.777053076441288 ], [ -60.497747749717071, -31.776951448281149 ], [ -60.497761057604706, -31.77702017279973 ], [ -60.496691642408962, -31.77718312644965 ] ], [ [ -60.506663111470701, -31.71763633908553 ], [ -60.5066624402291, -31.717638776491857 ], [ -60.506646104467272, -31.717708959807439 ], [ -60.506645632656578, -31.717711431146025 ], [ -60.506634901218078, -31.717783274625329 ], [ -60.506634631111673, -31.71778576798819 ], [ -60.50662971933334, -31.717858583039458 ], [ -60.506629652232768, -31.717861086412505 ], [ -60.506630660919797, -31.71793414525856 ], [ -60.506630797148361, -31.717936646579517 ], [ -60.506637705484792, -31.718009211493353 ], [ -60.506638044386115, -31.718011698709773 ], [ -60.506650711411737, -31.718083052113943 ], [ -60.506651251352864, -31.718085513241355 ], [ -60.506669425788211, -31.718154985853786 ], [ -60.506670164167495, -31.718157409033438 ], [ -60.506693501259953, -31.718224403239059 ], [ -60.506694434519552, -31.718226776795031 ], [ -60.506722517773184, -31.718290783451497 ], [ -60.506723641416308, -31.718293095947001 ], [ -60.506756006597058, -31.718353703608685 ], [ -60.506757315209526, -31.718355943901113 ], [ -60.506793474207107, -31.718412840826893 ], [ -60.506794961483457, -31.718414998121549 ], [ -60.50683442395858, -31.718467967947046 ], [ -60.506834640669858, -31.718468237586485 ], [ -60.506839282923295, -31.718489031836121 ], [ -60.506839854803921, -31.718491220749748 ], [ -60.506845809788103, -31.718511095510149 ], [ -60.506575965037996, -31.718549739029829 ], [ -60.506323204192455, -31.71867383737214 ], [ -60.506321160174203, -31.718675821605807 ], [ -60.505808216409193, -31.71797597848775 ], [ -60.505908151521915, -31.71795375490872 ], [ -60.50615067741029, -31.717810682769333 ], [ -60.506337121514314, -31.717599668457787 ], [ -60.506385795908479, -31.717487524746186 ], [ -60.506386789931263, -31.717487821283864 ], [ -60.506439679817255, -31.717501863365314 ], [ -60.506442506728611, -31.71750252259578 ], [ -60.506495633002068, -31.717513235996879 ], [ -60.506498506615358, -31.717513725951065 ], [ -60.506551792451852, -31.717521179734785 ], [ -60.506554698912588, -31.717521498050505 ], [ -60.506568222558009, -31.717520848493194 ], [ -60.506581385295249, -31.717524019180271 ], [ -60.506698925255876, -31.717533359760434 ], [ -60.506685603787759, -31.717566048433138 ], [ -60.506684736349584, -31.717568440162772 ], [ -60.506663111470701, -31.71763633908553 ] ], [ [ -60.508770703936733, -31.722715117426983 ], [ -60.508110753622603, -31.722825994937633 ], [ -60.508082012842436, -31.722821889750605 ], [ -60.508080570816574, -31.722821727285002 ], [ -60.508027587172528, -31.72281733812147 ], [ -60.508026135478559, -31.722817260948307 ], [ -60.507973107392026, -31.722816007224999 ], [ -60.507971652926898, -31.722816015710915 ], [ -60.507918629653084, -31.722817888971889 ], [ -60.507917179326931, -31.722817983076585 ], [ -60.507864210629059, -31.722822995941161 ], [ -60.507862771332334, -31.722823175217506 ], [ -60.507849813420542, -31.722826915350197 ], [ -60.507836326617564, -31.722826868276655 ], [ -60.507427724126487, -31.722890123423021 ], [ -60.506795682216058, -31.722612518470985 ], [ -60.50818640402295, -31.722392635243164 ], [ -60.508330352810134, -31.722345906476114 ], [ -60.508481684671466, -31.72234594474952 ], [ -60.508689239581258, -31.722313125088757 ], [ -60.508770703936733, -31.722715117426983 ] ], [ [ -60.508758269765181, -31.733005079039152 ], [ -60.508759680871535, -31.733004735078634 ], [ -60.508812588653541, -31.732990115807588 ], [ -60.508813968382775, -31.732989688873154 ], [ -60.508840209529943, -31.732980672237346 ], [ -60.508890089900227, -31.733020479087429 ], [ -60.509153682160694, -31.733119512232502 ], [ -60.509190661371008, -31.733121185945826 ], [ -60.507974204028471, -31.733315844832209 ], [ -60.507934103995161, -31.733132292206474 ], [ -60.508677021807969, -31.733021009856799 ], [ -60.508690033873151, -31.733016902411499 ], [ -60.508703675643787, -31.733016607381295 ], [ -60.508705111305133, -31.733016348057586 ], [ -60.508758269765181, -31.733005079039152 ] ], [ [ -60.508208987386411, -31.743187215077132 ], [ -60.508214128541162, -31.743211662305832 ], [ -60.50804970111755, -31.743237650686858 ], [ -60.508208987386411, -31.743187215077132 ] ], [ [ -60.512260185032218, -31.747533078207272 ], [ -60.513480032699327, -31.746960516453729 ], [ -60.514851530780355, -31.746491435660698 ], [ -60.514976322357498, -31.747167742614074 ], [ -60.514063375511974, -31.747314948849887 ], [ -60.514034938540526, -31.747317690502264 ], [ -60.513982902130088, -31.747324242676175 ], [ -60.513926466048673, -31.747333026172818 ], [ -60.513874565222288, -31.747342670630836 ], [ -60.513818955295854, -31.747354701521161 ], [ -60.513767257504355, -31.747367498287243 ], [ -60.513712729326713, -31.747382721275038 ], [ -60.513661317830639, -31.747398746853893 ], [ -60.513608122024074, -31.747417091971595 ], [ -60.513557100456289, -31.74743643700808 ], [ -60.513505481519651, -31.747457819938059 ], [ -60.513454978495325, -31.747480586015413 ], [ -60.513405173680312, -31.747504908477644 ], [ -60.513355347372162, -31.7475312038734 ], [ -60.513307585592983, -31.747558354077114 ], [ -60.513258628077494, -31.747588288297962 ], [ -60.513213128858723, -31.747618141455455 ], [ -60.513165269960687, -31.747651818385958 ], [ -60.513122242428253, -31.747684237286013 ], [ -60.512984714346182, -31.747812447795873 ], [ -60.512958699118222, -31.747842361917584 ], [ -60.512920054418906, -31.747889982449401 ], [ -60.512896376472497, -31.747921282036771 ], [ -60.512860394034078, -31.747972449955739 ], [ -60.512839154088873, -31.748005001871981 ], [ -60.51280623467558, -31.748059584066038 ], [ -60.512787523081073, -31.748093249847212 ], [ -60.512758075477173, -31.748151043017863 ], [ -60.512741971828561, -31.748185679461937 ], [ -60.512716398676226, -31.748246404335394 ], [ -60.512702971475598, -31.748281864111334 ], [ -60.512681652824533, -31.748345163294658 ], [ -60.512670959189556, -31.74838129556905 ], [ -60.512654234783575, -31.748446735957454 ], [ -60.512646320204489, -31.748483387036199 ], [ -60.512634471898487, -31.748550467345037 ], [ -60.512630398646984, -31.748580018809712 ], [ -60.512285821248035, -31.748903964806821 ], [ -60.511636632444208, -31.749344692392945 ], [ -60.509375845184643, -31.750865148413975 ], [ -60.508932492384552, -31.750933722490469 ], [ -60.508558809591932, -31.749249512208031 ], [ -60.512256403502825, -31.747534842463224 ], [ -60.512258156647697, -31.747533665359111 ], [ -60.512260185032218, -31.747533078207272 ] ], [ [ -60.509630597511155, -31.76685779208303 ], [ -60.509681952555233, -31.766845686435403 ], [ -60.509683308720149, -31.766845324482187 ], [ -60.509734399742626, -31.766830053544485 ], [ -60.509735724340203, -31.766829614479132 ], [ -60.509786454350021, -31.766811091924293 ], [ -60.509787741380826, -31.766810577735487 ], [ -60.509837990105176, -31.766788705851738 ], [ -60.509839233739875, -31.766788118868355 ], [ -60.509888853009514, -31.766762792492592 ], [ -60.5098900476154, -31.766762135373227 ], [ -60.509938857208326, -31.76673324685979 ], [ -60.509939997374659, -31.76673252258075 ], [ -60.509987781142293, -31.766699968112246 ], [ -60.509988861705025, -31.766699179953932 ], [ -60.51003536446742, -31.766662867270227 ], [ -60.510036380532348, -31.766662018802446 ], [ -60.510081306182123, -31.76662187638042 ], [ -60.51008225314726, -31.766620971446095 ], [ -60.51012526452444, -31.766576958993568 ], [ -60.510126138100716, -31.766576001691391 ], [ -60.510166859125654, -31.766528121753364 ], [ -60.510167655356412, -31.76652711641918 ], [ -60.510205676085505, -31.7664754265179 ], [ -60.510206391364427, -31.766474377705173 ], [ -60.51024127655954, -31.76641900202733 ], [ -60.510241907646929, -31.766417914486375 ], [ -60.510273208818361, -31.766359054432996 ], [ -60.510273752855866, -31.766357933089591 ], [ -60.510301024051849, -31.766295874892023 ], [ -60.510301478575393, -31.76629472482502 ], [ -60.510324295061743, -31.766229843223069 ], [ -60.510324658012649, -31.766228669641421 ], [ -60.510342636806222, -31.766161426319403 ], [ -60.510342906540615, -31.76616023453856 ], [ -60.510355727194437, -31.766091170298459 ], [ -60.510355902490602, -31.766089965716311 ], [ -60.510363326005923, -31.766019686589221 ], [ -60.510363406069942, -31.766018474661649 ], [ -60.51036377088802, -31.766004755926772 ], [ -60.510366917483772, -31.766075477519717 ], [ -60.510367020921592, -31.766076701959395 ], [ -60.510375846879406, -31.766147543492806 ], [ -60.510376047568386, -31.766148759084935 ], [ -60.510381701234678, -31.766165779702238 ], [ -60.510382526367486, -31.766183695742747 ], [ -60.510463559186014, -31.766577169311681 ], [ -60.510469851564068, -31.766593877210756 ], [ -60.510471373084137, -31.766611665771396 ], [ -60.510471818435846, -31.766613466861621 ], [ -60.510491304935606, -31.766680877870918 ], [ -60.510491892614766, -31.766682648918447 ], [ -60.510516225050381, -31.766747511921977 ], [ -60.510516952336239, -31.766749244727613 ], [ -60.510545721118902, -31.766811106594123 ], [ -60.510546584644473, -31.766812793135639 ], [ -60.510579342563638, -31.766871292497452 ], [ -60.510580338331138, -31.766872924966894 ], [ -60.510616621927035, -31.766927792406875 ], [ -60.510617745326464, -31.766929363246529 ], [ -60.510657093762624, -31.766980415933908 ], [ -60.510658339593107, -31.766981917871465 ], [ -60.510663377748394, -31.766987575672985 ], [ -60.510747404414055, -31.76724326736484 ], [ -60.510778480437011, -31.767285740098917 ], [ -60.510778076246275, -31.7673990104722 ], [ -60.510072679098563, -31.767519858139618 ], [ -60.509288632209042, -31.767646553597348 ], [ -60.509130900632314, -31.76694556831627 ], [ -60.509603459539818, -31.766862965118673 ], [ -60.509629215921315, -31.766858075284773 ], [ -60.509630597511155, -31.76685779208303 ] ], [ [ -60.50887674122427, -31.772106813008033 ], [ -60.508838812959517, -31.7721990100551 ], [ -60.508835632501984, -31.772240710896799 ], [ -60.508823357980624, -31.772280691037384 ], [ -60.508824980799822, -31.772380371603422 ], [ -60.50881739933083, -31.772479776684367 ], [ -60.508827260804757, -31.772520419357111 ], [ -60.508827941584109, -31.772562235765946 ], [ -60.508853683008752, -31.772709232033147 ], [ -60.508351120321699, -31.772773453299369 ], [ -60.508355690570255, -31.772755637786016 ], [ -60.508337950722741, -31.772474615115378 ], [ -60.508263645771514, -31.772142522305668 ], [ -60.508766849958349, -31.772065128082428 ], [ -60.508860297241526, -31.772088385354746 ], [ -60.508882886694991, -31.772086796196287 ], [ -60.50887674122427, -31.772106813008033 ] ], [ [ -60.509398635107353, -31.776667456342384 ], [ -60.509614618130065, -31.776486791521506 ], [ -60.509764201691283, -31.776248226641833 ], [ -60.509832743509833, -31.77597511409596 ], [ -60.509813534234958, -31.77569418804277 ], [ -60.509773035317608, -31.775517526335573 ], [ -60.509779580846796, -31.775513081485109 ], [ -60.50978067827652, -31.775512282813143 ], [ -60.509827872504779, -31.775475475188305 ], [ -60.509828903574729, -31.775474614401222 ], [ -60.509874475400508, -31.775433864053756 ], [ -60.509875435303371, -31.775432945164937 ], [ -60.509919032251766, -31.775388210139074 ], [ -60.509919916512047, -31.775387237432824 ], [ -60.509961144938174, -31.775338521298551 ], [ -60.509961949433006, -31.775337499310062 ], [ -60.510000379943108, -31.77528486431072 ], [ -60.510001100921613, -31.775283797804999 ], [ -60.510036277780522, -31.775227377339473 ], [ -60.51003691188113, -31.775226271289039 ], [ -60.510068366139862, -31.775166281177384 ], [ -60.510068910406112, -31.775165140739141 ], [ -60.510096177104813, -31.775101887215914 ], [ -60.510096628999108, -31.775100717707161 ], [ -60.510119267518242, -31.775034600870999 ], [ -60.510119624933623, -31.775033407744502 ], [ -60.510137241140342, -31.774964919370259 ], [ -60.510137502410387, -31.774963708188906 ], [ -60.51014977092025, -31.774893422581155 ], [ -60.510149934826799, -31.77489219899206 ], [ -60.510156618968097, -31.77482075713969 ], [ -60.510156684746946, -31.774819526847782 ], [ -60.510157652001638, -31.774747614558368 ], [ -60.51015761934611, -31.774746383299846 ], [ -60.510152850324687, -31.774674705005751 ], [ -60.510152719387008, -31.774673478521297 ], [ -60.51014230916789, -31.774602729417751 ], [ -60.510142080558587, -31.774601513425797 ], [ -60.510134819681774, -31.77456669580015 ], [ -60.510088818164995, -31.774366033302986 ], [ -60.510439118218819, -31.774321264487654 ], [ -60.510584391728109, -31.774529366381945 ], [ -60.510809031702884, -31.774699146608519 ], [ -60.51210989066243, -31.77539320253155 ], [ -60.512114863536162, -31.775404596119852 ], [ -60.512115652274346, -31.775406236280791 ], [ -60.512145916379083, -31.775463754604615 ], [ -60.512146829190378, -31.775465347106543 ], [ -60.512180523279589, -31.775519576549346 ], [ -60.51218155624305, -31.775521114551708 ], [ -60.51221826541984, -31.775571862738438 ], [ -60.512219414098411, -31.775573339634768 ], [ -60.512258734122341, -31.775620484436537 ], [ -60.512259993581893, -31.775621893882889 ], [ -60.512301541917033, -31.775665374530462 ], [ -60.5123029067476, -31.775666710472585 ], [ -60.512346330400916, -31.775706517264734 ], [ -60.512347794739924, -31.775707773964093 ], [ -60.512392775129747, -31.775743937610955 ], [ -60.51239433268713, -31.775745109669476 ], [ -60.51244058808507, -31.775777691093325 ], [ -60.512442232170415, -31.775778773476439 ], [ -60.512489517837238, -31.775807854260155 ], [ -60.512491241388403, -31.775808842318497 ], [ -60.51250417032027, -31.775813759836577 ], [ -60.512515205742019, -31.775822100024296 ], [ -60.512935598164134, -31.776046386904142 ], [ -60.512948879391587, -31.776050980936823 ], [ -60.512960347534751, -31.776059103610667 ], [ -60.512962188709714, -31.776060013945351 ], [ -60.513012168734534, -31.776082854183901 ], [ -60.513014077295438, -31.776083656875326 ], [ -60.513064576979112, -31.776103130200458 ], [ -60.513066544314647, -31.776103821626972 ], [ -60.513117436324514, -31.776120027961547 ], [ -60.513119453558268, -31.776120605003481 ], [ -60.513170635063119, -31.776133634016563 ], [ -60.513172693093473, -31.776134094070358 ], [ -60.513224081418386, -31.776144022051376 ], [ -60.51322617095969, -31.776144363041283 ], [ -60.513277699149853, -31.776151250567956 ], [ -60.51327981077425, -31.776151470955487 ], [ -60.513331423419388, -31.776155361283731 ], [ -60.51333354759943, -31.776155460074495 ], [ -60.513385196585638, -31.776156378070461 ], [ -60.513387323737192, -31.776156354818749 ], [ -60.513438964268133, -31.776154306396059 ], [ -60.513441084793641, -31.77615416120674 ], [ -60.513492671240002, -31.776149133195091 ], [ -60.513494775571857, -31.77614886672329 ], [ -60.513546257567995, -31.776140827156244 ], [ -60.51354833621162, -31.776140440604209 ], [ -60.513599654398725, -31.776129339481802 ], [ -60.513601697975425, -31.776128834593681 ], [ -60.51361095500296, -31.776124928527192 ], [ -60.515104779975317, -31.776921863353319 ], [ -60.514796633710745, -31.776971872056304 ], [ -60.514796463468329, -31.776971928088759 ], [ -60.514796284243467, -31.776971928841498 ], [ -60.513536335751894, -31.777176913171157 ], [ -60.51352431280948, -31.777180875565136 ], [ -60.5135116602507, -31.777181281146291 ], [ -60.513507797380576, -31.777182674607651 ], [ -60.513503694325642, -31.777182843189923 ], [ -60.513350737589349, -31.777213553541337 ], [ -60.512916698004794, -31.777282683792858 ], [ -60.512875637820528, -31.777287098413595 ], [ -60.512853365678239, -31.777293123177493 ], [ -60.51283029306007, -31.777293142996914 ], [ -60.511843158958051, -31.777450359018818 ], [ -60.511834786322254, -31.777451732985423 ], [ -60.511064193964863, -31.777581921833061 ], [ -60.509942877577153, -31.777770470771259 ], [ -60.509942658408271, -31.777770473023097 ], [ -60.509907367101427, -31.777776434917133 ], [ -60.509675421048051, -31.77770010983841 ], [ -60.509393840984423, -31.777699055622293 ], [ -60.509220208383205, -31.777725890343852 ], [ -60.509188974759923, -31.77772845512273 ], [ -60.509075896979965, -31.777745963933054 ], [ -60.509002430129129, -31.77772622057482 ], [ -60.508721223218501, -31.777740750441136 ], [ -60.508694997369261, -31.777750795457568 ], [ -60.50851229869221, -31.776871669071681 ], [ -60.508529400032749, -31.776870499858418 ], [ -60.508775633238102, -31.776771458790122 ], [ -60.508856468493072, -31.776791745647913 ], [ -60.509137394546258, -31.776772536373031 ], [ -60.509398635107353, -31.776667456342384 ] ], [ [ -60.508010039331964, -31.783192560592035 ], [ -60.508106661270133, -31.783457046214831 ], [ -60.508257965522112, -31.783650231919303 ], [ -60.508293963973259, -31.783816772051278 ], [ -60.508335005495169, -31.784066183025416 ], [ -60.50834231172044, -31.784105193618537 ], [ -60.508577392111832, -31.785223498951225 ], [ -60.508578548587472, -31.785228917538561 ], [ -60.508697212683273, -31.78577664520796 ], [ -60.508857558327023, -31.786516783539639 ], [ -60.508858921783883, -31.78652297175416 ], [ -60.509249658685725, -31.78826713543128 ], [ -60.509351930787503, -31.788739182474362 ], [ -60.509402888643933, -31.789112144214322 ], [ -60.509414202227497, -31.789177105156448 ], [ -60.509461270949686, -31.7893989478784 ], [ -60.509519687722438, -31.789573125942088 ], [ -60.509706015322884, -31.790451304289814 ], [ -60.509742243452266, -31.790636014653376 ], [ -60.509756733270272, -31.790698143600199 ], [ -60.509778430815444, -31.790778229855682 ], [ -60.510193758073278, -31.792774330028308 ], [ -60.509567583124223, -31.792868931239234 ], [ -60.508754212287279, -31.792972912587203 ], [ -60.508736998932065, -31.792977941291142 ], [ -60.50871906688981, -31.792978112526217 ], [ -60.507296397947052, -31.793217388263351 ], [ -60.506735014593076, -31.793295450350364 ], [ -60.506465616504947, -31.793377383943675 ], [ -60.50623472257049, -31.793538556008983 ], [ -60.506064934296759, -31.793763189901583 ], [ -60.505998705765386, -31.793954623599266 ], [ -60.505981582538347, -31.793909187088357 ], [ -60.505905917581075, -31.793514013349689 ], [ -60.505662785158968, -31.792244575557131 ], [ -60.505661197651115, -31.792236487536609 ], [ -60.505457681336395, -31.791224163618857 ], [ -60.505480402101817, -31.791140108337721 ], [ -60.505470508973175, -31.790943046004802 ], [ -60.505470679815225, -31.790885966771867 ], [ -60.505467081778328, -31.790874779328192 ], [ -60.50546628360744, -31.790858880473316 ], [ -60.505288983334481, -31.790015634806011 ], [ -60.505287684528419, -31.790012228934113 ], [ -60.505287472624445, -31.790008589984065 ], [ -60.504473941743882, -31.786287602883725 ], [ -60.50433784741216, -31.7856398649723 ], [ -60.504335602360804, -31.785633975172928 ], [ -60.504335200084221, -31.78562768484975 ], [ -60.50430332502139, -31.785485772661382 ], [ -60.504746994328706, -31.785409153090729 ], [ -60.506133315250288, -31.785172742591758 ], [ -60.50640006791734, -31.785082567993225 ], [ -60.506625899296175, -31.784914375746272 ], [ -60.506788703437969, -31.784684629679891 ], [ -60.506872543938997, -31.784415818939799 ], [ -60.506869213906874, -31.78413425659415 ], [ -60.506779039308341, -31.783867503927095 ], [ -60.506618488216183, -31.783651932310853 ], [ -60.506740096590136, -31.783483032686661 ], [ -60.506825959768875, -31.783214861177846 ], [ -60.506824750950898, -31.782933281735485 ], [ -60.506736588463724, -31.782665857317273 ], [ -60.506570102265862, -31.782438765288514 ], [ -60.506341589186341, -31.782274234999235 ], [ -60.506231109883231, -31.782238861725645 ], [ -60.506188363081016, -31.782038328835164 ], [ -60.506172889762652, -31.781998089604912 ], [ -60.506875395817474, -31.781887531254942 ], [ -60.506875405984594, -31.781887527962489 ], [ -60.506875416671512, -31.781887527972742 ], [ -60.507719677285195, -31.781754640410686 ], [ -60.507727881436971, -31.781790876538903 ], [ -60.507801445554854, -31.782126223681693 ], [ -60.508010039331964, -31.783192560592035 ] ], [ [ -60.514858841963708, -31.768749240392964 ], [ -60.514858171108685, -31.768750324269451 ], [ -60.514825112117059, -31.768808457588687 ], [ -60.514824529005281, -31.768809577897706 ], [ -60.514795410859271, -31.768871095384196 ], [ -60.514794918185217, -31.768872246948945 ], [ -60.514770189188454, -31.768936796593245 ], [ -60.514769789228758, -31.768937974092449 ], [ -60.514749862229941, -31.769005112049832 ], [ -60.514749556832776, -31.769006310042357 ], [ -60.514734787220277, -31.769075506446899 ], [ -60.514734577796844, -31.769076719396967 ], [ -60.514725242675333, -31.769147370762674 ], [ -60.514725130193376, -31.769148593065314 ], [ -60.514721410927493, -31.769220041022496 ], [ -60.514721395906776, -31.769221267029586 ], [ -60.514723366124159, -31.769292822182408 ], [ -60.514723448634093, -31.769294046228673 ], [ -60.514723514577433, -31.769294660342275 ], [ -60.514570012907498, -31.769400945172723 ], [ -60.514399372759527, -31.769624932635548 ], [ -60.514395580532124, -31.769635760808782 ], [ -60.514216378782898, -31.76972777203931 ], [ -60.514017890630534, -31.769927499095495 ], [ -60.51360442567595, -31.770500324036082 ], [ -60.51342105663803, -31.770754365524461 ], [ -60.513416329242567, -31.770763715241753 ], [ -60.513354532205, -31.770763996960731 ], [ -60.51311266162984, -31.77084380632537 ], [ -60.513340326236481, -31.770498251022328 ], [ -60.513356722860742, -31.770479788692011 ], [ -60.513357970646631, -31.770478279918091 ], [ -60.513397395167445, -31.770426958392228 ], [ -60.51339851952342, -31.770425380389398 ], [ -60.513405917558309, -31.770410523120376 ], [ -60.513417104333897, -31.770398262393876 ], [ -60.514484916491242, -31.768777458775649 ], [ -60.514879507687667, -31.768717349185458 ], [ -60.514876702626637, -31.768721530819924 ], [ -60.514869707270805, -31.768736632826887 ], [ -60.514858841963708, -31.768749240392964 ] ], [ [ -60.512610322299537, -31.771625270845472 ], [ -60.512587422780804, -31.771641017382528 ], [ -60.512610236232284, -31.771606391388207 ], [ -60.512610322299537, -31.771625270845472 ] ], [ [ -60.512466242433803, -31.779882509091724 ], [ -60.512532607598153, -31.779973458200985 ], [ -60.512512518125568, -31.780035723507822 ], [ -60.512513098342502, -31.780317304947108 ], [ -60.512600663611636, -31.780584925512915 ], [ -60.512766642434322, -31.780812388639642 ], [ -60.51299478764696, -31.780977428651617 ], [ -60.513262766806555, -31.781063890282564 ], [ -60.513339228773226, -31.781063732727691 ], [ -60.513416272290051, -31.781449493782286 ], [ -60.513540994193406, -31.782143548160523 ], [ -60.512223110307495, -31.782342503977457 ], [ -60.511954686499919, -31.782427575142531 ], [ -60.511725688724333, -31.78259143014666 ], [ -60.511558532878531, -31.782818029720396 ], [ -60.511469581341352, -31.783085192718648 ], [ -60.51146754130901, -31.783366767365713 ], [ -60.511552612474084, -31.783635191173293 ], [ -60.511716467478216, -31.783864188948879 ], [ -60.511943067051952, -31.784031344794677 ], [ -60.512210230050201, -31.78412029633186 ], [ -60.51249180469727, -31.784122336364202 ], [ -60.513865172357818, -31.783915004377086 ], [ -60.513882695741486, -31.783909450716706 ], [ -60.513915120095824, -31.783907868376463 ], [ -60.513986332968202, -31.783892999178896 ], [ -60.514024445256396, -31.784066271023121 ], [ -60.514127211099826, -31.78432843056429 ], [ -60.514305958978326, -31.784546002712169 ], [ -60.514436192728667, -31.784629274505914 ], [ -60.51438056939358, -31.784836670912892 ], [ -60.51439524094296, -31.785117870467019 ], [ -60.514406041004897, -31.785168738860026 ], [ -60.514396582318597, -31.785202479458803 ], [ -60.514358757132442, -31.785317626262412 ], [ -60.514358692477515, -31.78533763838951 ], [ -60.514353290587067, -31.785356907769255 ], [ -60.514358238976079, -31.785478007086763 ], [ -60.514357847405471, -31.785599206829918 ], [ -60.514363970002343, -31.785618259473267 ], [ -60.514364787065048, -31.785638255018391 ], [ -60.51437185426478, -31.785673495060106 ], [ -60.514373120030271, -31.785676909553498 ], [ -60.514373179774005, -31.785678026431459 ], [ -60.51440312113921, -31.785818144570417 ], [ -60.514404249140526, -31.785823347971725 ], [ -60.514489668600199, -31.786211829324934 ], [ -60.513945499335655, -31.786304617347863 ], [ -60.513678745117986, -31.786394787359256 ], [ -60.513452910846915, -31.786562975722749 ], [ -60.513290102754397, -31.786792718989485 ], [ -60.513206257630856, -31.787061528287801 ], [ -60.513209582821183, -31.787343090690673 ], [ -60.51329975283258, -31.787609844908349 ], [ -60.513467941196076, -31.787835679179413 ], [ -60.513697684462812, -31.787998487271938 ], [ -60.513966493761124, -31.788082332395472 ], [ -60.514248056164, -31.788079007205145 ], [ -60.514784445803109, -31.787987545710763 ], [ -60.514817530721842, -31.788086910895615 ], [ -60.514977492235026, -31.788303751846819 ], [ -60.515003268637827, -31.788419200339732 ], [ -60.515027778280576, -31.788528981228378 ], [ -60.515099877087117, -31.788851923103238 ], [ -60.515110974426307, -31.788896295694549 ], [ -60.515183816426195, -31.78915900141574 ], [ -60.515204605806105, -31.789224232679654 ], [ -60.515283246132377, -31.789441984377774 ], [ -60.515368942818682, -31.789597499251144 ], [ -60.514952702460484, -31.791133885417462 ], [ -60.514528450968193, -31.792698613495809 ], [ -60.51437509403938, -31.792784704346953 ], [ -60.514347824044229, -31.792814265661065 ], [ -60.514515786914487, -31.790317131457737 ], [ -60.514507334718154, -31.790223386561681 ], [ -60.51450874463535, -31.790129271965053 ], [ -60.514494761746199, -31.790083937369722 ], [ -60.514490501573782, -31.790036686997734 ], [ -60.514453494291374, -31.789950142175805 ], [ -60.51442575219253, -31.789860198187 ], [ -60.514398444514278, -31.789821403375047 ], [ -60.514379791681613, -31.789777782066572 ], [ -60.514317851843792, -31.789706908928913 ], [ -60.514263673318816, -31.789629939892254 ], [ -60.514225713917298, -31.789601482370216 ], [ -60.514194494293598, -31.789565760082816 ], [ -60.514113685003203, -31.789517496185908 ], [ -60.514038373423645, -31.789461036367015 ], [ -60.513993478029562, -31.789445701755412 ], [ -60.51395274760911, -31.789421375235477 ], [ -60.513860979042541, -31.789400444985858 ], [ -60.51377190643052, -31.789370021065146 ], [ -60.513724469717836, -31.789369310422597 ], [ -60.513678215477981, -31.789358760919402 ], [ -60.513584470581911, -31.789367213115735 ], [ -60.513490355985297, -31.789365803198539 ], [ -60.512131076290778, -31.789560267367335 ], [ -60.512104750174188, -31.789568387328863 ], [ -60.512077229092895, -31.789569647596458 ], [ -60.511970733958663, -31.789609722955046 ], [ -60.511862002512729, -31.789643259810159 ], [ -60.511839474094103, -31.789659117569904 ], [ -60.511813689434504, -31.789668820637438 ], [ -60.511762137888653, -31.789710005971397 ], [ -60.511738625116259, -31.789701974465565 ], [ -60.511715617277019, -31.789686815884743 ], [ -60.511605907993506, -31.789656640877194 ], [ -60.511498232964328, -31.789619861181031 ], [ -60.511470683507888, -31.789619448036774 ], [ -60.511444117493362, -31.789612141183031 ], [ -60.511368768174592, -31.789615590902198 ], [ -60.51126129925224, -31.789109080431182 ], [ -60.511202883915615, -31.788934907627656 ], [ -60.511181853082526, -31.788835785810868 ], [ -60.511130633624468, -31.788460909402488 ], [ -60.511120487800071, -31.788427262713181 ], [ -60.511118511015155, -31.78839217530988 ], [ -60.511008174384635, -31.787882905633463 ], [ -60.511006813436708, -31.787876728999532 ], [ -60.510616077830122, -31.78613257110414 ], [ -60.510456402517811, -31.785395526950648 ], [ -60.510338323618214, -31.784850500419644 ], [ -60.5101078964218, -31.783754330887948 ], [ -60.510066439276265, -31.783502394152389 ], [ -60.510059326636046, -31.783480943409 ], [ -60.510058066253478, -31.783458379378349 ], [ -60.50964042011892, -31.781515232308319 ], [ -60.509816772185836, -31.781485369517231 ], [ -60.510007472416824, -31.78161608721862 ], [ -60.510277557525619, -31.781695726892224 ], [ -60.510538785106917, -31.781688563122273 ], [ -60.510620309465708, -31.781793096963476 ], [ -60.510853614410529, -31.781950758773448 ], [ -60.511124220777234, -31.782028608872373 ], [ -60.511405639729219, -31.782019026750149 ], [ -60.511670324018702, -31.781922950371669 ], [ -60.511892364503268, -31.781749784362258 ], [ -60.51205002631324, -31.781516479417437 ], [ -60.512099563458946, -31.781344288666215 ], [ -60.512251739664755, -31.781232067143868 ], [ -60.512415628186822, -31.781003093355114 ], [ -60.512500738641698, -31.780734682002759 ], [ -60.512498739825041, -31.780453107060097 ], [ -60.512409827394968, -31.780185931044372 ], [ -60.51233231455263, -31.780080820990591 ], [ -60.512343949964638, -31.780044126720316 ], [ -60.512341951424347, -31.779762551775697 ], [ -60.512253039256493, -31.779495375672703 ], [ -60.512151272193918, -31.779357375786802 ], [ -60.512172691296364, -31.779289827105249 ], [ -60.512172200266733, -31.779220640098213 ], [ -60.512341103410037, -31.779193739720419 ], [ -60.512397979275441, -31.779271683706199 ], [ -60.512378096918127, -31.779333307091385 ], [ -60.512378677150238, -31.779614888530638 ], [ -60.512466242433803, -31.779882509091724 ] ], [ [ -60.516539686613122, -31.784352693757892 ], [ -60.516418722139207, -31.784370442662052 ], [ -60.516232662456879, -31.784397744142471 ], [ -60.516225406464294, -31.784398839087132 ], [ -60.516014949825177, -31.78443147550319 ], [ -60.515877990107043, -31.784262263987785 ], [ -60.515743388874448, -31.784174808468507 ], [ -60.515799145671558, -31.78396067749669 ], [ -60.515782421299974, -31.783679592564688 ], [ -60.515750959012088, -31.783536553956832 ], [ -60.516967856081962, -31.78333801694691 ], [ -60.516806474034979, -31.784087387525538 ], [ -60.516745194196517, -31.784323898197741 ], [ -60.516545539200031, -31.784351854646552 ], [ -60.516539686613122, -31.784352693757892 ] ], [ [ -60.51617147012324, -31.765477544416392 ], [ -60.516134909766954, -31.765487205077221 ], [ -60.516132894542729, -31.765487801635395 ], [ -60.516081918096759, -31.765504560288356 ], [ -60.516079954443782, -31.765505271382409 ], [ -60.516029391482952, -31.765525329988129 ], [ -60.516027488308168, -31.765526152392557 ], [ -60.515977471619493, -31.765549612850538 ], [ -60.515975637555499, -31.765550542835008 ], [ -60.515926329833022, -31.765577512395748 ], [ -60.515924573198951, -31.765578545741985 ], [ -60.51587617119781, -31.765609131378639 ], [ -60.515874499961591, -31.765610263399434 ], [ -60.515827237960998, -31.765644564895645 ], [ -60.515825659703204, -31.765645790456293 ], [ -60.515779812225119, -31.765683891916677 ], [ -60.515778334104553, -31.765685205458134 ], [ -60.51573421699274, -31.765727165517333 ], [ -60.51573284571402, -31.765728561081531 ], [ -60.515690815354709, -31.765774401754083 ], [ -60.515689557137861, -31.765775873010867 ], [ -60.515681213663974, -31.765789468598253 ], [ -60.515669448090719, -31.765800240080996 ], [ -60.51524325486848, -31.766335546680477 ], [ -60.515235092598651, -31.766349958396933 ], [ -60.515223292078801, -31.766361580270882 ], [ -60.515222122966172, -31.766363163874928 ], [ -60.515184556857278, -31.766418201928264 ], [ -60.515183518742653, -31.766419850820409 ], [ -60.515149507438224, -31.766478688844767 ], [ -60.51514860529322, -31.766480395128294 ], [ -60.515118637235005, -31.766542766928492 ], [ -60.515117875380106, -31.766544522431868 ], [ -60.515092425368223, -31.766610064083395 ], [ -60.515091807452002, -31.766611860399344 ], [ -60.515071313746638, -31.766680109334967 ], [ -60.515070842728399, -31.766681937860778 ], [ -60.515063528188215, -31.766715906291136 ], [ -60.51469099951246, -31.766777022379127 ], [ -60.514698168521214, -31.766772816790688 ], [ -60.514698747133622, -31.766772452095807 ], [ -60.514747168760486, -31.766739687611526 ], [ -60.514747716969936, -31.766739290109225 ], [ -60.514794838320817, -31.76670267927916 ], [ -60.514795353583644, -31.766702250813889 ], [ -60.514840869332197, -31.766661718425471 ], [ -60.514841349257537, -31.766661260985281 ], [ -60.514884910777099, -31.76661676439932 ], [ -60.514885353138098, -31.766616280106749 ], [ -60.514926570978567, -31.766567821347731 ], [ -60.514926973722638, -31.766567312449947 ], [ -60.514965422882959, -31.766514951119355 ], [ -60.514965784141395, -31.766514419977629 ], [ -60.51500092504299, -31.766458426063231 ], [ -60.516071343672088, -31.765145369150424 ], [ -60.516093839655944, -31.765262627033444 ], [ -60.516105084484217, -31.765293757968863 ], [ -60.516108570167255, -31.765326673486733 ], [ -60.51615270334058, -31.765425589198866 ], [ -60.51617147012324, -31.765477544416392 ] ], [ [ -60.510346524054903, -31.765477241325399 ], [ -60.510347789855423, -31.765478742151586 ], [ -60.51039024915022, -31.765525636570732 ], [ -60.510391632033631, -31.765527059988319 ], [ -60.510436274524452, -31.765569955112259 ], [ -60.510437768025668, -31.765571294466632 ], [ -60.510460165235017, -31.76559005877111 ], [ -60.510432214853019, -31.765651568652402 ], [ -60.510431740527451, -31.765652727463728 ], [ -60.510407943094989, -31.765717932140319 ], [ -60.510407562133423, -31.765719115833335 ], [ -60.510388657940219, -31.765786811659677 ], [ -60.510388372107535, -31.765788014750818 ], [ -60.510374703115644, -31.765857653286492 ], [ -60.510374513736011, -31.765858870202322 ], [ -60.510366339227289, -31.765929832449817 ], [ -60.510366247177991, -31.765931057552898 ], [ -60.510364132790166, -31.765991146843632 ], [ -60.510365289965094, -31.765947632070485 ], [ -60.510365274434292, -31.76594641828661 ], [ -60.510361582059524, -31.765875685435777 ], [ -60.510361471004273, -31.765874475293149 ], [ -60.510352274001733, -31.765804521065437 ], [ -60.510352067925034, -31.765803320045109 ], [ -60.510345456506997, -31.765768838127748 ], [ -60.510256336090613, -31.765348534608219 ], [ -60.510267688698626, -31.765368447066262 ], [ -60.510268703155148, -31.765370081330971 ], [ -60.510305520020431, -31.765424809448049 ], [ -60.510306662820291, -31.76542638066632 ], [ -60.510346524054903, -31.765477241325399 ] ], [ [ -60.505117743943295, -31.728921013940962 ], [ -60.505168108960802, -31.728956704373932 ], [ -60.505324602940775, -31.729242663776503 ], [ -60.505506010840143, -31.729666650202208 ], [ -60.505539400500098, -31.729719745489611 ], [ -60.505563024186479, -31.72977784798849 ], [ -60.505613892295074, -31.729838200222886 ], [ -60.505633736193069, -31.729869755424968 ], [ -60.504545563918988, -31.730043401012061 ], [ -60.504607565337942, -31.729849182862548 ], [ -60.504606185686562, -31.729581267669023 ], [ -60.504650452954735, -31.729566395458775 ], [ -60.50487659835315, -31.729398625668956 ], [ -60.505039831691747, -31.7291691843458 ], [ -60.505117743943295, -31.728921013940962 ] ], [ [ -60.503425437773039, -31.732864501251541 ], [ -60.503478195518568, -31.732865537119782 ], [ -60.503479642737283, -31.732865523098976 ], [ -60.503532392602438, -31.732863463763941 ], [ -60.503533835293382, -31.732863364999531 ], [ -60.503586528152269, -31.732858196721875 ], [ -60.503587959530037, -31.732858013678445 ], [ -60.503600850034921, -31.732854247311447 ], [ -60.503614279503097, -31.732854251986176 ], [ -60.505950260876524, -31.732485102378899 ], [ -60.506176136387488, -31.733519017807474 ], [ -60.503607314677581, -31.733938111824926 ], [ -60.503603203483429, -31.733908687328601 ], [ -60.503602982338123, -31.733907463571981 ], [ -60.503597031856344, -31.733890417684968 ], [ -60.503595923129531, -31.73387239710722 ], [ -60.503394044854772, -31.732963338866742 ], [ -60.503387543567939, -31.73294685187491 ], [ -60.503385766123778, -31.732929218715139 ], [ -60.503385452380506, -31.732928027544911 ], [ -60.503365124120677, -31.732861425241559 ], [ -60.503364716801734, -31.732860254941865 ], [ -60.503364375307598, -31.732859382577729 ], [ -60.503369839610201, -31.73286013720314 ], [ -60.503371275475018, -31.732860292468395 ], [ -60.503423992833284, -31.732864430462854 ], [ -60.503425437773039, -31.732864501251541 ] ], [ [ -60.502836548247807, -31.763680689264653 ], [ -60.502704171093256, -31.763703638610753 ], [ -60.50268636509508, -31.763618785028896 ], [ -60.503761987714874, -31.763447342611453 ], [ -60.503789560236704, -31.76351812247475 ], [ -60.50379476846657, -31.763524489414653 ], [ -60.502845526116133, -31.763679179563379 ], [ -60.502836548247807, -31.763680689264653 ] ], [ [ -60.502206225534032, -31.767188017037071 ], [ -60.502042224015717, -31.767416909906316 ], [ -60.501956981089521, -31.767685279217407 ], [ -60.501958840926996, -31.767966855112338 ], [ -60.502047621474283, -31.768234074980658 ], [ -60.502175344719731, -31.768407451134095 ], [ -60.502176994903273, -31.768534602090824 ], [ -60.502267476471168, -31.768801250791316 ], [ -60.502287304311018, -31.768827809723888 ], [ -60.501916797108741, -31.768889046651996 ], [ -60.501824787993279, -31.768670925439039 ], [ -60.501640531511825, -31.768457998238702 ], [ -60.501399495061001, -31.768312430821414 ], [ -60.501125272968004, -31.768248472340215 ], [ -60.500844708001928, -31.768272383496861 ], [ -60.500707565583205, -31.768330233682402 ], [ -60.500512908722982, -31.767435395276937 ], [ -60.500540657255783, -31.76738425637377 ], [ -60.500540937666791, -31.767383689959633 ], [ -60.50056900035549, -31.767321115906949 ], [ -60.500569234929074, -31.767320534482362 ], [ -60.500575919072773, -31.767301922844275 ], [ -60.501098651891176, -31.767206460249305 ], [ -60.501111210187112, -31.767202050229894 ], [ -60.501124501727574, -31.767201347363446 ], [ -60.501125886048861, -31.767201052434391 ], [ -60.50117742386395, -31.767188473694695 ], [ -60.501178781708184, -31.767188099559139 ], [ -60.501230041156489, -31.767172318055163 ], [ -60.501231366322394, -31.767171866421787 ], [ -60.50128224622334, -31.767152792945613 ], [ -60.50128353265886, -31.767152265877066 ], [ -60.501333907470759, -31.767129800149707 ], [ -60.501335149300701, -31.767129200053095 ], [ -60.501384864482084, -31.767103234882111 ], [ -60.501386056035017, -31.767102564498096 ], [ -60.501434923857317, -31.767072991024559 ], [ -60.501436059691393, -31.767072253414788 ], [ -60.501483855330861, -31.767038967794051 ], [ -60.501484930258712, -31.76703816632719 ], [ -60.501531388803329, -31.767001077847574 ], [ -60.501532397915753, -31.767000216183966 ], [ -60.501571764528791, -31.766964236308237 ], [ -60.501703270100172, -31.766997505088135 ], [ -60.501984232103524, -31.766978828999822 ], [ -60.502245671618965, -31.766874244950522 ], [ -60.502317085807789, -31.766814738626465 ], [ -60.5025223959031, -31.766879390263146 ], [ -60.502803966302643, -31.766876830242719 ], [ -60.50338635183072, -31.766779153767864 ], [ -60.503329057454629, -31.766828354187226 ], [ -60.502700151901522, -31.766932225691217 ], [ -60.502432932033201, -31.767021006238505 ], [ -60.502206225534032, -31.767188017037071 ] ], [ [ -60.504767697032406, -31.777535448146928 ], [ -60.505028678935432, -31.777429727335861 ], [ -60.505244217947663, -31.777248533026324 ], [ -60.505393215608834, -31.777009601779795 ], [ -60.505461086989733, -31.776736321851413 ], [ -60.50545778085344, -31.776689654241814 ], [ -60.505464576894902, -31.776622899368121 ], [ -60.505464652402807, -31.776621685082365 ], [ -60.505466260220466, -31.776550698725071 ], [ -60.505466239778002, -31.776549482852737 ], [ -60.505462251405426, -31.776478641184081 ], [ -60.505462135105468, -31.776477429251653 ], [ -60.505458402613378, -31.776449936804845 ], [ -60.506098533106965, -31.776343537545802 ], [ -60.506099873207759, -31.776343090788632 ], [ -60.506101285734687, -31.776343075630582 ], [ -60.506548252869507, -31.776267357822253 ], [ -60.506954977462883, -31.778224472824924 ], [ -60.506163595749932, -31.778355133506363 ], [ -60.505548274710463, -31.77844315451555 ], [ -60.505538916851961, -31.778446040677235 ], [ -60.505529124234862, -31.778446104673733 ], [ -60.504805969313608, -31.778565490680464 ], [ -60.504739216308181, -31.778587663371173 ], [ -60.504669803997352, -31.778599044190582 ], [ -60.504621970265809, -31.778614874196137 ], [ -60.5029410697503, -31.778897208538776 ], [ -60.502608558267085, -31.777411470231996 ], [ -60.502624074477673, -31.77742204549326 ], [ -60.502625215765981, -31.777422770731082 ], [ -60.502674071926741, -31.777451694805894 ], [ -60.50267526778763, -31.777452352754104 ], [ -60.502724934787764, -31.777477707136207 ], [ -60.50272617979369, -31.777478294808656 ], [ -60.502776476875653, -31.777500187633891 ], [ -60.502777765376052, -31.77750070236338 ], [ -60.502828544042067, -31.777519239275509 ], [ -60.502829870188918, -31.77751967872582 ], [ -60.502881009788815, -31.777534957803262 ], [ -60.502882367563288, -31.777535319979979 ], [ -60.502933771065571, -31.777547427924326 ], [ -60.502935154305234, -31.777547711183622 ], [ -60.502986743584785, -31.777556720320625 ], [ -60.50298814601166, -31.777556923376928 ], [ -60.503039857623556, -31.777562889582374 ], [ -60.503041272872622, -31.777563011514072 ], [ -60.503093053633599, -31.777565972729427 ], [ -60.50309447528155, -31.777566012983137 ], [ -60.503146278182761, -31.777565988319374 ], [ -60.50314769977733, -31.777565946712389 ], [ -60.503160568883473, -31.777563520548789 ], [ -60.503173600549914, -31.777564815087249 ], [ -60.504268634036357, -31.777501158697927 ], [ -60.504486818965617, -31.777555346769944 ], [ -60.504767697032406, -31.777535448146928 ] ], [ [ -60.505303172849707, -31.720641719669285 ], [ -60.505280895994503, -31.720393241814794 ], [ -60.505347993337679, -31.720384402033158 ], [ -60.505779334560415, -31.720950851177122 ], [ -60.505377003254395, -31.721014462681438 ], [ -60.505342230874291, -31.720940064443386 ], [ -60.505256057342642, -31.720847817881396 ], [ -60.505303172849707, -31.720641719669285 ] ], [ [ -60.504148141323313, -31.76649402993155 ], [ -60.504149097169794, -31.766493129105164 ], [ -60.504192391870539, -31.766449438349259 ], [ -60.50419327450625, -31.766448484550637 ], [ -60.504234310931658, -31.766400910854937 ], [ -60.504235116345555, -31.766399908418443 ], [ -60.504273485572789, -31.766348503533077 ], [ -60.504274210104782, -31.766347457014184 ], [ -60.504309476727592, -31.766292338688405 ], [ -60.50431011708514, -31.766291252842898 ], [ -60.504341831050716, -31.766232615556287 ], [ -60.504342384323778, -31.766231495318657 ], [ -60.504346625617075, -31.766222025160104 ], [ -60.504422945854962, -31.766616651720902 ], [ -60.504513203191742, -31.7668653636131 ], [ -60.504479715041242, -31.766826366329862 ], [ -60.504239233107398, -31.766679884648081 ], [ -60.50398066816193, -31.766618541762963 ], [ -60.504004987716627, -31.766604371234159 ], [ -60.504006135902429, -31.766603652832018 ], [ -60.504054120505167, -31.766571440678433 ], [ -60.504055209429076, -31.766570657818345 ], [ -60.504101937752615, -31.766534683915857 ], [ -60.504102962466156, -31.766533840155457 ], [ -60.504148141323313, -31.76649402993155 ] ], [ [ -60.504731925148057, -31.740897808726139 ], [ -60.504763313522616, -31.740798978162722 ], [ -60.504832992747609, -31.741119927387711 ], [ -60.50478599750604, -31.74115452794517 ], [ -60.504728147830214, -31.740903080990044 ], [ -60.504731925148057, -31.740897808726139 ] ], [ [ -60.501082234140306, -31.728077959358636 ], [ -60.500968595107743, -31.728161205198507 ], [ -60.500803979200278, -31.728389656608247 ], [ -60.500718015536798, -31.728657795923088 ], [ -60.500719118839626, -31.728939375798653 ], [ -60.500799565376155, -31.729183703186173 ], [ -60.500767295952876, -31.729283206479252 ], [ -60.500767452520172, -31.729564788472796 ], [ -60.500854615045832, -31.729832540480675 ], [ -60.500858142955394, -31.72983739055821 ], [ -60.500743897995115, -31.729725542865175 ], [ -60.500491665296714, -31.729600374540674 ], [ -60.500326007523952, -31.729575934445023 ], [ -60.500304455833145, -31.72947627661614 ], [ -60.500325311122999, -31.729413634534527 ], [ -60.500327345889325, -31.729132059849359 ], [ -60.500242269704188, -31.728863637632834 ], [ -60.500078410417352, -31.728634642921712 ], [ -60.499851807717498, -31.728467491313818 ], [ -60.499584643055719, -31.72837854477315 ], [ -60.49949417675608, -31.728377891029083 ], [ -60.499438029435815, -31.728113387670568 ], [ -60.499337190407317, -31.727850480968613 ], [ -60.499160044153328, -31.727631602810042 ], [ -60.498923930983437, -31.727478178514033 ], [ -60.498785912844191, -31.727441156740017 ], [ -60.499390006051371, -31.727119233013628 ], [ -60.499530748878705, -31.727242815088342 ], [ -60.499781825286313, -31.72739870422344 ], [ -60.500069860087933, -31.7274648611426 ], [ -60.500112726141872, -31.727460382708614 ], [ -60.500172428158187, -31.727626128608513 ], [ -60.50034504720788, -31.727848594577338 ], [ -60.500577963444961, -31.728006830066736 ], [ -60.500848377405326, -31.728085345884512 ], [ -60.501082234140306, -31.728077959358636 ] ], [ [ -60.501020251454548, -31.730060253070814 ], [ -60.501026128804114, -31.730064518224232 ], [ -60.501026196119177, -31.73007759017074 ], [ -60.501009143964943, -31.730044982785454 ], [ -60.501020251454548, -31.730060253070814 ] ], [ [ -60.501352452463316, -31.731008450524701 ], [ -60.501086104771232, -31.730917086688727 ], [ -60.500988572302951, -31.730915497938391 ], [ -60.501081492249753, -31.730728250493726 ], [ -60.501122590210059, -31.73044968380286 ], [ -60.501118517753454, -31.730425625110858 ], [ -60.501266634027914, -31.730627297524041 ], [ -60.501267569967183, -31.730727066292559 ], [ -60.501357091921392, -31.730994038694345 ], [ -60.501387031786763, -31.731034444793579 ], [ -60.501352452463316, -31.731008450524701 ] ], [ [ -60.490825898952835, -31.712790421653136 ], [ -60.490827283461428, -31.712790092956872 ], [ -60.490879144131696, -31.712776133733328 ], [ -60.490880499259035, -31.712775725243681 ], [ -60.490932035636028, -31.712758476341858 ], [ -60.490933355097141, -31.712757989953339 ], [ -60.490984453511054, -31.712737355614337 ], [ -60.490985731186356, -31.712736793582813 ], [ -60.491036250985175, -31.712712668341624 ], [ -60.49103748094894, -31.712712033273725 ], [ -60.491076674635337, -31.712690198239873 ], [ -60.491763529727002, -31.712596681352803 ], [ -60.49203315997967, -31.712515515039286 ], [ -60.492264511818206, -31.712355000957643 ], [ -60.492434938912744, -31.712130851344551 ], [ -60.492527758671827, -31.711865007525876 ], [ -60.492530391388406, -31.711744034594975 ], [ -60.492549423975156, -31.711741464202266 ], [ -60.492619921550009, -31.712098353968607 ], [ -60.492623866277341, -31.712109090474808 ], [ -60.492624587516801, -31.712120505957841 ], [ -60.492708993524758, -31.712497647090103 ], [ -60.492714613599162, -31.712511830791396 ], [ -60.49271608613779, -31.71252701612142 ], [ -60.492744957591995, -31.7126383433406 ], [ -60.492744957804824, -31.71263834382917 ], [ -60.49274495785626, -31.71263834435959 ], [ -60.492819122178688, -31.71292431776352 ], [ -60.492884875205945, -31.713258164073924 ], [ -60.492907670960157, -31.713320314746355 ], [ -60.492919790396762, -31.713385395248473 ], [ -60.493005874145275, -31.713627830289891 ], [ -60.493028410428508, -31.713719977304681 ], [ -60.49304161343612, -31.7138227790816 ], [ -60.493056811958489, -31.71387469164139 ], [ -60.493061693050699, -31.713928562634379 ], [ -60.493151462594732, -31.714283921288676 ], [ -60.493156354006103, -31.71429534632469 ], [ -60.493157813362885, -31.714307688432747 ], [ -60.493222448245078, -31.714536966573554 ], [ -60.493519003021596, -31.715818579410882 ], [ -60.493452077218656, -31.715913665120077 ], [ -60.493369094336778, -31.7161827418469 ], [ -60.493373322207603, -31.716464292142067 ], [ -60.493464346977682, -31.716730755901018 ], [ -60.493633258508311, -31.716956049794462 ], [ -60.493807337040352, -31.717078574468573 ], [ -60.494121312971309, -31.718657366714453 ], [ -60.494120744026134, -31.718680562366352 ], [ -60.494120780330093, -31.71868280647001 ], [ -60.494124938500775, -31.718755874934374 ], [ -60.494125157292814, -31.718758111446721 ], [ -60.494135183590302, -31.718830295766796 ], [ -60.494135583810959, -31.718832513858139 ], [ -60.494151275290115, -31.71890311380352 ], [ -60.494151855001498, -31.718905302733361 ], [ -60.494155990053009, -31.718918734359189 ], [ -60.493697349679145, -31.718992517758423 ], [ -60.493655306084989, -31.719006291493091 ], [ -60.493611285749822, -31.719010717515737 ], [ -60.493566881886373, -31.719022401038533 ], [ -60.493514207578706, -31.719037994256965 ], [ -60.493470857645733, -31.719052279902542 ], [ -60.493418566080251, -31.719071323814802 ], [ -60.493376478499556, -31.719088142899512 ], [ -60.493324701341336, -31.719110743633671 ], [ -60.493284078465848, -31.719130015293338 ], [ -60.493232978660828, -31.719156287294698 ], [ -60.493194015801677, -31.719177918873388 ], [ -60.493143792492944, -31.719207979069935 ], [ -60.493127625046981, -31.719218384417111 ], [ -60.492999597783282, -31.718997083136653 ], [ -60.492790176387501, -31.718808851570248 ], [ -60.492532838051496, -31.718694547482727 ], [ -60.492252772844573, -31.718665359754581 ], [ -60.492079896993637, -31.718702264144923 ], [ -60.492077964717787, -31.718668966579656 ], [ -60.492078207158407, -31.718667868253199 ], [ -60.492077447501387, -31.718660053749264 ], [ -60.492065246733972, -31.718449806413364 ], [ -60.492059106101095, -31.718421692863419 ], [ -60.492052674229768, -31.718405213968762 ], [ -60.492050962668564, -31.718387607336595 ], [ -60.492050499545655, -31.71838582329837 ], [ -60.492030448791695, -31.718319267150655 ], [ -60.49202984583215, -31.718317513905962 ], [ -60.492005076280549, -31.718253531899109 ], [ -60.492004336235233, -31.718251817446784 ], [ -60.491975253665885, -31.718190840257968 ], [ -60.491974379911156, -31.718189172419859 ], [ -60.491941423711822, -31.718131541486549 ], [ -60.491940420233981, -31.718129927871857 ], [ -60.491904043237128, -31.718075896190115 ], [ -60.491902914614371, -31.718074344160616 ], [ -60.491865706718201, -31.718026817132561 ], [ -60.491903036951165, -31.717916975407469 ], [ -60.491906823846314, -31.717635418835844 ], [ -60.491823419632112, -31.717366472408731 ], [ -60.491758468884534, -31.717274499174717 ], [ -60.491829961060745, -31.717174498215741 ], [ -60.49191492281377, -31.716906039756896 ], [ -60.491912768016554, -31.716624465964703 ], [ -60.491823707595657, -31.716357339243778 ], [ -60.491656459405604, -31.71613080781875 ], [ -60.491427394864523, -31.715967046163833 ], [ -60.491158936405675, -31.715882084410811 ], [ -60.490877362613482, -31.71588423920803 ], [ -60.489571630898375, -31.716101302251243 ], [ -60.488978466683427, -31.713063017587181 ], [ -60.490746277092462, -31.712805617253665 ], [ -60.490759036683954, -31.712801646923438 ], [ -60.49077239780928, -31.712801421038318 ], [ -60.490773805277897, -31.712801173659923 ], [ -60.490825898952835, -31.712790421653136 ] ], [ [ -60.486761906468701, -31.713975436498963 ], [ -60.48661677956629, -31.714090674876726 ], [ -60.486447576515964, -31.713978472522836 ], [ -60.486176300278629, -31.713902989765476 ], [ -60.485894975790586, -31.713915030364728 ], [ -60.485725900276691, -31.713978079498222 ], [ -60.485478043239226, -31.713909111205233 ], [ -60.485196718663701, -31.713921149760292 ], [ -60.484951892085853, -31.714012444830917 ], [ -60.484942887621607, -31.714006473564876 ], [ -60.484671612566132, -31.713930986560186 ], [ -60.484390287889603, -31.713943022754773 ], [ -60.48412645161148, -31.71404140396205 ], [ -60.484021409331497, -31.714124808349343 ], [ -60.483902117632837, -31.714045698788222 ], [ -60.483630843394728, -31.713970208846252 ], [ -60.483349518587893, -31.713982241994735 ], [ -60.483234964190281, -31.714024956466233 ], [ -60.482707618375905, -31.711539644869415 ], [ -60.483215889456801, -31.711459590515911 ], [ -60.483871272239838, -31.71137079910784 ], [ -60.483869476060192, -31.711375829657943 ], [ -60.48386137151661, -31.71165729503765 ], [ -60.483940641223285, -31.711927488962832 ], [ -60.484099525709027, -31.71215996296954 ], [ -60.484322472253346, -31.712331960882253 ], [ -60.48458765729513, -31.712426646346891 ], [ -60.484869122674844, -31.712434750890473 ], [ -60.484896339399732, -31.712431239878065 ], [ -60.484891081323816, -31.712446591858857 ], [ -60.484886626941062, -31.712728138661497 ], [ -60.484969393318053, -31.712997282062759 ], [ -60.485131278705133, -31.713227676431291 ], [ -60.485356436632692, -31.713396769161054 ], [ -60.485622827074017, -31.713488008277523 ], [ -60.485904373876657, -31.71349246266027 ], [ -60.487065490754048, -31.71332734372848 ], [ -60.487078190139556, -31.713323438441844 ], [ -60.487091475241122, -31.713323260314766 ], [ -60.487093577335742, -31.713322898422209 ], [ -60.487145414736247, -31.713312397226609 ], [ -60.487147483340202, -31.713311914485899 ], [ -60.487190834572615, -31.713300431830216 ], [ -60.487301105810054, -31.713865259244212 ], [ -60.487025740049049, -31.713877048057132 ], [ -60.486761906468701, -31.713975436498963 ] ], [ [ -60.483862883812115, -31.716835734187228 ], [ -60.487080856376444, -31.716518978790123 ], [ -60.486828330518215, -31.716558314631463 ], [ -60.483901758442691, -31.717006192752315 ], [ -60.483862883812115, -31.716835734187228 ] ], [ [ -60.488396862980331, -31.719041385379491 ], [ -60.488403068888893, -31.719058199391608 ], [ -60.488404481115566, -31.719076066398216 ], [ -60.488404916198043, -31.719077875958614 ], [ -60.488424054330707, -31.719145678311737 ], [ -60.488424632866355, -31.719147458274101 ], [ -60.488448678128982, -31.719212739159087 ], [ -60.488449397420396, -31.719214481224405 ], [ -60.488477941009606, -31.719276776384628 ], [ -60.488478797703124, -31.719278472430595 ], [ -60.488511391068386, -31.71933741012305 ], [ -60.488512381169741, -31.719339052241899 ], [ -60.48854855767749, -31.719394353688603 ], [ -60.488549676570344, -31.719395934224032 ], [ -60.488588970939475, -31.71944740873376 ], [ -60.488590213407051, -31.719448920316594 ], [ -60.488608161254263, -31.719469251118472 ], [ -60.488599472771966, -31.719510764888572 ], [ -60.488599162007731, -31.719512615890299 ], [ -60.488590052039392, -31.719584488814146 ], [ -60.488589891598984, -31.719586353743527 ], [ -60.488586590679397, -31.719658995928416 ], [ -60.48858658132928, -31.719660865876364 ], [ -60.48858915684788, -31.719733553195287 ], [ -60.488589298632718, -31.719735419228819 ], [ -60.488597697956742, -31.719807425736011 ], [ -60.488597990199224, -31.719809278940755 ], [ -60.488603607647157, -31.71982660727674 ], [ -60.488604325751318, -31.719844809234896 ], [ -60.488859603561679, -31.721127093977977 ], [ -60.488865718034418, -31.721143659733499 ], [ -60.488032518905548, -31.721277335398611 ], [ -60.4870102381389, -31.721433200119655 ], [ -60.48702458406008, -31.721378610884113 ], [ -60.487060343437157, -31.72126698642181 ], [ -60.487060243913291, -31.721242917671983 ], [ -60.487066361457366, -31.721219639135153 ], [ -60.487059663777451, -31.721102618219469 ], [ -60.487059179110197, -31.720985406791964 ], [ -60.487051646804645, -31.720962546805172 ], [ -60.487050271471318, -31.720938517175941 ], [ -60.48691445197057, -31.720314323244661 ], [ -60.486871919741816, -31.720205097113116 ], [ -60.4868352370681, -31.720093770028605 ], [ -60.486821010685198, -31.720074358624263 ], [ -60.486812278021603, -31.720051932452609 ], [ -60.486738074737396, -31.719961195409923 ], [ -60.486668785480489, -31.719866652630362 ], [ -60.486649256932516, -31.719852587481864 ], [ -60.486634021607728, -31.719833957466623 ], [ -60.48653541080256, -31.719770591486778 ], [ -60.486440297477678, -31.719702087518105 ], [ -60.486417378354936, -31.719694745420167 ], [ -60.486397131708721, -31.719681735197057 ], [ -60.486283766095291, -31.719651942983646 ], [ -60.486172139057338, -31.719616183471622 ], [ -60.486148072843278, -31.719616283119958 ], [ -60.486124796758411, -31.719610166220249 ], [ -60.486007773352746, -31.719616864042681 ], [ -60.485890559434026, -31.719617349377508 ], [ -60.485128750541683, -31.719741243641632 ], [ -60.484529136028051, -31.719838756184362 ], [ -60.484293253322129, -31.718767235675237 ], [ -60.487101816053062, -31.718337417524253 ], [ -60.487102973603974, -31.718337048081484 ], [ -60.487104188676987, -31.718337051182257 ], [ -60.488221989457408, -31.718162931848674 ], [ -60.488396862980331, -31.719041385379491 ] ], [ [ -60.490085370008018, -31.722771434917707 ], [ -60.490116861029229, -31.722766964282822 ], [ -60.490129654165948, -31.722763033481989 ], [ -60.490143036372757, -31.72276285435721 ], [ -60.490145154640054, -31.72276248972998 ], [ -60.490197380168901, -31.722751899111604 ], [ -60.490199464395744, -31.722751411802232 ], [ -60.490251460948876, -31.722737603260867 ], [ -60.490253501422103, -31.722736995540313 ], [ -60.490305178218847, -31.722719886792323 ], [ -60.490307165429201, -31.722719161492769 ], [ -60.490358409440795, -31.722698656611001 ], [ -60.490360334127224, -31.722697817112568 ], [ -60.490411005240851, -31.722673810160057 ], [ -60.490412858433693, -31.722672860375109 ], [ -60.490462784837376, -31.722645240131996 ], [ -60.490464557900175, -31.7226441844868 ], [ -60.490467454538901, -31.722642330595257 ], [ -60.492572878658137, -31.722344079092061 ], [ -60.492585650758443, -31.722340158957643 ], [ -60.492599009788499, -31.722339984845483 ], [ -60.49260112389247, -31.722339621700943 ], [ -60.492653244277342, -31.72232907487016 ], [ -60.492655324548295, -31.722328589530271 ], [ -60.492707217491692, -31.72231483849901 ], [ -60.492709254274445, -31.722314233216412 ], [ -60.492760829770816, -31.722297196333216 ], [ -60.492762813612039, -31.722296473917204 ], [ -60.492813959588553, -31.722276055977048 ], [ -60.49281588128067, -31.722275219780538 ], [ -60.492866458857442, -31.722251315602364 ], [ -60.492868309481267, -31.722250369506447 ], [ -60.492918148412613, -31.722222868589594 ], [ -60.492919919378842, -31.722221816985357 ], [ -60.49296881363798, -31.722190609549404 ], [ -60.492970496727047, -31.722189457317683 ], [ -60.493018200903492, -31.722154441707005 ], [ -60.493019788303641, -31.722153194195627 ], [ -60.493066014853831, -31.722114285954756 ], [ -60.49306749919748, -31.722112948953832 ], [ -60.493085331683822, -31.722095743002331 ], [ -60.493123679610804, -31.722116772512173 ], [ -60.493125236447959, -31.722117562856145 ], [ -60.493176232758223, -31.722141475085063 ], [ -60.493177849364116, -31.722142172268622 ], [ -60.493229414641192, -31.722162550529703 ], [ -60.49323108339744, -31.722163151267281 ], [ -60.493283077215168, -31.722180102698633 ], [ -60.49328479025764, -31.722180604159245 ], [ -60.493337099552775, -31.722194225369901 ], [ -60.493338848808655, -31.722194625190369 ], [ -60.49339138289276, -31.722204998594556 ], [ -60.493393160118536, -31.722205294890713 ], [ -60.493445845892687, -31.722212486059831 ], [ -60.493447642713058, -31.722212677435326 ], [ -60.493500419811767, -31.722216733211926 ], [ -60.493502227759123, -31.722216818764927 ], [ -60.493555044042324, -31.722217766069988 ], [ -60.493556854596548, -31.722217745397298 ], [ -60.493609661501168, -31.722215590568567 ], [ -60.493611466129934, -31.722215463767618 ], [ -60.493664214250231, -31.722210192414384 ], [ -60.493666004449054, -31.722209960082722 ], [ -60.493678902333855, -31.722206165372778 ], [ -60.493692346842685, -31.722206144470743 ], [ -60.494832880737782, -31.722023683543199 ], [ -60.495001126844606, -31.722776976733826 ], [ -60.494801156795432, -31.722809441311647 ], [ -60.49479697211742, -31.722810818892402 ], [ -60.494792566927252, -31.722810878544131 ], [ -60.493428769933736, -31.723045854225024 ], [ -60.49331779042452, -31.72305865994921 ], [ -60.493312080429114, -31.723057547516017 ], [ -60.493311363572744, -31.723057430035389 ], [ -60.493258265272246, -31.723050343637624 ], [ -60.493257540628463, -31.723050268800808 ], [ -60.493204352660221, -31.723046364387535 ], [ -60.493203623697035, -31.723046332552684 ], [ -60.493150399069634, -31.72304558378157 ], [ -60.493149669275738, -31.723045595101048 ], [ -60.493096457554039, -31.723047996885086 ], [ -60.493095730422077, -31.72304805130474 ], [ -60.493042582481714, -31.723053619921153 ], [ -60.493041861491612, -31.723053717180498 ], [ -60.49302888188631, -31.723057606964286 ], [ -60.493015332272243, -31.723057699321242 ], [ -60.492051535637358, -31.723217091224402 ], [ -60.492038967474457, -31.723221269789608 ], [ -60.492025731444123, -31.723221745845546 ], [ -60.492024345269989, -31.7232220167935 ], [ -60.491972871119252, -31.723233654685419 ], [ -60.491971509440766, -31.723234004811452 ], [ -60.491920288669952, -31.723248805731306 ], [ -60.49191895767013, -31.723249233445593 ], [ -60.491868084753555, -31.723267281662729 ], [ -60.491866790476102, -31.723267785023157 ], [ -60.49181638269436, -31.723289176636978 ], [ -60.491815131016196, -31.723289753357928 ], [ -60.49176533286132, -31.723314592576536 ], [ -60.491764129465977, -31.723315240039259 ], [ -60.491715116953294, -31.723343634334547 ], [ -60.491713967305039, -31.723344349599135 ], [ -60.491665951974142, -31.723376403536189 ], [ -60.491664861293202, -31.723377183354806 ], [ -60.491618093356486, -31.723412991095302 ], [ -60.491617066595332, -31.723413831927012 ], [ -60.491613539495084, -31.723416922853776 ], [ -60.491597898224541, -31.723410763004399 ], [ -60.491596551948213, -31.723410280511175 ], [ -60.491544146839196, -31.723393290103687 ], [ -60.491542764756332, -31.723392888323051 ], [ -60.491490042544271, -31.723379276983703 ], [ -60.491488631269235, -31.72337895783852 ], [ -60.491435684034045, -31.723368641764054 ], [ -60.491434250320935, -31.723368406781695 ], [ -60.491381152215865, -31.723361319634716 ], [ -60.491379702926174, -31.723361169939775 ], [ -60.491326515150881, -31.723357264766662 ], [ -60.491325057220635, -31.723357201075537 ], [ -60.491271832775695, -31.723356451527334 ], [ -60.491270373182267, -31.723356474144857 ], [ -60.491217161679764, -31.723358875125456 ], [ -60.4912157074085, -31.723358983943342 ], [ -60.491162559595942, -31.723364551732704 ], [ -60.491161117606701, -31.723364746230207 ], [ -60.491148137701884, -31.723368635887869 ], [ -60.491134587835745, -31.72336872804723 ], [ -60.490341958172628, -31.723499800518329 ], [ -60.490329389702175, -31.723503978980485 ], [ -60.490316153406013, -31.723504454858617 ], [ -60.490314767222451, -31.723504725788068 ], [ -60.49026329316932, -31.723516362884887 ], [ -60.490261931480035, -31.723516712992737 ], [ -60.49021071074791, -31.723531513091967 ], [ -60.490209379735965, -31.723531940788515 ], [ -60.49015850683034, -31.723549988148495 ], [ -60.490157212539501, -31.723550491491686 ], [ -60.490106804736527, -31.723571882207562 ], [ -60.490105553043762, -31.723572458911825 ], [ -60.49005575477161, -31.723597297218888 ], [ -60.490054551360529, -31.723597944665613 ], [ -60.490005538686937, -31.723626338009744 ], [ -60.490004389021891, -31.723627053259037 ], [ -60.489956373440755, -31.723659106230031 ], [ -60.489955282742017, -31.723659886034167 ], [ -60.489908514463707, -31.723695692798394 ], [ -60.489907487683851, -31.72369653361649 ], [ -60.489862257717682, -31.723736168924297 ], [ -60.489861299519021, -31.723737066938433 ], [ -60.489817940088471, -31.723780575766625 ], [ -60.489817054821927, -31.723781526899181 ], [ -60.489775937582088, -31.723828912932444 ], [ -60.489775129267386, -31.723829912864613 ], [ -60.489736660614987, -31.723881126425976 ], [ -60.489735932922471, -31.723882170617316 ], [ -60.489700545981023, -31.723937096755311 ], [ -60.489699902214937, -31.723938180464458 ], [ -60.489668045180643, -31.723996628246816 ], [ -60.489667488264146, -31.723997746552985 ], [ -60.489639609123209, -31.724059440881781 ], [ -60.489639141585116, -31.724060588707015 ], [ -60.489615669711142, -31.724125166063313 ], [ -60.48961529367439, -31.724126338195699 ], [ -60.489596619412922, -31.72419334749247 ], [ -60.489596336585009, -31.72419453860967 ], [ -60.48958279039239, -31.72426344805692 ], [ -60.489582602057567, -31.724264652750406 ], [ -60.489574435154992, -31.724334863077466 ], [ -60.489574342168432, -31.72433607587708 ], [ -60.489571710836138, -31.724406939337044 ], [ -60.489571713620066, -31.724408154735787 ], [ -60.48957466899698, -31.724478998529836 ], [ -60.489574767538748, -31.724480211008959 ], [ -60.489583252216121, -31.724550363124258 ], [ -60.489583446068295, -31.724551567178182 ], [ -60.489588976311921, -31.724568440982306 ], [ -60.489589715494283, -31.724586182528743 ], [ -60.489632105843498, -31.7247966847237 ], [ -60.489436127714576, -31.724875657701094 ], [ -60.489402705086057, -31.724903650839043 ], [ -60.489177156847887, -31.724843315210652 ], [ -60.488895966820223, -31.724858168221985 ], [ -60.48863312904502, -31.724959186772395 ], [ -60.488631522738366, -31.724960488632803 ], [ -60.488562619115655, -31.724942055998913 ], [ -60.488281428994597, -31.724956907241982 ], [ -60.488076863975841, -31.72503552788006 ], [ -60.487018067517511, -31.724138177677755 ], [ -60.487095450495161, -31.724082039592435 ], [ -60.487261122037424, -31.723854352562313 ], [ -60.487348325875551, -31.723586614006596 ], [ -60.487348525890283, -31.72330503204056 ], [ -60.487316833243, -31.723207255835671 ], [ -60.488307285689537, -31.723056243903017 ], [ -60.488310660434152, -31.723055168896895 ], [ -60.488314202254202, -31.72305516180851 ], [ -60.490082914948033, -31.722771395494373 ], [ -60.490085370008018, -31.722771434917707 ] ], [ [ -60.4867815055159, -31.728346936214059 ], [ -60.487207716797002, -31.728283864382522 ], [ -60.487437479857753, -31.728250933915714 ], [ -60.487480174907084, -31.728243762794122 ], [ -60.487833082497573, -31.728175722493152 ], [ -60.487972902715001, -31.728153441083091 ], [ -60.488426057650535, -31.728084015763738 ], [ -60.488440812524985, -31.728081629693389 ], [ -60.488589395821471, -31.728056333894148 ], [ -60.488820649329163, -31.728020538789593 ], [ -60.489280437663005, -31.730246947851892 ], [ -60.489300488167608, -31.730495010481839 ], [ -60.489408794462832, -31.73075493006559 ], [ -60.489592119439216, -31.730968659793604 ], [ -60.489824539037151, -31.731110411977514 ], [ -60.489520586413448, -31.731157872073538 ], [ -60.485839685367324, -31.731687276480216 ], [ -60.485836957609223, -31.731688120049753 ], [ -60.485834102481071, -31.73168809730927 ], [ -60.483771717402121, -31.731997929706772 ], [ -60.483754054303368, -31.732000763016419 ], [ -60.481253799531061, -31.732427354468015 ], [ -60.480885096491875, -31.730830469166456 ], [ -60.480536526100344, -31.729171646865151 ], [ -60.482093378507024, -31.729133569100053 ], [ -60.482200381159679, -31.729113928371298 ], [ -60.482308519112699, -31.729102032615359 ], [ -60.482824771962072, -31.72896101870403 ], [ -60.48475334940192, -31.728641465699955 ], [ -60.484756991415274, -31.7286408545617 ], [ -60.485224915976104, -31.728561348358017 ], [ -60.485409661002628, -31.728539939084552 ], [ -60.485420426751482, -31.728536931154093 ], [ -60.485431603170476, -31.72853712260142 ], [ -60.486775301776383, -31.728347832194224 ], [ -60.4867815055159, -31.728346936214059 ] ], [ [ -60.489573145768773, -31.733304948145623 ], [ -60.489655629897868, -31.733574178181186 ], [ -60.48981727362272, -31.73380474216323 ], [ -60.490042254129307, -31.733974070882766 ], [ -60.490308548758101, -31.734065589264937 ], [ -60.490590090735466, -31.734070338852852 ], [ -60.491420884674319, -31.733953082739365 ], [ -60.491577028860078, -31.734677449494562 ], [ -60.491468015195572, -31.734712195536865 ], [ -60.491239285982935, -31.73487642522629 ], [ -60.491072501339801, -31.7351032981564 ], [ -60.4909839873091, -31.735370606424084 ], [ -60.490982408260869, -31.735652184033647 ], [ -60.491067918763349, -31.735920468206807 ], [ -60.49111634638092, -31.735987915273633 ], [ -60.490815244715215, -31.736030263903761 ], [ -60.490757480234805, -31.735715578072654 ], [ -60.490663942423076, -31.735449986052107 ], [ -60.49049291022979, -31.735226297803731 ], [ -60.490261125477673, -31.735066409491804 ], [ -60.49025942985422, -31.735065904054576 ], [ -60.490236618774134, -31.734945248754297 ], [ -60.490141671175152, -31.734680157454839 ], [ -60.489969452925841, -31.734457381068736 ], [ -60.489736821948355, -31.734298726500835 ], [ -60.489466549783607, -31.734219723965655 ], [ -60.48918509255418, -31.734228106781778 ], [ -60.488920001254719, -31.734323054380763 ], [ -60.488697224868616, -31.734495272630078 ], [ -60.488581587731368, -31.734664828291969 ], [ -60.488389311684955, -31.734666147577759 ], [ -60.488190262813291, -31.734732335794234 ], [ -60.488157752698321, -31.734691599189318 ], [ -60.487922696595156, -31.73453656025238 ], [ -60.487651235290244, -31.734461745791634 ], [ -60.487369941307485, -31.734474479167762 ], [ -60.48711503777615, -31.734570249712561 ], [ -60.486957037658556, -31.734467587662628 ], [ -60.4869999513907, -31.734421111922451 ], [ -60.487000600513433, -31.734420356822152 ], [ -60.487041332406918, -31.734369343181992 ], [ -60.487041918811705, -31.734368551489702 ], [ -60.487079581919389, -31.734313556345324 ], [ -60.487080102792795, -31.734312731859358 ], [ -60.487114214772504, -31.734253929283867 ], [ -60.487114667615579, -31.734253075959867 ], [ -60.487144739584657, -31.734190730905681 ], [ -60.487145122224774, -31.73418985283763 ], [ -60.48717067857671, -31.734124328019274 ], [ -60.487170989178104, -31.734123429419849 ], [ -60.487191590483754, -31.734055186319132 ], [ -60.487191827556266, -31.734054271499517 ], [ -60.487207094564234, -31.733983864652359 ], [ -60.487207256970443, -31.733982938001621 ], [ -60.487216893516404, -31.733911001870055 ], [ -60.48721698047715, -31.733910067833932 ], [ -60.487220792773321, -31.733837296487319 ], [ -60.487220803871381, -31.733836359547031 ], [ -60.487218713758047, -31.733763480809976 ], [ -60.487218648940214, -31.733762545460699 ], [ -60.487210699373854, -31.733690291431728 ], [ -60.48721055895107, -31.733689362160945 ], [ -60.487204433233828, -31.73365369410309 ], [ -60.487139957888751, -31.733318786895484 ], [ -60.48959787241742, -31.732965278130536 ], [ -60.489577895356689, -31.733023406168261 ], [ -60.489573145768773, -31.733304948145623 ] ], [ [ -60.488827748089776, -31.76331825351626 ], [ -60.488871148882559, -31.763532741683093 ], [ -60.488906479540496, -31.763716917174939 ], [ -60.487978067075204, -31.763849401872456 ], [ -60.487893951768015, -31.763427569978457 ], [ -60.488102873112673, -31.763396914317024 ], [ -60.488109393616412, -31.763394877460421 ], [ -60.488116224805246, -31.763394852698106 ], [ -60.488748806554582, -31.76329230967924 ], [ -60.488827748089776, -31.76331825351626 ] ], [ [ -60.488444952362961, -31.76835050714234 ], [ -60.488447631077207, -31.768350123736052 ], [ -60.490840572449798, -31.768003948424916 ], [ -60.490841580676879, -31.768003801986904 ], [ -60.492172823345641, -31.767809678750769 ], [ -60.492181865620594, -31.767808313245531 ], [ -60.492808701225407, -31.767710392860213 ], [ -60.49281177351142, -31.767724560963465 ], [ -60.492878108039299, -31.768049802991992 ], [ -60.492916838963758, -31.768239703517253 ], [ -60.492920583526931, -31.768257175726092 ], [ -60.492948341744757, -31.768380698638467 ], [ -60.492985609920879, -31.768555579324211 ], [ -60.493020545095071, -31.768734499614336 ], [ -60.493022083661785, -31.76874220058686 ], [ -60.493024881285933, -31.76875589230643 ], [ -60.493022085346993, -31.768809533772654 ], [ -60.493022062500444, -31.768811365754882 ], [ -60.493023998733364, -31.768882648323881 ], [ -60.493024121067357, -31.768884477426681 ], [ -60.493031665194081, -31.768955182504026 ], [ -60.493031932147616, -31.768957000339743 ], [ -60.493037765497199, -31.76899192809379 ], [ -60.493101220106141, -31.76933070630292 ], [ -60.493104739018392, -31.769348500584261 ], [ -60.493279858826277, -31.770189420412272 ], [ -60.493280062035403, -31.77019039352319 ], [ -60.493420216740546, -31.770859707139067 ], [ -60.489640443074279, -31.771433372659232 ], [ -60.489592644804922, -31.771440370126676 ], [ -60.489583628868928, -31.771399048769048 ], [ -60.489481304921007, -31.771136716435386 ], [ -60.489302923914295, -31.770918843398864 ], [ -60.489065947024571, -31.770766756590298 ], [ -60.488793571200915, -31.770695343326171 ], [ -60.488512458486717, -31.770711594034339 ], [ -60.488250126153055, -31.77081391798226 ], [ -60.488032253116529, -31.770992298988975 ], [ -60.487880166307967, -31.771229275878699 ], [ -60.487808753043844, -31.771501651702348 ], [ -60.487820768269003, -31.771709496955776 ], [ -60.485760445085496, -31.772029704918179 ], [ -60.485761160851126, -31.771934690865866 ], [ -60.485757419636592, -31.771922874444293 ], [ -60.485757175130153, -31.771910482320923 ], [ -60.48567434476535, -31.771446897519681 ], [ -60.485632175439257, -31.771325328037271 ], [ -60.485593335014336, -31.771202654435893 ], [ -60.485586126479198, -31.771192574001159 ], [ -60.485582065175997, -31.771180865715209 ], [ -60.485504392727528, -31.771078277305136 ], [ -60.485452144663014, -31.77100521347257 ], [ -60.485458296912206, -31.770900910903617 ], [ -60.485387202955927, -31.770628451561727 ], [ -60.485375087284844, -31.770609524534585 ], [ -60.485394857122138, -31.770459457154576 ], [ -60.48534356661397, -31.770182585835418 ], [ -60.48530372671685, -31.770109194865249 ], [ -60.485309281091439, -31.770084937784805 ], [ -60.485284236448216, -31.769804471727237 ], [ -60.485173748798942, -31.769545471875961 ], [ -60.484988633444551, -31.769333290940981 ], [ -60.484747010765695, -31.769188698670558 ], [ -60.484472532473674, -31.769125848763561 ], [ -60.483596796502894, -31.769066189755598 ], [ -60.484024910471078, -31.769001750447558 ], [ -60.484025239972375, -31.769001646177674 ], [ -60.484025559206209, -31.769001648512635 ], [ -60.485014234241596, -31.768852462023872 ], [ -60.485034578173526, -31.768846015999774 ], [ -60.485054457347218, -31.768845767732589 ], [ -60.485079152027723, -31.768841539709143 ], [ -60.485242842428612, -31.768813519255652 ], [ -60.485259999438007, -31.768810703238131 ], [ -60.485260755398564, -31.768810452921041 ], [ -60.485472982119582, -31.768774124040824 ], [ -60.486012692889815, -31.768690674644169 ], [ -60.486033837076462, -31.768687147033948 ], [ -60.486402854419964, -31.768621055367198 ], [ -60.48661327579039, -31.768602862495133 ], [ -60.486672793539796, -31.768595712809848 ], [ -60.487263617175053, -31.768504687413159 ], [ -60.487377581692463, -31.768487061323686 ], [ -60.487382072031409, -31.768486355213213 ], [ -60.487735289326345, -31.768429897027879 ], [ -60.48781924024415, -31.768426668858631 ], [ -60.487951256260132, -31.768424194078499 ], [ -60.488056108810355, -31.768405566186054 ], [ -60.488444952362961, -31.76835050714234 ] ], [ [ -60.488124354285056, -31.773844541086017 ], [ -60.488138655173501, -31.773907408998596 ], [ -60.488176966325035, -31.77407582761073 ], [ -60.488210055613635, -31.774221385726573 ], [ -60.488224027257182, -31.774302557749362 ], [ -60.488229755471529, -31.774332745313313 ], [ -60.488334633012798, -31.774838181825498 ], [ -60.488357058658217, -31.774961239535209 ], [ -60.488360628991039, -31.774979732066253 ], [ -60.48838569823053, -31.775102653720658 ], [ -60.488252331770106, -31.775123042278288 ], [ -60.488239626584509, -31.775127095032687 ], [ -60.48822629449927, -31.77512741450969 ], [ -60.488224189081251, -31.775127799889976 ], [ -60.488172238891302, -31.775138902845974 ], [ -60.488170168992603, -31.77513940954417 ], [ -60.488118457807879, -31.775153714604837 ], [ -60.488116432996122, -31.775154340278842 ], [ -60.488065053354532, -31.775171931727048 ], [ -60.488063082988923, -31.775172673484846 ], [ -60.488012150217045, -31.77519364857833 ], [ -60.488010243405164, -31.775194502991301 ], [ -60.487959900274326, -31.775218968261598 ], [ -60.487958065829936, -31.775219931380448 ], [ -60.487908487169094, -31.775247997755926 ], [ -60.487906733571521, -31.775249065128826 ], [ -60.487858130448018, -31.775280841769423 ], [ -60.487856465802828, -31.775282008462703 ], [ -60.487809089081217, -31.775317595098002 ], [ -60.487807521082878, -31.775318855718918 ], [ -60.48776166389262, -31.775358333406697 ], [ -60.487760199788823, -31.7753596821283 ], [ -60.487716198209611, -31.77540310261271 ], [ -60.487714844767844, -31.775404533200856 ], [ -60.48767307633986, -31.775451906945342 ], [ -60.487671839816095, -31.775453412787481 ], [ -60.487632719064216, -31.775504696302221 ], [ -60.487631605174002, -31.775506270437909 ], [ -60.487595575601404, -31.775561353717556 ], [ -60.487594589493455, -31.775562988870757 ], [ -60.487590702957121, -31.775570012777631 ], [ -60.486382644172963, -31.775754514779674 ], [ -60.486342951562328, -31.775511726303499 ], [ -60.486213869862539, -31.775261473714341 ], [ -60.486105234032486, -31.775153913066614 ], [ -60.486032575202302, -31.774886809540849 ], [ -60.485878318621914, -31.774651239273176 ], [ -60.485824303310807, -31.774607837251441 ], [ -60.485792149002592, -31.774454103691102 ], [ -60.485785784969302, -31.774437362104113 ], [ -60.485784201387084, -31.774419521870861 ], [ -60.485783069338375, -31.774415005838609 ], [ -60.485763296913674, -31.77434744945117 ], [ -60.48576180674452, -31.774343009942093 ], [ -60.485737170657963, -31.77427804263338 ], [ -60.485735329316249, -31.774273700346512 ], [ -60.485706246006032, -31.774211776042787 ], [ -60.485704062076977, -31.774207551223849 ], [ -60.485670985036975, -31.774149030480402 ], [ -60.485668468703118, -31.774144942827462 ], [ -60.485631866866044, -31.774090093098916 ], [ -60.485629029859702, -31.774086161670457 ], [ -60.485589368496505, -31.774035162936205 ], [ -60.485586224045164, -31.774031406062324 ], [ -60.485543949190259, -31.77398436032491 ], [ -60.485540511954802, -31.773980795521894 ], [ -60.485496038861058, -31.773937738753737 ], [ -60.485492324867479, -31.77393438264231 ], [ -60.485450913418518, -31.773899420323595 ], [ -60.488047389937037, -31.773495885352929 ], [ -60.488069683310869, -31.773595927890629 ], [ -60.488122919447108, -31.773838125158676 ], [ -60.488124354285056, -31.773844541086017 ] ], [ [ -60.488985726626055, -31.780501587928256 ], [ -60.489248583692543, -31.780400619585691 ], [ -60.489467374684729, -31.780223365684922 ], [ -60.489566227754608, -31.780071071287981 ], [ -60.489840899610151, -31.781384817341984 ], [ -60.488468585343448, -31.781602175020801 ], [ -60.487951720980647, -31.781681342448575 ], [ -60.487923074301889, -31.78158799822986 ], [ -60.487761320489561, -31.781357511467121 ], [ -60.487536259145642, -31.781188290206416 ], [ -60.487305249065869, -31.781109021514041 ], [ -60.487597645763273, -31.781067609433094 ], [ -60.487610576469699, -31.781063641017937 ], [ -60.487624101216888, -31.781063460184143 ], [ -60.487626243895228, -31.78106309138737 ], [ -60.487679008575697, -31.781052375348885 ], [ -60.487681116374588, -31.781051881193346 ], [ -60.487733648777656, -31.781037878828684 ], [ -60.48773571165853, -31.781037261667809 ], [ -60.487787918308797, -31.78101988723337 ], [ -60.487789926447014, -31.781019150006458 ], [ -60.487841690469551, -31.780998303466131 ], [ -60.487843634301178, -31.780997449684264 ], [ -60.487894810285269, -31.780973020580312 ], [ -60.48789668055268, -31.780972054309736 ], [ -60.4879470897014, -31.780943926786449 ], [ -60.487948877497281, -31.780942852629071 ], [ -60.487998302913773, -31.780910911976839 ], [ -60.487999999723591, -31.780909735048418 ], [ -60.488048182541519, -31.780873875787318 ], [ -60.488049780284101, -31.78087260169309 ], [ -60.488096416958079, -31.780832737340674 ], [ -60.488097908024038, -31.780831372148636 ], [ -60.488142649356391, -31.780787446652354 ], [ -60.488144026644413, -31.780785996864306 ], [ -60.488186479275704, -31.780737997426574 ], [ -60.488187736226344, -31.780736469947257 ], [ -60.488227467354932, -31.780684440641423 ], [ -60.48822859798188, -31.780682842745584 ], [ -60.48826514387391, -31.78062689810454 ], [ -60.488266142792455, -31.780625237402294 ], [ -60.488299021483797, -31.780565574795318 ], [ -60.488299883936541, -31.780563859195897 ], [ -60.488328612222702, -31.78050076834624 ], [ -60.488329334102112, -31.780499006020293 ], [ -60.488353448097051, -31.780432874330035 ], [ -60.48835402596518, -31.78043107367083 ], [ -60.488363076897073, -31.780398487225209 ], [ -60.488432530229787, -31.780443568825646 ], [ -60.488704533766374, -31.78051638722776 ], [ -60.488985726626055, -31.780501587928256 ] ], [ [ -60.492211826440233, -31.76528957160539 ], [ -60.492212198629069, -31.765303335917682 ], [ -60.492179898657653, -31.765282415251207 ], [ -60.491907823852166, -31.765209863588101 ], [ -60.491626645638611, -31.765224938594773 ], [ -60.491564836257275, -31.765248750314026 ], [ -60.491551427362509, -31.765250842936794 ], [ -60.491548118938987, -31.765251909625992 ], [ -60.491544642857299, -31.765251928286027 ], [ -60.491222252090324, -31.765304765524348 ], [ -60.491190400091149, -31.765153013525318 ], [ -60.491353827409156, -31.76519546583415 ], [ -60.491634902521518, -31.765178577234042 ], [ -60.491897001974252, -31.765075658234444 ], [ -60.492114469646772, -31.764896783264113 ], [ -60.49217108797643, -31.764808120364467 ], [ -60.492198866485701, -31.764806828696589 ], [ -60.492221421604249, -31.764907461487624 ], [ -60.492257751530659, -31.765078301533489 ], [ -60.492264155999955, -31.765106226039244 ], [ -60.492264978754619, -31.765109568307341 ], [ -60.492256150505185, -31.765139465669908 ], [ -60.492216807852813, -31.765256458637833 ], [ -60.492216635490813, -31.765273285485485 ], [ -60.492211826440233, -31.76528957160539 ] ], [ [ -60.494053210837265, -31.773826579098088 ], [ -60.494073495004869, -31.773933224579583 ], [ -60.49416292141165, -31.774403429307313 ], [ -60.4938191855112, -31.774455781631708 ], [ -60.493801429196701, -31.774461434677917 ], [ -60.493782806193543, -31.774462088428137 ], [ -60.493667651273554, -31.774504025316944 ], [ -60.493550873183132, -31.774541203749518 ], [ -60.493535732811864, -31.774552067118893 ], [ -60.493518223303298, -31.774558443696758 ], [ -60.493421663677601, -31.774633912875387 ], [ -60.493322089881225, -31.774705358080471 ], [ -60.493311047498231, -31.774720368390721 ], [ -60.493296365436933, -31.774731843612365 ], [ -60.493227853034462, -31.774833457631775 ], [ -60.493155230509089, -31.774932176054918 ], [ -60.49314936701974, -31.774949863992301 ], [ -60.493138949588179, -31.774965314583071 ], [ -60.493105190880229, -31.775083126755042 ], [ -60.49306662842465, -31.775199455149188 ], [ -60.493066517788144, -31.775218089295155 ], [ -60.493061384717095, -31.775236002843577 ], [ -60.493065684241202, -31.775358480891931 ], [ -60.49306495661726, -31.775481032223293 ], [ -60.493070609663469, -31.775498788537792 ], [ -60.49307126341369, -31.775517411540946 ], [ -60.49313507898259, -31.775845392932851 ], [ -60.493083150045663, -31.775853739890657 ], [ -60.491660123721303, -31.776066062718005 ], [ -60.491404034863386, -31.774856013056255 ], [ -60.491303356756625, -31.774593044688533 ], [ -60.491126344492535, -31.774374058154788 ], [ -60.490994712863156, -31.77428841043918 ], [ -60.49102278708736, -31.774245170973142 ], [ -60.491095640158925, -31.773973176720325 ], [ -60.491080876700885, -31.773691981976583 ], [ -60.490945609928048, -31.773055897643548 ], [ -60.493834200530983, -31.772617489162752 ], [ -60.493862205024094, -31.772764276016108 ], [ -60.493937942287403, -31.773221059662138 ], [ -60.493941769622431, -31.773242527846573 ], [ -60.494053210837265, -31.773826579098088 ] ], [ [ -60.494858606057527, -31.777575891138444 ], [ -60.494858031064098, -31.777577663792478 ], [ -60.494838993365271, -31.777645227245536 ], [ -60.494838560706576, -31.777647029178301 ], [ -60.494824738762624, -31.777716549870078 ], [ -60.494824450438699, -31.777718372751981 ], [ -60.494816105733847, -31.777789235248431 ], [ -60.494815963077471, -31.77779107065307 ], [ -60.494813258613021, -31.777862608552301 ], [ -60.494813262283664, -31.777864447995348 ], [ -60.49481625173658, -31.777935968423414 ], [ -60.49481640171728, -31.777937803401908 ], [ -60.494825025780806, -31.778008614175846 ], [ -60.494825321378258, -31.778010436207463 ], [ -60.494830924226143, -31.778027462244317 ], [ -60.494831698548367, -31.778045369736095 ], [ -60.495211941871808, -31.779918351821088 ], [ -60.49521834182336, -31.779935491211624 ], [ -60.495219867552422, -31.779953722784231 ], [ -60.495220018466625, -31.779954337951633 ], [ -60.495239923107349, -31.780023422274503 ], [ -60.495240123815641, -31.780024026968629 ], [ -60.495259594308834, -31.780075769645414 ], [ -60.495316931258259, -31.78035177965404 ], [ -60.495345528223318, -31.780489605859536 ], [ -60.494858596367479, -31.780566333690455 ], [ -60.494590727223084, -31.780653135563018 ], [ -60.494515495015108, -31.780707704133402 ], [ -60.49437896019176, -31.780731362278917 ], [ -60.49378299231433, -31.78081729431425 ], [ -60.493514010171552, -31.780900583271912 ], [ -60.493478882493093, -31.780925367598808 ], [ -60.493312474580407, -31.780924515031444 ], [ -60.492647641676299, -31.781026325426591 ], [ -60.492388676073382, -31.779707571868727 ], [ -60.49239590480699, -31.779638153986923 ], [ -60.492396022923884, -31.779636306260041 ], [ -60.492397737787002, -31.779564290354568 ], [ -60.492397707766763, -31.779562440052604 ], [ -60.492393662425577, -31.779490567908713 ], [ -60.492393484408673, -31.779488723687734 ], [ -60.492383759938377, -31.779417696902605 ], [ -60.492383434757627, -31.779415867390245 ], [ -60.492377550702962, -31.779398854704262 ], [ -60.492376499030364, -31.779380883962137 ], [ -60.492154301288423, -31.778365981642029 ], [ -60.492044769207034, -31.777842231517795 ], [ -60.492222818306615, -31.777815102325309 ], [ -60.492230081622616, -31.777813965246303 ], [ -60.493358804073011, -31.777632536562688 ], [ -60.494296651434325, -31.77749260492547 ], [ -60.494299916782126, -31.777491576228616 ], [ -60.494303340331278, -31.777491581187586 ], [ -60.494829451827997, -31.777409034316502 ], [ -60.494861623449744, -31.777567680548525 ], [ -60.494858606057527, -31.777575891138444 ] ], [ [ -60.490350543465603, -31.756005527001992 ], [ -60.490352364955349, -31.756023186488175 ], [ -60.490352523499482, -31.756023782803428 ], [ -60.490373041247807, -31.756090437685625 ], [ -60.490373246723095, -31.756091023449628 ], [ -60.490398491591776, -31.756155042540467 ], [ -60.490398743053461, -31.756155615059921 ], [ -60.490428299956676, -31.756216569452782 ], [ -60.490428596248591, -31.756217126095351 ], [ -60.490433042889222, -31.756224783220766 ], [ -60.489636745299798, -31.756342066351849 ], [ -60.489634330499406, -31.756342822114092 ], [ -60.489631800230981, -31.756342808730487 ], [ -60.488937502526554, -31.756449013290521 ], [ -60.4889705981563, -31.756402996710683 ], [ -60.48905632124584, -31.756134780388432 ], [ -60.489054965347002, -31.755853201615903 ], [ -60.488978291714105, -31.755621034391289 ], [ -60.488958697882744, -31.75552932158417 ], [ -60.488980867892792, -31.755447282053524 ], [ -60.489152784155891, -31.755421104620659 ], [ -60.489421099440044, -31.755335691788524 ], [ -60.48964988842279, -31.755171545375298 ], [ -60.489816755644433, -31.754944733175577 ], [ -60.489869007641275, -31.754787126857178 ], [ -60.490072289305353, -31.75475729934923 ], [ -60.490096125449362, -31.75488245215643 ], [ -60.490101136627388, -31.754896384055147 ], [ -60.490102079118117, -31.754911159758787 ], [ -60.49034399375418, -31.755989026197227 ], [ -60.490350543465603, -31.756005527001992 ] ], [ [ -60.490795751058144, -31.730958382951528 ], [ -60.49079582625707, -31.730958752208437 ], [ -60.490794624856939, -31.730958939798743 ], [ -60.490795751058144, -31.730958382951528 ] ], [ [ -60.489820617801591, -31.752392935101984 ], [ -60.489896056162181, -31.75234029487245 ], [ -60.489999693813182, -31.752408786582702 ], [ -60.489551732803427, -31.752474664487607 ], [ -60.489820617801591, -31.752392935101984 ] ], [ [ -60.489525488222142, -31.752474333857201 ], [ -60.489550709065028, -31.752474815040308 ], [ -60.489518941901729, -31.752479486773154 ], [ -60.489525488222142, -31.752474333857201 ] ], [ [ -60.481407971251926, -31.734227061682279 ], [ -60.483110589224175, -31.733936562377831 ], [ -60.483174375728524, -31.734267933431862 ], [ -60.48318166467606, -31.734302193592764 ], [ -60.483181872868222, -31.734303086425722 ], [ -60.483200263406779, -31.734370130498238 ], [ -60.483200541393913, -31.73437100934153 ], [ -60.48322373729647, -31.734435653026217 ], [ -60.483224083819536, -31.734436513899421 ], [ -60.4832516986435, -31.734498303073423 ], [ -60.483252112133009, -31.734499142077496 ], [ -60.483283719494537, -31.734557709697174 ], [ -60.483284198077769, -31.734558523032142 ], [ -60.483319351948595, -31.734613590108474 ], [ -60.48331989345791, -31.734614374090583 ], [ -60.483358146719006, -31.734665745894034 ], [ -60.483358748701882, -31.734666496972526 ], [ -60.483399668404438, -31.734714054868306 ], [ -60.483400328134351, -31.734714769641396 ], [ -60.483443507440988, -31.734758460738146 ], [ -60.483444221929936, -31.734759135968503 ], [ -60.483489288177182, -31.734798961164881 ], [ -60.483490054189119, -31.734799593794307 ], [ -60.483536673839566, -31.734835595864418 ], [ -60.483537487905082, -31.734836183027586 ], [ -60.483585368374321, -31.734868435019983 ], [ -60.483586226806402, -31.734868974057566 ], [ -60.48363511627052, -31.734897568993414 ], [ -60.483636015181162, -31.734898057463976 ], [ -60.483685700437185, -31.734923099209041 ], [ -60.48368663575507, -31.734923534900283 ], [ -60.483736939322213, -31.734945130709828 ], [ -60.48373790681115, -31.734945511648366 ], [ -60.483788682716678, -31.734963765814278 ], [ -60.483789677994743, -31.734964090274811 ], [ -60.48384080779514, -31.734979099357794 ], [ -60.483841826354521, -31.734979365870764 ], [ -60.483893214510452, -31.734991214836437 ], [ -60.483894251737944, -31.734991422194806 ], [ -60.483945821364202, -31.735000181623967 ], [ -60.483946872562036, -31.735000328888528 ], [ -60.483998560831814, -31.735006052869949 ], [ -60.483999621238929, -31.735006139373738 ], [ -60.484051375337188, -31.735008864137445 ], [ -60.484052440150798, -31.735008889488661 ], [ -60.484104212979709, -31.735008632518554 ], [ -60.484105277377132, -31.735008596602402 ], [ -60.484157023612866, -31.73500535624062 ], [ -60.484158082773249, -31.735005259219719 ], [ -60.484183933400942, -31.735002514247402 ], [ -60.48481099079028, -31.734926756367255 ], [ -60.484837570808111, -31.734923142443659 ], [ -60.484838650396888, -31.7349229792374 ], [ -60.484891695062771, -31.734913326942408 ], [ -60.484892758842541, -31.734913100257305 ], [ -60.484945595058832, -31.734900160316311 ], [ -60.484946637925923, -31.734899871239879 ], [ -60.484999177464253, -31.734883562886527 ], [ -60.485000194415292, -31.734883212805681 ], [ -60.485052327071429, -31.734863439798151 ], [ -60.485053313227418, -31.734863030392468 ], [ -60.485104901637058, -31.734839684568758 ], [ -60.485105852266713, -31.734839217802438 ], [ -60.485156726792667, -31.73481218382538 ], [ -60.485157637335178, -31.734811661937837 ], [ -60.485207591331431, -31.734780823371377 ], [ -60.485208457418302, -31.734780248866429 ], [ -60.485257242871896, -31.734745495944424 ], [ -60.485258060347896, -31.734744871578403 ], [ -60.485258451825167, -31.734744550939364 ], [ -60.485288914515088, -31.734757628430369 ], [ -60.485289882008246, -31.734758009357098 ], [ -60.48534065806669, -31.734776262889028 ], [ -60.485341653347966, -31.734776587337421 ], [ -60.485392783287118, -31.734791595797326 ], [ -60.485393801848716, -31.734791862297893 ], [ -60.485445190166274, -31.734803710654592 ], [ -60.485446227394974, -31.73480391800031 ], [ -60.485470409348935, -31.734808025161584 ], [ -60.485282948815168, -31.735005141814675 ], [ -60.484687845628713, -31.735869028001954 ], [ -60.484662760545582, -31.735921474558349 ], [ -60.48462843586654, -31.735968397037801 ], [ -60.484602375714957, -31.736047723947596 ], [ -60.484566347834402, -31.736123049122295 ], [ -60.484558697379853, -31.73618068047848 ], [ -60.484540552513742, -31.736235913317497 ], [ -60.484540281200005, -31.736319410721705 ], [ -60.484533558329339, -31.736370054530063 ], [ -60.484477092548829, -31.736411497232151 ], [ -60.484311143662786, -31.73664488279649 ], [ -60.484146476181579, -31.736978642677723 ], [ -60.48406056397986, -31.737265020427866 ], [ -60.484066962690839, -31.737416195306828 ], [ -60.484030992190675, -31.737375947054705 ], [ -60.484030074648622, -31.737374990628936 ], [ -60.483985485474612, -31.737331617069941 ], [ -60.483984493395134, -31.737330716629636 ], [ -60.483938053400713, -31.737291347282724 ], [ -60.483936991448438, -31.737290507061608 ], [ -60.483889040180337, -31.737255085532645 ], [ -60.483887913348411, -31.737254309481362 ], [ -60.48383874608345, -31.737222750438445 ], [ -60.483837559670128, -31.737222042205865 ], [ -60.483787428283065, -31.737194242226476 ], [ -60.48378618786672, -31.737193605142661 ], [ -60.483735303665256, -31.737169452187931 ], [ -60.48373401507812, -31.737168889248327 ], [ -60.48368255249666, -31.737148270359121 ], [ -60.483681221797553, -31.73714778421062 ], [ -60.483629322919406, -31.737130591774868 ], [ -60.483627956365076, -31.737130184703243 ], [ -60.483575735631867, -31.73711632129989 ], [ -60.483574339647689, -31.737115995219188 ], [ -60.483521888877178, -31.737105377356091 ], [ -60.483520470026903, -31.737105133799474 ], [ -60.483467863109318, -31.737097694591519 ], [ -60.48346642806419, -31.737097534704169 ], [ -60.483413725801761, -31.737093225813538 ], [ -60.483412281309178, -31.737093150347221 ], [ -60.48335953598329, -31.737091943224009 ], [ -60.483358088835082, -31.737091952533561 ], [ -60.483305348754897, -31.737093839108269 ], [ -60.483303905755349, -31.737093933149918 ], [ -60.483251219720813, -31.737098926020106 ], [ -60.483249787654749, -31.737099104351671 ], [ -60.483238175096666, -31.737102455783678 ], [ -60.48322608885546, -31.737102375923651 ], [ -60.481611881999946, -31.737347119145547 ], [ -60.481595387684585, -31.737352358239164 ], [ -60.481578089890434, -31.737352903086975 ], [ -60.480189606346755, -31.737617873770773 ], [ -60.478654341815428, -31.737871572131965 ], [ -60.478305518294441, -31.737929211503772 ], [ -60.477958535631295, -31.737986545677028 ], [ -60.47768331744583, -31.738032021023557 ], [ -60.477595191012853, -31.738046508610555 ], [ -60.47666259693338, -31.738191839589327 ], [ -60.476044103558948, -31.735004321531928 ], [ -60.47761523926976, -31.734767772991095 ], [ -60.477647192342182, -31.73478000503626 ], [ -60.477650594678721, -31.734781187340012 ], [ -60.477703382180827, -31.734797731027154 ], [ -60.477706872516599, -31.734798708169119 ], [ -60.477759963911943, -31.734811845723247 ], [ -60.477763525332961, -31.73481261296822 ], [ -60.477816830300313, -31.734822427058567 ], [ -60.477820445548083, -31.734822980688527 ], [ -60.477873891282229, -31.734829535670361 ], [ -60.477877542837469, -31.734829873002433 ], [ -60.477931068953602, -31.734833213072182 ], [ -60.477934739121011, -31.734833332471663 ], [ -60.477988292715459, -31.734833480518969 ], [ -60.47799196370962, -31.734833381407281 ], [ -60.478045494526306, -31.734830338452909 ], [ -60.478049148557773, -31.734830021310337 ], [ -60.478102604152056, -31.73482376647998 ], [ -60.478106223513542, -31.734823232843365 ], [ -60.478119254373503, -31.734819152408487 ], [ -60.478132906607598, -31.734818888278625 ], [ -60.478592997467381, -31.734736864321309 ], [ -60.480288137261077, -31.734441969674883 ], [ -60.480295665228034, -31.734439396871558 ], [ -60.480303616465321, -31.734439137200606 ], [ -60.481407971251926, -31.734227061682279 ] ], [ [ -60.479579456780478, -31.745317297045897 ], [ -60.479610983606726, -31.745408160820212 ], [ -60.479780973849259, -31.745632641913055 ], [ -60.48001201264973, -31.745793606245368 ], [ -60.480281484320614, -31.745875297506799 ], [ -60.480563011097239, -31.745869719187503 ], [ -60.48104084236585, -31.745784302084378 ], [ -60.481053517961413, -31.745779904057752 ], [ -60.481066918547846, -31.745779242511794 ], [ -60.481067128096697, -31.745779198634658 ], [ -60.481119120387561, -31.745766688870646 ], [ -60.481119325952939, -31.745766632899866 ], [ -60.481171038740698, -31.74575086985778 ], [ -60.481171239368052, -31.745750802053273 ], [ -60.481199631887172, -31.745740233370764 ], [ -60.481829688497996, -31.745650491654633 ], [ -60.48183364286087, -31.74564927465309 ], [ -60.48183778017318, -31.745649301584979 ], [ -60.481968111341025, -31.745607890401544 ], [ -60.482098813446513, -31.745567665295965 ], [ -60.482102198194937, -31.745565285893385 ], [ -60.482106141335173, -31.745564033007323 ], [ -60.482114408733409, -31.745558108228526 ], [ -60.482266206978601, -31.746336134688178 ], [ -60.482267351000594, -31.746339271030656 ], [ -60.482267494304899, -31.746342606430957 ], [ -60.482470363926609, -31.747343301826298 ], [ -60.482391683956152, -31.747368955272457 ], [ -60.482366072539655, -31.747387603007041 ], [ -60.482336711533314, -31.747399503173678 ], [ -60.482252743111978, -31.74747011843872 ], [ -60.482164048276417, -31.747534697364014 ], [ -60.482145452838758, -31.747560346776456 ], [ -60.482121206216085, -31.747580737557406 ], [ -60.48206316881879, -31.747673844334521 ], [ -60.481998771002836, -31.747762670753776 ], [ -60.481989011795015, -31.747792811100879 ], [ -60.48197225298437, -31.747819696504433 ], [ -60.481945827715897, -31.747926180853611 ], [ -60.481917472212828, -31.748013754017386 ], [ -60.48190022689657, -31.748019704860777 ], [ -60.481675457995507, -31.748189314367341 ], [ -60.481514102287427, -31.748420080004017 ], [ -60.48150683971312, -31.74843499560345 ], [ -60.481217032151505, -31.748830464823545 ], [ -60.481095148380994, -31.749060471223732 ], [ -60.481044187459645, -31.749315738891358 ], [ -60.481068412400496, -31.749574914024965 ], [ -60.481165796724518, -31.749816315953449 ], [ -60.481328193980801, -31.750019750780339 ], [ -60.48154201921831, -31.75016820065553 ], [ -60.481782905769556, -31.750288069841389 ], [ -60.481785509168574, -31.75034010253815 ], [ -60.481785503234526, -31.750458647137449 ], [ -60.481792521304108, -31.75048025021416 ], [ -60.481793656376844, -31.750502936285418 ], [ -60.481845843932184, -31.750751350071294 ], [ -60.481846918620221, -31.750754169665051 ], [ -60.48184708937324, -31.750757182289604 ], [ -60.482188106097439, -31.752328602977133 ], [ -60.480286252793348, -31.75262658677012 ], [ -60.480018308077405, -31.752713155083025 ], [ -60.479895142185562, -31.752802327879603 ], [ -60.479868445261204, -31.75280647319147 ], [ -60.479717732095367, -31.752820227391581 ], [ -60.479203896128602, -31.75063216152752 ], [ -60.479836380201817, -31.750535777122554 ], [ -60.480104685321685, -31.750450332366984 ], [ -60.48033345477274, -31.750286158733697 ], [ -60.480500295007182, -31.750059326681789 ], [ -60.480588874540416, -31.749792040112929 ], [ -60.480590522590568, -31.749510462898769 ], [ -60.480544509829613, -31.749365978205006 ], [ -60.480544880651024, -31.749302599916678 ], [ -60.480459435358171, -31.749034294967917 ], [ -60.480295261266768, -31.748805525845622 ], [ -60.480068428880756, -31.748638686065419 ], [ -60.479801142134512, -31.74855010706743 ], [ -60.479733265719226, -31.748549709927833 ], [ -60.479693567939186, -31.748425345039202 ], [ -60.479529240065027, -31.74819668635606 ], [ -60.479302295550497, -31.748029999131212 ], [ -60.479034949305898, -31.747941599871613 ], [ -60.478753371044348, -31.747940141712697 ], [ -60.47858212794263, -31.747966355668925 ], [ -60.478625619284109, -31.747803187489176 ], [ -60.478610513382755, -31.747522010933704 ], [ -60.478304140774526, -31.74608988585544 ], [ -60.47808797338481, -31.74506784962659 ], [ -60.478016609058749, -31.744727215672654 ], [ -60.479144887923432, -31.744567576247945 ], [ -60.479144490665334, -31.744686144088991 ], [ -60.479230606559199, -31.744954234552132 ], [ -60.479395352150348, -31.745182592459368 ], [ -60.479579456780478, -31.745317297045897 ] ], [ [ -60.479899745455796, -31.755205873348149 ], [ -60.480172634715039, -31.755136447878801 ], [ -60.480410714173388, -31.754986092915093 ], [ -60.480590678954677, -31.754769526248456 ], [ -60.480680098094865, -31.754545125184904 ], [ -60.483474750824477, -31.754111364549978 ], [ -60.483475673722801, -31.754111067839304 ], [ -60.483476643144307, -31.754111068778922 ], [ -60.483927554268732, -31.754040099416574 ], [ -60.484080699297742, -31.754235375904774 ], [ -60.484135932426639, -31.754272483730187 ], [ -60.484186167564133, -31.754428188402649 ], [ -60.484215906151775, -31.754469298885397 ], [ -60.484222812822168, -31.754503249985319 ], [ -60.484321419268333, -31.75476700216517 ], [ -60.48449670347739, -31.754987374326884 ], [ -60.48473150740967, -31.755142794907847 ], [ -60.484905297256248, -31.755190995115296 ], [ -60.484747382803398, -31.75531719629582 ], [ -60.484592504328056, -31.755552358158116 ], [ -60.484550482331407, -31.755705240588156 ], [ -60.484543579713417, -31.755706300377472 ], [ -60.484542559888176, -31.755706626408422 ], [ -60.484541489218671, -31.755706623855463 ], [ -60.483851115907591, -31.755814281425888 ], [ -60.483823575392989, -31.755723412784533 ], [ -60.483662626489775, -31.755492363235398 ], [ -60.483438156749358, -31.755322358002424 ], [ -60.483172138833901, -31.755230038382308 ], [ -60.482890612430424, -31.755224441262701 ], [ -60.480621989498637, -31.755537666280471 ], [ -60.480024781338912, -31.755613820506145 ], [ -60.47984997631837, -31.755506678892534 ], [ -60.479576180145983, -31.755440921006393 ], [ -60.479295464207773, -31.755462989210539 ], [ -60.479035306935621, -31.755570723315397 ], [ -60.478821174335955, -31.755753577556156 ], [ -60.478674027199581, -31.755993652885707 ], [ -60.47860826931344, -31.75626744905809 ], [ -60.478630337517593, -31.756548164996303 ], [ -60.478971660074599, -31.757970421877477 ], [ -60.47548420956624, -31.758501363571877 ], [ -60.475483406067468, -31.758501619328101 ], [ -60.475482562853784, -31.758501615832753 ], [ -60.474977408507833, -31.758579479298675 ], [ -60.474773754570315, -31.757656897675265 ], [ -60.474593308441484, -31.756826865648293 ], [ -60.476443217024375, -31.756533878446266 ], [ -60.476469314457191, -31.756529350529735 ], [ -60.476469665459923, -31.756529284295855 ], [ -60.476521703800955, -31.756517859933489 ], [ -60.476522048712489, -31.756517773436801 ], [ -60.476573838252818, -31.75650312658745 ], [ -60.476574175472912, -31.756503020229257 ], [ -60.476625620961627, -31.75648506492082 ], [ -60.476625948925708, -31.756484939194568 ], [ -60.476676931641883, -31.756463576768052 ], [ -60.476677248828359, -31.756463432257064 ], [ -60.47672762205309, -31.756438555149252 ], [ -60.476727926990357, -31.756438392523993 ], [ -60.476777511264466, -31.756409889354796 ], [ -60.476777802537747, -31.75640970936978 ], [ -60.476826381564173, -31.756377471277339 ], [ -60.476826657822073, -31.756377274767615 ], [ -60.476873974885059, -31.756341203358442 ], [ -60.476874234845866, -31.756340991235724 ], [ -60.476919990590545, -31.756301008001216 ], [ -60.476920233048162, -31.756300781249664 ], [ -60.476964084965132, -31.756256838475281 ], [ -60.476964308794656, -31.756256598146933 ], [ -60.477005873050295, -31.7562086910593 ], [ -60.477006077213254, -31.756208438269184 ], [ -60.47704493355814, -31.756156617800521 ], [ -60.477045117107316, -31.756156353721437 ], [ -60.47708081727, -31.756100739231542 ], [ -60.477080979353786, -31.756100465088725 ], [ -60.477113059476864, -31.756041255630688 ], [ -60.477113199343286, -31.756040972696045 ], [ -60.477141196338515, -31.755978455377683 ], [ -60.477141313338628, -31.755978164963892 ], [ -60.477164784198564, -31.755912719817186 ], [ -60.477164877789562, -31.755912423271663 ], [ -60.47718342152595, -31.755844521513978 ], [ -60.477183491273607, -31.755844220212534 ], [ -60.4771967707917, -31.755774417034033 ], [ -60.477196816372413, -31.755774112374603 ], [ -60.477204578842475, -31.755703032283584 ], [ -60.477204600044765, -31.755702725679658 ], [ -60.477206693111754, -31.75563104208112 ], [ -60.477206689837253, -31.755630734955172 ], [ -60.477203071835341, -31.755559144963236 ], [ -60.477203044099241, -31.755558838740232 ], [ -60.477193786894482, -31.755488035775265 ], [ -60.47719373482547, -31.755487731875931 ], [ -60.477187044217182, -31.755452835651656 ], [ -60.477110769389782, -31.755093516567257 ], [ -60.478298583684122, -31.754911200820029 ], [ -60.4785667969606, -31.754825468201254 ], [ -60.47857212924432, -31.754821632876773 ], [ -60.47904299149257, -31.754748796540554 ], [ -60.479140612715746, -31.754903374795656 ], [ -60.479357179382376, -31.755083339576942 ], [ -60.479618758697704, -31.755187573474487 ], [ -60.479899745455796, -31.755205873348149 ] ], [ [ -60.478903706381331, -31.759846384870162 ], [ -60.478902034667975, -31.759847564865673 ], [ -60.478854390488088, -31.759883622728083 ], [ -60.478852817213749, -31.759884897708229 ], [ -60.478806734509, -31.759924906270431 ], [ -60.478805267051285, -31.759926270256422 ], [ -60.478761091840916, -31.759970279829012 ], [ -60.478759737081248, -31.759971726424624 ], [ -60.478717857752798, -31.760019744027215 ], [ -60.478716622044075, -31.760021266448895 ], [ -60.478677464488769, -31.76007324266989 ], [ -60.478676353625659, -31.760074833778507 ], [ -60.478640372692034, -31.76013064976436 ], [ -60.478639391883753, -31.760132302098679 ], [ -60.478607058771246, -31.760191757889348 ], [ -60.478606212617123, -31.760193463701015 ], [ -60.478577998263575, -31.760256269347895 ], [ -60.478577290731543, -31.760258020637782 ], [ -60.478553645821052, -31.760323791525344 ], [ -60.478553080228927, -31.760325580081098 ], [ -60.47853441290281, -31.760393838117047 ], [ -60.478533991902886, -31.760395655551498 ], [ -60.478520645119794, -31.760465836893676 ], [ -60.478520370686297, -31.760467674684286 ], [ -60.47851260135721, -31.760539144514606 ], [ -60.478512474777013, -31.760540994043367 ], [ -60.478510437075791, -31.760613067775289 ], [ -60.478510458942523, -31.760614920369139 ], [ -60.478511936107971, -31.760643384027407 ], [ -60.478485805879259, -31.760647294532198 ], [ -60.478459297652343, -31.760651667074658 ], [ -60.478458583071223, -31.760651795929252 ], [ -60.478405698776342, -31.760662981562803 ], [ -60.478404996334362, -31.760663152326419 ], [ -60.478352358039778, -31.76067765307377 ], [ -60.478351671099723, -31.760677864928883 ], [ -60.478299376068705, -31.760695769227063 ], [ -60.478298707919151, -31.760696021159493 ], [ -60.478246877932591, -31.760717431319136 ], [ -60.478246231772168, -31.760717722122774 ], [ -60.478195017934794, -31.760742750380086 ], [ -60.478194396856864, -31.760743078662806 ], [ -60.478143984883488, -31.760771841723859 ], [ -60.478143391861323, -31.760772205914055 ], [ -60.478094006401086, -31.760804818266429 ], [ -60.478093444273668, -31.760805216620621 ], [ -60.478045352875235, -31.760841782006867 ], [ -60.478044824333622, -31.760842212618019 ], [ -60.477998339898527, -31.760882813915224 ], [ -60.477997847472992, -31.760883274721888 ], [ -60.47797479113148, -31.760906418503765 ], [ -60.477976127433017, -31.760690397704746 ], [ -60.477890772040958, -31.760422064142464 ], [ -60.477726674608228, -31.760193240026222 ], [ -60.47749989813488, -31.760026324254831 ], [ -60.477476974521366, -31.760018718829635 ], [ -60.479000683295574, -31.759786744062851 ], [ -60.47895437248728, -31.759813117028976 ], [ -60.478952610174119, -31.759814196506483 ], [ -60.478903706381331, -31.759846384870162 ] ], [ [ -60.478699191211966, -31.765744066166768 ], [ -60.478632830857009, -31.765725950330697 ], [ -60.47835156857581, -31.765739365724031 ], [ -60.478188880432079, -31.765800940324105 ], [ -60.478185140777285, -31.76580091891395 ], [ -60.47726443474194, -31.765941345890482 ], [ -60.477229914267419, -31.765931837169493 ], [ -60.476948622031266, -31.765944609071479 ], [ -60.476714311559974, -31.766032679160983 ], [ -60.476599043657885, -31.765458951124728 ], [ -60.476596409649183, -31.765446310958414 ], [ -60.476545125264664, -31.765208751351462 ], [ -60.477442071144132, -31.765074270350052 ], [ -60.477446367528799, -31.765073615573545 ], [ -60.478195009760142, -31.764957670972279 ], [ -60.478212498951024, -31.76495478573116 ], [ -60.478362192008454, -31.76492857367888 ], [ -60.478839234672314, -31.764856823892796 ], [ -60.478913737119498, -31.764846396588361 ], [ -60.478863321584086, -31.765031081337209 ], [ -60.478876739664436, -31.76531234349023 ], [ -60.478958599809062, -31.765706545890588 ], [ -60.478699191211966, -31.765744066166768 ] ], [ [ -60.481390532317086, -31.769788942733779 ], [ -60.481391815756574, -31.769794922486039 ], [ -60.481447775550905, -31.7700513978963 ], [ -60.481496831857285, -31.77030183571226 ], [ -60.481500499834866, -31.770319609283217 ], [ -60.481609216263244, -31.770820822120456 ], [ -60.48178955160455, -31.77165611878436 ], [ -60.481926666469732, -31.77232264657529 ], [ -60.481928435603159, -31.77233104346298 ], [ -60.481964076123248, -31.772496295874621 ], [ -60.480005453531717, -31.772798186776541 ], [ -60.480006055928698, -31.772740214248046 ], [ -60.479921829575723, -31.772471524156924 ], [ -60.479758695749503, -31.772242012069345 ], [ -60.479532623125579, -31.772074144227542 ], [ -60.479265741267504, -31.771984352705473 ], [ -60.479195062981567, -31.771983618281997 ], [ -60.479184295978506, -31.771955007074499 ], [ -60.479008536742114, -31.771735013587264 ], [ -60.478773398048844, -31.77158009993865 ], [ -60.478501896912292, -31.77150543015593 ], [ -60.478333031038744, -31.771513164411029 ], [ -60.478435238976004, -31.771380368949963 ], [ -60.478529622946304, -31.771115076451476 ], [ -60.478537407545772, -31.77083360204125 ], [ -60.478457830763588, -31.770563498395703 ], [ -60.478367296346619, -31.770431354413038 ], [ -60.478372002902432, -31.770417597910718 ], [ -60.478376364470051, -31.770136049654944 ], [ -60.478308085863468, -31.769914278481135 ], [ -60.478532152942734, -31.76988010337708 ], [ -60.47911109958627, -31.769791799323112 ], [ -60.481327178499839, -31.769488800314974 ], [ -60.481390532317086, -31.769788942733779 ] ], [ [ -60.478943632672305, -31.775086176895201 ], [ -60.478939509451187, -31.775092622601242 ], [ -60.478450094340069, -31.775171102854316 ], [ -60.478439570473782, -31.775072268982736 ], [ -60.478430453553095, -31.775038428452334 ], [ -60.478429529906329, -31.775003393518052 ], [ -60.478425355940246, -31.774980895106271 ], [ -60.479209484366756, -31.774863906557044 ], [ -60.479306479095136, -31.77485057311285 ], [ -60.479161240638909, -31.774907472624211 ], [ -60.478943632672305, -31.775086176895201 ] ], [ [ -60.478830326516793, -31.77711887386188 ], [ -60.478829615425028, -31.777115673869371 ], [ -60.478829509172279, -31.777115404524103 ], [ -60.478829491168504, -31.777115115539029 ], [ -60.478790357226551, -31.776939535455558 ], [ -60.479018473436135, -31.776902955837453 ], [ -60.479071121364221, -31.776967065153443 ], [ -60.479004021357532, -31.776989696681756 ], [ -60.478830326516793, -31.77711887386188 ] ], [ [ -60.485018775141228, -31.738543501232538 ], [ -60.484937485506613, -31.738606997055193 ], [ -60.484847610997257, -31.738740209441392 ], [ -60.484819103105565, -31.738744737205892 ], [ -60.484748959984152, -31.738767561414868 ], [ -60.484676187380259, -31.738779609241202 ], [ -60.484615906293385, -31.73881085639778 ], [ -60.484551340088935, -31.738831865906818 ], [ -60.484519221729713, -31.73885522235382 ], [ -60.484353481045908, -31.738909152806428 ], [ -60.484125746892971, -31.739074759567124 ], [ -60.483960334146275, -31.739302634679486 ], [ -60.483873434557971, -31.73957047213981 ], [ -60.483873502878765, -31.739730912053744 ], [ -60.483847025553146, -31.739741804106902 ], [ -60.483691864021786, -31.73973965801299 ], [ -60.483404323547447, -31.739781132020383 ], [ -60.484162418807571, -31.738469071537285 ], [ -60.484163641896565, -31.738465888418173 ], [ -60.484185754206223, -31.738426236384299 ], [ -60.484186331868884, -31.738425102405078 ], [ -60.484215184952234, -31.738362673373434 ], [ -60.48421567032451, -31.738361508228596 ], [ -60.484240003972261, -31.738296048959494 ], [ -60.484240394771966, -31.738294858127457 ], [ -60.484259792500779, -31.738226835551757 ], [ -60.484260086890451, -31.73822562463161 ], [ -60.484274194581666, -31.738155593167601 ], [ -60.484274391177117, -31.738154367852975 ], [ -60.484278825228635, -31.738117321211519 ], [ -60.484397589646065, -31.738264061334654 ], [ -60.484633704183643, -31.738417483525829 ], [ -60.48489039968343, -31.73848633668009 ], [ -60.484924953696051, -31.738511974360698 ], [ -60.485018775141228, -31.738543501232538 ] ], [ [ -60.485218714626328, -31.759590880053779 ], [ -60.485252631117341, -31.759763233182991 ], [ -60.485074469026081, -31.759791509649659 ], [ -60.485150554913872, -31.759565139834304 ], [ -60.485218714626328, -31.759590880053779 ] ], [ [ -60.486162932933333, -31.738531296757738 ], [ -60.486127752280623, -31.738507561398048 ], [ -60.486456186073099, -31.738458909755597 ], [ -60.48644918340112, -31.738485830070989 ], [ -60.486162932933333, -31.738531296757738 ] ], [ [ -60.485685804040983, -31.725368562094513 ], [ -60.485926269341306, -31.725572361025076 ], [ -60.485799181070924, -31.725768226070961 ], [ -60.485786240194727, -31.725816597114385 ], [ -60.485685804040983, -31.725368562094513 ] ], [ [ -60.482148117389798, -31.777324259877322 ], [ -60.482148090638418, -31.777322453881546 ], [ -60.482144308180288, -31.777252290858996 ], [ -60.482144140429753, -31.777250490412332 ], [ -60.482134942327448, -31.777181105412421 ], [ -60.482134634325426, -31.77717931853887 ], [ -60.482128974410472, -31.777162673535923 ], [ -60.482128055105896, -31.777145116610225 ], [ -60.481945454840691, -31.776285854331135 ], [ -60.481960474100873, -31.77628703139526 ], [ -60.481962660709073, -31.776287137741296 ], [ -60.481976018366936, -31.776285682954239 ], [ -60.481989247164073, -31.776288037174965 ], [ -60.482371893439172, -31.776295323022147 ], [ -60.48237578800854, -31.776294781969902 ], [ -60.48237966496351, -31.776295437430278 ], [ -60.482575674496239, -31.77629747647239 ], [ -60.482645637461729, -31.77628714026622 ], [ -60.482697174650419, -31.776287688977359 ], [ -60.482793135845917, -31.776746774685382 ], [ -60.482919647537614, -31.777404705960542 ], [ -60.482129291269032, -31.777520604366583 ], [ -60.482138881930226, -31.777467899752224 ], [ -60.482139136905872, -31.777466106793387 ], [ -60.482146297577692, -31.777396351425818 ], [ -60.482146411944676, -31.777394547929706 ], [ -60.482148117389798, -31.777324259877322 ] ], [ [ -60.479751787384856, -31.774789358515626 ], [ -60.479751759723307, -31.774800404830167 ], [ -60.479724019324564, -31.774793175670315 ], [ -60.479751787384856, -31.774789358515626 ] ], [ [ -60.481318320496619, -31.760254785202765 ], [ -60.481314808819519, -31.760227428730982 ], [ -60.481154563380898, -31.759466755664313 ], [ -60.482079562651343, -31.759332538966088 ], [ -60.482300468849118, -31.760360336505965 ], [ -60.482300431054263, -31.760360365432106 ], [ -60.482298869663978, -31.760361644758618 ], [ -60.482253032270407, -31.760401873011457 ], [ -60.48225157675995, -31.76040324043807 ], [ -60.4822076664394, -31.76044745323037 ], [ -60.482206323602107, -31.760448902374879 ], [ -60.48216472909607, -31.760497102856906 ], [ -60.482163505199416, -31.760498626955648 ], [ -60.482124651892363, -31.760550761390913 ], [ -60.482123552648659, -31.76055235333045 ], [ -60.482087893836123, -31.760608298290915 ], [ -60.48208692437592, -31.760609950641125 ], [ -60.482054928519737, -31.760669501620185 ], [ -60.482054093367829, -31.76067120666902 ], [ -60.482026227433806, -31.76073406950789 ], [ -60.482025530488109, -31.760735819297331 ], [ -60.482002239944961, -31.760801606003369 ], [ -60.482001684458389, -31.760803392366586 ], [ -60.481983371229745, -31.760871622522217 ], [ -60.481982959794912, -31.760873437121649 ], [ -60.481969959855746, -31.760943546133891 ], [ -60.481969694392973, -31.760945380500218 ], [ -60.481962257365971, -31.761016734536959 ], [ -60.481962139114287, -31.76101858010859 ], [ -60.481960412080774, -31.76109049727296 ], [ -60.481960441592079, -31.761092345435994 ], [ -60.481964459159038, -31.761164121572463 ], [ -60.481964636295615, -31.761165963700929 ], [ -60.481974318223543, -31.761236900253675 ], [ -60.481974642158661, -31.761238727749745 ], [ -60.481980511198564, -31.761255722913781 ], [ -60.481981552318103, -31.761273672768993 ], [ -60.482146310220337, -31.762028085480711 ], [ -60.48215278076416, -31.762044664871105 ], [ -60.482154506442818, -31.762062378316703 ], [ -60.482154972562, -31.762064172356641 ], [ -60.482175172575381, -31.762131117348499 ], [ -60.482175780166273, -31.762132880214427 ], [ -60.482200751837844, -31.762197213536279 ], [ -60.482201498097112, -31.762198937094681 ], [ -60.482230827114471, -31.762260221230935 ], [ -60.482231708599002, -31.762261897529584 ], [ -60.482264946530371, -31.762319786537091 ], [ -60.482265959173198, -31.762321407841839 ], [ -60.482302644294741, -31.762375646497848 ], [ -60.482303783423667, -31.762377205328292 ], [ -60.482339265641549, -31.762422294519698 ], [ -60.481785925419501, -31.762506880088399 ], [ -60.481639017501102, -31.761800548117623 ], [ -60.481501579054743, -31.761119752673959 ], [ -60.481500305013192, -31.76111355418611 ], [ -60.481331142852873, -31.760304968607514 ], [ -60.481330884722453, -31.760303739041056 ], [ -60.481323158229642, -31.760267062357951 ], [ -60.481318320496619, -31.760254785202765 ] ], [ [ -60.481188203322787, -31.739702592244193 ], [ -60.481187898709358, -31.739652831898528 ], [ -60.481142714628056, -31.739516612617471 ], [ -60.4810892511803, -31.73927867338088 ], [ -60.481681033623971, -31.739165740822568 ], [ -60.481581994841342, -31.739337150511847 ], [ -60.481451357453444, -31.739399595221858 ], [ -60.481247266881397, -31.739593593886813 ], [ -60.481188203322787, -31.739702592244193 ] ], [ [ -60.466609556396868, -31.752689041707139 ], [ -60.466773240760091, -31.752663714731415 ], [ -60.467009670611695, -31.752587825175755 ], [ -60.467007067142433, -31.752692413751298 ], [ -60.467087311761937, -31.752962034768487 ], [ -60.46690999774335, -31.753029339562175 ], [ -60.466712878159115, -31.753187747034925 ], [ -60.466609556396868, -31.752689041707139 ] ], [ [ -60.467474984990496, -31.75963812734761 ], [ -60.467278630349796, -31.759667403649331 ], [ -60.467220453483669, -31.759389862641193 ], [ -60.467081188159078, -31.758711970265519 ], [ -60.466982073339018, -31.758448408705263 ], [ -60.46680636454235, -31.758228374929725 ], [ -60.466571261370341, -31.758073407377928 ], [ -60.466299777359509, -31.757998675353562 ], [ -60.466018487256385, -31.758011494147858 ], [ -60.465754925696125, -31.758110608967922 ], [ -60.465534891920591, -31.758286317764586 ], [ -60.465379924368797, -31.758521420936603 ], [ -60.465305192344431, -31.75879290494743 ], [ -60.465318011138727, -31.759074195050555 ], [ -60.465457639072397, -31.759753852473843 ], [ -60.465458281033683, -31.759755559547692 ], [ -60.465458371354948, -31.759757381101302 ], [ -60.465492526547578, -31.759920323301991 ], [ -60.463721596565428, -31.760202712200122 ], [ -60.463494167207521, -31.759144777420808 ], [ -60.463392649565705, -31.758882132009649 ], [ -60.463214938655391, -31.758663712056446 ], [ -60.463208143828624, -31.758659321751548 ], [ -60.463170235794479, -31.758473224512812 ], [ -60.463102353289877, -31.758134814548409 ], [ -60.463004466245387, -31.757870794529996 ], [ -60.462829783461316, -31.75764994533133 ], [ -60.462595404105663, -31.757493885210721 ], [ -60.462324270862766, -31.757417890420111 ], [ -60.462042924143546, -31.757429399859088 ], [ -60.461778904125133, -31.757527286903581 ], [ -60.461558054926471, -31.757701969687652 ], [ -60.461401994805861, -31.757936349043305 ], [ -60.461326000015248, -31.758207482286199 ], [ -60.461337509454232, -31.758488829005419 ], [ -60.461340441104952, -31.758503443961388 ], [ -60.461338489520138, -31.758509213633769 ], [ -60.461335108174339, -31.758790775367856 ], [ -60.461418899684183, -31.759059601383115 ], [ -60.461466365802977, -31.759126610539031 ], [ -60.461616724271273, -31.759864746831237 ], [ -60.461613537610596, -31.759874167892512 ], [ -60.461610156320731, -31.760155729627272 ], [ -60.46169394788398, -31.760424555625885 ], [ -60.46173629356413, -31.760484336100049 ], [ -60.461735669646501, -31.760536291086225 ], [ -60.461764830842156, -31.760629848009682 ], [ -60.461289928629867, -31.760702315735774 ], [ -60.458335207443724, -31.761141126441153 ], [ -60.457880840886567, -31.761208597143099 ], [ -60.457555659406246, -31.759612924967904 ], [ -60.457456961868608, -31.759349206861458 ], [ -60.457281601555685, -31.759128895254296 ], [ -60.457046743956703, -31.75897355578152 ], [ -60.456775378569802, -31.758898394153043 ], [ -60.456639013645081, -31.758904392230949 ], [ -60.456489502474341, -31.758795766592364 ], [ -60.456221701820134, -31.758708753643848 ], [ -60.455940119783065, -31.758708754365411 ], [ -60.455257564346773, -31.758816862319129 ], [ -60.455168439604201, -31.758816607926228 ], [ -60.455042519822797, -31.75881205703967 ], [ -60.455027980307449, -31.758816207006721 ], [ -60.455012860192703, -31.758816163848675 ], [ -60.45483443253589, -31.758843902178814 ], [ -60.454596880120583, -31.758920338690746 ], [ -60.454493913607614, -31.758428973109261 ], [ -60.455766785635738, -31.758216593223896 ], [ -60.455767648789461, -31.758216885799619 ], [ -60.456049208304606, -31.75822044712443 ], [ -60.461419116545521, -31.757439423518335 ], [ -60.46143626162899, -31.757436760854088 ], [ -60.462034915365237, -31.757337869910497 ], [ -60.46204536114687, -31.757336081141183 ], [ -60.462530477316847, -31.757250065299289 ], [ -60.462548633639798, -31.757243794215039 ], [ -60.462567807075708, -31.757242628918572 ], [ -60.462903051247395, -31.757168442327956 ], [ -60.464804053504153, -31.756867767235818 ], [ -60.466636004506839, -31.756590160739606 ], [ -60.467001712767967, -31.756537053977432 ], [ -60.467331909983692, -31.758196430651878 ], [ -60.46726470828127, -31.758401018816713 ], [ -60.46726380420963, -31.758682599402434 ], [ -60.467297577419444, -31.758787689541158 ], [ -60.467474984990496, -31.75963812734761 ] ], [ [ -60.467315415773037, -31.761835543208043 ], [ -60.467312148746601, -31.761827676832525 ], [ -60.467311313618723, -31.761819200047245 ], [ -60.467311002516674, -31.761818007976238 ], [ -60.467290803897775, -31.761751299458719 ], [ -60.467290399084966, -31.761750128108986 ], [ -60.467265462513076, -31.761686020351622 ], [ -60.467264965845722, -31.761684875094069 ], [ -60.467235702219021, -31.761623800711416 ], [ -60.467235115974475, -31.761622686797374 ], [ -60.46722663801976, -31.761607928922977 ], [ -60.467981532350727, -31.761492625471803 ], [ -60.468134874321834, -31.762243757639151 ], [ -60.467866838374789, -31.762160002869312 ], [ -60.467585274303573, -31.762163183655531 ], [ -60.467401914983284, -31.762194352068953 ], [ -60.467315415773037, -31.761835543208043 ] ], [ [ -60.468417196189002, -31.763626686490618 ], [ -60.468509682497498, -31.764079722543634 ], [ -60.468558297027805, -31.764209483796296 ], [ -60.468606262216632, -31.764339486472078 ], [ -60.468607671890929, -31.764341274519126 ], [ -60.468608470703629, -31.764343406699268 ], [ -60.468694804301421, -31.764451794267728 ], [ -60.468780594943262, -31.76456061210159 ], [ -60.470095750080901, -31.765776251897641 ], [ -60.470329881933985, -31.7659326830933 ], [ -60.470600894456432, -31.766009107279761 ], [ -60.470882259054306, -31.765998043525169 ], [ -60.470898807273933, -31.765991937970231 ], [ -60.471114579836936, -31.765991655831659 ], [ -60.474610582484253, -31.765433256483004 ], [ -60.475211211812727, -31.768339949208137 ], [ -60.47521130611667, -31.768340199104792 ], [ -60.475211318739149, -31.768340465904803 ], [ -60.475351115174824, -31.769015002679019 ], [ -60.475357535960022, -31.769031987011171 ], [ -60.47535911818045, -31.769050075421841 ], [ -60.475359574782438, -31.769051906885281 ], [ -60.475379566444474, -31.769120402314094 ], [ -60.475380170239802, -31.769122202408155 ], [ -60.475405159613906, -31.769188039901028 ], [ -60.47540590771019, -31.769189800002565 ], [ -60.475435461129237, -31.769252507296844 ], [ -60.475436349942768, -31.769254218974233 ], [ -60.475468462993277, -31.769310726745907 ], [ -60.475465093638988, -31.769327697652738 ], [ -60.475464903607509, -31.7693288972362 ], [ -60.475456614579194, -31.769398832302347 ], [ -60.47545651916132, -31.769400040073823 ], [ -60.475453723602953, -31.76947064373238 ], [ -60.47545372322849, -31.769471854251599 ], [ -60.475456475176486, -31.769542460536638 ], [ -60.475456569847104, -31.76954366835103 ], [ -60.475464816107973, -31.769613611253526 ], [ -60.475465005397275, -31.769614810922622 ], [ -60.475478589063705, -31.769683449649435 ], [ -60.475478872119041, -31.769684635769501 ], [ -60.475485563858271, -31.769700853455436 ], [ -60.475487590891447, -31.769718279982559 ], [ -60.47564788798222, -31.770291057747031 ], [ -60.475649612937907, -31.770294819345686 ], [ -60.475650128412205, -31.770298925363569 ], [ -60.475718089823737, -31.770533529356651 ], [ -60.475730720141662, -31.770560424294686 ], [ -60.475736343928553, -31.770589600237575 ], [ -60.475817394800131, -31.770813376341707 ], [ -60.475896487694385, -31.771186037264847 ], [ -60.475988431938269, -31.771656756964788 ], [ -60.47607912607166, -31.772138200795151 ], [ -60.476084322179268, -31.772152738278553 ], [ -60.476085295535569, -31.772168145761661 ], [ -60.476357363989173, -31.773383833473009 ], [ -60.476357539133282, -31.773384791194694 ], [ -60.472378076761068, -31.77400832395902 ], [ -60.471932912549754, -31.771925422469206 ], [ -60.471943850172032, -31.771921282782777 ], [ -60.472194131767047, -31.771880984078049 ], [ -60.472227512431708, -31.771890096473022 ], [ -60.472508774617737, -31.771876679084599 ], [ -60.472721931535247, -31.771796001212994 ], [ -60.472868468399803, -31.771772406805916 ], [ -60.47290184836644, -31.771781518762083 ], [ -60.473183110459594, -31.771768099426868 ], [ -60.473396248066855, -31.771687427177415 ], [ -60.473445279565006, -31.771679532446417 ], [ -60.473477528223739, -31.771688335377029 ], [ -60.473758790237589, -31.77167491437989 ], [ -60.47402213899246, -31.771575235510952 ], [ -60.474241796077351, -31.771399056032411 ], [ -60.474262498261837, -31.771367501680441 ], [ -60.474422231340107, -31.771146458500688 ], [ -60.474508558147754, -31.770878435878725 ], [ -60.474507836275642, -31.770596854766961 ], [ -60.474420136385632, -31.770329278286503 ], [ -60.474389965488548, -31.770287974698082 ], [ -60.474339109597814, -31.770043087885167 ], [ -60.474343790904555, -31.770028553612715 ], [ -60.474343068951498, -31.76974697250116 ], [ -60.474255368984565, -31.769479396045913 ], [ -60.474089275687575, -31.769252016494729 ], [ -60.473861047429672, -31.769087091342325 ], [ -60.473593024782893, -31.769000764611722 ], [ -60.473311443671335, -31.769001486564783 ], [ -60.470891729008812, -31.769391093900119 ], [ -60.47088241349703, -31.769388550772948 ], [ -60.470601151124207, -31.769401964245084 ], [ -60.470337799702584, -31.769501636068249 ], [ -60.470118137904194, -31.769677809669933 ], [ -60.469963667756339, -31.76991323995053 ], [ -60.46988950987334, -31.770184881353838 ], [ -60.469902923345479, -31.770466143726662 ], [ -60.469997145102155, -31.770919911551072 ], [ -60.469996868877821, -31.770920686745242 ], [ -60.469996683117458, -31.770921279506869 ], [ -60.46997828638996, -31.770989176717695 ], [ -60.469978148244756, -31.770989778898976 ], [ -60.469965013738751, -31.771059559936717 ], [ -60.469964923848323, -31.771060168749631 ], [ -60.469957301601454, -31.771131209029292 ], [ -60.469957260381975, -31.771131821655104 ], [ -60.469955299901343, -31.771203448480549 ], [ -60.46995530754365, -31.771204062082827 ], [ -60.469959047817838, -31.771275579737253 ], [ -60.469959104286559, -31.771276191475081 ], [ -60.469968471124758, -31.771346908520016 ], [ -60.469968576158458, -31.771347515561114 ], [ -60.469975318133507, -31.771382373295477 ], [ -60.470594492396813, -31.774276271134582 ], [ -60.466605068064105, -31.774858088477643 ], [ -60.466162000248815, -31.772701255229599 ], [ -60.466121821515159, -31.772594409581924 ], [ -60.466088113391564, -31.772485349573394 ], [ -60.46607245563272, -31.772463132928753 ], [ -60.466062888851432, -31.772437692382233 ], [ -60.465991659484061, -31.772348492044273 ], [ -60.46592589975743, -31.772255186195547 ], [ -60.46590414302311, -31.772238895424476 ], [ -60.465887182912198, -31.772217656324919 ], [ -60.465791875337864, -31.77215483284726 ], [ -60.465700501028415, -31.772086414584898 ], [ -60.465674775019338, -31.772077644341557 ], [ -60.465652081752644, -31.77206268572003 ], [ -60.465542025340845, -31.772032388702403 ], [ -60.465433980802565, -31.771995555282601 ], [ -60.465406803759748, -31.771995164059526 ], [ -60.465380598712322, -31.771987950170114 ], [ -60.465266566551371, -31.771993145295664 ], [ -60.465152427936538, -31.771991502230222 ], [ -60.465070493898459, -31.772003273000383 ], [ -60.464801468748476, -31.772086422938919 ], [ -60.464571305370626, -31.772248636573057 ], [ -60.46440253375998, -31.772474035302071 ], [ -60.464311674457683, -31.772740555527921 ], [ -60.464309678631444, -31.772879199331161 ], [ -60.464249248318957, -31.772872847676389 ], [ -60.463973819359225, -31.77293139109398 ], [ -60.463729961763242, -31.773072181422069 ], [ -60.463541546011562, -31.773281437122396 ], [ -60.462858208853703, -31.774333677547805 ], [ -60.462843277726272, -31.77436721315355 ], [ -60.46282100344434, -31.774396392457589 ], [ -60.462210360571106, -31.775527799107437 ], [ -60.461077407454944, -31.775701854966748 ], [ -60.4608070249379, -31.774435502988084 ], [ -60.460806446839079, -31.774434001097433 ], [ -60.460806355466779, -31.774432394385006 ], [ -60.460247472922823, -31.771859388769276 ], [ -60.460212367977974, -31.771769139188621 ], [ -60.460186337636294, -31.771675866656345 ], [ -60.46016160163321, -31.771638626483202 ], [ -60.460145394648748, -31.771596960741881 ], [ -60.460084119208013, -31.771521976314631 ], [ -60.460054155370173, -31.771476865610797 ], [ -60.459568521523344, -31.769309566410342 ], [ -60.460478741716571, -31.769171080976204 ], [ -60.460491455051034, -31.769167035629479 ], [ -60.460504792871497, -31.769166725389251 ], [ -60.460505494845641, -31.769166597407928 ], [ -60.460557458686267, -31.769155529515213 ], [ -60.460558148857281, -31.769155361074546 ], [ -60.460609874226684, -31.769141090685959 ], [ -60.460610549403498, -31.769140882564766 ], [ -60.460661943927505, -31.769123325583244 ], [ -60.460662600988357, -31.769123078743775 ], [ -60.460665464800528, -31.769121901670598 ], [ -60.461970505412367, -31.768933209251117 ], [ -60.461972472330771, -31.768932599363577 ], [ -60.461974531551483, -31.768932617826728 ], [ -60.464043213259586, -31.768623957135826 ], [ -60.464043376988769, -31.768623905555266 ], [ -60.464043548644305, -31.768623907029664 ], [ -60.464971060691781, -31.768485158959724 ], [ -60.465239598601151, -31.768400448660277 ], [ -60.465468816407608, -31.768236901600357 ], [ -60.465636276675184, -31.768010526905698 ], [ -60.465725587226146, -31.767743483708649 ], [ -60.465728005721488, -31.767461912057943 ], [ -60.465643295422041, -31.767193374148569 ], [ -60.465479748362121, -31.766964156342119 ], [ -60.465253373667458, -31.766796696074536 ], [ -60.46498633047041, -31.766707385523578 ], [ -60.464704758819707, -31.766704967028236 ], [ -60.463777414462299, -31.76684369001314 ], [ -60.461710912849732, -31.767152025419687 ], [ -60.460225806252438, -31.767366753110522 ], [ -60.46021300876815, -31.767370721259979 ], [ -60.460199611905317, -31.767370935456618 ], [ -60.460199258368526, -31.7673709972604 ], [ -60.460146985332059, -31.767381741574518 ], [ -60.460146637564776, -31.767381823872121 ], [ -60.460094595792327, -31.767395796990005 ], [ -60.460094255420181, -31.767395899396767 ], [ -60.460042536680625, -31.767413185024058 ], [ -60.460042205294712, -31.767413307061236 ], [ -60.460028377428905, -31.767418887543695 ], [ -60.459368561147521, -31.767519275279387 ], [ -60.459318372640723, -31.767518159655648 ], [ -60.459318016907091, -31.767518161996307 ], [ -60.459266193450937, -31.767519996926836 ], [ -60.459265838709868, -31.767520019734473 ], [ -60.459214066465542, -31.767524853540763 ], [ -60.459213714328612, -31.767524896711716 ], [ -60.459204776733003, -31.76752745773943 ], [ -60.459182386091882, -31.767522447646961 ], [ -60.459067835363577, -31.766950046075902 ], [ -60.459064206288843, -31.766940244198214 ], [ -60.459063543901472, -31.766929813079742 ], [ -60.459040331593023, -31.766826251351922 ], [ -60.459040347035554, -31.766824685925812 ], [ -60.459039067499177, -31.766820611596483 ], [ -60.4589971192609, -31.766633459506732 ], [ -60.459335526214005, -31.766583294825065 ], [ -60.459335531419988, -31.766583293190415 ], [ -60.459335536876281, -31.766583293244445 ], [ -60.460984507590986, -31.766338833370831 ], [ -60.460984512743103, -31.766338831753028 ], [ -60.460984518143, -31.766338831806433 ], [ -60.461531364167946, -31.766257755270775 ], [ -60.461553445603748, -31.766316176950614 ], [ -60.461729521539517, -31.766535917043555 ], [ -60.461964883128651, -31.766690491834385 ], [ -60.46223649153896, -31.766764770465592 ], [ -60.462517759846818, -31.766751482027225 ], [ -60.462781155550559, -31.766651927284215 ], [ -60.463000895643496, -31.766475851348446 ], [ -60.463155470434323, -31.766240489759308 ], [ -60.463226210774785, -31.765981819518569 ], [ -60.463769886772113, -31.765889091365374 ], [ -60.463782981604631, -31.765884664331999 ], [ -60.463796792186919, -31.765884080311626 ], [ -60.463916067072965, -31.765839671483945 ], [ -60.464036637083076, -31.765798909797397 ], [ -60.464047722980325, -31.765790652912674 ], [ -60.464060677152382, -31.765785829771662 ], [ -60.464160391227544, -31.765706736499922 ], [ -60.46426246406746, -31.765630711650186 ], [ -60.464270455864572, -31.765619433155521 ], [ -60.464281285581791, -31.765610843016514 ], [ -60.464351678137625, -31.76550480750123 ], [ -60.464425262206603, -31.765400961330286 ], [ -60.464429377610806, -31.765387765243307 ], [ -60.464437022784992, -31.765376248968973 ], [ -60.464471203307681, -31.765253650705198 ], [ -60.464509095684363, -31.765132148399776 ], [ -60.464508931851213, -31.765118326445435 ], [ -60.464512644119459, -31.765105011328934 ], [ -60.464507266781304, -31.764977851088823 ], [ -60.464505758295829, -31.764850586141225 ], [ -60.464501331262461, -31.764837491308718 ], [ -60.464500747242084, -31.764823680726419 ], [ -60.464405233983598, -31.764350902365052 ], [ -60.464405665531359, -31.76435105020391 ], [ -60.464458362218096, -31.764367316790267 ], [ -60.464459060220186, -31.764367509036649 ], [ -60.464512051160057, -31.764380390277626 ], [ -60.464512763101581, -31.76438054065175 ], [ -60.464565960271074, -31.7643901178396 ], [ -60.464566682715393, -31.764390225615561 ], [ -60.464620015021083, -31.764396561632942 ], [ -60.464620744480847, -31.76439662629048 ], [ -60.464674152840367, -31.764399763877858 ], [ -60.464674885794302, -31.764399785104882 ], [ -60.464728318342154, -31.764399745763221 ], [ -60.46472905125222, -31.764399723457252 ], [ -60.464782458383745, -31.764396506914665 ], [ -60.464783187712015, -31.764396441183383 ], [ -60.464796326192292, -31.764393128854802 ], [ -60.464809866304975, -31.76439363534498 ], [ -60.464972362018173, -31.764374092754331 ], [ -60.464980479910309, -31.764371786781538 ], [ -60.46498891746969, -31.764371945763628 ], [ -60.465922932287555, -31.76424199903477 ], [ -60.465922935604397, -31.764241998025735 ], [ -60.465922939070715, -31.764241998091023 ], [ -60.466868280695735, -31.764110468164098 ], [ -60.466881383069882, -31.764106482115867 ], [ -60.466895077479506, -31.764106327412218 ], [ -60.467886921068583, -31.763937728450443 ], [ -60.468153721496279, -31.763847695259972 ], [ -60.468379641995668, -31.763679622741233 ], [ -60.468417196189002, -31.763626686490618 ] ], [ [ -60.471815884590825, -31.759087392514807 ], [ -60.471567450743485, -31.757960342192067 ], [ -60.471560862192106, -31.757943556779342 ], [ -60.471559069576386, -31.75792561393623 ], [ -60.471558751534445, -31.757924402090691 ], [ -60.471538083078592, -31.757856634160429 ], [ -60.471537668187764, -31.757855443887745 ], [ -60.47151211482948, -31.757790381436127 ], [ -60.471511605056833, -31.757789218379617 ], [ -60.47148160063292, -31.757727312257362 ], [ -60.471480998395407, -31.7577261819313 ], [ -60.471447011410788, -31.757667786173521 ], [ -60.471446319563739, -31.757666693937054 ], [ -60.47140883106951, -31.757612067126516 ], [ -60.471408052893118, -31.757611018158116 ], [ -60.471367537095993, -31.757560329942176 ], [ -60.471366676279736, -31.757559329215237 ], [ -60.471323585133469, -31.757512670866301 ], [ -60.471322645758676, -31.757511723125475 ], [ -60.471277397633941, -31.757469120158181 ], [ -60.471276384154379, -31.757468229896894 ], [ -60.471229356659386, -31.757429655643723 ], [ -60.471228273880165, -31.757428827082869 ], [ -60.471179800208752, -31.75739421595534 ], [ -60.47117865326355, -31.757393453023315 ], [ -60.471129021520419, -31.757362712807268 ], [ -60.471127815847119, -31.757362019121295 ], [ -60.471077270590598, -31.75733504179885 ], [ -60.471076011905566, -31.757334420647805 ], [ -60.47102475713875, -31.757311091516591 ], [ -60.471023451409657, -31.757310545845492 ], [ -60.470971654791583, -31.757290751106162 ], [ -60.470970308209154, -31.757290283502137 ], [ -60.470918105660161, -31.757273916214121 ], [ -60.47091672460882, -31.757273528894189 ], [ -60.470864225291898, -31.757260493634803 ], [ -60.470862816319482, -31.757260188435321 ], [ -60.470810107613651, -31.757250404783267 ], [ -60.470808677400392, -31.757250183151243 ], [ -60.470755829811836, -31.75724358822438 ], [ -60.470754385138662, -31.757243451210627 ], [ -60.470701457155954, -31.757240001428393 ], [ -60.470700004872349, -31.757239949682504 ], [ -60.470666923437101, -31.757239744902023 ], [ -60.470619047670297, -31.757008783394578 ], [ -60.471577257372239, -31.756859184150525 ], [ -60.471580479945814, -31.756858144927445 ], [ -60.471583865895276, -31.756858127218923 ], [ -60.472416666716867, -31.756721756013491 ], [ -60.472679374687047, -31.756684498983489 ], [ -60.472723625523003, -31.756882437235149 ], [ -60.472757343700636, -31.757037539569723 ], [ -60.472757343776472, -31.757037539764585 ], [ -60.472757343788381, -31.757037539973336 ], [ -60.472765400855295, -31.757074602092736 ], [ -60.472781808055949, -31.757116760683395 ], [ -60.472788880482796, -31.757161443160467 ], [ -60.472832595535721, -31.757247260005929 ], [ -60.472855389339486, -31.757305829085606 ], [ -60.473015144346469, -31.758040684264383 ], [ -60.473015671943749, -31.758042039923364 ], [ -60.473015759434816, -31.758043491996219 ], [ -60.473198864875542, -31.758872985974214 ], [ -60.473073432728512, -31.758891849466224 ], [ -60.473071261796377, -31.758892536146394 ], [ -60.47306898486093, -31.758892529746646 ], [ -60.471815884590825, -31.759087392514807 ] ], [ [ -60.47654181327767, -31.775770985539886 ], [ -60.476489767857153, -31.775757967421018 ], [ -60.476488371183535, -31.775757661995325 ], [ -60.476436118080812, -31.77574784280355 ], [ -60.476434700263944, -31.775747619510284 ], [ -60.476382308600208, -31.775740937145986 ], [ -60.476380876250616, -31.775740797026184 ], [ -60.476328403175309, -31.775737208012131 ], [ -60.476326962971243, -31.775737151719163 ], [ -60.476274458437253, -31.775736632318882 ], [ -60.476273017093639, -31.775736660115165 ], [ -60.476220528009847, -31.775739206867954 ], [ -60.476219092246836, -31.775739318623909 ], [ -60.476166667018106, -31.775744948434983 ], [ -60.476165243529934, -31.775745143629557 ], [ -60.476152445019814, -31.775749009662729 ], [ -60.476139075844827, -31.775749124713176 ], [ -60.475200736180071, -31.775906032003864 ], [ -60.475154892394357, -31.775894522062142 ], [ -60.474873964476259, -31.77591370404425 ], [ -60.474612713707607, -31.776018758694217 ], [ -60.474396713133871, -31.776199402530942 ], [ -60.47424710639617, -31.776437952877064 ], [ -60.474178538044363, -31.776711058762636 ], [ -60.474197720026474, -31.776991986680727 ], [ -60.474204506222293, -31.777021602186849 ], [ -60.474137642036709, -31.77697757809792 ], [ -60.473866119684381, -31.776902985499177 ], [ -60.473584836201212, -31.776915948743298 ], [ -60.473321325574354, -31.777015198897629 ], [ -60.473176038130035, -31.777131340968861 ], [ -60.473071847387324, -31.776625455960158 ], [ -60.472972601427522, -31.776361943753489 ], [ -60.472796783160646, -31.776141997440412 ], [ -60.47256160290366, -31.775987146898515 ], [ -60.472398191889042, -31.775942251840284 ], [ -60.476473030768297, -31.775316412636094 ], [ -60.4765286085727, -31.775508111032103 ], [ -60.476686751457223, -31.775741090154938 ], [ -60.476701860669472, -31.775752823541723 ], [ -60.476707937673268, -31.775809895134692 ], [ -60.476716090755978, -31.775840158054905 ], [ -60.476700984393233, -31.775832101773656 ], [ -60.476699735974478, -31.775831485778003 ], [ -60.476648916425752, -31.775808342132137 ], [ -60.476647621707961, -31.77580780035024 ], [ -60.476596269463407, -31.77578813279364 ], [ -60.476594934483131, -31.775787667751541 ], [ -60.476543182296098, -31.775771371673958 ], [ -60.47654181327767, -31.775770985539886 ] ], [ [ -60.476258784531559, -31.778243308326687 ], [ -60.476608775245651, -31.778184783510316 ], [ -60.476608779957964, -31.778184781934232 ], [ -60.476608784926682, -31.778184781891419 ], [ -60.477201265090116, -31.778085701784089 ], [ -60.477239565903702, -31.778258059730774 ], [ -60.476290670290446, -31.778398099729383 ], [ -60.476258784531559, -31.778243308326687 ] ], [ [ -60.471629173330001, -31.763258283827721 ], [ -60.471806524241067, -31.763476996191219 ], [ -60.472042780817901, -31.763630199564229 ], [ -60.472314816620681, -31.763702897333172 ], [ -60.472596002889631, -31.763687973333909 ], [ -60.472858815153621, -31.763586888431472 ], [ -60.473077527517113, -31.763409537520406 ], [ -60.473230730890123, -31.763173280943565 ], [ -60.473303428659072, -31.762901245140789 ], [ -60.473288504659806, -31.762620058871835 ], [ -60.472891002984902, -31.760756061154275 ], [ -60.473589827027965, -31.760652347620134 ], [ -60.473945177931697, -31.762279373767218 ], [ -60.474231673032669, -31.763670961542001 ], [ -60.471024195509067, -31.764183276188383 ], [ -60.470215311998764, -31.763435599387869 ], [ -60.469764636362591, -31.761228004396504 ], [ -60.470887349489686, -31.761053417419696 ], [ -60.471106990693784, -31.761020825256086 ], [ -60.471528088427561, -31.762995471563737 ], [ -60.471629173330001, -31.763258283827721 ] ], [ [ -60.454698417580524, -31.773655111244501 ], [ -60.455201622178699, -31.773552979918055 ], [ -60.455620989039595, -31.773484161955629 ], [ -60.455623506716236, -31.773485586242515 ], [ -60.455623506774224, -31.77348558625431 ], [ -60.455623506825738, -31.773485586283453 ], [ -60.455761483384805, -31.773513651599906 ], [ -60.455899438377003, -31.773541712548184 ], [ -60.4558994384358, -31.773541712541483 ], [ -60.455899438493795, -31.773541712553278 ], [ -60.456039324646376, -31.773525768295055 ], [ -60.456179208963313, -31.773509824264465 ], [ -60.456179209017165, -31.77350982423992 ], [ -60.456179209075962, -31.773509824233219 ], [ -60.456307315482292, -31.773451435962592 ], [ -60.456435432580896, -31.773393042838745 ], [ -60.456435432624531, -31.773393042798759 ], [ -60.456435432678376, -31.773393042774217 ], [ -60.456539232715478, -31.773297919149215 ], [ -60.456643028276851, -31.773202799650633 ], [ -60.45664302830599, -31.77320279959913 ], [ -60.456643028349625, -31.77320279955914 ], [ -60.456712355786586, -31.773080251129191 ], [ -60.45678167513806, -31.772957717028891 ], [ -60.456781675149855, -31.772957716970897 ], [ -60.456781675178995, -31.77295771691939 ], [ -60.456809737824351, -31.772819753492161 ], [ -60.456837801443726, -31.772681785368125 ], [ -60.456837801437025, -31.772681785309327 ], [ -60.45683780144882, -31.772681785251333 ], [ -60.456821855476285, -31.772541884058334 ], [ -60.456805913160004, -31.772402014781818 ], [ -60.456805913128761, -31.77240201466919 ], [ -60.456805913128761, -31.772402014669165 ], [ -60.456805904785909, -31.772401984590964 ], [ -60.456773395247666, -31.772284778980382 ], [ -60.456734916989184, -31.772200355977962 ], [ -60.456705755836992, -31.77211227960818 ], [ -60.456676852655171, -31.772072960258797 ], [ -60.456656613821949, -31.772028555362795 ], [ -60.456593930680995, -31.771960154751977 ], [ -60.456538979682136, -31.771885400438194 ], [ -60.456499340775558, -31.771856937089122 ], [ -60.456466370633841, -31.771820959666837 ], [ -60.456385618473021, -31.771775276976022 ], [ -60.456310256614103, -31.771721162191277 ], [ -60.456263762115107, -31.771706341033433 ], [ -60.456221288012095, -31.771682312805634 ], [ -60.456130371415561, -31.771663819774886 ], [ -60.456041975640396, -31.771635641651347 ], [ -60.45599317675449, -31.771635913482935 ], [ -60.455945356351329, -31.771626186499965 ], [ -60.455853174868984, -31.771636693355962 ], [ -60.45576039797195, -31.771637210164712 ], [ -60.454893446288089, -31.771779476647755 ], [ -60.454860171009813, -31.771785581454616 ], [ -60.454356971594279, -31.771887711729182 ], [ -60.454266873704185, -31.771902495676034 ], [ -60.454104727949982, -31.771150946444507 ], [ -60.457979678595272, -31.770553466912219 ], [ -60.45831261901494, -31.772053211189004 ], [ -60.458347389307228, -31.772141405904698 ], [ -60.458372872515767, -31.772232717936653 ], [ -60.458379005934752, -31.772241951828811 ], [ -60.458654200057957, -31.773647705583684 ], [ -60.45477540021588, -31.774259527538828 ], [ -60.45464695902136, -31.773664199702406 ], [ -60.454665131868779, -31.773661217763426 ], [ -60.454698417580524, -31.773655111244501 ] ], [ [ -60.464822614888774, -31.77512647784928 ], [ -60.464452707625064, -31.775183306791039 ], [ -60.464742591464429, -31.774736927590158 ], [ -60.464822614888774, -31.77512647784928 ] ], [ [ -60.452326195067847, -31.762059891750752 ], [ -60.451670773122224, -31.758875779897995 ], [ -60.452713964470448, -31.758711228057805 ], [ -60.45334032297442, -31.761700267908139 ], [ -60.453346727430528, -31.761717096625251 ], [ -60.45334833007594, -31.761735031348596 ], [ -60.453348634280907, -31.76173624186854 ], [ -60.453368560086268, -31.761804123786032 ], [ -60.453368960773673, -31.761805313623313 ], [ -60.453393795919602, -31.76187057397631 ], [ -60.45339429120142, -31.761871737524412 ], [ -60.453405108544615, -31.761894677165191 ], [ -60.452326195067847, -31.762059891750752 ] ], [ [ -60.451363301468277, -31.755684844556338 ], [ -60.451262399923444, -31.75583173136209 ], [ -60.45096850529665, -31.755775596584936 ], [ -60.450847027968976, -31.755150435217935 ], [ -60.451236921605989, -31.755088985124139 ], [ -60.451363301468277, -31.755684844556338 ] ], [ [ -60.476653499218777, -31.727912320940529 ], [ -60.476705096013859, -31.727929525231144 ], [ -60.476705774773549, -31.727929728982055 ], [ -60.476757693864393, -31.727943638329315 ], [ -60.476758387290417, -31.727943802074879 ], [ -60.476810537589394, -31.727954499051013 ], [ -60.476811242458211, -31.72795462203003 ], [ -60.476863550571792, -31.727962173073184 ], [ -60.476864263606721, -31.727962254713937 ], [ -60.476916669033329, -31.727966708209649 ], [ -60.476917386919723, -31.727966748132662 ], [ -60.476969837886593, -31.727968133209465 ], [ -60.476970557287224, -31.727968131229115 ], [ -60.477023006009588, -31.727966457026177 ], [ -60.477023723580203, -31.727966413151687 ], [ -60.477076122150059, -31.727961668624108 ], [ -60.477076834554943, -31.727961583059432 ], [ -60.477103002419383, -31.727958049981456 ], [ -60.477394944356142, -31.727914263305991 ], [ -60.477400326611345, -31.727919509094029 ], [ -60.477232110354763, -31.727962824918137 ], [ -60.476536398191357, -31.72809379538424 ], [ -60.476480394736811, -31.727826517686186 ], [ -60.476499410484706, -31.727838740209357 ], [ -60.476499999925331, -31.72783909272135 ], [ -60.476549836179721, -31.727866792627829 ], [ -60.476550452354189, -31.727867109990772 ], [ -60.47660103715679, -31.72789120211505 ], [ -60.476601677200733, -31.727891482853611 ], [ -60.476652838280721, -31.727912078131432 ], [ -60.476653499218777, -31.727912320940529 ] ] ] ] } }
]
}
